address,name,namespace,type,source,primary,dynamic,external_entry
0x00000000,"MasterStackPointer","Global","Label","IMPORTED",true,false,false
0x00000004,"Reset","Global","Label","IMPORTED",true,false,true
0x00000008,"NMI","Global","Label","IMPORTED",true,false,true
0x0000000c,"HardFault","Global","Label","IMPORTED",true,false,true
0x00000010,"MemManage","Global","Label","IMPORTED",true,false,true
0x00000011,"DAT_00000011","Global","Label","DEFAULT",true,true,false
0x00000014,"BusFault","Global","Label","IMPORTED",true,false,true
0x00000018,"UsageFault","Global","Label","IMPORTED",true,false,true
0x0000001c,"Reserved1","Global","Label","IMPORTED",true,false,true
0x00000020,"Reserved2","Global","Label","IMPORTED",true,false,true
0x00000024,"Reserved3","Global","Label","IMPORTED",true,false,true
0x00000028,"Reserved4","Global","Label","IMPORTED",true,false,true
0x0000002c,"SVCall","Global","Label","IMPORTED",true,false,true
0x00000030,"Reserved5","Global","Label","IMPORTED",true,false,true
0x00000034,"Reserved6","Global","Label","IMPORTED",true,false,true
0x00000038,"PendSV","Global","Label","IMPORTED",true,false,true
0x0000003c,"SysTick","Global","Label","IMPORTED",true,false,true
0x00000040,"IRQ","Global","Label","IMPORTED",true,false,true
0x00000ff8,"DAT_00000ff8","Global","Label","DEFAULT",true,true,false
0x00000ffc,"DAT_00000ffc","Global","Label","DEFAULT",true,true,false
0x00001000,"DAT_00001000","Global","Label","DEFAULT",true,true,false
0x00001004,"DAT_00001004","Global","Label","DEFAULT",true,true,false
0x00003000,"DAT_00003000","Global","Label","DEFAULT",true,true,false
0x00003004,"DAT_00003004","Global","Label","DEFAULT",true,true,false
0x00003008,"DAT_00003008","Global","Label","DEFAULT",true,true,false
0x0000300c,"DAT_0000300c","Global","Label","DEFAULT",true,true,false
0x00003014,"DAT_00003014","Global","Label","DEFAULT",true,true,false
0x000f8000,"DAT_000f8000","Global","Label","DEFAULT",true,true,false
0x000f8200,"LAB_000f8200","Global","Label","DEFAULT",true,true,false
0x000f8208,"thunk_FUN_000fadc8","Global","Function","DEFAULT",true,false,false
0x000f820c,"DAT_000f820c","Global","Label","DEFAULT",true,true,false
0x000f8214,"DAT_000f8214","Global","Label","DEFAULT",true,true,false
0x000f8218,"FUN_000f8218","Global","Function","DEFAULT",true,false,false
0x000f821a,"LAB_000f821a","Global","Label","DEFAULT",true,true,false
0x000f824a,"LAB_000f824a","Global","Label","DEFAULT",true,true,false
0x000f8250,"FUN_000f8250","Global","Function","DEFAULT",true,false,false
0x000f8262,"FUN_000f8262","Global","Function","DEFAULT",true,false,false
0x000f8264,"LAB_000f8264","Global","Label","DEFAULT",true,true,false
0x000f8296,"LAB_000f8296","Global","Label","DEFAULT",true,true,false
0x000f829c,"FUN_000f829c","Global","Function","DEFAULT",true,false,false
0x000f82ae,"FUN_000f82ae","Global","Function","DEFAULT",true,false,false
0x000f82b0,"LAB_000f82b0","Global","Label","DEFAULT",true,true,false
0x000f82d6,"LAB_000f82d6","Global","Label","DEFAULT",true,true,false
0x000f82e0,"FUN_000f82e0","Global","Function","DEFAULT",true,false,false
0x000f82e4,"LAB_000f82e4","Global","Label","DEFAULT",true,true,false
0x000f82f8,"FUN_000f82f8","Global","Function","DEFAULT",true,false,false
0x000f82fc,"LAB_000f82fc","Global","Label","DEFAULT",true,true,false
0x000f8312,"FUN_000f8312","Global","Function","DEFAULT",true,false,false
0x000f8316,"LAB_000f8316","Global","Label","DEFAULT",true,true,false
0x000f832c,"FUN_000f832c","Global","Function","DEFAULT",true,false,false
0x000f8330,"LAB_000f8330","Global","Label","DEFAULT",true,true,false
0x000f8346,"FUN_000f8346","Global","Function","DEFAULT",true,false,false
0x000f834a,"LAB_000f834a","Global","Label","DEFAULT",true,true,false
0x000f8360,"FUN_000f8360","Global","Function","DEFAULT",true,false,false
0x000f8364,"LAB_000f8364","Global","Label","DEFAULT",true,true,false
0x000f837a,"FUN_000f837a","Global","Function","DEFAULT",true,false,false
0x000f8382,"LAB_000f8382","Global","Label","DEFAULT",true,true,false
0x000f83a4,"FUN_000f83a4","Global","Function","DEFAULT",true,false,false
0x000f83a8,"LAB_000f83a8","Global","Label","DEFAULT",true,true,false
0x000f83c4,"hardfault_exception_entry","Global","Function","USER_DEFINED",true,false,true
0x000f83c5,"hardfault_exception_entry+1","Global","Label","DEFAULT",true,true,false
0x000f83d8,"reset_handler","Global","Function","USER_DEFINED",true,false,true
0x000f83d9,"reset_handler+1","Global","Label","DEFAULT",true,true,false
0x000f83e0,"FUN_000f83e0","Global","Function","DEFAULT",true,false,true
0x000f83e1,"FUN_000f83e0+1","Global","Label","DEFAULT",true,true,false
0x000f83e2,"FUN_000f83e2","Global","Function","DEFAULT",true,false,true
0x000f83e3,"FUN_000f83e2+1","Global","Label","DEFAULT",true,true,false
0x000f83e4,"FUN_000f83e4","Global","Function","DEFAULT",true,false,true
0x000f83e5,"FUN_000f83e4+1","Global","Label","DEFAULT",true,true,false
0x000f83e6,"FUN_000f83e6","Global","Function","DEFAULT",true,false,true
0x000f83e7,"FUN_000f83e6+1","Global","Label","DEFAULT",true,true,false
0x000f83e8,"FUN_000f83e8","Global","Function","DEFAULT",true,false,true
0x000f83e9,"FUN_000f83e8+1","Global","Label","DEFAULT",true,true,false
0x000f83ec,"FUN_000f83ec","Global","Function","DEFAULT",true,false,true
0x000f83ed,"FUN_000f83ec+1","Global","Label","DEFAULT",true,true,false
0x000f83ee,"FUN_000f83ee","Global","Function","DEFAULT",true,false,true
0x000f83ef,"FUN_000f83ee+1","Global","Label","DEFAULT",true,true,false
0x000f83f0,"FUN_000f83f0","Global","Function","DEFAULT",true,false,true
0x000f83f1,"FUN_000f83f0+1","Global","Label","DEFAULT",true,true,false
0x000f83f2,"FUN_000f83f2","Global","Function","DEFAULT",true,false,true
0x000f83f3,"FUN_000f83f2+1","Global","Label","DEFAULT",true,true,false
0x000f83f4,"DAT_000f83f4","Global","Label","DEFAULT",true,true,false
0x000f83f8,"DAT_000f83f8","Global","Label","DEFAULT",true,true,false
0x000f83fc,"FUN_000f83fc","Global","Function","DEFAULT",true,false,false
0x000f840a,"LAB_000f840a","Global","Label","DEFAULT",true,true,false
0x000f841a,"FUN_000f841a","Global","Function","DEFAULT",true,false,false
0x000f842a,"LAB_000f842a","Global","Label","DEFAULT",true,true,false
0x000f8432,"LAB_000f8432","Global","Label","DEFAULT",true,true,false
0x000f8438,"LAB_000f8438","Global","Label","DEFAULT",true,true,false
0x000f8442,"LAB_000f8442","Global","Label","DEFAULT",true,true,false
0x000f8448,"LAB_000f8448","Global","Label","DEFAULT",true,true,false
0x000f844e,"LAB_000f844e","Global","Label","DEFAULT",true,true,false
0x000f8456,"LAB_000f8456","Global","Label","DEFAULT",true,true,false
0x000f845c,"FUN_000f845c","Global","Function","DEFAULT",true,false,false
0x000f8460,"LAB_000f8460","Global","Label","DEFAULT",true,true,false
0x000f8464,"LAB_000f8464","Global","Label","DEFAULT",true,true,false
0x000f846a,"FUN_000f846a","Global","Function","DEFAULT",true,false,false
0x000f846e,"FUN_000f846e","Global","Function","DEFAULT",true,false,false
0x000f8480,"FUN_000f8480","Global","Function","DEFAULT",true,false,false
0x000f8482,"LAB_000f8482","Global","Label","DEFAULT",true,true,false
0x000f848e,"FUN_000f848e","Global","Function","DEFAULT",true,false,false
0x000f8498,"LAB_000f8498","Global","Label","DEFAULT",true,true,false
0x000f849a,"LAB_000f849a","Global","Label","DEFAULT",true,true,false
0x000f84a6,"LAB_000f84a6","Global","Label","DEFAULT",true,true,false
0x000f84a8,"FUN_000f84a8","Global","Function","DEFAULT",true,false,false
0x000f84b2,"LAB_000f84b2","Global","Label","DEFAULT",true,true,false
0x000f84b4,"LAB_000f84b4","Global","Label","DEFAULT",true,true,false
0x000f84c4,"LAB_000f84c4","Global","Label","DEFAULT",true,true,false
0x000f84c8,"FUN_000f84c8","Global","Function","DEFAULT",true,false,false
0x000f84ce,"LAB_000f84ce","Global","Label","DEFAULT",true,true,false
0x000f84dc,"LAB_000f84dc","Global","Label","DEFAULT",true,true,false
0x000f84e4,"LAB_000f84e4","Global","Label","DEFAULT",true,true,false
0x000f84e8,"DAT_000f84e8","Global","Label","DEFAULT",true,true,false
0x000f84ec,"FUN_000f84ec","Global","Function","DEFAULT",true,false,true
0x000f84ed,"FUN_000f84ec+1","Global","Label","DEFAULT",true,true,false
0x000f8504,"DAT_000f8504","Global","Label","DEFAULT",true,true,false
0x000f8508,"DAT_000f8508","Global","Label","DEFAULT",true,true,false
0x000f850c,"DAT_000f850c","Global","Label","DEFAULT",true,true,false
0x000f8510,"FUN_000f8510","Global","Function","DEFAULT",true,false,false
0x000f8516,"LAB_000f8516","Global","Label","DEFAULT",true,true,false
0x000f851e,"LAB_000f851e","Global","Label","DEFAULT",true,true,false
0x000f852c,"FUN_000f852c","Global","Function","DEFAULT",true,false,false
0x000f8532,"LAB_000f8532","Global","Label","DEFAULT",true,true,false
0x000f8542,"LAB_000f8542","Global","Label","DEFAULT",true,true,false
0x000f8550,"LAB_000f8550","Global","Label","DEFAULT",true,true,false
0x000f855e,"LAB_000f855e","Global","Label","DEFAULT",true,true,false
0x000f856c,"LAB_000f856c","Global","Label","DEFAULT",true,true,false
0x000f857a,"LAB_000f857a","Global","Label","DEFAULT",true,true,false
0x000f8588,"LAB_000f8588","Global","Label","DEFAULT",true,true,false
0x000f8596,"LAB_000f8596","Global","Label","DEFAULT",true,true,false
0x000f85a4,"LAB_000f85a4","Global","Label","DEFAULT",true,true,false
0x000f85b2,"LAB_000f85b2","Global","Label","DEFAULT",true,true,false
0x000f85c0,"LAB_000f85c0","Global","Label","DEFAULT",true,true,false
0x000f85ce,"LAB_000f85ce","Global","Label","DEFAULT",true,true,false
0x000f85da,"LAB_000f85da","Global","Label","DEFAULT",true,true,false
0x000f85e8,"LAB_000f85e8","Global","Label","DEFAULT",true,true,false
0x000f8604,"DAT_000f8604","Global","Label","DEFAULT",true,true,false
0x000f8608,"DAT_000f8608","Global","Label","DEFAULT",true,true,false
0x000f860c,"DAT_000f860c","Global","Label","DEFAULT",true,true,false
0x000f8610,"DAT_000f8610","Global","Label","DEFAULT",true,true,false
0x000f8614,"DAT_000f8614","Global","Label","DEFAULT",true,true,false
0x000f8618,"DAT_000f8618","Global","Label","DEFAULT",true,true,false
0x000f861c,"DAT_000f861c","Global","Label","DEFAULT",true,true,false
0x000f8620,"DAT_000f8620","Global","Label","DEFAULT",true,true,false
0x000f8624,"DAT_000f8624","Global","Label","DEFAULT",true,true,false
0x000f8628,"DAT_000f8628","Global","Label","DEFAULT",true,true,false
0x000f862c,"DAT_000f862c","Global","Label","DEFAULT",true,true,false
0x000f8630,"DAT_000f8630","Global","Label","DEFAULT",true,true,false
0x000f8634,"DAT_000f8634","Global","Label","DEFAULT",true,true,false
0x000f8638,"DAT_000f8638","Global","Label","DEFAULT",true,true,false
0x000f863c,"DAT_000f863c","Global","Label","DEFAULT",true,true,false
0x000f8640,"FUN_000f8640","Global","Function","DEFAULT",true,false,false
0x000f8648,"LAB_000f8648","Global","Label","DEFAULT",true,true,false
0x000f8658,"LAB_000f8658","Global","Label","DEFAULT",true,true,false
0x000f866c,"LAB_000f866c","Global","Label","DEFAULT",true,true,false
0x000f8678,"LAB_000f8678","Global","Label","DEFAULT",true,true,false
0x000f868e,"LAB_000f868e","Global","Label","DEFAULT",true,true,false
0x000f869a,"LAB_000f869a","Global","Label","DEFAULT",true,true,false
0x000f86a8,"LAB_000f86a8","Global","Label","DEFAULT",true,true,false
0x000f86b6,"LAB_000f86b6","Global","Label","DEFAULT",true,true,false
0x000f86c4,"LAB_000f86c4","Global","Label","DEFAULT",true,true,false
0x000f86d2,"LAB_000f86d2","Global","Label","DEFAULT",true,true,false
0x000f86e0,"LAB_000f86e0","Global","Label","DEFAULT",true,true,false
0x000f86ee,"LAB_000f86ee","Global","Label","DEFAULT",true,true,false
0x000f86fc,"LAB_000f86fc","Global","Label","DEFAULT",true,true,false
0x000f870a,"LAB_000f870a","Global","Label","DEFAULT",true,true,false
0x000f8718,"LAB_000f8718","Global","Label","DEFAULT",true,true,false
0x000f8726,"LAB_000f8726","Global","Label","DEFAULT",true,true,false
0x000f8736,"LAB_000f8736","Global","Label","DEFAULT",true,true,false
0x000f8746,"LAB_000f8746","Global","Label","DEFAULT",true,true,false
0x000f8754,"LAB_000f8754","Global","Label","DEFAULT",true,true,false
0x000f8762,"LAB_000f8762","Global","Label","DEFAULT",true,true,false
0x000f8770,"LAB_000f8770","Global","Label","DEFAULT",true,true,false
0x000f8784,"DAT_000f8784","Global","Label","DEFAULT",true,true,false
0x000f8788,"DAT_000f8788","Global","Label","DEFAULT",true,true,false
0x000f878c,"DAT_000f878c","Global","Label","DEFAULT",true,true,false
0x000f8790,"DAT_000f8790","Global","Label","DEFAULT",true,true,false
0x000f8794,"DAT_000f8794","Global","Label","DEFAULT",true,true,false
0x000f8798,"DAT_000f8798","Global","Label","DEFAULT",true,true,false
0x000f879c,"DAT_000f879c","Global","Label","DEFAULT",true,true,false
0x000f87a0,"DAT_000f87a0","Global","Label","DEFAULT",true,true,false
0x000f87a4,"DAT_000f87a4","Global","Label","DEFAULT",true,true,false
0x000f87a8,"DAT_000f87a8","Global","Label","DEFAULT",true,true,false
0x000f87ac,"DAT_000f87ac","Global","Label","DEFAULT",true,true,false
0x000f87b0,"DAT_000f87b0","Global","Label","DEFAULT",true,true,false
0x000f87b4,"DAT_000f87b4","Global","Label","DEFAULT",true,true,false
0x000f87b8,"DAT_000f87b8","Global","Label","DEFAULT",true,true,false
0x000f87bc,"DAT_000f87bc","Global","Label","DEFAULT",true,true,false
0x000f87c0,"DAT_000f87c0","Global","Label","DEFAULT",true,true,false
0x000f87c4,"DAT_000f87c4","Global","Label","DEFAULT",true,true,false
0x000f87c8,"DAT_000f87c8","Global","Label","DEFAULT",true,true,false
0x000f87cc,"DAT_000f87cc","Global","Label","DEFAULT",true,true,false
0x000f87d0,"DAT_000f87d0","Global","Label","DEFAULT",true,true,false
0x000f87d4,"FUN_000f87d4","Global","Function","DEFAULT",true,false,false
0x000f87de,"LAB_000f87de","Global","Label","DEFAULT",true,true,false
0x000f882c,"LAB_000f882c","Global","Label","DEFAULT",true,true,false
0x000f8830,"LAB_000f8830","Global","Label","DEFAULT",true,true,false
0x000f883e,"LAB_000f883e","Global","Label","DEFAULT",true,true,false
0x000f8852,"LAB_000f8852","Global","Label","DEFAULT",true,true,false
0x000f8862,"LAB_000f8862","Global","Label","DEFAULT",true,true,false
0x000f8866,"LAB_000f8866","Global","Label","DEFAULT",true,true,false
0x000f8874,"LAB_000f8874","Global","Label","DEFAULT",true,true,false
0x000f8886,"LAB_000f8886","Global","Label","DEFAULT",true,true,false
0x000f888e,"LAB_000f888e","Global","Label","DEFAULT",true,true,false
0x000f8898,"LAB_000f8898","Global","Label","DEFAULT",true,true,false
0x000f88ac,"LAB_000f88ac","Global","Label","DEFAULT",true,true,false
0x000f88c4,"LAB_000f88c4","Global","Label","DEFAULT",true,true,false
0x000f88ca,"LAB_000f88ca","Global","Label","DEFAULT",true,true,false
0x000f88d4,"LAB_000f88d4","Global","Label","DEFAULT",true,true,false
0x000f88dc,"LAB_000f88dc","Global","Label","DEFAULT",true,true,false
0x000f88e4,"LAB_000f88e4","Global","Label","DEFAULT",true,true,false
0x000f88ea,"LAB_000f88ea","Global","Label","DEFAULT",true,true,false
0x000f88f0,"LAB_000f88f0","Global","Label","DEFAULT",true,true,false
0x000f88f6,"LAB_000f88f6","Global","Label","DEFAULT",true,true,false
0x000f88fc,"DAT_000f88fc","Global","Label","DEFAULT",true,true,false
0x000f8900,"DAT_000f8900","Global","Label","DEFAULT",true,true,false
0x000f8904,"DAT_000f8904","Global","Label","DEFAULT",true,true,false
0x000f8908,"DAT_000f8908","Global","Label","DEFAULT",true,true,false
0x000f890c,"DAT_000f890c","Global","Label","DEFAULT",true,true,false
0x000f8910,"DAT_000f8910","Global","Label","DEFAULT",true,true,false
0x000f8914,"FUN_000f8914","Global","Function","DEFAULT",true,false,false
0x000f891c,"LAB_000f891c","Global","Label","DEFAULT",true,true,false
0x000f8932,"LAB_000f8932","Global","Label","DEFAULT",true,true,false
0x000f8946,"LAB_000f8946","Global","Label","DEFAULT",true,true,false
0x000f8954,"LAB_000f8954","Global","Label","DEFAULT",true,true,false
0x000f8958,"LAB_000f8958","Global","Label","DEFAULT",true,true,false
0x000f8976,"LAB_000f8976","Global","Label","DEFAULT",true,true,false
0x000f898c,"LAB_000f898c","Global","Label","DEFAULT",true,true,false
0x000f899a,"LAB_000f899a","Global","Label","DEFAULT",true,true,false
0x000f899e,"LAB_000f899e","Global","Label","DEFAULT",true,true,false
0x000f89a2,"LAB_000f89a2","Global","Label","DEFAULT",true,true,false
0x000f89ac,"LAB_000f89ac","Global","Label","DEFAULT",true,true,false
0x000f89b2,"LAB_000f89b2","Global","Label","DEFAULT",true,true,false
0x000f89b8,"LAB_000f89b8","Global","Label","DEFAULT",true,true,false
0x000f89c0,"DAT_000f89c0","Global","Label","DEFAULT",true,true,false
0x000f89c4,"DAT_000f89c4","Global","Label","DEFAULT",true,true,false
0x000f89c8,"DAT_000f89c8","Global","Label","DEFAULT",true,true,false
0x000f89cc,"DAT_000f89cc","Global","Label","DEFAULT",true,true,false
0x000f89d0,"FUN_000f89d0","Global","Function","DEFAULT",true,false,false
0x000f89d8,"LAB_000f89d8","Global","Label","DEFAULT",true,true,false
0x000f89e8,"LAB_000f89e8","Global","Label","DEFAULT",true,true,false
0x000f89f6,"LAB_000f89f6","Global","Label","DEFAULT",true,true,false
0x000f8a04,"LAB_000f8a04","Global","Label","DEFAULT",true,true,false
0x000f8a12,"LAB_000f8a12","Global","Label","DEFAULT",true,true,false
0x000f8a20,"LAB_000f8a20","Global","Label","DEFAULT",true,true,false
0x000f8a2e,"LAB_000f8a2e","Global","Label","DEFAULT",true,true,false
0x000f8a3c,"LAB_000f8a3c","Global","Label","DEFAULT",true,true,false
0x000f8a4a,"LAB_000f8a4a","Global","Label","DEFAULT",true,true,false
0x000f8a58,"LAB_000f8a58","Global","Label","DEFAULT",true,true,false
0x000f8a66,"LAB_000f8a66","Global","Label","DEFAULT",true,true,false
0x000f8a74,"LAB_000f8a74","Global","Label","DEFAULT",true,true,false
0x000f8a82,"LAB_000f8a82","Global","Label","DEFAULT",true,true,false
0x000f8a90,"LAB_000f8a90","Global","Label","DEFAULT",true,true,false
0x000f8a9e,"LAB_000f8a9e","Global","Label","DEFAULT",true,true,false
0x000f8aac,"LAB_000f8aac","Global","Label","DEFAULT",true,true,false
0x000f8abe,"LAB_000f8abe","Global","Label","DEFAULT",true,true,false
0x000f8acc,"LAB_000f8acc","Global","Label","DEFAULT",true,true,false
0x000f8ad8,"LAB_000f8ad8","Global","Label","DEFAULT",true,true,false
0x000f8ae6,"LAB_000f8ae6","Global","Label","DEFAULT",true,true,false
0x000f8af8,"DAT_000f8af8","Global","Label","DEFAULT",true,true,false
0x000f8afc,"DAT_000f8afc","Global","Label","DEFAULT",true,true,false
0x000f8b00,"DAT_000f8b00","Global","Label","DEFAULT",true,true,false
0x000f8b04,"DAT_000f8b04","Global","Label","DEFAULT",true,true,false
0x000f8b08,"DAT_000f8b08","Global","Label","DEFAULT",true,true,false
0x000f8b0c,"DAT_000f8b0c","Global","Label","DEFAULT",true,true,false
0x000f8b10,"DAT_000f8b10","Global","Label","DEFAULT",true,true,false
0x000f8b14,"DAT_000f8b14","Global","Label","DEFAULT",true,true,false
0x000f8b18,"DAT_000f8b18","Global","Label","DEFAULT",true,true,false
0x000f8b1c,"DAT_000f8b1c","Global","Label","DEFAULT",true,true,false
0x000f8b20,"DAT_000f8b20","Global","Label","DEFAULT",true,true,false
0x000f8b24,"DAT_000f8b24","Global","Label","DEFAULT",true,true,false
0x000f8b28,"DAT_000f8b28","Global","Label","DEFAULT",true,true,false
0x000f8b2c,"DAT_000f8b2c","Global","Label","DEFAULT",true,true,false
0x000f8b30,"DAT_000f8b30","Global","Label","DEFAULT",true,true,false
0x000f8b34,"DAT_000f8b34","Global","Label","DEFAULT",true,true,false
0x000f8b38,"DAT_000f8b38","Global","Label","DEFAULT",true,true,false
0x000f8b3c,"DAT_000f8b3c","Global","Label","DEFAULT",true,true,false
0x000f8b40,"DAT_000f8b40","Global","Label","DEFAULT",true,true,false
0x000f8b44,"DAT_000f8b44","Global","Label","DEFAULT",true,true,false
0x000f8b48,"FUN_000f8b48","Global","Function","DEFAULT",true,false,false
0x000f8b50,"LAB_000f8b50","Global","Label","DEFAULT",true,true,false
0x000f8b60,"LAB_000f8b60","Global","Label","DEFAULT",true,true,false
0x000f8b6e,"LAB_000f8b6e","Global","Label","DEFAULT",true,true,false
0x000f8b7c,"LAB_000f8b7c","Global","Label","DEFAULT",true,true,false
0x000f8b8a,"LAB_000f8b8a","Global","Label","DEFAULT",true,true,false
0x000f8b98,"LAB_000f8b98","Global","Label","DEFAULT",true,true,false
0x000f8ba6,"LAB_000f8ba6","Global","Label","DEFAULT",true,true,false
0x000f8bb4,"LAB_000f8bb4","Global","Label","DEFAULT",true,true,false
0x000f8bc2,"LAB_000f8bc2","Global","Label","DEFAULT",true,true,false
0x000f8bd0,"LAB_000f8bd0","Global","Label","DEFAULT",true,true,false
0x000f8bde,"LAB_000f8bde","Global","Label","DEFAULT",true,true,false
0x000f8bec,"LAB_000f8bec","Global","Label","DEFAULT",true,true,false
0x000f8bfa,"LAB_000f8bfa","Global","Label","DEFAULT",true,true,false
0x000f8c08,"LAB_000f8c08","Global","Label","DEFAULT",true,true,false
0x000f8c16,"LAB_000f8c16","Global","Label","DEFAULT",true,true,false
0x000f8c24,"LAB_000f8c24","Global","Label","DEFAULT",true,true,false
0x000f8c36,"LAB_000f8c36","Global","Label","DEFAULT",true,true,false
0x000f8c44,"LAB_000f8c44","Global","Label","DEFAULT",true,true,false
0x000f8c50,"LAB_000f8c50","Global","Label","DEFAULT",true,true,false
0x000f8c5e,"LAB_000f8c5e","Global","Label","DEFAULT",true,true,false
0x000f8c6c,"LAB_000f8c6c","Global","Label","DEFAULT",true,true,false
0x000f8c7a,"LAB_000f8c7a","Global","Label","DEFAULT",true,true,false
0x000f8c88,"LAB_000f8c88","Global","Label","DEFAULT",true,true,false
0x000f8c9c,"DAT_000f8c9c","Global","Label","DEFAULT",true,true,false
0x000f8ca0,"DAT_000f8ca0","Global","Label","DEFAULT",true,true,false
0x000f8ca4,"DAT_000f8ca4","Global","Label","DEFAULT",true,true,false
0x000f8ca8,"DAT_000f8ca8","Global","Label","DEFAULT",true,true,false
0x000f8cac,"DAT_000f8cac","Global","Label","DEFAULT",true,true,false
0x000f8cb0,"DAT_000f8cb0","Global","Label","DEFAULT",true,true,false
0x000f8cb4,"DAT_000f8cb4","Global","Label","DEFAULT",true,true,false
0x000f8cb8,"DAT_000f8cb8","Global","Label","DEFAULT",true,true,false
0x000f8cbc,"DAT_000f8cbc","Global","Label","DEFAULT",true,true,false
0x000f8cc0,"DAT_000f8cc0","Global","Label","DEFAULT",true,true,false
0x000f8cc4,"DAT_000f8cc4","Global","Label","DEFAULT",true,true,false
0x000f8cc8,"DAT_000f8cc8","Global","Label","DEFAULT",true,true,false
0x000f8ccc,"DAT_000f8ccc","Global","Label","DEFAULT",true,true,false
0x000f8cd0,"DAT_000f8cd0","Global","Label","DEFAULT",true,true,false
0x000f8cd4,"DAT_000f8cd4","Global","Label","DEFAULT",true,true,false
0x000f8cd8,"DAT_000f8cd8","Global","Label","DEFAULT",true,true,false
0x000f8cdc,"DAT_000f8cdc","Global","Label","DEFAULT",true,true,false
0x000f8ce0,"DAT_000f8ce0","Global","Label","DEFAULT",true,true,false
0x000f8ce4,"DAT_000f8ce4","Global","Label","DEFAULT",true,true,false
0x000f8ce8,"DAT_000f8ce8","Global","Label","DEFAULT",true,true,false
0x000f8cec,"DAT_000f8cec","Global","Label","DEFAULT",true,true,false
0x000f8cf0,"DAT_000f8cf0","Global","Label","DEFAULT",true,true,false
0x000f8cf4,"FUN_000f8cf4","Global","Function","DEFAULT",true,false,false
0x000f8d04,"LAB_000f8d04","Global","Label","DEFAULT",true,true,false
0x000f8d14,"LAB_000f8d14","Global","Label","DEFAULT",true,true,false
0x000f8d26,"LAB_000f8d26","Global","Label","DEFAULT",true,true,false
0x000f8d38,"LAB_000f8d38","Global","Label","DEFAULT",true,true,false
0x000f8d46,"LAB_000f8d46","Global","Label","DEFAULT",true,true,false
0x000f8d62,"LAB_000f8d62","Global","Label","DEFAULT",true,true,false
0x000f8d70,"LAB_000f8d70","Global","Label","DEFAULT",true,true,false
0x000f8d80,"LAB_000f8d80","Global","Label","DEFAULT",true,true,false
0x000f8d8e,"LAB_000f8d8e","Global","Label","DEFAULT",true,true,false
0x000f8daa,"LAB_000f8daa","Global","Label","DEFAULT",true,true,false
0x000f8db8,"LAB_000f8db8","Global","Label","DEFAULT",true,true,false
0x000f8dc6,"LAB_000f8dc6","Global","Label","DEFAULT",true,true,false
0x000f8dd4,"LAB_000f8dd4","Global","Label","DEFAULT",true,true,false
0x000f8de2,"LAB_000f8de2","Global","Label","DEFAULT",true,true,false
0x000f8df0,"LAB_000f8df0","Global","Label","DEFAULT",true,true,false
0x000f8e02,"LAB_000f8e02","Global","Label","DEFAULT",true,true,false
0x000f8e12,"LAB_000f8e12","Global","Label","DEFAULT",true,true,false
0x000f8e20,"LAB_000f8e20","Global","Label","DEFAULT",true,true,false
0x000f8e32,"LAB_000f8e32","Global","Label","DEFAULT",true,true,false
0x000f8e40,"LAB_000f8e40","Global","Label","DEFAULT",true,true,false
0x000f8e4c,"LAB_000f8e4c","Global","Label","DEFAULT",true,true,false
0x000f8e5a,"LAB_000f8e5a","Global","Label","DEFAULT",true,true,false
0x000f8e68,"LAB_000f8e68","Global","Label","DEFAULT",true,true,false
0x000f8e76,"LAB_000f8e76","Global","Label","DEFAULT",true,true,false
0x000f8e84,"LAB_000f8e84","Global","Label","DEFAULT",true,true,false
0x000f8e92,"LAB_000f8e92","Global","Label","DEFAULT",true,true,false
0x000f8ea0,"LAB_000f8ea0","Global","Label","DEFAULT",true,true,false
0x000f8eb4,"LAB_000f8eb4","Global","Label","DEFAULT",true,true,false
0x000f8ec2,"LAB_000f8ec2","Global","Label","DEFAULT",true,true,false
0x000f8ed0,"LAB_000f8ed0","Global","Label","DEFAULT",true,true,false
0x000f8ede,"LAB_000f8ede","Global","Label","DEFAULT",true,true,false
0x000f8ef8,"LAB_000f8ef8","Global","Label","DEFAULT",true,true,false
0x000f8efe,"LAB_000f8efe","Global","Label","DEFAULT",true,true,false
0x000f8f02,"LAB_000f8f02","Global","Label","DEFAULT",true,true,false
0x000f8f08,"DAT_000f8f08","Global","Label","DEFAULT",true,true,false
0x000f8f0c,"DAT_000f8f0c","Global","Label","DEFAULT",true,true,false
0x000f8f10,"DAT_000f8f10","Global","Label","DEFAULT",true,true,false
0x000f8f14,"DAT_000f8f14","Global","Label","DEFAULT",true,true,false
0x000f8f18,"DAT_000f8f18","Global","Label","DEFAULT",true,true,false
0x000f8f1c,"DAT_000f8f1c","Global","Label","DEFAULT",true,true,false
0x000f8f20,"DAT_000f8f20","Global","Label","DEFAULT",true,true,false
0x000f8f24,"DAT_000f8f24","Global","Label","DEFAULT",true,true,false
0x000f8f28,"DAT_000f8f28","Global","Label","DEFAULT",true,true,false
0x000f8f2c,"DAT_000f8f2c","Global","Label","DEFAULT",true,true,false
0x000f8f30,"DAT_000f8f30","Global","Label","DEFAULT",true,true,false
0x000f8f34,"DAT_000f8f34","Global","Label","DEFAULT",true,true,false
0x000f8f38,"DAT_000f8f38","Global","Label","DEFAULT",true,true,false
0x000f8f3c,"DAT_000f8f3c","Global","Label","DEFAULT",true,true,false
0x000f8f40,"DAT_000f8f40","Global","Label","DEFAULT",true,true,false
0x000f8f44,"DAT_000f8f44","Global","Label","DEFAULT",true,true,false
0x000f8f48,"DAT_000f8f48","Global","Label","DEFAULT",true,true,false
0x000f8f4c,"DAT_000f8f4c","Global","Label","DEFAULT",true,true,false
0x000f8f50,"DAT_000f8f50","Global","Label","DEFAULT",true,true,false
0x000f8f54,"DAT_000f8f54","Global","Label","DEFAULT",true,true,false
0x000f8f58,"DAT_000f8f58","Global","Label","DEFAULT",true,true,false
0x000f8f5c,"DAT_000f8f5c","Global","Label","DEFAULT",true,true,false
0x000f8f60,"DAT_000f8f60","Global","Label","DEFAULT",true,true,false
0x000f8f64,"DAT_000f8f64","Global","Label","DEFAULT",true,true,false
0x000f8f68,"DAT_000f8f68","Global","Label","DEFAULT",true,true,false
0x000f8f6c,"DAT_000f8f6c","Global","Label","DEFAULT",true,true,false
0x000f8f70,"DAT_000f8f70","Global","Label","DEFAULT",true,true,false
0x000f8f74,"DAT_000f8f74","Global","Label","DEFAULT",true,true,false
0x000f8f78,"DAT_000f8f78","Global","Label","DEFAULT",true,true,false
0x000f8f7c,"DAT_000f8f7c","Global","Label","DEFAULT",true,true,false
0x000f8f80,"FUN_000f8f80","Global","Function","DEFAULT",true,false,false
0x000f8f96,"LAB_000f8f96","Global","Label","DEFAULT",true,true,false
0x000f8fa0,"DAT_000f8fa0","Global","Label","DEFAULT",true,true,false
0x000f8fa4,"FUN_000f8fa4","Global","Function","DEFAULT",true,false,false
0x000f8fb4,"LAB_000f8fb4","Global","Label","DEFAULT",true,true,false
0x000f8fb8,"LAB_000f8fb8","Global","Label","DEFAULT",true,true,false
0x000f8fce,"LAB_000f8fce","Global","Label","DEFAULT",true,true,false
0x000f9000,"LAB_000f9000","Global","Label","DEFAULT",true,true,false
0x000f900c,"DAT_000f900c","Global","Label","DEFAULT",true,true,false
0x000f9010,"DAT_000f9010","Global","Label","DEFAULT",true,true,false
0x000f9014,"DAT_000f9014","Global","Label","DEFAULT",true,true,false
0x000f9018,"FUN_000f9018","Global","Function","DEFAULT",true,false,false
0x000f9020,"LAB_000f9020","Global","Label","DEFAULT",true,true,false
0x000f9036,"LAB_000f9036","Global","Label","DEFAULT",true,true,false
0x000f9056,"LAB_000f9056","Global","Label","DEFAULT",true,true,false
0x000f905c,"LAB_000f905c","Global","Label","DEFAULT",true,true,false
0x000f906a,"LAB_000f906a","Global","Label","DEFAULT",true,true,false
0x000f9078,"LAB_000f9078","Global","Label","DEFAULT",true,true,false
0x000f907c,"LAB_000f907c","Global","Label","DEFAULT",true,true,false
0x000f9098,"DAT_000f9098","Global","Label","DEFAULT",true,true,false
0x000f909c,"DAT_000f909c","Global","Label","DEFAULT",true,true,false
0x000f90a0,"DAT_000f90a0","Global","Label","DEFAULT",true,true,false
0x000f90a4,"DAT_000f90a4","Global","Label","DEFAULT",true,true,false
0x000f90a8,"FUN_000f90a8","Global","Function","DEFAULT",true,false,false
0x000f90d4,"LAB_000f90d4","Global","Label","DEFAULT",true,true,false
0x000f90e4,"LAB_000f90e4","Global","Label","DEFAULT",true,true,false
0x000f90f8,"LAB_000f90f8","Global","Label","DEFAULT",true,true,false
0x000f910e,"LAB_000f910e","Global","Label","DEFAULT",true,true,false
0x000f9110,"LAB_000f9110","Global","Label","DEFAULT",true,true,false
0x000f9118,"LAB_000f9118","Global","Label","DEFAULT",true,true,false
0x000f911c,"DAT_000f911c","Global","Label","DEFAULT",true,true,false
0x000f9120,"DAT_000f9120","Global","Label","DEFAULT",true,true,false
0x000f9124,"FUN_000f9124","Global","Function","DEFAULT",true,false,false
0x000f912c,"LAB_000f912c","Global","Label","DEFAULT",true,true,false
0x000f9142,"LAB_000f9142","Global","Label","DEFAULT",true,true,false
0x000f915c,"LAB_000f915c","Global","Label","DEFAULT",true,true,false
0x000f9168,"LAB_000f9168","Global","Label","DEFAULT",true,true,false
0x000f9184,"LAB_000f9184","Global","Label","DEFAULT",true,true,false
0x000f9190,"LAB_000f9190","Global","Label","DEFAULT",true,true,false
0x000f91a0,"LAB_000f91a0","Global","Label","DEFAULT",true,true,false
0x000f91b0,"LAB_000f91b0","Global","Label","DEFAULT",true,true,false
0x000f91c0,"DAT_000f91c0","Global","Label","DEFAULT",true,true,false
0x000f91c4,"DAT_000f91c4","Global","Label","DEFAULT",true,true,false
0x000f91c8,"DAT_000f91c8","Global","Label","DEFAULT",true,true,false
0x000f91cc,"DAT_000f91cc","Global","Label","DEFAULT",true,true,false
0x000f91d0,"DAT_000f91d0","Global","Label","DEFAULT",true,true,false
0x000f91d4,"FUN_000f91d4","Global","Function","DEFAULT",true,false,false
0x000f91e2,"LAB_000f91e2","Global","Label","DEFAULT",true,true,false
0x000f9210,"DAT_000f9210","Global","Label","DEFAULT",true,true,false
0x000f9214,"DAT_000f9214","Global","Label","DEFAULT",true,true,false
0x000f9218,"DAT_000f9218","Global","Label","DEFAULT",true,true,false
0x000f921c,"FUN_000f921c","Global","Function","DEFAULT",true,false,false
0x000f923e,"LAB_000f923e","Global","Label","DEFAULT",true,true,false
0x000f9250,"DAT_000f9250","Global","Label","DEFAULT",true,true,false
0x000f9254,"DAT_000f9254","Global","Label","DEFAULT",true,true,false
0x000f9258,"FUN_000f9258","Global","Function","DEFAULT",true,false,false
0x000f9268,"LAB_000f9268","Global","Label","DEFAULT",true,true,false
0x000f927c,"LAB_000f927c","Global","Label","DEFAULT",true,true,false
0x000f9290,"LAB_000f9290","Global","Label","DEFAULT",true,true,false
0x000f929e,"LAB_000f929e","Global","Label","DEFAULT",true,true,false
0x000f92fe,"LAB_000f92fe","Global","Label","DEFAULT",true,true,false
0x000f930c,"LAB_000f930c","Global","Label","DEFAULT",true,true,false
0x000f9318,"LAB_000f9318","Global","Label","DEFAULT",true,true,false
0x000f931a,"LAB_000f931a","Global","Label","DEFAULT",true,true,false
0x000f9328,"LAB_000f9328","Global","Label","DEFAULT",true,true,false
0x000f9336,"LAB_000f9336","Global","Label","DEFAULT",true,true,false
0x000f9344,"LAB_000f9344","Global","Label","DEFAULT",true,true,false
0x000f9354,"LAB_000f9354","Global","Label","DEFAULT",true,true,false
0x000f935c,"LAB_000f935c","Global","Label","DEFAULT",true,true,false
0x000f936a,"LAB_000f936a","Global","Label","DEFAULT",true,true,false
0x000f9378,"LAB_000f9378","Global","Label","DEFAULT",true,true,false
0x000f9386,"LAB_000f9386","Global","Label","DEFAULT",true,true,false
0x000f9394,"LAB_000f9394","Global","Label","DEFAULT",true,true,false
0x000f93ba,"LAB_000f93ba","Global","Label","DEFAULT",true,true,false
0x000f93ce,"LAB_000f93ce","Global","Label","DEFAULT",true,true,false
0x000f93d4,"LAB_000f93d4","Global","Label","DEFAULT",true,true,false
0x000f93da,"LAB_000f93da","Global","Label","DEFAULT",true,true,false
0x000f93e0,"LAB_000f93e0","Global","Label","DEFAULT",true,true,false
0x000f93e4,"LAB_000f93e4","Global","Label","DEFAULT",true,true,false
0x000f93e8,"LAB_000f93e8","Global","Label","DEFAULT",true,true,false
0x000f93ec,"LAB_000f93ec","Global","Label","DEFAULT",true,true,false
0x000f93f0,"DAT_000f93f0","Global","Label","DEFAULT",true,true,false
0x000f93f4,"DAT_000f93f4","Global","Label","DEFAULT",true,true,false
0x000f93f8,"DAT_000f93f8","Global","Label","DEFAULT",true,true,false
0x000f93fc,"DAT_000f93fc","Global","Label","DEFAULT",true,true,false
0x000f9400,"DAT_000f9400","Global","Label","DEFAULT",true,true,false
0x000f9404,"DAT_000f9404","Global","Label","DEFAULT",true,true,false
0x000f9408,"DAT_000f9408","Global","Label","DEFAULT",true,true,false
0x000f940c,"DAT_000f940c","Global","Label","DEFAULT",true,true,false
0x000f9410,"DAT_000f9410","Global","Label","DEFAULT",true,true,false
0x000f9414,"DAT_000f9414","Global","Label","DEFAULT",true,true,false
0x000f9418,"DAT_000f9418","Global","Label","DEFAULT",true,true,false
0x000f941c,"DAT_000f941c","Global","Label","DEFAULT",true,true,false
0x000f9420,"DAT_000f9420","Global","Label","DEFAULT",true,true,false
0x000f9424,"DAT_000f9424","Global","Label","DEFAULT",true,true,false
0x000f9428,"DAT_000f9428","Global","Label","DEFAULT",true,true,false
0x000f942c,"DAT_000f942c","Global","Label","DEFAULT",true,true,false
0x000f9430,"DAT_000f9430","Global","Label","DEFAULT",true,true,false
0x000f9434,"DAT_000f9434","Global","Label","DEFAULT",true,true,false
0x000f9438,"DAT_000f9438","Global","Label","DEFAULT",true,true,false
0x000f943c,"FUN_000f943c","Global","Function","DEFAULT",true,false,false
0x000f9444,"DAT_000f9444","Global","Label","DEFAULT",true,true,false
0x000f9448,"FUN_000f9448","Global","Function","DEFAULT",true,false,false
0x000f9450,"DAT_000f9450","Global","Label","DEFAULT",true,true,false
0x000f9454,"FUN_000f9454","Global","Function","DEFAULT",true,false,false
0x000f9464,"LAB_000f9464","Global","Label","DEFAULT",true,true,false
0x000f9474,"LAB_000f9474","Global","Label","DEFAULT",true,true,false
0x000f947c,"DAT_000f947c","Global","Label","DEFAULT",true,true,false
0x000f9480,"DAT_000f9480","Global","Label","DEFAULT",true,true,false
0x000f9484,"DAT_000f9484","Global","Label","DEFAULT",true,true,false
0x000f9488,"thunk_FUN_000f841a","Global","Function","DEFAULT",true,false,false
0x000f948c,"thunk_FUN_000f846e","Global","Function","DEFAULT",true,false,false
0x000f9490,"FUN_000f9490","Global","Function","DEFAULT",true,false,false
0x000f9498,"LAB_000f9498","Global","Label","DEFAULT",true,true,false
0x000f95ac,"LAB_000f95ac","Global","Label","DEFAULT",true,true,false
0x000f95b4,"LAB_000f95b4","Global","Label","DEFAULT",true,true,false
0x000f95bc,"LAB_000f95bc","Global","Label","DEFAULT",true,true,false
0x000f95c0,"LAB_000f95c0","Global","Label","DEFAULT",true,true,false
0x000f95c4,"LAB_000f95c4","Global","Label","DEFAULT",true,true,false
0x000f95c8,"LAB_000f95c8","Global","Label","DEFAULT",true,true,false
0x000f95cc,"DAT_000f95cc","Global","Label","DEFAULT",true,true,false
0x000f95d0,"DAT_000f95d0","Global","Label","DEFAULT",true,true,false
0x000f95d4,"DAT_000f95d4","Global","Label","DEFAULT",true,true,false
0x000f95d8,"DAT_000f95d8","Global","Label","DEFAULT",true,true,false
0x000f95dc,"DAT_000f95dc","Global","Label","DEFAULT",true,true,false
0x000f95e0,"DAT_000f95e0","Global","Label","DEFAULT",true,true,false
0x000f95e4,"DAT_000f95e4","Global","Label","DEFAULT",true,true,false
0x000f95e8,"DAT_000f95e8","Global","Label","DEFAULT",true,true,false
0x000f95ec,"DAT_000f95ec","Global","Label","DEFAULT",true,true,false
0x000f95f0,"DAT_000f95f0","Global","Label","DEFAULT",true,true,false
0x000f95f4,"DAT_000f95f4","Global","Label","DEFAULT",true,true,false
0x000f95f8,"DAT_000f95f8","Global","Label","DEFAULT",true,true,false
0x000f95fc,"FUN_000f95fc","Global","Function","DEFAULT",true,false,false
0x000f9630,"LAB_000f9630","Global","Label","DEFAULT",true,true,false
0x000f9632,"LAB_000f9632","Global","Label","DEFAULT",true,true,false
0x000f9636,"LAB_000f9636","Global","Label","DEFAULT",true,true,false
0x000f963c,"DAT_000f963c","Global","Label","DEFAULT",true,true,false
0x000f9640,"DAT_000f9640","Global","Label","DEFAULT",true,true,false
0x000f9644,"DAT_000f9644","Global","Label","DEFAULT",true,true,false
0x000f9648,"FUN_000f9648","Global","Function","DEFAULT",true,false,false
0x000f966c,"LAB_000f966c","Global","Label","DEFAULT",true,true,false
0x000f9670,"FUN_000f9670","Global","Function","DEFAULT",true,false,false
0x000f96a6,"LAB_000f96a6","Global","Label","DEFAULT",true,true,false
0x000f96ac,"LAB_000f96ac","Global","Label","DEFAULT",true,true,false
0x000f96ba,"LAB_000f96ba","Global","Label","DEFAULT",true,true,false
0x000f96c2,"LAB_000f96c2","Global","Label","DEFAULT",true,true,false
0x000f96c8,"DAT_000f96c8","Global","Label","DEFAULT",true,true,false
0x000f96cc,"DAT_000f96cc","Global","Label","DEFAULT",true,true,false
0x000f96d0,"FUN_000f96d0","Global","Function","DEFAULT",true,false,false
0x000f96f0,"LAB_000f96f0","Global","Label","DEFAULT",true,true,false
0x000f96f4,"LAB_000f96f4","Global","Label","DEFAULT",true,true,false
0x000f96f8,"DAT_000f96f8","Global","Label","DEFAULT",true,true,false
0x000f96fc,"DAT_000f96fc","Global","Label","DEFAULT",true,true,false
0x000f9700,"DAT_000f9700","Global","Label","DEFAULT",true,true,false
0x000f9704,"FUN_000f9704","Global","Function","DEFAULT",true,false,false
0x000f971a,"LAB_000f971a","Global","Label","DEFAULT",true,true,false
0x000f971c,"LAB_000f971c","Global","Label","DEFAULT",true,true,false
0x000f9724,"LAB_000f9724","Global","Label","DEFAULT",true,true,false
0x000f976e,"LAB_000f976e","Global","Label","DEFAULT",true,true,false
0x000f9784,"LAB_000f9784","Global","Label","DEFAULT",true,true,false
0x000f979c,"LAB_000f979c","Global","Label","DEFAULT",true,true,false
0x000f97a0,"DAT_000f97a0","Global","Label","DEFAULT",true,true,false
0x000f97a4,"DAT_000f97a4","Global","Label","DEFAULT",true,true,false
0x000f97a8,"FUN_000f97a8","Global","Function","DEFAULT",true,false,false
0x000f97b6,"LAB_000f97b6","Global","Label","DEFAULT",true,true,false
0x000f97c0,"LAB_000f97c0","Global","Label","DEFAULT",true,true,false
0x000f9808,"LAB_000f9808","Global","Label","DEFAULT",true,true,false
0x000f981c,"LAB_000f981c","Global","Label","DEFAULT",true,true,false
0x000f9824,"LAB_000f9824","Global","Label","DEFAULT",true,true,false
0x000f9848,"LAB_000f9848","Global","Label","DEFAULT",true,true,false
0x000f9858,"LAB_000f9858","Global","Label","DEFAULT",true,true,false
0x000f9874,"DAT_000f9874","Global","Label","DEFAULT",true,true,false
0x000f9878,"DAT_000f9878","Global","Label","DEFAULT",true,true,false
0x000f987c,"DAT_000f987c","Global","Label","DEFAULT",true,true,false
0x000f9880,"DAT_000f9880","Global","Label","DEFAULT",true,true,false
0x000f9884,"DAT_000f9884","Global","Label","DEFAULT",true,true,false
0x000f9888,"DAT_000f9888","Global","Label","DEFAULT",true,true,false
0x000f988c,"DAT_000f988c","Global","Label","DEFAULT",true,true,false
0x000f9890,"DAT_000f9890","Global","Label","DEFAULT",true,true,false
0x000f9894,"DAT_000f9894","Global","Label","DEFAULT",true,true,false
0x000f9898,"FUN_000f9898","Global","Function","DEFAULT",true,false,false
0x000f98b4,"LAB_000f98b4","Global","Label","DEFAULT",true,true,false
0x000f98b8,"LAB_000f98b8","Global","Label","DEFAULT",true,true,false
0x000f98bc,"DAT_000f98bc","Global","Label","DEFAULT",true,true,false
0x000f98c0,"DAT_000f98c0","Global","Label","DEFAULT",true,true,false
0x000f98c4,"DAT_000f98c4","Global","Label","DEFAULT",true,true,false
0x000f98c8,"DAT_000f98c8","Global","Label","DEFAULT",true,true,false
0x000f98cd,"LAB_000f98cc+1","Global","Label","DEFAULT",true,true,false
0x000f9900,"DAT_000f9900","Global","Label","DEFAULT",true,true,false
0x000f9904,"DAT_000f9904","Global","Label","DEFAULT",true,true,false
0x000f9908,"DAT_000f9908","Global","Label","DEFAULT",true,true,false
0x000f990c,"DAT_000f990c","Global","Label","DEFAULT",true,true,false
0x000f9910,"DAT_000f9910","Global","Label","DEFAULT",true,true,false
0x000f9914,"DAT_000f9914","Global","Label","DEFAULT",true,true,false
0x000f9918,"DAT_000f9918","Global","Label","DEFAULT",true,true,false
0x000f991c,"DAT_000f991c","Global","Label","DEFAULT",true,true,false
0x000f9921,"LAB_000f9920+1","Global","Label","DEFAULT",true,true,false
0x000f9954,"DAT_000f9954","Global","Label","DEFAULT",true,true,false
0x000f9958,"FUN_000f9958","Global","Function","DEFAULT",true,false,false
0x000f9968,"LAB_000f9968","Global","Label","DEFAULT",true,true,false
0x000f996c,"DAT_000f996c","Global","Label","DEFAULT",true,true,false
0x000f9970,"DAT_000f9970","Global","Label","DEFAULT",true,true,false
0x000f9974,"DAT_000f9974","Global","Label","DEFAULT",true,true,false
0x000f9978,"FUN_000f9978","Global","Function","DEFAULT",true,false,false
0x000f9988,"LAB_000f9988","Global","Label","DEFAULT",true,true,false
0x000f998c,"DAT_000f998c","Global","Label","DEFAULT",true,true,false
0x000f9990,"DAT_000f9990","Global","Label","DEFAULT",true,true,false
0x000f9994,"DAT_000f9994","Global","Label","DEFAULT",true,true,false
0x000f9998,"FUN_000f9998","Global","Function","DEFAULT",true,false,true
0x000f9999,"FUN_000f9998+1","Global","Label","DEFAULT",true,true,false
0x000f99b6,"LAB_000f99b6","Global","Label","DEFAULT",true,true,false
0x000f99bc,"LAB_000f99bc","Global","Label","DEFAULT",true,true,false
0x000f99e8,"LAB_000f99e8","Global","Label","DEFAULT",true,true,false
0x000f99f2,"LAB_000f99f2","Global","Label","DEFAULT",true,true,false
0x000f99f8,"LAB_000f99f8","Global","Label","DEFAULT",true,true,false
0x000f9a04,"DAT_000f9a04","Global","Label","DEFAULT",true,true,false
0x000f9a08,"DAT_000f9a08","Global","Label","DEFAULT",true,true,false
0x000f9a0c,"thunk_FUN_000fc30c","Global","Function","DEFAULT",true,false,true
0x000f9a0d,"thunk_FUN_000fc30c+1","Global","Label","DEFAULT",true,true,false
0x000f9a10,"bootloader_entry","Global","Function","USER_DEFINED",true,false,false
0x000f9a11,"bootloader_entry+1","Global","Label","DEFAULT",true,true,false
0x000f9a30,"LAB_000f9a30","Global","Label","DEFAULT",true,true,false
0x000f9ae0,"LAB_000f9ae0","Global","Label","DEFAULT",true,true,false
0x000f9aee,"LAB_000f9aee","Global","Label","DEFAULT",true,true,false
0x000f9afc,"LAB_000f9afc","Global","Label","DEFAULT",true,true,false
0x000f9b12,"LAB_000f9b12","Global","Label","DEFAULT",true,true,false
0x000f9b20,"LAB_000f9b20","Global","Label","DEFAULT",true,true,false
0x000f9b32,"LAB_000f9b32","Global","Label","DEFAULT",true,true,false
0x000f9b5e,"LAB_000f9b5e","Global","Label","DEFAULT",true,true,false
0x000f9b66,"LAB_000f9b66","Global","Label","DEFAULT",true,true,false
0x000f9b7c,"LAB_000f9b7c","Global","Label","DEFAULT",true,true,false
0x000f9b82,"LAB_000f9b82","Global","Label","DEFAULT",true,true,false
0x000f9b8c,"LAB_000f9b8c","Global","Label","DEFAULT",true,true,false
0x000f9b98,"LAB_000f9b98","Global","Label","DEFAULT",true,true,false
0x000f9ba4,"LAB_000f9ba4","Global","Label","DEFAULT",true,true,false
0x000f9bb0,"LAB_000f9bb0","Global","Label","DEFAULT",true,true,false
0x000f9bba,"LAB_000f9bba","Global","Label","DEFAULT",true,true,false
0x000f9bc6,"LAB_000f9bc6","Global","Label","DEFAULT",true,true,false
0x000f9be4,"LAB_000f9be4","Global","Label","DEFAULT",true,true,false
0x000f9be8,"LAB_000f9be8","Global","Label","DEFAULT",true,true,false
0x000f9bf0,"DAT_000f9bf0","Global","Label","DEFAULT",true,true,false
0x000f9bf4,"DAT_000f9bf4","Global","Label","DEFAULT",true,true,false
0x000f9bf8,"DAT_000f9bf8","Global","Label","DEFAULT",true,true,false
0x000f9bfc,"DAT_000f9bfc","Global","Label","DEFAULT",true,true,false
0x000f9c00,"DAT_000f9c00","Global","Label","DEFAULT",true,true,false
0x000f9c04,"DAT_000f9c04","Global","Label","DEFAULT",true,true,false
0x000f9c08,"DAT_000f9c08","Global","Label","DEFAULT",true,true,false
0x000f9c0c,"DAT_000f9c0c","Global","Label","DEFAULT",true,true,false
0x000f9c10,"DAT_000f9c10","Global","Label","DEFAULT",true,true,false
0x000f9c14,"DAT_000f9c14","Global","Label","DEFAULT",true,true,false
0x000f9c18,"DAT_000f9c18","Global","Label","DEFAULT",true,true,false
0x000f9c1c,"DAT_000f9c1c","Global","Label","DEFAULT",true,true,false
0x000f9c20,"DAT_000f9c20","Global","Label","DEFAULT",true,true,false
0x000f9c24,"DAT_000f9c24","Global","Label","DEFAULT",true,true,false
0x000f9c28,"DAT_000f9c28","Global","Label","DEFAULT",true,true,false
0x000f9c2c,"DAT_000f9c2c","Global","Label","DEFAULT",true,true,false
0x000f9c30,"FUN_000f9c30","Global","Function","DEFAULT",true,false,true
0x000f9c31,"FUN_000f9c30+1","Global","Label","DEFAULT",true,true,false
0x000f9c40,"DAT_000f9c40","Global","Label","DEFAULT",true,true,false
0x000f9c44,"thunk_FUN_000f9c4c","Global","Function","DEFAULT",true,false,false
0x000f9c45,"thunk_FUN_000f9c4c+1","Global","Label","DEFAULT",true,true,false
0x000f9c46,"LAB_000f9c46","Global","Label","DEFAULT",true,true,false
0x000f9c4c,"FUN_000f9c4c","Global","Function","DEFAULT",true,false,false
0x000f9c64,"FUN_000f9c64","Global","Function","DEFAULT",true,false,false
0x000f9c72,"LAB_000f9c72","Global","Label","DEFAULT",true,true,false
0x000f9c7a,"LAB_000f9c7a","Global","Label","DEFAULT",true,true,false
0x000f9c7c,"LAB_000f9c7c","Global","Label","DEFAULT",true,true,false
0x000f9c80,"LAB_000f9c80","Global","Label","DEFAULT",true,true,false
0x000f9c84,"DAT_000f9c84","Global","Label","DEFAULT",true,true,false
0x000f9c88,"FUN_000f9c88","Global","Function","DEFAULT",true,false,false
0x000f9c90,"LAB_000f9c90","Global","Label","DEFAULT",true,true,false
0x000f9c94,"FUN_000f9c94","Global","Function","DEFAULT",true,false,false
0x000f9ca8,"LAB_000f9ca8","Global","Label","DEFAULT",true,true,false
0x000f9cac,"dfu_advertising_name_get","Global","Function","USER_DEFINED",true,false,false
0x000f9cc4,"LAB_000f9cc4","Global","Label","DEFAULT",true,true,false
0x000f9d34,"LAB_000f9d34","Global","Label","DEFAULT",true,true,false
0x000f9d38,"DAT_000f9d38","Global","Label","DEFAULT",true,true,false
0x000f9d3c,"DAT_000f9d3c","Global","Label","DEFAULT",true,true,false
0x000f9d40,"DAT_000f9d40","Global","Label","DEFAULT",true,true,false
0x000f9d44,"FUN_000f9d44","Global","Function","DEFAULT",true,false,false
0x000f9d6c,"LAB_000f9d6c","Global","Label","DEFAULT",true,true,false
0x000f9d70,"DAT_000f9d70","Global","Label","DEFAULT",true,true,false
0x000f9d74,"DAT_000f9d74","Global","Label","DEFAULT",true,true,false
0x000f9d78,"nrf_bootloader_app_activate","Global","Function","USER_DEFINED",true,false,false
0x000f9d92,"LAB_000f9d92","Global","Label","DEFAULT",true,true,false
0x000f9db6,"LAB_000f9db6","Global","Label","DEFAULT",true,true,false
0x000f9db8,"LAB_000f9db8","Global","Label","DEFAULT",true,true,false
0x000f9dbc,"DAT_000f9dbc","Global","Label","DEFAULT",true,true,false
0x000f9dc1,"DAT_000f9dc1","Global","Label","DEFAULT",true,true,false
0x000f9dc4,"FUN_000f9dc4","Global","Function","DEFAULT",true,false,false
0x000f9dc8,"FUN_000f9dc8","Global","Function","DEFAULT",true,false,false
0x000f9df8,"LAB_000f9df8","Global","Label","DEFAULT",true,true,false
0x000f9dfa,"LAB_000f9dfa","Global","Label","DEFAULT",true,true,false
0x000f9e0a,"LAB_000f9e0a","Global","Label","DEFAULT",true,true,false
0x000f9e16,"LAB_000f9e16","Global","Label","DEFAULT",true,true,false
0x000f9e18,"LAB_000f9e18","Global","Label","DEFAULT",true,true,false
0x000f9e4e,"LAB_000f9e4e","Global","Label","DEFAULT",true,true,false
0x000f9e54,"LAB_000f9e54","Global","Label","DEFAULT",true,true,false
0x000f9e56,"LAB_000f9e56","Global","Label","DEFAULT",true,true,false
0x000f9e5a,"LAB_000f9e5a","Global","Label","DEFAULT",true,true,false
0x000f9e5e,"LAB_000f9e5e","Global","Label","DEFAULT",true,true,false
0x000f9e64,"DAT_000f9e64","Global","Label","DEFAULT",true,true,false
0x000f9e68,"FUN_000f9e68","Global","Function","DEFAULT",true,false,false
0x000f9e6e,"LAB_000f9e6e","Global","Label","DEFAULT",true,true,false
0x000f9e72,"LAB_000f9e72","Global","Label","DEFAULT",true,true,false
0x000f9e74,"LAB_000f9e74","Global","Label","DEFAULT",true,true,false
0x000f9e76,"LAB_000f9e76","Global","Label","DEFAULT",true,true,false
0x000f9ea0,"LAB_000f9ea0","Global","Label","DEFAULT",true,true,false
0x000f9ea4,"DAT_000f9ea4","Global","Label","DEFAULT",true,true,false
0x000f9ea8,"FUN_000f9ea8","Global","Function","DEFAULT",true,false,false
0x000f9ebc,"LAB_000f9ebc","Global","Label","DEFAULT",true,true,false
0x000f9ed0,"DAT_000f9ed0","Global","Label","DEFAULT",true,true,false
0x000f9ed4,"FUN_000f9ed4","Global","Function","DEFAULT",true,false,false
0x000f9ee6,"LAB_000f9ee6","Global","Label","DEFAULT",true,true,false
0x000f9eec,"LAB_000f9eec","Global","Label","DEFAULT",true,true,false
0x000f9eee,"LAB_000f9eee","Global","Label","DEFAULT",true,true,false
0x000f9f14,"DAT_000f9f14","Global","Label","DEFAULT",true,true,false
0x000f9f18,"DAT_000f9f18","Global","Label","DEFAULT",true,true,false
0x000f9f1c,"FUN_000f9f1c","Global","Function","DEFAULT",true,false,false
0x000f9f48,"LAB_000f9f48","Global","Label","DEFAULT",true,true,false
0x000f9f4c,"DAT_000f9f4c","Global","Label","DEFAULT",true,true,false
0x000f9f50,"nrf_bootloader_bl_activate","Global","Function","USER_DEFINED",true,false,false
0x000f9f64,"LAB_000f9f64","Global","Label","DEFAULT",true,true,false
0x000f9f6c,"LAB_000f9f6c","Global","Label","DEFAULT",true,true,false
0x000f9f72,"LAB_000f9f72","Global","Label","DEFAULT",true,true,false
0x000f9f90,"LAB_000f9f90","Global","Label","DEFAULT",true,true,false
0x000f9f94,"DAT_000f9f94","Global","Label","DEFAULT",true,true,false
0x000f9f98,"DAT_000f9f98","Global","Label","DEFAULT",true,true,false
0x000f9f9c,"FUN_000f9f9c","Global","Function","DEFAULT",true,false,false
0x000fa04e,"LAB_000fa04e","Global","Label","DEFAULT",true,true,false
0x000fa054,"DAT_000fa054","Global","Label","DEFAULT",true,true,false
0x000fa058,"DAT_000fa058","Global","Label","DEFAULT",true,true,false
0x000fa05c,"DAT_000fa05c","Global","Label","DEFAULT",true,true,false
0x000fa060,"FUN_000fa060","Global","Function","DEFAULT",true,false,false
0x000fa061,"FUN_000fa060+1","Global","Label","DEFAULT",true,true,false
0x000fa08e,"LAB_000fa08e","Global","Label","DEFAULT",true,true,false
0x000fa0be,"LAB_000fa0be","Global","Label","DEFAULT",true,true,false
0x000fa0c4,"switchD","switchD_000fa0c4","Label","ANALYSIS",true,false,false
0x000fa0c8,"switchdataD_000fa0c8","switchD_000fa0c4","Label","ANALYSIS",true,false,false
0x000fa0cb,"BYTE_000fa0cb","Global","Label","DEFAULT",true,true,false
0x000fa0d2,"caseD_6","switchD_000fa0c4","Label","ANALYSIS",true,false,false
0x000fa0fa,"LAB_000fa0fa","Global","Label","DEFAULT",true,true,false
0x000fa0fe,"caseD_0","switchD_000fa0c4","Label","ANALYSIS",true,false,false
0x000fa0fe,"caseD_1","switchD_000fa0c4","Label","ANALYSIS",false,false,false
0x000fa0fe,"caseD_2","switchD_000fa0c4","Label","ANALYSIS",false,false,false
0x000fa0fe,"caseD_4","switchD_000fa0c4","Label","ANALYSIS",false,false,false
0x000fa0fe,"caseD_5","switchD_000fa0c4","Label","ANALYSIS",false,false,false
0x000fa0fe,"caseD_7","switchD_000fa0c4","Label","ANALYSIS",false,false,false
0x000fa104,"LAB_000fa104","Global","Label","DEFAULT",true,true,false
0x000fa108,"caseD_3","switchD_000fa0c4","Label","ANALYSIS",true,false,false
0x000fa108,"caseD_8","switchD_000fa0c4","Label","ANALYSIS",false,false,false
0x000fa114,"DAT_000fa114","Global","Label","DEFAULT",true,true,false
0x000fa118,"FUN_000fa118","Global","Function","DEFAULT",true,false,false
0x000fa119,"FUN_000fa118+1","Global","Label","DEFAULT",true,true,false
0x000fa14e,"LAB_000fa14e","Global","Label","DEFAULT",true,true,false
0x000fa15a,"LAB_000fa15a","Global","Label","DEFAULT",true,true,false
0x000fa15e,"LAB_000fa15e","Global","Label","DEFAULT",true,true,false
0x000fa166,"LAB_000fa166","Global","Label","DEFAULT",true,true,false
0x000fa16c,"DAT_000fa16c","Global","Label","DEFAULT",true,true,false
0x000fa170,"DAT_000fa170","Global","Label","DEFAULT",true,true,false
0x000fa174,"DAT_000fa174","Global","Label","DEFAULT",true,true,false
0x000fa178,"FUN_000fa178","Global","Function","DEFAULT",true,false,false
0x000fa179,"FUN_000fa178+1","Global","Label","DEFAULT",true,true,false
0x000fa186,"LAB_000fa186","Global","Label","DEFAULT",true,true,false
0x000fa188,"LAB_000fa188","Global","Label","DEFAULT",true,true,false
0x000fa1be,"LAB_000fa1be","Global","Label","DEFAULT",true,true,false
0x000fa1d6,"LAB_000fa1d6","Global","Label","DEFAULT",true,true,false
0x000fa200,"DAT_000fa200","Global","Label","DEFAULT",true,true,false
0x000fa204,"DAT_000fa204","Global","Label","DEFAULT",true,true,false
0x000fa208,"DAT_000fa208","Global","Label","DEFAULT",true,true,false
0x000fa20c,"DAT_000fa20c","Global","Label","DEFAULT",true,true,false
0x000fa210,"FUN_000fa210","Global","Function","DEFAULT",true,false,false
0x000fa24c,"LAB_000fa24c","Global","Label","DEFAULT",true,true,false
0x000fa25c,"LAB_000fa25c","Global","Label","DEFAULT",true,true,false
0x000fa270,"LAB_000fa270","Global","Label","DEFAULT",true,true,false
0x000fa2cc,"LAB_000fa2cc","Global","Label","DEFAULT",true,true,false
0x000fa2d0,"LAB_000fa2d0","Global","Label","DEFAULT",true,true,false
0x000fa2ea,"LAB_000fa2ea","Global","Label","DEFAULT",true,true,false
0x000fa2f6,"LAB_000fa2f6","Global","Label","DEFAULT",true,true,false
0x000fa300,"LAB_000fa300","Global","Label","DEFAULT",true,true,false
0x000fa320,"LAB_000fa320","Global","Label","DEFAULT",true,true,false
0x000fa322,"LAB_000fa322","Global","Label","DEFAULT",true,true,false
0x000fa324,"LAB_000fa324","Global","Label","DEFAULT",true,true,false
0x000fa326,"LAB_000fa326","Global","Label","DEFAULT",true,true,false
0x000fa330,"LAB_000fa330","Global","Label","DEFAULT",true,true,false
0x000fa332,"LAB_000fa332","Global","Label","DEFAULT",true,true,false
0x000fa336,"LAB_000fa336","Global","Label","DEFAULT",true,true,false
0x000fa344,"LAB_000fa344","Global","Label","DEFAULT",true,true,false
0x000fa352,"LAB_000fa352","Global","Label","DEFAULT",true,true,false
0x000fa354,"LAB_000fa354","Global","Label","DEFAULT",true,true,false
0x000fa356,"LAB_000fa356","Global","Label","DEFAULT",true,true,false
0x000fa358,"LAB_000fa358","Global","Label","DEFAULT",true,true,false
0x000fa35e,"LAB_000fa35e","Global","Label","DEFAULT",true,true,false
0x000fa37a,"LAB_000fa37a","Global","Label","DEFAULT",true,true,false
0x000fa384,"LAB_000fa384","Global","Label","DEFAULT",true,true,false
0x000fa38a,"LAB_000fa38a","Global","Label","DEFAULT",true,true,false
0x000fa394,"LAB_000fa394","Global","Label","DEFAULT",true,true,false
0x000fa39c,"LAB_000fa39c","Global","Label","DEFAULT",true,true,false
0x000fa3be,"LAB_000fa3be","Global","Label","DEFAULT",true,true,false
0x000fa3cc,"LAB_000fa3cc","Global","Label","DEFAULT",true,true,false
0x000fa3d8,"DAT_000fa3d8","Global","Label","DEFAULT",true,true,false
0x000fa3dc,"DAT_000fa3dc","Global","Label","DEFAULT",true,true,false
0x000fa3e0,"DAT_000fa3e0","Global","Label","DEFAULT",true,true,false
0x000fa3e4,"DAT_000fa3e4","Global","Label","DEFAULT",true,true,false
0x000fa3e8,"FUN_000fa3e8","Global","Function","DEFAULT",true,false,false
0x000fa3f0,"FUN_000fa3f0","Global","Function","DEFAULT",true,false,false
0x000fa3f8,"LAB_000fa3f8","Global","Label","DEFAULT",true,true,false
0x000fa3fc,"LAB_000fa3fc","Global","Label","DEFAULT",true,true,false
0x000fa400,"FUN_000fa400","Global","Function","DEFAULT",true,false,false
0x000fa40c,"FUN_000fa40c","Global","Function","DEFAULT",true,false,false
0x000fa446,"LAB_000fa446","Global","Label","DEFAULT",true,true,false
0x000fa458,"LAB_000fa458","Global","Label","DEFAULT",true,true,false
0x000fa468,"LAB_000fa468","Global","Label","DEFAULT",true,true,false
0x000fa47e,"LAB_000fa47e","Global","Label","DEFAULT",true,true,false
0x000fa480,"LAB_000fa480","Global","Label","DEFAULT",true,true,false
0x000fa486,"LAB_000fa486","Global","Label","DEFAULT",true,true,false
0x000fa492,"LAB_000fa492","Global","Label","DEFAULT",true,true,false
0x000fa4a0,"DAT_000fa4a0","Global","Label","DEFAULT",true,true,false
0x000fa4a4,"FUN_000fa4a4","Global","Function","DEFAULT",true,false,false
0x000fa4bc,"LAB_000fa4bc","Global","Label","DEFAULT",true,true,false
0x000fa4c0,"LAB_000fa4c0","Global","Label","DEFAULT",true,true,false
0x000fa4c4,"LAB_000fa4c4","Global","Label","DEFAULT",true,true,false
0x000fa4d4,"LAB_000fa4d4","Global","Label","DEFAULT",true,true,false
0x000fa4dc,"LAB_000fa4dc","Global","Label","DEFAULT",true,true,false
0x000fa4e0,"LAB_000fa4e0","Global","Label","DEFAULT",true,true,false
0x000fa4e4,"FUN_000fa4e4","Global","Function","DEFAULT",true,false,false
0x000fa4f8,"LAB_000fa4f8","Global","Label","DEFAULT",true,true,false
0x000fa4fc,"DAT_000fa4fc","Global","Label","DEFAULT",true,true,false
0x000fa500,"FUN_000fa500","Global","Function","DEFAULT",true,false,false
0x000fa50c,"DAT_000fa50c","Global","Label","DEFAULT",true,true,false
0x000fa510,"FUN_000fa510","Global","Function","DEFAULT",true,false,false
0x000fa52c,"DAT_000fa52c","Global","Label","DEFAULT",true,true,false
0x000fa530,"DAT_000fa530","Global","Label","DEFAULT",true,true,false
0x000fa534,"FUN_000fa534","Global","Function","DEFAULT",true,false,false
0x000fa544,"DAT_000fa544","Global","Label","DEFAULT",true,true,false
0x000fa548,"DAT_000fa548","Global","Label","DEFAULT",true,true,false
0x000fa54d,"LAB_000fa54c+1","Global","Label","DEFAULT",true,true,false
0x000fa560,"LAB_000fa560","Global","Label","DEFAULT",true,true,false
0x000fa562,"LAB_000fa562","Global","Label","DEFAULT",true,true,false
0x000fa58e,"LAB_000fa58e","Global","Label","DEFAULT",true,true,false
0x000fa595,"LAB_000fa594+1","Global","Label","DEFAULT",true,true,false
0x000fa5a4,"FUN_000fa5a4","Global","Function","DEFAULT",true,false,false
0x000fa5a5,"FUN_000fa5a4+1","Global","Label","DEFAULT",true,true,false
0x000fa5be,"LAB_000fa5be","Global","Label","DEFAULT",true,true,false
0x000fa5c6,"LAB_000fa5c6","Global","Label","DEFAULT",true,true,false
0x000fa5e6,"LAB_000fa5e6","Global","Label","DEFAULT",true,true,false
0x000fa5ee,"LAB_000fa5ee","Global","Label","DEFAULT",true,true,false
0x000fa5f2,"LAB_000fa5f2","Global","Label","DEFAULT",true,true,false
0x000fa604,"DAT_000fa604","Global","Label","DEFAULT",true,true,false
0x000fa608,"FUN_000fa608","Global","Function","DEFAULT",true,false,false
0x000fa609,"FUN_000fa608+1","Global","Label","DEFAULT",true,true,false
0x000fa630,"LAB_000fa630","Global","Label","DEFAULT",true,true,false
0x000fa632,"LAB_000fa632","Global","Label","DEFAULT",true,true,false
0x000fa638,"DAT_000fa638","Global","Label","DEFAULT",true,true,false
0x000fa63c,"DAT_000fa63c","Global","Label","DEFAULT",true,true,false
0x000fa641,"LAB_000fa640+1","Global","Label","DEFAULT",true,true,false
0x000fa648,"DAT_000fa648","Global","Label","DEFAULT",true,true,false
0x000fa64c,"FUN_000fa64c","Global","Function","DEFAULT",true,false,false
0x000fa658,"DAT_000fa658","Global","Label","DEFAULT",true,true,false
0x000fa65c,"FUN_000fa65c","Global","Function","DEFAULT",true,false,false
0x000fa668,"LAB_000fa668","Global","Label","DEFAULT",true,true,false
0x000fa66e,"LAB_000fa66e","Global","Label","DEFAULT",true,true,false
0x000fa672,"LAB_000fa672","Global","Label","DEFAULT",true,true,false
0x000fa678,"LAB_000fa678","Global","Label","DEFAULT",true,true,false
0x000fa67e,"LAB_000fa67e","Global","Label","DEFAULT",true,true,false
0x000fa68a,"LAB_000fa68a","Global","Label","DEFAULT",true,true,false
0x000fa694,"DAT_000fa694","Global","Label","DEFAULT",true,true,false
0x000fa698,"FUN_000fa698","Global","Function","DEFAULT",true,false,false
0x000fa6b2,"LAB_000fa6b2","Global","Label","DEFAULT",true,true,false
0x000fa6b8,"FUN_000fa6b8","Global","Function","DEFAULT",true,false,false
0x000fa6e2,"LAB_000fa6e2","Global","Label","DEFAULT",true,true,false
0x000fa6e8,"DAT_000fa6e8","Global","Label","DEFAULT",true,true,false
0x000fa6ec,"DAT_000fa6ec","Global","Label","DEFAULT",true,true,false
0x000fa6f0,"DAT_000fa6f0","Global","Label","DEFAULT",true,true,false
0x000fa6f4,"DAT_000fa6f4","Global","Label","DEFAULT",true,true,false
0x000fa6f8,"LAB_000fa6f8","Global","Label","DEFAULT",true,true,false
0x000fa73e,"LAB_000fa73e","Global","Label","DEFAULT",true,true,false
0x000fa742,"LAB_000fa742","Global","Label","DEFAULT",true,true,false
0x000fa74e,"LAB_000fa74e","Global","Label","DEFAULT",true,true,false
0x000fa75a,"LAB_000fa75a","Global","Label","DEFAULT",true,true,false
0x000fa776,"FUN_000fa776","Global","Function","DEFAULT",true,false,false
0x000fa788,"LAB_000fa788","Global","Label","DEFAULT",true,true,false
0x000fa78c,"LAB_000fa78c","Global","Label","DEFAULT",true,true,false
0x000fa790,"LAB_000fa790","Global","Label","DEFAULT",true,true,false
0x000fa7bc,"LAB_000fa7bc","Global","Label","DEFAULT",true,true,false
0x000fa7c0,"LAB_000fa7c0","Global","Label","DEFAULT",true,true,false
0x000fa7c8,"LAB_000fa7c8","Global","Label","DEFAULT",true,true,false
0x000fa7e4,"LAB_000fa7e4","Global","Label","DEFAULT",true,true,false
0x000fa7f8,"LAB_000fa7f8","Global","Label","DEFAULT",true,true,false
0x000fa806,"LAB_000fa806","Global","Label","DEFAULT",true,true,false
0x000fa810,"LAB_000fa810","Global","Label","DEFAULT",true,true,false
0x000fa816,"LAB_000fa816","Global","Label","DEFAULT",true,true,false
0x000fa818,"LAB_000fa818","Global","Label","DEFAULT",true,true,false
0x000fa81e,"LAB_000fa81e","Global","Label","DEFAULT",true,true,false
0x000fa83a,"LAB_000fa83a","Global","Label","DEFAULT",true,true,false
0x000fa858,"LAB_000fa858","Global","Label","DEFAULT",true,true,false
0x000fa85c,"LAB_000fa85c","Global","Label","DEFAULT",true,true,false
0x000fa868,"LAB_000fa868","Global","Label","DEFAULT",true,true,false
0x000fa86c,"DAT_000fa86c","Global","Label","DEFAULT",true,true,false
0x000fa870,"nrf_bootloader_app_is_valid","Global","Function","USER_DEFINED",true,false,false
0x000fa880,"LAB_000fa880","Global","Label","DEFAULT",true,true,false
0x000fa892,"LAB_000fa892","Global","Label","DEFAULT",true,true,false
0x000fa896,"LAB_000fa896","Global","Label","DEFAULT",true,true,false
0x000fa8bc,"LAB_000fa8bc","Global","Label","DEFAULT",true,true,false
0x000fa8e0,"LAB_000fa8e0","Global","Label","DEFAULT",true,true,false
0x000fa8e4,"DAT_000fa8e4","Global","Label","DEFAULT",true,true,false
0x000fa8e8,"DAT_000fa8e8","Global","Label","DEFAULT",true,true,false
0x000fa8ec,"DAT_000fa8ec","Global","Label","DEFAULT",true,true,false
0x000fa8f0,"DAT_000fa8f0","Global","Label","DEFAULT",true,true,false
0x000fa8f4,"DAT_000fa8f4","Global","Label","DEFAULT",true,true,false
0x000fa905,"DAT_000fa905","Global","Label","DEFAULT",true,true,false
0x000fa908,"FUN_000fa908","Global","Function","DEFAULT",true,false,false
0x000fa909,"FUN_000fa908+1","Global","Label","DEFAULT",true,true,false
0x000fa912,"switchD","switchD_000fa912","Label","ANALYSIS",true,false,false
0x000fa916,"switchdataD_000fa916","switchD_000fa912","Label","ANALYSIS",true,false,false
0x000fa91c,"caseD_3","switchD_000fa912","Label","ANALYSIS",true,false,false
0x000fa91c,"caseD_4","switchD_000fa912","Label","ANALYSIS",false,false,false
0x000fa928,"caseD_6","switchD_000fa912","Label","ANALYSIS",true,false,false
0x000fa928,"caseD_7","switchD_000fa912","Label","ANALYSIS",false,false,false
0x000fa930,"caseD_2","switchD_000fa912","Label","ANALYSIS",true,false,false
0x000fa934,"caseD_5","switchD_000fa912","Label","ANALYSIS",true,false,false
0x000fa944,"LAB_000fa944","Global","Label","DEFAULT",true,true,false
0x000fa948,"DAT_000fa948","Global","Label","DEFAULT",true,true,false
0x000fa94c,"DAT_000fa94c","Global","Label","DEFAULT",true,true,false
0x000fa950,"FUN_000fa950","Global","Function","DEFAULT",true,false,false
0x000fa951,"FUN_000fa950+1","Global","Label","DEFAULT",true,true,false
0x000fa95c,"LAB_000fa95c","Global","Label","DEFAULT",true,true,false
0x000fa962,"LAB_000fa962","Global","Label","DEFAULT",true,true,false
0x000fa972,"LAB_000fa972","Global","Label","DEFAULT",true,true,false
0x000fa974,"DAT_000fa974","Global","Label","DEFAULT",true,true,false
0x000fa978,"FUN_000fa978","Global","Function","DEFAULT",true,false,false
0x000fa979,"FUN_000fa978+1","Global","Label","DEFAULT",true,true,false
0x000fa98e,"LAB_000fa98e","Global","Label","DEFAULT",true,true,false
0x000fa994,"DAT_000fa994","Global","Label","DEFAULT",true,true,false
0x000fa998,"DAT_000fa998","Global","Label","DEFAULT",true,true,false
0x000fa99d,"LAB_000fa99c+1","Global","Label","DEFAULT",true,true,false
0x000fa9b4,"LAB_000fa9b4","Global","Label","DEFAULT",true,true,false
0x000fa9b8,"LAB_000fa9b8","Global","Label","DEFAULT",true,true,false
0x000fa9c2,"LAB_000fa9c2","Global","Label","DEFAULT",true,true,false
0x000fa9e0,"DAT_000fa9e0","Global","Label","DEFAULT",true,true,false
0x000fa9e4,"FUN_000fa9e4","Global","Function","DEFAULT",true,false,false
0x000fa9e5,"FUN_000fa9e4+1","Global","Label","DEFAULT",true,true,false
0x000faa24,"LAB_000faa24","Global","Label","DEFAULT",true,true,false
0x000faa28,"LAB_000faa28","Global","Label","DEFAULT",true,true,false
0x000faa2c,"DAT_000faa2c","Global","Label","DEFAULT",true,true,false
0x000faa30,"FUN_000faa30","Global","Function","DEFAULT",true,false,false
0x000faa60,"LAB_000faa60","Global","Label","DEFAULT",true,true,false
0x000faa66,"FUN_000faa66","Global","Function","DEFAULT",true,false,false
0x000faa8e,"LAB_000faa8e","Global","Label","DEFAULT",true,true,false
0x000faa9e,"LAB_000faa9e","Global","Label","DEFAULT",true,true,false
0x000faaaa,"LAB_000faaaa","Global","Label","DEFAULT",true,true,false
0x000faaae,"LAB_000faaae","Global","Label","DEFAULT",true,true,false
0x000faab6,"LAB_000faab6","Global","Label","DEFAULT",true,true,false
0x000faaba,"FUN_000faaba","Global","Function","DEFAULT",true,false,false
0x000faac6,"LAB_000faac6","Global","Label","DEFAULT",true,true,false
0x000faac8,"FUN_000faac8","Global","Function","DEFAULT",true,false,false
0x000faad4,"DAT_000faad4","Global","Label","DEFAULT",true,true,false
0x000faad8,"FUN_000faad8","Global","Function","DEFAULT",true,false,false
0x000faae0,"DAT_000faae0","Global","Label","DEFAULT",true,true,false
0x000faae5,"LAB_000faae4+1","Global","Label","DEFAULT",true,true,false
0x000faaec,"DAT_000faaec","Global","Label","DEFAULT",true,true,false
0x000faaf1,"LAB_000faaf0+1","Global","Label","DEFAULT",true,true,false
0x000faaf8,"DAT_000faaf8","Global","Label","DEFAULT",true,true,false
0x000faafc,"FUN_000faafc","Global","Function","DEFAULT",true,false,false
0x000fab04,"gap_params_init","Global","Function","USER_DEFINED",true,false,false
0x000fab4a,"LAB_000fab4a","Global","Label","DEFAULT",true,true,false
0x000fab56,"LAB_000fab56","Global","Label","DEFAULT",true,true,false
0x000fabc4,"LAB_000fabc4","Global","Label","DEFAULT",true,true,false
0x000fabd6,"LAB_000fabd6","Global","Label","DEFAULT",true,true,false
0x000fabdc,"DAT_000fabdc","Global","Label","DEFAULT",true,true,false
0x000fabe0,"DAT_000fabe0","Global","Label","DEFAULT",true,true,false
0x000fabe4,"s_B210_DFU_000fabe4","Global","Label","DEFAULT",true,true,false
0x000fabf0,"DAT_000fabf0","Global","Label","DEFAULT",true,true,false
0x000fabf4,"FUN_000fabf4","Global","Function","DEFAULT",true,false,false
0x000fac18,"LAB_000fac18","Global","Label","DEFAULT",true,true,false
0x000fac20,"LAB_000fac20","Global","Label","DEFAULT",true,true,false
0x000fac22,"LAB_000fac22","Global","Label","DEFAULT",true,true,false
0x000fac24,"LAB_000fac24","Global","Label","DEFAULT",true,true,false
0x000fac2a,"LAB_000fac2a","Global","Label","DEFAULT",true,true,false
0x000fac30,"LAB_000fac30","Global","Label","DEFAULT",true,true,false
0x000fac34,"DAT_000fac34","Global","Label","DEFAULT",true,true,false
0x000fac38,"DAT_000fac38","Global","Label","DEFAULT",true,true,false
0x000fac3c,"FUN_000fac3c","Global","Function","DEFAULT",true,false,false
0x000fac4e,"LAB_000fac4e","Global","Label","DEFAULT",true,true,false
0x000fac52,"LAB_000fac52","Global","Label","DEFAULT",true,true,false
0x000fac6e,"LAB_000fac6e","Global","Label","DEFAULT",true,true,false
0x000fac78,"LAB_000fac78","Global","Label","DEFAULT",true,true,false
0x000fac7c,"LAB_000fac7c","Global","Label","DEFAULT",true,true,false
0x000facc0,"LAB_000facc0","Global","Label","DEFAULT",true,true,false
0x000facc8,"DAT_000facc8","Global","Label","DEFAULT",true,true,false
0x000faccd,"LAB_000faccc+1","Global","Label","DEFAULT",true,true,false
0x000facd5,"LAB_000facd4+1","Global","Label","DEFAULT",true,true,false
0x000facdc,"DAT_000facdc","Global","Label","DEFAULT",true,true,false
0x000face0,"FUN_000face0","Global","Function","DEFAULT",true,false,false
0x000face1,"FUN_000face0+1","Global","Label","DEFAULT",true,true,false
0x000fad0a,"LAB_000fad0a","Global","Label","DEFAULT",true,true,false
0x000fad10,"DAT_000fad10","Global","Label","DEFAULT",true,true,false
0x000fad14,"DAT_000fad14","Global","Label","DEFAULT",true,true,false
0x000fad19,"LAB_000fad18+1","Global","Label","DEFAULT",true,true,false
0x000fad22,"LAB_000fad22","Global","Label","DEFAULT",true,true,false
0x000fad24,"DAT_000fad24","Global","Label","DEFAULT",true,true,false
0x000fad29,"LAB_000fad28+1","Global","Label","DEFAULT",true,true,false
0x000fad32,"LAB_000fad32","Global","Label","DEFAULT",true,true,false
0x000fad34,"DAT_000fad34","Global","Label","DEFAULT",true,true,false
0x000fad38,"FUN_000fad38","Global","Function","DEFAULT",true,false,false
0x000fad54,"LAB_000fad54","Global","Label","DEFAULT",true,true,false
0x000fad56,"LAB_000fad56","Global","Label","DEFAULT",true,true,false
0x000fad6a,"LAB_000fad6a","Global","Label","DEFAULT",true,true,false
0x000fad6c,"LAB_000fad6c","Global","Label","DEFAULT",true,true,false
0x000fad7c,"LAB_000fad7c","Global","Label","DEFAULT",true,true,false
0x000fad7e,"LAB_000fad7e","Global","Label","DEFAULT",true,true,false
0x000fad8a,"LAB_000fad8a","Global","Label","DEFAULT",true,true,false
0x000fad8c,"LAB_000fad8c","Global","Label","DEFAULT",true,true,false
0x000fad90,"DAT_000fad90","Global","Label","DEFAULT",true,true,false
0x000fad94,"DAT_000fad94","Global","Label","DEFAULT",true,true,false
0x000fad98,"FUN_000fad98","Global","Function","DEFAULT",true,false,false
0x000fadc4,"LAB_000fadc4","Global","Label","DEFAULT",true,true,false
0x000fadc8,"FUN_000fadc8","Global","Function","DEFAULT",true,false,false
0x000fadc9,"FUN_000fadc8+1","Global","Label","DEFAULT",true,true,false
0x000fadea,"LAB_000fadea","Global","Label","DEFAULT",true,true,false
0x000fadef,"LAB_000fadee+1","Global","Label","DEFAULT",true,true,false
0x000fadf0,"LAB_000fadf0","Global","Label","DEFAULT",true,true,false
0x000fadf4,"LAB_000fadf4","Global","Label","DEFAULT",true,true,false
0x000fadf8,"FUN_000fadf8","Global","Function","DEFAULT",true,false,false
0x000fae04,"LAB_000fae04","Global","Label","DEFAULT",true,true,false
0x000fae08,"FUN_000fae08","Global","Function","DEFAULT",true,false,false
0x000fae1a,"LAB_000fae1a","Global","Label","DEFAULT",true,true,false
0x000fae1e,"LAB_000fae1e","Global","Label","DEFAULT",true,true,false
0x000fae2e,"FUN_000fae2e","Global","Function","DEFAULT",true,false,false
0x000fae42,"LAB_000fae42","Global","Label","DEFAULT",true,true,false
0x000fae44,"FUN_000fae44","Global","Function","DEFAULT",true,false,false
0x000fae56,"LAB_000fae56","Global","Label","DEFAULT",true,true,false
0x000fae5a,"FUN_000fae5a","Global","Function","DEFAULT",true,false,false
0x000fae6e,"LAB_000fae6e","Global","Label","DEFAULT",true,true,false
0x000fae70,"FUN_000fae70","Global","Function","DEFAULT",true,false,false
0x000fae82,"LAB_000fae82","Global","Label","DEFAULT",true,true,false
0x000fae86,"FUN_000fae86","Global","Function","DEFAULT",true,false,false
0x000fae8c,"FUN_000fae8c","Global","Function","DEFAULT",true,false,false
0x000fae92,"LAB_000fae92","Global","Label","DEFAULT",true,true,false
0x000fae9e,"LAB_000fae9e","Global","Label","DEFAULT",true,true,false
0x000faea8,"FUN_000faea8","Global","Function","DEFAULT",true,false,false
0x000faeb2,"FUN_000faeb2","Global","Function","DEFAULT",true,false,false
0x000faeea,"LAB_000faeea","Global","Label","DEFAULT",true,true,false
0x000faef6,"FUN_000faef6","Global","Function","DEFAULT",true,false,false
0x000faf26,"FUN_000faf26","Global","Function","DEFAULT",true,false,false
0x000faf38,"LAB_000faf38","Global","Label","DEFAULT",true,true,false
0x000faf3c,"LAB_000faf3c","Global","Label","DEFAULT",true,true,false
0x000faf46,"LAB_000faf46","Global","Label","DEFAULT",true,true,false
0x000faf56,"nrf_bootloader_app_start","Global","Function","USER_DEFINED",true,false,false
0x000faf7c,"LAB_000faf7c","Global","Label","DEFAULT",true,true,false
0x000faf90,"LAB_000faf90","Global","Label","DEFAULT",true,true,false
0x000fafb4,"LAB_000fafb4","Global","Label","DEFAULT",true,true,false
0x000fafd4,"DAT_000fafd4","Global","Label","DEFAULT",true,true,false
0x000fafd8,"DAT_000fafd8","Global","Label","DEFAULT",true,true,false
0x000fafdc,"FUN_000fafdc","Global","Function","DEFAULT",true,false,false
0x000faffc,"LAB_000faffc","Global","Label","DEFAULT",true,true,false
0x000fb000,"DAT_000fb000","Global","Label","DEFAULT",true,true,false
0x000fb004,"nrf_bootloader_acl_add","Global","Function","USER_DEFINED",true,false,false
0x000fb010,"LAB_000fb010","Global","Label","DEFAULT",true,true,false
0x000fb014,"LAB_000fb014","Global","Label","DEFAULT",true,true,false
0x000fb020,"LAB_000fb020","Global","Label","DEFAULT",true,true,false
0x000fb03c,"DAT_000fb03c","Global","Label","DEFAULT",true,true,false
0x000fb040,"DAT_000fb040","Global","Label","DEFAULT",true,true,false
0x000fb044,"nrf_bootloader_fw_activate","Global","Function","USER_DEFINED",true,false,false
0x000fb062,"LAB_000fb062","Global","Label","DEFAULT",true,true,false
0x000fb068,"LAB_000fb068","Global","Label","DEFAULT",true,true,false
0x000fb06e,"LAB_000fb06e","Global","Label","DEFAULT",true,true,false
0x000fb074,"LAB_000fb074","Global","Label","DEFAULT",true,true,false
0x000fb07e,"LAB_000fb07e","Global","Label","DEFAULT",true,true,false
0x000fb080,"LAB_000fb080","Global","Label","DEFAULT",true,true,false
0x000fb096,"LAB_000fb096","Global","Label","DEFAULT",true,true,false
0x000fb098,"LAB_000fb098","Global","Label","DEFAULT",true,true,false
0x000fb0ac,"DAT_000fb0ac","Global","Label","DEFAULT",true,true,false
0x000fb0b0,"DAT_000fb0b0","Global","Label","DEFAULT",true,true,false
0x000fb0b4,"DAT_000fb0b4","Global","Label","DEFAULT",true,true,false
0x000fb0b8,"nrf_bootloader_main","Global","Function","USER_DEFINED",true,false,false
0x000fb0da,"LAB_000fb0da","Global","Label","DEFAULT",true,true,false
0x000fb0e0,"LAB_000fb0e0","Global","Label","DEFAULT",true,true,false
0x000fb0f4,"LAB_000fb0f4","Global","Label","DEFAULT",true,true,false
0x000fb102,"LAB_000fb102","Global","Label","DEFAULT",true,true,false
0x000fb108,"LAB_000fb108","Global","Label","DEFAULT",true,true,false
0x000fb10a,"LAB_000fb10a","Global","Label","DEFAULT",true,true,false
0x000fb112,"LAB_000fb112","Global","Label","DEFAULT",true,true,false
0x000fb128,"LAB_000fb128","Global","Label","DEFAULT",true,true,false
0x000fb134,"LAB_000fb134","Global","Label","DEFAULT",true,true,false
0x000fb13a,"LAB_000fb13a","Global","Label","DEFAULT",true,true,false
0x000fb13e,"LAB_000fb13e","Global","Label","DEFAULT",true,true,false
0x000fb150,"DAT_000fb150","Global","Label","DEFAULT",true,true,false
0x000fb154,"DAT_000fb154","Global","Label","DEFAULT",true,true,false
0x000fb158,"DAT_000fb158","Global","Label","DEFAULT",true,true,false
0x000fb15c,"DAT_000fb15c","Global","Label","DEFAULT",true,true,false
0x000fb160,"DAT_000fb160","Global","Label","DEFAULT",true,true,false
0x000fb164,"DAT_000fb164","Global","Label","DEFAULT",true,true,false
0x000fb168,"FUN_000fb168","Global","Function","DEFAULT",true,false,false
0x000fb17a,"LAB_000fb17a","Global","Label","DEFAULT",true,true,false
0x000fb190,"LAB_000fb190","Global","Label","DEFAULT",true,true,false
0x000fb194,"DAT_000fb194","Global","Label","DEFAULT",true,true,false
0x000fb198,"FUN_000fb198","Global","Function","DEFAULT",true,false,false
0x000fb1aa,"LAB_000fb1aa","Global","Label","DEFAULT",true,true,false
0x000fb1ac,"FUN_000fb1ac","Global","Function","DEFAULT",true,false,false
0x000fb1bc,"DAT_000fb1bc","Global","Label","DEFAULT",true,true,false
0x000fb1c0,"FUN_000fb1c0","Global","Function","DEFAULT",true,false,false
0x000fb1e0,"LAB_000fb1e0","Global","Label","DEFAULT",true,true,false
0x000fb1f8,"LAB_000fb1f8","Global","Label","DEFAULT",true,true,false
0x000fb1fa,"LAB_000fb1fa","Global","Label","DEFAULT",true,true,false
0x000fb1fc,"DAT_000fb1fc","Global","Label","DEFAULT",true,true,false
0x000fb200,"DAT_000fb200","Global","Label","DEFAULT",true,true,false
0x000fb204,"DAT_000fb204","Global","Label","DEFAULT",true,true,false
0x000fb208,"FUN_000fb208","Global","Function","DEFAULT",true,false,false
0x000fb228,"FUN_000fb228","Global","Function","DEFAULT",true,false,false
0x000fb250,"LAB_000fb250","Global","Label","DEFAULT",true,true,false
0x000fb254,"LAB_000fb254","Global","Label","DEFAULT",true,true,false
0x000fb286,"LAB_000fb286","Global","Label","DEFAULT",true,true,false
0x000fb28c,"DAT_000fb28c","Global","Label","DEFAULT",true,true,false
0x000fb290,"DAT_000fb290","Global","Label","DEFAULT",true,true,false
0x000fb294,"DAT_000fb294","Global","Label","DEFAULT",true,true,false
0x000fb298,"FUN_000fb298","Global","Function","DEFAULT",true,false,false
0x000fb2c6,"LAB_000fb2c6","Global","Label","DEFAULT",true,true,false
0x000fb2c8,"DAT_000fb2c8","Global","Label","DEFAULT",true,true,false
0x000fb2cc,"FUN_000fb2cc","Global","Function","DEFAULT",true,false,false
0x000fb30c,"LAB_000fb30c","Global","Label","DEFAULT",true,true,false
0x000fb310,"LAB_000fb310","Global","Label","DEFAULT",true,true,false
0x000fb316,"LAB_000fb316","Global","Label","DEFAULT",true,true,false
0x000fb31c,"DAT_000fb31c","Global","Label","DEFAULT",true,true,false
0x000fb320,"FUN_000fb320","Global","Function","DEFAULT",true,false,false
0x000fb352,"LAB_000fb352","Global","Label","DEFAULT",true,true,false
0x000fb356,"LAB_000fb356","Global","Label","DEFAULT",true,true,false
0x000fb376,"LAB_000fb376","Global","Label","DEFAULT",true,true,false
0x000fb378,"LAB_000fb378","Global","Label","DEFAULT",true,true,false
0x000fb37e,"LAB_000fb37e","Global","Label","DEFAULT",true,true,false
0x000fb38c,"FUN_000fb38c","Global","Function","DEFAULT",true,false,false
0x000fb3a4,"LAB_000fb3a4","Global","Label","DEFAULT",true,true,false
0x000fb3a6,"LAB_000fb3a6","Global","Label","DEFAULT",true,true,false
0x000fb3ac,"LAB_000fb3ac","Global","Label","DEFAULT",true,true,false
0x000fb3b4,"DAT_000fb3b4","Global","Label","DEFAULT",true,true,false
0x000fb3b8,"FUN_000fb3b8","Global","Function","DEFAULT",true,false,false
0x000fb3dc,"LAB_000fb3dc","Global","Label","DEFAULT",true,true,false
0x000fb3e0,"LAB_000fb3e0","Global","Label","DEFAULT",true,true,false
0x000fb3e2,"LAB_000fb3e2","Global","Label","DEFAULT",true,true,false
0x000fb3e8,"FUN_000fb3e8","Global","Function","DEFAULT",true,false,false
0x000fb400,"LAB_000fb400","Global","Label","DEFAULT",true,true,false
0x000fb40c,"LAB_000fb40c","Global","Label","DEFAULT",true,true,false
0x000fb416,"LAB_000fb416","Global","Label","DEFAULT",true,true,false
0x000fb41c,"DAT_000fb41c","Global","Label","DEFAULT",true,true,false
0x000fb420,"DAT_000fb420","Global","Label","DEFAULT",true,true,false
0x000fb424,"DAT_000fb424","Global","Label","DEFAULT",true,true,false
0x000fb428,"FUN_000fb428","Global","Function","DEFAULT",true,false,false
0x000fb442,"FUN_000fb442","Global","Function","DEFAULT",true,false,false
0x000fb458,"FUN_000fb458","Global","Function","DEFAULT",true,false,false
0x000fb466,"LAB_000fb466","Global","Label","DEFAULT",true,true,false
0x000fb46c,"LAB_000fb46c","Global","Label","DEFAULT",true,true,false
0x000fb470,"FUN_000fb470","Global","Function","DEFAULT",true,false,false
0x000fb47e,"LAB_000fb47e","Global","Label","DEFAULT",true,true,false
0x000fb484,"LAB_000fb484","Global","Label","DEFAULT",true,true,false
0x000fb48a,"FUN_000fb48a","Global","Function","DEFAULT",true,false,false
0x000fb496,"LAB_000fb496","Global","Label","DEFAULT",true,true,false
0x000fb49c,"LAB_000fb49c","Global","Label","DEFAULT",true,true,false
0x000fb4a0,"FUN_000fb4a0","Global","Function","DEFAULT",true,false,false
0x000fb4a8,"LAB_000fb4a8","Global","Label","DEFAULT",true,true,false
0x000fb4b0,"LAB_000fb4b0","Global","Label","DEFAULT",true,true,false
0x000fb4b6,"FUN_000fb4b6","Global","Function","DEFAULT",true,false,false
0x000fb4bc,"LAB_000fb4bc","Global","Label","DEFAULT",true,true,false
0x000fb4c8,"LAB_000fb4c8","Global","Label","DEFAULT",true,true,false
0x000fb4d0,"FUN_000fb4d0","Global","Function","DEFAULT",true,false,false
0x000fb4ec,"LAB_000fb4ec","Global","Label","DEFAULT",true,true,false
0x000fb4f4,"DAT_000fb4f4","Global","Label","DEFAULT",true,true,false
0x000fb4f8,"FUN_000fb4f8","Global","Function","DEFAULT",true,false,false
0x000fb514,"DAT_000fb514","Global","Label","DEFAULT",true,true,false
0x000fb518,"FUN_000fb518","Global","Function","DEFAULT",true,false,false
0x000fb528,"DAT_000fb528","Global","Label","DEFAULT",true,true,false
0x000fb52c,"FUN_000fb52c","Global","Function","DEFAULT",true,false,false
0x000fb53c,"LAB_000fb53c","Global","Label","DEFAULT",true,true,false
0x000fb54a,"LAB_000fb54a","Global","Label","DEFAULT",true,true,false
0x000fb558,"LAB_000fb558","Global","Label","DEFAULT",true,true,false
0x000fb568,"LAB_000fb568","Global","Label","DEFAULT",true,true,false
0x000fb57e,"LAB_000fb57e","Global","Label","DEFAULT",true,true,false
0x000fb582,"LAB_000fb582","Global","Label","DEFAULT",true,true,false
0x000fb586,"LAB_000fb586","Global","Label","DEFAULT",true,true,false
0x000fb58c,"LAB_000fb58c","Global","Label","DEFAULT",true,true,false
0x000fb58e,"LAB_000fb58e","Global","Label","DEFAULT",true,true,false
0x000fb5a2,"LAB_000fb5a2","Global","Label","DEFAULT",true,true,false
0x000fb5a6,"LAB_000fb5a6","Global","Label","DEFAULT",true,true,false
0x000fb5aa,"LAB_000fb5aa","Global","Label","DEFAULT",true,true,false
0x000fb5b4,"LAB_000fb5b4","Global","Label","DEFAULT",true,true,false
0x000fb5b8,"DAT_000fb5b8","Global","Label","DEFAULT",true,true,false
0x000fb5bc,"DAT_000fb5bc","Global","Label","DEFAULT",true,true,false
0x000fb5c0,"DAT_000fb5c0","Global","Label","DEFAULT",true,true,false
0x000fb5c4,"FUN_000fb5c4","Global","Function","DEFAULT",true,false,false
0x000fb5ce,"switchD","switchD_000fb5ce","Label","ANALYSIS",true,false,false
0x000fb5d2,"switchdataD_000fb5d2","switchD_000fb5ce","Label","ANALYSIS",true,false,false
0x000fb5dc,"caseD_1","switchD_000fb5ce","Label","ANALYSIS",true,false,false
0x000fb5f2,"caseD_0","switchD_000fb5ce","Label","ANALYSIS",true,false,false
0x000fb5f2,"caseD_2","switchD_000fb5ce","Label","ANALYSIS",false,false,false
0x000fb5f2,"caseD_5","switchD_000fb5ce","Label","ANALYSIS",false,false,false
0x000fb5f2,"caseD_7","switchD_000fb5ce","Label","ANALYSIS",false,false,false
0x000fb5f4,"caseD_3","switchD_000fb5ce","Label","ANALYSIS",true,false,false
0x000fb5f8,"caseD_8","switchD_000fb5ce","Label","ANALYSIS",true,false,false
0x000fb61c,"caseD_4","switchD_000fb5ce","Label","ANALYSIS",true,false,false
0x000fb642,"caseD_6","switchD_000fb5ce","Label","ANALYSIS",true,false,false
0x000fb64a,"LAB_000fb64a","Global","Label","DEFAULT",true,true,false
0x000fb654,"DAT_000fb654","Global","Label","DEFAULT",true,true,false
0x000fb658,"FUN_000fb658","Global","Function","DEFAULT",true,false,false
0x000fb666,"switchD","switchD_000fb666","Label","ANALYSIS",true,false,false
0x000fb66a,"switchdataD_000fb66a","switchD_000fb666","Label","ANALYSIS",true,false,false
0x000fb674,"caseD_1","switchD_000fb666","Label","ANALYSIS",true,false,false
0x000fb67a,"caseD_8","switchD_000fb666","Label","ANALYSIS",true,false,false
0x000fb680,"caseD_3","switchD_000fb666","Label","ANALYSIS",true,false,false
0x000fb688,"caseD_4","switchD_000fb666","Label","ANALYSIS",true,false,false
0x000fb69c,"LAB_000fb69c","Global","Label","DEFAULT",true,true,false
0x000fb6b4,"caseD_6","switchD_000fb666","Label","ANALYSIS",true,false,false
0x000fb6c0,"caseD_0","switchD_000fb666","Label","ANALYSIS",true,false,false
0x000fb6c0,"caseD_2","switchD_000fb666","Label","ANALYSIS",false,false,false
0x000fb6c0,"caseD_5","switchD_000fb666","Label","ANALYSIS",false,false,false
0x000fb6c0,"caseD_7","switchD_000fb666","Label","ANALYSIS",false,false,false
0x000fb6c4,"DAT_000fb6c4","Global","Label","DEFAULT",true,true,false
0x000fb6c8,"DAT_000fb6c8","Global","Label","DEFAULT",true,true,false
0x000fb6cc,"FUN_000fb6cc","Global","Function","DEFAULT",true,false,false
0x000fb6d8,"DAT_000fb6d8","Global","Label","DEFAULT",true,true,false
0x000fb6dc,"FUN_000fb6dc","Global","Function","DEFAULT",true,false,false
0x000fb6e2,"LAB_000fb6e2","Global","Label","DEFAULT",true,true,false
0x000fb6e4,"LAB_000fb6e4","Global","Label","DEFAULT",true,true,false
0x000fb6ec,"DAT_000fb6ec","Global","Label","DEFAULT",true,true,false
0x000fb6f0,"DAT_000fb6f0","Global","Label","DEFAULT",true,true,false
0x000fb6f4,"DAT_000fb6f4","Global","Label","DEFAULT",true,true,false
0x000fb6f8,"FUN_000fb6f8","Global","Function","DEFAULT",true,false,false
0x000fb70c,"DAT_000fb70c","Global","Label","DEFAULT",true,true,false
0x000fb710,"FUN_000fb710","Global","Function","DEFAULT",true,false,false
0x000fb730,"LAB_000fb730","Global","Label","DEFAULT",true,true,false
0x000fb734,"DAT_000fb734","Global","Label","DEFAULT",true,true,false
0x000fb738,"DAT_000fb738","Global","Label","DEFAULT",true,true,false
0x000fb73c,"FUN_000fb73c","Global","Function","DEFAULT",true,false,false
0x000fb740,"nrf_dfu_mbr_copy_bl","Global","Function","USER_DEFINED",true,false,false
0x000fb758,"FUN_000fb758","Global","Function","DEFAULT",true,false,false
0x000fb76c,"DAT_000fb76c","Global","Label","DEFAULT",true,true,false
0x000fb770,"FUN_000fb770","Global","Function","DEFAULT",true,false,false
0x000fb77c,"LAB_000fb77c","Global","Label","DEFAULT",true,true,false
0x000fb7a4,"LAB_000fb7a4","Global","Label","DEFAULT",true,true,false
0x000fb7a6,"LAB_000fb7a6","Global","Label","DEFAULT",true,true,false
0x000fb7aa,"LAB_000fb7aa","Global","Label","DEFAULT",true,true,false
0x000fb7bc,"DAT_000fb7bc","Global","Label","DEFAULT",true,true,false
0x000fb7c0,"FUN_000fb7c0","Global","Function","DEFAULT",true,false,false
0x000fb7cc,"LAB_000fb7cc","Global","Label","DEFAULT",true,true,false
0x000fb7d0,"DAT_000fb7d0","Global","Label","DEFAULT",true,true,false
0x000fb7d5,"DAT_000fb7d5","Global","Label","DEFAULT",true,true,false
0x000fb7d8,"FUN_000fb7d8","Global","Function","DEFAULT",true,false,false
0x000fb7f6,"switchD","switchD_000fb7f6","Label","ANALYSIS",true,false,false
0x000fb7fa,"switchdataD_000fb7fa","switchD_000fb7f6","Label","ANALYSIS",true,false,false
0x000fb808,"caseD_c","switchD_000fb7f6","Label","ANALYSIS",true,false,false
0x000fb810,"caseD_1","switchD_000fb7f6","Label","ANALYSIS",true,false,false
0x000fb810,"caseD_3","switchD_000fb7f6","Label","ANALYSIS",false,false,false
0x000fb810,"caseD_4","switchD_000fb7f6","Label","ANALYSIS",false,false,false
0x000fb810,"caseD_6","switchD_000fb7f6","Label","ANALYSIS",false,false,false
0x000fb810,"caseD_8","switchD_000fb7f6","Label","ANALYSIS",false,false,false
0x000fb81c,"LAB_000fb81c","Global","Label","DEFAULT",true,true,false
0x000fb820,"LAB_000fb820","Global","Label","DEFAULT",true,true,false
0x000fb832,"LAB_000fb832","Global","Label","DEFAULT",true,true,false
0x000fb838,"LAB_000fb838","Global","Label","DEFAULT",true,true,false
0x000fb83e,"LAB_000fb83e","Global","Label","DEFAULT",true,true,false
0x000fb842,"caseD_0","switchD_000fb7f6","Label","ANALYSIS",true,false,false
0x000fb842,"caseD_5","switchD_000fb7f6","Label","ANALYSIS",false,false,false
0x000fb842,"caseD_7","switchD_000fb7f6","Label","ANALYSIS",false,false,false
0x000fb842,"caseD_9","switchD_000fb7f6","Label","ANALYSIS",false,false,false
0x000fb842,"caseD_a","switchD_000fb7f6","Label","ANALYSIS",false,false,false
0x000fb842,"caseD_b","switchD_000fb7f6","Label","ANALYSIS",false,false,false
0x000fb844,"LAB_000fb844","Global","Label","DEFAULT",true,true,false
0x000fb848,"caseD_2","switchD_000fb7f6","Label","ANALYSIS",true,false,false
0x000fb860,"DAT_000fb860","Global","Label","DEFAULT",true,true,false
0x000fb864,"DAT_000fb864","Global","Label","DEFAULT",true,true,false
0x000fb868,"FUN_000fb868","Global","Function","DEFAULT",true,false,false
0x000fb87a,"LAB_000fb87a","Global","Label","DEFAULT",true,true,false
0x000fb880,"DAT_000fb880","Global","Label","DEFAULT",true,true,false
0x000fb884,"DAT_000fb884","Global","Label","DEFAULT",true,true,false
0x000fb889,"LAB_000fb888+1","Global","Label","DEFAULT",true,true,false
0x000fb89a,"switchD","switchD_000fb89a","Label","ANALYSIS",true,false,false
0x000fb89e,"switchdataD_000fb89e","switchD_000fb89a","Label","ANALYSIS",true,false,false
0x000fb8a4,"LAB_000fb8a4","Global","Label","DEFAULT",true,true,false
0x000fb8a6,"default","switchD_000fb89a","Label","ANALYSIS",true,false,false
0x000fb8a8,"caseD_1","switchD_000fb89a","Label","ANALYSIS",true,false,false
0x000fb8b8,"caseD_2","switchD_000fb89a","Label","ANALYSIS",true,false,false
0x000fb8bc,"caseD_0","switchD_000fb89a","Label","ANALYSIS",true,false,false
0x000fb8bc,"caseD_3","switchD_000fb89a","Label","ANALYSIS",false,false,false
0x000fb8bc,"caseD_4","switchD_000fb89a","Label","ANALYSIS",false,false,false
0x000fb8c1,"LAB_000fb8c0+1","Global","Label","DEFAULT",true,true,false
0x000fb8d6,"LAB_000fb8d6","Global","Label","DEFAULT",true,true,false
0x000fb8d8,"LAB_000fb8d8","Global","Label","DEFAULT",true,true,false
0x000fb8dc,"LAB_000fb8dc","Global","Label","DEFAULT",true,true,false
0x000fb8e4,"FUN_000fb8e4","Global","Function","DEFAULT",true,false,false
0x000fb8fa,"LAB_000fb8fa","Global","Label","DEFAULT",true,true,false
0x000fb90e,"LAB_000fb90e","Global","Label","DEFAULT",true,true,false
0x000fb914,"DAT_000fb914","Global","Label","DEFAULT",true,true,false
0x000fb918,"FUN_000fb918","Global","Function","DEFAULT",true,false,false
0x000fb928,"LAB_000fb928","Global","Label","DEFAULT",true,true,false
0x000fb92c,"DAT_000fb92c","Global","Label","DEFAULT",true,true,false
0x000fb930,"bootloader_adv_name_record_valid","Global","Function","USER_DEFINED",true,false,false
0x000fb948,"LAB_000fb948","Global","Label","DEFAULT",true,true,false
0x000fb94c,"DAT_000fb94c","Global","Label","DEFAULT",true,true,false
0x000fb950,"bootloader_adv_name_record_write","Global","Function","USER_DEFINED",true,false,false
0x000fb968,"LAB_000fb968","Global","Label","DEFAULT",true,true,false
0x000fb96c,"LAB_000fb96c","Global","Label","DEFAULT",true,true,false
0x000fb984,"DAT_000fb984","Global","Label","DEFAULT",true,true,false
0x000fb988,"FUN_000fb988","Global","Function","DEFAULT",true,false,false
0x000fb990,"DAT_000fb990","Global","Label","DEFAULT",true,true,false
0x000fb994,"FUN_000fb994","Global","Function","DEFAULT",true,false,false
0x000fb9aa,"LAB_000fb9aa","Global","Label","DEFAULT",true,true,false
0x000fb9ac,"LAB_000fb9ac","Global","Label","DEFAULT",true,true,false
0x000fb9b0,"FUN_000fb9b0","Global","Function","DEFAULT",true,false,false
0x000fb9d4,"DAT_000fb9d4","Global","Label","DEFAULT",true,true,false
0x000fb9d8,"nrf_dfu_settings_init","Global","Function","USER_DEFINED",true,false,false
0x000fba0c,"LAB_000fba0c","Global","Label","DEFAULT",true,true,false
0x000fba10,"LAB_000fba10","Global","Label","DEFAULT",true,true,false
0x000fba12,"LAB_000fba12","Global","Label","DEFAULT",true,true,false
0x000fba46,"LAB_000fba46","Global","Label","DEFAULT",true,true,false
0x000fba4e,"LAB_000fba4e","Global","Label","DEFAULT",true,true,false
0x000fba52,"LAB_000fba52","Global","Label","DEFAULT",true,true,false
0x000fba86,"LAB_000fba86","Global","Label","DEFAULT",true,true,false
0x000fba8a,"LAB_000fba8a","Global","Label","DEFAULT",true,true,false
0x000fba8e,"LAB_000fba8e","Global","Label","DEFAULT",true,true,false
0x000fba98,"DAT_000fba98","Global","Label","DEFAULT",true,true,false
0x000fba9c,"DAT_000fba9c","Global","Label","DEFAULT",true,true,false
0x000fbaa0,"DAT_000fbaa0","Global","Label","DEFAULT",true,true,false
0x000fbaa4,"DAT_000fbaa4","Global","Label","DEFAULT",true,true,false
0x000fbaa8,"DAT_000fbaa8","Global","Label","DEFAULT",true,true,false
0x000fbaac,"FUN_000fbaac","Global","Function","DEFAULT",true,false,false
0x000fbad8,"DAT_000fbad8","Global","Label","DEFAULT",true,true,false
0x000fbadc,"DAT_000fbadc","Global","Label","DEFAULT",true,true,false
0x000fbae0,"FUN_000fbae0","Global","Function","DEFAULT",true,false,false
0x000fbaf6,"LAB_000fbaf6","Global","Label","DEFAULT",true,true,false
0x000fbafc,"DAT_000fbafc","Global","Label","DEFAULT",true,true,false
0x000fbb00,"FUN_000fbb00","Global","Function","DEFAULT",true,false,false
0x000fbb08,"FUN_000fbb08","Global","Function","DEFAULT",true,false,false
0x000fbb1c,"LAB_000fbb1c","Global","Label","DEFAULT",true,true,false
0x000fbb2c,"LAB_000fbb2c","Global","Label","DEFAULT",true,true,false
0x000fbb30,"LAB_000fbb30","Global","Label","DEFAULT",true,true,false
0x000fbb34,"DAT_000fbb34","Global","Label","DEFAULT",true,true,false
0x000fbb38,"DAT_000fbb38","Global","Label","DEFAULT",true,true,false
0x000fbb3c,"FUN_000fbb3c","Global","Function","DEFAULT",true,false,false
0x000fbb50,"LAB_000fbb50","Global","Label","DEFAULT",true,true,false
0x000fbb5e,"LAB_000fbb5e","Global","Label","DEFAULT",true,true,false
0x000fbb62,"LAB_000fbb62","Global","Label","DEFAULT",true,true,false
0x000fbb68,"DAT_000fbb68","Global","Label","DEFAULT",true,true,false
0x000fbb6c,"DAT_000fbb6c","Global","Label","DEFAULT",true,true,false
0x000fbb70,"FUN_000fbb70","Global","Function","DEFAULT",true,false,false
0x000fbb76,"nrf_dfu_validation_boot_validate","Global","Function","USER_DEFINED",true,false,false
0x000fbb8e,"LAB_000fbb8e","Global","Label","DEFAULT",true,true,false
0x000fbb9c,"LAB_000fbb9c","Global","Label","DEFAULT",true,true,false
0x000fbb9e,"LAB_000fbb9e","Global","Label","DEFAULT",true,true,false
0x000fbba0,"LAB_000fbba0","Global","Label","DEFAULT",true,true,false
0x000fbbb0,"LAB_000fbbb0","Global","Label","DEFAULT",true,true,false
0x000fbbc0,"LAB_000fbbc0","Global","Label","DEFAULT",true,true,false
0x000fbbc4,"LAB_000fbbc4","Global","Label","DEFAULT",true,true,false
0x000fbbf2,"LAB_000fbbf2","Global","Label","DEFAULT",true,true,false
0x000fbc14,"LAB_000fbc14","Global","Label","DEFAULT",true,true,false
0x000fbc16,"LAB_000fbc16","Global","Label","DEFAULT",true,true,false
0x000fbc20,"DAT_000fbc20","Global","Label","DEFAULT",true,true,false
0x000fbc24,"DAT_000fbc24","Global","Label","DEFAULT",true,true,false
0x000fbc28,"FUN_000fbc28","Global","Function","DEFAULT",true,false,false
0x000fbc3c,"LAB_000fbc3c","Global","Label","DEFAULT",true,true,false
0x000fbc3e,"LAB_000fbc3e","Global","Label","DEFAULT",true,true,false
0x000fbc44,"DAT_000fbc44","Global","Label","DEFAULT",true,true,false
0x000fbc48,"DAT_000fbc48","Global","Label","DEFAULT",true,true,false
0x000fbc4c,"FUN_000fbc4c","Global","Function","DEFAULT",true,false,false
0x000fbc66,"LAB_000fbc66","Global","Label","DEFAULT",true,true,false
0x000fbc88,"LAB_000fbc88","Global","Label","DEFAULT",true,true,false
0x000fbc90,"DAT_000fbc90","Global","Label","DEFAULT",true,true,false
0x000fbc94,"FUN_000fbc94","Global","Function","DEFAULT",true,false,false
0x000fbca8,"LAB_000fbca8","Global","Label","DEFAULT",true,true,false
0x000fbcac,"LAB_000fbcac","Global","Label","DEFAULT",true,true,false
0x000fbcba,"LAB_000fbcba","Global","Label","DEFAULT",true,true,false
0x000fbcc0,"DAT_000fbcc0","Global","Label","DEFAULT",true,true,false
0x000fbcc4,"DAT_000fbcc4","Global","Label","DEFAULT",true,true,false
0x000fbcc8,"FUN_000fbcc8","Global","Function","DEFAULT",true,false,false
0x000fbcde,"LAB_000fbcde","Global","Label","DEFAULT",true,true,false
0x000fbcf6,"LAB_000fbcf6","Global","Label","DEFAULT",true,true,false
0x000fbd2e,"LAB_000fbd2e","Global","Label","DEFAULT",true,true,false
0x000fbd30,"LAB_000fbd30","Global","Label","DEFAULT",true,true,false
0x000fbd3a,"LAB_000fbd3a","Global","Label","DEFAULT",true,true,false
0x000fbd40,"LAB_000fbd40","Global","Label","DEFAULT",true,true,false
0x000fbd4a,"LAB_000fbd4a","Global","Label","DEFAULT",true,true,false
0x000fbd4c,"LAB_000fbd4c","Global","Label","DEFAULT",true,true,false
0x000fbd54,"DAT_000fbd54","Global","Label","DEFAULT",true,true,false
0x000fbd58,"DAT_000fbd58","Global","Label","DEFAULT",true,true,false
0x000fbd5c,"FUN_000fbd5c","Global","Function","DEFAULT",true,false,false
0x000fbd64,"DAT_000fbd64","Global","Label","DEFAULT",true,true,false
0x000fbd68,"nrf_dfu_validation_prevalidate","Global","Function","USER_DEFINED",true,false,false
0x000fbd8a,"LAB_000fbd8a","Global","Label","DEFAULT",true,true,false
0x000fbda4,"LAB_000fbda4","Global","Label","DEFAULT",true,true,false
0x000fbda8,"DAT_000fbda8","Global","Label","DEFAULT",true,true,false
0x000fbdac,"DAT_000fbdac","Global","Label","DEFAULT",true,true,false
0x000fbdb0,"nrf_dfu_validation_signature_check","Global","Function","USER_DEFINED",true,false,false
0x000fbde0,"LAB_000fbde0","Global","Label","DEFAULT",true,true,false
0x000fbde6,"LAB_000fbde6","Global","Label","DEFAULT",true,true,false
0x000fbdea,"LAB_000fbdea","Global","Label","DEFAULT",true,true,false
0x000fbe04,"LAB_000fbe04","Global","Label","DEFAULT",true,true,false
0x000fbe08,"LAB_000fbe08","Global","Label","DEFAULT",true,true,false
0x000fbe3c,"LAB_000fbe3c","Global","Label","DEFAULT",true,true,false
0x000fbe40,"DAT_000fbe40","Global","Label","DEFAULT",true,true,false
0x000fbe44,"DAT_000fbe44","Global","Label","DEFAULT",true,true,false
0x000fbe48,"nrf_dfu_ver_validation_check","Global","Function","USER_DEFINED",true,false,false
0x000fbe66,"LAB_000fbe66","Global","Label","DEFAULT",true,true,false
0x000fbe72,"LAB_000fbe72","Global","Label","DEFAULT",true,true,false
0x000fbe7e,"LAB_000fbe7e","Global","Label","DEFAULT",true,true,false
0x000fbe8c,"LAB_000fbe8c","Global","Label","DEFAULT",true,true,false
0x000fbeac,"LAB_000fbeac","Global","Label","DEFAULT",true,true,false
0x000fbeb0,"LAB_000fbeb0","Global","Label","DEFAULT",true,true,false
0x000fbeb4,"LAB_000fbeb4","Global","Label","DEFAULT",true,true,false
0x000fbeb6,"LAB_000fbeb6","Global","Label","DEFAULT",true,true,false
0x000fbec0,"LAB_000fbec0","Global","Label","DEFAULT",true,true,false
0x000fbec8,"LAB_000fbec8","Global","Label","DEFAULT",true,true,false
0x000fbeca,"LAB_000fbeca","Global","Label","DEFAULT",true,true,false
0x000fbed0,"DAT_000fbed0","Global","Label","DEFAULT",true,true,false
0x000fbed4,"FUN_000fbed4","Global","Function","DEFAULT",true,false,false
0x000fbf00,"FUN_000fbf00","Global","Function","DEFAULT",true,false,false
0x000fbf08,"FUN_000fbf08","Global","Function","DEFAULT",true,false,false
0x000fbf1a,"LAB_000fbf1a","Global","Label","DEFAULT",true,true,false
0x000fbf28,"LAB_000fbf28","Global","Label","DEFAULT",true,true,false
0x000fbf3c,"LAB_000fbf3c","Global","Label","DEFAULT",true,true,false
0x000fbf40,"LAB_000fbf40","Global","Label","DEFAULT",true,true,false
0x000fbf42,"LAB_000fbf42","Global","Label","DEFAULT",true,true,false
0x000fbf50,"DAT_000fbf50","Global","Label","DEFAULT",true,true,false
0x000fbf54,"DAT_000fbf54","Global","Label","DEFAULT",true,true,false
0x000fbf90,"FUN_000fbf90","Global","Function","DEFAULT",true,false,false
0x000fbf9c,"LAB_000fbf9c","Global","Label","DEFAULT",true,true,false
0x000fbfbc,"LAB_000fbfbc","Global","Label","DEFAULT",true,true,false
0x000fbfc8,"LAB_000fbfc8","Global","Label","DEFAULT",true,true,false
0x000fbfd4,"LAB_000fbfd4","Global","Label","DEFAULT",true,true,false
0x000fbfe0,"LAB_000fbfe0","Global","Label","DEFAULT",true,true,false
0x000fbff0,"LAB_000fbff0","Global","Label","DEFAULT",true,true,false
0x000fbffc,"LAB_000fbffc","Global","Label","DEFAULT",true,true,false
0x000fc004,"LAB_000fc004","Global","Label","DEFAULT",true,true,false
0x000fc00c,"LAB_000fc00c","Global","Label","DEFAULT",true,true,false
0x000fc018,"LAB_000fc018","Global","Label","DEFAULT",true,true,false
0x000fc01c,"LAB_000fc01c","Global","Label","DEFAULT",true,true,false
0x000fc024,"LAB_000fc024","Global","Label","DEFAULT",true,true,false
0x000fc028,"DAT_000fc028","Global","Label","DEFAULT",true,true,false
0x000fc02c,"DAT_000fc02c","Global","Label","DEFAULT",true,true,false
0x000fc030,"FUN_000fc030","Global","Function","DEFAULT",true,false,false
0x000fc070,"FUN_000fc070","Global","Function","DEFAULT",true,false,false
0x000fc084,"LAB_000fc084","Global","Label","DEFAULT",true,true,false
0x000fc098,"DAT_000fc098","Global","Label","DEFAULT",true,true,false
0x000fc09c,"DAT_000fc09c","Global","Label","DEFAULT",true,true,false
0x000fc0a0,"FUN_000fc0a0","Global","Function","DEFAULT",true,false,false
0x000fc0b2,"LAB_000fc0b2","Global","Label","DEFAULT",true,true,false
0x000fc0c8,"DAT_000fc0c8","Global","Label","DEFAULT",true,true,false
0x000fc0cc,"DAT_000fc0cc","Global","Label","DEFAULT",true,true,false
0x000fc0d0,"FUN_000fc0d0","Global","Function","DEFAULT",true,false,false
0x000fc0e8,"LAB_000fc0e8","Global","Label","DEFAULT",true,true,false
0x000fc0f0,"LAB_000fc0f0","Global","Label","DEFAULT",true,true,false
0x000fc0f8,"LAB_000fc0f8","Global","Label","DEFAULT",true,true,false
0x000fc10c,"DAT_000fc10c","Global","Label","DEFAULT",true,true,false
0x000fc110,"DAT_000fc110","Global","Label","DEFAULT",true,true,false
0x000fc114,"FUN_000fc114","Global","Function","DEFAULT",true,false,false
0x000fc120,"FUN_000fc120","Global","Function","DEFAULT",true,false,false
0x000fc12c,"LAB_000fc12c","Global","Label","DEFAULT",true,true,false
0x000fc130,"DAT_000fc130","Global","Label","DEFAULT",true,true,false
0x000fc134,"FUN_000fc134","Global","Function","DEFAULT",true,false,false
0x000fc1ce,"LAB_000fc1ce","Global","Label","DEFAULT",true,true,false
0x000fc1d0,"FUN_000fc1d0","Global","Function","DEFAULT",true,false,false
0x000fc1dc,"LAB_000fc1dc","Global","Label","DEFAULT",true,true,false
0x000fc1e0,"DAT_000fc1e0","Global","Label","DEFAULT",true,true,false
0x000fc1e4,"FUN_000fc1e4","Global","Function","DEFAULT",true,false,false
0x000fc1f8,"LAB_000fc1f8","Global","Label","DEFAULT",true,true,false
0x000fc214,"LAB_000fc214","Global","Label","DEFAULT",true,true,false
0x000fc220,"LAB_000fc220","Global","Label","DEFAULT",true,true,false
0x000fc22e,"LAB_000fc22e","Global","Label","DEFAULT",true,true,false
0x000fc236,"LAB_000fc236","Global","Label","DEFAULT",true,true,false
0x000fc23c,"DAT_000fc23c","Global","Label","DEFAULT",true,true,false
0x000fc240,"DAT_000fc240","Global","Label","DEFAULT",true,true,false
0x000fc244,"FUN_000fc244","Global","Function","DEFAULT",true,false,false
0x000fc27e,"LAB_000fc27e","Global","Label","DEFAULT",true,true,false
0x000fc282,"LAB_000fc282","Global","Label","DEFAULT",true,true,false
0x000fc286,"LAB_000fc286","Global","Label","DEFAULT",true,true,false
0x000fc294,"DAT_000fc294","Global","Label","DEFAULT",true,true,false
0x000fc298,"FUN_000fc298","Global","Function","DEFAULT",true,false,false
0x000fc2a4,"LAB_000fc2a4","Global","Label","DEFAULT",true,true,false
0x000fc2d6,"LAB_000fc2d6","Global","Label","DEFAULT",true,true,false
0x000fc2e6,"LAB_000fc2e6","Global","Label","DEFAULT",true,true,false
0x000fc2ea,"LAB_000fc2ea","Global","Label","DEFAULT",true,true,false
0x000fc2ee,"LAB_000fc2ee","Global","Label","DEFAULT",true,true,false
0x000fc300,"DAT_000fc300","Global","Label","DEFAULT",true,true,false
0x000fc304,"DAT_000fc304","Global","Label","DEFAULT",true,true,false
0x000fc308,"DAT_000fc308","Global","Label","DEFAULT",true,true,false
0x000fc30c,"FUN_000fc30c","Global","Function","DEFAULT",true,false,false
0x000fc318,"LAB_000fc318","Global","Label","DEFAULT",true,true,false
0x000fc324,"LAB_000fc324","Global","Label","DEFAULT",true,true,false
0x000fc32c,"DAT_000fc32c","Global","Label","DEFAULT",true,true,false
0x000fc330,"FUN_000fc330","Global","Function","DEFAULT",true,false,false
0x000fc338,"DAT_000fc338","Global","Label","DEFAULT",true,true,false
0x000fc33c,"FUN_000fc33c","Global","Function","DEFAULT",true,false,false
0x000fc34a,"LAB_000fc34a","Global","Label","DEFAULT",true,true,false
0x000fc34e,"LAB_000fc34e","Global","Label","DEFAULT",true,true,false
0x000fc354,"DAT_000fc354","Global","Label","DEFAULT",true,true,false
0x000fc394,"FUN_000fc394","Global","Function","DEFAULT",true,false,false
0x000fc39e,"LAB_000fc39e","Global","Label","DEFAULT",true,true,false
0x000fc3a4,"LAB_000fc3a4","Global","Label","DEFAULT",true,true,false
0x000fc3ae,"LAB_000fc3ae","Global","Label","DEFAULT",true,true,false
0x000fc3b8,"LAB_000fc3b8","Global","Label","DEFAULT",true,true,false
0x000fc3bc,"LAB_000fc3bc","Global","Label","DEFAULT",true,true,false
0x000fc3c2,"FUN_000fc3c2","Global","Function","DEFAULT",true,false,false
0x000fc3e0,"LAB_000fc3e0","Global","Label","DEFAULT",true,true,false
0x000fc3e4,"hardfault_c_handler","Global","Function","USER_DEFINED",true,false,false
0x000fc404,"LAB_000fc404","Global","Label","DEFAULT",true,true,false
0x000fc408,"LAB_000fc408","Global","Label","DEFAULT",true,true,false
0x000fc420,"LAB_000fc420","Global","Label","DEFAULT",true,true,false
0x000fc42a,"LAB_000fc42a","Global","Label","DEFAULT",true,true,false
0x000fc42c,"LAB_000fc42c","Global","Label","DEFAULT",true,true,false
0x000fc432,"LAB_000fc432","Global","Label","DEFAULT",true,true,false
0x000fc438,"DAT_000fc438","Global","Label","DEFAULT",true,true,false
0x000fc43c,"DAT_000fc43c","Global","Label","DEFAULT",true,true,false
0x000fc440,"FUN_000fc440","Global","Function","DEFAULT",true,false,false
0x000fc44a,"LAB_000fc44a","Global","Label","DEFAULT",true,true,false
0x000fc44c,"DAT_000fc44c","Global","Label","DEFAULT",true,true,false
0x000fc450,"FUN_000fc450","Global","Function","DEFAULT",true,false,false
0x000fc456,"LAB_000fc456","Global","Label","DEFAULT",true,true,false
0x000fc460,"DAT_000fc460","Global","Label","DEFAULT",true,true,false
0x000fc464,"DAT_000fc464","Global","Label","DEFAULT",true,true,false
0x000fc468,"FUN_000fc468","Global","Function","DEFAULT",true,false,false
0x000fc496,"LAB_000fc496","Global","Label","DEFAULT",true,true,false
0x000fc4bc,"LAB_000fc4bc","Global","Label","DEFAULT",true,true,false
0x000fc4c4,"LAB_000fc4c4","Global","Label","DEFAULT",true,true,false
0x000fc4d0,"DAT_000fc4d0","Global","Label","DEFAULT",true,true,false
0x000fc4d4,"DAT_000fc4d4","Global","Label","DEFAULT",true,true,false
0x000fc4d8,"DAT_000fc4d8","Global","Label","DEFAULT",true,true,false
0x000fc4dc,"nrf_dfu_data_object_create","Global","Function","USER_DEFINED",true,false,false
0x000fc506,"LAB_000fc506","Global","Label","DEFAULT",true,true,false
0x000fc510,"LAB_000fc510","Global","Label","DEFAULT",true,true,false
0x000fc51c,"LAB_000fc51c","Global","Label","DEFAULT",true,true,false
0x000fc51e,"LAB_000fc51e","Global","Label","DEFAULT",true,true,false
0x000fc522,"LAB_000fc522","Global","Label","DEFAULT",true,true,false
0x000fc544,"LAB_000fc544","Global","Label","DEFAULT",true,true,false
0x000fc548,"DAT_000fc548","Global","Label","DEFAULT",true,true,false
0x000fc54c,"DAT_000fc54c","Global","Label","DEFAULT",true,true,false
0x000fc550,"FUN_000fc550","Global","Function","DEFAULT",true,false,false
0x000fc551,"FUN_000fc550+1","Global","Label","DEFAULT",true,true,false
0x000fc568,"LAB_000fc568","Global","Label","DEFAULT",true,true,false
0x000fc56c,"LAB_000fc56c","Global","Label","DEFAULT",true,true,false
0x000fc5a4,"LAB_000fc5a4","Global","Label","DEFAULT",true,true,false
0x000fc5b4,"DAT_000fc5b4","Global","Label","DEFAULT",true,true,false
0x000fc5b8,"DAT_000fc5b8","Global","Label","DEFAULT",true,true,false
0x000fc5bc,"DAT_000fc5bc","Global","Label","DEFAULT",true,true,false
0x000fc5c0,"DAT_000fc5c0","Global","Label","DEFAULT",true,true,false
0x000fc5c4,"DAT_000fc5c4","Global","Label","DEFAULT",true,true,false
0x000fc5c8,"nrf_dfu_data_object_write","Global","Function","USER_DEFINED",true,false,false
0x000fc5ea,"LAB_000fc5ea","Global","Label","DEFAULT",true,true,false
0x000fc5ec,"LAB_000fc5ec","Global","Label","DEFAULT",true,true,false
0x000fc5f0,"LAB_000fc5f0","Global","Label","DEFAULT",true,true,false
0x000fc5f4,"LAB_000fc5f4","Global","Label","DEFAULT",true,true,false
0x000fc620,"LAB_000fc620","Global","Label","DEFAULT",true,true,false
0x000fc640,"DAT_000fc640","Global","Label","DEFAULT",true,true,false
0x000fc644,"DAT_000fc644","Global","Label","DEFAULT",true,true,false
0x000fc649,"LAB_000fc648+1","Global","Label","DEFAULT",true,true,false
0x000fc650,"DAT_000fc650","Global","Label","DEFAULT",true,true,false
0x000fc654,"FUN_000fc654","Global","Function","DEFAULT",true,false,false
0x000fc65e,"LAB_000fc65e","Global","Label","DEFAULT",true,true,false
0x000fc676,"LAB_000fc676","Global","Label","DEFAULT",true,true,false
0x000fc67c,"DAT_000fc67c","Global","Label","DEFAULT",true,true,false
0x000fc680,"DAT_000fc680","Global","Label","DEFAULT",true,true,false
0x000fc685,"LAB_000fc684+1","Global","Label","DEFAULT",true,true,false
0x000fc68c,"DAT_000fc68c","Global","Label","DEFAULT",true,true,false
0x000fc690,"FUN_000fc690","Global","Function","DEFAULT",true,false,false
0x000fc6e8,"LAB_000fc6e8","Global","Label","DEFAULT",true,true,false
0x000fc6f8,"LAB_000fc6f8","Global","Label","DEFAULT",true,true,false
0x000fc706,"LAB_000fc706","Global","Label","DEFAULT",true,true,false
0x000fc708,"LAB_000fc708","Global","Label","DEFAULT",true,true,false
0x000fc70c,"LAB_000fc70c","Global","Label","DEFAULT",true,true,false
0x000fc710,"DAT_000fc710","Global","Label","DEFAULT",true,true,false
0x000fc714,"DAT_000fc714","Global","Label","DEFAULT",true,true,false
0x000fc719,"LAB_000fc718+1","Global","Label","DEFAULT",true,true,false
0x000fc748,"LAB_000fc748","Global","Label","DEFAULT",true,true,false
0x000fc74a,"LAB_000fc74a","Global","Label","DEFAULT",true,true,false
0x000fc74c,"LAB_000fc74c","Global","Label","DEFAULT",true,true,false
0x000fc75b,"LAB_000fc75a+1","Global","Label","DEFAULT",true,true,false
0x000fc761,"LAB_000fc760+1","Global","Label","DEFAULT",true,true,false
0x000fc767,"LAB_000fc766+1","Global","Label","DEFAULT",true,true,false
0x000fc790,"LAB_000fc790","Global","Label","DEFAULT",true,true,false
0x000fc792,"LAB_000fc792","Global","Label","DEFAULT",true,true,false
0x000fc794,"LAB_000fc794","Global","Label","DEFAULT",true,true,false
0x000fc7a4,"FUN_000fc7a4","Global","Function","DEFAULT",true,false,false
0x000fc7a5,"FUN_000fc7a4+1","Global","Label","DEFAULT",true,true,false
0x000fc7d4,"LAB_000fc7d4","Global","Label","DEFAULT",true,true,false
0x000fc7d8,"LAB_000fc7d8","Global","Label","DEFAULT",true,true,false
0x000fc7de,"LAB_000fc7de","Global","Label","DEFAULT",true,true,false
0x000fc7e4,"FUN_000fc7e4","Global","Function","DEFAULT",true,false,false
0x000fc7e5,"FUN_000fc7e4+1","Global","Label","DEFAULT",true,true,false
0x000fc808,"LAB_000fc808","Global","Label","DEFAULT",true,true,false
0x000fc812,"LAB_000fc812","Global","Label","DEFAULT",true,true,false
0x000fc818,"LAB_000fc818","Global","Label","DEFAULT",true,true,false
0x000fc820,"LAB_000fc820","Global","Label","DEFAULT",true,true,false
0x000fc826,"LAB_000fc826","Global","Label","DEFAULT",true,true,false
0x000fc828,"LAB_000fc828","Global","Label","DEFAULT",true,true,false
0x000fc834,"LAB_000fc834","Global","Label","DEFAULT",true,true,false
0x000fc836,"LAB_000fc836","Global","Label","DEFAULT",true,true,false
0x000fc838,"LAB_000fc838","Global","Label","DEFAULT",true,true,false
0x000fc83c,"FUN_000fc83c","Global","Function","DEFAULT",true,false,false
0x000fc83d,"FUN_000fc83c+1","Global","Label","DEFAULT",true,true,false
0x000fc862,"LAB_000fc862","Global","Label","DEFAULT",true,true,false
0x000fc86c,"LAB_000fc86c","Global","Label","DEFAULT",true,true,false
0x000fc872,"LAB_000fc872","Global","Label","DEFAULT",true,true,false
0x000fc87a,"LAB_000fc87a","Global","Label","DEFAULT",true,true,false
0x000fc880,"LAB_000fc880","Global","Label","DEFAULT",true,true,false
0x000fc88c,"LAB_000fc88c","Global","Label","DEFAULT",true,true,false
0x000fc88e,"LAB_000fc88e","Global","Label","DEFAULT",true,true,false
0x000fc890,"LAB_000fc890","Global","Label","DEFAULT",true,true,false
0x000fc894,"FUN_000fc894","Global","Function","DEFAULT",true,false,false
0x000fc895,"FUN_000fc894+1","Global","Label","DEFAULT",true,true,false
0x000fc8bc,"LAB_000fc8bc","Global","Label","DEFAULT",true,true,false
0x000fc8ca,"LAB_000fc8ca","Global","Label","DEFAULT",true,true,false
0x000fc8d0,"LAB_000fc8d0","Global","Label","DEFAULT",true,true,false
0x000fc8d6,"LAB_000fc8d6","Global","Label","DEFAULT",true,true,false
0x000fc8da,"LAB_000fc8da","Global","Label","DEFAULT",true,true,false
0x000fc8dc,"LAB_000fc8dc","Global","Label","DEFAULT",true,true,false
0x000fc8e4,"LAB_000fc8e4","Global","Label","DEFAULT",true,true,false
0x000fc8e6,"LAB_000fc8e6","Global","Label","DEFAULT",true,true,false
0x000fc8e8,"LAB_000fc8e8","Global","Label","DEFAULT",true,true,false
0x000fc8ec,"FUN_000fc8ec","Global","Function","DEFAULT",true,false,false
0x000fc90a,"FUN_000fc90a","Global","Function","DEFAULT",true,false,false
0x000fc932,"LAB_000fc932","Global","Label","DEFAULT",true,true,false
0x000fc934,"FUN_000fc934","Global","Function","DEFAULT",true,false,false
0x000fc98e,"LAB_000fc98e","Global","Label","DEFAULT",true,true,false
0x000fc990,"FUN_000fc990","Global","Function","DEFAULT",true,false,false
0x000fc9b4,"LAB_000fc9b4","Global","Label","DEFAULT",true,true,false
0x000fc9d8,"LAB_000fc9d8","Global","Label","DEFAULT",true,true,false
0x000fc9e0,"LAB_000fc9e0","Global","Label","DEFAULT",true,true,false
0x000fc9e6,"LAB_000fc9e6","Global","Label","DEFAULT",true,true,false
0x000fc9f0,"LAB_000fc9f0","Global","Label","DEFAULT",true,true,false
0x000fca0a,"LAB_000fca0a","Global","Label","DEFAULT",true,true,false
0x000fca22,"LAB_000fca22","Global","Label","DEFAULT",true,true,false
0x000fca28,"LAB_000fca28","Global","Label","DEFAULT",true,true,false
0x000fca3a,"LAB_000fca3a","Global","Label","DEFAULT",true,true,false
0x000fca60,"LAB_000fca60","Global","Label","DEFAULT",true,true,false
0x000fca64,"LAB_000fca64","Global","Label","DEFAULT",true,true,false
0x000fca66,"LAB_000fca66","Global","Label","DEFAULT",true,true,false
0x000fca6e,"LAB_000fca6e","Global","Label","DEFAULT",true,true,false
0x000fca74,"LAB_000fca74","Global","Label","DEFAULT",true,true,false
0x000fca80,"LAB_000fca80","Global","Label","DEFAULT",true,true,false
0x000fca9c,"LAB_000fca9c","Global","Label","DEFAULT",true,true,false
0x000fcaac,"LAB_000fcaac","Global","Label","DEFAULT",true,true,false
0x000fcab8,"LAB_000fcab8","Global","Label","DEFAULT",true,true,false
0x000fcabc,"LAB_000fcabc","Global","Label","DEFAULT",true,true,false
0x000fcac4,"LAB_000fcac4","Global","Label","DEFAULT",true,true,false
0x000fcae2,"LAB_000fcae2","Global","Label","DEFAULT",true,true,false
0x000fcaec,"LAB_000fcaec","Global","Label","DEFAULT",true,true,false
0x000fcaf6,"LAB_000fcaf6","Global","Label","DEFAULT",true,true,false
0x000fcb12,"LAB_000fcb12","Global","Label","DEFAULT",true,true,false
0x000fcb16,"LAB_000fcb16","Global","Label","DEFAULT",true,true,false
0x000fcb1a,"FUN_000fcb1a","Global","Function","DEFAULT",true,false,false
0x000fcb44,"LAB_000fcb44","Global","Label","DEFAULT",true,true,false
0x000fcb4e,"LAB_000fcb4e","Global","Label","DEFAULT",true,true,false
0x000fcb52,"LAB_000fcb52","Global","Label","DEFAULT",true,true,false
0x000fcb54,"FUN_000fcb54","Global","Function","DEFAULT",true,false,false
0x000fcb8a,"LAB_000fcb8a","Global","Label","DEFAULT",true,true,false
0x000fcb8e,"LAB_000fcb8e","Global","Label","DEFAULT",true,true,false
0x000fcb92,"LAB_000fcb92","Global","Label","DEFAULT",true,true,false
0x000fcb96,"FUN_000fcb96","Global","Function","DEFAULT",true,false,false
0x000fcba6,"LAB_000fcba6","Global","Label","DEFAULT",true,true,false
0x000fcbac,"LAB_000fcbac","Global","Label","DEFAULT",true,true,false
0x000fcbb0,"LAB_000fcbb0","Global","Label","DEFAULT",true,true,false
0x000fcbe0,"FUN_000fcbe0","Global","Function","DEFAULT",true,false,false
0x000fcc00,"LAB_000fcc00","Global","Label","DEFAULT",true,true,false
0x000fcc06,"LAB_000fcc06","Global","Label","DEFAULT",true,true,false
0x000fcc08,"LAB_000fcc08","Global","Label","DEFAULT",true,true,false
0x000fcc26,"LAB_000fcc26","Global","Label","DEFAULT",true,true,false
0x000fcc2c,"nrf_dfu_init_command_decode_callback","Global","Function","USER_DEFINED",true,false,false
0x000fcc2d,"nrf_dfu_init_command_decode_callback+1","Global","Label","DEFAULT",true,true,false
0x000fcc4a,"LAB_000fcc4a","Global","Label","DEFAULT",true,true,false
0x000fcc5c,"LAB_000fcc5c","Global","Label","DEFAULT",true,true,false
0x000fcc5e,"LAB_000fcc5e","Global","Label","DEFAULT",true,true,false
0x000fcc60,"DAT_000fcc60","Global","Label","DEFAULT",true,true,false
0x000fcc64,"DAT_000fcc64","Global","Label","DEFAULT",true,true,false
0x000fcc68,"FUN_000fcc68","Global","Function","DEFAULT",true,false,false
0x000fcc88,"LAB_000fcc88","Global","Label","DEFAULT",true,true,false
0x000fcc8a,"FUN_000fcc8a","Global","Function","DEFAULT",true,false,false
0x000fcc92,"LAB_000fcc92","Global","Label","DEFAULT",true,true,false
0x000fcca8,"LAB_000fcca8","Global","Label","DEFAULT",true,true,false
0x000fccb8,"FUN_000fccb8","Global","Function","DEFAULT",true,false,false
0x000fccd8,"LAB_000fccd8","Global","Label","DEFAULT",true,true,false
0x000fccdc,"LAB_000fccdc","Global","Label","DEFAULT",true,true,false
0x000fcce6,"LAB_000fcce6","Global","Label","DEFAULT",true,true,false
0x000fccf0,"LAB_000fccf0","Global","Label","DEFAULT",true,true,false
0x000fccfe,"LAB_000fccfe","Global","Label","DEFAULT",true,true,false
0x000fcd0a,"LAB_000fcd0a","Global","Label","DEFAULT",true,true,false
0x000fcd12,"LAB_000fcd12","Global","Label","DEFAULT",true,true,false
0x000fcd20,"LAB_000fcd20","Global","Label","DEFAULT",true,true,false
0x000fcd36,"FUN_000fcd36","Global","Function","DEFAULT",true,false,false
0x000fcd64,"LAB_000fcd64","Global","Label","DEFAULT",true,true,false
0x000fcd68,"LAB_000fcd68","Global","Label","DEFAULT",true,true,false
0x000fcd6c,"LAB_000fcd6c","Global","Label","DEFAULT",true,true,false
0x000fcd72,"LAB_000fcd72","Global","Label","DEFAULT",true,true,false
0x000fcd84,"LAB_000fcd84","Global","Label","DEFAULT",true,true,false
0x000fcd8a,"LAB_000fcd8a","Global","Label","DEFAULT",true,true,false
0x000fcd9a,"LAB_000fcd9a","Global","Label","DEFAULT",true,true,false
0x000fcdb8,"LAB_000fcdb8","Global","Label","DEFAULT",true,true,false
0x000fcdbe,"LAB_000fcdbe","Global","Label","DEFAULT",true,true,false
0x000fcdcc,"LAB_000fcdcc","Global","Label","DEFAULT",true,true,false
0x000fcddc,"FUN_000fcddc","Global","Function","DEFAULT",true,false,false
0x000fcdec,"DAT_000fcdec","Global","Label","DEFAULT",true,true,false
0x000fcdf0,"FUN_000fcdf0","Global","Function","DEFAULT",true,false,false
0x000fce18,"LAB_000fce18","Global","Label","DEFAULT",true,true,false
0x000fce1a,"LAB_000fce1a","Global","Label","DEFAULT",true,true,false
0x000fce26,"FUN_000fce26","Global","Function","DEFAULT",true,false,false
0x000fce38,"LAB_000fce38","Global","Label","DEFAULT",true,true,false
0x000fce48,"LAB_000fce48","Global","Label","DEFAULT",true,true,false
0x000fce4c,"FUN_000fce4c","Global","Function","DEFAULT",true,false,false
0x000fce5e,"LAB_000fce5e","Global","Label","DEFAULT",true,true,false
0x000fce6e,"LAB_000fce6e","Global","Label","DEFAULT",true,true,false
0x000fce7c,"LAB_000fce7c","Global","Label","DEFAULT",true,true,false
0x000fce80,"LAB_000fce80","Global","Label","DEFAULT",true,true,false
0x000fce8a,"LAB_000fce8a","Global","Label","DEFAULT",true,true,false
0x000fcea0,"DAT_000fcea0","Global","Label","DEFAULT",true,true,false
0x000fcea4,"FUN_000fcea4","Global","Function","DEFAULT",true,false,false
0x000fcec2,"LAB_000fcec2","Global","Label","DEFAULT",true,true,false
0x000fcec4,"FUN_000fcec4","Global","Function","DEFAULT",true,false,false
0x000fceda,"LAB_000fceda","Global","Label","DEFAULT",true,true,false
0x000fcedc,"LAB_000fcedc","Global","Label","DEFAULT",true,true,false
0x000fcef4,"LAB_000fcef4","Global","Label","DEFAULT",true,true,false
0x000fcef8,"LAB_000fcef8","Global","Label","DEFAULT",true,true,false
0x000fcf0e,"LAB_000fcf0e","Global","Label","DEFAULT",true,true,false
0x000fcf12,"LAB_000fcf12","Global","Label","DEFAULT",true,true,false
0x000fcf14,"LAB_000fcf14","Global","Label","DEFAULT",true,true,false
0x000fcf20,"nrf_dfu_validation_postvalidate_impl","Global","Function","USER_DEFINED",true,false,false
0x000fcf62,"LAB_000fcf62","Global","Label","DEFAULT",true,true,false
0x000fcf66,"LAB_000fcf66","Global","Label","DEFAULT",true,true,false
0x000fcf9c,"LAB_000fcf9c","Global","Label","DEFAULT",true,true,false
0x000fcfa4,"LAB_000fcfa4","Global","Label","DEFAULT",true,true,false
0x000fcfa6,"LAB_000fcfa6","Global","Label","DEFAULT",true,true,false
0x000fcfb4,"LAB_000fcfb4","Global","Label","DEFAULT",true,true,false
0x000fcfbc,"LAB_000fcfbc","Global","Label","DEFAULT",true,true,false
0x000fcfc4,"LAB_000fcfc4","Global","Label","DEFAULT",true,true,false
0x000fcfce,"LAB_000fcfce","Global","Label","DEFAULT",true,true,false
0x000fcfd4,"LAB_000fcfd4","Global","Label","DEFAULT",true,true,false
0x000fcfe4,"DAT_000fcfe4","Global","Label","DEFAULT",true,true,false
0x000fcfe8,"DAT_000fcfe8","Global","Label","DEFAULT",true,true,false
0x000fcfec,"DAT_000fcfec","Global","Label","DEFAULT",true,true,false
0x000fcff0,"FUN_000fcff0","Global","Function","DEFAULT",true,false,false
0x000fd046,"LAB_000fd046","Global","Label","DEFAULT",true,true,false
0x000fd064,"LAB_000fd064","Global","Label","DEFAULT",true,true,false
0x000fd07c,"LAB_000fd07c","Global","Label","DEFAULT",true,true,false
0x000fd09a,"LAB_000fd09a","Global","Label","DEFAULT",true,true,false
0x000fd0aa,"LAB_000fd0aa","Global","Label","DEFAULT",true,true,false
0x000fd0ac,"LAB_000fd0ac","Global","Label","DEFAULT",true,true,false
0x000fd0ae,"LAB_000fd0ae","Global","Label","DEFAULT",true,true,false
0x000fd0b4,"LAB_000fd0b4","Global","Label","DEFAULT",true,true,false
0x000fd0b6,"LAB_000fd0b6","Global","Label","DEFAULT",true,true,false
0x000fd0be,"LAB_000fd0be","Global","Label","DEFAULT",true,true,false
0x000fd0c2,"LAB_000fd0c2","Global","Label","DEFAULT",true,true,false
0x000fd0dc,"LAB_000fd0dc","Global","Label","DEFAULT",true,true,false
0x000fd0e0,"LAB_000fd0e0","Global","Label","DEFAULT",true,true,false
0x000fd0e4,"DAT_000fd0e4","Global","Label","DEFAULT",true,true,false
0x000fd0e8,"DAT_000fd0e8","Global","Label","DEFAULT",true,true,false
0x000fd0ec,"DAT_000fd0ec","Global","Label","DEFAULT",true,true,false
0x000fd0f0,"FUN_000fd0f0","Global","Function","DEFAULT",true,false,false
0x000fd0fc,"DAT_000fd0fc","Global","Label","DEFAULT",true,true,false
0x000fd100,"DAT_000fd100","Global","Label","DEFAULT",true,true,false
0x000fd104,"FUN_000fd104","Global","Function","DEFAULT",true,false,false
0x000fd122,"LAB_000fd122","Global","Label","DEFAULT",true,true,false
0x000fd132,"LAB_000fd132","Global","Label","DEFAULT",true,true,false
0x000fd134,"LAB_000fd134","Global","Label","DEFAULT",true,true,false
0x000fd138,"LAB_000fd138","Global","Label","DEFAULT",true,true,false
0x000fd144,"LAB_000fd144","Global","Label","DEFAULT",true,true,false
0x000fd14e,"LAB_000fd14e","Global","Label","DEFAULT",true,true,false
0x000fd150,"LAB_000fd150","Global","Label","DEFAULT",true,true,false
0x000fd15c,"LAB_000fd15c","Global","Label","DEFAULT",true,true,false
0x000fd164,"LAB_000fd164","Global","Label","DEFAULT",true,true,false
0x000fd16a,"LAB_000fd16a","Global","Label","DEFAULT",true,true,false
0x000fd17e,"LAB_000fd17e","Global","Label","DEFAULT",true,true,false
0x000fd190,"LAB_000fd190","Global","Label","DEFAULT",true,true,false
0x000fd194,"DAT_000fd194","Global","Label","DEFAULT",true,true,false
0x000fd198,"DAT_000fd198","Global","Label","DEFAULT",true,true,false
0x000fd19c,"DAT_000fd19c","Global","Label","DEFAULT",true,true,false
0x000fd1a0,"FUN_000fd1a0","Global","Function","DEFAULT",true,false,false
0x000fd1bc,"LAB_000fd1bc","Global","Label","DEFAULT",true,true,false
0x000fd1c0,"DAT_000fd1c0","Global","Label","DEFAULT",true,true,false
0x000fd1c4,"FUN_000fd1c4","Global","Function","DEFAULT",true,false,false
0x000fd1c5,"FUN_000fd1c4+1","Global","Label","DEFAULT",true,true,false
0x000fd1d2,"FUN_000fd1d2","Global","Function","DEFAULT",true,false,false
0x000fd1d3,"FUN_000fd1d2+1","Global","Label","DEFAULT",true,true,false
0x000fd1e0,"FUN_000fd1e0","Global","Function","DEFAULT",true,false,false
0x000fd1f8,"LAB_000fd1f8","Global","Label","DEFAULT",true,true,false
0x000fd1fc,"LAB_000fd1fc","Global","Label","DEFAULT",true,true,false
0x000fd21e,"LAB_000fd21e","Global","Label","DEFAULT",true,true,false
0x000fd220,"LAB_000fd220","Global","Label","DEFAULT",true,true,false
0x000fd224,"LAB_000fd224","Global","Label","DEFAULT",true,true,false
0x000fd22c,"LAB_000fd22c","Global","Label","DEFAULT",true,true,false
0x000fd232,"LAB_000fd232","Global","Label","DEFAULT",true,true,false
0x000fd23e,"LAB_000fd23e","Global","Label","DEFAULT",true,true,false
0x000fd242,"FUN_000fd242","Global","Function","DEFAULT",true,false,false
0x000fd264,"FUN_000fd264","Global","Function","DEFAULT",true,false,false
0x000fd28c,"DAT_000fd28c","Global","Label","DEFAULT",true,true,false
0x000fd290,"DAT_000fd290","Global","Label","DEFAULT",true,true,false
0x000fd294,"DAT_000fd294","Global","Label","DEFAULT",true,true,false
0x000fd299,"LAB_000fd298+1","Global","Label","DEFAULT",true,true,false
0x000fd29d,"LAB_000fd29c+1","Global","Label","DEFAULT",true,true,false
0x000fd2a0,"nrf_bootloader_sd_activate","Global","Function","USER_DEFINED",true,false,false
0x000fd2ce,"LAB_000fd2ce","Global","Label","DEFAULT",true,true,false
0x000fd2d6,"LAB_000fd2d6","Global","Label","DEFAULT",true,true,false
0x000fd2d8,"LAB_000fd2d8","Global","Label","DEFAULT",true,true,false
0x000fd2ec,"DAT_000fd2ec","Global","Label","DEFAULT",true,true,false
0x000fd2f0,"DAT_000fd2f0","Global","Label","DEFAULT",true,true,false
0x000fd2f4,"FUN_000fd2f4","Global","Function","DEFAULT",true,false,false
0x000fd308,"LAB_000fd308","Global","Label","DEFAULT",true,true,false
0x000fd31c,"LAB_000fd31c","Global","Label","DEFAULT",true,true,false
0x000fd326,"LAB_000fd326","Global","Label","DEFAULT",true,true,false
0x000fd32a,"LAB_000fd32a","Global","Label","DEFAULT",true,true,false
0x000fd32e,"LAB_000fd32e","Global","Label","DEFAULT",true,true,false
0x000fd334,"DAT_000fd334","Global","Label","DEFAULT",true,true,false
0x000fd338,"FUN_000fd338","Global","Function","DEFAULT",true,false,false
0x000fd35c,"LAB_000fd35c","Global","Label","DEFAULT",true,true,false
0x000fd368,"LAB_000fd368","Global","Label","DEFAULT",true,true,false
0x000fd36c,"LAB_000fd36c","Global","Label","DEFAULT",true,true,false
0x000fd370,"LAB_000fd370","Global","Label","DEFAULT",true,true,false
0x000fd378,"LAB_000fd378","Global","Label","DEFAULT",true,true,false
0x000fd388,"LAB_000fd388","Global","Label","DEFAULT",true,true,false
0x000fd38c,"LAB_000fd38c","Global","Label","DEFAULT",true,true,false
0x000fd394,"LAB_000fd394","Global","Label","DEFAULT",true,true,false
0x000fd39c,"DAT_000fd39c","Global","Label","DEFAULT",true,true,false
0x000fd3a0,"FUN_000fd3a0","Global","Function","DEFAULT",true,false,false
0x000fd3b0,"LAB_000fd3b0","Global","Label","DEFAULT",true,true,false
0x000fd3c0,"LAB_000fd3c0","Global","Label","DEFAULT",true,true,false
0x000fd3c8,"LAB_000fd3c8","Global","Label","DEFAULT",true,true,false
0x000fd3cc,"DAT_000fd3cc","Global","Label","DEFAULT",true,true,false
0x000fd3d0,"FUN_000fd3d0","Global","Function","DEFAULT",true,false,false
0x000fd3e0,"LAB_000fd3e0","Global","Label","DEFAULT",true,true,false
0x000fd3ee,"LAB_000fd3ee","Global","Label","DEFAULT",true,true,false
0x000fd3f8,"DAT_000fd3f8","Global","Label","DEFAULT",true,true,false
0x000fd3fc,"FUN_000fd3fc","Global","Function","DEFAULT",true,false,false
0x000fd408,"DAT_000fd408","Global","Label","DEFAULT",true,true,false
0x000fd40c,"DAT_000fd40c","Global","Label","DEFAULT",true,true,false
0x000fd410,"FUN_000fd410","Global","Function","DEFAULT",true,false,false
0x000fd41a,"FUN_000fd41a","Global","Function","DEFAULT",true,false,false
0x000fd440,"LAB_000fd440","Global","Label","DEFAULT",true,true,false
0x000fd446,"LAB_000fd446","Global","Label","DEFAULT",true,true,false
0x000fd448,"LAB_000fd448","Global","Label","DEFAULT",true,true,false
0x000fd44c,"LAB_000fd44c","Global","Label","DEFAULT",true,true,false
0x000fd466,"LAB_000fd466","Global","Label","DEFAULT",true,true,false
0x000fd46c,"FUN_000fd46c","Global","Function","DEFAULT",true,false,false
0x000fd48a,"LAB_000fd48a","Global","Label","DEFAULT",true,true,false
0x000fd496,"LAB_000fd496","Global","Label","DEFAULT",true,true,false
0x000fd4a8,"DAT_000fd4a8","Global","Label","DEFAULT",true,true,false
0x000fd4ac,"FUN_000fd4ac","Global","Function","DEFAULT",true,false,false
0x000fd4e0,"LAB_000fd4e0","Global","Label","DEFAULT",true,true,false
0x000fd4e6,"LAB_000fd4e6","Global","Label","DEFAULT",true,true,false
0x000fd4ea,"LAB_000fd4ea","Global","Label","DEFAULT",true,true,false
0x000fd4f2,"LAB_000fd4f2","Global","Label","DEFAULT",true,true,false
0x000fd4fc,"DAT_000fd4fc","Global","Label","DEFAULT",true,true,false
0x000fd500,"DAT_000fd500","Global","Label","DEFAULT",true,true,false
0x000fd504,"FUN_000fd504","Global","Function","DEFAULT",true,false,false
0x000fd59c,"LAB_000fd59c","Global","Label","DEFAULT",true,true,false
0x000fd5a4,"LAB_000fd5a4","Global","Label","DEFAULT",true,true,false
0x000fd5a8,"LAB_000fd5a8","Global","Label","DEFAULT",true,true,false
0x000fd5ac,"LAB_000fd5ac","Global","Label","DEFAULT",true,true,false
0x000fd5b0,"DAT_000fd5b0","Global","Label","DEFAULT",true,true,false
0x000fd5b4,"DAT_000fd5b4","Global","Label","DEFAULT",true,true,false
0x000fd5b8,"DAT_000fd5b8","Global","Label","DEFAULT",true,true,false
0x000fd5bc,"DAT_000fd5bc","Global","Label","DEFAULT",true,true,false
0x000fd5c0,"DAT_000fd5c0","Global","Label","DEFAULT",true,true,false
0x000fd5c4,"DAT_000fd5c4","Global","Label","DEFAULT",true,true,false
0x000fd5c8,"DAT_000fd5c8","Global","Label","DEFAULT",true,true,false
0x000fd5cc,"FUN_000fd5cc","Global","Function","DEFAULT",true,false,false
0x000fd5da,"LAB_000fd5da","Global","Label","DEFAULT",true,true,false
0x000fd5f6,"LAB_000fd5f6","Global","Label","DEFAULT",true,true,false
0x000fd624,"DAT_000fd624","Global","Label","DEFAULT",true,true,false
0x000fd628,"DAT_000fd628","Global","Label","DEFAULT",true,true,false
0x000fd62c,"FUN_000fd62c","Global","Function","DEFAULT",true,false,false
0x000fd646,"LAB_000fd646","Global","Label","DEFAULT",true,true,false
0x000fd68a,"LAB_000fd68a","Global","Label","DEFAULT",true,true,false
0x000fd68c,"DAT_000fd68c","Global","Label","DEFAULT",true,true,false
0x000fd690,"DAT_000fd690","Global","Label","DEFAULT",true,true,false
0x000fd694,"DAT_000fd694","Global","Label","DEFAULT",true,true,false
0x000fd698,"DAT_000fd698","Global","Label","DEFAULT",true,true,false
0x000fd69c,"DAT_000fd69c","Global","Label","DEFAULT",true,true,false
0x000fd6a0,"FUN_000fd6a0","Global","Function","DEFAULT",true,false,false
0x000fd6bc,"FUN_000fd6bc","Global","Function","DEFAULT",true,false,false
0x000fd6cc,"DAT_000fd6cc","Global","Label","DEFAULT",true,true,false
0x000fd6d0,"FUN_000fd6d0","Global","Function","DEFAULT",true,false,false
0x000fd6e5,"LAB_000fd6e4+1","Global","Label","DEFAULT",true,true,false
0x000fd6f0,"DAT_000fd6f0","Global","Label","DEFAULT",true,true,false
0x000fd6f5,"LAB_000fd6f4+1","Global","Label","DEFAULT",true,true,false
0x000fd70c,"DAT_000fd70c","Global","Label","DEFAULT",true,true,false
0x000fd710,"DAT_000fd710","Global","Label","DEFAULT",true,true,false
0x000fd714,"FUN_000fd714","Global","Function","DEFAULT",true,false,false
0x000fd724,"LAB_000fd724","Global","Label","DEFAULT",true,true,false
0x000fd72c,"LAB_000fd72c","Global","Label","DEFAULT",true,true,false
0x000fd73a,"LAB_000fd73a","Global","Label","DEFAULT",true,true,false
0x000fd73e,"LAB_000fd73e","Global","Label","DEFAULT",true,true,false
0x000fd740,"LAB_000fd740","Global","Label","DEFAULT",true,true,false
0x000fd75a,"LAB_000fd75a","Global","Label","DEFAULT",true,true,false
0x000fd760,"LAB_000fd760","Global","Label","DEFAULT",true,true,false
0x000fd764,"LAB_000fd764","Global","Label","DEFAULT",true,true,false
0x000fd768,"DAT_000fd768","Global","Label","DEFAULT",true,true,false
0x000fd76c,"FUN_000fd76c","Global","Function","DEFAULT",true,false,false
0x000fd77c,"LAB_000fd77c","Global","Label","DEFAULT",true,true,false
0x000fd782,"LAB_000fd782","Global","Label","DEFAULT",true,true,false
0x000fd788,"DAT_000fd788","Global","Label","DEFAULT",true,true,false
0x000fd78c,"FUN_000fd78c","Global","Function","DEFAULT",true,false,false
0x000fd7a0,"LAB_000fd7a0","Global","Label","DEFAULT",true,true,false
0x000fd7b2,"LAB_000fd7b2","Global","Label","DEFAULT",true,true,false
0x000fd7ba,"LAB_000fd7ba","Global","Label","DEFAULT",true,true,false
0x000fd7bc,"DAT_000fd7bc","Global","Label","DEFAULT",true,true,false
0x000fd7c0,"DAT_000fd7c0","Global","Label","DEFAULT",true,true,false
0x000fd7c4,"DAT_000fd7c4","Global","Label","DEFAULT",true,true,false
0x000fd7c9,"LAB_000fd7c8+1","Global","Label","DEFAULT",true,true,false
0x000fd7cd,"LAB_000fd7cc+1","Global","Label","DEFAULT",true,true,false
0x000fd7d1,"LAB_000fd7d0+1","Global","Label","DEFAULT",true,true,false
0x000fd7d4,"FUN_000fd7d4","Global","Function","DEFAULT",true,false,false
0x000fd7d5,"FUN_000fd7d4+1","Global","Label","DEFAULT",true,true,false
0x000fd7ec,"LAB_000fd7ec","Global","Label","DEFAULT",true,true,false
0x000fd7f0,"LAB_000fd7f0","Global","Label","DEFAULT",true,true,false
0x000fd814,"DAT_000fd814","Global","Label","DEFAULT",true,true,false
0x000fd818,"FUN_000fd818","Global","Function","DEFAULT",true,false,false
0x000fd819,"FUN_000fd818+1","Global","Label","DEFAULT",true,true,false
0x000fd85a,"LAB_000fd85a","Global","Label","DEFAULT",true,true,false
0x000fd85e,"LAB_000fd85e","Global","Label","DEFAULT",true,true,false
0x000fd864,"DAT_000fd864","Global","Label","DEFAULT",true,true,false
0x000fd868,"DAT_000fd868","Global","Label","DEFAULT",true,true,false
0x000fd8b0,"FUN_000fd8b0","Global","Function","DEFAULT",true,false,false
0x000fd8b1,"FUN_000fd8b0+1","Global","Label","DEFAULT",true,true,false
0x000fd8b8,"DAT_000fd8b8","Global","Label","DEFAULT",true,true,false
0x000fd8c4,"PTR_LAB_000fa594+1_000fd8c4","Global","Label","DEFAULT",true,true,false
0x000fd940,"DAT_000fd940","Global","Label","DEFAULT",true,true,false
0x000fda60,"DAT_000fda60","Global","Label","DEFAULT",true,true,false
0x000fda90,"DAT_000fda90","Global","Label","DEFAULT",true,true,false
0x000fda94,"DAT_000fda94","Global","Label","DEFAULT",true,true,false
0x000fda98,"DAT_000fda98","Global","Label","DEFAULT",true,true,false
0x000fda9c,"DAT_000fda9c","Global","Label","DEFAULT",true,true,false
0x000fdaa0,"FUN_000fdaa0","Global","Function","DEFAULT",true,false,false
0x000fdaa6,"DAT_000fdaa6","Global","Label","DEFAULT",true,true,false
0x000fdab0,"DAT_000fdab0","Global","Label","DEFAULT",true,true,false
0x000fdab8,"DAT_000fdab8","Global","Label","DEFAULT",true,true,false
0x000fdac0,"DAT_000fdac0","Global","Label","DEFAULT",true,true,false
0x000fdac4,"DAT_000fdac4","Global","Label","DEFAULT",true,true,false
0x000fdac8,"DAT_000fdac8","Global","Label","DEFAULT",true,true,false
0x000fdacc,"DAT_000fdacc","Global","Label","DEFAULT",true,true,false
0x000fdad0,"DAT_000fdad0","Global","Label","DEFAULT",true,true,false
0x000fdae8,"DAT_000fdae8","Global","Label","DEFAULT",true,true,false
0x000fdaec,"DAT_000fdaec","Global","Label","DEFAULT",true,true,false
0x000fdaf8,"DAT_000fdaf8","Global","Label","DEFAULT",true,true,false
0x000fdb10,"DAT_000fdb10","Global","Label","DEFAULT",true,true,false
0x000fdb14,"DAT_000fdb14","Global","Label","DEFAULT",true,true,false
0x000fdb18,"DAT_000fdb18","Global","Label","DEFAULT",true,true,false
0x000fdb1c,"DAT_000fdb1c","Global","Label","DEFAULT",true,true,false
0x000fdb20,"DAT_000fdb20","Global","Label","DEFAULT",true,true,false
0x000fdb38,"s_0123456789ABCDEF_000fdb38","Global","Label","DEFAULT",true,true,false
0x000fdb4c,"DAT_000fdb4c","Global","Label","DEFAULT",true,true,false
0x000fdb68,"DAT_000fdb68","Global","Label","DEFAULT",true,true,false
0x000fdb7c,"DAT_000fdb7c","Global","Label","DEFAULT",true,true,false
0x000fdb98,"DAT_000fdb98","Global","Label","DEFAULT",true,true,false
0x000fdbac,"DAT_000fdbac","Global","Label","DEFAULT",true,true,false
0x000fdbb0,"DAT_000fdbb0","Global","Label","DEFAULT",true,true,false
0x000fdbb4,"DAT_000fdbb4","Global","Label","DEFAULT",true,true,false
0x000fdbb8,"DAT_000fdbb8","Global","Label","DEFAULT",true,true,false
0x000fdbbc,"DAT_000fdbbc","Global","Label","DEFAULT",true,true,false
0x000fdbc0,"DAT_000fdbc0","Global","Label","DEFAULT",true,true,false
0x000fdbc4,"DAT_000fdbc4","Global","Label","DEFAULT",true,true,false
0x000fdbc8,"DAT_000fdbc8","Global","Label","DEFAULT",true,true,false
0x000fdbcc,"DAT_000fdbcc","Global","Label","DEFAULT",true,true,false
0x000fdbe4,"DAT_000fdbe4","Global","Label","DEFAULT",true,true,false
0x000fdbfc,"DAT_000fdbfc","Global","Label","DEFAULT",true,true,false
0x000fdc08,"PTR_LAB_000facd4+1_000fdc08","Global","Label","DEFAULT",true,true,false
0x000fdc28,"DAT_000fdc28","Global","Label","DEFAULT",true,true,false
0x000fdc2c,"DAT_000fdc2c","Global","Label","DEFAULT",true,true,false
0x000fdc38,"PTR_FUN_000face0+1_000fdc38","Global","Label","DEFAULT",true,true,false
0x000fdc58,"PTR_DAT_000fdc58","Global","Label","DEFAULT",true,true,false
0x000fdc68,"DAT_000fdc68","Global","Label","DEFAULT",true,true,false
0x000fdc6c,"PTR_PTR_000fdc6c","Global","Label","DEFAULT",true,true,false
0x000fdc78,"PTR_LAB_000fdc78","Global","Label","DEFAULT",true,true,false
0x000fdc84,"PTR_LAB_000fdc84","Global","Label","DEFAULT",true,true,false
0x000fdc90,"LAB_000fdc90","Global","Label","DEFAULT",true,true,false
0x000fdca0,"LAB_000fdca0","Global","Label","DEFAULT",true,true,false
0x000fdcb0,"DAT_000fdcb0","Global","Label","DEFAULT",true,true,false
0x000fdcd0,"DAT_000fdcd0","Global","Label","DEFAULT",true,true,false
0x000fdcd4,"PTR_DAT_000fdcd4","Global","Label","DEFAULT",true,true,false
0x000fdce0,"PTR_DAT_000fdce0","Global","Label","DEFAULT",true,true,false
0x000fdcf0,"PTR_PTR_000fdcf0","Global","Label","DEFAULT",true,true,false
0x000fdcfc,"PTR_FUN_000fc894+1_000fdcfc","Global","Label","DEFAULT",true,true,false
0x000fdd20,"DAT_000fdd20","Global","Label","DEFAULT",true,true,false
0x000fdd24,"DAT_000fdd24","Global","Label","DEFAULT",true,true,false
0x000fdd28,"DAT_000fdd28","Global","Label","DEFAULT",true,true,false
0x000fdd2c,"DAT_000fdd2c","Global","Label","DEFAULT",true,true,false
0x000fdd30,"DAT_000fdd30","Global","Label","DEFAULT",true,true,false
0x000fdd50,"DAT_000fdd50","Global","Label","DEFAULT",true,true,false
0x000fdd70,"DAT_000fdd70","Global","Label","DEFAULT",true,true,false
0x000fdd90,"DAT_000fdd90","Global","Label","DEFAULT",true,true,false
0x000fddb4,"DAT_000fddb4","Global","Label","DEFAULT",true,true,false
0x000fddd4,"DAT_000fddd4","Global","Label","DEFAULT",true,true,false
0x000fddf4,"DAT_000fddf4","Global","Label","DEFAULT",true,true,false
0x000fde08,"DAT_000fde08","Global","Label","DEFAULT",true,true,false
0x000fde1c,"DAT_000fde1c","Global","Label","DEFAULT",true,true,false
0x000fde20,"DAT_000fde20","Global","Label","DEFAULT",true,true,false
0x000fde24,"DAT_000fde24","Global","Label","DEFAULT",true,true,false
0x000fde28,"PTR_thunk_FUN_000f9c4c_000fde28","Global","Label","DEFAULT",true,true,false
0x000fde3c,"PTR_FUN_000fa608+1_000fde3c","Global","Label","DEFAULT",true,true,false
0x000fde44,"DAT_000fde44","Global","Label","DEFAULT",true,true,false
0x000fde48,"DAT_000fde48","Global","Label","DEFAULT",true,true,false
0x000fde4c,"DAT_000fde4c","Global","Label","DEFAULT",true,true,false
0x000fde60,"DAT_000fde60","Global","Label","DEFAULT",true,true,false
0x000fde68,"DAT_000fde68","Global","Label","DEFAULT",true,true,false
0x000fde70,"DAT_000fde70","Global","Label","DEFAULT",true,true,false
0x000fde78,"DAT_000fde78","Global","Label","DEFAULT",true,true,false
0x000fde90,"DAT_000fde90","Global","Label","DEFAULT",true,true,false
0x000fde94,"DAT_000fde94","Global","Label","DEFAULT",true,true,false
0x000fde98,"DAT_000fde98","Global","Label","DEFAULT",true,true,false
0x000fde9c,"DAT_000fde9c","Global","Label","DEFAULT",true,true,false
0x000fdf64,"DAT_000fdf64","Global","Label","DEFAULT",true,true,false
0x000ff364,"DAT_000ff364","Global","Label","DEFAULT",true,true,false
0x10000130,"DAT_10000130","Global","Label","DEFAULT",true,true,false
0x10000134,"DAT_10000134","Global","Label","DEFAULT",true,true,false
0x10000258,"DAT_10000258","Global","Label","DEFAULT",true,true,false
0x10000404,"DAT_10000404","Global","Label","DEFAULT",true,true,false
0x10000408,"DAT_10000408","Global","Label","DEFAULT",true,true,false
0x1000040c,"DAT_1000040c","Global","Label","DEFAULT",true,true,false
0x10000410,"DAT_10000410","Global","Label","DEFAULT",true,true,false
0x10000414,"DAT_10000414","Global","Label","DEFAULT",true,true,false
0x10000418,"DAT_10000418","Global","Label","DEFAULT",true,true,false
0x1000041c,"DAT_1000041c","Global","Label","DEFAULT",true,true,false
0x10000420,"DAT_10000420","Global","Label","DEFAULT",true,true,false
0x10000424,"DAT_10000424","Global","Label","DEFAULT",true,true,false
0x10000428,"DAT_10000428","Global","Label","DEFAULT",true,true,false
0x1000042c,"DAT_1000042c","Global","Label","DEFAULT",true,true,false
0x10000430,"DAT_10000430","Global","Label","DEFAULT",true,true,false
0x10000434,"DAT_10000434","Global","Label","DEFAULT",true,true,false
0x10000438,"DAT_10000438","Global","Label","DEFAULT",true,true,false
0x1000043c,"DAT_1000043c","Global","Label","DEFAULT",true,true,false
0x10000440,"DAT_10000440","Global","Label","DEFAULT",true,true,false
0x10000444,"DAT_10000444","Global","Label","DEFAULT",true,true,false
0x10001200,"DAT_10001200","Global","Label","DEFAULT",true,true,false
0x10001204,"DAT_10001204","Global","Label","DEFAULT",true,true,false
0x10001208,"DAT_10001208","Global","Label","DEFAULT",true,true,false
0x20000000,"DAT_20000000","Global","Label","DEFAULT",true,true,false
0x20005978,"DAT_20005978","Global","Label","DEFAULT",true,true,false
0x2000597c,"DAT_2000597c","Global","Label","DEFAULT",true,true,false
0x20005980,"DAT_20005980","Global","Label","DEFAULT",true,true,false
0x20005984,"DAT_20005984","Global","Label","DEFAULT",true,true,false
0x20005988,"DAT_20005988","Global","Label","DEFAULT",true,true,false
0x2000598c,"DAT_2000598c","Global","Label","DEFAULT",true,true,false
0x20005990,"DAT_20005990","Global","Label","DEFAULT",true,true,false
0x20005994,"DAT_20005994","Global","Label","DEFAULT",true,true,false
0x200059b8,"DAT_200059b8","Global","Label","DEFAULT",true,true,false
0x200059b9,"DAT_200059b9","Global","Label","DEFAULT",true,true,false
0x200059ba,"DAT_200059ba","Global","Label","DEFAULT",true,true,false
0x200059bc,"DAT_200059bc","Global","Label","DEFAULT",true,true,false
0x200059c0,"DAT_200059c0","Global","Label","DEFAULT",true,true,false
0x200059c4,"DAT_200059c4","Global","Label","DEFAULT",true,true,false
0x200059c6,"DAT_200059c6","Global","Label","DEFAULT",true,true,false
0x200059c8,"DAT_200059c8","Global","Label","DEFAULT",true,true,false
0x200059ca,"DAT_200059ca","Global","Label","DEFAULT",true,true,false
0x200059cc,"DAT_200059cc","Global","Label","DEFAULT",true,true,false
0x200059d0,"DAT_200059d0","Global","Label","DEFAULT",true,true,false
0x200059d5,"DAT_200059d5","Global","Label","DEFAULT",true,true,false
0x200059d6,"DAT_200059d6","Global","Label","DEFAULT",true,true,false
0x200059d7,"DAT_200059d7","Global","Label","DEFAULT",true,true,false
0x200059e4,"DAT_200059e4","Global","Label","DEFAULT",true,true,false
0x200059e8,"DAT_200059e8","Global","Label","DEFAULT",true,true,false
0x200059ec,"DAT_200059ec","Global","Label","DEFAULT",true,true,false
0x200059f0,"DAT_200059f0","Global","Label","DEFAULT",true,true,false
0x200059f4,"DAT_200059f4","Global","Label","DEFAULT",true,true,false
0x200059f8,"DAT_200059f8","Global","Label","DEFAULT",true,true,false
0x200059fc,"DAT_200059fc","Global","Label","DEFAULT",true,true,false
0x200059fd,"DAT_200059fd","Global","Label","DEFAULT",true,true,false
0x200059fe,"DAT_200059fe","Global","Label","DEFAULT",true,true,false
0x20005a00,"DAT_20005a00","Global","Label","DEFAULT",true,true,false
0x20005a04,"DAT_20005a04","Global","Label","DEFAULT",true,true,false
0x20005a08,"DAT_20005a08","Global","Label","DEFAULT",true,true,false
0x20005a0c,"DAT_20005a0c","Global","Label","DEFAULT",true,true,false
0x20005a0d,"DAT_20005a0d","Global","Label","DEFAULT",true,true,false
0x20005a0e,"DAT_20005a0e","Global","Label","DEFAULT",true,true,false
0x20005a10,"DAT_20005a10","Global","Label","DEFAULT",true,true,false
0x20005a14,"DAT_20005a14","Global","Label","DEFAULT",true,true,false
0x20005a18,"DAT_20005a18","Global","Label","DEFAULT",true,true,false
0x20005a1c,"DAT_20005a1c","Global","Label","DEFAULT",true,true,false
0x20005a20,"DAT_20005a20","Global","Label","DEFAULT",true,true,false
0x20005a28,"DAT_20005a28","Global","Label","DEFAULT",true,true,false
0x20005a29,"DAT_20005a29","Global","Label","DEFAULT",true,true,false
0x20005a2a,"DAT_20005a2a","Global","Label","DEFAULT",true,true,false
0x20005a2b,"DAT_20005a2b","Global","Label","DEFAULT",true,true,false
0x20006e60,"DAT_20006e60","Global","Label","DEFAULT",true,true,false
0x20006e61,"DAT_20006e61","Global","Label","DEFAULT",true,true,false
0x20006e62,"DAT_20006e62","Global","Label","DEFAULT",true,true,false
0x20006e63,"DAT_20006e63","Global","Label","DEFAULT",true,true,false
0x20006e64,"DAT_20006e64","Global","Label","DEFAULT",true,true,false
0x20006e65,"DAT_20006e65","Global","Label","DEFAULT",true,true,false
0x20006e66,"DAT_20006e66","Global","Label","DEFAULT",true,true,false
0x20006e67,"DAT_20006e67","Global","Label","DEFAULT",true,true,false
0x20006e68,"DAT_20006e68","Global","Label","DEFAULT",true,true,false
0x20006e7f,"DAT_20006e7f","Global","Label","DEFAULT",true,true,false
0x20006e80,"DAT_20006e80","Global","Label","DEFAULT",true,true,false
0x20006e81,"DAT_20006e81","Global","Label","DEFAULT",true,true,false
0x20006e82,"DAT_20006e82","Global","Label","DEFAULT",true,true,false
0x20006e83,"DAT_20006e83","Global","Label","DEFAULT",true,true,false
0x20006e87,"DAT_20006e87","Global","Label","DEFAULT",true,true,false
0x20006eb8,"DAT_20006eb8","Global","Label","DEFAULT",true,true,false
0x20006ec0,"DAT_20006ec0","Global","Label","DEFAULT",true,true,false
0x20006ec8,"DAT_20006ec8","Global","Label","DEFAULT",true,true,false
0x20008618,"DAT_20008618","Global","Label","DEFAULT",true,true,false
0x2000861c,"DAT_2000861c","Global","Label","DEFAULT",true,true,false
0x20008620,"DAT_20008620","Global","Label","DEFAULT",true,true,false
0x20008624,"DAT_20008624","Global","Label","DEFAULT",true,true,false
0x2000862c,"DAT_2000862c","Global","Label","DEFAULT",true,true,false
0x20008630,"DAT_20008630","Global","Label","DEFAULT",true,true,false
0x20008634,"DAT_20008634","Global","Label","DEFAULT",true,true,false
0x20008638,"DAT_20008638","Global","Label","DEFAULT",true,true,false
0x2000863c,"DAT_2000863c","Global","Label","DEFAULT",true,true,false
0x20008640,"DAT_20008640","Global","Label","DEFAULT",true,true,false
0x20008644,"DAT_20008644","Global","Label","DEFAULT",true,true,false
0x20008648,"DAT_20008648","Global","Label","DEFAULT",true,true,false
0x2000864c,"DAT_2000864c","Global","Label","DEFAULT",true,true,false
0x20008650,"DAT_20008650","Global","Label","DEFAULT",true,true,false
0x20008654,"DAT_20008654","Global","Label","DEFAULT",true,true,false
0x20008658,"DAT_20008658","Global","Label","DEFAULT",true,true,false
0x2000865c,"DAT_2000865c","Global","Label","DEFAULT",true,true,false
0x20008660,"DAT_20008660","Global","Label","DEFAULT",true,true,false
0x20008664,"DAT_20008664","Global","Label","DEFAULT",true,true,false
0x20008668,"DAT_20008668","Global","Label","DEFAULT",true,true,false
0x2000866c,"DAT_2000866c","Global","Label","DEFAULT",true,true,false
0x20008874,"DAT_20008874","Global","Label","DEFAULT",true,true,false
0x20008878,"DAT_20008878","Global","Label","DEFAULT",true,true,false
0x200088b9,"DAT_200088b9","Global","Label","DEFAULT",true,true,false
0x200088ba,"DAT_200088ba","Global","Label","DEFAULT",true,true,false
0x200088fa,"DAT_200088fa","Global","Label","DEFAULT",true,true,false
0x2000893c,"DAT_2000893c","Global","Label","DEFAULT",true,true,false
0x2000897c,"DAT_2000897c","Global","Label","DEFAULT",true,true,false
0x20008998,"DAT_20008998","Global","Label","DEFAULT",true,true,false
0x2000899e,"DAT_2000899e","Global","Label","DEFAULT",true,true,false
0x20008b04,"DAT_20008b04","Global","Label","DEFAULT",true,true,false
0x20008b0a,"DAT_20008b0a","Global","Label","DEFAULT",true,true,false
0x20008c70,"DAT_20008c70","Global","Label","DEFAULT",true,true,false
0x20008c72,"DAT_20008c72","Global","Label","DEFAULT",true,true,false
0x20008cb4,"DAT_20008cb4","Global","Label","DEFAULT",true,true,false
0x20008cb8,"DAT_20008cb8","Global","Label","DEFAULT",true,true,false
0x20008cbc,"DAT_20008cbc","Global","Label","DEFAULT",true,true,false
0x20008cc0,"DAT_20008cc0","Global","Label","DEFAULT",true,true,false
0x20008d8c,"DAT_20008d8c","Global","Label","DEFAULT",true,true,false
0x20008d90,"DAT_20008d90","Global","Label","DEFAULT",true,true,false
0x20008d94,"DAT_20008d94","Global","Label","DEFAULT",true,true,false
0x20008f88,"DAT_20008f88","Global","Label","DEFAULT",true,true,false
0x20008f8c,"DAT_20008f8c","Global","Label","DEFAULT",true,true,false
0x20008f90,"DAT_20008f90","Global","Label","DEFAULT",true,true,false
0x20008f94,"DAT_20008f94","Global","Label","DEFAULT",true,true,false
0x20008f95,"DAT_20008f95","Global","Label","DEFAULT",true,true,false
0x20008f98,"DAT_20008f98","Global","Label","DEFAULT",true,true,false
0x2000cf98,"DAT_2000cf98","Global","Label","DEFAULT",true,true,false
0x2000cf9c,"DAT_2000cf9c","Global","Label","DEFAULT",true,true,false
0x40000008,"DAT_40000008","Global","Label","DEFAULT",true,true,false
0x40000400,"DAT_40000400","Global","Label","DEFAULT",true,true,false
0x40000418,"DAT_40000418","Global","Label","DEFAULT",true,true,false
0x4000051c,"DAT_4000051c","Global","Label","DEFAULT",true,true,false
0x40000520,"DAT_40000520","Global","Label","DEFAULT",true,true,false
0x40000538,"DAT_40000538","Global","Label","DEFAULT",true,true,false
0x40000558,"DAT_40000558","Global","Label","DEFAULT",true,true,false
0x40000ee4,"DAT_40000ee4","Global","Label","DEFAULT",true,true,false
0x4000568c,"DAT_4000568c","Global","Label","DEFAULT",true,true,false
0x4000c520,"DAT_4000c520","Global","Label","DEFAULT",true,true,false
0x4000c524,"DAT_4000c524","Global","Label","DEFAULT",true,true,false
0x4000c528,"DAT_4000c528","Global","Label","DEFAULT",true,true,false
0x4000c52c,"DAT_4000c52c","Global","Label","DEFAULT",true,true,false
0x4000c530,"DAT_4000c530","Global","Label","DEFAULT",true,true,false
0x4000c534,"DAT_4000c534","Global","Label","DEFAULT",true,true,false
0x4000c540,"DAT_4000c540","Global","Label","DEFAULT",true,true,false
0x4000c544,"DAT_4000c544","Global","Label","DEFAULT",true,true,false
0x4000c548,"DAT_4000c548","Global","Label","DEFAULT",true,true,false
0x4000c54c,"DAT_4000c54c","Global","Label","DEFAULT",true,true,false
0x4000c550,"DAT_4000c550","Global","Label","DEFAULT",true,true,false
0x4000c554,"DAT_4000c554","Global","Label","DEFAULT",true,true,false
0x4000c560,"DAT_4000c560","Global","Label","DEFAULT",true,true,false
0x4000c564,"DAT_4000c564","Global","Label","DEFAULT",true,true,false
0x4000c568,"DAT_4000c568","Global","Label","DEFAULT",true,true,false
0x4000c56c,"DAT_4000c56c","Global","Label","DEFAULT",true,true,false
0x4000c570,"DAT_4000c570","Global","Label","DEFAULT",true,true,false
0x4000f518,"DAT_4000f518","Global","Label","DEFAULT",true,true,false
0x40010100,"DAT_40010100","Global","Label","DEFAULT",true,true,false
0x40010400,"DAT_40010400","Global","Label","DEFAULT",true,true,false
0x40010504,"DAT_40010504","Global","Label","DEFAULT",true,true,false
0x40010508,"DAT_40010508","Global","Label","DEFAULT",true,true,false
0x40010604,"DAT_40010604","Global","Label","DEFAULT",true,true,false
0x4001e400,"DAT_4001e400","Global","Label","DEFAULT",true,true,false
0x4001e504,"DAT_4001e504","Global","Label","DEFAULT",true,true,false
0x4001e508,"DAT_4001e508","Global","Label","DEFAULT",true,true,false
0x4001e514,"DAT_4001e514","Global","Label","DEFAULT",true,true,false
0x40024000,"DAT_40024000","Global","Label","DEFAULT",true,true,false
0x40024008,"DAT_40024008","Global","Label","DEFAULT",true,true,false
0x40024104,"DAT_40024104","Global","Label","DEFAULT",true,true,false
0x40024140,"DAT_40024140","Global","Label","DEFAULT",true,true,false
0x40024144,"DAT_40024144","Global","Label","DEFAULT",true,true,false
0x40024304,"DAT_40024304","Global","Label","DEFAULT",true,true,false
0x40024308,"DAT_40024308","Global","Label","DEFAULT",true,true,false
0x40024504,"DAT_40024504","Global","Label","DEFAULT",true,true,false
0x40024508,"DAT_40024508","Global","Label","DEFAULT",true,true,false
0x40029640,"DAT_40029640","Global","Label","DEFAULT",true,true,false
0x5002a500,"DAT_5002a500","Global","Label","DEFAULT",true,true,false
0x5002b078,"DAT_5002b078","Global","Label","DEFAULT",true,true,false
0x5002b07c,"DAT_5002b07c","Global","Label","DEFAULT",true,true,false
0x5002b080,"DAT_5002b080","Global","Label","DEFAULT",true,true,false
0x5002b084,"DAT_5002b084","Global","Label","DEFAULT",true,true,false
0x5002b088,"DAT_5002b088","Global","Label","DEFAULT",true,true,false
0x5002b090,"DAT_5002b090","Global","Label","DEFAULT",true,true,false
0x5002b094,"DAT_5002b094","Global","Label","DEFAULT",true,true,false
0x5002b098,"DAT_5002b098","Global","Label","DEFAULT",true,true,false
0x5002b09c,"DAT_5002b09c","Global","Label","DEFAULT",true,true,false
0x5002b0a0,"DAT_5002b0a0","Global","Label","DEFAULT",true,true,false
0x5002b0a4,"DAT_5002b0a4","Global","Label","DEFAULT",true,true,false
0x5002b0a8,"DAT_5002b0a8","Global","Label","DEFAULT",true,true,false
0x5002b0ac,"DAT_5002b0ac","Global","Label","DEFAULT",true,true,false
0x5002b0b0,"DAT_5002b0b0","Global","Label","DEFAULT",true,true,false
0x5002b0b4,"DAT_5002b0b4","Global","Label","DEFAULT",true,true,false
0x5002b0d4,"DAT_5002b0d4","Global","Label","DEFAULT",true,true,false
0x5002b0d8,"DAT_5002b0d8","Global","Label","DEFAULT",true,true,false
0x5002b0dc,"DAT_5002b0dc","Global","Label","DEFAULT",true,true,false
0x5002b0e4,"DAT_5002b0e4","Global","Label","DEFAULT",true,true,false
0x5002b640,"DAT_5002b640","Global","Label","DEFAULT",true,true,false
0x5002b644,"DAT_5002b644","Global","Label","DEFAULT",true,true,false
0x5002b648,"DAT_5002b648","Global","Label","DEFAULT",true,true,false
0x5002b64c,"DAT_5002b64c","Global","Label","DEFAULT",true,true,false
0x5002b650,"DAT_5002b650","Global","Label","DEFAULT",true,true,false
0x5002b654,"DAT_5002b654","Global","Label","DEFAULT",true,true,false
0x5002b658,"DAT_5002b658","Global","Label","DEFAULT",true,true,false
0x5002b65c,"DAT_5002b65c","Global","Label","DEFAULT",true,true,false
0x5002b684,"DAT_5002b684","Global","Label","DEFAULT",true,true,false
0x5002b7c0,"DAT_5002b7c0","Global","Label","DEFAULT",true,true,false
0x5002b7c4,"DAT_5002b7c4","Global","Label","DEFAULT",true,true,false
0x5002b7c8,"DAT_5002b7c8","Global","Label","DEFAULT",true,true,false
0x5002b7cc,"DAT_5002b7cc","Global","Label","DEFAULT",true,true,false
0x5002b7d0,"DAT_5002b7d0","Global","Label","DEFAULT",true,true,false
0x5002b818,"DAT_5002b818","Global","Label","DEFAULT",true,true,false
0x5002b81c,"DAT_5002b81c","Global","Label","DEFAULT",true,true,false
0x5002b900,"DAT_5002b900","Global","Label","DEFAULT",true,true,false
0x5002b910,"DAT_5002b910","Global","Label","DEFAULT",true,true,false
0x5002b928,"DAT_5002b928","Global","Label","DEFAULT",true,true,false
0x5002ba00,"DAT_5002ba00","Global","Label","DEFAULT",true,true,false
0x5002ba04,"DAT_5002ba04","Global","Label","DEFAULT",true,true,false
0x5002ba08,"DAT_5002ba08","Global","Label","DEFAULT",true,true,false
0x5002ba0c,"DAT_5002ba0c","Global","Label","DEFAULT",true,true,false
0x5002ba24,"DAT_5002ba24","Global","Label","DEFAULT",true,true,false
0x5002bc20,"DAT_5002bc20","Global","Label","DEFAULT",true,true,false
0x5002bc28,"DAT_5002bc28","Global","Label","DEFAULT",true,true,false
0x5002bc2c,"DAT_5002bc2c","Global","Label","DEFAULT",true,true,false
0xe000e100,"DAT_e000e100","Global","Label","DEFAULT",true,true,false
0xe000e104,"DAT_e000e104","Global","Label","DEFAULT",true,true,false
0xe000e180,"DAT_e000e180","Global","Label","DEFAULT",true,true,false
0xe000e184,"DAT_e000e184","Global","Label","DEFAULT",true,true,false
0xe000e280,"DAT_e000e280","Global","Label","DEFAULT",true,true,false
0xe000e416,"DAT_e000e416","Global","Label","DEFAULT",true,true,false
0xe000e424,"DAT_e000e424","Global","Label","DEFAULT",true,true,false
0xe000ed0c,"DAT_e000ed0c","Global","Label","DEFAULT",true,true,false
0xe000ed88,"DAT_e000ed88","Global","Label","DEFAULT",true,true,false
0xe000edf0,"DAT_e000edf0","Global","Label","DEFAULT",true,true,false
