address	end	size	name	module	confidence	evidence	stock_sha256
0x080000C0	0x080000C4	4		g2-box-ghidra-functions	Unverified	g2/tools/manifests/g2-box-ghidra-functions.tsv:  | also: g2-box-function-map.tsv	
0x080000CC	0x080000EE	34	vPortStartFirstTask	upstream_freertos_kernel	Strong	g2/tools/manifests/g2-box-function-map.tsv: [upstream_freertos_kernel] kernel-statics reference and/or banded call-graph closure from pinned port/scheduler anchors; upstream_freertos_kernel | also: g2-box-ghidra-functions.tsv	
0x080000F4	0x080000FC	8	ulSetInterruptMaskFromISR	upstream_freertos_kernel	Strong	g2/tools/manifests/g2-box-function-map.tsv: [upstream_freertos_kernel] anchor: port helper: mrs primask/cpsid/bx; upstream_freertos_kernel | also: g2-box-ghidra-functions.tsv	
0x080000FC	0x08000102	6	vClearInterruptMaskFromISR	upstream_freertos_kernel	Strong	g2/tools/manifests/g2-box-function-map.tsv: [upstream_freertos_kernel] anchor: port helper: msr primask/bx; upstream_freertos_kernel | also: g2-box-ghidra-functions.tsv	
0x08000102	0x08000140	62	xPortPendSVHandler	upstream_freertos_kernel	Strong	g2/tools/manifests/g2-box-function-map.tsv: [upstream_freertos_kernel] anchor: exact GCC ARM_CM0 V10-line port sequence; pinned island; upstream_freertos_kernel | also: g2-box-ghidra-functions.tsv	
0x08000144	0x0800014C	8		g2-box-ghidra-functions	Unverified	g2/tools/manifests/g2-box-ghidra-functions.tsv:  | also: g2-box-function-map.tsv	
0x08000156	0x08000158	2		g2-box-ghidra-functions	Unverified	g2/tools/manifests/g2-box-ghidra-functions.tsv:  | also: g2-box-function-map.tsv	
0x08000160	0x0800018C	44	__aeabi_uidiv	upstream_cmsis_startup	Strong	g2/tools/manifests/g2-box-function-map.tsv: [upstream_cmsis_startup] __aeabi runtime divide leaf; upstream_cmsis_startup | also: g2-box-ghidra-functions.tsv, g2-box-task-helper-map.tsv	
0x0800018C	0x080001B4	40		g2-box-ghidra-functions	Unverified	g2/tools/manifests/g2-box-ghidra-functions.tsv:  | also: g2-box-function-map.tsv	
0x080001B4	0x080001D8	36		g2-box-ghidra-functions	Unverified	g2/tools/manifests/g2-box-ghidra-functions.tsv:  | also: g2-box-function-map.tsv	
0x080001D8	0x080001E6	14		g2-box-ghidra-functions	Unverified	g2/tools/manifests/g2-box-ghidra-functions.tsv:  | also: g2-box-function-map.tsv	
0x080001E6	0x080001EA	4		g2-box-ghidra-functions	Unverified	g2/tools/manifests/g2-box-ghidra-functions.tsv:  | also: g2-box-function-map.tsv	
0x080001EA	0x080001FC	18		g2-box-ghidra-functions	Unverified	g2/tools/manifests/g2-box-ghidra-functions.tsv:  | also: g2-box-function-map.tsv	
0x080001FC	0x08000210	20		g2-box-ghidra-functions	Unverified	g2/tools/manifests/g2-box-ghidra-functions.tsv:  | also: g2-box-function-map.tsv	
0x08000210	0x08000270	96		g2-box-ghidra-functions	Unverified	g2/tools/manifests/g2-box-ghidra-functions.tsv:  | also: g2-box-function-map.tsv	
0x08000270	0x08000294	36	case_boot_initialize	components/shared/case/runtime_case_semantic_leaves.c	Inferred	g2/tools/manifests/g2-case-semantic-leaves-admission.tsv: [isolated_source_candidate_not_routed] run initialization entries and expand packed startup data | also: g2-box-function-map.tsv, g2-box-ghidra-functions.tsv, g2-case-final-function-frontier.tsv	9955b05104c79c9ded13dc2a3dc50e421d6f490ef736c15c954a874b8edfcc7b
0x08000294	0x080002B4	32	case_shift_left64	components/shared/case/runtime_case_pure_helpers.c	Inferred	g2/tools/manifests/g2-case-pure-helpers-admission.tsv: [isolated_source_candidate_not_routed] 64-bit logical left shift with zero for counts >= 64 | also: g2-box-function-map.tsv, g2-box-ghidra-functions.tsv, g2-case-final-function-frontier.tsv	903f3bc68dbe13c349444a3c1d639bbe2bed70e5ad42f57412ec952fb03339cd
0x080002B4	0x080002D6	34	case_shift_right64	components/shared/case/runtime_case_pure_helpers.c	Inferred	g2/tools/manifests/g2-case-pure-helpers-admission.tsv: [isolated_source_candidate_not_routed] 64-bit logical right shift with zero for counts >= 64 | also: g2-box-function-map.tsv, g2-box-ghidra-functions.tsv, g2-case-final-function-frontier.tsv	a17868e5884e24c692e1c7b94176c1c1d7ef68c802de5a7af36026a9f1eff4dd
0x080002D6	0x08000310	58	case_expand_runs	components/shared/case/runtime_case_semantic_leaves.c	Inferred	g2/tools/manifests/g2-case-semantic-leaves-admission.tsv: [isolated_source_candidate_not_routed] expand alternating literal and zero runs | also: g2-box-function-map.tsv, g2-box-ghidra-functions.tsv, g2-case-final-function-frontier.tsv	69fe36d77bb8c738e666160d85769990680fe1f0522b7fda0e3f31bd81b02dca
0x08000310	0x0800041C	268	case_wire_exchange_register	components/shared/case/runtime_case_semantic_leaves.c	Inferred	g2/tools/manifests/g2-case-semantic-leaves-admission.tsv: [isolated_source_candidate_not_routed] exchange a checked framed wire-register transaction | also: g2-box-function-map.tsv, g2-box-ghidra-functions.tsv, g2-case-final-function-frontier.tsv	f32433fb67dcb5d830d633b3ba6795b91119d07458bae815270ea909cd596d8b
0x08000420	0x080004BA	154		g2-box-ghidra-functions	Unverified	g2/tools/manifests/g2-box-ghidra-functions.tsv:  | also: g2-box-function-map.tsv	
0x080004C0	0x08000568	168	case_wire_read_register	components/shared/case/runtime_case_semantic_leaves.c	Inferred	g2/tools/manifests/g2-case-semantic-leaves-admission.tsv: [isolated_source_candidate_not_routed] read a checked framed wire-register transaction | also: g2-box-function-map.tsv, g2-box-ghidra-functions.tsv, g2-case-final-function-frontier.tsv	afac8417e62c80722cf3f2b317b579f402c05e6e5ccc47110ae6ea08eda53484
0x0800056C	0x0800060A	158		g2-box-ghidra-functions	Unverified	g2/tools/manifests/g2-box-ghidra-functions.tsv:  | also: g2-box-function-map.tsv	
0x08000610	0x080006BE	174	case_wire_write_register	components/shared/case/runtime_case_semantic_leaves.c	Inferred	g2/tools/manifests/g2-case-semantic-leaves-admission.tsv: [isolated_source_candidate_not_routed] write a checked framed wire-register transaction | also: g2-box-function-map.tsv, g2-box-ghidra-functions.tsv, g2-case-final-function-frontier.tsv	4edcb69facf78728167aafc9f3b6061061110a1c0c935f81d7c11b303eae1bc7
0x080006C4	0x080006CE	10	case_forward_resource	components/shared/case/runtime_case_semantic_leaves.c	Inferred	g2/tools/manifests/g2-case-semantic-leaves-admission.tsv: [isolated_source_candidate_not_routed] forward the first fixed resource | also: g2-box-function-map.tsv, g2-box-ghidra-functions.tsv, g2-case-final-function-frontier.tsv	9e4bbf68eeea3e149e8cb97bda79dad3dbe5c7aa9d363be5bb536ad28074e4c1
0x080006D4	0x08000730	92	case_wait_controller_flag2	components/shared/case/runtime_case_semantic_leaves.c	Inferred	g2/tools/manifests/g2-case-semantic-leaves-admission.tsv: [isolated_source_candidate_not_routed] start and bound a controller flag-two wait | also: g2-box-function-map.tsv, g2-box-ghidra-functions.tsv, g2-case-final-function-frontier.tsv	0cece80f6b94f0348d7eeb80f5d3ad07ad1ccdbb52e53beed45718864b22b8bb
0x08000734	0x080007A2	110	case_start_controller_flag0	components/shared/case/runtime_case_semantic_leaves.c	Inferred	g2/tools/manifests/g2-case-semantic-leaves-admission.tsv: [isolated_source_candidate_not_routed] start and bound a controller flag-zero transition | also: g2-box-function-map.tsv, g2-box-ghidra-functions.tsv, g2-case-final-function-frontier.tsv	486650b539c8d304e71cb705c085c38cfe87d527bee0edebde56785b9d26c762
0x080007A8	0x0800084A	162	case_start_peripheral	components/shared/case/runtime_case_semantic_leaves.c	Inferred	g2/tools/manifests/g2-case-semantic-leaves-admission.tsv: [isolated_source_candidate_not_routed] start a peripheral and enforce its bounded ready transition | also: g2-box-function-map.tsv, g2-box-ghidra-functions.tsv, g2-case-final-function-frontier.tsv	e80a57f4551a88af7841b023e2bb5f9ffee5c36ee4fefc860327bb999849dc31
0x0800085C	0x0800091C	192	gls_rx_buffer_parse_dispatch	first_party_g2	Inferred	g2/tools/manifests/g2-box-function-map.tsv: [first_party_g2] G2 GLS receive-buffer parser and dispatcher; first_party_g2 | also: g2-box-ghidra-functions.tsv, g2-box-task-helper-map.tsv	
0x08000928	0x08000B08	480		g2-box-ghidra-functions	Unverified	g2/tools/manifests/g2-box-ghidra-functions.tsv:  | also: g2-box-function-map.tsv	
0x08000E1C	0x0800117C	864		g2-box-ghidra-functions	Unverified	g2/tools/manifests/g2-box-ghidra-functions.tsv:  | also: g2-box-function-map.tsv	
0x080012E4	0x08001314	48	aging_led_status_clear	first_party_g2	Inferred	g2/tools/manifests/g2-box-function-map.tsv: [first_party_g2] references G2 log/status strings; first_party_g2 | also: g2-box-ghidra-functions.tsv, g2-box-task-helper-map.tsv	
0x08001334	0x08001378	68	aging_sequence_start	first_party_g2	Inferred	g2/tools/manifests/g2-box-function-map.tsv: [first_party_g2] references G2 log/status strings; first_party_g2 | also: g2-box-ghidra-functions.tsv, g2-box-task-helper-map.tsv	
0x080013B8	0x080013EA	50	idle_mode_exit	first_party_g2	Inferred	g2/tools/manifests/g2-box-function-map.tsv: [first_party_g2] references G2 log/status strings; first_party_g2 | also: g2-box-ghidra-functions.tsv, g2-box-task-helper-map.tsv	
0x08001408	0x0800150A	258		g2-box-ghidra-functions	Unverified	g2/tools/manifests/g2-box-ghidra-functions.tsv:  | also: g2-box-function-map.tsv	
0x08001574	0x08001770	508	case_ota_execute	first_party_g2	Inferred	g2/tools/manifests/g2-box-function-map.tsv: [first_party_g2] references G2 log/status strings; first_party_g2 | also: g2-box-ghidra-functions.tsv, g2-box-task-helper-map.tsv	
0x080018E4	0x08001AD0	492	glasses_status_poll_dispatch	first_party_g2	Inferred	g2/tools/manifests/g2-box-function-map.tsv: [first_party_g2] references G2 log/status strings; first_party_g2 | also: g2-box-ghidra-functions.tsv, g2-box-task-helper-map.tsv	
0x08001C1C	0x08001D02	230	glasses_status_force_refresh	first_party_g2	Inferred	g2/tools/manifests/g2-box-function-map.tsv: [first_party_g2] references G2 log/status strings; first_party_g2 | also: g2-box-ghidra-functions.tsv, g2-box-task-helper-map.tsv	
0x08001D68	0x08001E18	176	ota_result_inform_glasses	first_party_g2	Inferred	g2/tools/manifests/g2-box-function-map.tsv: [first_party_g2] references G2 log/status strings; first_party_g2 | also: g2-box-ghidra-functions.tsv, g2-box-task-helper-map.tsv	
0x08001E94	0x08002254	960	gls_frame_validate_dispatch	first_party_g2	Inferred	g2/tools/manifests/g2-box-function-map.tsv: [first_party_g2] references G2 log/status strings; first_party_g2 | also: g2-box-ghidra-functions.tsv, g2-box-task-helper-map.tsv	
0x080023F4	0x0800245C	104	aging_status_set_left	first_party_g2	Inferred	g2/tools/manifests/g2-box-function-map.tsv: [first_party_g2] references G2 log/status strings; first_party_g2 | also: g2-box-ghidra-functions.tsv, g2-box-task-helper-map.tsv	
0x080024C0	0x08002528	104	aging_status_set_right	first_party_g2	Inferred	g2/tools/manifests/g2-box-function-map.tsv: [first_party_g2] references G2 log/status strings; first_party_g2 | also: g2-box-ghidra-functions.tsv, g2-box-task-helper-map.tsv	
0x0800258C	0x080026BC	304	gls_uart_transfer_controlled	first_party_g2	Inferred	g2/tools/manifests/g2-box-function-map.tsv: [first_party_g2] references G2 log/status strings; first_party_g2 | also: g2-box-ghidra-functions.tsv, g2-box-task-helper-map.tsv	
0x08002744	0x0800282C	232	gls_uart_transfer_uncontrolled	first_party_g2	Inferred	g2/tools/manifests/g2-box-function-map.tsv: [first_party_g2] references G2 log/status strings; first_party_g2 | also: g2-box-ghidra-functions.tsv, g2-box-task-helper-map.tsv	
0x08002888	0x080028B0	40	case_configure_record_and_stop	components/shared/case/runtime_case_semantic_leaves.c	Inferred	g2/tools/manifests/g2-case-semantic-leaves-admission.tsv: [isolated_source_candidate_not_routed] configure the fixed five-word record then stop | also: g2-box-function-map.tsv, g2-box-ghidra-functions.tsv, g2-case-final-function-frontier.tsv	60f7d3e9f357aa2bee966a24fa81b06502bfd2e28f14c7929084c1f074fc0c87
0x080028B4	0x08002926	114	case_serial_read_200	components/shared/case/runtime_case_semantic_leaves.c	Inferred	g2/tools/manifests/g2-case-semantic-leaves-admission.tsv: [isolated_source_candidate_not_routed] read a selected address-200 serial register into a caller buffer | also: g2-box-function-map.tsv, g2-box-ghidra-functions.tsv, g2-case-final-function-frontier.tsv	046ffd35165879c93662ccda04f0186970ba928fb87a2d7e635f9b04ffa47f26
0x0800292C	0x0800299E	114	case_serial_read_70	components/shared/case/runtime_case_semantic_leaves.c	Inferred	g2/tools/manifests/g2-case-semantic-leaves-admission.tsv: [isolated_source_candidate_not_routed] read a selected address-0x70 serial register into a caller buffer | also: g2-box-function-map.tsv, g2-box-ghidra-functions.tsv, g2-case-final-function-frontier.tsv	d83acd2a7f2e817ff14dd8b3c575054abbcb6e8d13aada6b485e05e0a2095815
0x080029A4	0x080029FC	88	case_serial_write_pair_200	components/shared/case/runtime_case_semantic_leaves.c	Inferred	g2/tools/manifests/g2-case-semantic-leaves-admission.tsv: [isolated_source_candidate_not_routed] write a two-byte payload after bounded address-200 acknowledgement | also: g2-box-function-map.tsv, g2-box-ghidra-functions.tsv, g2-case-final-function-frontier.tsv	30c299289eb7e16356a271e7c1c10e0b10dc6b91c660f57da10f32cd3dc98d56
0x08002A00	0x08002A58	88	case_serial_write_pair_70	components/shared/case/runtime_case_semantic_leaves.c	Inferred	g2/tools/manifests/g2-case-semantic-leaves-admission.tsv: [isolated_source_candidate_not_routed] write a two-byte payload after bounded address-0x70 acknowledgement | also: g2-box-function-map.tsv, g2-box-ghidra-functions.tsv, g2-case-final-function-frontier.tsv	5a0ee6537e10cc82fc9919562d0c553081b6b974e2f8e2d1897b936cb6fd9e0c
0x08002A5C	0x08002A62	6	case_read_byte3	components/shared/case/runtime_case_semantic_leaves.c	Inferred	g2/tools/manifests/g2-case-semantic-leaves-admission.tsv: [isolated_source_candidate_not_routed] caller-owned record byte 3 read | also: g2-box-function-map.tsv, g2-box-ghidra-functions.tsv, g2-case-final-function-frontier.tsv	20b7429ad4a2738d10a7e021499fe6fbd4639a76beaaf5ed8b3606a713b8de36
0x08002A68	0x08002AF4	140	pmic_boost_status_check	first_party_g2	Inferred	g2/tools/manifests/g2-box-function-map.tsv: [first_party_g2] references G2 log/status strings; first_party_g2 | also: g2-box-ghidra-functions.tsv, g2-box-task-helper-map.tsv	
0x08002B40	0x08002B4C	12	case_command_a2_clear	components/shared/case/runtime_case_semantic_leaves.c	Inferred	g2/tools/manifests/g2-case-semantic-leaves-admission.tsv: [isolated_source_candidate_not_routed] issue command 0xa2 with value zero | also: g2-box-function-map.tsv, g2-box-ghidra-functions.tsv, g2-case-final-function-frontier.tsv	69ef164f8c63b9c7793147e3673441b81c056c7f0ef08dd135e778d36e7c74dc
0x08002B4C	0x08002C02	182		g2-box-ghidra-functions	Unverified	g2/tools/manifests/g2-box-ghidra-functions.tsv:  | also: g2-box-function-map.tsv	
0x08002C30	0x08002C8E	94	peripheral_mode_write_retry	first_party_g2	Inferred	g2/tools/manifests/g2-box-function-map.tsv: [first_party_g2] G2 retrying peripheral mode-write policy; first_party_g2 | also: g2-box-ghidra-functions.tsv, g2-box-task-helper-map.tsv	
0x08002C8E	0x08002CB8	42	glasses_channel_command_pack	first_party_g2	Inferred	g2/tools/manifests/g2-box-function-map.tsv: [first_party_g2] G2 glasses-channel command packing policy; first_party_g2 | also: g2-box-ghidra-functions.tsv, g2-box-task-helper-map.tsv	
0x08002CB8	0x08002CC0	8	case_periodic_policy_adapter	first_party_g2	Inferred	g2/tools/manifests/g2-box-function-map.tsv: [first_party_g2] G2 periodic case-policy adapter; first_party_g2 | also: g2-box-ghidra-functions.tsv, g2-box-task-helper-map.tsv	
0x08002CC0	0x08002D10	80	ota_image_be32_sum_verify	first_party_g2	Inferred	g2/tools/manifests/g2-box-function-map.tsv: [first_party_g2] references G2 log/status strings; first_party_g2 | also: g2-box-ghidra-functions.tsv	
0x08002D48	0x08002DBA	114		g2-box-ghidra-functions	Unverified	g2/tools/manifests/g2-box-ghidra-functions.tsv:  | also: g2-box-function-map.tsv	
0x08002E04	0x08002EB0	172		g2-box-ghidra-functions	Unverified	g2/tools/manifests/g2-box-ghidra-functions.tsv:  | also: g2-box-function-map.tsv	
0x08002EDC	0x08002F24	72	case_trimmed_average8	components/shared/case/runtime_case_semantic_leaves.c	Inferred	g2/tools/manifests/g2-case-semantic-leaves-admission.tsv: [isolated_source_candidate_not_routed] average eight resource samples after discarding extrema | also: g2-box-function-map.tsv, g2-box-ghidra-functions.tsv, g2-case-final-function-frontier.tsv	19a5dfc24bb9c52a8381e8b4e9f19b3141a89def9da0f19b760e171b4e42992e
0x08002F28	0x08002F46	30	case_query_command_a2_is_one	components/shared/case/runtime_case_semantic_leaves.c	Inferred	g2/tools/manifests/g2-case-semantic-leaves-admission.tsv: [isolated_source_candidate_not_routed] query command 0xa2 and classify low byte one | also: g2-box-function-map.tsv, g2-box-ghidra-functions.tsv, g2-case-final-function-frontier.tsv	f30dbebb29b37d7916b5a609e6dfb80c0d182d970e54ee4dbdd36a082a9bd09b
0x08002F46	0x08002F60	26	case_classify_status	components/shared/case/runtime_case_semantic_leaves.c	Inferred	g2/tools/manifests/g2-case-semantic-leaves-admission.tsv: [isolated_source_candidate_not_routed] classify status word bit twenty | also: g2-box-function-map.tsv, g2-box-ghidra-functions.tsv, g2-case-final-function-frontier.tsv	ccedbae4febe01e86cb64facb00636aa6c3c7d0b702c8811d640d826e13b67d7
0x08002F60	0x08002F82	34		g2-box-ghidra-functions	Unverified	g2/tools/manifests/g2-box-ghidra-functions.tsv:  | also: g2-box-function-map.tsv	
0x08002F88	0x08002FC4	60		g2-box-ghidra-functions	Unverified	g2/tools/manifests/g2-box-ghidra-functions.tsv:  | also: g2-box-function-map.tsv	
0x08002FC8	0x08003342	890		g2-box-ghidra-functions	Unverified	g2/tools/manifests/g2-box-ghidra-functions.tsv:  | also: g2-box-function-map.tsv	
0x080035B8	0x080035D0	24	case_run_guarded	components/shared/case/runtime_case_semantic_leaves.c	Inferred	g2/tools/manifests/g2-case-semantic-leaves-admission.tsv: [isolated_source_candidate_not_routed] byte-one reentrancy guard around an action | also: g2-box-function-map.tsv, g2-box-ghidra-functions.tsv, g2-case-final-function-frontier.tsv	a997c6a1781cd6996c564fb08ad0ccc4414a319ae6625dcf7a6e8303e2534028
0x080035D4	0x080035EC	24	peripheral_transaction_guard	first_party_g2	Inferred	g2/tools/manifests/g2-box-function-map.tsv: [first_party_g2] G2 guarded peripheral transaction adapter; first_party_g2 | also: g2-box-ghidra-functions.tsv, g2-box-task-helper-map.tsv	
0x080035F0	0x08003656	102	case_configure_register_sequence	components/shared/case/runtime_case_semantic_leaves.c	Inferred	g2/tools/manifests/g2-case-semantic-leaves-admission.tsv: [isolated_source_candidate_not_routed] write seven fixed register/value pairs with interposed delays | also: g2-box-function-map.tsv, g2-box-ghidra-functions.tsv, g2-case-final-function-frontier.tsv	8904ce09c98b52543b32fd5eac102fcaccc560d1dfff456e25778aa435a0969c
0x08003656	0x08003662	12	case_command_a2_set	components/shared/case/runtime_case_semantic_leaves.c	Inferred	g2/tools/manifests/g2-case-semantic-leaves-admission.tsv: [isolated_source_candidate_not_routed] issue command 0xa2 with value one | also: g2-box-function-map.tsv, g2-box-ghidra-functions.tsv, g2-case-final-function-frontier.tsv	6cde4422a92b5c3171d80caf68c2f0cbcbef1577a41ee3bd46d48d62275f074a
0x08003664	0x080036FE	154		g2-box-ghidra-functions	Unverified	g2/tools/manifests/g2-box-ghidra-functions.tsv:  | also: g2-box-function-map.tsv	
0x0800373C	0x0800380A	206		g2-box-ghidra-functions	Unverified	g2/tools/manifests/g2-box-ghidra-functions.tsv:  | also: g2-box-function-map.tsv	
0x08003848	0x0800389A	82	glasses_charge_side_select	first_party_g2	Inferred	g2/tools/manifests/g2-box-function-map.tsv: [first_party_g2] G2 charge-side selection policy over PA6/PA7 helpers; first_party_g2 | also: g2-box-ghidra-functions.tsv, g2-box-task-helper-map.tsv	
0x080038A0	0x080038DE	62	case_toggle_lines_three	components/shared/case/runtime_case_semantic_leaves.c	Inferred	g2/tools/manifests/g2-case-semantic-leaves-admission.tsv: [isolated_source_candidate_not_routed] toggle two lines for three timed cycles | also: g2-box-function-map.tsv, g2-box-ghidra-functions.tsv, g2-case-final-function-frontier.tsv	f23c4ff1e1dec4bb9828ff74c9c76289d08d38a09dad21a21fd33c7a0b465ed7
0x080038E0	0x0800395C	124	option_byte_bank_swap	first_party_g2	Inferred	g2/tools/manifests/g2-box-function-map.tsv: [first_party_g2] references G2 log/status strings; first_party_g2 | also: g2-box-ghidra-functions.tsv, g2-box-task-helper-map.tsv	
0x080039C8	0x080039E0	24	left_channel_transaction_guard	first_party_g2	Inferred	g2/tools/manifests/g2-box-function-map.tsv: [first_party_g2] G2 guarded left-channel transaction adapter; first_party_g2 | also: g2-box-ghidra-functions.tsv, g2-box-task-helper-map.tsv	
0x080039E4	0x080039FC	24	right_channel_transaction_guard	first_party_g2	Inferred	g2/tools/manifests/g2-box-function-map.tsv: [first_party_g2] G2 guarded right-channel transaction adapter; first_party_g2 | also: g2-box-ghidra-functions.tsv, g2-box-task-helper-map.tsv	
0x08003A00	0x08003A2C	44	glasses_charge_state_reset	first_party_g2	Inferred	g2/tools/manifests/g2-box-function-map.tsv: [first_party_g2] G2 per-glasses charge-state reset policy; first_party_g2 | also: g2-box-ghidra-functions.tsv, g2-box-task-helper-map.tsv	
0x08003A30	0x08003A3C	12	case_run_pair	components/shared/case/runtime_case_semantic_leaves.c	Inferred	g2/tools/manifests/g2-case-semantic-leaves-admission.tsv: [isolated_source_candidate_not_routed] run two parameterless service actions in order | also: g2-box-function-map.tsv, g2-box-ghidra-functions.tsv, g2-case-final-function-frontier.tsv	c575aaa734ee2b9d4e23e7b340fed3c61339547b8701ed7647e40e3f2b11590e
0x08003A3C	0x08003A5C	32	left_glasses_state_reset	first_party_g2	Inferred	g2/tools/manifests/g2-box-function-map.tsv: [first_party_g2] G2 left-glasses state reset; first_party_g2 | also: g2-box-ghidra-functions.tsv, g2-box-task-helper-map.tsv	
0x08003A60	0x08003A7E	30	right_glasses_state_reset	first_party_g2	Inferred	g2/tools/manifests/g2-box-function-map.tsv: [first_party_g2] G2 right-glasses state reset; first_party_g2 | also: g2-box-ghidra-functions.tsv, g2-box-task-helper-map.tsv	
0x08003A84	0x08003B2E	170		g2-box-ghidra-functions	Unverified	g2/tools/manifests/g2-box-ghidra-functions.tsv:  | also: g2-box-function-map.tsv	
0x08003B90	0x08003BA8	24	peripheral_status_probe	first_party_g2	Inferred	g2/tools/manifests/g2-box-function-map.tsv: [first_party_g2] G2 one-byte peripheral status probe adapter; first_party_g2 | also: g2-box-ghidra-functions.tsv, g2-box-task-helper-map.tsv	
0x08003BB0	0x08003BC0	16	case_dispatch_tagged	components/shared/case/runtime_case_semantic_leaves.c	Inferred	g2/tools/manifests/g2-case-semantic-leaves-admission.tsv: [isolated_source_candidate_not_routed] dispatch two values with a caller-supplied tag | also: g2-box-function-map.tsv, g2-box-ghidra-functions.tsv, g2-case-final-function-frontier.tsv	a2b3aa4c2ed523cf77ad992e67e9c60c3b6f8fdaa3e39ae41f6dad1e35f66238
0x08003BC8	0x08003C14	76		g2-box-ghidra-functions	Unverified	g2/tools/manifests/g2-box-ghidra-functions.tsv:  | also: g2-box-function-map.tsv	
0x08003C2C	0x08003CDC	176		g2-box-ghidra-functions	Unverified	g2/tools/manifests/g2-box-ghidra-functions.tsv:  | also: g2-box-function-map.tsv	
0x08003D24	0x08003E26	258		g2-box-ghidra-functions	Unverified	g2/tools/manifests/g2-box-ghidra-functions.tsv:  | also: g2-box-function-map.tsv	
0x08003E90	0x08003E94	4	case_fail_stop	components/shared/case/runtime_case_semantic_leaves.c	Inferred	g2/tools/manifests/g2-case-semantic-leaves-admission.tsv: [isolated_source_candidate_not_routed] disable interrupts and remain in the fail-stop idle loop | also: g2-box-function-map.tsv, g2-box-ghidra-functions.tsv, g2-case-final-function-frontier.tsv	ba2d718b92d01eb1f8e40143481f113f9b1c1dcb94b78e076cbb2fd1f4096b82
0x08003E94	0x08003EA4	16	case_control_word5_set	components/shared/case/runtime_case_register_transforms.c	Inferred	g2/tools/manifests/g2-case-register-transforms-admission.tsv: [clean_room_compilable_c_candidate] word 5 OR update with caller bits and bit 16 | also: g2-box-function-map.tsv, g2-box-ghidra-functions.tsv, g2-case-final-function-frontier.tsv	7533600672ed0b85ea80f528cc71d43f5784eea0e2549d79fb392df1eecdf467
0x08003EA8	0x08003EBA	18	case_flash_status_classify	components/shared/case/runtime_case_register_primitives.c	Inferred	g2/tools/manifests/g2-case-register-primitives-admission.tsv: [clean_room_compilable_c_candidate] low-byte 0xAA/0xCC acceptance, otherwise 0xBB | also: g2-box-function-map.tsv, g2-box-ghidra-functions.tsv, g2-case-final-function-frontier.tsv	e0a2fefd7f2126873ac445909d136138f2bebc0021b012427305c48f9657b673
0x08003EC0	0x08003ECA	10	case_flash_status_masked	components/shared/case/runtime_case_register_primitives.c	Inferred	g2/tools/manifests/g2-case-register-primitives-admission.tsv: [clean_room_compilable_c_candidate] status word 8 masked by 0x077F6000 | also: g2-box-function-map.tsv, g2-box-ghidra-functions.tsv, g2-case-final-function-frontier.tsv	aa05e4fdd78fcb7adc2ab80a2034cc34e1af95280fe398b5b77e25bf725d3191
0x08003ED4	0x08003EE8	20	case_flash_control_update	components/shared/case/runtime_case_register_transforms.c	Inferred	g2/tools/manifests/g2-case-register-transforms-admission.tsv: [clean_room_compilable_c_candidate] word 8 clear-mask/low-byte replacement and two set masks | also: g2-box-function-map.tsv, g2-box-ghidra-functions.tsv, g2-case-final-function-frontier.tsv	6eda4e654152137182f4a4aaf10cbc30031df690e7b8faeec68a7b460aaa3a95
0x08003EEC	0x08003F10	36	case_gpio_policy_update	components/shared/case/runtime_case_register_policies.c	Inferred	g2/tools/manifests/g2-case-register-policies-admission.tsv: [isolated_source_candidate_not_routed] caller register word 5 preserve/mode/selection/fixed-mask update | also: g2-box-function-map.tsv, g2-box-ghidra-functions.tsv, g2-case-final-function-frontier.tsv	56ea55b6763b6184a8f3dbd98468109819949fed6d7e741fba9e15e39b8bbc3d
0x08003F1C	0x08003F32	22	case_register_pair_commit	components/shared/case/runtime_case_register_policies.c	Inferred	g2/tools/manifests/g2-case-register-policies-admission.tsv: [isolated_source_candidate_not_routed] set register word 5 bit 0 and commit two words across an ISB | also: g2-box-function-map.tsv, g2-box-ghidra-functions.tsv, g2-case-final-function-frontier.tsv	2f8c43877af0ece822d02dc56db09049871bc7a25328011fd545eeecf9fb770d
0x08003F38	0x08003F68	48	case_copy64_protected	components/shared/case/runtime_case_semantic_leaves.c	Inferred	g2/tools/manifests/g2-case-semantic-leaves-admission.tsv: [isolated_source_candidate_not_routed] copy sixty-four words under protected interrupt state | also: g2-box-function-map.tsv, g2-box-ghidra-functions.tsv, g2-case-final-function-frontier.tsv	3dd0b462c36cdad28ff4a39854f34a4181bad1f889aeb590e970b9b973458b5c
0x08003F6C	0x08003FBE	82	case_wait_serial_idle	components/shared/case/runtime_case_semantic_leaves.c	Inferred	g2/tools/manifests/g2-case-semantic-leaves-admission.tsv: [isolated_source_candidate_not_routed] bounded serial-idle and completion wait with pending-error capture | also: g2-box-function-map.tsv, g2-box-ghidra-functions.tsv, g2-case-final-function-frontier.tsv	2cf1b7aa43c06cbf60de48cdfa02f471e7ec24ab40142b4e4242b3385f288fe9
0x08003FD0	0x080040EA	282	case_calibrate_controller	components/shared/case/runtime_case_semantic_leaves.c	Inferred	g2/tools/manifests/g2-case-semantic-leaves-admission.tsv: [isolated_source_candidate_not_routed] calibrate a controller from eight bounded samples | also: g2-box-function-map.tsv, g2-box-ghidra-functions.tsv, g2-case-final-function-frontier.tsv	eb41a0c3c12cc61be81a39bfbec52ab51a75ec9f73e016bae6f10941f808dd61
0x080040F8	0x080040FA	2	case_hook_080040f8	components/shared/case/runtime_case_semantic_leaves.c	Inferred	g2/tools/manifests/g2-case-semantic-leaves-admission.tsv: [isolated_source_candidate_not_routed] behaviorally empty callback/reserved hook | also: g2-box-function-map.tsv, g2-box-ghidra-functions.tsv, g2-case-final-function-frontier.tsv	c7dfbb7d02759eacb64dbc916c1bb6f21eabaff1c1032ea5c9176abf7fd28df8
0x080040FA	0x080040FC	2	case_hook_080040fa	components/shared/case/runtime_case_semantic_leaves.c	Inferred	g2/tools/manifests/g2-case-semantic-leaves-admission.tsv: [isolated_source_candidate_not_routed] behaviorally empty callback/reserved hook | also: g2-box-function-map.tsv, g2-box-ghidra-functions.tsv, g2-case-final-function-frontier.tsv	c7dfbb7d02759eacb64dbc916c1bb6f21eabaff1c1032ea5c9176abf7fd28df8
0x080040FC	0x080040FE	2	case_hook_080040fc	components/shared/case/runtime_case_semantic_leaves.c	Inferred	g2/tools/manifests/g2-case-semantic-leaves-admission.tsv: [isolated_source_candidate_not_routed] behaviorally empty callback/reserved hook | also: g2-box-function-map.tsv, g2-box-ghidra-functions.tsv, g2-case-final-function-frontier.tsv	c7dfbb7d02759eacb64dbc916c1bb6f21eabaff1c1032ea5c9176abf7fd28df8
0x080040FE	0x08004100	2	case_hook_080040fe	components/shared/case/runtime_case_semantic_leaves.c	Inferred	g2/tools/manifests/g2-case-semantic-leaves-admission.tsv: [isolated_source_candidate_not_routed] behaviorally empty callback/reserved hook | also: g2-box-function-map.tsv, g2-box-ghidra-functions.tsv, g2-case-final-function-frontier.tsv	c7dfbb7d02759eacb64dbc916c1bb6f21eabaff1c1032ea5c9176abf7fd28df8
0x08004100	0x0800430A	522	case_configure_pin_policy	components/shared/case/runtime_case_semantic_leaves.c	Inferred	g2/tools/manifests/g2-case-semantic-leaves-admission.tsv: [isolated_source_candidate_not_routed] configure guarded pin and clock-routing policy | also: g2-box-function-map.tsv, g2-box-ghidra-functions.tsv, g2-case-final-function-frontier.tsv	0682938a12722df01c45a136a35021b6fb5f82dbba3e3b72bdddf103fbb9feeb
0x08004324	0x08004326	2	case_hook_08004324	components/shared/case/runtime_case_semantic_leaves.c	Inferred	g2/tools/manifests/g2-case-semantic-leaves-admission.tsv: [isolated_source_candidate_not_routed] behaviorally empty callback/reserved hook | also: g2-box-function-map.tsv, g2-box-ghidra-functions.tsv, g2-case-final-function-frontier.tsv	c7dfbb7d02759eacb64dbc916c1bb6f21eabaff1c1032ea5c9176abf7fd28df8
0x08004326	0x08004328	2	case_hook_08004326	components/shared/case/runtime_case_semantic_leaves.c	Inferred	g2/tools/manifests/g2-case-semantic-leaves-admission.tsv: [isolated_source_candidate_not_routed] behaviorally empty callback/reserved hook | also: g2-box-function-map.tsv, g2-box-ghidra-functions.tsv, g2-case-final-function-frontier.tsv	c7dfbb7d02759eacb64dbc916c1bb6f21eabaff1c1032ea5c9176abf7fd28df8
0x08004328	0x0800432E	6	case_handle_word16	components/shared/case/runtime_case_register_primitives.c	Inferred	g2/tools/manifests/g2-case-register-primitives-admission.tsv: [clean_room_compilable_c_candidate] indirect handle word 16 read | also: g2-box-function-map.tsv, g2-box-ghidra-functions.tsv, g2-case-final-function-frontier.tsv	a2a14b78d9dbf21beecef82b0c28833fe79269c2c9c6a03579e4ce397d9b7506
0x08004330	0x0800447A	330		g2-box-ghidra-functions	Unverified	g2/tools/manifests/g2-box-ghidra-functions.tsv:  | also: g2-box-function-map.tsv	
0x08004480	0x08004682	514		g2-box-ghidra-functions	Unverified	g2/tools/manifests/g2-box-ghidra-functions.tsv:  | also: g2-box-function-map.tsv	
0x080046A0	0x080046A2	2	case_hook_080046a0	components/shared/case/runtime_case_semantic_leaves.c	Inferred	g2/tools/manifests/g2-case-semantic-leaves-admission.tsv: [isolated_source_candidate_not_routed] behaviorally empty callback/reserved hook | also: g2-box-function-map.tsv, g2-box-ghidra-functions.tsv, g2-case-final-function-frontier.tsv	c7dfbb7d02759eacb64dbc916c1bb6f21eabaff1c1032ea5c9176abf7fd28df8
0x080046A4	0x08004708	100	case_configure_irq_resource	components/shared/case/runtime_case_semantic_leaves.c	Inferred	g2/tools/manifests/g2-case-semantic-leaves-admission.tsv: [isolated_source_candidate_not_routed] configure a matched IRQ resource and clear its interrupt | also: g2-box-function-map.tsv, g2-box-ghidra-functions.tsv, g2-case-final-function-frontier.tsv	f344eb2f21489c0d41cd9d455e7e25442112d10e3ea2b0831a64eb9770a5a508
0x08004710	0x080047D4	196	case_wait_peripheral	components/shared/case/runtime_case_semantic_leaves.c	Inferred	g2/tools/manifests/g2-case-semantic-leaves-admission.tsv: [isolated_source_candidate_not_routed] wait for a peripheral completion or record timeout state | also: g2-box-function-map.tsv, g2-box-ghidra-functions.tsv, g2-case-final-function-frontier.tsv	3a5caa28158344c155da673f7d809fc8f8d440cbdaeb779e833adb509548aea1
0x080047D4	0x08004832	94		g2-box-ghidra-functions	Unverified	g2/tools/manifests/g2-box-ghidra-functions.tsv:  | also: g2-box-function-map.tsv	
0x0800483C	0x0800487A	62	case_guarded_two_stage	components/shared/case/runtime_case_semantic_leaves.c	Inferred	g2/tools/manifests/g2-case-semantic-leaves-admission.tsv: [isolated_source_candidate_not_routed] guarded two-stage context initialization | also: g2-box-function-map.tsv, g2-box-ghidra-functions.tsv, g2-case-final-function-frontier.tsv	aa5a5e8fc99d7f398bc93aedc8621955eaf48781ca2ae1fa674bdcaa3f5baca7
0x0800487A	0x080048E6	108		g2-box-ghidra-functions	Unverified	g2/tools/manifests/g2-box-ghidra-functions.tsv:  | also: g2-box-function-map.tsv	
0x080048E6	0x08004956	112		g2-box-ghidra-functions	Unverified	g2/tools/manifests/g2-box-ghidra-functions.tsv:  | also: g2-box-function-map.tsv	
0x08004958	0x08004978	32	case_wait_elapsed	components/shared/case/runtime_case_semantic_leaves.c	Inferred	g2/tools/manifests/g2-case-semantic-leaves-admission.tsv: [isolated_source_candidate_not_routed] wait for unsigned tick delta with compensation | also: g2-box-function-map.tsv, g2-box-ghidra-functions.tsv, g2-case-final-function-frontier.tsv	09bba7cab4e1920b6b9265f7cb57a9e716a53cc447e39b4ed558daea9620080e
0x0800497C	0x080049F8	124	case_run_controller_range	components/shared/case/runtime_case_semantic_leaves.c	Inferred	g2/tools/manifests/g2-case-semantic-leaves-admission.tsv: [isolated_source_candidate_not_routed] run a guarded single or ranged controller operation | also: g2-box-function-map.tsv, g2-box-ghidra-functions.tsv, g2-case-final-function-frontier.tsv	5679f3ad487d5f58590cc6c19da1f6f1fa944847068c2e52745f9d13df7f6fe9
0x08004A00	0x08004A62	98	case_build_register_descriptor	components/shared/case/runtime_case_semantic_leaves.c	Inferred	g2/tools/manifests/g2-case-semantic-leaves-admission.tsv: [isolated_source_candidate_not_routed] build a seven-word descriptor from a selected register bank | also: g2-box-function-map.tsv, g2-box-ghidra-functions.tsv, g2-case-final-function-frontier.tsv	dc8d2646d08e1aec4d91494069f1ddfbb9c48abece46b33021a4610357efa91b
0x08004A6C	0x08004B16	170		g2-box-ghidra-functions	Unverified	g2/tools/manifests/g2-box-ghidra-functions.tsv:  | also: g2-box-function-map.tsv	
0x08004B20	0x08004B36	22	case_flag31_set	components/shared/case/runtime_case_register_policies.c	Inferred	g2/tools/manifests/g2-case-register-policies-admission.tsv: [isolated_source_candidate_not_routed] set register word 5 bit 31 and return its sign-bit-clear predicate | also: g2-box-function-map.tsv, g2-box-ghidra-functions.tsv, g2-case-final-function-frontier.tsv	8ffaebc5d978ec530921d231282a2fac6ed292a17590bab6a3c50f97ed18563e
0x08004B3C	0x08004B4C	16	case_flag27_set	components/shared/case/runtime_case_register_policies.c	Inferred	g2/tools/manifests/g2-case-register-policies-admission.tsv: [isolated_source_candidate_not_routed] set register word 5 bit 27 and return one | also: g2-box-function-map.tsv, g2-box-ghidra-functions.tsv, g2-case-final-function-frontier.tsv	255dcc7be0c4303a942b9bae389e3c45f6d77e03ca298f5daae118a083ccf732
0x08004B50	0x08004B66	22	case_flag30_set	components/shared/case/runtime_case_register_policies.c	Inferred	g2/tools/manifests/g2-case-register-policies-admission.tsv: [isolated_source_candidate_not_routed] set register word 5 bit 30 and return its shifted-sign-clear predicate | also: g2-box-function-map.tsv, g2-box-ghidra-functions.tsv, g2-case-final-function-frontier.tsv	d6f7f2f984a99e96501c2e924d5e359d6a6eaa497bb3ea9d6eabac09eacd8b81
0x08004B6C	0x08004B88	28	HAL_FLASH_Unlock	upstream_stm32_hal	Strong	g2/tools/manifests/g2-box-function-map.tsv: [upstream_stm32_hal] FLASH_KEYR/OPTKEYR credential literal user (HAL_FLASH_Unlock/HAL_FLASH_OB_Unlock); upstream_stm32_hal | also: g2-box-ghidra-functions.tsv	
0x08004B94	0x08004BEC	88	case_copy_controller_words	components/shared/case/runtime_case_semantic_leaves.c	Inferred	g2/tools/manifests/g2-case-semantic-leaves-admission.tsv: [isolated_source_candidate_not_routed] perform a guarded controller copy and clear its active mask | also: g2-box-function-map.tsv, g2-box-ghidra-functions.tsv, g2-case-final-function-frontier.tsv	ad977acf353e77f4e479ef6a71fe9fa9dec0c2b88b327c0565dea83a6095c14b
0x08004BF4	0x08004C10	28	HAL_FLASH_OB_Unlock	upstream_stm32_hal	Strong	g2/tools/manifests/g2-box-function-map.tsv: [upstream_stm32_hal] FLASH_KEYR/OPTKEYR credential literal user (HAL_FLASH_Unlock/HAL_FLASH_OB_Unlock); upstream_stm32_hal | also: g2-box-ghidra-functions.tsv	
0x08004C1C	0x08004CEA	206	case_release_pins	components/shared/case/runtime_case_semantic_leaves.c	Inferred	g2/tools/manifests/g2-case-semantic-leaves-admission.tsv: [isolated_source_candidate_not_routed] release selected pin ownership and controller fields | also: g2-box-function-map.tsv, g2-box-ghidra-functions.tsv, g2-case-final-function-frontier.tsv	c62357aa9de403c382874f6f9d7fe95e510c0a3d96a8f4e6275a3baa8dcf1cc5
0x08004D00	0x08004D02	2	case_hook_08004d00	components/shared/case/runtime_case_semantic_leaves.c	Inferred	g2/tools/manifests/g2-case-semantic-leaves-admission.tsv: [isolated_source_candidate_not_routed] behaviorally empty callback/reserved hook | also: g2-box-function-map.tsv, g2-box-ghidra-functions.tsv, g2-case-final-function-frontier.tsv	c7dfbb7d02759eacb64dbc916c1bb6f21eabaff1c1032ea5c9176abf7fd28df8
0x08004D04	0x08004D28	36	case_dispatch_pending	components/shared/case/runtime_case_semantic_leaves.c	Inferred	g2/tools/manifests/g2-case-semantic-leaves-admission.tsv: [isolated_source_candidate_not_routed] acknowledge and dispatch two pending status banks | also: g2-box-function-map.tsv, g2-box-ghidra-functions.tsv, g2-case-final-function-frontier.tsv	8daf57e9c9c177b56cb7dbab499dc0a739e12667e6fcf727716151e3fc764aad
0x08004D2C	0x08004D2E	2	case_hook_08004d2c	components/shared/case/runtime_case_semantic_leaves.c	Inferred	g2/tools/manifests/g2-case-semantic-leaves-admission.tsv: [isolated_source_candidate_not_routed] behaviorally empty callback/reserved hook | also: g2-box-function-map.tsv, g2-box-ghidra-functions.tsv, g2-case-final-function-frontier.tsv	c7dfbb7d02759eacb64dbc916c1bb6f21eabaff1c1032ea5c9176abf7fd28df8
0x08004D30	0x08004E80	336		g2-box-ghidra-functions	Unverified	g2/tools/manifests/g2-box-ghidra-functions.tsv:  | also: g2-box-function-map.tsv	
0x08004E94	0x08004E9E	10	case_register_any_bits	components/shared/case/runtime_case_register_primitives.c	Inferred	g2/tools/manifests/g2-case-register-primitives-admission.tsv: [clean_room_compilable_c_candidate] word 4 masked nonzero predicate | also: g2-box-function-map.tsv, g2-box-ghidra-functions.tsv, g2-case-final-function-frontier.tsv	5dec2b510091957cd310155535f989998e09b1bda69697f9ddacdea44fbd9024
0x08004E9E	0x08004EAA	12	case_register_write_channel	components/shared/case/runtime_case_register_primitives.c	Inferred	g2/tools/manifests/g2-case-register-primitives-admission.tsv: [clean_room_compilable_c_candidate] selector chooses word 6 or word 10 write | also: g2-box-function-map.tsv, g2-box-ghidra-functions.tsv, g2-case-final-function-frontier.tsv	249cd8559567dea2085da166fd295e516469beb26a4114fee4bd90a65f3b5cad
0x08004EAC	0x08004EB2	6	case_tick_word2	components/shared/case/runtime_case_register_primitives.c	Inferred	g2/tools/manifests/g2-case-register-primitives-admission.tsv: [clean_room_compilable_c_candidate] global timing-state word 2 read | also: g2-box-function-map.tsv, g2-box-ghidra-functions.tsv, g2-case-final-function-frontier.tsv	f9e9ed7deab97ba770020418c839a3824257d2e29c2f736e873b7a50a3efaeb8
0x08004EB8	0x08004EBE	6	case_device_info_word4	components/shared/case/runtime_case_register_primitives.c	Inferred	g2/tools/manifests/g2-case-register-primitives-admission.tsv: [clean_room_compilable_c_candidate] device-information word 4 read | also: g2-box-function-map.tsv, g2-box-ghidra-functions.tsv, g2-case-final-function-frontier.tsv	895117144ca352baa99d948bb32fc9b248631e995c4d281cb77b6ddb3e9ce023
0x08004EC4	0x08004ECA	6	case_device_info_word5	components/shared/case/runtime_case_register_primitives.c	Inferred	g2/tools/manifests/g2-case-register-primitives-admission.tsv: [clean_room_compilable_c_candidate] device-information word 5 read | also: g2-box-function-map.tsv, g2-box-ghidra-functions.tsv, g2-case-final-function-frontier.tsv	2eff6063dea135fb41d902919548885c3ba486df44d32f50edfd77f765a2b127
0x08004ED0	0x08004ED6	6	case_device_info_word6	components/shared/case/runtime_case_register_primitives.c	Inferred	g2/tools/manifests/g2-case-register-primitives-admission.tsv: [clean_room_compilable_c_candidate] device-information word 6 read | also: g2-box-function-map.tsv, g2-box-ghidra-functions.tsv, g2-case-final-function-frontier.tsv	0894173b4e7a6a728281b8d682734935f48057b84f831256ceb9fd35c9a13825
0x08004EDC	0x08004EE8	12	case_add_byte0_to_word8	components/shared/case/runtime_case_semantic_leaves.c	Inferred	g2/tools/manifests/g2-case-semantic-leaves-admission.tsv: [isolated_source_candidate_not_routed] record word 8 plus unsigned byte 0 | also: g2-box-function-map.tsv, g2-box-ghidra-functions.tsv, g2-case-final-function-frontier.tsv	c8202e38b6bec0513269ceb7e7eb7852e3917486a78c89c8fea68d61c7c59c09
0x08004EEC	0x08004F10	36	case_initialize_serial_block	components/shared/case/runtime_case_semantic_leaves.c	Inferred	g2/tools/manifests/g2-case-semantic-leaves-admission.tsv: [isolated_source_candidate_not_routed] enable and initialize a caller-owned serial block | also: g2-box-function-map.tsv, g2-box-ghidra-functions.tsv, g2-case-final-function-frontier.tsv	a44c624f5af6410f05b71d3f5eefb750e4a82dfe24e88485e2760f61072cb495
0x08004F14	0x08004F98	132	case_initialize_interrupt_path	components/shared/case/runtime_case_semantic_leaves.c	Inferred	g2/tools/manifests/g2-case-semantic-leaves-admission.tsv: [isolated_source_candidate_not_routed] initialize and route a bounded interrupt timing profile | also: g2-box-function-map.tsv, g2-box-ghidra-functions.tsv, g2-case-final-function-frontier.tsv	bca22a8ea417589bad100c47034c672dedc6e750e3f179fd33e61c458eaf73b7
0x08004FB0	0x08004FE8	56	case_enable_interrupt_source	components/shared/case/runtime_case_semantic_leaves.c	Inferred	g2/tools/manifests/g2-case-semantic-leaves-admission.tsv: [isolated_source_candidate_not_routed] enable, route, dispatch, and configure an interrupt source | also: g2-box-function-map.tsv, g2-box-ghidra-functions.tsv, g2-case-final-function-frontier.tsv	f65f32b467c14ba4213ba37eaac1f2dbc783e73bd9bfab5ac2fd2bd9bcd5b41c
0x08004FEC	0x08005006	26	case_clear_irq	components/shared/case/runtime_case_semantic_leaves.c	Inferred	g2/tools/manifests/g2-case-semantic-leaves-admission.tsv: [isolated_source_candidate_not_routed] clear indexed interrupt then issue both barriers | also: g2-box-function-map.tsv, g2-box-ghidra-functions.tsv, g2-case-final-function-frontier.tsv	b2165405c4004a1a03af568aee6d740bee9510a301d1cd6c1c84d2175a7bef09
0x0800500C	0x0800501E	18	case_interrupt_enable	components/shared/case/runtime_case_register_policies.c	Inferred	g2/tools/manifests/g2-case-register-policies-admission.tsv: [isolated_source_candidate_not_routed] ignore negative IRQs; write one bit selected modulo 32 otherwise | also: g2-box-function-map.tsv, g2-box-ghidra-functions.tsv, g2-case-final-function-frontier.tsv	98fbcb9dc3dd773a89e7b619fd15f70ae95d40e7dcee100ea39ed1b7a274b9d8
0x08005024	0x0800502C	8	case_forward_action	components/shared/case/runtime_case_semantic_leaves.c	Inferred	g2/tools/manifests/g2-case-semantic-leaves-admission.tsv: [isolated_source_candidate_not_routed] forward a parameterless service action | also: g2-box-function-map.tsv, g2-box-ghidra-functions.tsv, g2-case-final-function-frontier.tsv	6184af067579a437b117ef83ce6aa9ef83c11b2dc8568cb6de4d423b236db079
0x0800502C	0x0800503E	18	NVIC_SystemReset	upstream_cmsis_startup	Strong	g2/tools/manifests/g2-box-function-map.tsv: [upstream_cmsis_startup] CMSIS-Core NVIC_SystemReset: DSB, AIRCR VECTKEY + SYSRESETREQ, DSB, terminal loop; upstream_cmsis_startup | also: g2-box-ghidra-functions.tsv, g2-box-task-helper-map.tsv	
0x08005048	0x08005086	62	case_configure_mode_wait	components/shared/case/runtime_case_semantic_leaves.c	Inferred	g2/tools/manifests/g2-case-semantic-leaves-admission.tsv: [isolated_source_candidate_not_routed] configure controller mode and enforce a computed wait budget | also: g2-box-function-map.tsv, g2-box-ghidra-functions.tsv, g2-case-final-function-frontier.tsv	6b55dd98ee196750c72b3a45c33dc4f0452e87a2d5a1fb18ff2262c5dda7efe1
0x08005094	0x080050A2	14	HAL_PWR_DisableWakeUpPin	upstream_stm32_hal	Strong	g2/tools/manifests/g2-box-function-map.tsv: [upstream_stm32_hal] STM32G0 HAL HAL_PWR_DisableWakeUpPin: clears the selected EWUP bits in PWR_CR3; upstream_stm32_hal | also: g2-box-ghidra-functions.tsv, g2-box-task-helper-map.tsv	
0x080050A8	0x080050C0	24	HAL_PWR_EnableWakeUpPin	upstream_stm32_hal	Strong	g2/tools/manifests/g2-box-function-map.tsv: [upstream_stm32_hal] STM32G0 HAL HAL_PWR_EnableWakeUpPin: programs PWR_CR4 polarity then sets PWR_CR3 EWUP bits; upstream_stm32_hal | also: g2-box-ghidra-functions.tsv, g2-box-task-helper-map.tsv	
0x080050C4	0x080050DE	26	HAL_PWR_EnterSTANDBYMode	upstream_stm32_hal	Strong	g2/tools/manifests/g2-box-function-map.tsv: [upstream_stm32_hal] STM32G0 HAL HAL_PWR_EnterSTANDBYMode: LPMS=standby, SCB SLEEPDEEP, WFI sequence; upstream_stm32_hal | also: g2-box-ghidra-functions.tsv, g2-box-task-helper-map.tsv	
0x080050E8	0x0800511E	54	HAL_PWR_EnterSLEEPMode	upstream_stm32_hal	Strong	g2/tools/manifests/g2-box-function-map.tsv: [upstream_stm32_hal] STM32G0 HAL HAL_PWR_EnterSLEEPMode: LPMS regulator selection, WFI/WFE entry, SLEEPDEEP clear; upstream_stm32_hal | also: g2-box-ghidra-functions.tsv, g2-box-task-helper-map.tsv	
0x08005128	0x080052CE	422		g2-box-ghidra-functions	Unverified	g2/tools/manifests/g2-box-ghidra-functions.tsv:  | also: g2-box-function-map.tsv	
0x080052E4	0x08005422	318	case_configure_clock_path	components/shared/case/runtime_case_semantic_leaves.c	Inferred	g2/tools/manifests/g2-case-semantic-leaves-admission.tsv: [isolated_source_candidate_not_routed] apply clock-path selection and derive the routed clock | also: g2-box-function-map.tsv, g2-box-ghidra-functions.tsv, g2-case-final-function-frontier.tsv	ee30a871f376066fafc98b8f843c3963c9d975eff9e095998ec2d8cf809e5241
0x0800543C	0x0800546C	48	case_clock_descriptor	components/shared/case/runtime_case_register_policies.c	Inferred	g2/tools/manifests/g2-case-register-policies-admission.tsv: [isolated_source_candidate_not_routed] extract clock configuration fields and a three-bit selector | also: g2-box-function-map.tsv, g2-box-ghidra-functions.tsv, g2-case-final-function-frontier.tsv	e6fa8811709e85b3fd2b270e4ab60a367efa63d79c478bb47ab5d0b7f8272764
0x08005474	0x0800548E	26	case_shift_selected	components/shared/case/runtime_case_semantic_leaves.c	Inferred	g2/tools/manifests/g2-case-semantic-leaves-admission.tsv: [isolated_source_candidate_not_routed] select a table shift from control bits 12 through 14 | also: g2-box-function-map.tsv, g2-box-ghidra-functions.tsv, g2-case-final-function-frontier.tsv	97cfc337346c93b13c6c261a3fb670099160dd5fcfd4ee1cc08562c6abb542e5
0x0800549C	0x0800551E	130	case_derive_clock	components/shared/case/runtime_case_semantic_leaves.c	Inferred	g2/tools/manifests/g2-case-semantic-leaves-admission.tsv: [isolated_source_candidate_not_routed] derive the active peripheral clock from four configuration words | also: g2-box-function-map.tsv, g2-box-ghidra-functions.tsv, g2-case-final-function-frontier.tsv	e44c45ecf3a52ed25713b3de93ad9cc470747cf5130828dcff66f92cfd1ce362
0x08005528	0x080058EA	962	case_configure_system_clock	components/shared/case/runtime_case_semantic_leaves.c	Inferred	g2/tools/manifests/g2-case-semantic-leaves-admission.tsv: [isolated_source_candidate_not_routed] configure and validate the complete system clock policy | also: g2-box-function-map.tsv, g2-box-ghidra-functions.tsv, g2-case-final-function-frontier.tsv	050691a5e1ddeb35e98eecd2c46e744259131c8936ce45dca88495da0e0bc4dd
0x08005910	0x0800598A	122	case_start_controller	components/shared/case/runtime_case_semantic_leaves.c	Inferred	g2/tools/manifests/g2-case-semantic-leaves-admission.tsv: [isolated_source_candidate_not_routed] start a guarded controller and enforce its bounded ready wait | also: g2-box-function-map.tsv, g2-box-ghidra-functions.tsv, g2-case-final-function-frontier.tsv	e45cbd74d3967a1df34927187eb94301f87fe63035795bb4fab27eb3b39fa6a9
0x0800598C	0x08005A48	188	stm32_hal_peripheral_init	upstream_stm32_hal	Strong	g2/tools/manifests/g2-box-function-map.tsv: [upstream_stm32_hal] STM32G0 HAL stm32_hal_peripheral_init: HAL handle state/error transitions, HAL tick timeout, instance-register configuration, and HAL status returns; exact pub | also: g2-box-ghidra-functions.tsv, g2-box-task-helper-map.tsv	
0x08005A50	0x08005A52	2	case_hook_08005a50	components/shared/case/runtime_case_semantic_leaves.c	Inferred	g2/tools/manifests/g2-case-semantic-leaves-admission.tsv: [isolated_source_candidate_not_routed] behaviorally empty callback/reserved hook | also: g2-box-function-map.tsv, g2-box-ghidra-functions.tsv, g2-case-final-function-frontier.tsv	c7dfbb7d02759eacb64dbc916c1bb6f21eabaff1c1032ea5c9176abf7fd28df8
0x08005A52	0x08005A74	34	case_mark_controller_ready	components/shared/case/runtime_case_semantic_leaves.c	Inferred	g2/tools/manifests/g2-case-semantic-leaves-admission.tsv: [isolated_source_candidate_not_routed] mark controller context ready and notify bit-two state | also: g2-box-function-map.tsv, g2-box-ghidra-functions.tsv, g2-case-final-function-frontier.tsv	ead7b2b743ace0bbafc23d0e1df458940a3c9cad538af50359a65291eb974f51
0x08005A74	0x08005B20	172	case_activate_controller	components/shared/case/runtime_case_semantic_leaves.c	Inferred	g2/tools/manifests/g2-case-semantic-leaves-admission.tsv: [isolated_source_candidate_not_routed] activate and configure a caller-owned controller context | also: g2-box-function-map.tsv, g2-box-ghidra-functions.tsv, g2-case-final-function-frontier.tsv	4cfc8970333b11f9ed8f58cb3bed4c73adc47b4d234d584e117484eb950c32fd
0x08005B24	0x08005B84	96	case_configure_controller_irq	components/shared/case/runtime_case_semantic_leaves.c	Inferred	g2/tools/manifests/g2-case-semantic-leaves-admission.tsv: [isolated_source_candidate_not_routed] initialize a matched controller IRQ profile | also: g2-box-function-map.tsv, g2-box-ghidra-functions.tsv, g2-case-final-function-frontier.tsv	54d76304a964ef80ce3323ff8c8ef0ec069652484d394e7adb078a0c3f40710c
0x08005B8C	0x08005BC0	52	case_wait_status_bit5	components/shared/case/runtime_case_semantic_leaves.c	Inferred	g2/tools/manifests/g2-case-semantic-leaves-admission.tsv: [isolated_source_candidate_not_routed] clear status bits and wait for bit five | also: g2-box-function-map.tsv, g2-box-ghidra-functions.tsv, g2-case-final-function-frontier.tsv	d41432bfb95c3668c45dca72e4cacaddf09df05764246beac6a90d7fffb4178a
0x08005BC0	0x08005BD0	16		g2-box-ghidra-functions	Unverified	g2/tools/manifests/g2-box-ghidra-functions.tsv:  | also: g2-box-function-map.tsv	
0x08005BD4	0x08005BD6	2	case_hook_08005bd4	components/shared/case/runtime_case_semantic_leaves.c	Inferred	g2/tools/manifests/g2-case-semantic-leaves-admission.tsv: [isolated_source_candidate_not_routed] behaviorally empty callback/reserved hook | also: g2-box-function-map.tsv, g2-box-ghidra-functions.tsv, g2-case-final-function-frontier.tsv	c7dfbb7d02759eacb64dbc916c1bb6f21eabaff1c1032ea5c9176abf7fd28df8
0x08005BD6	0x08005BD8	2	case_hook_08005bd6	components/shared/case/runtime_case_semantic_leaves.c	Inferred	g2/tools/manifests/g2-case-semantic-leaves-admission.tsv: [isolated_source_candidate_not_routed] behaviorally empty callback/reserved hook | also: g2-box-function-map.tsv, g2-box-ghidra-functions.tsv, g2-case-final-function-frontier.tsv	c7dfbb7d02759eacb64dbc916c1bb6f21eabaff1c1032ea5c9176abf7fd28df8
0x08005BD8	0x08005BDA	2	case_hook_08005bd8	components/shared/case/runtime_case_semantic_leaves.c	Inferred	g2/tools/manifests/g2-case-semantic-leaves-admission.tsv: [isolated_source_candidate_not_routed] behaviorally empty callback/reserved hook | also: g2-box-function-map.tsv, g2-box-ghidra-functions.tsv, g2-case-final-function-frontier.tsv	c7dfbb7d02759eacb64dbc916c1bb6f21eabaff1c1032ea5c9176abf7fd28df8
0x08005BDA	0x08005C26	76	case_initialize_peripheral_context	components/shared/case/runtime_case_semantic_leaves.c	Inferred	g2/tools/manifests/g2-case-semantic-leaves-admission.tsv: [isolated_source_candidate_not_routed] initialize and configure a caller-owned peripheral context | also: g2-box-function-map.tsv, g2-box-ghidra-functions.tsv, g2-case-final-function-frontier.tsv	9b1a4d0742e8a544fec67339c269e54db6e478efa672a3b66de0d1311afc02a2
0x08005C26	0x08005C28	2	case_hook_08005c26	components/shared/case/runtime_case_semantic_leaves.c	Inferred	g2/tools/manifests/g2-case-semantic-leaves-admission.tsv: [isolated_source_candidate_not_routed] behaviorally empty callback/reserved hook | also: g2-box-function-map.tsv, g2-box-ghidra-functions.tsv, g2-case-final-function-frontier.tsv	c7dfbb7d02759eacb64dbc916c1bb6f21eabaff1c1032ea5c9176abf7fd28df8
0x08005C28	0x08005C78	80	case_enable_peripheral_context	components/shared/case/runtime_case_semantic_leaves.c	Inferred	g2/tools/manifests/g2-case-semantic-leaves-admission.tsv: [isolated_source_candidate_not_routed] enable an initialized peripheral context with special-mode policy | also: g2-box-function-map.tsv, g2-box-ghidra-functions.tsv, g2-case-final-function-frontier.tsv	7197db954be995225d23781b86f44a8b8c639c1c1d9aa748b40abdcb4a2641a4
0x08005C8C	0x08005C8E	2	case_hook_08005c8c	components/shared/case/runtime_case_semantic_leaves.c	Inferred	g2/tools/manifests/g2-case-semantic-leaves-admission.tsv: [isolated_source_candidate_not_routed] behaviorally empty callback/reserved hook | also: g2-box-function-map.tsv, g2-box-ghidra-functions.tsv, g2-case-final-function-frontier.tsv	c7dfbb7d02759eacb64dbc916c1bb6f21eabaff1c1032ea5c9176abf7fd28df8
0x08005C90	0x08005E0E	382		g2-box-ghidra-functions	Unverified	g2/tools/manifests/g2-box-ghidra-functions.tsv:  | also: g2-box-function-map.tsv	
0x08005E14	0x08005E16	2	case_hook_08005e14	components/shared/case/runtime_case_semantic_leaves.c	Inferred	g2/tools/manifests/g2-case-semantic-leaves-admission.tsv: [isolated_source_candidate_not_routed] behaviorally empty callback/reserved hook | also: g2-box-function-map.tsv, g2-box-ghidra-functions.tsv, g2-case-final-function-frontier.tsv	c7dfbb7d02759eacb64dbc916c1bb6f21eabaff1c1032ea5c9176abf7fd28df8
0x08005E16	0x08005E18	2	case_hook_08005e16	components/shared/case/runtime_case_semantic_leaves.c	Inferred	g2/tools/manifests/g2-case-semantic-leaves-admission.tsv: [isolated_source_candidate_not_routed] behaviorally empty callback/reserved hook | also: g2-box-function-map.tsv, g2-box-ghidra-functions.tsv, g2-case-final-function-frontier.tsv	c7dfbb7d02759eacb64dbc916c1bb6f21eabaff1c1032ea5c9176abf7fd28df8
0x08005E18	0x08005E28	16	case_run_if_token	components/shared/case/runtime_case_semantic_leaves.c	Inferred	g2/tools/manifests/g2-case-semantic-leaves-admission.tsv: [isolated_source_candidate_not_routed] run an action when a caller-owned token matches | also: g2-box-function-map.tsv, g2-box-ghidra-functions.tsv, g2-case-final-function-frontier.tsv	a979f66dd3d0f8094842e067fd139cb9e9a393badb763ce874cb57b6e5d31f90
0x08005E2C	0x08005E2E	2	case_hook_08005e2c	components/shared/case/runtime_case_semantic_leaves.c	Inferred	g2/tools/manifests/g2-case-semantic-leaves-admission.tsv: [isolated_source_candidate_not_routed] behaviorally empty callback/reserved hook | also: g2-box-function-map.tsv, g2-box-ghidra-functions.tsv, g2-case-final-function-frontier.tsv	c7dfbb7d02759eacb64dbc916c1bb6f21eabaff1c1032ea5c9176abf7fd28df8
0x08005E2E	0x08005E6A	60	case_guarded_controller_disable	components/shared/case/runtime_case_semantic_leaves.c	Inferred	g2/tools/manifests/g2-case-semantic-leaves-admission.tsv: [isolated_source_candidate_not_routed] guarded controller disable register sequence | also: g2-box-function-map.tsv, g2-box-ghidra-functions.tsv, g2-case-final-function-frontier.tsv	05bf8c57b8cc3df322074d7c44bad89a7531092a16b12725573975f8e6a8f055
0x08005E6A	0x08005E6C	2		g2-box-ghidra-functions	Unverified	g2/tools/manifests/g2-box-ghidra-functions.tsv:  | also: g2-box-function-map.tsv	
0x08005E6C	0x08005E6E	2		g2-box-ghidra-functions	Unverified	g2/tools/manifests/g2-box-ghidra-functions.tsv:  | also: g2-box-function-map.tsv	
0x08005E6E	0x08005EB6	72	case_guarded_controller_field_mid	components/shared/case/runtime_case_semantic_leaves.c	Inferred	g2/tools/manifests/g2-case-semantic-leaves-admission.tsv: [isolated_source_candidate_not_routed] guarded middle controller-field update | also: g2-box-function-map.tsv, g2-box-ghidra-functions.tsv, g2-case-final-function-frontier.tsv	ad5fcc66aac9df062d2b188ed15997276925b149715559938cc7578897d72026
0x08005EB6	0x08005EFC	70	case_guarded_controller_field_high	components/shared/case/runtime_case_semantic_leaves.c	Inferred	g2/tools/manifests/g2-case-semantic-leaves-admission.tsv: [isolated_source_candidate_not_routed] guarded high controller-field update | also: g2-box-function-map.tsv, g2-box-ghidra-functions.tsv, g2-case-final-function-frontier.tsv	2f7a22523ec9ba1395bf0069a78c7f18fa99c091653edcb8bdbb73731f5837aa
0x08005EFC	0x08005EFE	2		g2-box-ghidra-functions	Unverified	g2/tools/manifests/g2-box-ghidra-functions.tsv:  | also: g2-box-function-map.tsv	
0x08005EFE	0x08005F00	2		g2-box-ghidra-functions	Unverified	g2/tools/manifests/g2-box-ghidra-functions.tsv:  | also: g2-box-function-map.tsv	
0x08005F00	0x08005F42	66	case_reset_controller_context	components/shared/case/runtime_case_semantic_leaves.c	Inferred	g2/tools/manifests/g2-case-semantic-leaves-admission.tsv: [isolated_source_candidate_not_routed] reset caller-owned controller context and release resources | also: g2-box-function-map.tsv, g2-box-ghidra-functions.tsv, g2-case-final-function-frontier.tsv	b0b1c1a2901d9b191cbce40958e141623a95b5b7fb037dde1254d7a8b615dda5
0x08005F42	0x08005F44	2		g2-box-ghidra-functions	Unverified	g2/tools/manifests/g2-box-ghidra-functions.tsv:  | also: g2-box-function-map.tsv	
0x08005F44	0x08005F50	12	case_or_words_88_8c	components/shared/case/runtime_case_semantic_leaves.c	Inferred	g2/tools/manifests/g2-case-semantic-leaves-admission.tsv: [isolated_source_candidate_not_routed] bitwise OR of context words at 0x88 and 0x8c | also: g2-box-function-map.tsv, g2-box-ghidra-functions.tsv, g2-case-final-function-frontier.tsv	061b4b9693ec66d6727125da2c02f3706cd18f8b96835484a7f34fa2e3d9803b
0x08005F50	0x0800622C	732	HAL_UART_IRQHandler	upstream_stm32_hal	Strong	g2/tools/manifests/g2-box-function-map.tsv: [upstream_stm32_hal] anchor: USART ISR/CR1/CR3/ICR handler sequence; pinned island; upstream_stm32_hal | also: g2-box-ghidra-functions.tsv	
0x08006240	0x080062AC	108	case_prepare_controller_context	components/shared/case/runtime_case_semantic_leaves.c	Inferred	g2/tools/manifests/g2-case-semantic-leaves-admission.tsv: [isolated_source_candidate_not_routed] prepare a controller context and wait for active channels | also: g2-box-function-map.tsv, g2-box-ghidra-functions.tsv, g2-case-final-function-frontier.tsv	7c904758b9e682be24b4ac3411a8fbf788204e8d03448c8cb590c4107df3962c
0x080062AC	0x080062F6	74	case_release_peripheral	components/shared/case/runtime_case_semantic_leaves.c	Inferred	g2/tools/manifests/g2-case-semantic-leaves-admission.tsv: [isolated_source_candidate_not_routed] release one of two caller-owned peripheral resources | also: g2-box-function-map.tsv, g2-box-ghidra-functions.tsv, g2-case-final-function-frontier.tsv	f97e0e0117ec959de31742c525102cd70fb08c5d684845fab6cf8b31b96d5f55
0x08006308	0x080063DC	212	case_configure_resource_irq	components/shared/case/runtime_case_semantic_leaves.c	Inferred	g2/tools/manifests/g2-case-semantic-leaves-admission.tsv: [isolated_source_candidate_not_routed] initialize and route one of two controller resources | also: g2-box-function-map.tsv, g2-box-ghidra-functions.tsv, g2-case-final-function-frontier.tsv	691d2eac1d6c524b0901e45290bb83ac5245b069926b6d1da3c399a35a806cbf
0x080063EC	0x080064E8	252	case_read_controller_blocking	components/shared/case/runtime_case_semantic_leaves.c	Inferred	g2/tools/manifests/g2-case-semantic-leaves-admission.tsv: [isolated_source_candidate_not_routed] read a controller buffer under bounded wait policy | also: g2-box-function-map.tsv, g2-box-ghidra-functions.tsv, g2-case-final-function-frontier.tsv	c32c4b071020034a62984a0c08a0ba774b7c444da16e5f8d062df02ab93c5d85
0x080064EC	0x08006544	88	case_start_context_transfer	components/shared/case/runtime_case_semantic_leaves.c	Inferred	g2/tools/manifests/g2-case-semantic-leaves-admission.tsv: [isolated_source_candidate_not_routed] validate context policy and start a protected transfer | also: g2-box-function-map.tsv, g2-box-ghidra-functions.tsv, g2-case-final-function-frontier.tsv	2302ddc0cc79d3abb0ef4f3aa42ecc79ac7750d36f5f747c4c006b62b56d90fa
0x08006544	0x08006696	338	case_process_frame_byte	components/shared/case/runtime_case_semantic_leaves.c	Inferred	g2/tools/manifests/g2-case-semantic-leaves-admission.tsv: [isolated_source_candidate_not_routed] accumulate, validate, extend, and dispatch framed bytes | also: g2-box-function-map.tsv, g2-box-ghidra-functions.tsv, g2-case-final-function-frontier.tsv	2a44a16ffc3fd241572e71b43c2e8e0e3c3911783bb660be7ae9596adafb7b98
0x080066AC	0x08006776	202	case_write_controller_blocking	components/shared/case/runtime_case_semantic_leaves.c	Inferred	g2/tools/manifests/g2-case-semantic-leaves-admission.tsv: [isolated_source_candidate_not_routed] write a controller buffer under bounded wait policy | also: g2-box-function-map.tsv, g2-box-ghidra-functions.tsv, g2-case-final-function-frontier.tsv	699a3dd41d29724d9da4692d36641a196020431358c6ac71bc0044d586bbe325
0x08006776	0x08006778	2	case_hook_08006776	components/shared/case/runtime_case_semantic_leaves.c	Inferred	g2/tools/manifests/g2-case-semantic-leaves-admission.tsv: [isolated_source_candidate_not_routed] behaviorally empty callback/reserved hook | also: g2-box-function-map.tsv, g2-box-ghidra-functions.tsv, g2-case-final-function-frontier.tsv	c7dfbb7d02759eacb64dbc916c1bb6f21eabaff1c1032ea5c9176abf7fd28df8
0x08006778	0x0800677A	2		g2-box-ghidra-functions	Unverified	g2/tools/manifests/g2-box-ghidra-functions.tsv:  | also: g2-box-function-map.tsv	
0x0800677A	0x08006782	8	case_status_word2_bit0	components/shared/case/runtime_case_register_primitives.c	Inferred	g2/tools/manifests/g2-case-register-primitives-admission.tsv: [clean_room_compilable_c_candidate] status word 2 bit 0 read | also: g2-box-function-map.tsv, g2-box-ghidra-functions.tsv, g2-case-final-function-frontier.tsv	a08d5225eca642a91a63cb3e0c488eed61dadd7d3db68a3ae0efcf3a931dd180
0x08006782	0x0800678A	8	case_status_word2_bit0_alias	components/shared/case/runtime_case_register_primitives.c	Inferred	g2/tools/manifests/g2-case-register-primitives-admission.tsv: [clean_room_compilable_c_candidate] second status word 2 bit 0 entry | also: g2-box-function-map.tsv, g2-box-ghidra-functions.tsv, g2-case-final-function-frontier.tsv	a08d5225eca642a91a63cb3e0c488eed61dadd7d3db68a3ae0efcf3a931dd180
0x0800678A	0x08006792	8	case_status_word2_bit2	components/shared/case/runtime_case_register_primitives.c	Inferred	g2/tools/manifests/g2-case-register-primitives-admission.tsv: [clean_room_compilable_c_candidate] status word 2 bit 2 read | also: g2-box-function-map.tsv, g2-box-ghidra-functions.tsv, g2-case-final-function-frontier.tsv	f26fb9fd9d7e8a79514fe21f4732e5ef0437ea869d21a52e7a48f3bc1fa83cb6
0x08006792	0x080067A2	16	case_status_word3_field10_clear	components/shared/case/runtime_case_register_primitives.c	Inferred	g2/tools/manifests/g2-case-register-primitives-admission.tsv: [clean_room_compilable_c_candidate] status word 3 bits 10..11 clear predicate | also: g2-box-function-map.tsv, g2-box-ghidra-functions.tsv, g2-case-final-function-frontier.tsv	619b07e7428ce83e04b1676d11703951ad12ffad58ad8bf8018d5f089236d5db
0x080067A2	0x080067B0	14	case_control_word0_replace_field22	components/shared/case/runtime_case_register_transforms.c	Inferred	g2/tools/manifests/g2-case-register-transforms-admission.tsv: [clean_room_compilable_c_candidate] word 0 bits 22..24 replacement | also: g2-box-function-map.tsv, g2-box-ghidra-functions.tsv, g2-case-final-function-frontier.tsv	4fc4c5fde1161433cc305108b5f3095a1b9aa18e1bd59cdae53c5102f2197196
0x080067B0	0x080067C6	22	case_control_word5_replace_slot	components/shared/case/runtime_case_register_transforms.c	Inferred	g2/tools/manifests/g2-case-register-transforms-admission.tsv: [clean_room_compilable_c_candidate] word 5 three-bit slot replacement at shift 0 or 4 | also: g2-box-function-map.tsv, g2-box-ghidra-functions.tsv, g2-case-final-function-frontier.tsv	912c8fd271d215b906fc6ef21c377fed0876721e3e2cc3f5e96c5455c1b37289
0x080067C8	0x080067FC	52	log_hex_buffer	first_party_g2	Inferred	g2/tools/manifests/g2-box-function-map.tsv: [first_party_g2] references G2 log/status strings; first_party_g2 | also: g2-box-ghidra-functions.tsv, g2-box-task-helper-map.tsv	
0x0800680C	0x080068B2	166		g2-box-ghidra-functions	Unverified	g2/tools/manifests/g2-box-ghidra-functions.tsv:  | also: g2-box-function-map.tsv	
0x080068D0	0x080068E8	24	case_command_build_fixed	first_party_g2	Inferred	g2/tools/manifests/g2-box-function-map.tsv: [first_party_g2] G2 fixed-width case command builder; first_party_g2 | also: g2-box-ghidra-functions.tsv, g2-box-task-helper-map.tsv	
0x080068F0	0x0800695C	108	case_initialize_transport_record	components/shared/case/runtime_case_semantic_leaves.c	Inferred	g2/tools/manifests/g2-case-semantic-leaves-admission.tsv: [isolated_source_candidate_not_routed] initialize, attach, and finalize a transport record | also: g2-box-function-map.tsv, g2-box-ghidra-functions.tsv, g2-case-final-function-frontier.tsv	5b0936ba3ab04ff69515498ef3da358167ad5f4e2b0b577ff04532562d498945
0x08006968	0x08006A0E	166	app_rtos_init	first_party_g2	Inferred	g2/tools/manifests/g2-box-function-map.tsv: [first_party_g2] references G2 log/status strings; first_party_g2 | also: g2-box-ghidra-functions.tsv	
0x08006A40	0x08006B6A	298	case_configure_platform_routes	components/shared/case/runtime_case_semantic_leaves.c	Inferred	g2/tools/manifests/g2-case-semantic-leaves-admission.tsv: [isolated_source_candidate_not_routed] configure the fixed platform route and interrupt sequence | also: g2-box-function-map.tsv, g2-box-ghidra-functions.tsv, g2-case-final-function-frontier.tsv	7aef064e38dc6e49b1725c221ae4244fc9b68d9c7ff7fbeac540fe1c2048fea6
0x08006B80	0x08006B98	24	case_gpio_pa6_write	first_party_g2	Inferred	g2/tools/manifests/g2-box-function-map.tsv: [first_party_g2] G2 board policy: GPIOA pin 6 output helper; first_party_g2 | also: g2-box-ghidra-functions.tsv, g2-box-task-helper-map.tsv	
0x08006B98	0x08006BB0	24	case_gpio_pa7_write	first_party_g2	Inferred	g2/tools/manifests/g2-box-function-map.tsv: [first_party_g2] G2 board policy: GPIOA pin 7 output helper; first_party_g2 | also: g2-box-ghidra-functions.tsv, g2-box-task-helper-map.tsv	
0x08006BB0	0x08006BF8	72	case_initialize_channel_profile	components/shared/case/runtime_case_semantic_leaves.c	Inferred	g2/tools/manifests/g2-case-semantic-leaves-admission.tsv: [isolated_source_candidate_not_routed] initialize and attach a fixed channel profile | also: g2-box-function-map.tsv, g2-box-ghidra-functions.tsv, g2-case-final-function-frontier.tsv	8e8f3848aa8ac1e9e2acd42dfc30417d7ddd1b774f55abf64f8d5372e7454546
0x08006C00	0x08006C6E	110	case_initialize_controller_profile	components/shared/case/runtime_case_semantic_leaves.c	Inferred	g2/tools/manifests/g2-case-semantic-leaves-admission.tsv: [isolated_source_candidate_not_routed] initialize mode-twelve controller context and start transfer | also: g2-box-function-map.tsv, g2-box-ghidra-functions.tsv, g2-case-final-function-frontier.tsv	8f0be46606da09dd8195d3354588b6917ab3eb848fc2067679909366229febe3
0x08006C80	0x08006CEA	106	case_initialize_controller_profile	components/shared/case/runtime_case_semantic_leaves.c	Inferred	g2/tools/manifests/g2-case-semantic-leaves-admission.tsv: [isolated_source_candidate_not_routed] reset and initialize mode-four controller context | also: g2-box-function-map.tsv, g2-box-ghidra-functions.tsv, g2-case-final-function-frontier.tsv	4fbcc4a55d407c0a94f80664c930880bfe58188fdeee808b112dc022812d9e0c
0x08006CF8	0x08006D62	106	case_initialize_controller_profile	components/shared/case/runtime_case_semantic_leaves.c	Inferred	g2/tools/manifests/g2-case-semantic-leaves-admission.tsv: [isolated_source_candidate_not_routed] reset and initialize mode-eight controller context | also: g2-box-function-map.tsv, g2-box-ghidra-functions.tsv, g2-case-final-function-frontier.tsv	521c710d64383c8df11511cac991c816b8d55334b36d290d421f9592e1206447
0x08006D70	0x08006D72	2		g2-box-ghidra-functions	Unverified	g2/tools/manifests/g2-box-ghidra-functions.tsv:  | also: g2-box-function-map.tsv	
0x08006D72	0x08006DB6	68	case_wait_controller_ready	components/shared/case/runtime_case_semantic_leaves.c	Inferred	g2/tools/manifests/g2-case-semantic-leaves-admission.tsv: [isolated_source_candidate_not_routed] request controller ready and enforce a bounded tick timeout | also: g2-box-function-map.tsv, g2-box-ghidra-functions.tsv, g2-case-final-function-frontier.tsv	16a6a5c45a1b68f186e9a8505659651f812b9a2cf1cd477e5edeb63441394d10
0x08006DB8	0x08006E02	74	case_prepare_controller_wait	components/shared/case/runtime_case_semantic_leaves.c	Inferred	g2/tools/manifests/g2-case-semantic-leaves-admission.tsv: [isolated_source_candidate_not_routed] temporarily suppress controller mode around a readiness wait | also: g2-box-function-map.tsv, g2-box-ghidra-functions.tsv, g2-case-final-function-frontier.tsv	e1c5df16785d6731aa16c845705883d8379f1b900475d56b06c195fc4fef79ce
0x08006E08	0x08006E12	10	case_forward_resource	components/shared/case/runtime_case_semantic_leaves.c	Inferred	g2/tools/manifests/g2-case-semantic-leaves-admission.tsv: [isolated_source_candidate_not_routed] forward the second fixed resource | also: g2-box-function-map.tsv, g2-box-ghidra-functions.tsv, g2-case-final-function-frontier.tsv	fe2c3f42b428c1f36173c9315a7dcc126e523dc6bd2dd7b7d546bf465556673a
0x08006E18	0x08006E1A	2	case_hook_08006e18	components/shared/case/runtime_case_semantic_leaves.c	Inferred	g2/tools/manifests/g2-case-semantic-leaves-admission.tsv: [isolated_source_candidate_not_routed] behaviorally empty callback/reserved hook | also: g2-box-function-map.tsv, g2-box-ghidra-functions.tsv, g2-case-final-function-frontier.tsv	c7dfbb7d02759eacb64dbc916c1bb6f21eabaff1c1032ea5c9176abf7fd28df8
0x08006E1C	0x08007132	790	g2_thread_entry_1	g2-box-task-entry-bodies	Inferred	g2/tools/manifests/g2-box-task-entry-bodies.tsv: thread_entry | also: g2-box-function-map.tsv	5bc749b960d9ff1231136dab10fc0b200ccf96d600b2ff1ba7235fa7d3d206c2
0x08007200	0x08007A88	2184	g2_thread_entry_3	g2-box-task-entry-bodies	Inferred	g2/tools/manifests/g2-box-task-entry-bodies.tsv: thread_entry | also: g2-box-function-map.tsv	48b30df1daa0fb53f4ab64f0d953c2a59fdc444c734e2be6dbb5bc34cbd3a61f
0x08007214	0x08007A88	2164	case_policy_iteration	first_party_g2	Inferred	g2/tools/manifests/g2-box-function-map.tsv: [first_party_g2] references G2 log/status strings; first_party_g2 | also: g2-box-ghidra-functions.tsv, g2-box-task-helper-map.tsv	
0x08007F2C	0x08008194	616	g2_thread_entry_2	g2-box-task-entry-bodies	Inferred	g2/tools/manifests/g2-box-task-entry-bodies.tsv: thread_entry | also: g2-box-function-map.tsv	fa9446f10a6a07052b075c4f902d65af20799b46d9ec6f79e9dd3c0d1ec2292f
0x080082EC	0x080083B4	200	g2_thread_entry_4	g2-box-task-entry-bodies	Inferred	g2/tools/manifests/g2-box-task-entry-bodies.tsv: thread_entry | also: g2-box-function-map.tsv	70132a07ef998723788b75fbbb74b683d66c0404f611898cff51091a94e47a76
0x08008420	0x08008434	20	systick_gate	upstream_freertos_kernel	Strong	g2/tools/manifests/g2-box-function-map.tsv: [upstream_freertos_kernel] anchor: SysTick vector: SCS read + xTaskGetSchedulerState guard; upstream_freertos_kernel | also: g2-box-ghidra-functions.tsv	
0x08008438	0x080084AE	118	case_initialize_application_profile	components/shared/case/runtime_case_semantic_leaves.c	Inferred	g2/tools/manifests/g2-case-semantic-leaves-admission.tsv: [isolated_source_candidate_not_routed] initialize and attach the fixed application profile | also: g2-box-function-map.tsv, g2-box-ghidra-functions.tsv, g2-case-final-function-frontier.tsv	fc2b7141fd09c6ec456cbb5eb52c11f88ca1b5c4733a80ecd3553a004a0d4335
0x080084AE	0x080084B0	2		g2-box-ghidra-functions	Unverified	g2/tools/manifests/g2-box-ghidra-functions.tsv:  | also: g2-box-function-map.tsv	
0x080084B0	0x080084BA	10	case_forward_resource	components/shared/case/runtime_case_semantic_leaves.c	Inferred	g2/tools/manifests/g2-case-semantic-leaves-admission.tsv: [isolated_source_candidate_not_routed] forward the third fixed resource | also: g2-box-function-map.tsv, g2-box-ghidra-functions.tsv, g2-case-final-function-frontier.tsv	3c33d0083b2acc5371f48ca126cb8af845d02a82a0a3a1e81dc1ee1a7572044b
0x080084C0	0x0800853A	122	case_apply_controller_profile	components/shared/case/runtime_case_semantic_leaves.c	Inferred	g2/tools/manifests/g2-case-semantic-leaves-admission.tsv: [isolated_source_candidate_not_routed] apply a six-word profile under controller-class field policy | also: g2-box-function-map.tsv, g2-box-ghidra-functions.tsv, g2-case-final-function-frontier.tsv	4cad39867e6e87cb292cf08e64d8a8d89ba5a5407fada8f19f2c1b7963d44c85
0x0800856C	0x080085AA	62		g2-box-ghidra-functions	Unverified	g2/tools/manifests/g2-box-ghidra-functions.tsv:  | also: g2-box-function-map.tsv	
0x080085B0	0x0800867A	202	case_apply_context_options	components/shared/case/runtime_case_semantic_leaves.c	Inferred	g2/tools/manifests/g2-case-semantic-leaves-admission.tsv: [isolated_source_candidate_not_routed] apply enabled context option fields to controller registers | also: g2-box-function-map.tsv, g2-box-ghidra-functions.tsv, g2-case-final-function-frontier.tsv	39e2203a10a00c8a3d99a7554752f9d1ba0217e58dbdb864e54b2319baecb984
0x0800867C	0x080086DC	96	case_wait_controller_channels	components/shared/case/runtime_case_semantic_leaves.c	Inferred	g2/tools/manifests/g2-case-semantic-leaves-admission.tsv: [isolated_source_candidate_not_routed] wait for two active controller channels and reset context state | also: g2-box-function-map.tsv, g2-box-ghidra-functions.tsv, g2-case-final-function-frontier.tsv	016eb53cd702ec5413e44d7d918394ac1a18c6a07171da21079daaf9e9da0dbb
0x080086E0	0x080086F4	20	case_reset_timer_fields	components/shared/case/runtime_case_semantic_leaves.c	Inferred	g2/tools/manifests/g2-case-semantic-leaves-admission.tsv: [isolated_source_candidate_not_routed] clear two timer halfwords then run a service action | also: g2-box-function-map.tsv, g2-box-ghidra-functions.tsv, g2-case-final-function-frontier.tsv	7e1e2868861ef3df1a464e291757e1daa185e3ec2841b1207a0f2e381e2aa7c4
0x080086F4	0x08008754	96	case_reset_context_transfer	components/shared/case/runtime_case_semantic_leaves.c	Inferred	g2/tools/manifests/g2-case-semantic-leaves-admission.tsv: [isolated_source_candidate_not_routed] clear protected controller fields and reset transfer state | also: g2-box-function-map.tsv, g2-box-ghidra-functions.tsv, g2-case-final-function-frontier.tsv	ccad1afa4b7303b7ec82da169aa513a68c5650d44940fd12aba21acbc49dd6f5
0x08008758	0x08008806	174	case_receive_u16	components/shared/case/runtime_case_semantic_leaves.c	Inferred	g2/tools/manifests/g2-case-semantic-leaves-admission.tsv: [isolated_source_candidate_not_routed] receive a masked sixteen-bit controller value | also: g2-box-function-map.tsv, g2-box-ghidra-functions.tsv, g2-case-final-function-frontier.tsv	1d7db51983a0d5936fc8f6ed8164b6eef38a651bd04191453bfa9154c1c71504
0x08008808	0x0800898E	390	case_drain_receive_u16	components/shared/case/runtime_case_semantic_leaves.c	Inferred	g2/tools/manifests/g2-case-semantic-leaves-admission.tsv: [isolated_source_candidate_not_routed] drain sixteen-bit receive FIFO state and service errors | also: g2-box-function-map.tsv, g2-box-ghidra-functions.tsv, g2-case-final-function-frontier.tsv	ffb1cb338f7e77484eec8253c99e4a0a5f6a455aeaefd634b491eac1f9098338
0x08008998	0x08008A46	174	case_receive_u8	components/shared/case/runtime_case_semantic_leaves.c	Inferred	g2/tools/manifests/g2-case-semantic-leaves-admission.tsv: [isolated_source_candidate_not_routed] receive a masked eight-bit controller value | also: g2-box-function-map.tsv, g2-box-ghidra-functions.tsv, g2-case-final-function-frontier.tsv	cc083c2a860af273de4da501b4c33845c4455cfdd3a01a212a79a9be905068ea
0x08008A48	0x08008BCE	390	case_drain_receive_u8	components/shared/case/runtime_case_semantic_leaves.c	Inferred	g2/tools/manifests/g2-case-semantic-leaves-admission.tsv: [isolated_source_candidate_not_routed] drain eight-bit receive FIFO state and service errors | also: g2-box-function-map.tsv, g2-box-ghidra-functions.tsv, g2-case-final-function-frontier.tsv	20e584a13dd22d71a4a5a9c39b565c58c9b03381ce15208c665be02c164c9517
0x08008BD8	0x08008D66	398		g2-box-ghidra-functions	Unverified	g2/tools/manifests/g2-box-ghidra-functions.tsv:  | also: g2-box-function-map.tsv	
0x08008D98	0x08008EB0	280	case_begin_receive	components/shared/case/runtime_case_semantic_leaves.c	Inferred	g2/tools/manifests/g2-case-semantic-leaves-admission.tsv: [isolated_source_candidate_not_routed] initialize direct or DMA-backed receive state | also: g2-box-function-map.tsv, g2-box-ghidra-functions.tsv, g2-case-final-function-frontier.tsv	2e5ed912a84b7f41ce1c00525eccdbc79df3dedcdc5016305718873cc027331b
0x08008EC4	0x08008F96	210	case_wait_condition	components/shared/case/runtime_case_semantic_leaves.c	Inferred	g2/tools/manifests/g2-case-semantic-leaves-admission.tsv: [isolated_source_candidate_not_routed] wait on a controller condition and reset timed-out state | also: g2-box-function-map.tsv, g2-box-ghidra-functions.tsv, g2-case-final-function-frontier.tsv	38ac4eba5fad385117e78c5b44741aa71cd197e0fe45cf7e08666fe9088473bd
0x08008F98	0x08008FA2	10	case_forward_resource	components/shared/case/runtime_case_semantic_leaves.c	Inferred	g2/tools/manifests/g2-case-semantic-leaves-admission.tsv: [isolated_source_candidate_not_routed] forward the fourth fixed resource | also: g2-box-function-map.tsv, g2-box-ghidra-functions.tsv, g2-case-final-function-frontier.tsv	992ca4a166cc0d65ebb8c46c0bed755b3d585eb86c439402074462c7750e864c
0x08008FA8	0x08008FFC	84	gls_frame_pack_l	first_party_g2	Inferred	g2/tools/manifests/g2-box-function-map.tsv: [first_party_g2] anchor: GLS frame packer L: 0x5A channel, 10-retry, 0xFF fill; first_party_g2 | also: g2-box-ghidra-functions.tsv	
0x08009004	0x0800903A	54	gls_frame_pack_r	first_party_g2	Inferred	g2/tools/manifests/g2-box-function-map.tsv: [first_party_g2] anchor: GLS frame packer R: 0x5A channel, 10-retry, 0xFF fill; first_party_g2 | also: g2-box-ghidra-functions.tsv	
0x08009040	0x080090A0	96		g2-box-ghidra-functions	Unverified	g2/tools/manifests/g2-box-ghidra-functions.tsv:  | also: g2-box-function-map.tsv	
0x080090AC	0x08009100	84		g2-box-ghidra-functions	Unverified	g2/tools/manifests/g2-box-ghidra-functions.tsv:  | also: g2-box-function-map.tsv	
0x08009108	0x0800915E	86		g2-box-ghidra-functions	Unverified	g2/tools/manifests/g2-box-ghidra-functions.tsv:  | also: g2-box-function-map.tsv	
0x08009170	0x08009188	24	g2_log_printf	first_party_g2	Inferred	g2/tools/manifests/g2-box-function-map.tsv: [first_party_g2] log sink: direct format-string pointer via ADR/literal; first_party_g2 | also: g2-box-ghidra-functions.tsv, g2-box-task-helper-map.tsv	
0x08009190	0x080091AA	26	case_switch8_offset	components/shared/case/runtime_case_semantic_leaves.c	Inferred	g2/tools/manifests/g2-case-semantic-leaves-admission.tsv: [isolated_source_candidate_not_routed] resolve a bounded eight-bit compiler switch-table offset | also: g2-box-function-map.tsv, g2-box-ghidra-functions.tsv, g2-case-final-function-frontier.tsv	52e0ea5004bcc3e4c72008eeb0c33f671d27bfcc5f848adb228107fb90119165
0x080091AC	0x080091E8	60	case_configure_two_bit_field	components/shared/case/runtime_case_semantic_leaves.c	Inferred	g2/tools/manifests/g2-case-semantic-leaves-admission.tsv: [isolated_source_candidate_not_routed] configure indexed two-bit register field | also: g2-box-function-map.tsv, g2-box-ghidra-functions.tsv, g2-case-final-function-frontier.tsv	0ca16b2b29f5899aaf40a3e3435506b552d1cb526a15a1aaa029f4fbac3bab7d
0x08009210	0x0800960C	1020		g2-box-ghidra-functions	Unverified	g2/tools/manifests/g2-box-ghidra-functions.tsv:  | also: g2-box-function-map.tsv	
0x08009638	0x08009658	32	case_emit_left_padding	components/shared/case/runtime_case_pure_helpers.c	Inferred	g2/tools/manifests/g2-case-pure-helpers-admission.tsv: [isolated_source_candidate_not_routed] emit signed-count spaces when flag 0x2000 is set | also: g2-box-function-map.tsv, g2-box-ghidra-functions.tsv, g2-case-final-function-frontier.tsv	b73f98d7e0dbd30d1efb56e070f2e7b63d926900f5ed692f9f6ff5329f3a7e5f
0x08009658	0x08009684	44	case_emit_right_padding	components/shared/case/runtime_case_pure_helpers.c	Inferred	g2/tools/manifests/g2-case-pure-helpers-admission.tsv: [isolated_source_candidate_not_routed] emit signed-count spaces or zeroes when flag 0x2000 is clear | also: g2-box-function-map.tsv, g2-box-ghidra-functions.tsv, g2-case-final-function-frontier.tsv	8f602aaaff394860d9d724862edfe1099d7fcc817d95e3eb195b96a9cf029d5b
0x08009684	0x08009832	430	g2_timer_callback_3	first_party_g2	Inferred	g2/tools/manifests/g2-box-function-map.tsv: [first_party_g2] references G2 log/status strings; first_party_g2 | also: g2-box-ghidra-functions.tsv	
0x080099E8	0x08009A0E	38	case_update_cached_byte	components/shared/case/runtime_case_semantic_leaves.c	Inferred	g2/tools/manifests/g2-case-semantic-leaves-admission.tsv: [isolated_source_candidate_not_routed] publish changed byte and update cache on success | also: g2-box-function-map.tsv, g2-box-ghidra-functions.tsv, g2-case-final-function-frontier.tsv	066807352bd46b8efaabe9c847be6b09876aab8760ec30057bb5f381dfdd1a72
0x08009A14	0x08009A92	126	dual_side_indicator_update	first_party_g2	Inferred	g2/tools/manifests/g2-box-function-map.tsv: [first_party_g2] G2 dual-side indicator-state command policy; first_party_g2 | also: g2-box-ghidra-functions.tsv, g2-box-task-helper-map.tsv	
0x08009A9C	0x08009B32	150	glasses_sides_reset	first_party_g2	Inferred	g2/tools/manifests/g2-box-function-map.tsv: [first_party_g2] references G2 log/status strings; first_party_g2 | also: g2-box-ghidra-functions.tsv, g2-box-task-helper-map.tsv	
0x08009B70	0x08009B94	36	case_finalize_length_checksum	components/shared/case/runtime_case_pure_helpers.c	Inferred	g2/tools/manifests/g2-case-pure-helpers-admission.tsv: [isolated_source_candidate_not_routed] validated <=130-byte length-plus-0x7d additive checksum | also: g2-box-function-map.tsv, g2-box-ghidra-functions.tsv, g2-case-final-function-frontier.tsv	b5f840cee803c0d19f8e2614dac602e70b60e78f6a383bc72dc97662d4681735
0x08009B94	0x08009BBE	42	case_hex_value	components/shared/case/runtime_case_pure_helpers.c	Inferred	g2/tools/manifests/g2-case-pure-helpers-admission.tsv: [isolated_source_candidate_not_routed] ASCII hexadecimal digit conversion; invalid input maps to zero | also: g2-box-function-map.tsv, g2-box-ghidra-functions.tsv, g2-case-final-function-frontier.tsv	cca7331b83e6ccef154ea6bb58da8eb74c35a5de19c532698bef59448d2323d6
0x08009BC0	0x08009C42	130		g2-box-ghidra-functions	Unverified	g2/tools/manifests/g2-box-ghidra-functions.tsv:  | also: g2-box-function-map.tsv	
0x08009CC8	0x08009D28	96		g2-box-ghidra-functions	Unverified	g2/tools/manifests/g2-box-ghidra-functions.tsv:  | also: g2-box-function-map.tsv	
0x08009D70	0x08009DB2	66	g2_timer_callback_1	g2-box-task-entry-bodies	Inferred	g2/tools/manifests/g2-box-task-entry-bodies.tsv: timer_callback | also: g2-box-function-map.tsv	81a7269653585774491fd60647f2638a1b81b20a6e05971ed2166b7ff2abd042
0x08009DF4	0x08009E0A	22	peripheral_init_retry	first_party_g2	Inferred	g2/tools/manifests/g2-box-function-map.tsv: [first_party_g2] G2 peripheral initialization retry adapter; first_party_g2 | also: g2-box-ghidra-functions.tsv, g2-box-task-helper-map.tsv	
0x08009E0C	0x08009EB6	170	case_program_selector_bank	components/shared/case/runtime_case_semantic_leaves.c	Inferred	g2/tools/manifests/g2-case-semantic-leaves-admission.tsv: [isolated_source_candidate_not_routed] program and poll an eighty-byte selector register bank | also: g2-box-function-map.tsv, g2-box-ghidra-functions.tsv, g2-case-final-function-frontier.tsv	52fef6adeb1a43109ba1e139f3a5bbe2261daf05a630ca0eb85e25d53c0dd9fd
0x08009EBC	0x08009EF8	60	bounded_percentage_convert	first_party_g2	Inferred	g2/tools/manifests/g2-box-function-map.tsv: [first_party_g2] G2 bounded percentage conversion adapter; first_party_g2 | also: g2-box-ghidra-functions.tsv, g2-box-task-helper-map.tsv	
0x08009EF8	0x08009F18	32	case_query_low_byte	components/shared/case/runtime_case_semantic_leaves.c	Inferred	g2/tools/manifests/g2-case-semantic-leaves-admission.tsv: [isolated_source_candidate_not_routed] query a word and publish its low byte | also: g2-box-function-map.tsv, g2-box-ghidra-functions.tsv, g2-case-final-function-frontier.tsv	05da8cb680939c1332145ec0343c8d099270b4d2eba9b0d7c5b3880cc9fa53d8
0x08009F18	0x08009F72	90	calibrated_sensor_value_convert	first_party_g2	Inferred	g2/tools/manifests/g2-box-function-map.tsv: [first_party_g2] G2 calibrated sensor-value conversion policy; first_party_g2 | also: g2-box-ghidra-functions.tsv, g2-box-task-helper-map.tsv	
0x08009F80	0x08009FEA	106	case_verify_selector_bank	components/shared/case/runtime_case_semantic_leaves.c	Inferred	g2/tools/manifests/g2-case-semantic-leaves-admission.tsv: [isolated_source_candidate_not_routed] validate mode selectors and compare an eighty-byte register bank | also: g2-box-function-map.tsv, g2-box-ghidra-functions.tsv, g2-case-final-function-frontier.tsv	b3fc1e4f07a94342a1257e65f585a12f5a1ba60becb33bc9cefb83c5a93138e9
0x08009FF0	0x0800A01E	46	sensor_default_value_read	first_party_g2	Inferred	g2/tools/manifests/g2-box-function-map.tsv: [first_party_g2] G2 sensor default-value adapter; first_party_g2 | also: g2-box-ghidra-functions.tsv, g2-box-task-helper-map.tsv	
0x0800A01E	0x0800A046	40	scaled_sensor_value_read	first_party_g2	Inferred	g2/tools/manifests/g2-box-function-map.tsv: [first_party_g2] G2 scaled sensor-value adapter; first_party_g2 | also: g2-box-ghidra-functions.tsv, g2-box-task-helper-map.tsv	
0x0800A046	0x0800A074	46	case_start_validated	components/shared/case/runtime_case_semantic_leaves.c	Inferred	g2/tools/manifests/g2-case-semantic-leaves-admission.tsv: [isolated_source_candidate_not_routed] query marker 0xa0 then start and finalize | also: g2-box-function-map.tsv, g2-box-ghidra-functions.tsv, g2-case-final-function-frontier.tsv	fac523e14260d0494f5b5d6474a9ad5690e895fc2706440dd55b39bd5773d6ef
0x0800A074	0x0800A0EA	118	case_read_stable_u16	components/shared/case/runtime_case_semantic_leaves.c	Inferred	g2/tools/manifests/g2-case-semantic-leaves-admission.tsv: [isolated_source_candidate_not_routed] read and byte-swap a stable two-byte resource value | also: g2-box-function-map.tsv, g2-box-ghidra-functions.tsv, g2-case-final-function-frontier.tsv	020d5c2e5f4f099830ca57aacac192ecdd062585dc2c386216d23578899640d3
0x0800A0EA	0x0800A124	58	case_retry_selector8	components/shared/case/runtime_case_semantic_leaves.c	Inferred	g2/tools/manifests/g2-case-semantic-leaves-admission.tsv: [isolated_source_candidate_not_routed] two selector-eight attempts with interposed delays | also: g2-box-function-map.tsv, g2-box-ghidra-functions.tsv, g2-case-final-function-frontier.tsv	304bfa9bba9551e1f8ebf939ff002d6b02d17714689e5dcfca47c97a6f69ca31
0x0800A124	0x0800A130	12	case_invoke_mode_one	components/shared/case/runtime_case_semantic_leaves.c	Inferred	g2/tools/manifests/g2-case-semantic-leaves-admission.tsv: [isolated_source_candidate_not_routed] forward two values with fixed mode one | also: g2-box-function-map.tsv, g2-box-ghidra-functions.tsv, g2-case-final-function-frontier.tsv	03f3e900f1697d04bdab04965e4af5c2f647ca5280830850c20d620c2cb8de8e
0x0800A130	0x0800A13A	10	case_run_guarded_status	components/shared/case/runtime_case_semantic_leaves.c	Inferred	g2/tools/manifests/g2-case-semantic-leaves-admission.tsv: [isolated_source_candidate_not_routed] run the guarded service and return success | also: g2-box-function-map.tsv, g2-box-ghidra-functions.tsv, g2-case-final-function-frontier.tsv	687c4b62265fb24f22f85e358dd9891d73dc7cfca499ed98361090a192906a51
0x0800A13A	0x0800A146	12	case_invoke_byte	components/shared/case/runtime_case_semantic_leaves.c	Inferred	g2/tools/manifests/g2-case-semantic-leaves-admission.tsv: [isolated_source_candidate_not_routed] forward a selector and caller-owned byte | also: g2-box-function-map.tsv, g2-box-ghidra-functions.tsv, g2-case-final-function-frontier.tsv	5fca6606c54cc1b7dbaf735f023271ce7726920dafb915398d22748c4f9f08ae
0x0800A148	0x0800A160	24	case_nested_delay	components/shared/case/runtime_case_semantic_leaves.c	Inferred	g2/tools/manifests/g2-case-semantic-leaves-admission.tsv: [isolated_source_candidate_not_routed] bounded nested busy loop | also: g2-box-function-map.tsv, g2-box-ghidra-functions.tsv, g2-case-final-function-frontier.tsv	2dc05d0d2dc7caf019571f90eff1d33766fa77d1404b60cb0ba152449ac67b77
0x0800A164	0x0800A176	18	case_route_parity	components/shared/case/runtime_case_semantic_leaves.c	Inferred	g2/tools/manifests/g2-case-semantic-leaves-admission.tsv: [isolated_source_candidate_not_routed] route low-byte parity through the first action pair | also: g2-box-function-map.tsv, g2-box-ghidra-functions.tsv, g2-case-final-function-frontier.tsv	d7443ede69ac6e42703e43047d6e8c013672549c81e978c9fdc6d54b4efcadcc
0x0800A176	0x0800A188	18	case_route_parity_alt	components/shared/case/runtime_case_semantic_leaves.c	Inferred	g2/tools/manifests/g2-case-semantic-leaves-admission.tsv: [isolated_source_candidate_not_routed] route low-byte parity through the alternate action pair | also: g2-box-function-map.tsv, g2-box-ghidra-functions.tsv, g2-case-final-function-frontier.tsv	3fe00ddfffb93244b5c210cc7045d9adf53ab0e2626cbf4e7e17e5f69c3d4f15
0x0800A188	0x0800A19A	18	case_route_boolean	components/shared/case/runtime_case_semantic_leaves.c	Inferred	g2/tools/manifests/g2-case-semantic-leaves-admission.tsv: [isolated_source_candidate_not_routed] route a boolean to one of two actions | also: g2-box-function-map.tsv, g2-box-ghidra-functions.tsv, g2-case-final-function-frontier.tsv	c53e8ae884f8d2bfbc3322c7be826c64caeb4e9594df9492742442f5b9313d41
0x0800A19A	0x0800A1AC	18	case_route_boolean_alt	components/shared/case/runtime_case_semantic_leaves.c	Inferred	g2/tools/manifests/g2-case-semantic-leaves-admission.tsv: [isolated_source_candidate_not_routed] alternate boolean action router | also: g2-box-function-map.tsv, g2-box-ghidra-functions.tsv, g2-case-final-function-frontier.tsv	c005f621a8e49f08f00b0ed83e852117e1687f997f02a0d42adc567cf68e82ea
0x0800A1AC	0x0800A1CA	30	case_pulse4_short	components/shared/case/runtime_case_semantic_leaves.c	Inferred	g2/tools/manifests/g2-case-semantic-leaves-admission.tsv: [isolated_source_candidate_not_routed] four-bit short pulse sequence | also: g2-box-function-map.tsv, g2-box-ghidra-functions.tsv, g2-case-final-function-frontier.tsv	60e1f8d022f750213cfc687f02be95348bc89da5552f7117efa2c975509bde2e
0x0800A1CA	0x0800A1E8	30	case_pulse8_short	components/shared/case/runtime_case_semantic_leaves.c	Inferred	g2/tools/manifests/g2-case-semantic-leaves-admission.tsv: [isolated_source_candidate_not_routed] eight-bit short pulse sequence | also: g2-box-function-map.tsv, g2-box-ghidra-functions.tsv, g2-case-final-function-frontier.tsv	3476ce7b76727e4f86cfaea655bffd594e5b9768584953e8ced7d7597b1cec22
0x0800A1E8	0x0800A206	30	case_pulse4_long	components/shared/case/runtime_case_semantic_leaves.c	Inferred	g2/tools/manifests/g2-case-semantic-leaves-admission.tsv: [isolated_source_candidate_not_routed] four-bit long pulse sequence | also: g2-box-function-map.tsv, g2-box-ghidra-functions.tsv, g2-case-final-function-frontier.tsv	48cafbdbfc041b0c58c3ac0f6e1ced400ae932765e4db219b2f15b675a300e3d
0x0800A206	0x0800A224	30	case_pulse8_long	components/shared/case/runtime_case_semantic_leaves.c	Inferred	g2/tools/manifests/g2-case-semantic-leaves-admission.tsv: [isolated_source_candidate_not_routed] eight-bit long pulse sequence | also: g2-box-function-map.tsv, g2-box-ghidra-functions.tsv, g2-case-final-function-frontier.tsv	d77e147fdfca98d8255c2024aaa8e41cb87641786945bb5f8b10202d658474a5
0x0800A224	0x0800A24A	38	case_pulse4_extended	components/shared/case/runtime_case_semantic_leaves.c	Inferred	g2/tools/manifests/g2-case-semantic-leaves-admission.tsv: [isolated_source_candidate_not_routed] four-bit extended pulse sequence | also: g2-box-function-map.tsv, g2-box-ghidra-functions.tsv, g2-case-final-function-frontier.tsv	0a060acc777d3a4545473df0bde2742f76450c783d4037cd3894a0fcee8cffe2
0x0800A24A	0x0800A270	38	case_pulse8_extended	components/shared/case/runtime_case_semantic_leaves.c	Inferred	g2/tools/manifests/g2-case-semantic-leaves-admission.tsv: [isolated_source_candidate_not_routed] eight-bit extended pulse sequence | also: g2-box-function-map.tsv, g2-box-ghidra-functions.tsv, g2-case-final-function-frontier.tsv	7635a6838e1594418b00fbb978b103ceea76d6be49f77421de590633dffc891a
0x0800A270	0x0800A2A2	50	case_pulse4_train_pre_delay	components/shared/case/runtime_case_semantic_leaves.c	Inferred	g2/tools/manifests/g2-case-semantic-leaves-admission.tsv: [isolated_source_candidate_not_routed] four-bit forty-delay pulse train with pre-delay | also: g2-box-function-map.tsv, g2-box-ghidra-functions.tsv, g2-case-final-function-frontier.tsv	87fa908d5ee529476006bdff2a44e7cf598e15f1eb048c2220c157a0eb4a234b
0x0800A2A2	0x0800A2C4	34	case_emit_bits	components/shared/case/runtime_case_semantic_leaves.c	Inferred	g2/tools/manifests/g2-case-semantic-leaves-admission.tsv: [isolated_source_candidate_not_routed] emit seven or eight bits most-significant first | also: g2-box-function-map.tsv, g2-box-ghidra-functions.tsv, g2-case-final-function-frontier.tsv	637b227791b8df14c8c8ad6128163b7068e81fce8d62e7b216eabc9a36d5aa2d
0x0800A2C4	0x0800A2E6	34	case_emit_bits_alt	components/shared/case/runtime_case_semantic_leaves.c	Inferred	g2/tools/manifests/g2-case-semantic-leaves-admission.tsv: [isolated_source_candidate_not_routed] alternate MSB-first bit emitter | also: g2-box-function-map.tsv, g2-box-ghidra-functions.tsv, g2-case-final-function-frontier.tsv	b082e39b937ce1787ca6890ee9342aec2ffd8ccd35163551967de6674f92ba5f
0x0800A2E6	0x0800A310	42	case_pulse4_train	components/shared/case/runtime_case_semantic_leaves.c	Inferred	g2/tools/manifests/g2-case-semantic-leaves-admission.tsv: [isolated_source_candidate_not_routed] four-bit forty-delay pulse train | also: g2-box-function-map.tsv, g2-box-ghidra-functions.tsv, g2-case-final-function-frontier.tsv	c6407b8af15ea0c2789d41ebe726ef6db688bc687da18bf520b63c55f69782e7
0x0800A310	0x0800A356	70	case_pulse8_double_train	components/shared/case/runtime_case_semantic_leaves.c	Inferred	g2/tools/manifests/g2-case-semantic-leaves-admission.tsv: [isolated_source_candidate_not_routed] eight-bit paired ten-delay pulse trains | also: g2-box-function-map.tsv, g2-box-ghidra-functions.tsv, g2-case-final-function-frontier.tsv	7d97c1c9a6dd34c94b330f25fc9b9b024ba061f9930e5cb8dbdb1bf3699a05a8
0x0800A358	0x0800A376	30	case_validate_magic_state	components/shared/case/runtime_case_register_policies.c	Inferred	g2/tools/manifests/g2-case-register-policies-admission.tsv: [isolated_source_candidate_not_routed] validate count >= 2 and marker Z, emit 0x5A, and replace count with boolean | also: g2-box-function-map.tsv, g2-box-ghidra-functions.tsv, g2-case-final-function-frontier.tsv	5893e12d31f1c2bc67b99a5105eda382bbe8cc22667c615237100fd7661d38db
0x0800A39C	0x0800A3A8	12	case_read_mask4	components/shared/case/runtime_case_semantic_leaves.c	Inferred	g2/tools/manifests/g2-case-semantic-leaves-admission.tsv: [isolated_source_candidate_not_routed] read a fixed four-bit resource mask | also: g2-box-function-map.tsv, g2-box-ghidra-functions.tsv, g2-case-final-function-frontier.tsv	36017903ed11cbdf9e013cbbb7f6d4efd7b687b10a7ea20efeb1a5eb9a4496b9
0x0800A3AC	0x0800A3BA	14	case_read_mask8	components/shared/case/runtime_case_semantic_leaves.c	Inferred	g2/tools/manifests/g2-case-semantic-leaves-admission.tsv: [isolated_source_candidate_not_routed] read a fixed eight-bit resource mask | also: g2-box-function-map.tsv, g2-box-ghidra-functions.tsv, g2-case-final-function-frontier.tsv	fb47840018af492317e86c3fe0c72603df09d8dee8a9270d2efaa982c98aee8f
0x0800A3BA	0x0800A3D2	24	case_sign_extend_u16	components/shared/case/runtime_case_register_transforms.c	Inferred	g2/tools/manifests/g2-case-register-transforms-admission.tsv: [clean_room_compilable_c_candidate] 16-bit sign extension | also: g2-box-function-map.tsv, g2-box-ghidra-functions.tsv, g2-case-final-function-frontier.tsv	c72df4f29df65fa0e03ef2ee0066001c29c3262a85ba4dc07b1d7315fe1ccb4f
0x0800A3D2	0x0800A408	54	case_serial_preamble	components/shared/case/runtime_case_semantic_leaves.c	Inferred	g2/tools/manifests/g2-case-semantic-leaves-admission.tsv: [isolated_source_candidate_not_routed] serial-line five-transition preamble | also: g2-box-function-map.tsv, g2-box-ghidra-functions.tsv, g2-case-final-function-frontier.tsv	cadee86db7d51e84b5df707d3348a1567c6c0b50cb2a42323d0f897a7af4f73e
0x0800A408	0x0800A414	12	case_delay_10	components/shared/case/runtime_case_semantic_leaves.c	Inferred	g2/tools/manifests/g2-case-semantic-leaves-admission.tsv: [isolated_source_candidate_not_routed] ten-iteration busy loop | also: g2-box-function-map.tsv, g2-box-ghidra-functions.tsv, g2-case-final-function-frontier.tsv	b661a011ab4aa7fb36e70bbb4ec3f02c8f6ad2dc84f9d9630b0822b9ccf348a7
0x0800A414	0x0800A436	34	case_serial_ack	components/shared/case/runtime_case_semantic_leaves.c	Inferred	g2/tools/manifests/g2-case-semantic-leaves-admission.tsv: [isolated_source_candidate_not_routed] serial-line acknowledge transition | also: g2-box-function-map.tsv, g2-box-ghidra-functions.tsv, g2-case-final-function-frontier.tsv	16ba911ebea558840137d2c0bdbc4a4b432e33f2810f4bc285d4ab414c34d2e3
0x0800A436	0x0800A46C	54	case_serial_read_byte	components/shared/case/runtime_case_semantic_leaves.c	Inferred	g2/tools/manifests/g2-case-semantic-leaves-admission.tsv: [isolated_source_candidate_not_routed] sample one serial byte most-significant bit first | also: g2-box-function-map.tsv, g2-box-ghidra-functions.tsv, g2-case-final-function-frontier.tsv	ca35f4869c1f1ead9279b61f3b770b8e2e5151eda674d5fd1933d514f2472239
0x0800A46C	0x0800A4B4	72	case_serial_write_byte	components/shared/case/runtime_case_semantic_leaves.c	Inferred	g2/tools/manifests/g2-case-semantic-leaves-admission.tsv: [isolated_source_candidate_not_routed] write one serial byte most-significant bit first | also: g2-box-function-map.tsv, g2-box-ghidra-functions.tsv, g2-case-final-function-frontier.tsv	34324d00a6d3f7a157796da105beb91fa0c868a25028a85c6eb81dc20a04a04f
0x0800A4B4	0x0800A4DC	40	case_serial_start	components/shared/case/runtime_case_semantic_leaves.c	Inferred	g2/tools/manifests/g2-case-semantic-leaves-admission.tsv: [isolated_source_candidate_not_routed] serial-line start transition | also: g2-box-function-map.tsv, g2-box-ghidra-functions.tsv, g2-case-final-function-frontier.tsv	80524d030e4267a5eb85f500e6b151daba880c40b6ea618d043200c8cdadf2a3
0x0800A4DC	0x0800A4FA	30	case_serial_stop	components/shared/case/runtime_case_semantic_leaves.c	Inferred	g2/tools/manifests/g2-case-semantic-leaves-admission.tsv: [isolated_source_candidate_not_routed] serial-line stop transition | also: g2-box-function-map.tsv, g2-box-ghidra-functions.tsv, g2-case-final-function-frontier.tsv	ce6a10b2b68b08bf24e4b76e911d2a2041b587e85344d14ec7f4f4bfada87e5b
0x0800A4FA	0x0800A528	46	case_serial_ack_sample	components/shared/case/runtime_case_semantic_leaves.c	Inferred	g2/tools/manifests/g2-case-semantic-leaves-admission.tsv: [isolated_source_candidate_not_routed] serial-line acknowledge sample transition | also: g2-box-function-map.tsv, g2-box-ghidra-functions.tsv, g2-case-final-function-frontier.tsv	98bf33c3c69d06a940d280a8ecd08c16f167a934e684da066fd658e2fe646984
0x0800A528	0x0800A546	30	case_select_mask	components/shared/case/runtime_case_semantic_leaves.c	Inferred	g2/tools/manifests/g2-case-semantic-leaves-admission.tsv: [isolated_source_candidate_not_routed] select an eight- or sixteen-bit read mask | also: g2-box-function-map.tsv, g2-box-ghidra-functions.tsv, g2-case-final-function-frontier.tsv	5c7d1a849c4eac162c4ca963adbb5e1b32bb81085beac309acc84c12c45ff0bc
0x0800A550	0x0800A56C	28	case_write_selected_mask	components/shared/case/runtime_case_semantic_leaves.c	Inferred	g2/tools/manifests/g2-case-semantic-leaves-admission.tsv: [isolated_source_candidate_not_routed] select and write the first mask polarity | also: g2-box-function-map.tsv, g2-box-ghidra-functions.tsv, g2-case-final-function-frontier.tsv	3610d639ce93caa6d84e1312a27de9a21266ea994d0ea6a1a513e6dc657a10d3
0x0800A574	0x0800A590	28	case_write_selected_mask_alt	components/shared/case/runtime_case_semantic_leaves.c	Inferred	g2/tools/manifests/g2-case-semantic-leaves-admission.tsv: [isolated_source_candidate_not_routed] select and write the inverse mask polarity | also: g2-box-function-map.tsv, g2-box-ghidra-functions.tsv, g2-case-final-function-frontier.tsv	678003548a8695de93e16f300c9f81cb027bc7e7404560db6df91efaa7105eac
0x0800A598	0x0800A6D8	320		g2-box-ghidra-functions	Unverified	g2/tools/manifests/g2-box-ghidra-functions.tsv:  | also: g2-box-function-map.tsv	
0x0800A794	0x0800A7A2	14	case_busy_delay	components/shared/case/runtime_case_semantic_leaves.c	Inferred	g2/tools/manifests/g2-case-semantic-leaves-admission.tsv: [isolated_source_candidate_not_routed] signed-count busy loop | also: g2-box-function-map.tsv, g2-box-ghidra-functions.tsv, g2-case-final-function-frontier.tsv	ba9af254a9ad99b2e1deb621bff84a9b5916a89a5dd9c7879f77d7284ea478fb
0x0800A7A2	0x0800A7B0	14	case_busy_delay_alt	components/shared/case/runtime_case_semantic_leaves.c	Inferred	g2/tools/manifests/g2-case-semantic-leaves-admission.tsv: [isolated_source_candidate_not_routed] signed-count busy-loop alias | also: g2-box-function-map.tsv, g2-box-ghidra-functions.tsv, g2-case-final-function-frontier.tsv	ba9af254a9ad99b2e1deb621bff84a9b5916a89a5dd9c7879f77d7284ea478fb
0x0800A7B0	0x0800A7D2	34	osDelay	upstream_freertos_kernel	Strong	g2/tools/manifests/g2-box-function-map.tsv: [upstream_freertos_kernel] CMSIS-RTOS2 osDelay: nonzero ticks -> vTaskDelay; ISR rejected; upstream_freertos_kernel | also: g2-box-ghidra-functions.tsv, g2-box-task-helper-map.tsv	
0x0800A7D2	0x0800A816	68	osEventFlagsClear	upstream_freertos_kernel	Strong	g2/tools/manifests/g2-box-function-map.tsv: [upstream_freertos_kernel] CMSIS-RTOS2 osEventFlagsClear: 24-bit flag validation; task/ISR clear paths; upstream_freertos_kernel | also: g2-box-ghidra-functions.tsv, g2-box-task-helper-map.tsv	
0x0800A816	0x0800A836	32	osEventFlagsGet	upstream_freertos_kernel	Strong	g2/tools/manifests/g2-box-function-map.tsv: [upstream_freertos_kernel] CMSIS-RTOS2 osEventFlagsGet: task/ISR event-group read paths; upstream_freertos_kernel | also: g2-box-ghidra-functions.tsv, g2-box-task-helper-map.tsv	
0x0800A836	0x0800A886	80	os_event_flags_create_wrapper	upstream_freertos_kernel	Strong	g2/tools/manifests/g2-box-function-map.tsv: [upstream_freertos_kernel] kernel-statics reference and/or banded call-graph closure from pinned port/scheduler anchors; upstream_freertos_kernel | also: g2-box-ghidra-functions.tsv	
0x0800A888	0x0800A8D4	76	osEventFlagsSet	upstream_freertos_kernel	Strong	g2/tools/manifests/g2-box-function-map.tsv: [upstream_freertos_kernel] CMSIS-RTOS2 osEventFlagsSet: task/ISR event-group set and wake paths; upstream_freertos_kernel | also: g2-box-ghidra-functions.tsv, g2-box-task-helper-map.tsv	
0x0800A8D8	0x0800A8FC	36		g2-box-ghidra-functions	Unverified	g2/tools/manifests/g2-box-ghidra-functions.tsv:  | also: g2-box-function-map.tsv	
0x0800A900	0x0800A934	52		g2-box-ghidra-functions	Unverified	g2/tools/manifests/g2-box-ghidra-functions.tsv:  | also: g2-box-function-map.tsv	
0x0800A93C	0x0800AA00	196	os_timer_or_thread_create_wrapper	upstream_freertos_kernel	Strong	g2/tools/manifests/g2-box-function-map.tsv: [upstream_freertos_kernel] kernel-statics reference and/or banded call-graph closure from pinned port/scheduler anchors; upstream_freertos_kernel | also: g2-box-ghidra-functions.tsv	
0x0800AA00	0x0800AA24	36	case_start_scheduler	components/shared/case/runtime_case_semantic_leaves.c	Inferred	g2/tools/manifests/g2-case-semantic-leaves-admission.tsv: [isolated_source_candidate_not_routed] scheduler-start exception-context policy | also: g2-box-function-map.tsv, g2-box-ghidra-functions.tsv, g2-case-final-function-frontier.tsv	8b50fde64434922f62d18ca38978810ef4ce389a3d2bdffdcfd5a5a35115c723
0x0800AA24	0x0800AA48	36	osThreadTerminate	upstream_freertos_kernel	Strong	g2/tools/manifests/g2-box-function-map.tsv: [upstream_freertos_kernel] CMSIS-RTOS2 osThreadTerminate: task handle validation -> vTaskDelete; upstream_freertos_kernel | also: g2-box-ghidra-functions.tsv, g2-box-task-helper-map.tsv	
0x0800AA48	0x0800AAEC	164	os_timer_or_thread_create_wrapper	upstream_freertos_kernel	Strong	g2/tools/manifests/g2-box-function-map.tsv: [upstream_freertos_kernel] kernel-statics reference and/or banded call-graph closure from pinned port/scheduler anchors; upstream_freertos_kernel | also: g2-box-ghidra-functions.tsv	
0x0800AAF0	0x0800AB26	54	osTimerStart	upstream_freertos_kernel	Strong	g2/tools/manifests/g2-box-function-map.tsv: [upstream_freertos_kernel] CMSIS-RTOS2 osTimerStart: timer command 4 with tick argument; upstream_freertos_kernel | also: g2-box-ghidra-functions.tsv, g2-box-task-helper-map.tsv	
0x0800AB26	0x0800AB70	74	osTimerStop	upstream_freertos_kernel	Strong	g2/tools/manifests/g2-box-function-map.tsv: [upstream_freertos_kernel] CMSIS-RTOS2 osTimerStop: active check then timer command 3; upstream_freertos_kernel | also: g2-box-ghidra-functions.tsv, g2-box-task-helper-map.tsv	
0x0800AB70	0x0800ABA2	50	g2_timer_callback_6	first_party_g2	Inferred	g2/tools/manifests/g2-box-function-map.tsv: [first_party_g2] RTOS task/timer entry pointer from app_rtos_init literal pool; first_party_g2 | also: g2-box-ghidra-functions.tsv	
0x0800ABB0	0x0800AC00	80		g2-box-ghidra-functions	Unverified	g2/tools/manifests/g2-box-ghidra-functions.tsv:  | also: g2-box-function-map.tsv	
0x0800AC08	0x0800AC7A	114		g2-box-ghidra-functions	Unverified	g2/tools/manifests/g2-box-ghidra-functions.tsv:  | also: g2-box-function-map.tsv	
0x0800AC84	0x0800ACC8	68		g2-box-ghidra-functions	Unverified	g2/tools/manifests/g2-box-ghidra-functions.tsv:  | also: g2-box-function-map.tsv	
0x0800ACE4	0x0800AD1C	56		g2-box-ghidra-functions	Unverified	g2/tools/manifests/g2-box-ghidra-functions.tsv:  | also: g2-box-function-map.tsv	
0x0800AD24	0x0800AD48	36	case_advance_cursor	components/shared/case/runtime_case_semantic_leaves.c	Inferred	g2/tools/manifests/g2-case-semantic-leaves-admission.tsv: [isolated_source_candidate_not_routed] advance and wrap a record cursor | also: g2-box-function-map.tsv, g2-box-ghidra-functions.tsv, g2-case-final-function-frontier.tsv	a5b486c47e5885ee9bd8d3d367325d125a6d93491df8ebd9bca1f099b68dd793
0x0800AD48	0x0800ADB8	112		g2-box-ghidra-functions	Unverified	g2/tools/manifests/g2-box-ghidra-functions.tsv:  | also: g2-box-function-map.tsv	
0x0800ADB8	0x0800ADE6	46		g2-box-ghidra-functions	Unverified	g2/tools/manifests/g2-box-ghidra-functions.tsv:  | also: g2-box-function-map.tsv	
0x0800AE0C	0x0800AE4E	66		g2-box-ghidra-functions	Unverified	g2/tools/manifests/g2-box-ghidra-functions.tsv:  | also: g2-box-function-map.tsv	
0x0800AE74	0x0800AE96	34		g2-box-ghidra-functions	Unverified	g2/tools/manifests/g2-box-ghidra-functions.tsv:  | also: g2-box-function-map.tsv	
0x0800AE96	0x0800AF30	154		g2-box-ghidra-functions	Unverified	g2/tools/manifests/g2-box-ghidra-functions.tsv:  | also: g2-box-function-map.tsv	
0x0800AF30	0x0800AF70	64		g2-box-ghidra-functions	Unverified	g2/tools/manifests/g2-box-ghidra-functions.tsv:  | also: g2-box-function-map.tsv	
0x0800AF70	0x0800AFB0	64		g2-box-ghidra-functions	Unverified	g2/tools/manifests/g2-box-ghidra-functions.tsv:  | also: g2-box-function-map.tsv	
0x0800AFCC	0x0800B01A	78		g2-box-ghidra-functions	Unverified	g2/tools/manifests/g2-box-ghidra-functions.tsv:  | also: g2-box-function-map.tsv	
0x0800B024	0x0800B060	60		g2-box-ghidra-functions	Unverified	g2/tools/manifests/g2-box-ghidra-functions.tsv:  | also: g2-box-function-map.tsv	
0x0800B064	0x0800B080	28	case_context_word38_is_zero	components/shared/case/runtime_case_semantic_leaves.c	Inferred	g2/tools/manifests/g2-case-semantic-leaves-admission.tsv: [isolated_source_candidate_not_routed] test caller context word at offset 0x38 | also: g2-box-function-map.tsv, g2-box-ghidra-functions.tsv, g2-case-final-function-frontier.tsv	d7e73757e475238934b99fe20b474a38387f815c8005232171a17ad2d60ff7cf
0x0800B080	0x0800B09E	30		g2-box-ghidra-functions	Unverified	g2/tools/manifests/g2-box-ghidra-functions.tsv:  | also: g2-box-function-map.tsv	
0x0800B0A0	0x0800B0F8	88		g2-box-ghidra-functions	Unverified	g2/tools/manifests/g2-box-ghidra-functions.tsv:  | also: g2-box-function-map.tsv	
0x0800B0FC	0x0800B1EE	242	prvTimerTask	upstream_freertos_kernel	Strong	g2/tools/manifests/g2-box-function-map.tsv: [upstream_freertos_kernel] kernel-statics reference and/or banded call-graph closure from pinned port/scheduler anchors; upstream_freertos_kernel | also: g2-box-ghidra-functions.tsv	
0x0800B260	0x0800B27E	30		g2-box-ghidra-functions	Unverified	g2/tools/manifests/g2-box-ghidra-functions.tsv:  | also: g2-box-function-map.tsv	
0x0800B284	0x0800B2AA	38		g2-box-ghidra-functions	Unverified	g2/tools/manifests/g2-box-ghidra-functions.tsv:  | also: g2-box-function-map.tsv	
0x0800B2B0	0x0800B318	104		g2-box-ghidra-functions	Unverified	g2/tools/manifests/g2-box-ghidra-functions.tsv:  | also: g2-box-function-map.tsv	
0x0800B330	0x0800B356	38		g2-box-ghidra-functions	Unverified	g2/tools/manifests/g2-box-ghidra-functions.tsv:  | also: g2-box-function-map.tsv	
0x0800B374	0x0800B3E8	116		g2-box-ghidra-functions	Unverified	g2/tools/manifests/g2-box-ghidra-functions.tsv:  | also: g2-box-function-map.tsv	
0x0800B3E8	0x0800B49A	178	pvPortMalloc	upstream_freertos_kernel	Strong	g2/tools/manifests/g2-box-function-map.tsv: [upstream_freertos_kernel] kernel-statics reference and/or banded call-graph closure from pinned port/scheduler anchors; upstream_freertos_kernel | also: g2-box-ghidra-functions.tsv	
0x0800B4A4	0x0800B4BE	26	case_critical_read_word28	components/shared/case/runtime_case_semantic_leaves.c	Inferred	g2/tools/manifests/g2-case-semantic-leaves-admission.tsv: [isolated_source_candidate_not_routed] critical read of record word at offset 28 | also: g2-box-function-map.tsv, g2-box-ghidra-functions.tsv, g2-case-final-function-frontier.tsv	64980fd0019ddf7093477895e5efc620668c87cb64e93e0dea5b2bfd16b4ddcf
0x0800B4C0	0x0800B4DA	26	pxPortInitialiseStack	upstream_freertos_kernel	Strong	g2/tools/manifests/g2-box-function-map.tsv: [upstream_freertos_kernel] kernel-statics reference and/or banded call-graph closure from pinned port/scheduler anchors; upstream_freertos_kernel | also: g2-box-ghidra-functions.tsv	
0x0800B4E0	0x0800B534	84	case_probe_low_signal	components/shared/case/runtime_case_semantic_leaves.c	Inferred	g2/tools/manifests/g2-case-semantic-leaves-admission.tsv: [isolated_source_candidate_not_routed] sequence low-signal probe actions and bounded readiness sampling | also: g2-box-function-map.tsv, g2-box-ghidra-functions.tsv, g2-case-final-function-frontier.tsv	bffe716eab12db89dd269918951268f4ae6a647df08704620bedb246bcf5e43c
0x0800B53C	0x0800B5A4	104	case_probe_high_signal	components/shared/case/runtime_case_semantic_leaves.c	Inferred	g2/tools/manifests/g2-case-semantic-leaves-admission.tsv: [isolated_source_candidate_not_routed] sequence high-signal probe phases and return packed status | also: g2-box-function-map.tsv, g2-box-ghidra-functions.tsv, g2-case-final-function-frontier.tsv	978232e95a79e56479f7ddaed79601a5dedfac71148a3c8bd430a86ec4de7f25
0x0800B5AC	0x0800B5D6	42	case_collect_bits	components/shared/case/runtime_case_semantic_leaves.c	Inferred	g2/tools/manifests/g2-case-semantic-leaves-admission.tsv: [isolated_source_candidate_not_routed] collect eight bits through the first reader | also: g2-box-function-map.tsv, g2-box-ghidra-functions.tsv, g2-case-final-function-frontier.tsv	4b3445ddcf078ecd0bbbb77e01f61c50e7b5fd56b84ffa44e8606ea73b768964
0x0800B5D6	0x0800B600	42	case_collect_bits	components/shared/case/runtime_case_semantic_leaves.c	Inferred	g2/tools/manifests/g2-case-semantic-leaves-admission.tsv: [isolated_source_candidate_not_routed] collect eight bits through the alternate reader | also: g2-box-function-map.tsv, g2-box-ghidra-functions.tsv, g2-case-final-function-frontier.tsv	399da3559abc30265a89d5c340d3074215594767d8bc8bfba84b4cc135c367eb
0x0800B600	0x0800B676	118	board_peripheral_init	first_party_g2	Inferred	g2/tools/manifests/g2-box-function-map.tsv: [first_party_g2] G2 board peripheral initialization policy; first_party_g2 | also: g2-box-ghidra-functions.tsv, g2-box-task-helper-map.tsv	
0x0800B678	0x0800B7E2	362	case_emit_probe_train	components/shared/case/runtime_case_semantic_leaves.c	Inferred	g2/tools/manifests/g2-case-semantic-leaves-admission.tsv: [isolated_source_candidate_not_routed] emit the fixed three-phase probe pulse train | also: g2-box-function-map.tsv, g2-box-ghidra-functions.tsv, g2-case-final-function-frontier.tsv	41979fa02fe29264f07a3efc30f1c37b8ecb231e9ca16e3bc29d508a92ea9501
0x0800B7EC	0x0800B942	342	g2_timer_callback_4	g2-box-task-entry-bodies	Inferred	g2/tools/manifests/g2-box-task-entry-bodies.tsv: timer_callback | also: g2-box-function-map.tsv	416ba65f58f649e802b918d655413efa75fa03fc7a3127fe330cb2b8e4226bce
0x0800BA44	0x0800BA5C	24	case_transition_word4	components/shared/case/runtime_case_semantic_leaves.c	Inferred	g2/tools/manifests/g2-case-semantic-leaves-admission.tsv: [isolated_source_candidate_not_routed] transition record word four to zero | also: g2-box-function-map.tsv, g2-box-ghidra-functions.tsv, g2-case-final-function-frontier.tsv	4aeba8dccfe9d9349f8ee1da2a642522573c6b898efc4ac3e79b920b27d372b0
0x0800BA64	0x0800BA7E	26	case_transition_word4_alt	components/shared/case/runtime_case_semantic_leaves.c	Inferred	g2/tools/manifests/g2-case-semantic-leaves-admission.tsv: [isolated_source_candidate_not_routed] alternate word-four transition to zero | also: g2-box-function-map.tsv, g2-box-ghidra-functions.tsv, g2-case-final-function-frontier.tsv	2c113146a6c23cbbbb50b9e567a764d792bc8e4c86166249378d2a4264e2b153
0x0800BA84	0x0800BA9C	24	case_transition_word4	components/shared/case/runtime_case_semantic_leaves.c	Inferred	g2/tools/manifests/g2-case-semantic-leaves-admission.tsv: [isolated_source_candidate_not_routed] transition record word four to one | also: g2-box-function-map.tsv, g2-box-ghidra-functions.tsv, g2-case-final-function-frontier.tsv	4acf4efe35c5619e244f37c486c8fc8a6c1e3f6e2f574cb851fcce1d0cb58023
0x0800BAA4	0x0800BABE	26	case_transition_word4_alt	components/shared/case/runtime_case_semantic_leaves.c	Inferred	g2/tools/manifests/g2-case-semantic-leaves-admission.tsv: [isolated_source_candidate_not_routed] alternate word-four transition to one | also: g2-box-function-map.tsv, g2-box-ghidra-functions.tsv, g2-case-final-function-frontier.tsv	c4c830d88f9290b35d81151a25242b0bb0c79fe6410b70dbc59b39666f30bdd4
0x0800BAC4	0x0800BAD2	14	case_write_mask4_set	components/shared/case/runtime_case_semantic_leaves.c	Inferred	g2/tools/manifests/g2-case-semantic-leaves-admission.tsv: [isolated_source_candidate_not_routed] set a fixed four-bit resource mask | also: g2-box-function-map.tsv, g2-box-ghidra-functions.tsv, g2-case-final-function-frontier.tsv	8681cad6e7bfda76adb74a124014f132aa9594c887d6c0581ad17e880fecf684
0x0800BAD8	0x0800BAE8	16	case_write_mask8_set	components/shared/case/runtime_case_semantic_leaves.c	Inferred	g2/tools/manifests/g2-case-semantic-leaves-admission.tsv: [isolated_source_candidate_not_routed] set a fixed eight-bit resource mask | also: g2-box-function-map.tsv, g2-box-ghidra-functions.tsv, g2-case-final-function-frontier.tsv	2bca89bc9fee4a2a3a879a89f5fe55b614e202270ad7be218023982133ba92e9
0x0800BAE8	0x0800BAF6	14	case_write_mask4_clear	components/shared/case/runtime_case_semantic_leaves.c	Inferred	g2/tools/manifests/g2-case-semantic-leaves-admission.tsv: [isolated_source_candidate_not_routed] clear a fixed four-bit resource mask | also: g2-box-function-map.tsv, g2-box-ghidra-functions.tsv, g2-case-final-function-frontier.tsv	5c7a7f7a1e210a3c8f10491628db1267e9e7129bc9be068957a6216a77ea3d80
0x0800BAFC	0x0800BB0C	16	case_write_mask8_clear	components/shared/case/runtime_case_semantic_leaves.c	Inferred	g2/tools/manifests/g2-case-semantic-leaves-admission.tsv: [isolated_source_candidate_not_routed] clear a fixed eight-bit resource mask | also: g2-box-function-map.tsv, g2-box-ghidra-functions.tsv, g2-case-final-function-frontier.tsv	6c4fa639faa322a143ce112f66db96715157b34061fa4b9d10d1ec91f1164ef3
0x0800BB0C	0x0800BB24	24	case_transition_word8	components/shared/case/runtime_case_semantic_leaves.c	Inferred	g2/tools/manifests/g2-case-semantic-leaves-admission.tsv: [isolated_source_candidate_not_routed] transition record word eight to one | also: g2-box-function-map.tsv, g2-box-ghidra-functions.tsv, g2-case-final-function-frontier.tsv	56d7f411c0c978ec1021d44eab2e8d33cf5c8140f976fa6a60c16d7c9d6307f7
0x0800BB2C	0x0800BB46	26	case_transition_word8_alt	components/shared/case/runtime_case_semantic_leaves.c	Inferred	g2/tools/manifests/g2-case-semantic-leaves-admission.tsv: [isolated_source_candidate_not_routed] alternate word-eight transition to one | also: g2-box-function-map.tsv, g2-box-ghidra-functions.tsv, g2-case-final-function-frontier.tsv	dc2a5134b66e0d1ece68122a918b53ba25aa1cb95b0e610d9d0023a62997a163
0x0800BB4C	0x0800BB6A	30	g2_timer_callback_2	first_party_g2	Inferred	g2/tools/manifests/g2-box-function-map.tsv: [first_party_g2] RTOS task/timer entry pointer from app_rtos_init literal pool; first_party_g2 | also: g2-box-ghidra-functions.tsv	
0x0800BB74	0x0800BB8A	22	periodic_timer_restart	first_party_g2	Inferred	g2/tools/manifests/g2-box-function-map.tsv: [first_party_g2] G2 periodic timer restart adapter; first_party_g2 | also: g2-box-ghidra-functions.tsv, g2-box-task-helper-map.tsv	
0x0800BB90	0x0800BD06	374	g2_timer_callback_5	g2-box-task-entry-bodies	Inferred	g2/tools/manifests/g2-box-task-entry-bodies.tsv: timer_callback | also: g2-box-function-map.tsv	593d88b92adcfd73a350e395354d5ccbfdd8d0db10bb81c9d53fe60f882e1b07
0x0800BE74	0x0800BE90	28	case_starts_with_de	components/shared/case/runtime_case_pure_helpers.c	Inferred	g2/tools/manifests/g2-case-pure-helpers-admission.tsv: [isolated_source_candidate_not_routed] case-insensitive two-character de prefix predicate | also: g2-box-function-map.tsv, g2-box-ghidra-functions.tsv, g2-case-final-function-frontier.tsv	8f224c22a12eadcd871eb0a9450431e604bf735128844b4555adce4508985f9b
0x0800BE90	0x0800BEBA	42	left_indicator_sequence	first_party_g2	Inferred	g2/tools/manifests/g2-box-function-map.tsv: [first_party_g2] G2 left-side indicator command sequence; first_party_g2 | also: g2-box-ghidra-functions.tsv, g2-box-task-helper-map.tsv	
0x0800BEBA	0x0800BEDE	36	case_write_profile_three	components/shared/case/runtime_case_semantic_leaves.c	Inferred	g2/tools/manifests/g2-case-semantic-leaves-admission.tsv: [isolated_source_candidate_not_routed] write four indexed profile-three values | also: g2-box-function-map.tsv, g2-box-ghidra-functions.tsv, g2-case-final-function-frontier.tsv	ca9ef24cf7d1632fb69edf8caad261c83242378112a0eba25243af63cc32913b
0x0800BEDE	0x0800BF08	42	right_indicator_sequence	first_party_g2	Inferred	g2/tools/manifests/g2-box-function-map.tsv: [first_party_g2] G2 right-side indicator command sequence; first_party_g2 | also: g2-box-ghidra-functions.tsv, g2-box-task-helper-map.tsv	
0x0800BF08	0x0800BF2C	36	case_write_profile_four	components/shared/case/runtime_case_semantic_leaves.c	Inferred	g2/tools/manifests/g2-case-semantic-leaves-admission.tsv: [isolated_source_candidate_not_routed] write four indexed profile-four values | also: g2-box-function-map.tsv, g2-box-ghidra-functions.tsv, g2-case-final-function-frontier.tsv	ac8a3e2b8832c14160ac30e8596c4d59845d26abf6e4671af0e0ac010ba3f767
0x0800BF2C	0x0800BF52	38	uxListRemove	upstream_freertos_kernel	Strong	g2/tools/manifests/g2-box-function-map.tsv: [upstream_freertos_kernel] kernel-statics reference and/or banded call-graph closure from pinned port/scheduler anchors; upstream_freertos_kernel | also: g2-box-ghidra-functions.tsv	
0x0800BF54	0x0800BF62	14		g2-box-ghidra-functions	Unverified	g2/tools/manifests/g2-box-ghidra-functions.tsv:  | also: g2-box-function-map.tsv	
0x0800BF6C	0x0800BF7C	16		g2-box-ghidra-functions	Unverified	g2/tools/manifests/g2-box-ghidra-functions.tsv:  | also: g2-box-function-map.tsv	
0x0800BF94	0x0800BFAA	22		g2-box-ghidra-functions	Unverified	g2/tools/manifests/g2-box-ghidra-functions.tsv:  | also: g2-box-function-map.tsv	
0x0800BFAA	0x0800BFB0	6		g2-box-ghidra-functions	Unverified	g2/tools/manifests/g2-box-ghidra-functions.tsv:  | also: g2-box-function-map.tsv	
0x0800BFB0	0x0800BFE2	50		g2-box-ghidra-functions	Unverified	g2/tools/manifests/g2-box-ghidra-functions.tsv:  | also: g2-box-function-map.tsv	
0x0800BFE2	0x0800BFFA	24		g2-box-ghidra-functions	Unverified	g2/tools/manifests/g2-box-ghidra-functions.tsv:  | also: g2-box-function-map.tsv	
0x0800BFFC	0x0800C010	20		g2-box-ghidra-functions	Unverified	g2/tools/manifests/g2-box-ghidra-functions.tsv:  | also: g2-box-function-map.tsv	
0x0800C014	0x0800C02C	24		g2-box-ghidra-functions	Unverified	g2/tools/manifests/g2-box-ghidra-functions.tsv:  | also: g2-box-function-map.tsv	
0x0800C030	0x0800C074	68		g2-box-ghidra-functions	Unverified	g2/tools/manifests/g2-box-ghidra-functions.tsv:  | also: g2-box-function-map.tsv	
0x0800C078	0x0800C098	32		g2-box-ghidra-functions	Unverified	g2/tools/manifests/g2-box-ghidra-functions.tsv:  | also: g2-box-function-map.tsv	
0x0800C0A0	0x0800C0B2	18		g2-box-ghidra-functions	Unverified	g2/tools/manifests/g2-box-ghidra-functions.tsv:  | also: g2-box-function-map.tsv	
0x0800C0B8	0x0800C0DC	36		g2-box-ghidra-functions	Unverified	g2/tools/manifests/g2-box-ghidra-functions.tsv:  | also: g2-box-function-map.tsv	
0x0800C0E0	0x0800C126	70	case_normalize_context	components/shared/case/runtime_case_semantic_leaves.c	Inferred	g2/tools/manifests/g2-case-semantic-leaves-admission.tsv: [isolated_source_candidate_not_routed] normalize sentinel bytes and dispatch idle context | also: g2-box-function-map.tsv, g2-box-ghidra-functions.tsv, g2-case-final-function-frontier.tsv	cc1be3045b57e8d20b04955c8cd4a832d9848171b21d7fa369a71e3f08056cbc
0x0800C128	0x0800C158	48		g2-box-ghidra-functions	Unverified	g2/tools/manifests/g2-box-ghidra-functions.tsv:  | also: g2-box-function-map.tsv	
0x0800C15C	0x0800C168	12		g2-box-ghidra-functions	Unverified	g2/tools/manifests/g2-box-ghidra-functions.tsv:  | also: g2-box-function-map.tsv	
0x0800C16C	0x0800C174	8		g2-box-ghidra-functions	Unverified	g2/tools/manifests/g2-box-ghidra-functions.tsv:  | also: g2-box-function-map.tsv	
0x0800C178	0x0800C198	32		g2-box-ghidra-functions	Unverified	g2/tools/manifests/g2-box-ghidra-functions.tsv:  | also: g2-box-function-map.tsv	
0x0800C19C	0x0800C1C6	42		g2-box-ghidra-functions	Unverified	g2/tools/manifests/g2-box-ghidra-functions.tsv:  | also: g2-box-function-map.tsv	
0x0800C1CC	0x0800C21E	82		g2-box-ghidra-functions	Unverified	g2/tools/manifests/g2-box-ghidra-functions.tsv:  | also: g2-box-function-map.tsv	
0x0800C228	0x0800C27C	84		g2-box-ghidra-functions	Unverified	g2/tools/manifests/g2-box-ghidra-functions.tsv:  | also: g2-box-function-map.tsv	
0x0800C284	0x0800C2E6	98		g2-box-ghidra-functions	Unverified	g2/tools/manifests/g2-box-ghidra-functions.tsv:  | also: g2-box-function-map.tsv	
0x0800C2F8	0x0800C378	128		g2-box-ghidra-functions	Unverified	g2/tools/manifests/g2-box-ghidra-functions.tsv:  | also: g2-box-function-map.tsv	
0x0800C380	0x0800C38A	10		g2-box-ghidra-functions	Unverified	g2/tools/manifests/g2-box-ghidra-functions.tsv:  | also: g2-box-function-map.tsv	
0x0800C390	0x0800C3EE	94	vTaskSwitchContext	upstream_freertos_kernel	Strong	g2/tools/manifests/g2-box-function-map.tsv: [upstream_freertos_kernel] kernel-statics reference and/or banded call-graph closure from pinned port/scheduler anchors; upstream_freertos_kernel | also: g2-box-ghidra-functions.tsv	
0x0800C3F8	0x0800C412	26	case_parity8	components/shared/case/runtime_case_semantic_leaves.c	Inferred	g2/tools/manifests/g2-case-semantic-leaves-admission.tsv: [isolated_source_candidate_not_routed] parity of the low eight bits | also: g2-box-function-map.tsv, g2-box-ghidra-functions.tsv, g2-case-final-function-frontier.tsv	3056e1af7e8eb01160dd4a701e52f4e012c92e62fe95f9669f76dce5637258e9
0x0800C412	0x0800C42C	26	case_parity8_alt	components/shared/case/runtime_case_semantic_leaves.c	Inferred	g2/tools/manifests/g2-case-semantic-leaves-admission.tsv: [isolated_source_candidate_not_routed] low-eight-bit parity alias | also: g2-box-function-map.tsv, g2-box-ghidra-functions.tsv, g2-case-final-function-frontier.tsv	3056e1af7e8eb01160dd4a701e52f4e012c92e62fe95f9669f76dce5637258e9
0x0800C42C	0x0800C43C	16	case_transform_word	components/shared/case/runtime_case_semantic_leaves.c	Inferred	g2/tools/manifests/g2-case-semantic-leaves-admission.tsv: [isolated_source_candidate_not_routed] transform a local word and publish the result | also: g2-box-function-map.tsv, g2-box-ghidra-functions.tsv, g2-case-final-function-frontier.tsv	0e59194910f794153846debc13b366fdce78e791a8cb3eae5217472eba3ead19
0x0800C43C	0x0800C44C	16	case_transform_word_alt	components/shared/case/runtime_case_semantic_leaves.c	Inferred	g2/tools/manifests/g2-case-semantic-leaves-admission.tsv: [isolated_source_candidate_not_routed] alternate local-word transform wrapper | also: g2-box-function-map.tsv, g2-box-ghidra-functions.tsv, g2-case-final-function-frontier.tsv	d19946a5b66ccd600b29419e47236d3e89c8ebb6d4201a4650e95f8478e1ba4c
0x0800C44C	0x0800C476	42	case_atomic_clear_word	components/shared/case/runtime_case_semantic_leaves.c	Inferred	g2/tools/manifests/g2-case-semantic-leaves-admission.tsv: [isolated_source_candidate_not_routed] atomic low-24-bit mask clear returning prior word | also: g2-box-function-map.tsv, g2-box-ghidra-functions.tsv, g2-case-final-function-frontier.tsv	b079660180eb41a08b427510994eb367f582115937e82bc51c8e11f7191df7b7
0x0800C478	0x0800C488	16	case_dispatch_resource	components/shared/case/runtime_case_semantic_leaves.c	Inferred	g2/tools/manifests/g2-case-semantic-leaves-admission.tsv: [isolated_source_candidate_not_routed] dispatch two values with a zero fourth argument | also: g2-box-function-map.tsv, g2-box-ghidra-functions.tsv, g2-case-final-function-frontier.tsv	b8ced8db9b9dbb3a4d495b57ba4393db7c1c1fdabd60d19e276875883f975d93
0x0800C48C	0x0800C4AA	30		g2-box-ghidra-functions	Unverified	g2/tools/manifests/g2-box-ghidra-functions.tsv:  | also: g2-box-function-map.tsv	
0x0800C4AA	0x0800C4CC	34		g2-box-ghidra-functions	Unverified	g2/tools/manifests/g2-box-ghidra-functions.tsv:  | also: g2-box-function-map.tsv	
0x0800C4CC	0x0800C4DE	18	case_read_word_protected	components/shared/case/runtime_case_semantic_leaves.c	Inferred	g2/tools/manifests/g2-case-semantic-leaves-admission.tsv: [isolated_source_candidate_not_routed] read a word between caller-provided critical hooks | also: g2-box-function-map.tsv, g2-box-ghidra-functions.tsv, g2-case-final-function-frontier.tsv	6b9a01edd096cfc827d6e66c3e8c5a37510a76c043f55aa6ccc6855ec2d2e620
0x0800C4DE	0x0800C568	138	case_event_group_set_bits	components/shared/case/runtime_case_semantic_leaves.c	Inferred	g2/tools/manifests/g2-case-semantic-leaves-admission.tsv: [isolated_source_candidate_not_routed] set event-group bits and unblock matching waiters | also: g2-box-function-map.tsv, g2-box-ghidra-functions.tsv, g2-case-final-function-frontier.tsv	adec65cab22eae10b3f9c2d4f3bc58b2986b72c9137915d8e5e8d79fe969c496
0x0800C568	0x0800C578	16	case_dispatch_resource4	components/shared/case/runtime_case_semantic_leaves.c	Inferred	g2/tools/manifests/g2-case-semantic-leaves-admission.tsv: [isolated_source_candidate_not_routed] dispatch three values through a resource | also: g2-box-function-map.tsv, g2-box-ghidra-functions.tsv, g2-case-final-function-frontier.tsv	95683c30719f59412c67f611be6100bd11a71b699c5bbfbb91f49e8f04daf882
0x0800C57C	0x0800C5A4	40		g2-box-ghidra-functions	Unverified	g2/tools/manifests/g2-box-ghidra-functions.tsv:  | also: g2-box-function-map.tsv	
0x0800C5AC	0x0800C5CC	32	xPortSysTickHandler	upstream_freertos_kernel	Strong	g2/tools/manifests/g2-box-function-map.tsv: [upstream_freertos_kernel] anchor: mask/xTaskIncrementTick/PENDSVSET/unmask; SCB literal 0xE000ED00; upstream_freertos_kernel | also: g2-box-ghidra-functions.tsv	
0x0800C5D0	0x0800C616	70		g2-box-ghidra-functions	Unverified	g2/tools/manifests/g2-box-ghidra-functions.tsv:  | also: g2-box-function-map.tsv	
0x0800C616	0x0800C686	112		g2-box-ghidra-functions	Unverified	g2/tools/manifests/g2-box-ghidra-functions.tsv:  | also: g2-box-function-map.tsv	
0x0800C686	0x0800C7A8	290		g2-box-ghidra-functions	Unverified	g2/tools/manifests/g2-box-ghidra-functions.tsv:  | also: g2-box-function-map.tsv	
0x0800C7A8	0x0800C83A	146		g2-box-ghidra-functions	Unverified	g2/tools/manifests/g2-box-ghidra-functions.tsv:  | also: g2-box-function-map.tsv	
0x0800C83A	0x0800C948	270		g2-box-ghidra-functions	Unverified	g2/tools/manifests/g2-box-ghidra-functions.tsv:  | also: g2-box-function-map.tsv	
0x0800C948	0x0800C9A4	92		g2-box-ghidra-functions	Unverified	g2/tools/manifests/g2-box-ghidra-functions.tsv:  | also: g2-box-function-map.tsv	
0x0800C9A8	0x0800CA06	94	xTaskCreate	upstream_freertos_kernel	Strong	g2/tools/manifests/g2-box-function-map.tsv: [upstream_freertos_kernel] kernel-statics reference and/or banded call-graph closure from pinned port/scheduler anchors; upstream_freertos_kernel | also: g2-box-ghidra-functions.tsv	
0x0800CA06	0x0800CA4C	70		g2-box-ghidra-functions	Unverified	g2/tools/manifests/g2-box-ghidra-functions.tsv:  | also: g2-box-function-map.tsv	
0x0800CA4C	0x0800CA66	26	xTaskGetSchedulerState	upstream_freertos_kernel	Strong	g2/tools/manifests/g2-box-function-map.tsv: [upstream_freertos_kernel] anchor: exact body over kernel statics at 0x20000128; upstream_freertos_kernel | also: g2-box-ghidra-functions.tsv	
0x0800CA6C	0x0800CA72	6		g2-box-ghidra-functions	Unverified	g2/tools/manifests/g2-box-ghidra-functions.tsv:  | also: g2-box-function-map.tsv	
0x0800CA78	0x0800CB30	184	xTaskIncrementTick	upstream_freertos_kernel	Strong	g2/tools/manifests/g2-box-function-map.tsv: [upstream_freertos_kernel] anchor: exact head over xTickCount/xPendedTicks/uxSchedulerSuspended; upstream_freertos_kernel | also: g2-box-ghidra-functions.tsv	
0x0800CB38	0x0800CB98	96		g2-box-ghidra-functions	Unverified	g2/tools/manifests/g2-box-ghidra-functions.tsv:  | also: g2-box-function-map.tsv	
0x0800CBA0	0x0800CBFE	94		g2-box-ghidra-functions	Unverified	g2/tools/manifests/g2-box-ghidra-functions.tsv:  | also: g2-box-function-map.tsv	
0x0800CC0C	0x0800CCB4	168		g2-box-ghidra-functions	Unverified	g2/tools/manifests/g2-box-ghidra-functions.tsv:  | also: g2-box-function-map.tsv	
0x0800CCC0	0x0800CCF2	50		g2-box-ghidra-functions	Unverified	g2/tools/manifests/g2-box-ghidra-functions.tsv:  | also: g2-box-function-map.tsv	
0x0800CCF2	0x0800CD1E	44		g2-box-ghidra-functions	Unverified	g2/tools/manifests/g2-box-ghidra-functions.tsv:  | also: g2-box-function-map.tsv	
0x0800CD20	0x0800CD70	80		g2-box-ghidra-functions	Unverified	g2/tools/manifests/g2-box-ghidra-functions.tsv:  | also: g2-box-function-map.tsv	
0x0800CD80	0x0800CDE0	96		g2-box-ghidra-functions	Unverified	g2/tools/manifests/g2-box-ghidra-functions.tsv:  | also: g2-box-function-map.tsv	
0x0800CDE4	0x0800CE0A	38	case_critical_read_flag40	components/shared/case/runtime_case_semantic_leaves.c	Inferred	g2/tools/manifests/g2-case-semantic-leaves-admission.tsv: [isolated_source_candidate_not_routed] critical read of record flag at offset 40 | also: g2-box-function-map.tsv, g2-box-ghidra-functions.tsv, g2-case-final-function-frontier.tsv	61bf76266be446eb56986da77e7a82f37f09f370a51d642f1cf6138ceca87f75
0x0800CE0C	0x0800CE30	36		g2-box-ghidra-functions	Unverified	g2/tools/manifests/g2-box-ghidra-functions.tsv:  | also: g2-box-function-map.tsv	
0x0800CE34	0x0800D0EC	696	glasses_charge_control_policy	first_party_g2	Inferred	g2/tools/manifests/g2-box-function-map.tsv: [first_party_g2] references G2 log/status strings; first_party_g2 | also: g2-box-ghidra-functions.tsv, g2-box-task-helper-map.tsv	
0x0800D154	0x0800D178	36	aging_indicator_apply	first_party_g2	Inferred	g2/tools/manifests/g2-box-function-map.tsv: [first_party_g2] G2 aging-state indicator command sequence; first_party_g2 | also: g2-box-ghidra-functions.tsv, g2-box-task-helper-map.tsv	
0x0800D178	0x0800D1AA	50		g2-box-ghidra-functions	Unverified	g2/tools/manifests/g2-box-ghidra-functions.tsv:  | also: g2-box-function-map.tsv	
0x0800D218	0x0800D232	26		g2-box-ghidra-functions	Unverified	g2/tools/manifests/g2-box-ghidra-functions.tsv:  | also: g2-box-function-map.tsv	
0x0800D250	0x0800D266	22	case_copy_head8_to_tail8	components/shared/case/runtime_case_semantic_leaves.c	Inferred	g2/tools/manifests/g2-case-semantic-leaves-admission.tsv: [isolated_source_candidate_not_routed] copy bytes 0..7 to bytes 8..15 | also: g2-box-function-map.tsv, g2-box-ghidra-functions.tsv, g2-case-final-function-frontier.tsv	b54ec861318bd467d1dfe3b4e6e16914aaf827c8705e33530e328f6756d9ffb0
