address	end	size	name	module	confidence	evidence	stock_sha256
0x10000000	0x10000100	256	gx8002_uart_stage1_vectors	uart_boot_stage1	Inferred	g2/docs/research/gx8002-uart-stage1-vectors-verification.json: package 0x00050; descriptive name from codec function recovery	8e67dcb95424b8f428a4b3e065ba7c2bbac73a4fd47c7b8d20b9bb1f9636104d
0x10000100	0x10000130	48	gx8002_uart_boot_stage1_reset	uart_boot_stage1	Inferred	g2/docs/research/gx8002-uart-stage1-reset-verification.json: package 0x00150; descriptive name from codec function recovery	1d9f5e0daa38a5e5ddc45b16786ea28576114027615daf680314913ee395b76a
0x10000130	0x10000138	8	gx8002_uart_stage1_traps	uart_boot_stage1	Inferred	g2/docs/research/gx8002-uart-stage1-vectors-verification.json: package 0x00180; descriptive name from codec function recovery	a16f3bb23d3f7f3a561f9d33f03e62205f458823f1cdc7d44edd50e19486955c
0x10000138	0x1000014A	18	__reg_set_val	image_a_stage1|drivers_lib/clock/v2.0/clock.o	Unverified	g2/docs/research/gx8002-upstream-object-candidates.json: package 0x096DC; relocation-free SDK .text section match (NationalChip lvp_kws 8bf9ee5c); stage1 runtime mapping unresolved	e2046581f41222befb24ceaa43d1781b3656b996b9ad822fcb8b778994f331a7
0x10000138	0x1000013C	4	gx8002_uart_stage1_clear_bss	uart_boot_stage1	Inferred	g2/docs/research/gx8002-uart-stage1-divmod-verification.json: package 0x00188; descriptive name from codec function recovery	178fe1aaeab962f37309afb2366e89c0281860ecd184ff047d0faec881032668
0x1000013C	0x1000017E	66	gx8002_uart_stage1_udiv	uart_boot_stage1	Inferred	g2/docs/research/gx8002-uart-stage1-divmod-verification.json: package 0x0018C; descriptive name from codec function recovery	6b2a91cb0b4f05e18973d6ff4a1ea55ab5b7a80e184e1fe7b0841cc7a2519765
0x10000180	0x100001BA	58	gx8002_uart_stage1_umod	uart_boot_stage1	Inferred	g2/docs/research/gx8002-uart-stage1-divmod-verification.json: package 0x001D0; descriptive name from codec function recovery	e20ef1425a6aee0a47b18c11bf8cdc2025fcf11529758f33a723df78679a0b03
0x10000204	0x10000220	28	__module_get_div.isra.1	image_a_stage1|drivers_lib/clock/v2.0/clock.o	Unverified	g2/docs/research/gx8002-upstream-object-candidates.json: package 0x097A8; relocation-free SDK .text section match (NationalChip lvp_kws 8bf9ee5c); stage1 runtime mapping unresolved	12ef96242448f65f16211ffa85d455f2beba409320f72f8e2f2779d277470c4a
0x100002BC	0x100002C8	12	gx8002_uart_stage1_get_stored_id	uart_boot_stage1	Inferred	g2/docs/research/gx8002-uart-stage1-idbit-verification.json: package 0x0030C; descriptive name from codec function recovery	2559426f8fe31ece2600624da69209a8c63fcf430df947bd8e2dc9ce560e7f1d
0x10000374	0x1000038C	24	gx8002_uart_stage1_pmu_set_bit0	uart_boot_stage1	Inferred	g2/docs/research/gx8002-uart-stage1-pmubits-verification.json: package 0x003C4; descriptive name from codec function recovery	59cffcb39f15326377c0536709a1a01b63697a26b04b77826c7a67c3b024e78c
0x1000038C	0x100003A4	24	gx8002_uart_stage1_pmu_set_bit1	uart_boot_stage1	Inferred	g2/docs/research/gx8002-uart-stage1-pmubits-verification.json: package 0x003DC; descriptive name from codec function recovery	353abafc3cd67b1984e221582b56b8be47c1346b6dc32c2e80d815e207fa9e17
0x100003A4	0x100003B0	12	gx8002_uart_stage1_pmu_get_bit0	uart_boot_stage1	Inferred	g2/docs/research/gx8002-uart-stage1-pmubits-verification.json: package 0x003F4; descriptive name from codec function recovery	730f5b1f0ddabd5a6ee9d36ada3140d8546e71691ccd55d9676dfab7d9410562
0x100003B0	0x100003BC	12	gx8002_uart_stage1_pmu_get_bit1	uart_boot_stage1	Inferred	g2/docs/research/gx8002-uart-stage1-pmubits-verification.json: package 0x00400; descriptive name from codec function recovery	9c4f7fa5c6d0a4e5436185f33350fc96448713e57ff01548d54107090ca628c3
0x100003FC	0x1000046C	112	gx8002_uart_stage1_mdelay	uart_boot_stage1	Inferred	g2/docs/research/gx8002-uart-stage1-mdelay-verification.json: package 0x0044C; descriptive name from codec function recovery	8745b75085460bfc0c40063d66b9a934f24f5e3268c0e57c55ce1b3e29e3cccb
0x1000046C	0x100004A4	56	gx8002_uart_stage1_railcfg	uart_boot_stage1	Inferred	g2/docs/research/gx8002-uart-stage1-traptails-verification.json: package 0x004BC; descriptive name from codec function recovery	6c0b3c4201680c34447641100165c2f0d4cf247004869c2a8abd129e5527e3a9
0x100004A4	0x100004D0	44	gx8002_uart_stage1_blkclr	uart_boot_stage1	Inferred	g2/docs/research/gx8002-uart-stage1-traptails-verification.json: package 0x004F4; descriptive name from codec function recovery	f04d5713381df2f25883ad2eefc113cdc85938752af462d6d4e43348644b8da7
0x100004D0	0x10000584	180	gx8002_uart_stage1_beacon	uart_boot_stage1	Inferred	g2/docs/research/gx8002-uart-stage1-beacon-verification.json: package 0x00520; descriptive name from codec function recovery	4b9018d3ac98a485bb41dba152625fdebae1a7272e3a264b64187de5da07ce3c
0x10000584	0x100005A0	28	gx8002_uart_stage1_put	uart_boot_stage1	Inferred	g2/docs/research/gx8002-uart-stage1-serial-verification.json: package 0x005D4; descriptive name from codec function recovery	324a7911bba3607c29e88eb9a773625fe072480c64c9282daf9a1261510168be
0x100005A0	0x100005C4	36	gx8002_uart_stage1_put_sync	uart_boot_stage1	Inferred	g2/docs/research/gx8002-uart-stage1-serial-verification.json: package 0x005F0; descriptive name from codec function recovery	477ebbb0ab69b4179f5288a907b537424cc7febf81ebe000449a3be24ce647ad
0x100005C4	0x10000620	92	gx8002_uart_stage1_bringup	uart_boot_stage1	Inferred	g2/docs/research/gx8002-uart-stage1-beacon-verification.json: package 0x00614; descriptive name from codec function recovery	9266b238525e5b985b083773b48d96c542285968022e0ea354e87df7aa3e70a4
0x10000620	0x10000640	32	gx8002_uart_stage1_try_get	uart_boot_stage1	Inferred	g2/docs/research/gx8002-uart-stage1-serial-verification.json: package 0x00670; descriptive name from codec function recovery	0b3a5084a5f57f9666516d3f691e469da40090856f007319b2a4eca0b402eb67
0x10000640	0x1000065C	28	gx8002_uart_stage1_get_char	uart_boot_stage1	Inferred	g2/docs/research/gx8002-uart-stage1-serial-verification.json: package 0x00690; descriptive name from codec function recovery	d552de87f7deb30b6ed9f529c01e8c3a63260f24aa321c2ac06098a8778d2721
0x1000065C	0x100006D8	124	gx8002_uart_stage1_announce	uart_boot_stage1	Inferred	g2/docs/research/gx8002-uart-stage1-announce-verification.json: package 0x006AC; descriptive name from codec function recovery	723c8827a6f9436ca863db4a7ed8c3e2b5aa333a9533e8067aa27a69731c352e
0x100006D8	0x10000780	168	gx8002_uart_stage1_handshake	uart_boot_stage1	Inferred	g2/docs/research/gx8002-uart-stage1-handshake-verification.json: package 0x00728; descriptive name from codec function recovery	068a77b60f014526c4a0f13813486343452b7517f751ea5895b82ae27e3a9122
0x10000780	0x10000834	180	gx8002_uart_stage1_pmu_fill_desc	uart_boot_stage1	Inferred	g2/docs/research/gx8002-uart-stage1-pmufill-verification.json: package 0x007D0; descriptive name from codec function recovery	b454d8c2c7fc52df339281655cf60345beb63206da8bfb7e677047c556a693f8
0x10000840	0x1000085E	30	gx8002_uart_stage1_pmu_bit_modify	uart_boot_stage1	Inferred	g2/docs/research/gx8002-uart-stage1-idbit-verification.json: package 0x00890; descriptive name from codec function recovery	febf7dda66349963b387c4be8c85a7c11300dd1bd95f7d06ed96d9aa0f02d01e
0x10000860	0x10000A30	464	gx8002_uart_stage1_raila	uart_boot_stage1	Inferred	g2/docs/research/gx8002-uart-stage1-raila-verification.json: package 0x008B0; descriptive name from codec function recovery	accd5fdd80c5e86c9f72a445d94d866e55e89e4d8eb52cc83bc26774fd3e919d
0x10000A30	0x10000B8E	350	gx8002_uart_stage1_railb	uart_boot_stage1	Inferred	g2/docs/research/gx8002-uart-stage1-railb-verification.json: package 0x00A80; descriptive name from codec function recovery	b606c302efa900c41fd691be5b9cc0eacf97d1640dcdf838b22046ba7a948b9b
0x10000B4C	0x10000B5C	16	wait_bus_ready	image_a_stage1|drivers_lib/mtd/spinor/flash_spi.o	Unverified	g2/docs/research/gx8002-upstream-object-candidates.json: package 0x0A0F0; relocation-free SDK .text section match (NationalChip lvp_kws 8bf9ee5c); stage1 runtime mapping unresolved	4c69925f75f82a665d3f637a6b5e93397488e1ae4279ebb5716c9349bc6c0319
0x10000B90	0x10000C9A	266	gx8002_uart_stage1_railc	uart_boot_stage1	Inferred	g2/docs/research/gx8002-uart-stage1-railc-verification.json: package 0x00BE0; descriptive name from codec function recovery	06d8dfad1d5eab5d8434649d90a42073141add828b84c8bdd777d78c3172bffd
0x10000C9C	0x10000D6C	208	gx8002_uart_stage1_uart_config	uart_boot_stage1	Inferred	g2/docs/research/gx8002-uart-stage1-uartcfg-verification.json: package 0x00CEC; descriptive name from codec function recovery	f083f0cd409de9df6b8fd85c58206c5abec5f7732d8eee05a9e1f28fdafc26b7
0x10000D98	0x10000EA0	264	gx8002_uart_stage1_pmu_dispatch	uart_boot_stage1	Inferred	g2/docs/research/gx8002-uart-stage1-pmudisp-verification.json: package 0x00DE8; descriptive name from codec function recovery	8824af275dded4cbb2a2989caeac84367c540264c919ba979696386836b7fae6
0x10000EB8	0x10001094	476	gx8002_uart_stage1_pmu_second_body	uart_boot_stage1	Inferred	g2/docs/research/gx8002-uart-stage1-pmusecond-verification.json: package 0x00F08; descriptive name from codec function recovery	82be5c496f4fe6e1b44440b18bdec46c3610699cdae7749cebe4bd9169b8fce3
0x100018C0	0x10001940	128	gx8002_uart_stage1_xip_read	uart_boot_stage1	Inferred	g2/docs/research/gx8002-uart-stage1-xip-verification.json: package 0x01910; descriptive name from codec function recovery	5062e204f3e3f9b39100deeb57eb920c4627d430ad9dca2aad7794be765d2524
0x10001940	0x100019C0	128	gx8002_uart_stage1_xip_write	uart_boot_stage1	Inferred	g2/docs/research/gx8002-uart-stage1-xip-verification.json: package 0x01990; descriptive name from codec function recovery	c14b2d4c024cefa21d7cedd0a06ca4318a5e74576373b3d839e19a6e38a76492
0x10001D9C	0x10001DD8	60	gx8002_uart_stage1_postamble	uart_boot_stage1	Inferred	g2/docs/research/gx8002-uart-stage1-postamble-verification.json: package 0x01DEC; descriptive name from codec function recovery	6a8e4040e2e45704641079e2f2e9167e7542225fadb3e341976e64cd540d678e
0x10001FE8	0x10002FEC	4100	gx8002_image_a_stage1_tail	image_a_stage1	Unverified	g2/docs/research/gx8002-image-a-stage1-tail-verification.json: package 0x0B58C; descriptive name from codec function recovery; stage1 runtime mapping unresolved	4dcc993acca7f160eea47ab8cd88ffe5c840ea50f13b55848dbfeb0afa4776a1
0x10002A3C	0x10002A50	20	gx_analog_config_update_enable	uart_boot_stage2|drivers_lib/misc/grus/misc.o	Strong	g2/docs/research/gx8002-upstream-object-candidates.json: package 0x02A8C; relocation-free SDK .text section match (NationalChip lvp_kws 8bf9ee5c) | also: gx8002-analog-config-update-enable-verification.json	c1da72101417bd2c7d587d0d26a6bb5dd7a3d079a4d5865936deaad5c8615215
0x10002ECE	0x10002EE4	22	dw_uart_getc	uart_boot_stage2|drivers_lib/serial/dw_uart.o	Strong	g2/docs/research/gx8002-upstream-object-candidates.json: package 0x02F1E; relocation-free SDK .text section match (NationalChip lvp_kws 8bf9ee5c)	c5d6c54401661b9f6d125e908d924fd0ece45aabcfe561b4f6f3e7d70ab32fd5
0x100030CC	0x100030E8	28	csi_vic_enable_irq	uart_boot_stage2|drivers_lib/intc/vic.o	Strong	g2/docs/research/gx8002-upstream-object-candidates.json: package 0x0311C; relocation-free SDK .text section match (NationalChip lvp_kws 8bf9ee5c) | also: gx8002-irq-boot-stage2-enable-verification.json	20ab189f59c9c2d4c95dbfffd1f676eca7c9be468f8eff2cb70f3a7357f43063
0x10003128	0x10003144	28	gx8002_backup_clear_bss	image_b_sram	Inferred	g2/docs/research/gx8002-backup-clear-bss-source-verification.json: package 0x3BA68; descriptive name from codec function recovery	ffee97d57fb6d6f1d31ff2d5daf3fc3c4551f84335e23f44b098881b1e8c3881
0x10003144	0x1000314C	8	gx8002_backup_bss_bounds	image_b_sram	Inferred	g2/docs/research/gx8002-backup-clear-bss-source-verification.json: package 0x3BA84; descriptive name from codec function recovery	5246480b448014cf1fa7951da4e6d4be07c37f58395fa91c77288d3eeccc68c0
0x10003194	0x100031B4	32	gx_dcache_enable	uart_boot_stage2|drivers_lib/cache/gx_dcache.o	Strong	g2/docs/research/gx8002-upstream-object-candidates.json: package 0x031E4; relocation-free SDK .text section match (NationalChip lvp_kws 8bf9ee5c) | also: gx8002-csi-source-verification.json	27131066495edc120dbc5b8bd8689e4e56505161ad05ca940f828b0ce290e973
0x100031B4	0x100031D8	36	gx_dcache_disable	uart_boot_stage2|drivers_lib/cache/gx_dcache.o	Strong	g2/docs/research/gx8002-upstream-object-candidates.json: package 0x03204; relocation-free SDK .text section match (NationalChip lvp_kws 8bf9ee5c) | also: gx8002-dcache-disable-verification.json	e17a4bb8faafbdd211d36925d2b433f72472eabccc616300140aa1d3f1ac8a12
0x100034E0	0x10003580	160	__module_get_info	image_b_sram	Inferred	g2/docs/research/gx8002-backup-clock-lookup-source-verification.json: package 0x3BE20; descriptive name from codec function recovery	139a65902a32f97ec483520cb286f3c5b9e47de77d7e4acafc217ef6a406f35a
0x10003BE8	0x10003CE6	254	gx8002_platform_gate	image_b_sram	Inferred	g2/docs/research/gx8002-backup-platform-gate-source-verification.json: package 0x3C528; descriptive name from codec function recovery	0986dd703066ac80e9ff9c28e3ecbbcf40af85c0a2b975cbf78f5c5c2e7f27be
0x10003CF0	0x10003EC4	468	gx8002_clock_frequency	image_b_sram	Inferred	g2/docs/research/gx8002-backup-clock-frequency-source-verification.json: package 0x3C630; descriptive name from codec function recovery	7714ceea8dad0fbd74666fda016e55daf61fd48280a713485f501df5168faebb
0x10003EDC	0x10003F98	188	gx8002_platform_read	image_b_sram	Inferred	g2/docs/research/gx8002-backup-platform-read-source-verification.json: package 0x3C81C; descriptive name from codec function recovery	b9e2e1a7705d1bb52d8ef4617edeaedc28107b021b33cfc3bbe15f4020e3e904
0x10003FB8	0x10003FFA	66	gx8002_backup_status	image_b_sram	Inferred	g2/docs/research/gx8002-backup-status-source-verification.json: package 0x3C8F8; descriptive name from codec function recovery	6e2790ee7a0103f4e2815d386009dcf218f108d53492f3349f17e3ec3b774925
0x10003FFC	0x1000401C	32	gx8002_backup_preserve_memory	image_b_sram	Inferred	g2/docs/research/gx8002-backup-preserve-memory-source-verification.json: package 0x3C93C; descriptive name from codec function recovery	b2cecd8e6519ad4d5aa1b897a3478d141e4bf7892f00b1396fb1e6a975f8719b
0x10004034	0x10004054	32	gx8002_uart_transmit_complete	image_b_sram	Inferred	g2/docs/research/gx8002-backup-uart-transmit-source-verification.json: package 0x3C974; descriptive name from codec function recovery	777fa93b6765de09cb2c2ae56a782c6ac814d284bfdf118ebed3a85dae53baab
0x10004054	0x10004076	34	gx8002_uart_receive_complete	image_b_sram	Inferred	g2/docs/research/gx8002-backup-uart-receive-source-verification.json: package 0x3C994; descriptive name from codec function recovery	41aa2cbb6120b837d8219461df3941d9bca14b95fe4ad44d69c217d9b56175bb
0x10004408	0x10004428	32	gx_analog_set_ldo_ana_voltage	uart_boot_stage2|drivers_lib/analog/ldo.o	Strong	g2/docs/research/gx8002-upstream-object-candidates.json: package 0x04458; relocation-free SDK .text section match (NationalChip lvp_kws 8bf9ee5c) | also: gx8002-analog-ldo-verification.json	1821e235b0f31e6c05e200cbc729d31394f18e843d259df67fc9baa6d07b936c
0x10004844	0x1000486C	40	gx8002_backup_request_irq	image_b_sram	Inferred	g2/docs/research/gx8002-backup-request-irq-source-verification.json: package 0x3D184; descriptive name from codec function recovery	8c9731a1da07d5cd3d2a07152371963b3b8706ba2afa25b2e6b99ae867fa3c2a
0x1000486C	0x10004876	10	gx8002_irq_save	image_b_sram	Inferred	g2/docs/research/gx8002-backup-irq-state-source-verification.json: package 0x3D1AC; descriptive name from codec function recovery	9c1f817c9205b13c6e97621f3d835dfd96fc53350e495c1f6ebf710555a72fd4
0x10004878	0x1000487E	6	gx8002_irq_restore	image_b_sram	Inferred	g2/docs/research/gx8002-backup-irq-state-source-verification.json: package 0x3D1B8; descriptive name from codec function recovery	7593678031624d1ed8d5c3c73c205df650f800e7727bf28e3ef0b40df48cce75
0x10004880	0x100048D0	80	gx8002_irq_compact_entry	image_b_sram	Inferred	g2/docs/research/gx8002-backup-irq-entry-source-verification.json: package 0x3D1C0; descriptive name from codec function recovery	b7701231eb570bd7e5b3f0bc5f16219ca7b4e0b4a7ec70afa7fa0c97fc29efcd
0x100048D0	0x10004998	200	gx8002_backup_dma_descriptors	image_b_sram	Inferred	g2/docs/research/gx8002-backup-dma-descriptors-source-verification.json: package 0x3D210; descriptive name from codec function recovery	b2fe94f7d5e8f9cc246f67a97d113e9f62b21e49bbff3c8ccce276e581717aad
0x100049D4	0x10004B2C	344	gx8002_backup_dma_configure	image_b_sram	Inferred	g2/docs/research/gx8002-backup-dma-configure-source-verification.json: package 0x3D314; descriptive name from codec function recovery	af0e478b96402019345ca64f2cdfc35233ae2d08d2eda5312a33edc5493fb258
0x10004B6C	0x10004BC0	84	gx8002_backup_dma_select	image_b_sram	Inferred	g2/docs/research/gx8002-backup-dma-select-source-verification.json: package 0x3D4AC; descriptive name from codec function recovery	4003368bf7e9385d7c5cd388c529548186c34562780d916691a62084e2990f4d
0x10004BC0	0x10004C74	180	gx8002_backup_dma_pair	image_b_sram	Inferred	g2/docs/research/gx8002-backup-dma-shared-source-verification.json: package 0x3D500; descriptive name from codec function recovery	3485c71d3ca1b720fc76b335b29f1cdedae55e996f66b97732dd8ec269b5edb6
0x10004C78	0x10004C7C	4	gx8002_backup_dma_callback_pointer	image_b_sram	Inferred	g2/docs/research/gx8002-backup-dma-shared-source-verification.json: package 0x3D5B8; descriptive name from codec function recovery	4bab914c2bacb2603bf2b68f4294ea19c7e71d3b3332931b8bfbdc31caaf4b8e
0x10004C7C	0x10004C84	8	gx8002_dma_release	image_b_sram	Inferred	g2/docs/research/gx8002-backup-dma-release-source-verification.json: package 0x3D5BC; descriptive name from codec function recovery	ca74de035873b5fd85a4f2b02cab298ad18b89bb0a42ae34b0b0fb000dcc33b7
0x10004C84	0x10004CB8	52	gx8002_backup_dma_abort	image_b_sram	Inferred	g2/docs/research/gx8002-backup-dma-abort-source-verification.json: package 0x3D5C4; descriptive name from codec function recovery	a4602e34a97eb1c31c44c9c83531804c315aeec31ccd9f8dc7f0833efe18f1ec
0x10004CB8	0x10004CC8	16	gx8002_dma_callback	image_b_sram	Inferred	g2/docs/research/gx8002-backup-dma-callback-source-verification.json: package 0x3D5F8; descriptive name from codec function recovery	7f364db84b61187308b4225e0c09f5199da62b324ffc0347c245abc796e9808c
0x10004CCC	0x10004D14	72	gx8002_dma_transfer	image_b_sram	Inferred	g2/docs/research/gx8002-backup-dma-transfer-source-verification.json: package 0x3D60C; descriptive name from codec function recovery	c04220e29c45b91a11a8a30a43ff2d63a2e879e53fb111d136c0d57546fc0062
0x10004D14	0x10004D8C	120	gx8002_dma_initialize	image_b_sram	Inferred	g2/docs/research/gx8002-backup-dma-initialize-source-verification.json: package 0x3D654; descriptive name from codec function recovery	640022fad360ae9ddd6b74c9200d3b96b28a190c848689e676a1aabbe372cf50
0x10004D94	0x10004DB4	32	gx_dcache_enable	image_b_sram|drivers_lib/cache/gx_dcache.o	Strong	g2/docs/research/gx8002-upstream-object-candidates.json: package 0x3D6D4; relocation-free SDK .text section match (NationalChip lvp_kws 8bf9ee5c) | also: gx8002-csi-source-verification.json	27131066495edc120dbc5b8bd8689e4e56505161ad05ca940f828b0ce290e973
0x10004DB4	0x10004DD8	36	gx_dcache_disable	image_b_sram|drivers_lib/cache/gx_dcache.o	Strong	g2/docs/research/gx8002-upstream-object-candidates.json: package 0x3D6F4; relocation-free SDK .text section match (NationalChip lvp_kws 8bf9ee5c) | also: gx8002-dcache-disable-verification.json	e17a4bb8faafbdd211d36925d2b433f72472eabccc616300140aa1d3f1ac8a12
0x10004DD8	0x10004E74	156	gx8002_dcache_invalid_range	image_b_sram	Inferred	g2/docs/research/gx8002-backup-dcache-invalid-range-verification.json: package 0x3D718; descriptive name from codec function recovery	99c54662486d31297960a3186ded9478f435b809c85c0b3d7e2dbc66d87d4229
0x10004E74	0x10004F10	156	gx8002_dcache_clean_range	image_b_sram	Inferred	g2/docs/research/gx8002-backup-dcache-clean-range-verification.json: package 0x3D7B4; descriptive name from codec function recovery	adaa91018b37d1883aedf93ab6554cc8b925546060678850489730ada22de12a
0x100051C4	0x100051D8	20	gx8002_dma_bus_address	image_b_sram	Inferred	g2/docs/research/gx8002-backup-dma-bus-address-source-verification.json: package 0x3DB04; descriptive name from codec function recovery	22a19be1df03df328a8e3bbf47e67d3eb4d1cd9c129828b0f5ef134e5c6d0731
0x100051D8	0x100051EC	20	gx_analog_config_update_enable	image_b_sram|drivers_lib/misc/grus/misc.o	Strong	g2/docs/research/gx8002-upstream-object-candidates.json: package 0x3DB18; relocation-free SDK .text section match (NationalChip lvp_kws 8bf9ee5c)	c1da72101417bd2c7d587d0d26a6bb5dd7a3d079a4d5865936deaad5c8615215
0x1000588C	0x1000589C	16	gx_audio_in_set_i2s_clock	image_b_sram|drivers_lib/audio_in/v2.0/audio_in.o	Strong	g2/docs/research/gx8002-upstream-object-candidates.json: package 0x3E1CC; relocation-free SDK .text section match (NationalChip lvp_kws 8bf9ee5c) | also: gx8002-i2s-source-verification.json	858c741414657d172650adfb64f7b32d6efaf25d0a2783ee2448167d6ab7e9d2
0x1000589C	0x100058AC	16	gx_audio_in_set_i2sin_mode	image_b_sram|drivers_lib/audio_in/v2.0/audio_in.o	Strong	g2/docs/research/gx8002-upstream-object-candidates.json: package 0x3E1DC; relocation-free SDK .text section match (NationalChip lvp_kws 8bf9ee5c) | also: gx8002-i2s-source-verification.json	1591546bd5375552b7c3fe36e98f0962522ae12635cc90eb3fc1f7d10a2476a7
0x100058AC	0x100058BC	16	gx_audio_in_set_i2sout_mode	image_b_sram|drivers_lib/audio_in/v2.0/audio_in.o	Strong	g2/docs/research/gx8002-upstream-object-candidates.json: package 0x3E1EC; relocation-free SDK .text section match (NationalChip lvp_kws 8bf9ee5c) | also: gx8002-i2s-source-verification.json	8533e11fea8692b5ef1526a451cd7ac3636d88c7fb93c475c7784a63f4ea2ccc
0x10005AB4	0x10005AF6	66	gx_audio_in_set_logfbank_enable	image_b_sram|drivers_lib/audio_in/v2.0/audio_in.o	Strong	g2/docs/research/gx8002-upstream-object-candidates.json: package 0x3E3F4; relocation-free SDK .text section match (NationalChip lvp_kws 8bf9ee5c)	7ff95268532395108ac03720847ce90cdf69d0b8f49de2c9c3272c37a30cc2d2
0x10005AF8	0x10005B32	58	gx_audio_in_set_fftvad_w	image_b_sram|drivers_lib/audio_in/v2.0/audio_in.o	Strong	g2/docs/research/gx8002-upstream-object-candidates.json: package 0x3E438; relocation-free SDK .text section match (NationalChip lvp_kws 8bf9ee5c)	136644e1c4b87c67950fa1fa1610325939ee1abf65ee427c5458431199710731
0x10005B34	0x10005B66	50	gx_audio_in_set_fftvad_curve_1	image_b_sram|drivers_lib/audio_in/v2.0/audio_in.o	Strong	g2/docs/research/gx8002-vad-source-verification.json: package 0x3E474; relocation-free SDK .text section match (NationalChip lvp_kws 8bf9ee5c) | also: gx8002-upstream-object-candidates.json	783a901d8340c1b2096be8ab183b5cbd6d44013bcc70d268d9637298537c0eb6
0x10005B68	0x10005B9A	50	gx_audio_in_set_fftvad_curve_2	image_b_sram|drivers_lib/audio_in/v2.0/audio_in.o	Strong	g2/docs/research/gx8002-vad-source-verification.json: package 0x3E4A8; relocation-free SDK .text section match (NationalChip lvp_kws 8bf9ee5c) | also: gx8002-upstream-object-candidates.json	6fc1c7372b7286c9397e93b8297bf56efddead11acd9a9c9cad2628e3ade0bb3
0x10005BDC	0x10005C0E	50	gx_audio_in_set_fftvad_curve_4	image_b_sram|drivers_lib/audio_in/v2.0/audio_in.o	Strong	g2/docs/research/gx8002-vad-source-verification.json: package 0x3E51C; relocation-free SDK .text section match (NationalChip lvp_kws 8bf9ee5c) | also: gx8002-upstream-object-candidates.json	611ba1232a0451068d3e0504e267356f94a81fe3c2f573cc14a7641e14c36611
0x10005C10	0x10005C30	32	gx_audio_in_set_fftvad_curve_5	image_b_sram|drivers_lib/audio_in/v2.0/audio_in.o	Strong	g2/docs/research/gx8002-vad-source-verification.json: package 0x3E550; relocation-free SDK .text section match (NationalChip lvp_kws 8bf9ee5c) | also: gx8002-upstream-object-candidates.json	3aadaea377defb12ed521e13289008ec431f74b2a468a3d907c816256d8aa65c
0x10005C30	0x10005C7E	78	gx_audio_in_set_fftvad_chipping	image_b_sram|drivers_lib/audio_in/v2.0/audio_in.o	Strong	g2/docs/research/gx8002-upstream-object-candidates.json: package 0x3E570; relocation-free SDK .text section match (NationalChip lvp_kws 8bf9ee5c)	f365622108ead51d60e526edb9e14a19e3b87a1a764d5fcbe4d03f0976550561
0x10005C80	0x10005CAE	46	gx_audio_in_get_fftvad_state	image_b_sram|drivers_lib/audio_in/v2.0/audio_in.o	Strong	g2/docs/research/gx8002-upstream-object-candidates.json: package 0x3E5C0; relocation-free SDK .text section match (NationalChip lvp_kws 8bf9ee5c)	b458f2ca7861c9285f1fb271ccf03bbf8d2b010346424e01f172999fd7f677bb
0x10006270	0x10006294	36	gx8002_stage2_strcmp	uart_boot_stage2	Inferred	g2/docs/research/gx8002-stage2-libc-verification.json: package 0x062C0; descriptive name from codec function recovery | also: gx8002-backup-strlen-verification.json, gx8002-main-strlen-verification.json	90dbc680c495fc3c287b8a977f126add18808e3786e9a5a00daa2c8163ba375b
0x100062E0	0x100062FA	26	gx8002_stage2_strchr	uart_boot_stage2	Inferred	g2/docs/research/gx8002-stage2-libc-verification.json: package 0x06330; descriptive name from codec function recovery | also: gx8002-backup-strlen-verification.json, gx8002-main-strlen-verification.json	ab85ef2bdf620645e2accb724c5eac5682d82514020454d94deeeb29d35ddb10
0x100062FC	0x10006346	74	gx8002_stage2_strlen	uart_boot_stage2	Inferred	g2/docs/research/gx8002-stage2-libc-verification.json: package 0x0634C; descriptive name from codec function recovery | also: gx8002-backup-strlen-verification.json, gx8002-main-strlen-verification.json	e50dc29cc2485ae3a9ec64dce0f6b95824f18a0640dcf4dd0397c5241d3175aa
0x10006350	0x10006378	40	gx8002_stage2_strnlen	uart_boot_stage2	Inferred	g2/docs/research/gx8002-stage2-libc-verification.json: package 0x063A0; descriptive name from codec function recovery | also: gx8002-backup-strlen-verification.json, gx8002-main-strlen-verification.json	863a46266b1380c23cf55b739b924219b41bc0a9cb0ae09349b2f545b0e9865d
0x10007138	0x1000715C	36	gx8002_flash_interrupt	image_b_sram	Inferred	g2/docs/research/gx8002-backup-flash-interrupt-verification.json: package 0x3FA78; descriptive name from codec function recovery	5dd91592a665080e1a86cc2ce3b4b08d3bdd9d5e574c0646c017fafa87fd9e44
0x10007F80	0x10007FAC	44	gx8002_flash_protection_initialize	image_b_sram	Inferred	g2/docs/research/gx8002-backup-flash-protection-initialize-verification.json: package 0x408C0; descriptive name from codec function recovery	ca8077b8b9d945bcd2308cabf9b29bc7ab50ae8f09c3e48ebdc5fb74f7ad8b8f
0x10008048	0x10008064	28	gx_analog_set_pga_itrim	image_b_sram|drivers_lib/analog/adc.o	Strong	g2/docs/research/gx8002-upstream-object-candidates.json: package 0x40988; relocation-free SDK .text section match (NationalChip lvp_kws 8bf9ee5c) | also: gx8002-analog-source-verification.json	0504969ffa98417f5c5517561d2a85745f13e55cf70fb9c821c00833ec1f404c
0x10008064	0x1000807C	24	gx_analog_set_pga_bypass	image_b_sram|drivers_lib/analog/adc.o	Strong	g2/docs/research/gx8002-upstream-object-candidates.json: package 0x409A4; relocation-free SDK .text section match (NationalChip lvp_kws 8bf9ee5c) | also: gx8002-analog-source-verification.json	9588bb951cdc852bb57d5dce0258f46e3770ae01ee4de4fabff821311d778677
0x1000807C	0x10008094	24	gx_analog_set_pga_enable	image_b_sram|drivers_lib/analog/adc.o	Strong	g2/docs/research/gx8002-upstream-object-candidates.json: package 0x409BC; relocation-free SDK .text section match (NationalChip lvp_kws 8bf9ee5c) | also: gx8002-analog-source-verification.json	9ecf90c5e330510a3b7fd46427377d69825f27ce3470890d195127ba87811ab6
0x10008094	0x100080AC	24	gx_analog_set_adc_sample_clk_sel	image_b_sram|drivers_lib/analog/adc.o	Strong	g2/docs/research/gx8002-upstream-object-candidates.json: package 0x409D4; relocation-free SDK .text section match (NationalChip lvp_kws 8bf9ee5c) | also: gx8002-analog-source-verification.json	0ca0f7ec2e7307b2d2ff0df8be2f83d6f4c2f89807e84d8dcba55b305bf7c51a
0x100080AC	0x100080C4	24	gx_analog_set_adc_out_at_clk	image_b_sram|drivers_lib/analog/adc.o	Strong	g2/docs/research/gx8002-upstream-object-candidates.json: package 0x409EC; relocation-free SDK .text section match (NationalChip lvp_kws 8bf9ee5c) | also: gx8002-analog-source-verification.json	251065a85d7363ccb14196fcd89c02e857c9eb0c33808be02523c8bf20dcf238
0x100080C4	0x100080DC	24	gx_analog_set_adc_in_sel	image_b_sram|drivers_lib/analog/adc.o	Strong	g2/docs/research/gx8002-upstream-object-candidates.json: package 0x40A04; relocation-free SDK .text section match (NationalChip lvp_kws 8bf9ee5c) | also: gx8002-analog-source-verification.json	9d4e9e34537119eb017c8fbc6ec0ff7b2db0471813ebc37af0c77f3834e77156
0x100080DC	0x100080F4	24	gx_analog_set_adc_rstn	image_b_sram|drivers_lib/analog/adc.o	Strong	g2/docs/research/gx8002-upstream-object-candidates.json: package 0x40A1C; relocation-free SDK .text section match (NationalChip lvp_kws 8bf9ee5c) | also: gx8002-analog-source-verification.json	9b6101eb3e3da0c27405540923b4982d883d813f1628ce45c4f33bd15ff0d64b
0x10008134	0x10008154	32	gx_analog_get_ldo_dig_ctrl	image_b_sram|drivers_lib/analog/ldo.o	Strong	g2/docs/research/gx8002-upstream-object-candidates.json: package 0x40A74; relocation-free SDK .text section match (NationalChip lvp_kws 8bf9ee5c)	fa5155928dd3e4e3faf0858b9e8764d926784818c15c0ae53a53e7bfd8925d0c
0x10008218	0x1000827C	100	gx8002_spi_register_master	image_b_sram	Inferred	g2/docs/research/gx8002-backup-spi-register-master-verification.json: package 0x40B58; descriptive name from codec function recovery	368424a00fa3335ceba6ca7a7b3050c8bd67d3055512414472aa962cef5780e7
0x10008288	0x100082A8	32	spi_master_irq_handler	image_b_sram|drivers_lib/spi/dw_spi/spi_master_v3.o	Strong	g2/docs/research/gx8002-upstream-object-candidates.json: package 0x40BC8; relocation-free SDK .text section match (NationalChip lvp_kws 8bf9ee5c)	41f80726223e7f56079c5563cb09ecbf36cbb098a9c2c2ceff98be9dcb9f83f7
0x1000829C	0x100082AF	19	gx8002_uart_boot_stage2_str_cpu_exception	uart_boot_stage2	Inferred	g2/docs/research/gx8002-uart-boot-stage2-diagnostics-verification.json: package 0x082EC; descriptive name from codec function recovery	f57c5167b078ae93437f3c211f1cea0b3c6fdaf1a966e8bab4befb83879fa8e2
0x100082B0	0x100082BC	12	gx8002_uart_boot_stage2_str_vreg_dump	uart_boot_stage2	Inferred	g2/docs/research/gx8002-uart-boot-stage2-diagnostics-verification.json: package 0x08300; descriptive name from codec function recovery	778a5f329cc01686ee95df1af5307f96cd51d507f0f0fa5efaa04e813549014e
0x100082BC	0x100082C7	11	gx8002_uart_boot_stage2_str_reg_dump	uart_boot_stage2	Inferred	g2/docs/research/gx8002-uart-boot-stage2-diagnostics-verification.json: package 0x0830C; descriptive name from codec function recovery	e6962169a876feacda450a4f07dc9908d1fad51c1ff636b94bbb0c5da15f9df8
0x100082C8	0x100082D3	11	gx8002_uart_boot_stage2_str_epsr	uart_boot_stage2	Inferred	g2/docs/research/gx8002-uart-boot-stage2-diagnostics-verification.json: package 0x08318; descriptive name from codec function recovery	fa86ba3cc387097c2ae4dfac216d11808431afc07cf86a02a6e469c715337473
0x100082D4	0x100082DF	11	gx8002_uart_boot_stage2_str_epc	uart_boot_stage2	Inferred	g2/docs/research/gx8002-uart-boot-stage2-diagnostics-verification.json: package 0x08324; descriptive name from codec function recovery	0e5dac78a1010622a0b016d2343f4c50ef28a9b952ef01052cc524614eb829d2
0x100082FC	0x1000830F	19	gx8002_uart_boot_stage2_str_pin_set_error	uart_boot_stage2	Inferred	g2/docs/research/gx8002-uart-boot-stage2-diagnostics-verification.json: package 0x0834C; descriptive name from codec function recovery	fc3593e36a7a9cd7d4808b060ce2860d460fcbc907880c78dbe900908bd2898f
0x10008800	0x10008810	16	gx_rtc_start_tick	image_b_sram|drivers_lib/rtc/dw_rtc.o	Strong	g2/docs/research/gx8002-upstream-object-candidates.json: package 0x41140; relocation-free SDK .text section match (NationalChip lvp_kws 8bf9ee5c)	2849ebfb203d08c3291de5f818fe078b7eec290bee0c186a3c0048244dc48ae5
0x10009998	0x100099BC	36	gx8002_strncmp	image_b_sram	Inferred	g2/docs/research/gx8002-backup-strncmp-verification.json: package 0x422D8; descriptive name from codec function recovery	cb3bf5de687857dc08f7181dd05a8c37dd2d2de433bbbd808e13e0d167a2af95
0x100099BC	0x100099D4	24	gx8002_stage2_strlen	image_b_sram	Inferred	g2/docs/research/gx8002-backup-strlen-verification.json: package 0x422FC; descriptive name from codec function recovery	8939dcbf7367e222394bdc357b912ca2be781d3bfe62a94d5bac0fc865b69dd0
0x10009EC0	0x10009F08	72	gx8002_mic_frame	image_b_sram	Inferred	g2/docs/research/gx8002-backup-mic-frame-verification.json: package 0x42800; descriptive name from codec function recovery	f1f30a50bb5138bc34fb9daa835707258a54d5f03d2a13780bf6dd13e2630396
0x1000EF64	0x1000EFD2	110	gx8002_backup_rfft	image_b_sram	Inferred	g2/docs/research/gx8002-backup-rfft-source-verification.json: package 0x478A4; descriptive name from codec function recovery	6bbbc7fc86c0223998e48e5fc6e411810f6b4e4925954679d221a60dcbe84f54
0x1000F1D4	0x1000F26A	150	gx8002_backup_cfft	image_b_sram	Inferred	g2/docs/research/gx8002-backup-cfft-source-verification.json: package 0x47B14; descriptive name from codec function recovery	40635fee80f21da92d13d12f1ee5acdd98dfbe2f695eea96ac1859dafd5af47f
0x1001295C	0x100129F0	148	gx8002_platform_gate_switches	image_b_sram	Inferred	g2/docs/research/gx8002-backup-platform-gate-source-verification.json: package 0x4B29C; descriptive name from codec function recovery	eb5172991b4d8194e66afe4b54c8755575bc4bb4e602b8f1a1e3eef53ebbdd54
0x100129F0	0x10012A3C	76	gx8002_clock_frequency_switch	image_b_sram	Inferred	g2/docs/research/gx8002-backup-clock-frequency-source-verification.json: package 0x4B330; descriptive name from codec function recovery	64c13c2fa763a0c0673b617b19e93c2dd05f8ae69ba915e039136f809b85786e
0x10012A64	0x10012A8C	40	gx8002_platform_read_switch	image_b_sram	Inferred	g2/docs/research/gx8002-backup-platform-read-source-verification.json: package 0x4B3A4; descriptive name from codec function recovery	3bc72af3aa109d69468ea65025d60244714d037645b73d2106938ba2eb7e6a0b
0x1001699C	0x10016B3C	416	gx_clock_param_table	image_b_sram	Inferred	g2/docs/research/gx8002-backup-clock-lookup-source-verification.json: package 0x4F2DC; descriptive name from codec function recovery	81bd4f742fa21f20e11836d732d1d5912e00e04632b8c749964c815720fe0620
0x10016B3C	0x10016B3F	3	gx_clock_dto_table	image_b_sram	Inferred	g2/docs/research/gx8002-backup-clock-lookup-source-verification.json: package 0x4F47C; descriptive name from codec function recovery	8afc4015a949d5a6b999c54ff00213eae3978f3f3a23a1324a9d9f5d445e6e4b
0x10016B40	0x10016B84	68	gx_clock_div_table	image_b_sram	Inferred	g2/docs/research/gx8002-backup-clock-lookup-source-verification.json: package 0x4F480; descriptive name from codec function recovery	86623e872da26977fb2b01bc5f0f31d4db01c077db4fdd565d108e22658f8872
0x10023400	0x10023500	256	gx8002_application_vectors_vectors	image_a_sram	Inferred	g2/docs/research/gx8002-application-vectors-source-verification.json: package 0x15414; descriptive name from codec function recovery	d0d1997111e51a07aa63535beffd7d3a0de741c39cd9915aed1ac87b6b978f1a
0x10023500	0x10023528	40	gx8002_reset_entry	image_a_sram	Inferred	g2/docs/research/gx8002-reset-entry-verification.json: package 0x15514; descriptive name from codec function recovery	9fb7304cee7e70154b75908d044b5945863004400d46aab96c7d3ddef53457e9
0x10023528	0x1002354C	36	gx8002_clear_bss	image_a_sram	Inferred	g2/docs/research/gx8002-clear-bss-verification.json: package 0x1553C; descriptive name from codec function recovery	17c9483b95318eeda4dc5cf091f4da86cd71036229c39d83b2e524270268fcbc
0x1002354C	0x100235F0	164	gx8002_system_initialize	image_a_sram	Inferred	g2/docs/research/gx8002-system-initialize-verification.json: package 0x15560; descriptive name from codec function recovery	62c4d0c35d024dd5b02bebb9753fb884f5e653ed8971a1b2bf2c66a1cce46995
0x100235F0	0x100235FC	12	trap_c	image_a_sram	Inferred	g2/docs/research/gx8002-exception-source-verification.json: package 0x15604; descriptive name from codec function recovery	f8ec967d03ef9eeaafb922734982c0f90f3a3a6929301dff1b2371efe1f61cd9
0x100235FC	0x1002364C	80	trap	image_a_sram	Inferred	g2/docs/research/gx8002-exception-source-verification.json: package 0x15610; descriptive name from codec function recovery	5ba30b8f517d90ef1b6a2fe5bd589015668a3229d00f0c17677ef73da547fcf9
0x1002364C	0x1002365C	16	wait_bus_ready	image_a_sram|drivers_lib/mtd/spinor/flash_spi.o	Strong	g2/docs/research/gx8002-upstream-object-candidates.json: package 0x15660; relocation-free SDK .text section match (NationalChip lvp_kws 8bf9ee5c) | also: gx8002-flash-transport-verification.json	4c69925f75f82a665d3f637a6b5e93397488e1ae4279ebb5716c9349bc6c0319
0x1002365C	0x10023670	20	gx8002_spi_wait_rx_empty	image_a_sram	Inferred	g2/docs/research/gx8002-flash-transport-verification.json: package 0x15670; descriptive name from codec function recovery	da93999fca646e1b9e017846bc7f2eb1b674b3d4bbbde58655b21638e5e06a1f
0x10023670	0x10023684	20	gx8002_spi_wait_tx_empty	image_a_sram	Inferred	g2/docs/research/gx8002-flash-transport-verification.json: package 0x15684; descriptive name from codec function recovery	ec144e2f4506e7013b5a249fd1ef46b01de8e8ba1809c5b6bdbf27b5cd2c317e
0x10023684	0x100236DC	88	gx8002_flash_command_read	image_a_sram	Inferred	g2/docs/research/gx8002-flash-transport-verification.json: package 0x15698; descriptive name from codec function recovery	f0d8c693bf72ba26eb9a556639f6402d0753f5be529c78f6d7ac0ec466c78acd
0x100236DC	0x10023734	88	gx8002_flash_command_write	image_a_sram	Inferred	g2/docs/research/gx8002-flash-transport-verification.json: package 0x156F0; descriptive name from codec function recovery	4b27605a5582c72731e335ff64fc3486ef2381ffd5273eb4a245792e710bd893
0x10023734	0x1002374C	24	gx8002_flash_read_status	image_a_sram	Inferred	g2/docs/research/gx8002-flash-status-verification.json: package 0x15748; descriptive name from codec function recovery	5a6fd6b420a62e8103f4c9f571817e7d10e87ea18e8676dd802a4b5fda0187f4
0x1002374C	0x1002375C	16	gx8002_flash_write_enable	image_a_sram	Inferred	g2/docs/research/gx8002-flash-status-verification.json: package 0x15760; descriptive name from codec function recovery	00395533c33256f30d9c6d109fae92144ce5dbea5f9c8f59a4b055adbda91faa
0x1002375C	0x10023770	20	gx8002_flash_wait_ready	image_a_sram	Inferred	g2/docs/research/gx8002-flash-status-verification.json: package 0x15770; descriptive name from codec function recovery	da9def7696fa153d078ae1e8e72909680bdab5a7b7b53ab315acae637aa3a1cd
0x10023770	0x10023788	24	gx8002_flash_read_status2	image_a_sram	Inferred	g2/docs/research/gx8002-flash-status-verification.json: package 0x15784; descriptive name from codec function recovery	a0b72a9156f77b7b33839fc353889b14eda0a2f7fed20077503f3099ae056898
0x10023788	0x1002381C	148	gx8002_flash_word_program	image_a_sram	Inferred	g2/docs/research/gx8002-flash-word-io-verification.json: package 0x1579C; descriptive name from codec function recovery	be18b7b02f87f30a0764579e601378346ad717cffb02d41b415e264278e5c249
0x1002381C	0x10023858	60	gx8002_flash_read	image_a_sram	Inferred	g2/docs/research/gx8002-flash-read-verification.json: package 0x15830; descriptive name from codec function recovery	c7bf772295ce4ab80a4992372a49adae71e42c27347111db8a49d8f189bbb8ee
0x10023858	0x100238A4	76	gx8002_flash_getinfo	image_a_sram	Inferred	g2/docs/research/gx8002-flash-info-verification.json: package 0x1586C; descriptive name from codec function recovery	805929904a8a1c22b6e40e10c38f99d4c69b100b04f9bc0854dd9954a5b27662
0x100238A4	0x100238EC	72	gx8002_flash_block_bounds	image_a_sram	Inferred	g2/docs/research/gx8002-flash-block-range-verification.json: package 0x158B8; descriptive name from codec function recovery	1fa392603672e33b9a5d5df61603f323c177640a511d9eb7b703a6af3daa37fa
0x100238EC	0x10023980	148	gx8002_flash_write_protect_status	image_a_sram	Inferred	g2/docs/research/gx8002-flash-protection-verification.json: package 0x15900; descriptive name from codec function recovery	97bb92c3e2b3a750692363a88751841fe6a374acb94800b26596a0a4feed0ae4
0x10023980	0x100239A4	36	gx8002_flash_write_protect_mode	image_a_sram	Inferred	g2/docs/research/gx8002-flash-protection-verification.json: package 0x15994; descriptive name from codec function recovery	457cef6d95b3b74af2716f01f99ddde03daa4ddf876e6d1a567718c0b797aef2
0x100239A4	0x10023A70	204	gx8002_flash_write_protect_set	image_a_sram	Inferred	g2/docs/research/gx8002-flash-protection-set-verification.json: package 0x159B8; descriptive name from codec function recovery	eae41a83ed8ef385909aba717e08b590e0e7bc3bf0185b358fa090ff02551bcc
0x10023A70	0x10023A80	16	gx8002_flash_write_protect_lock	image_a_sram	Inferred	g2/docs/research/gx8002-flash-protection-set-verification.json: package 0x15A84; descriptive name from codec function recovery	86cb4eafd163a2374fa942ae8d43c2c14507cc68c7db46a0104f35db1820d3b0
0x10023A80	0x10023A90	16	gx8002_flash_write_protect_unlock	image_a_sram	Inferred	g2/docs/research/gx8002-flash-protection-set-verification.json: package 0x15A94; descriptive name from codec function recovery	c7806e43d6d54db8118a11793c200a3b85dae2f6c4bf5cbd9aa961c929ef4d1c
0x10023A90	0x10023AB8	40	gx8002_flash_block_range	image_a_sram	Inferred	g2/docs/research/gx8002-flash-block-range-verification.json: package 0x15AA4; descriptive name from codec function recovery	15a83d9cc821774d969c108b421ee6e99434f8b53ab4d994a573435e617d799a
0x10023AB8	0x10023AC0	8	gx8002_flash_sync	image_a_sram	Inferred	g2/docs/research/gx8002-flash-block-range-verification.json: package 0x15ACC; descriptive name from codec function recovery	2afd8af3a1d9df086a34790fe77639d14904b1a98ebda850ab7b86a2eebbae94
0x10023AC0	0x10023ADE	30	flash_spi_irq_handler	image_a_sram|drivers_lib/mtd/spinor/flash_spi.o	Strong	g2/docs/research/gx8002-upstream-object-candidates.json: package 0x15AD4; relocation-free SDK .text section match (NationalChip lvp_kws 8bf9ee5c) | also: gx8002-flash-interrupt-verification.json	ab520a77dc7d13531ad21903f54787821f9aebd96901816471921c92ee4f4d12
0x10023AE0	0x10023B24	68	gx8002_flash_otp_status	image_a_sram	Inferred	g2/docs/research/gx8002-flash-otp-status-verification.json: package 0x15AF4; descriptive name from codec function recovery	216f92fca5c34275ae34babec754555ff630d4e8d8d0cff5a7469925ee4a22e8
0x10023B24	0x10023B38	20	gx8002_flash_otp_get_region	image_a_sram	Inferred	g2/docs/research/gx8002-flash-otp-region-verification.json: package 0x15B38; descriptive name from codec function recovery	22ecdbf5a23aa230e9da463f83e5a8d59046f4cdcbf7ab0b3a20b3090643cefa
0x10023B38	0x10023B60	40	gx8002_flash_otp_set_region	image_a_sram	Inferred	g2/docs/research/gx8002-flash-otp-region-verification.json: package 0x15B4C; descriptive name from codec function recovery	f3139410b6d298527bb2f0886f38d0f98397aa27867fc20bcf2e757e49006273
0x10023B60	0x10023B78	24	gx8002_flash_otp_get_current_region	image_a_sram	Inferred	g2/docs/research/gx8002-flash-otp-region-verification.json: package 0x15B74; descriptive name from codec function recovery	c6fb9b88744b27117469a3a10ebde6d0d8b96e28e95c265e63a0f444ba60abfb
0x10023B78	0x10023B8C	20	gx8002_flash_otp_get_region_size	image_a_sram	Inferred	g2/docs/research/gx8002-flash-otp-region-verification.json: package 0x15B8C; descriptive name from codec function recovery	b5efb0f67d08e6e62b466ef4ebe983f19435efeb2a5a9c00071f7b705dad3f49
0x10023B8C	0x10023BD6	74	sflash_addr2cmd.isra.0	image_a_sram|drivers_lib/mtd/spinor/flash_spi.o	Strong	g2/docs/research/gx8002-upstream-object-candidates.json: package 0x15BA0; relocation-free SDK .text section match (NationalChip lvp_kws 8bf9ee5c) | also: gx8002-flash-address-verification.json	4d5d927026b1c416ea250df868598b8fe142b5283122a118d4b2631552660b12
0x10023BD8	0x10023C34	92	gx8002_flash_otp_erase	image_a_sram	Inferred	g2/docs/research/gx8002-flash-otp-erase-verification.json: package 0x15BEC; descriptive name from codec function recovery	e782de868dcccf166a291028909cb8fcd96123e8fc46d359031ba5e1ebda0070
0x10023C34	0x10023CAC	120	gx8002_flash_page_program	image_a_sram	Inferred	g2/docs/research/gx8002-flash-page-program-verification.json: package 0x15C48; descriptive name from codec function recovery	c46499396b343fc51827d8304a39ef67c40944479e3359cc458e974aa2ba4830
0x10023CAC	0x10023D58	172	gx8002_flash_word_read	image_a_sram	Inferred	g2/docs/research/gx8002-flash-word-io-verification.json: package 0x15CC0; descriptive name from codec function recovery	2e3d55ca7b64baeb5fb5e7473e3209fd0ec68a745926a0a16d58056a19f0983b
0x10023D58	0x10023E00	168	gx8002_flash_erase	image_a_sram	Inferred	g2/docs/research/gx8002-flash-erase-verification.json: package 0x15D6C; descriptive name from codec function recovery	dc03e0f5c0e0df1265f255bf2e71032f46a72662c2c17caf89a16af1a53da552
0x10023E00	0x10023E14	20	gx8002_flash_chip_erase	image_a_sram	Inferred	g2/docs/research/gx8002-flash-erase-verification.json: package 0x15E14; descriptive name from codec function recovery	b5ac9a7d7886f0e79976f0aa6a7903c5db5a604048427ad847c56f16d7222cf1
0x10023E14	0x10023EB8	164	gx8002_flash_otp_transmit	image_a_sram	Inferred	g2/docs/research/gx8002-flash-otp-transmit-verification.json: package 0x15E28; descriptive name from codec function recovery	203ede9b613cdfeb84d37ff42870c12bba79778c9120422d054bb10f07d6b1d6
0x10023EB8	0x10023FA4	236	gx8002_flash_otp_write	image_a_sram	Inferred	g2/docs/research/gx8002-flash-otp-write-verification.json: package 0x15ECC; descriptive name from codec function recovery	ba7e228cc4b0d276e399fa0bd3692ef8666d3d465a8f1123154a69adf59dc82d
0x10023FA4	0x10024104	352	gx8002_flash_otp_read	image_a_sram	Inferred	g2/docs/research/gx8002-flash-otp-read-verification.json: package 0x15FB8; descriptive name from codec function recovery	5a5cccbff4a5657fb6e07c899eb2da9a2da7538af5714da0f3336f61e907593b
0x10024104	0x10024190	140	gx8002_flash_uid_read	image_a_sram	Inferred	g2/docs/research/gx8002-flash-uid-read-verification.json: package 0x16118; descriptive name from codec function recovery	70fbfe5421d4fc51be175989353ef8ede2ceb71e81e44df83d17035fd152b23a
0x10024190	0x10024244	180	gx8002_flash_discover	image_a_sram	Inferred	g2/docs/research/gx8002-flash-discover-verification.json: package 0x161A4; descriptive name from codec function recovery	21c71179b64878c0dcec20bc69ff18b9cc54c2460ca20cf2bb23c509c79f933a
0x10024244	0x10024250	12	gx8002_flash_gettype	image_a_sram	Inferred	g2/docs/research/gx8002-flash-info-verification.json: package 0x16258; descriptive name from codec function recovery	c142502ff3114f03c5ce206749fe46a76ad51944285e2228d7744cb1a6ce70c9
0x10024250	0x100242B4	100	gx8002_flash_otp_lock	image_a_sram	Inferred	g2/docs/research/gx8002-flash-otp-lock-verification.json: package 0x16264; descriptive name from codec function recovery	6177b2cd3ed83808cf801361535b19d40020a8bb41d96c821de7e995f7b51812
0x100242B4	0x100242EC	56	gx8002_flash_quad_enable	image_a_sram	Inferred	g2/docs/research/gx8002-flash-quad-verification.json: package 0x162C8; descriptive name from codec function recovery	8eecff182409e0e973db4a75e27c2422f6b7f7118ffc45072ad6f012a2cea514
0x100242EC	0x10024330	68	gx8002_flash_device_config	image_a_sram	Inferred	g2/docs/research/gx8002-flash-device-verification.json: package 0x16300; descriptive name from codec function recovery	3ad3bf5f20af5ace8818df4ec378fc6b5e9bac922ea6855000c280bbb83f461c
0x10024330	0x1002436C	60	gx8002_flash_quad_enable_pair	image_a_sram	Inferred	g2/docs/research/gx8002-flash-quad-verification.json: package 0x16344; descriptive name from codec function recovery	e6ff89252d68f407ddfb09b1a7a27286f72519ee94158c769ba6a81b48daed2c
0x1002436C	0x1002443A	206	gx_xip_init	image_a_sram|drivers_lib/mtd/spinor/flash_spi.o	Strong	g2/docs/research/gx8002-upstream-object-candidates.json: package 0x16380; relocation-free SDK .text section match (NationalChip lvp_kws 8bf9ee5c) | also: gx8002-flash-xip-verification.json	1a407948499095b37aa2686a67d2617510a0d94179b3e1dfee37f4ac91bda3df
0x1002443C	0x100245F0	436	flash_interface_initialize	image_a_sram	Inferred	g2/docs/research/gx8002-flash-interface-initialize-verification.json: package 0x16450; descriptive name from codec function recovery	2fb1c794c4ade08b73a094cf60e50cc2123615636e76fd392d29c8360ad0a3ad
0x100245F0	0x100246C0	208	gx8002_flash_initialize	image_a_sram	Inferred	g2/docs/research/gx8002-flash-initialize-verification.json: package 0x16604; descriptive name from codec function recovery	e7964a9538832bff1cbcbb2033e6fab9e08aad28361703599387b359d395d7e7
0x100246C0	0x100246C4	4	configuration.0	image_a_sram	Inferred	g2/docs/research/gx8002-flash-initialize-verification.json: package 0x166D4; descriptive name from codec function recovery	7252d7e8d0a2588064aca36b76f30dab1f4b9e0a42bfcc3660c73829562d8209
0x100246C4	0x100246F0	44	gx8002_flash_protection_initialize	image_a_sram	Inferred	g2/docs/research/gx8002-flash-protection-initialize-verification.json: package 0x166D8; descriptive name from codec function recovery	2861894f4c8650211442e65d204df23242894deb5d6b60ea7f24978d6a3614af
0x100246F0	0x10024710	32	gx_analog_set_ldo_ana_voltage	image_a_sram|drivers_lib/analog/ldo.o	Strong	g2/docs/research/gx8002-upstream-object-candidates.json: package 0x16704; relocation-free SDK .text section match (NationalChip lvp_kws 8bf9ee5c) | also: gx8002-analog-ldo-verification.json, gx8002-analog-voltage-source-verification.json	1821e235b0f31e6c05e200cbc729d31394f18e843d259df67fc9baa6d07b936c
0x10024710	0x10024730	32	gx_analog_get_ldo_dig_ctrl	image_a_sram|drivers_lib/analog/ldo.o	Strong	g2/docs/research/gx8002-upstream-object-candidates.json: package 0x16724; relocation-free SDK .text section match (NationalChip lvp_kws 8bf9ee5c) | also: gx8002-digital-control-source-verification.json	fa5155928dd3e4e3faf0858b9e8764d926784818c15c0ae53a53e7bfd8925d0c
0x10024730	0x1002475C	44	gx8002_digital_voltage	image_a_sram	Inferred	g2/docs/research/gx8002-digital-voltage-source-verification.json: package 0x16744; descriptive name from codec function recovery	a5c2d9e2bbd1fc60f43afbed620510ccac0546aa4fa3b56b38c216aeb545824f
0x1002475C	0x100247B8	92	gx8002_flash_probe	image_a_sram	Inferred	g2/docs/research/gx8002-flash-probe-source-verification.json: package 0x16770; descriptive name from codec function recovery	32248dd728b3c4aab8aeaa4abfbbd1e0be5d04347a4962dd7d0b9ee39ecb8a11
0x100247B8	0x100247D4	28	gx_spi_flash_readdata	image_a_sram|drivers_lib/mtd/flash.o	Strong	g2/docs/research/gx8002-upstream-object-candidates.json: package 0x167CC; relocation-free SDK .text section match (NationalChip lvp_kws 8bf9ee5c) | also: gx8002-flash-read-api-source-verification.json	85ae492bd3b93c8f068d5d89b83ede1fffc397b42ed89db9b193fccfe039e90d
0x100247D4	0x100247E0	12	gx8002_flash_type_api	image_a_sram	Inferred	g2/docs/research/gx8002-flash-type-api-source-verification.json: package 0x167E8; descriptive name from codec function recovery	f2487502c3ddeda0d0a6d87d02f6b124d62e2463b0f94a6fee81db2d623431d7
0x100247E0	0x100247F4	20	gx_spi_flash_getinfo	image_a_sram|drivers_lib/mtd/flash.o	Strong	g2/docs/research/gx8002-upstream-object-candidates.json: package 0x167F4; relocation-free SDK .text section match (NationalChip lvp_kws 8bf9ee5c) | also: gx8002-flash-info-api-source-verification.json	b913c40c4ea8d8df6cf7810eb30c67ffa6802e2545eceac14b3f1f088da231e7
0x100247F4	0x10024810	28	gx_spi_flash_otp_read	image_a_sram|drivers_lib/mtd/flash.o	Strong	g2/docs/research/gx8002-upstream-object-candidates.json: package 0x16808; relocation-free SDK .text section match (NationalChip lvp_kws 8bf9ee5c) | also: gx8002-flash-otp-read-api-source-verification.json	c8be8af45b0ab29c2fc327a076328c760a9a06c5608363b2b1583008294b13ae
0x10024810	0x100248CC	188	gx8002_platform_read	image_a_sram	Inferred	g2/docs/research/gx8002-platform-read-source-verification.json: package 0x16824; descriptive name from codec function recovery	4d6b0b3123da30ddbec997052c5a7b3fa54e69695774665a5217b961426f578c
0x100248CC	0x10024940	116	gx8002_otp_lowpower_enter	image_a_sram	Inferred	g2/docs/research/gx8002-otp-lowpower-enter-source-verification.json: package 0x168E0; descriptive name from codec function recovery	a24db72fbd2264608192d58c337a2e3bd10e12f40928c73b4e52997119feb3b3
0x10024940	0x10024982	66	gx_pmu_get_wakeup_source	image_a_sram|drivers_lib/pmu/pmu_ctrl.o	Strong	g2/docs/research/gx8002-upstream-object-candidates.json: package 0x16954; relocation-free SDK .text section match (NationalChip lvp_kws 8bf9ee5c) | also: gx8002-start-mode-verification.json	83cec030e43b5afd872bd533beea61e86c5cede6318d1d17b004558c201c2446
0x10024984	0x100249A4	32	gx8002_start_mode	image_a_sram	Inferred	g2/docs/research/gx8002-start-mode-verification.json: package 0x16998; descriptive name from codec function recovery	c26a91647632325394cc0fdba161a80beca25f6dcaddb0fefb9f4e46de09d1a6
0x100249A4	0x100249CC	40	platform_config_dispatch_table	image_a_sram	Inferred	g2/docs/research/gx8002-platform-config-verification.json: package 0x169B8; descriptive name from codec function recovery	83890dd848a94351156e5f91a0c3f1540e65343545303002588ee05e8c526e5d
0x100249CC	0x100249F4	40	gx8002_platform_read_platform_read	image_a_sram	Inferred	g2/docs/research/gx8002-platform-read-source-verification.json: package 0x169E0; descriptive name from codec function recovery	16a981f70b802159ee35d8001c92fd7b7f74dad741857c22810ba6acf4b828a5
0x100249F4	0x10024A0A	22	gx8002_flash_otp_configuration_otp_error	image_a_sram	Inferred	g2/docs/research/gx8002-flash-otp-configuration-source-verification.json: package 0x16A08; descriptive name from codec function recovery	b3586d06a1dc876fb5451e0ed0bf073c1b75284815d5d6cb00e7ef20b51c237b
0x10024A0A	0x10024A10	6	gx8002_flash_otp_configuration_otp_signature	image_a_sram	Inferred	g2/docs/research/gx8002-flash-otp-configuration-source-verification.json: package 0x16A1E; descriptive name from codec function recovery	b421a0768e6df358474f6c19477a6e0e66195e8aeb6fd75bbca804c224579b8a
0x10024A10	0x10024A1C	12	gx8002_trim_clock_enable	image_a_sram	Inferred	g2/docs/research/gx8002-trim-clock-enable-source-verification.json: package 0x16A24; descriptive name from codec function recovery	f3489e719a3bfefdd61067c507667a5c1f2eaef4faaa834ea6a27bca96f9b8ab
0x10024A1C	0x10024A30	20	gx8002_trim_state	image_a_sram	Inferred	g2/docs/research/gx8002-trim-state-source-verification.json: package 0x16A30; descriptive name from codec function recovery	d275387154e12ae3c52ce9739aa743ffddaf50e4eada56cc19e541373a018193
0x10024A30	0x10024A42	18	__reg_set_val	image_a_sram|drivers_lib/clock/v2.0/clock.o	Strong	g2/docs/research/gx8002-upstream-object-candidates.json: package 0x16A44; relocation-free SDK .text section match (NationalChip lvp_kws 8bf9ee5c) | also: gx8002-clock-source-select-source-verification.json	e2046581f41222befb24ceaa43d1781b3656b996b9ad822fcb8b778994f331a7
0x10024A44	0x10024AE8	164	__module_get_info	image_a_sram	Inferred	g2/docs/research/gx8002-clock-source-verification.json: package 0x16A58; descriptive name from codec function recovery	c885a50be5de150cc7dd0c1c90182a285d028b5f379f6ab15cad6da07f24b055
0x10024AE8	0x10024B04	28	__module_get_div.isra.1	image_a_sram|drivers_lib/clock/v2.0/clock.o	Strong	g2/docs/research/gx8002-upstream-object-candidates.json: package 0x16AFC; relocation-free SDK .text section match (NationalChip lvp_kws 8bf9ee5c) | also: gx8002-clock-divider-verification.json	12ef96242448f65f16211ffa85d455f2beba409320f72f8e2f2779d277470c4a
0x10024B04	0x10024BCC	200	_clk_set_pll	image_a_sram|drivers_lib/clock/v2.0/clock.o	Strong	g2/docs/research/gx8002-upstream-object-candidates.json: package 0x16B18; relocation-free SDK .text section match (NationalChip lvp_kws 8bf9ee5c) | also: gx8002-clock-pll-source-verification.json	0dc30f20fbf53ce7a9257da39be67b726c4cbabdb419590338c02a4615d35d25
0x10024BCC	0x10024BE0	20	gx8002_clock_source_select	image_a_sram	Inferred	g2/docs/research/gx8002-clock-source-select-source-verification.json: package 0x16BE0; descriptive name from codec function recovery	390a8be62e73d098ca9e860d1f5b708fc57d081ce047815c999afe94523054f1
0x10024BE0	0x10024D70	400	gx8002_clock_module_source_fixed	image_a_sram	Inferred	g2/docs/research/gx8002-clock-module-source-fixed-source-verification.json: package 0x16BF4; descriptive name from codec function recovery	cf4ba169713b50cb4649125379797a1fcb7d91ea61a35c7d5eff349aac34058b
0x10024D70	0x10024DF8	136	gx8002_clock_module_query	image_a_sram	Inferred	g2/docs/research/gx8002-clock-module-query-source-verification.json: package 0x16D84; descriptive name from codec function recovery	d07b9949792675cac401dcddcdb72462049ced94b51c4cbc873d825933f7340b
0x10024DF8	0x10024F44	332	gx8002_clock_module_divider_set	image_a_sram	Inferred	g2/docs/research/gx8002-clock-module-divider-set-source-verification.json: package 0x16E0C; descriptive name from codec function recovery	43b2c5f877f9adfb1971fae96b0a317e954527f6264b4785105c741854bed08b
0x10024F44	0x1002500C	200	gx8002_clock_module_dto_set	image_a_sram	Inferred	g2/docs/research/gx8002-clock-module-dto-set-source-verification.json: package 0x16F58; descriptive name from codec function recovery	23b2fb6dfed6411b2e7a06fc679616588b9f61928213f54b9ccd31613ae19475
0x1002500C	0x10025060	84	gx8002_clock_pll_wait_timeout	image_a_sram	Inferred	g2/docs/research/gx8002-clock-pll-wait-source-verification.json: package 0x17020; descriptive name from codec function recovery	3bc51dd2c1eaf26b8df4cb871985fa93861188c7b31610d9d4f5c18ee39f283a
0x10025060	0x10025080	32	gx8002_clock_pll_wait	image_a_sram	Inferred	g2/docs/research/gx8002-clock-pll-wait-source-verification.json: package 0x17074; descriptive name from codec function recovery	9549878966cecacfde5bc722750a38b7b30038195b56fdacc2cd7e06084bcaa7
0x10025080	0x10025180	256	gx8002_platform_gate	image_a_sram	Inferred	g2/docs/research/gx8002-platform-gate-verification.json: package 0x17094; descriptive name from codec function recovery	3b7098dbdad7b4aa8a49035c26ce58a6939e6a14c41ea0b6d37370265c6ca6f6
0x10025180	0x100251EC	108	gx8002_clock_gate_query_fixed	image_a_sram	Inferred	g2/docs/research/gx8002-clock-gate-query-fixed-source-verification.json: package 0x17194; descriptive name from codec function recovery	ad9306d433e951156c20c0f17464446ff500d5094b1dc8f4466a5eec87c30d9e
0x100251EC	0x10025210	36	gx_clock_set_module_snpu_enable	image_a_sram	Inferred	g2/docs/research/gx8002-snpu-clock-verification.json: package 0x17200; descriptive name from codec function recovery	cd0d6c3e7f788d3bf33e9cc970a954ddbaa4490bc51cf77807c9fc8de2e7a4a8
0x10025210	0x100253CC	444	gx8002_clock_frequency	image_a_sram	Inferred	g2/docs/research/gx8002-rtc-init-source-verification.json: package 0x17224; descriptive name from codec function recovery | also: gx8002-clock-frequency-source-verification.json	c1e11c07d0d4e8befab9a5fb4fccc6c9208c11d212af6a2d5d7701f8b0190076
0x100253CC	0x10025460	148	gx8002_platform_gate_switches	image_a_sram	Inferred	g2/docs/research/gx8002-platform-gate-verification.json: package 0x173E0; descriptive name from codec function recovery	afccb63ec8702159c8204fa919b9fa2155b57917accca2b993e58cc49396f329
0x10025460	0x100254AC	76	gx8002_clock_frequency_dispatch	image_a_sram	Inferred	g2/docs/research/gx8002-rtc-init-source-verification.json: package 0x17474; descriptive name from codec function recovery | also: gx8002-clock-frequency-source-verification.json	4e2efa746f96415bf2c38b24c0bd1763757db7b356595a24b04e111e2e8400f4
0x100254AC	0x100254C8	28	csi_vic_enable_irq	image_a_sram|drivers_lib/intc/vic.o	Strong	g2/docs/research/gx8002-upstream-object-candidates.json: package 0x174C0; relocation-free SDK .text section match (NationalChip lvp_kws 8bf9ee5c) | also: gx8002-irq-verification.json	20ab189f59c9c2d4c95dbfffd1f676eca7c9be468f8eff2cb70f3a7357f43063
0x100254C8	0x100254E4	28	csi_vic_disable_irq	image_a_sram|drivers_lib/intc/vic.o	Strong	g2/docs/research/gx8002-upstream-object-candidates.json: package 0x174DC; relocation-free SDK .text section match (NationalChip lvp_kws 8bf9ee5c) | also: gx8002-irq-verification.json	06d1071e823087564cea815516639e8de3227168a8103aac36e67d43638a6501
0x100254E4	0x100254FC	24	gx8002_irq_restore_enabled	image_a_sram	Inferred	g2/docs/research/gx8002-irq-verification.json: package 0x174F8; descriptive name from codec function recovery	b7632bc1df988fe3a7037b7f2e308dc01719f9fffc0c9a82699958cdd1a42d5b
0x100254FC	0x10025504	8	gx_mask_irq	image_a_sram	Inferred	g2/docs/research/gx8002-irq-mask-verification.json: package 0x17510; descriptive name from codec function recovery	625e78a4196a5487bf64e3f15e6ae50ab149f74e8440b6cdfc73fb175aa87e3d
0x10025504	0x1002550C	8	gx_unmask_irq	image_a_sram	Inferred	g2/docs/research/gx8002-irq-mask-verification.json: package 0x17518; descriptive name from codec function recovery	df2aefe1f41bc6706169ae40b78db39ecb8b47fae94d666c1517f6c3adfab656
0x1002550C	0x10025534	40	gx8002_irq_save_disable	image_a_sram	Inferred	g2/docs/research/gx8002-irq-verification.json: package 0x17520; descriptive name from codec function recovery	ef7903fbd6249826433e30f985275a571f633a414d992c7f01f5ea4b0b42e976
0x10025534	0x1002553C	8	gx8002_irq_save_disable_wrapper	image_a_sram	Inferred	g2/docs/research/gx8002-irq-save-disable-wrapper-source-verification.json: package 0x17548; descriptive name from codec function recovery	79944f92abc76be191302a109cbff51b162ae4e2fdcbbf65e348a2b3abb7bdda
0x1002553C	0x10025560	36	gx8002_request_irq	image_a_sram	Inferred	g2/docs/research/gx8002-irq-verification.json: package 0x17550; descriptive name from codec function recovery	cabac9ec31899ef58c84b442ed388fa122793210ed201a979ea7860b1d97d614
0x10025560	0x1002556C	12	gx8002_irq_save	image_a_sram	Inferred	g2/docs/research/gx8002-irq-verification.json: package 0x17574; descriptive name from codec function recovery	4311f33535e9649ea226b0e3b749ee6ac1d2478c917c8ccf01418238c519f354
0x1002556C	0x10025574	8	gx8002_irq_restore	image_a_sram	Inferred	g2/docs/research/gx8002-irq-verification.json: package 0x17580; descriptive name from codec function recovery	c9da53436ec2f8c20e27320aeb9b93e119fc86ecc6ad43343a99fc6d98f6fe63
0x10025574	0x100255C4	80	gx8002_irq_compact_entry	image_a_sram	Inferred	g2/docs/research/gx8002-irq-compact-admission.json: package 0x17588; descriptive name from codec function recovery	4603c68912b68c0dc567ddcea48266e00421c600eec7ac5c0e8db8a55dfc9288
0x100255C4	0x100255E4	32	gx_dcache_enable	image_a_sram|drivers_lib/cache/gx_dcache.o	Strong	g2/docs/research/gx8002-upstream-object-candidates.json: package 0x175D8; relocation-free SDK .text section match (NationalChip lvp_kws 8bf9ee5c) | also: gx8002-csi-source-verification.json	27131066495edc120dbc5b8bd8689e4e56505161ad05ca940f828b0ce290e973
0x100255E4	0x10025608	36	gx_dcache_disable	image_a_sram|drivers_lib/cache/gx_dcache.o	Strong	g2/docs/research/gx8002-upstream-object-candidates.json: package 0x175F8; relocation-free SDK .text section match (NationalChip lvp_kws 8bf9ee5c) | also: gx8002-dcache-disable-upstream-source-verification.json, gx8002-dcache-disable-verification.json	e17a4bb8faafbdd211d36925d2b433f72472eabccc616300140aa1d3f1ac8a12
0x10025608	0x10025664	92	gx_dcache_invalid_range	image_a_sram|drivers_lib/cache/gx_dcache.o	Strong	g2/docs/research/gx8002-upstream-object-candidates.json: package 0x1761C; relocation-free SDK .text section match (NationalChip lvp_kws 8bf9ee5c) | also: gx8002-dcache-invalid-loop.json, gx8002-dcache-invalid-max-score.json, gx8002-dcache-invalid-range-source-verification.json, gx8002-dcache-invalid-range-verification.json +5 more	6426aa7a30be46d8fe9bda6037a0f1b8279d8fba66e7b0dd4bc0d28f6c11c93f
0x10025664	0x100256C0	92	gx_dcache_clean_range	image_a_sram|drivers_lib/cache/gx_dcache.o	Strong	g2/docs/research/gx8002-upstream-object-candidates.json: package 0x17678; relocation-free SDK .text section match (NationalChip lvp_kws 8bf9ee5c) | also: gx8002-dcache-clean-range-verification.json, gx8002-dma-configure-source-verification.json, gx8002-dma-transfer-cache.json, gx8002-dma-transfer-source-verification.json +2 more	c2577191a20734a8e7055180aeaad2ea6755aedd1f1ec3e4de54f6a5a40e5453
0x100256C0	0x1002571C	92	gx_dcache_clean_invalid_range	image_a_sram|drivers_lib/cache/gx_dcache.o	Strong	g2/docs/research/gx8002-upstream-object-candidates.json: package 0x176D4; relocation-free SDK .text section match (NationalChip lvp_kws 8bf9ee5c) | also: gx8002-dcache-clean-invalid-range-source-verification.json, gx8002-dcache-clean-invalid-range-verification.json, gx8002-dcache-clean-invalid-symbolic.json, gx8002-dcache-clean-invalid-uart.json +4 more	1a7c9c211edaf6803ec718218bbf5ad63d43f2829ab40697e88e595e96917464
0x1002571C	0x10025738	28	gx_icache_enable	image_a_sram|drivers_lib/cache/gx_icache.o	Strong	g2/docs/research/gx8002-upstream-object-candidates.json: package 0x17730; relocation-free SDK .text section match (NationalChip lvp_kws 8bf9ee5c) | also: gx8002-icache-source-verification.json	c6678a8329737660bf403117fc337bba701e744329ded559b6e012531a5a4001
0x10025738	0x100257B6	126	gx8002_memcpy	image_a_sram	Inferred	g2/docs/research/gx8002-memmove-verification.json: package 0x1774C; descriptive name from codec function recovery | also: gx8002-audio-input-output-source-verification.json, gx8002-audio-input-output-verification.json, gx8002-memcpy-source-verification.json, gx8002-memmove-source-verification.json	af512ad3fc99968703776dc00eadecc3803acd0a16500a18a5e5052b06d987ef
0x100257B8	0x100257E6	46	gx8002_timer_channel_initialize	image_a_sram	Inferred	g2/docs/research/gx8002-timer-channel-initialize-source-verification.json: package 0x177CC; descriptive name from codec function recovery	8f97a081b88f838d68648440f82cbafbd76818ff90b92f4dfcefd2970aebe447
0x100257E8	0x1002585C	116	gx8002_timer_initialize	image_a_sram	Inferred	g2/docs/research/gx8002-timer-initialize-source-verification.json: package 0x177FC; descriptive name from codec function recovery	a5e944a68afc2978922d4a29ad8161c2e4ae542aeef889c327082225fe02bc99
0x1002585C	0x100258C4	104	gx8002_clock_time_us	image_a_sram	Inferred	g2/docs/research/gx8002-clock-time-us-source-verification.json: package 0x17870; descriptive name from codec function recovery	896d1b174314587d841fd42279a49243033d3dd20d304e4c117c20aef27213f3
0x100258C4	0x10025930	108	gx8002_timer_dispatch	image_a_sram	Inferred	g2/docs/research/gx8002-timer-dispatch-source-verification.json: package 0x178D8; descriptive name from codec function recovery	58e2079b6799e483cf774c36910c775972d4c6093c3d3c8f32a4fa1b59b66294
0x10025930	0x10025944	20	gx8002_clock_time_ms	image_a_sram	Inferred	g2/docs/research/gx8002-clock-time-ms-source-verification.json: package 0x17944; descriptive name from codec function recovery	4a0cd014f2a340ff22773e26cfc9ce21105f8ad34d614ed426006ad9e8d3a812
0x10025944	0x1002598C	72	gx8002_delay_us	image_a_sram	Inferred	g2/docs/research/gx8002-delay-source-verification.json: package 0x17958; descriptive name from codec function recovery	4680608b9b3ba839c6c8e0a4d2a0248c5810ad68c113e56147cd2d9a16d38ad7
0x1002598C	0x1002599C	16	gx8002_delay_ms	image_a_sram	Inferred	g2/docs/research/gx8002-delay-source-verification.json: package 0x179A0; descriptive name from codec function recovery	87fd076207045344e0bac4633cfb52dd7a14e631d3739b66a5bb7f41ee3d3109
0x1002599C	0x10025A00	100	gx8002_clock_lowpower_init_shared	image_a_sram	Inferred	g2/docs/research/gx8002-clock-lowpower-init-shared-source-verification.json: package 0x179B0; descriptive name from codec function recovery	bd017fa2e00adde5d107cad84f1fb8939ee8b37d47338d54344c75c6704e2815
0x10025A00	0x10025A14	20	gx8002_audio_lowpower_divider	image_a_sram	Inferred	g2/docs/research/gx8002-audio-lowpower-divider-source-verification.json: package 0x17A14; descriptive name from codec function recovery	7998ebcf5455da3497e8255203a6e3d5c226b9f66f06fc80944bb3bfcff80c14
0x10025A14	0x10025A88	116	gx8002_clock_switch_1m	image_a_sram	Inferred	g2/docs/research/gx8002-clock-switch-1m-source-verification.json: package 0x17A28; descriptive name from codec function recovery	c07be842fa0d2109c3fa9669fbf499bef34bbc58e6f9bfd5f1c745c306eb817e
0x10025A88	0x10025CBC	564	gx8002_clock_init_pointer	image_a_sram	Inferred	g2/docs/research/gx8002-clock-init-source-verification.json: package 0x17A9C; descriptive name from codec function recovery	a0ff342ff5296de314212fb33651adea5b074b154d1c0ed79824353d1e70b30b
0x10025CBC	0x10025CD0	20	gx8002_board_initialize	image_a_sram	Inferred	g2/docs/research/gx8002-board-initialize-verification.json: package 0x17CD0; descriptive name from codec function recovery	f4d9e98b7ce4ca2ab12c33fca6d9b6da5d5e1e96fe7c28b9e50f3b34b5c3202f
0x10025CD0	0x10025CE0	16	gx8002_clock_switch_1m_rodata	image_a_sram	Inferred	g2/docs/research/gx8002-clock-switch-1m-source-verification.json: package 0x17CE4; descriptive name from codec function recovery	e92b17c1fab00d0bee3ab9867018ac2c7fcad399d26c073583a3b3e252eeba59
0x10025CE0	0x10025D04	36	gx8002_clock_init_pointer_rodata	image_a_sram	Inferred	g2/docs/research/gx8002-clock-init-source-verification.json: package 0x17CF4; descriptive name from codec function recovery	e112ef0bba6cf6fd0dc04166f788a2b60687e07f7c628c3626f33517a17a70dd
0x10025D04	0x10025D74	112	gx8002_flash_otp_configuration	image_a_sram	Inferred	g2/docs/research/gx8002-flash-otp-configuration-source-verification.json: package 0x17D18; descriptive name from codec function recovery	903fa15b9f0bbc15866ee7b6e1233b2a118ecb7ed23450f84426683328c9daa6
0x10025D74	0x10025E38	196	gx8002_platform_config	image_a_sram	Inferred	g2/docs/research/gx8002-rtc-init-source-verification.json: package 0x17D88; descriptive name from codec function recovery | also: gx8002-clock-frequency-source-verification.json, gx8002-clock-table-partition.json, gx8002-platform-config-verification.json	d057233bd7ce9a6b475fd446c76e6b53a81e538f061ecda884496b93c6755c70
0x10025E38	0x10025E48	16	gx8002_clock_subband_hz	image_a_sram	Inferred	g2/docs/research/gx8002-rtc-init-source-verification.json: package 0x17E4C; descriptive name from codec function recovery | also: gx8002-clock-frequency-source-verification.json	af9e370894bb1666be7433a3ef4109897fb91f7b762b36e2cfdcaa2545c4b38b
0x10025E48	0x100260D0	648	gx8002_audio_irq	image_a_sram	Inferred	g2/docs/research/gx8002-audio-irq-source-verification.json: package 0x17E5C; descriptive name from codec function recovery	b260d362d8238f27523765b4eb1d857c30bb931d919909ca48b65f362f6942ca
0x100260D0	0x100261AC	220	gx8002_kws_pair	image_a_sram	Inferred	g2/docs/research/gx8002-kws-pair-source-verification.json: package 0x180E4; descriptive name from codec function recovery	3f8f165c6ee222bca03e58c25addb337d0efaa2bfe5c9c30aa8b431b58f48b0b
0x100261B8	0x10026212	90	LvpQueuePut	image_a_sram	Inferred	g2/docs/research/gx8002-uart-receive-callback-source-verification.json: package 0x181CC; descriptive name from codec function recovery | also: gx8002-queue-put-comparison.json, gx8002-uart-body-queue.json, gx8002-uart-empty-header-queue.json, gx8002-uart-message-enqueue-queue.json +2 more	f267c3301f1725624a009ffb30bf92f2dee4c0f708918a078c9f1270e94e173a
0x10026214	0x10026314	256	gx8002_audio_record_callback	image_a_sram	Inferred	g2/docs/research/gx8002-audio-record-source-verification.json: package 0x18228; descriptive name from codec function recovery	2414ecbbcd71e88bf500b63c0e70bca1d30f4150a5247bdedbecf4e718c82130
0x10026314	0x10026340	44	gx8002_main	image_a_sram	Inferred	g2/docs/research/gx8002-main-verification.json: package 0x18328; descriptive name from codec function recovery	7026df746c64929709248c4b93d0e0382d507f73c5407290d80d60a2dbec82e9
0x10026340	0x10026358	24	gx8002_active_snpu_callback	image_a_sram	Inferred	g2/docs/research/gx8002-active-snpu-source-verification.json: package 0x18354; descriptive name from codec function recovery	0465caddb8b3ce27579a100ecc5280c913c4546d448a1134721eb7401337f865
0x10026358	0x100263B4	92	gx8002_tws_tick	image_a_sram	Inferred	g2/docs/research/gx8002-tws-tick-source-verification.json: package 0x1836C; descriptive name from codec function recovery	06a7c41de215120c07b49a85992cec42f0593a1a4bff747bc9e47c2437b72850
0x100263B4	0x100263C4	16	gx8002_tws_set_standby	image_a_sram	Inferred	g2/docs/research/gx8002-tws-standby-source-verification.json: package 0x183C8; descriptive name from codec function recovery	f5b3c3729fbd2bf526c8d1c88d2e0d5825faa1a00c05b66dc632ed28136820e8
0x100263C4	0x100263DC	24	gx8002_tws_standby_loop	image_a_sram	Inferred	g2/docs/research/gx8002-tws-standby-source-verification.json: package 0x183D8; descriptive name from codec function recovery	b71fdd532ed429c019c2b8e741ab583a11a08bd83ec11626284c55ad9dba72d6
0x100263DC	0x100264D4	248	gx8002_tws_audio_callback	image_a_sram	Inferred	g2/docs/research/gx8002-tws-audio-source-verification.json: package 0x183F0; descriptive name from codec function recovery	77ead232a4597b2342de3cf91ac3a09c725792f49b9c48703dce6dd82c27c9ff
0x100264D4	0x100264D8	4	gx8002_active_snpu_queue_pointer	image_a_sram	Inferred	g2/docs/research/gx8002-active-snpu-source-verification.json: package 0x184E8; descriptive name from codec function recovery	4327767f463e7ce9683714778a2f01390ca9b18bf01b6aa672ca849c5b46e950
0x100264DC	0x100264E4	8	gx8002_keyword_list_get	image_a_sram	Inferred	g2/docs/research/gx8002-keyword-list-get-source-verification.json: package 0x184F0; descriptive name from codec function recovery	7a118c623727858fb12ed6e24053800de3385393a4850670cfdcfe9c027df9fc
0x100264E4	0x10026504	32	flash_state	image_a_sram	Inferred	g2/docs/research/gx8002-flash-state-verification.json: package 0x184F8; descriptive name from codec function recovery	4c13016a7b3d2210e1fc05016be996b5180ca7270a24ff854cfc4ecc5f218f6a
0x10026504	0x1002657C	120	gx8002_flash_interface	image_a_sram	Inferred	g2/docs/research/gx8002-flash-interface-table-verification.json: package 0x18518; descriptive name from codec function recovery	3ed98080020e5113ba225cc8807b4f170c5aeaf222848675bb805c74945ded8c
0x1002657C	0x100265A4	40	gx8002_flash_protection_256k	image_a_sram	Inferred	g2/docs/research/gx8002-flash-protection-tables-verification.json: package 0x18590; descriptive name from codec function recovery	7d2f303a1df1a13df5c5a919f54f4ec921abe84a9b703db55ba28472d35b07cf
0x100265A4	0x100265DC	56	gx8002_flash_protection_512k	image_a_sram	Inferred	g2/docs/research/gx8002-flash-protection-tables-verification.json: package 0x185B8; descriptive name from codec function recovery	0bbbbabc2ae6f74271f7ee0c52a48d5213691a55089d482b1da0041a01391928
0x100265DC	0x10026624	72	gx8002_flash_protection_1024k	image_a_sram	Inferred	g2/docs/research/gx8002-flash-protection-tables-verification.json: package 0x185F0; descriptive name from codec function recovery	930387170749728e23aee7289ff8308c0e3514ae76859417138adb4811213373
0x100266CC	0x100266E0	20	flash_otp_descriptor	image_a_sram	Inferred	g2/docs/research/gx8002-flash-otp-descriptor-verification.json: package 0x186E0; descriptive name from codec function recovery	09b41766794d0ca0378b72a89022efd40dfabec77f8215ea02c2471641cfa255
0x100266E0	0x10026880	416	gx_clock_param_table	image_a_sram	Inferred	g2/docs/research/gx8002-clock-source-verification.json: package 0x186F4; descriptive name from codec function recovery	64a888d435653e525749e8de221f6b171d5c0f4e7d7270f146cfa42521856296
0x10026880	0x10026883	3	gx_clock_dto_table	image_a_sram	Inferred	g2/docs/research/gx8002-clock-source-verification.json: package 0x18894; descriptive name from codec function recovery	8afc4015a949d5a6b999c54ff00213eae3978f3f3a23a1324a9d9f5d445e6e4b
0x10026884	0x100268C8	68	gx_clock_div_table	image_a_sram	Inferred	g2/docs/research/gx8002-clock-source-verification.json: package 0x18898; descriptive name from codec function recovery	86623e872da26977fb2b01bc5f0f31d4db01c077db4fdd565d108e22658f8872
0x100268C8	0x10026900	56	gx8002_clock_switch_1m_pll	image_a_sram	Inferred	g2/docs/research/gx8002-clock-switch-1m-source-verification.json: package 0x188DC; descriptive name from codec function recovery	37ab1aaff8926c73dea91f2bcacca0b383688763e8abeb5121587e6b3b6059f9
0x10026900	0x10026904	4	gx8002_clock_init_pointer_trim	image_a_sram	Inferred	g2/docs/research/gx8002-clock-init-source-verification.json: package 0x18914; descriptive name from codec function recovery	ad95131bc0b799c0b1af477fb14fcf26a6a9f76079e48bf090acb7e8367bfd0e
0x10026904	0x10026954	80	gx8002_clock_init_pointer_osc	image_a_sram	Inferred	g2/docs/research/gx8002-clock-init-source-verification.json: package 0x18918; descriptive name from codec function recovery	42f07da90e978167ba33138dd98b3f6abe2de73ac10d5cda8d4e7ac6eb1530c9
0x10026954	0x100269A4	80	gx8002_clock_init_pointer_xtal	image_a_sram	Inferred	g2/docs/research/gx8002-clock-init-source-verification.json: package 0x18968; descriptive name from codec function recovery	b33843a0bf1cba162d178e2b77e304a5049b6e6748fe5ee849658738574e090e
0x100269A4	0x10026A94	240	audio_board_state	image_a_sram	Inferred	g2/docs/research/gx8002-audio-board-storage-source-verification.json: package 0x189B8; descriptive name from codec function recovery	e1d1077d066d53c1e39bcefca3ec0294d43ace92ffc1a986d2a432cd931dde2e
0x10026A94	0x10026B94	256	gx8002_uart_descriptors	image_a_sram	Inferred	g2/docs/research/gx8002-uart-descriptor-source-verification.json: package 0x18AA8; descriptive name from codec function recovery	63c9aeaf67fd2385d2b68b3c18ae2e871d7d94392b1f347ef23a49a2fc81fde2
0x10026B94	0x10026BC8	52	gx8002_aout_route	image_a_sram	Inferred	g2/docs/research/gx8002-audio-output-route-source-verification.json: package 0x18BA8; descriptive name from codec function recovery	b490dd275c5c8e43a917e17bf20a05ffac97ea4d870a26e61f7a3992ad777c0e
0x10026BC8	0x10026C1C	84	gx8002_aout_dispatch	image_a_sram	Inferred	g2/docs/research/gx8002-audio-output-dispatch-source-verification.json: package 0x18BDC; descriptive name from codec function recovery	b5466e260001986f04418e55cdc810ea9654f2f6b1c3ef24dbd95af7b3995f8a
0x10026C1C	0x10026C70	84	gx8002_aout_hw_settings	image_a_sram	Inferred	g2/docs/research/gx8002-audio-output-hw-config-source-verification.json: package 0x18C30; descriptive name from codec function recovery	476abe0d89ba4e6f1b20ca8b03c4d1c59c69bc4cb33541ffde7b1eab7e419d8d
0x10026C74	0x10026C7C	8	s_recv_header_data_count	image_a_sram	Inferred	g2/docs/research/gx8002-uart-header-defaults-source-verification.json: package 0x18C88; descriptive name from codec function recovery	267833806a8e9c01c5355ae70125042abfa3e90ca6708f00e944a4e6e5addd9f
0x10026C7C	0x10026D2C	176	gx8002_wakeword_parameters	image_a_sram	Inferred	g2/docs/research/gx8002-wakeword-parameters-verification.json: package 0x18C90; descriptive name from codec function recovery	2cd8ce5f9d52d8970e10cc44c6deb329a44a962b8754ce5b350a740067ad5c53
0x10026D2C	0x10026D30	4	gx8002_max_decoder_state	image_a_sram	Inferred	g2/docs/research/gx8002-decoder-default-source-verification.json: package 0x18D40; descriptive name from codec function recovery	67abdd721024f0ff4e0b3f4c2fc13bc5bad42d0b7851d456d88d203d15aaa450
0x10026D30	0x10026D38	8	gx8002_event_state	image_a_sram	Inferred	g2/docs/research/gx8002-event-defaults-source-verification.json: package 0x18D44; descriptive name from codec function recovery	3bdcf6187bab53fc6e18b7f3e8ea4a666f06f545460189157c6f1ef1e5d85ebc
0x10026D38	0x10026D3C	4	gx8002_app_core_ops	image_a_sram	Inferred	g2/docs/research/gx8002-application-descriptor-source-verification.json: package 0x18D4C; descriptive name from codec function recovery	1a89d3442e8ba8370ef2e35e69c411b29eb520752cd2ffabd2bf4c96f437664d
0x10026D3C	0x10026D5C	32	gx8002_sample_application	image_a_sram	Inferred	g2/docs/research/gx8002-application-descriptor-source-verification.json: package 0x18D50; descriptive name from codec function recovery	5bed8d93dbcf1dae2040467eac63f4be8c3407d6d95f87a21ea54c315d3bbb5f
0x10026D5C	0x10026D7C	32	gx8002_app_reply_state	image_a_sram	Inferred	g2/docs/research/gx8002-reply-defaults-source-verification.json: package 0x18D70; descriptive name from codec function recovery	8b01930ac4be34abf334d84980b37a69d63aad53b436527da6fa3d014c428fbe
0x10203004	0x1020300C	8	audio_board_get	image_a_xip	Inferred	g2/docs/research/gx8002-audio-board-control-verification.json: package 0x0C590; descriptive name from codec function recovery | also: gx8002-audio-board-control-source-verification.json	c96f57fbc2ba9ad067577d0a604f1f4c611f9e4ee082a059fbb4663bbeaef383
0x1020300C	0x10203024	24	audio_board_gain	image_a_xip	Inferred	g2/docs/research/gx8002-audio-board-control-verification.json: package 0x0C598; descriptive name from codec function recovery | also: gx8002-audio-board-control-source-verification.json	c65b6b2edc3d91f7298bc3f59721da8c5bbea4f23947fd9e77661a19820adb28
0x10203024	0x10203050	44	audio_board_init	image_a_xip	Inferred	g2/docs/research/gx8002-audio-board-control-verification.json: package 0x0C5B0; descriptive name from codec function recovery | also: gx8002-audio-board-control-source-verification.json	cd10d5b801530b6c988eab0c643163f67cf12605b0a84bfe66a9edd85fe20d14
0x10203050	0x102030C2	114	dw_uart_get_dma_burst_size	image_a_xip|drivers_lib/serial/dw_uart_dma.o	Strong	g2/docs/research/gx8002-upstream-object-candidates.json: package 0x0C5DC; relocation-free SDK .text section match (NationalChip lvp_kws 8bf9ee5c) | also: gx8002-uart-dma-burst-source-verification.json	847674217ed0b989467a09bfb4e51ede4f8cb1f650ee76a01fab85204b8d2114
0x102030C4	0x102030E4	32	gx8002_uart_transmit_complete	image_a_xip	Inferred	g2/docs/research/gx8002-uart-transmit-complete-verification.json: package 0x0C650; descriptive name from codec function recovery	9cdc95dd9011964db0001ec2c4191dc7f6515611defa77577ed790e8f336d224
0x102030E4	0x10203108	36	gx8002_uart_receive_complete	image_a_xip	Inferred	g2/docs/research/gx8002-uart-receive-complete-source-verification.json: package 0x0C670; descriptive name from codec function recovery	d388676271126abdf83538b8979ddda26a1fd1747e198568458b51a32f18df65
0x10203108	0x10203190	136	gx8002_uart_transmit_dma_entry	image_a_xip	Inferred	g2/docs/research/gx8002-uart-transmit-dma-placement-source-verification.json: package 0x0C694; descriptive name from codec function recovery | also: gx8002-uart-transmit-dma-placement-source-proposal.json	e3ddeaedb4679eb3a61c07c018a65a41c25c3feb8935fb8c0c42870f26c41276
0x10203190	0x1020321C	140	gx8002_uart_receive_dma	image_a_xip	Inferred	g2/docs/research/gx8002-uart-receive-dma-source-verification.json: package 0x0C71C; descriptive name from codec function recovery	12105aea5e33e600543c3338e1916864690678b3206e390eea4516a5c05dcd42
0x1020321C	0x10203234	24	gx8002_uart_transmit_abort_dma	image_a_xip	Inferred	g2/docs/research/gx8002-uart-abort-source-verification.json: package 0x0C7A8; descriptive name from codec function recovery	fe582671e1b854f03afe2889289cd3dbc2e07876c625f3a4c4d6236f1a7a2d95
0x10203234	0x1020324C	24	gx8002_uart_receive_abort_dma	image_a_xip	Inferred	g2/docs/research/gx8002-uart-abort-source-verification.json: package 0x0C7C0; descriptive name from codec function recovery	f5382df649ab1f86cd789109d660dd0bc81ee096fa49c00a197ecc8b7e1d2095
0x1020324C	0x10203260	20	dw_uart_putc	image_a_xip|drivers_lib/serial/dw_uart.o	Strong	g2/docs/research/gx8002-upstream-object-candidates.json: package 0x0C7D8; relocation-free SDK .text section match (NationalChip lvp_kws 8bf9ee5c) | also: gx8002-uart-console-verification.json	1f4ed6b18e87573e69112e1d7fc0b8378b84800af4d996e1ecc65548a2f901e4
0x10203260	0x10203276	22	dw_uart_getc	image_a_xip|drivers_lib/serial/dw_uart.o	Strong	g2/docs/research/gx8002-upstream-object-candidates.json: package 0x0C7EC; relocation-free SDK .text section match (NationalChip lvp_kws 8bf9ee5c) | also: gx8002-uart-receive-byte-source-verification.json	c5d6c54401661b9f6d125e908d924fd0ece45aabcfe561b4f6f3e7d70ab32fd5
0x10203278	0x1020335E	230	dw_uart_isr	image_a_xip|drivers_lib/serial/dw_uart.o	Strong	g2/docs/research/gx8002-upstream-object-candidates.json: package 0x0C804; relocation-free SDK .text section match (NationalChip lvp_kws 8bf9ee5c) | also: gx8002-uart-interrupt-source-verification.json	209f9a30c999412f1851036eeb88714b1d92d480b582afe7d26f6ca734fe765d
0x10203360	0x102033C6	102	dw_uart_get_fifo_depth	image_a_xip|drivers_lib/serial/dw_uart.o	Strong	g2/docs/research/gx8002-upstream-object-candidates.json: package 0x0C8EC; relocation-free SDK .text section match (NationalChip lvp_kws 8bf9ee5c) | also: gx8002-uart-fifo-depth-source-verification.json	4ccb093045f731e97bc6cd205845b906dde4220acb76ddc552789b03e5a5ed72
0x102033C8	0x10203530	360	gx8002_uart_configure	image_a_xip	Inferred	g2/docs/research/gx8002-uart-configure-source-verification.json: package 0x0C954; descriptive name from codec function recovery	1d959331817c7f2921ac87ef65ff42703f518571de90177804946b0b223c81cd
0x10203530	0x10203598	104	gx8002_uart_initialize	image_a_xip	Inferred	g2/docs/research/gx8002-uart-initialize-source-verification.json: package 0x0CABC; descriptive name from codec function recovery	b81473c135d132c8dafa1e0a0903b7d1c341c30f517014bd4ef18e3631c0f1ac
0x10203598	0x102035B4	28	gx8002_uart_flush	image_a_xip	Inferred	g2/docs/research/gx8002-uart-flush-verification.json: package 0x0CB24; descriptive name from codec function recovery	4b216164596eb1bef5e1c566b04aed341c1895ba071776e8ebdd1d33b419c5d7
0x102035B4	0x102035D8	36	gx8002_uart_putc	image_a_xip	Inferred	g2/docs/research/gx8002-uart-console-verification.json: package 0x0CB40; descriptive name from codec function recovery	928056a00781a1f3287392d403f6a6ecf448d75068a7f4ec270feef35f751a5e
0x102035D8	0x10203604	44	gx8002_uart_read	image_a_xip	Inferred	g2/docs/research/gx8002-uart-read-source-verification.json: package 0x0CB64; descriptive name from codec function recovery	3f42de8751045901662ed614c54e63b0dbac45d1bc4a5cb95b12f5275c2a5d13
0x10203604	0x10203630	44	gx8002_uart_write	image_a_xip	Inferred	g2/docs/research/gx8002-uart-write-source-verification.json: package 0x0CB90; descriptive name from codec function recovery	fd34df86c643e19026e9a86655200be05c1806f1cbfe4d1946061f6246fdeb52
0x10203630	0x10203664	52	gx8002_uart_transmit_start	image_a_xip	Inferred	g2/docs/research/gx8002-uart-transmit-control-source-verification.json: package 0x0CBBC; descriptive name from codec function recovery	30dd041815e310b2646b1d72f7e141b34cd8b3931cdfdcff67a2c0628a11df07
0x10203664	0x1020368C	40	gx8002_uart_transmit_stop	image_a_xip	Inferred	g2/docs/research/gx8002-uart-transmit-control-source-verification.json: package 0x0CBF0; descriptive name from codec function recovery	a63e4490d44bdfd06c6d5a1c679e61d3cb315bacadf8b19753cb3592d5e4f2cb
0x1020368C	0x102036C0	52	gx8002_uart_receive_start	image_a_xip	Inferred	g2/docs/research/gx8002-uart-receive-control-source-verification.json: package 0x0CC18; descriptive name from codec function recovery	1a0bb21a9f83085382e95395e3c07157810c7a1dd1646626deee5eb3594d6f69
0x102036C0	0x102036E8	40	gx8002_uart_receive_stop	image_a_xip	Inferred	g2/docs/research/gx8002-uart-receive-control-source-verification.json: package 0x0CC4C; descriptive name from codec function recovery	25dccc04ce1b01678f1143c4c8d130a3773929795efb606da564500844d30388
0x102036E8	0x10203704	28	gx8002_uart_transmit_abort	image_a_xip	Inferred	g2/docs/research/gx8002-uart-abort-source-verification.json: package 0x0CC74; descriptive name from codec function recovery	3a674e190d29d9d5fbb1f16efef5c8183bcd8e017ae7760acb29523f2423b08a
0x10203704	0x10203720	28	gx8002_uart_receive_abort	image_a_xip	Inferred	g2/docs/research/gx8002-uart-abort-source-verification.json: package 0x0CC90; descriptive name from codec function recovery	63bed25e5749b1acac45642c3fb7960d6ad24d52e9d660810d3dc34750e07e9f
0x10203720	0x10203780	96	gx8002_uart_transmit_buffer	image_a_xip	Inferred	g2/docs/research/gx8002-uart-transmit-buffer-source-verification.json: package 0x0CCAC; descriptive name from codec function recovery	375edd5581ad449b2bddd0726871e243dbd671cad91cc7ed8fd27cce0756bd66
0x10203780	0x102037E0	96	gx8002_uart_receive_buffer	image_a_xip	Inferred	g2/docs/research/gx8002-uart-receive-buffer-source-verification.json: package 0x0CD0C; descriptive name from codec function recovery	adbb78c176c9d7207b341468139fc51c918c9d3237ad5aa759136298b07c4082
0x102037E0	0x102037F0	16	gx8002_console_initialize	image_a_xip	Inferred	g2/docs/research/gx8002-console-initialize-source-verification.json: package 0x0CD6C; descriptive name from codec function recovery	45ea302d60162547a7e63ad623ea149c630b3a661b7997508a1df710c4a5db2e
0x102037F0	0x10203804	20	gx8002_console_putc	image_a_xip	Inferred	g2/docs/research/gx8002-uart-console-verification.json: package 0x0CD7C; descriptive name from codec function recovery	8ddb9dcb26be484d64f578e557d2fd6b22beb5103666b45dac905f945ebec5d6
0x10203804	0x10203828	36	gx8002_dma_clear	image_a_xip	Inferred	g2/docs/research/gx8002-dma-clear-source-verification.json: package 0x0CD90; descriptive name from codec function recovery	3072b18656a919194494b1b0ab7fdae9a72cf0a8c1bf8ac9de4e1d1324084c3e
0x10203828	0x102038F4	204	gx8002_dma_descriptors	image_a_xip	Inferred	g2/docs/research/gx8002-dma-descriptors-source-verification.json: package 0x0CDB4; descriptive name from codec function recovery	7d2da775f9814ad84b089778ff45dc56674a11c7cc181e4f799f416d5dd1dfd5
0x102038F4	0x10203A4C	344	gx8002_dma_configure	image_a_xip	Inferred	g2/docs/research/gx8002-dma-configure-source-verification.json: package 0x0CE80; descriptive name from codec function recovery	0f11607edcc92af42308ca72568983b519e073a5872627a40e141b542ecf7a31
0x10203A4C	0x10203A98	76	gx8002_dma_select	image_a_xip	Inferred	g2/docs/research/gx8002-dma-select-source-verification.json: package 0x0CFD8; descriptive name from codec function recovery	7f7d631ef92ec3468b7dfa60231f07ef82c223bfcf318deaac31a656b92cec17
0x10203A98	0x10203ADC	68	gx8002_dma_deallocate	image_a_xip	Inferred	g2/docs/research/gx8002-dma-deallocate-source-verification.json: package 0x0D024; descriptive name from codec function recovery	402fc0fe95edff47a790a08ca4972bb74885da0fe31bf898df28bfd31328336c
0x10203ADC	0x10203B38	92	gx8002_dma_irq_handler	image_a_xip	Inferred	g2/docs/research/gx8002-dma-irq-handler-source-verification.json: package 0x0D068; descriptive name from codec function recovery	3e0ed2f28df735bf3bd8395ba3bc12339364e9ec8d7cdb008520e5e945183536
0x10203B38	0x10203B40	8	gx8002_dma_release	image_a_xip	Inferred	g2/docs/research/gx8002-uart-transmit-dma-placement-source-verification.json: package 0x0D0C4; descriptive name from codec function recovery | also: gx8002-dma-irq-handler-source-verification.json, gx8002-dma-release-verification.json, gx8002-uart-receive-complete-source-verification.json, gx8002-uart-transmit-dma-placement-cleanup.json +1 more	a88262c0eff797a3425044f38b2fd2c7c3c5fdb25d1b8230d19dcaf6d7f62031
0x10203B40	0x10203B64	36	gx8002_dma_abort	image_a_xip	Inferred	g2/docs/research/gx8002-dma-abort-source-verification.json: package 0x0D0CC; descriptive name from codec function recovery	a1459283fcb9201f2598255700ddeafe761de67d2cf0a5e23271b892126970e7
0x10203B64	0x10203B78	20	gx8002_dma_callback	image_a_xip	Inferred	g2/docs/research/gx8002-dma-callback-source-verification.json: package 0x0D0F0; descriptive name from codec function recovery	d54ac78e85e0406b3ba8f7935024863a043a38fb32edbc4ab4aa31308f7b48be
0x10203B78	0x10203BC0	72	gx8002_dma_transfer	image_a_xip	Inferred	g2/docs/research/gx8002-dma-transfer-source-verification.json: package 0x0D104; descriptive name from codec function recovery	f7878eaca3b0bcf3fad6473a62a66a87fbc07afcc5c63842650353d74b66218b
0x10203BC0	0x10203C40	128	gx8002_dma_initialize	image_a_xip	Inferred	g2/docs/research/gx8002-dma-initialize-source-verification.json: package 0x0D14C; descriptive name from codec function recovery	01f9a1330112844396400ae5a09a5d78f910e308149823903c400783a88013fd
0x10203C40	0x10203C60	32	gx8002_cache_initialize	image_a_xip	Inferred	g2/docs/research/gx8002-cache-initialize-source-verification.json: package 0x0D1CC; descriptive name from codec function recovery	c020e94703e3564187148d98613fa624b93ab31068c7969a70ab5c2378977d43
0x10203C60	0x10203C74	20	virt_to_dma	image_a_xip|drivers_lib/misc/grus/misc.o	Strong	g2/docs/research/gx8002-upstream-object-candidates.json: package 0x0D1EC; relocation-free SDK .text section match (NationalChip lvp_kws 8bf9ee5c) | also: gx8002-dma-bus-address-source-verification.json	5fbc1188c3db999213e1792838696590b573194f67c658437e35149b5e49c419
0x10203C74	0x10203C88	20	gx_analog_config_update_enable	image_a_xip|drivers_lib/misc/grus/misc.o	Strong	g2/docs/research/gx8002-upstream-object-candidates.json: package 0x0D200; relocation-free SDK .text section match (NationalChip lvp_kws 8bf9ee5c) | also: gx8002-board-initialize-verification.json	c1da72101417bd2c7d587d0d26a6bb5dd7a3d079a4d5865936deaad5c8615215
0x10203C88	0x10203DC8	320	_ain_reset	image_a_xip|drivers_lib/audio_in/v2.0/audio_in.o	Strong	g2/docs/research/gx8002-upstream-object-candidates.json: package 0x0D214; relocation-free SDK .text section match (NationalChip lvp_kws 8bf9ee5c) | also: gx8002-audio-reset-verification.json	b3639b6e9474e0bca6c7ed62a62268098fdf1ebdea5b56d0307eac6d172ca3df
0x10203DC8	0x10203E16	78	_pcm_channel_setting.isra.0	image_a_xip|drivers_lib/audio_in/v2.0/audio_in.o	Strong	g2/docs/research/gx8002-upstream-object-candidates.json: package 0x0D354; relocation-free SDK .text section match (NationalChip lvp_kws 8bf9ee5c) | also: gx8002-pcm-channel-setting-source-verification.json	b5b567f320d2e0ad48560cb39e6b0cce8aef85c2f321c6c57976ce76ff439aca
0x10203E18	0x10203E7C	100	gx8002_audio_input_sadc	image_a_xip	Inferred	g2/docs/research/gx8002-audio-input-sadc-source-verification.json: package 0x0D3A4; descriptive name from codec function recovery	ca25d01270f4269c74cb3a163e57c970220bbc2a583b0a49d02a7df5baddfbf4
0x10203E7C	0x10203EC8	76	gx8002_audio_input_pdm	image_a_xip	Inferred	g2/docs/research/gx8002-audio-input-pdm-source-verification.json: package 0x0D408; descriptive name from codec function recovery	1dcddec4deaaf125260fd1c34de7796ca84d35bff6f633fb80f8151c50798813
0x10203EC8	0x10203F70	168	gx8002_audio_input_i2s	image_a_xip	Inferred	g2/docs/research/gx8002-audio-input-i2s-source-verification.json: package 0x0D454; descriptive name from codec function recovery	56565b4c3e8c503b52aebaafe9998b7d97e4ca8cbcc940af07173a80f9a509e5
0x10203F70	0x10203FA6	54	gx_audio_in_set_input_channel	image_a_xip|drivers_lib/audio_in/v2.0/audio_in.o	Strong	g2/docs/research/gx8002-upstream-object-candidates.json: package 0x0D4FC; relocation-free SDK .text section match (NationalChip lvp_kws 8bf9ee5c) | also: gx8002-audio-input-channel-source-verification.json	fff2823d4b9831bc9a201c3f3ab27933274247d216503ce3dcfc4e76ae11110f
0x10203FA8	0x10204080	216	gx8002_audio_output_pcm	image_a_xip	Inferred	g2/docs/research/gx8002-audio-output-pcm-source-verification.json: package 0x0D534; descriptive name from codec function recovery	230a5c2cf80ea549352f31bbd1ff9f1bc9fb424eb8c4a70bbc2c39e797353875
0x10204080	0x1020412C	172	gx8002_audio_output_logfbank	image_a_xip	Inferred	g2/docs/research/gx8002-audio-output-logfbank-source-verification.json: package 0x0D60C; descriptive name from codec function recovery	613ca02f2cce78df7ccf3d9a3ed82edf9e0c4fbefd8cc68f709c2f499b41d5da
0x1020412C	0x10204228	252	gx8002_audio_output_spectrum	image_a_xip	Inferred	g2/docs/research/gx8002-audio-output-spectrum-source-verification.json: package 0x0D6B8; descriptive name from codec function recovery	225c8845e340fe9989f2347cf38ba947f44b57b926ab12c109af83845d9c3713
0x10204228	0x102042D4	172	gx8002_audio_output_i2s	image_a_xip	Inferred	g2/docs/research/gx8002-audio-output-i2s-source-verification.json: package 0x0D7B4; descriptive name from codec function recovery	ad350ef9d682a3be4def7f581a2ab6d5e93c2e2d9841cc54eee1542faa7f7eb8
0x102042D4	0x10204320	76	gx8002_audio_pga_gain	image_a_xip	Inferred	g2/docs/research/gx8002-audio-pga-gain-source-verification.json: package 0x0D860; descriptive name from codec function recovery	6a375880f1bb4219c18f411f285993ee6528285ccc2549a80a4513a7bb68afc4
0x10204320	0x10204330	16	gx_audio_in_set_i2s_clock	image_a_xip|drivers_lib/audio_in/v2.0/audio_in.o	Strong	g2/docs/research/gx8002-upstream-object-candidates.json: package 0x0D8AC; relocation-free SDK .text section match (NationalChip lvp_kws 8bf9ee5c) | also: gx8002-i2s-source-verification.json	858c741414657d172650adfb64f7b32d6efaf25d0a2783ee2448167d6ab7e9d2
0x10204330	0x10204340	16	gx_audio_in_set_i2sin_mode	image_a_xip|drivers_lib/audio_in/v2.0/audio_in.o	Strong	g2/docs/research/gx8002-upstream-object-candidates.json: package 0x0D8BC; relocation-free SDK .text section match (NationalChip lvp_kws 8bf9ee5c) | also: gx8002-audio-i2sin-mode-source-verification.json, gx8002-i2s-source-verification.json	1591546bd5375552b7c3fe36e98f0962522ae12635cc90eb3fc1f7d10a2476a7
0x10204340	0x10204350	16	gx_audio_in_set_i2sout_mode	image_a_xip|drivers_lib/audio_in/v2.0/audio_in.o	Strong	g2/docs/research/gx8002-upstream-object-candidates.json: package 0x0D8CC; relocation-free SDK .text section match (NationalChip lvp_kws 8bf9ee5c) | also: gx8002-audio-i2sout-mode-source-verification.json, gx8002-i2s-source-verification.json	8533e11fea8692b5ef1526a451cd7ac3636d88c7fb93c475c7784a63f4ea2ccc
0x10204350	0x102043AA	90	gx_audio_in_set_dc_enable	image_a_xip|drivers_lib/audio_in/v2.0/audio_in.o	Strong	g2/docs/research/gx8002-upstream-object-candidates.json: package 0x0D8DC; relocation-free SDK .text section match (NationalChip lvp_kws 8bf9ee5c) | also: gx8002-audio-dc-enable-source-verification.json	560ad7efdcd50bdfcd4bf0ba041a17a6d560fb20bcd9621fb41fceca979d9b93
0x102043AC	0x102043FC	80	gx_audio_in_set_rough_gain	image_a_xip|drivers_lib/audio_in/v2.0/audio_in.o	Strong	g2/docs/research/gx8002-upstream-object-candidates.json: package 0x0D938; relocation-free SDK .text section match (NationalChip lvp_kws 8bf9ee5c) | also: gx8002-audio-rough-gain-source-verification.json	4f97971c3adf190433424660eb1328ae68a2a0532a79c343d951fd0b3cada3c7
0x102043FC	0x102044E0	228	gx_audio_in_set_evad_enable	image_a_xip|drivers_lib/audio_in/v2.0/audio_in.o	Strong	g2/docs/research/gx8002-upstream-object-candidates.json: package 0x0D988; relocation-free SDK .text section match (NationalChip lvp_kws 8bf9ee5c) | also: gx8002-audio-evad-enable-source-verification.json	390af959aef59f992980f75301f33439c2d07a693f371c96099a5216bdf07e3c
0x102044E0	0x1020452C	76	gx_audio_in_set_evad_threshold	image_a_xip|drivers_lib/audio_in/v2.0/audio_in.o	Strong	g2/docs/research/gx8002-upstream-object-candidates.json: package 0x0DA6C; relocation-free SDK .text section match (NationalChip lvp_kws 8bf9ee5c) | also: gx8002-audio-evad-threshold-source-verification.json	3ee0a8a23f8a136cc51cde63f356d9bee40e3f94a6176d8a7c6c7bf721cf7ad3
0x1020452C	0x1020456E	66	gx_audio_in_set_logfbank_enable	image_a_xip|drivers_lib/audio_in/v2.0/audio_in.o	Strong	g2/docs/research/gx8002-upstream-object-candidates.json: package 0x0DAB8; relocation-free SDK .text section match (NationalChip lvp_kws 8bf9ee5c) | also: gx8002-audio-logfbank-enable-source-verification.json	7ff95268532395108ac03720847ce90cdf69d0b8f49de2c9c3272c37a30cc2d2
0x10204570	0x102045F4	132	gx_audio_in_set_fftvad_enable	image_a_xip|drivers_lib/audio_in/v2.0/audio_in.o	Strong	g2/docs/research/gx8002-upstream-object-candidates.json: package 0x0DAFC; relocation-free SDK .text section match (NationalChip lvp_kws 8bf9ee5c) | also: gx8002-audio-fftvad-enable-source-verification.json	091eea545d39894555c7de31309ec45a64587470826adab0617c41f1d6dc2680
0x102045F4	0x1020462E	58	gx_audio_in_set_fftvad_w	image_a_xip|drivers_lib/audio_in/v2.0/audio_in.o	Strong	g2/docs/research/gx8002-upstream-object-candidates.json: package 0x0DB80; relocation-free SDK .text section match (NationalChip lvp_kws 8bf9ee5c) | also: gx8002-audio-fftvad-w-source-verification.json	136644e1c4b87c67950fa1fa1610325939ee1abf65ee427c5458431199710731
0x10204630	0x10204662	50	gx_audio_in_set_fftvad_curve_1	image_a_xip|drivers_lib/audio_in/v2.0/audio_in.o	Strong	g2/docs/research/gx8002-vad-source-verification.json: package 0x0DBBC; relocation-free SDK .text section match (NationalChip lvp_kws 8bf9ee5c) | also: gx8002-audio-fftvad-curve1-source-verification.json, gx8002-upstream-object-candidates.json	783a901d8340c1b2096be8ab183b5cbd6d44013bcc70d268d9637298537c0eb6
0x10204664	0x10204696	50	gx_audio_in_set_fftvad_curve_2	image_a_xip|drivers_lib/audio_in/v2.0/audio_in.o	Strong	g2/docs/research/gx8002-vad-source-verification.json: package 0x0DBF0; relocation-free SDK .text section match (NationalChip lvp_kws 8bf9ee5c) | also: gx8002-upstream-object-candidates.json	6fc1c7372b7286c9397e93b8297bf56efddead11acd9a9c9cad2628e3ade0bb3
0x10204698	0x102046D6	62	gx_audio_in_set_fftvad_curve_3	image_a_xip|drivers_lib/audio_in/v2.0/audio_in.o	Strong	g2/docs/research/gx8002-vad-source-verification.json: package 0x0DC24; relocation-free SDK .text section match (NationalChip lvp_kws 8bf9ee5c) | also: gx8002-upstream-object-candidates.json	bde553cc896e9be4cd5f56e9c721b53cdce27315725861877428bc4f7166c984
0x102046D8	0x1020470A	50	gx_audio_in_set_fftvad_curve_4	image_a_xip|drivers_lib/audio_in/v2.0/audio_in.o	Strong	g2/docs/research/gx8002-vad-source-verification.json: package 0x0DC64; relocation-free SDK .text section match (NationalChip lvp_kws 8bf9ee5c) | also: gx8002-upstream-object-candidates.json	611ba1232a0451068d3e0504e267356f94a81fe3c2f573cc14a7641e14c36611
0x1020470C	0x1020472C	32	gx_audio_in_set_fftvad_curve_5	image_a_xip|drivers_lib/audio_in/v2.0/audio_in.o	Strong	g2/docs/research/gx8002-vad-source-verification.json: package 0x0DC98; relocation-free SDK .text section match (NationalChip lvp_kws 8bf9ee5c) | also: gx8002-upstream-object-candidates.json	3aadaea377defb12ed521e13289008ec431f74b2a468a3d907c816256d8aa65c
0x1020472C	0x1020477A	78	gx_audio_in_set_fftvad_chipping	image_a_xip|drivers_lib/audio_in/v2.0/audio_in.o	Strong	g2/docs/research/gx8002-upstream-object-candidates.json: package 0x0DCB8; relocation-free SDK .text section match (NationalChip lvp_kws 8bf9ee5c) | also: gx8002-audio-fftvad-chipping-source-verification.json	f365622108ead51d60e526edb9e14a19e3b87a1a764d5fcbe4d03f0976550561
0x1020477C	0x102047AA	46	gx_audio_in_get_fftvad_state	image_a_xip|drivers_lib/audio_in/v2.0/audio_in.o	Strong	g2/docs/research/gx8002-upstream-object-candidates.json: package 0x0DD08; relocation-free SDK .text section match (NationalChip lvp_kws 8bf9ee5c) | also: gx8002-audio-fftvad-state-source-verification.json	b458f2ca7861c9285f1fb271ccf03bbf8d2b010346424e01f172999fd7f677bb
0x102047AC	0x102047B8	12	gx8002_distance_noise	image_a_xip	Inferred	g2/docs/research/gx8002-distance-noise-source-verification.json: package 0x0DD38; descriptive name from codec function recovery	ac17fbdc3365c07d0ad9225bed7760f1dbe9890e8434d1516dca6dfa4ff0fdd3
0x102047B8	0x102047E2	42	gx_audio_in_set_interrupt_enable	image_a_xip|drivers_lib/audio_in/v2.0/audio_in.o	Strong	g2/docs/research/gx8002-upstream-object-candidates.json: package 0x0DD44; relocation-free SDK .text section match (NationalChip lvp_kws 8bf9ee5c) | also: gx8002-audio-interrupt-enable-source-verification.json	c3ea9199db2f46874acbfe6917638206513b50c47618b59adbc41a1e9cb59a7a
0x102047E4	0x10204984	416	gx8002_audio_initialize	image_a_xip	Inferred	g2/docs/research/gx8002-audio-initialize-source-verification.json: package 0x0DD70; descriptive name from codec function recovery	f1eab7e0f77bedb29ec955e99c4d2cd3ee85d08296e032eddbce390eb57f1327
0x10204984	0x102049B0	44	gx_audio_in_exit	image_a_xip	Inferred	g2/docs/research/gx8002-driver-exit-verification.json: package 0x0DF10; descriptive name from codec function recovery	0549e526e2b871cce369b178fa6855359104fc8221682177485cad96d8448cb8
0x102049B0	0x102049C8	24	gx8002_audio_channel_field	image_a_xip	Inferred	g2/docs/research/gx8002-audio-channel-field-source-verification.json: package 0x0DF3C; descriptive name from codec function recovery	43bffdc45944983bb8694dfc9a967ce5c39a02b16ab287021d56d185701960c0
0x102049C8	0x102049D8	16	aout_set_r1_frame_over_int_enable	image_a_xip|drivers_lib/audio_out/v2.0/hw.o	Strong	g2/docs/research/gx8002-upstream-object-candidates.json: package 0x0DF54; relocation-free SDK .text section match (NationalChip lvp_kws 8bf9ee5c) | also: gx8002-audio-output-bits-source-verification.json	9b52c83c5f9c6f6851237b180e84c9b5318522a4bbaa6a3ec7cc1ff5a8951ac5
0x102049D8	0x102049E8	16	aout_play_check_idle	image_a_xip|drivers_lib/audio_out/v2.0/hw.o	Strong	g2/docs/research/gx8002-upstream-object-candidates.json: package 0x0DF64; relocation-free SDK .text section match (NationalChip lvp_kws 8bf9ee5c) | also: gx8002-audio-output-bits-source-verification.json	9c960076d4b5fc0513a9ccb1e83047d56e15db6a275cf2c16ce67aed79d54620
0x102049E8	0x10204AB0	200	aout_dac_config	image_a_xip|drivers_lib/audio_out/v2.0/hw.o	Strong	g2/docs/research/gx8002-upstream-object-candidates.json: package 0x0DF74; relocation-free SDK .text section match (NationalChip lvp_kws 8bf9ee5c) | also: gx8002-audio-output-dac-source-verification.json	315d1a3b1f2b6f995d97771a7525416921ab9ba84dbd382f402910c5bbf71d34
0x10204AB0	0x10204B5C	172	aout_i2s_config	image_a_xip|drivers_lib/audio_out/v2.0/hw.o	Strong	g2/docs/research/gx8002-upstream-object-candidates.json: package 0x0E03C; relocation-free SDK .text section match (NationalChip lvp_kws 8bf9ee5c) | also: gx8002-audio-output-i2s-config-source-verification.json	cb1de50a7d7780118a2fb8a17aae1b75967396e8a1ea678b8f8d1df250d1354a
0x10204B5C	0x10204C64	264	gx8002_aout_set_lodac	image_a_xip	Inferred	g2/docs/research/gx8002-audio-output-lodac-source-verification.json: package 0x0E0E8; descriptive name from codec function recovery	5e6751715cba23e125379b5b4e1d5b6d04be5414382fbb101608b1a62d8230cd
0x10204C64	0x10204C90	44	gx8002_aout_config_i2s	image_a_xip	Inferred	g2/docs/research/gx8002-audio-output-config-i2s-source-verification.json: package 0x0E1F0; descriptive name from codec function recovery	4091de010d65ccc18706f0127bb535798971aeacc69e8e8032d670874dbacff5
0x10204C90	0x10204CD4	68	gx8002_aout_config_dac	image_a_xip	Inferred	g2/docs/research/gx8002-audio-output-config-dac-source-verification.json: package 0x0E21C; descriptive name from codec function recovery	3042b35d476b58bacedeb8838f88239797a2ba9b1a60f949754d7d7a29f21e65
0x10204CD4	0x10204CDC	8	gx8002_aout_get_mute	image_a_xip	Inferred	g2/docs/research/gx8002-audio-output-mute-source-verification.json: package 0x0E260; descriptive name from codec function recovery	a403f618554c41acc4a4fbca396c46df7d52c149e2dade9902f5a5f97c757698
0x10204CDC	0x10204CFC	32	aout_set_fixed_src	image_a_xip|drivers_lib/audio_out/v2.0/hw.o	Strong	g2/docs/research/gx8002-upstream-object-candidates.json: package 0x0E268; relocation-free SDK .text section match (NationalChip lvp_kws 8bf9ee5c) | also: gx8002-audio-output-fixed-source-verification.json	3fde30e7dee668ce7a3b59a474cc969374f39527a85da00bd5faa978e02bb5d4
0x10204CFC	0x10204D04	8	gx8002_aout_get_sdc_addr	image_a_xip	Inferred	g2/docs/research/gx8002-audio-output-fixed-source-verification.json: package 0x0E288; descriptive name from codec function recovery	1669d6ea6ca93791f449784ff4c334d6a40cb365b03f045f5baecc9d18a1acba
0x10204D04	0x10204D38	52	gx8002_aout_drain_frame	image_a_xip	Inferred	g2/docs/research/gx8002-audio-output-drain-frame-source-verification.json: package 0x0E290; descriptive name from codec function recovery	e02a52ad887c453416047e1503dc7c1ce68fa9fb87d8ead196633a44ce7cda7e
0x10204D38	0x10204E6C	308	gx8002_aout_config_pcm	image_a_xip	Inferred	g2/docs/research/gx8002-audio-output-config-pcm-source-verification.json: package 0x0E2C4; descriptive name from codec function recovery	472d2729da8f447f6cb1c3f5aa06a6255b482ce4e49ba93ba942b70fd2d6a559
0x10204E6C	0x10204EC0	84	gx8002_aout_config_buffer	image_a_xip	Inferred	g2/docs/research/gx8002-audio-output-config-buffer-source-verification.json: package 0x0E3F8; descriptive name from codec function recovery	8838b805a5a133f459150c1dc075ccd3b303b02219e88ae3a62ad2e9ee2c7489
0x10204EC0	0x10204F18	88	gx8002_aout_suspend	image_a_xip	Inferred	g2/docs/research/gx8002-audio-output-suspend-source-verification.json: package 0x0E44C; descriptive name from codec function recovery	dca105928b011e9b9eb106f2d7e4e93196d0a5f2c0f5da9f6f3898062a924f8a
0x10204F18	0x10204F90	120	gx8002_aout_init	image_a_xip	Inferred	g2/docs/research/gx8002-audio-output-init-source-verification.json: package 0x0E4A4; descriptive name from codec function recovery	9666552837a810bab95e6df347cc6f10ef65366b5cea7c4c22b840f859a9da79
0x10204F90	0x10204FF0	96	gx8002_aout_set_db	image_a_xip	Inferred	g2/docs/research/gx8002-audio-output-volume-source-verification.json: package 0x0E51C; descriptive name from codec function recovery	9bdebf6cb6a9addc45c877a4cd28c3d1ac40cec177a975530c11c49da0900abe
0x10204FF0	0x1020502C	60	gx8002_aout_get_db	image_a_xip	Inferred	g2/docs/research/gx8002-audio-output-volume-source-verification.json: package 0x0E57C; descriptive name from codec function recovery	fb1900266c81d04e397d7fa39bf7e4014efcaeefd778967e8eb62317dde316c5
0x1020502C	0x1020508C	96	gx8002_aout_set_channel	image_a_xip	Inferred	g2/docs/research/gx8002-audio-output-set-channel-source-verification.json: package 0x0E5B8; descriptive name from codec function recovery	1ec3b146da9833a9059159b9ccfe6436ccb06126d65fb1261e5ece397415d7ee
0x1020508C	0x102050CA	62	aout_set_mute	image_a_xip|drivers_lib/audio_out/v2.0/hw.o	Strong	g2/docs/research/gx8002-upstream-object-candidates.json: package 0x0E618; relocation-free SDK .text section match (NationalChip lvp_kws 8bf9ee5c) | also: gx8002-audio-output-mute-source-verification.json	e4a71dd2eab1e3231939b69a5f1a08c070b94d4a388277cbd585392d8339863b
0x102050CC	0x102051A8	220	gx8002_aout_handle_isr	image_a_xip	Inferred	g2/docs/research/gx8002-audio-output-handle-isr-source-verification.json: package 0x0E658; descriptive name from codec function recovery	e1ddf5b45691c96eb928497a21581356ff55127aad8d8391dc52eaa6b623179f
0x102051A8	0x1020521C	116	gx8002_aout_push_frame	image_a_xip	Inferred	g2/docs/research/gx8002-audio-output-push-frame-source-verification.json: package 0x0E734; descriptive name from codec function recovery	18e172db09798954056fd81fe1384a4fa8ea650c14555494682a0271f1c75d59
0x1020521C	0x10205254	56	gx8002_aout_resume	image_a_xip	Inferred	g2/docs/research/gx8002-audio-output-resume-source-verification.json: package 0x0E7A8; descriptive name from codec function recovery	a49fa94b9cade25ca94855c0d99bff9c2a6a80d8dbc017eb0bd0b40bdb0e32fb
0x10205254	0x102052E0	140	gx8002_aout_alloc_playback	image_a_xip	Inferred	g2/docs/research/gx8002-audio-output-alloc-playback-source-verification.json: package 0x0E7E0; descriptive name from codec function recovery	752e9e5fe6b5da5cdcd410262a53a564962f847f65eab636813153a838f057b8
0x102052E0	0x10205318	56	gx8002_aout_free	image_a_xip	Inferred	g2/docs/research/gx8002-audio-output-free-source-verification.json: package 0x0E86C; descriptive name from codec function recovery	85eb7de0708176b2160db93c50a1fc09789c294b19ef718c12ce931ea34d2269
0x10205318	0x10205344	44	aout_config_cb	image_a_xip|drivers_lib/audio_out/v2.0/hw.o	Strong	g2/docs/research/gx8002-upstream-object-candidates.json: package 0x0E8A4; relocation-free SDK .text section match (NationalChip lvp_kws 8bf9ee5c) | also: gx8002-audio-output-callbacks-source-verification.json	83ec29fd68af15ba6cb6ae23adaad718af243095c21255ee858870c9e1bd2752
0x10205344	0x10205374	48	gx8002_aout_exit	image_a_xip	Inferred	g2/docs/research/gx8002-audio-output-exit-source-verification.json: package 0x0E8D0; descriptive name from codec function recovery	c3bc4e2ab6a279fef28113f20bcd6c2d74fb3ac13e3b21d9dabc5dae701090fa
0x10205374	0x1020537C	8	gx8002_aout_select_hw_config	image_a_xip	Inferred	g2/docs/research/gx8002-audio-output-hw-config-source-verification.json: package 0x0E900; descriptive name from codec function recovery	3b41c4ff5bd2cb7ac876425b0edd9d505c6914e31cef724299fd2f29c1eb8600
0x1020537C	0x102053B0	52	gx8002_audio_out_alloc_playback	image_a_xip	Inferred	g2/docs/research/gx8002-audio-output-public-alloc-source-verification.json: package 0x0E908; descriptive name from codec function recovery	c9a46dc9fdad9be523173c72e525f6216f33cd774ce234eefaaa1e5511857899
0x102053B0	0x102053E4	52	gx8002_audio_out_free	image_a_xip	Inferred	g2/docs/research/gx8002-audio-output-public-free-source-verification.json: package 0x0E93C; descriptive name from codec function recovery	fcc4f6bb9631496b2328a96a7335348d09f5a242cef782ae1f748e93e57a8c28
0x102053E4	0x10205418	52	gx8002_audio_out_config_buffer	image_a_xip	Inferred	g2/docs/research/gx8002-audio-output-public-buffer-source-verification.json: package 0x0E970; descriptive name from codec function recovery	b73a597fd4ce21f6be10ebee019c90017d2b18f1814cda02f4a5e5860d92a147
0x10205418	0x10205450	56	gx8002_audio_out_config_pcm	image_a_xip	Inferred	g2/docs/research/gx8002-audio-output-public-pcm-source-verification.json: package 0x0E9A4; descriptive name from codec function recovery	9e27c6bece314b4040bae4c751b2a84c2415f0c7e7cee678e5a7d3c9696d5ffd
0x10205450	0x10205488	56	gx8002_audio_out_config_cb	image_a_xip	Inferred	g2/docs/research/gx8002-audio-output-public-cb-source-verification.json: package 0x0E9DC; descriptive name from codec function recovery	c862848902ec3a0b77d1b99f2ef848eb53dcfc9262cf51e10e19f4cccba5709c
0x10205488	0x102054C0	56	gx8002_audio_out_push_frame	image_a_xip	Inferred	g2/docs/research/gx8002-audio-output-public-frame-source-verification.json: package 0x0EA14; descriptive name from codec function recovery	66623bf298ae56607a8a562bded014b956c63d1e66e682dc06ada35fac6bf6fd
0x102054C0	0x102054F8	56	gx8002_audio_out_set_db	image_a_xip	Inferred	g2/docs/research/gx8002-audio-output-public-db-source-verification.json: package 0x0EA4C; descriptive name from codec function recovery	cd7760cb88e9a8b1429911fa6580be4a7bbd65d87d30b62e3492bff3555eda2d
0x102054F8	0x10205530	56	gx8002_audio_out_set_channel	image_a_xip	Inferred	g2/docs/research/gx8002-audio-output-public-channel-source-verification.json: package 0x0EA84; descriptive name from codec function recovery	9250dd2a0f2e8b6b2a81646c2eabae31a48e653e0d22010bd5e83b5ea41ebc33
0x10205530	0x10205574	68	gx8002_audio_out_init	image_a_xip	Inferred	g2/docs/research/gx8002-audio-output-public-init-source-verification.json: package 0x0EABC; descriptive name from codec function recovery	31eb1b3d4f3024ebf65f067e043b0784e8325e68207cc94c1407ae82b2a72c1b
0x10205574	0x102055A8	52	gx8002_audio_out_exit	image_a_xip	Inferred	g2/docs/research/gx8002-audio-output-public-exit-source-verification.json: package 0x0EB00; descriptive name from codec function recovery	259bfe4381446f3df46d31b8c84f8bb9cfd8d091c185bdc5732f3bdb32d5aa41
0x102055A8	0x102055AC	4	gx8002_snpu_device_init	image_a_xip	Inferred	g2/docs/research/gx8002-snpu-device-verification.json: package 0x0EB34; descriptive name from codec function recovery	178fe1aaeab962f37309afb2366e89c0281860ecd184ff047d0faec881032668
0x102055AC	0x102055B0	4	gx8002_snpu_device_exit	image_a_xip	Inferred	g2/docs/research/gx8002-snpu-device-verification.json: package 0x0EB38; descriptive name from codec function recovery	178fe1aaeab962f37309afb2366e89c0281860ecd184ff047d0faec881032668
0x102055B0	0x102055C0	16	gx8002_snpu_request_irq	image_a_xip	Inferred	g2/docs/research/gx8002-snpu-device-verification.json: package 0x0EB3C; descriptive name from codec function recovery	361fd1ba2c41984c89805761db67ebce4d5c447719e98dd75e0aeae0924d355c
0x102055C0	0x102055CC	12	gx8002_reg_get_bit	image_a_xip	Inferred	g2/docs/research/gx8002-npu-register-verification.json: package 0x0EB4C; descriptive name from codec function recovery	335f75d829bc2845baffdef6f4040721b11820336c2594ed91d0ac35ad0443a9
0x102055CC	0x102055DC	16	gx8002_reg_set_bit	image_a_xip	Inferred	g2/docs/research/gx8002-npu-register-verification.json: package 0x0EB58; descriptive name from codec function recovery	1b5d7c15180072e3f59f11ce082ad400d20dac46e39d5ca1f5258d5437769293
0x102055DC	0x102055EC	16	gx8002_reg_clear_bit	image_a_xip	Inferred	g2/docs/research/gx8002-npu-register-verification.json: package 0x0EB68; descriptive name from codec function recovery	ed58f0fc67a39c7bad454b06c4545c5720021a65c75b9042a50fb4d5eeb0568d
0x102055EC	0x102055F0	4	gx8002_reg_get_value	image_a_xip	Inferred	g2/docs/research/gx8002-npu-register-verification.json: package 0x0EB78; descriptive name from codec function recovery	533f729244a3fb5e28373c4db14612484712e0d059683b35ff9d07112def6325
0x102055F0	0x102055F4	4	gx8002_reg_set_value	image_a_xip	Inferred	g2/docs/research/gx8002-npu-register-verification.json: package 0x0EB7C; descriptive name from codec function recovery	7d95518500e0843644c6a570f2fde503019dc6d7577e8dbaebe97792ced2a905
0x102055F4	0x10205600	12	gx8002_npu_enable	image_a_xip	Inferred	g2/docs/research/gx8002-npu-control-verification.json: package 0x0EB80; descriptive name from codec function recovery	6c62aac8e0afc4cadc0e46053b97a167223dc8e5c9d5db12870d280a18c31ebb
0x10205600	0x1020560C	12	gx8002_npu_disable	image_a_xip	Inferred	g2/docs/research/gx8002-npu-control-verification.json: package 0x0EB8C; descriptive name from codec function recovery	b7215507cce12812b48803466d87cf134719c38a6784707b501df1ea9a4c847f
0x1020560C	0x10205618	12	gx8002_npu_is_enabled	image_a_xip	Inferred	g2/docs/research/gx8002-npu-control-verification.json: package 0x0EB98; descriptive name from codec function recovery	432c1688e13ed43b41dd5ad1a1cd30d9e588b92de0b142657b808c8de4d02e3e
0x10205618	0x10205630	24	gx8002_npu_set_clock_gate	image_a_xip	Inferred	g2/docs/research/gx8002-npu-configuration-verification.json: package 0x0EBA4; descriptive name from codec function recovery	ba08a9baad1ded7eb38ecb5b2f1553da5ac7f9750c46ad101fedf55909440a21
0x10205630	0x10205648	24	gx8002_npu_set_idle_mode	image_a_xip	Inferred	g2/docs/research/gx8002-npu-configuration-verification.json: package 0x0EBBC; descriptive name from codec function recovery	9f48c71b9c9fa555e9ca49df47a56460911abc6666385b794f615ce31d3d311d
0x10205648	0x10205660	24	gx8002_npu_set_idle_cycle	image_a_xip	Inferred	g2/docs/research/gx8002-npu-configuration-verification.json: package 0x0EBD4; descriptive name from codec function recovery	6ab6a7dd90053efe3f1fa13a153a7af1f32556b308b7c7692df84e309dbed11a
0x10205660	0x1020566C	12	gx8002_npu_set_overtime_thr	image_a_xip	Inferred	g2/docs/research/gx8002-npu-configuration-verification.json: package 0x0EBEC; descriptive name from codec function recovery	d15ec44a9c35bb6d9fe21f13733140503bf65469c5aa59ff721c33e661b6ab7c
0x1020566C	0x102056E4	120	gx8002_npu_en_interrupt	image_a_xip	Inferred	g2/docs/research/gx8002-npu-interrupt-mask-verification.json: package 0x0EBF8; descriptive name from codec function recovery	2950d70efb40ab8a443d340292257c18eee88559c5ca24b0abc1172f73198033
0x102056E4	0x102056F0	12	gx8002_npu_all_idle	image_a_xip	Inferred	g2/docs/research/gx8002-npu-control-verification.json: package 0x0EC70; descriptive name from codec function recovery	78dd4705683df333bf2eba912f0e00f79c106778f9ace021cd8860d3ae6f0d3e
0x102056F0	0x10205768	120	gx8002_npu_get_interrupt	image_a_xip	Inferred	g2/docs/research/gx8002-npu-interrupt-status-verification.json: package 0x0EC7C; descriptive name from codec function recovery	b2e4d9bf13720bbfc9d034c33705f2c7102f965716e8f9dc7831a0046edad655
0x10205768	0x102057E0	120	gx8002_npu_clr_interrupt	image_a_xip	Inferred	g2/docs/research/gx8002-npu-interrupt-mask-verification.json: package 0x0ECF4; descriptive name from codec function recovery	3fee841b503a0b5fcd0c6df0a117346a7309d1d59570db0232f9799a9ee709aa
0x102057E0	0x10205838	88	gx8002_npu_clr_interrupt_without_overflow	image_a_xip	Inferred	g2/docs/research/gx8002-npu-interrupt-mask-verification.json: package 0x0ED6C; descriptive name from codec function recovery	8dec1bf46029af3ad700a7622a3df93829fa87e5070a4cb894bffd84df83fa3b
0x10205838	0x10205860	40	gx8002_npu_clr_overflow_interrupt	image_a_xip	Inferred	g2/docs/research/gx8002-npu-interrupt-mask-verification.json: package 0x0EDC4; descriptive name from codec function recovery	41a05d4ac598a21074cdebdeb73e6138d63c3da0081f9d9b5ca1add23195112e
0x10205860	0x10205870	16	gx8002_npu_get_over_cmd_addr	image_a_xip	Inferred	g2/docs/research/gx8002-npu-accessor-verification.json: package 0x0EDEC; descriptive name from codec function recovery	38bcb14f68647f06f4e9ea1ea70ce57d3f7e7575ecbb193ef2de72734b3ce500
0x10205870	0x10205880	16	gx8002_npu_get_op_overflow_cmd_addr	image_a_xip	Inferred	g2/docs/research/gx8002-npu-accessor-verification.json: package 0x0EDFC; descriptive name from codec function recovery	d6ad96ff7efc98d61e012e1c0ca247170fc741d4bdd70a51197c4319de0b791d
0x10205880	0x10205898	24	gx8002_npu_reset	image_a_xip	Inferred	g2/docs/research/gx8002-npu-accessor-verification.json: package 0x0EE0C; descriptive name from codec function recovery	654dc9bad82f714d8f9bd3809207e0c8a93f4b376accdc39013247683e578f10
0x10205898	0x102058A4	12	gx8002_npu_set_task_head	image_a_xip	Inferred	g2/docs/research/gx8002-npu-accessor-verification.json: package 0x0EE24; descriptive name from codec function recovery	0655300b0c796db09f8e02b6abdc554d86a6a2531dfb6a61e8a016955ee8d852
0x102058A4	0x102058B4	16	gx8002_npu_get_task_head	image_a_xip	Inferred	g2/docs/research/gx8002-npu-accessor-verification.json: package 0x0EE30; descriptive name from codec function recovery	da39addaadaf6de669a9402808b4b5fefc65c726eaf3d70d6dc837f8d297952b
0x102058B4	0x102058C4	16	gx8002_npu_get_base_addr	image_a_xip	Inferred	g2/docs/research/gx8002-npu-accessor-verification.json: package 0x0EE40; descriptive name from codec function recovery	6bdb07c6468e4e2d97ba7c22736df347e8f2736c8d5009f053d8958265bceb3c
0x102058C4	0x102058D4	16	gx8002_npu_get_cur_cmd_addr	image_a_xip	Inferred	g2/docs/research/gx8002-npu-accessor-verification.json: package 0x0EE50; descriptive name from codec function recovery	01a13ea05f3c81bf438f4613e4947a6ae9d47dbed8ebfaf4b88beb5c21ab6102
0x102058D4	0x10205950	124	gx8002_snpu_tcb_init	image_a_xip	Inferred	g2/docs/research/gx8002-snpu-tcb-init-verification.json: package 0x0EE60; descriptive name from codec function recovery	c13a69a60ee8e84ee09a3825ae1d2d7802a908f58b0ac5deac21c071f9d72d33
0x10205950	0x1020599C	76	gx8002_npu_regs_init	image_a_xip	Inferred	g2/docs/research/gx8002-npu-regs-init-verification.json: package 0x0EEDC; descriptive name from codec function recovery	52b01e6f998655d59aa97070311e663fd68804a3a93691b02463d89ce1a3d823
0x1020599C	0x102059E8	76	gx8002_snpu_resume_internal	image_a_xip	Inferred	g2/docs/research/gx8002-snpu-resume-internal-verification.json: package 0x0EF28; descriptive name from codec function recovery	db25fe14623fa4ae71d3516344f75d6d0531d0d4c0660529fe090c1d4afd8fd7
0x102059E8	0x10205A00	24	gx8002_snpu_task_cmd_cache_flush	image_a_xip	Inferred	g2/docs/research/gx8002-snpu-task-cmd-cache-flush-verification.json: package 0x0EF74; descriptive name from codec function recovery	42da9e45e21207f39aa76f27b021db7f97272dfad2cb8748b22f1858a9edf6e8
0x10205A00	0x10205A90	144	gx8002_snpu_submit_task	image_a_xip	Inferred	g2/docs/research/gx8002-snpu-submit-task-verification.json: package 0x0EF8C; descriptive name from codec function recovery	9d0f625bf2c2efe744ae28e4bc78d4462413f7b495403fecca087b023483c35b
0x10205A90	0x10205AD8	72	gx8002_snpu_suspend	image_a_xip	Inferred	g2/docs/research/gx8002-snpu-suspend-verification.json: package 0x0F01C; descriptive name from codec function recovery	eb2472f2320922612c0dff2853011040197ddd4629fcc8862c7a160740a815d1
0x10205AD8	0x10205B1C	68	gx8002_snpu_dump_words	image_a_xip	Inferred	g2/docs/research/gx8002-snpu-overtime-verification.json: package 0x0F064; descriptive name from codec function recovery	078ea1ff96633a2fb480f1ef22e364da5f875ba4abfb787cdba8b7a2fb74fae6
0x10205B1C	0x10205BD8	188	gx8002_snpu_overtime_reset	image_a_xip	Inferred	g2/docs/research/gx8002-snpu-overtime-verification.json: package 0x0F0A8; descriptive name from codec function recovery	62284b662b6d77a9188a0cd475aba24cce1047b72a41e0deca174513aefcdf77
0x10205BD8	0x10205CE0	264	gx8002_snpu_process_status	image_a_xip	Inferred	g2/docs/research/gx8002-snpu-process-status-verification.json: package 0x0F164; descriptive name from codec function recovery	4a355bdc0e1e305525929c8eac316b20a217f4109f51bf53eab4883274228675
0x10205CE0	0x10205CF4	20	gx8002_snpu_isr	image_a_xip	Inferred	g2/docs/research/gx8002-snpu-isr-verification.json: package 0x0F26C; descriptive name from codec function recovery	0ae80bdee100081dce0265d8cb84a97f49c240ec1d2f3c2c9e464043f174160b
0x10205CF4	0x10205D40	76	gx8002_snpu_initialize	image_a_xip	Inferred	g2/docs/research/gx8002-snpu-initialize-verification.json: package 0x0F280; descriptive name from codec function recovery	51f99552ff0fabd10752d894b754e4449be1762423faa4e3b40c95031c1bfc41
0x10205D40	0x10205D60	32	gx_snpu_exit	image_a_xip	Inferred	g2/docs/research/gx8002-driver-exit-verification.json: package 0x0F2CC; descriptive name from codec function recovery	e507b893aa1c1bbbeb786a1a553133d36125703084a9cdecdcc55ac5be6db322
0x10205D60	0x10205E28	200	gx8002_snpu_run_task	image_a_xip	Inferred	g2/docs/research/gx8002-snpu-run-task-verification.json: package 0x0F2EC; descriptive name from codec function recovery	da9510309e19220cae358c70c7649feef38f1eb92f9ed6920ce57a77c96ed64e
0x10205E28	0x10205E34	12	gx8002_snpu_get_state	image_a_xip	Inferred	g2/docs/research/gx8002-snpu-get-state-verification.json: package 0x0F3B4; descriptive name from codec function recovery	e0db1e81ec121e7e298e9e4a1729e274737e52a23ffac3318f1cf38986de80ae
0x10205E34	0x10205E50	28	gx_analog_set_pga_itrim	image_a_xip|drivers_lib/analog/adc.o	Strong	g2/docs/research/gx8002-upstream-object-candidates.json: package 0x0F3C0; relocation-free SDK .text section match (NationalChip lvp_kws 8bf9ee5c) | also: gx8002-analog-source-verification.json	0504969ffa98417f5c5517561d2a85745f13e55cf70fb9c821c00833ec1f404c
0x10205E50	0x10205E68	24	gx_analog_set_pga_bypass	image_a_xip|drivers_lib/analog/adc.o	Strong	g2/docs/research/gx8002-upstream-object-candidates.json: package 0x0F3DC; relocation-free SDK .text section match (NationalChip lvp_kws 8bf9ee5c) | also: gx8002-analog-source-verification.json	9588bb951cdc852bb57d5dce0258f46e3770ae01ee4de4fabff821311d778677
0x10205E68	0x10205E80	24	gx_analog_set_pga_enable	image_a_xip|drivers_lib/analog/adc.o	Strong	g2/docs/research/gx8002-upstream-object-candidates.json: package 0x0F3F4; relocation-free SDK .text section match (NationalChip lvp_kws 8bf9ee5c) | also: gx8002-analog-source-verification.json	9ecf90c5e330510a3b7fd46427377d69825f27ce3470890d195127ba87811ab6
0x10205E80	0x10205E98	24	gx_analog_set_adc_sample_clk_sel	image_a_xip|drivers_lib/analog/adc.o	Strong	g2/docs/research/gx8002-upstream-object-candidates.json: package 0x0F40C; relocation-free SDK .text section match (NationalChip lvp_kws 8bf9ee5c) | also: gx8002-analog-source-verification.json	0ca0f7ec2e7307b2d2ff0df8be2f83d6f4c2f89807e84d8dcba55b305bf7c51a
0x10205E98	0x10205EB0	24	gx_analog_set_adc_out_at_clk	image_a_xip|drivers_lib/analog/adc.o	Strong	g2/docs/research/gx8002-upstream-object-candidates.json: package 0x0F424; relocation-free SDK .text section match (NationalChip lvp_kws 8bf9ee5c) | also: gx8002-analog-source-verification.json	251065a85d7363ccb14196fcd89c02e857c9eb0c33808be02523c8bf20dcf238
0x10205EB0	0x10205EC8	24	gx_analog_set_adc_in_sel	image_a_xip|drivers_lib/analog/adc.o	Strong	g2/docs/research/gx8002-upstream-object-candidates.json: package 0x0F43C; relocation-free SDK .text section match (NationalChip lvp_kws 8bf9ee5c) | also: gx8002-analog-source-verification.json	9d4e9e34537119eb017c8fbc6ec0ff7b2db0471813ebc37af0c77f3834e77156
0x10205EC8	0x10205EE0	24	gx_analog_set_adc_rstn	image_a_xip|drivers_lib/analog/adc.o	Strong	g2/docs/research/gx8002-upstream-object-candidates.json: package 0x0F454; relocation-free SDK .text section match (NationalChip lvp_kws 8bf9ee5c) | also: gx8002-analog-source-verification.json	9b6101eb3e3da0c27405540923b4982d883d813f1628ce45c4f33bd15ff0d64b
0x10205EE0	0x10205F24	68	gx8002_gpio_isr	image_a_xip	Inferred	g2/docs/research/gx8002-gpio-isr-verification.json: package 0x0F46C; descriptive name from codec function recovery	13d6538209efdb74262c9d33b7f6a8e955d7c9571317dd7f6b009ec776294535
0x10205F24	0x10205F88	100	gx_gpio_set_direction	image_a_xip|drivers_lib/gpio/gpio_mini.o	Strong	g2/docs/research/gx8002-upstream-object-candidates.json: package 0x0F4B0; relocation-free SDK .text section match (NationalChip lvp_kws 8bf9ee5c) | also: gx8002-gpio-output-verification.json	2aef18499f519ddb30aa99930f5f5a70df354f29f96887167b23b7ca446bd8c3
0x10205F88	0x10205FB4	44	gx_gpio_set_level	image_a_xip|drivers_lib/gpio/gpio_mini.o	Strong	g2/docs/research/gx8002-upstream-object-candidates.json: package 0x0F514; relocation-free SDK .text section match (NationalChip lvp_kws 8bf9ee5c) | also: gx8002-gpio-output-verification.json	e859c6388a189be0c96b2cbdf7bb41f36d76b0631caecacb6aa40e62b585946b
0x10205FB4	0x10206074	192	gx8002_gpio_enable_trigger	image_a_xip	Inferred	g2/docs/research/gx8002-gpio-trigger-verification.json: package 0x0F540; descriptive name from codec function recovery	7193bfe19eedc9b35165e8150c97be676b4bae5b99f9dfc354ee5b72aa8564a6
0x10206074	0x102060D0	92	gx8002_gpio_disable_trigger	image_a_xip	Inferred	g2/docs/research/gx8002-gpio-disable-trigger-verification.json: package 0x0F600; descriptive name from codec function recovery	3bf8cdd34f592b5093be1b4d1e90bb98a81aceed07b7c5198c3fc89d542dcc40
0x102060D0	0x102060E8	24	gx8002_gpio_initialize	image_a_xip	Inferred	g2/docs/research/gx8002-gpio-initialize-verification.json: package 0x0F65C; descriptive name from codec function recovery	a94629e7633a0e3d039e4a24a3f9856f9246d423152e2e250caaa885f584c05c
0x102060E8	0x102060FC	20	gx8002_device_list_init	image_a_xip	Inferred	g2/docs/research/gx8002-device-list-init-verification.json: package 0x0F674; descriptive name from codec function recovery	4e7e5e95824bfc057f5be66b2f41e88cbc8c32e5d74c12e7d8ec2d03816b791b
0x102060FC	0x10206164	104	gx8002_spi_register_master	image_a_xip	Inferred	g2/docs/research/gx8002-spi-register-master-verification.json: package 0x0F688; descriptive name from codec function recovery	52d4cd93316c041f1a684eec49e1acffbf40c8b9e84a436b18718ef944f0c149
0x10206164	0x10206170	12	gx8002_dw_spi_cleanup	image_a_xip	Inferred	g2/docs/research/gx8002-dw-spi-cleanup-verification.json: package 0x0F6F0; descriptive name from codec function recovery	7106625a18c7c6cd2c6b3da75c7b4641c5283be27d6481ab3601b09a8b399482
0x10206170	0x10206190	32	spi_master_irq_handler	image_a_xip|drivers_lib/spi/dw_spi/spi_master_v3.o	Strong	g2/docs/research/gx8002-upstream-object-candidates.json: package 0x0F6FC; relocation-free SDK .text section match (NationalChip lvp_kws 8bf9ee5c) | also: gx8002-dw-spi-irq-verification.json	41f80726223e7f56079c5563cb09ecbf36cbb098a9c2c2ceff98be9dcb9f83f7
0x10206190	0x10206204	116	gx8002_dw_spi_setup	image_a_xip	Inferred	g2/docs/research/gx8002-dw-spi-setup-verification.json: package 0x0F71C; descriptive name from codec function recovery	b25118f489e60485455c13aec8b304efd82a5275a7dc91eeddacb4e3cefe9d79
0x10206204	0x1020647E	634	gx8002_dw_spi_quick_transfer	image_a_xip	Inferred	g2/docs/research/gx8002-dw-spi-quick-transfer-verification.json: package 0x0F790; descriptive name from codec function recovery	7327bfd821913d05255020723c44cf51e29af05fac10e878efec9c6a645f9d62
0x10206480	0x1020658C	268	gx8002_dw_spi_probe	image_a_xip	Inferred	g2/docs/research/gx8002-dw-spi-probe-verification.json: package 0x0FA0C; descriptive name from codec function recovery	b9faf578c98cda7f86a6e621fe6c8a7ca6153dfe5e9710c3f9b7412495f79e63
0x1020658C	0x102065B8	44	padmux_get	image_a_xip|drivers_lib/padmux/grus_padmux.o	Strong	g2/docs/research/gx8002-upstream-object-candidates.json: package 0x0FB18; relocation-free SDK .text section match (NationalChip lvp_kws 8bf9ee5c) | also: gx8002-padmux-get-verification.json	13c8ffcf7c31fd19cfa6542e29c9281bfc2ed30887628079f5e7440d56ae9ec3
0x102065B8	0x102065DC	36	gx8002_padmux_check	image_a_xip	Inferred	g2/docs/research/gx8002-padmux-check-verification.json: package 0x0FB44; descriptive name from codec function recovery	43e3145e1f2f5699aaa68df92831161c21fa102c2c01fc9f2d827073aaa18dcc
0x102065DC	0x10206630	84	gx8002_padmux_set	image_a_xip	Inferred	g2/docs/research/gx8002-padmux-set-verification.json: package 0x0FB68; descriptive name from codec function recovery	e79030ef743a7f2eaa5d5ebec638cd08afd8e71b68914d54ae7b73e990fadaa4
0x10206630	0x10206680	80	gx8002_padmux_init	image_a_xip	Inferred	g2/docs/research/gx8002-padmux-init-verification.json: package 0x0FBBC; descriptive name from codec function recovery	c586a732388a7cf8af09cc3a617c979d0a97dcbae8bfee0b64e7998e47a2912d
0x10206680	0x102066A0	32	gx8002_rtc_isr	image_a_xip	Inferred	g2/docs/research/gx8002-rtc-isr-verification.json: package 0x0FC0C; descriptive name from codec function recovery	bb8cc0ade6891953872ceac15f1136faeccead9c79c3cb6b063768ee19f1d6c6
0x102066A0	0x102066B0	16	gx_rtc_start_tick	image_a_xip|drivers_lib/rtc/dw_rtc.o	Strong	g2/docs/research/gx8002-upstream-object-candidates.json: package 0x0FC2C; relocation-free SDK .text section match (NationalChip lvp_kws 8bf9ee5c) | also: gx8002-rtc-start-tick-verification.json	2849ebfb203d08c3291de5f818fe078b7eec290bee0c186a3c0048244dc48ae5
0x102066B0	0x102066BC	12	gx8002_rtc_set_tick	image_a_xip	Inferred	g2/docs/research/gx8002-rtc-set-tick-verification.json: package 0x0FC3C; descriptive name from codec function recovery	a20e6d50e2e45f1f0edb4b1eca5b44447e26f603db47133512d71800702874f1
0x102066BC	0x10206704	72	gx8002_rtc_init	image_a_xip	Inferred	g2/docs/research/gx8002-rtc-init-source-verification.json: package 0x0FC48; descriptive name from codec function recovery	dad3bb66ea0321c72393be201034bc490758eb368c98c3da0dc9b40f9b4bc54d
0x10206704	0x10206720	28	gx8002_watchdog_interrupt	image_a_xip	Inferred	g2/docs/research/gx8002-watchdog-initialize-verification.json: package 0x0FC90; descriptive name from codec function recovery	a0b252e832cbc80e5ab5dd7e42d2da1521bf6a6aa1dd48edf1fd711b3ed21cbe
0x10206720	0x102067A0	128	gx8002_watchdog_initialize	image_a_xip	Inferred	g2/docs/research/gx8002-watchdog-initialize-verification.json: package 0x0FCAC; descriptive name from codec function recovery	1287b9aba79982f6db1aa7ff76584289af4f511bf4d8daccd7b91df633fb9f4b
0x102067A0	0x102067AA	10	gx8002_watchdog_ping	image_a_xip	Inferred	g2/docs/research/gx8002-app-tick-verification.json: package 0x0FD2C; descriptive name from codec function recovery	75a3350b641ef0ca252160dec01f5d2246c3ba7fc7f9380545d7fb3dd9dd1a7e
0x102067AC	0x102067B8	12	gx8002_watchdog_stop	image_a_xip	Inferred	g2/docs/research/gx8002-watchdog-stop-verification.json: package 0x0FD38; descriptive name from codec function recovery	d10f827a10decaa5a3f926c6d48d2f5d4801720d5528636f7eddbaff4a5206fe
0x102067B8	0x102067DC	36	gx8002_reboot	image_a_xip	Inferred	g2/docs/research/gx8002-reboot-verification.json: package 0x0FD44; descriptive name from codec function recovery	183481196057553ffe50cf0e3ba7690da528d2afe46c014acfe2203ce10352f1
0x102067DC	0x1020681C	64	gx8002_board_pin_configure	image_a_xip	Inferred	g2/docs/research/gx8002-gsensor-workstate-source-verification.json: package 0x0FD68; descriptive name from codec function recovery | also: gx8002-board-pin-initialize-source-verification.json, gx8002-board-pin-setup-source-verification.json, gx8002-board-pin-source-verification.json	c4613a49d56f5400ed0427d71f73df1c6aaa719a5943a66c585e41a8df65c93b
0x1020681C	0x102068A0	132	gx8002_board_pin_setup	image_a_xip	Inferred	g2/docs/research/gx8002-gsensor-workstate-source-verification.json: package 0x0FDA8; descriptive name from codec function recovery | also: gx8002-board-pin-initialize-source-verification.json, gx8002-board-pin-setup-source-verification.json	3fd7513b1f81793ebcdb3cc54c50c04714bcacc3751fadc11f5f43ebb7423e33
0x102068A0	0x10206908	104	gx8002_board_pin_initialize	image_a_xip	Inferred	g2/docs/research/gx8002-gsensor-workstate-source-verification.json: package 0x0FE2C; descriptive name from codec function recovery | also: gx8002-board-pin-initialize-source-verification.json	020b8fb5b2d7ad9c8d67731bae760cb0910d9dad03d6816d5bcc0967af9418b0
0x10206908	0x10206920	24	gx8002_gsensor_workstate	image_a_xip	Inferred	g2/docs/research/gx8002-gsensor-workstate-source-verification.json: package 0x0FE94; descriptive name from codec function recovery	78fe2d34876ed5ec31876dccf41cff1aff7777ba51252c7229d70a0240670a21
0x10206920	0x10206998	120	ui2a	image_a_xip	Inferred	g2/docs/research/gx8002-formatter-verification.json: package 0x0FEAC; descriptive name from codec function recovery	4e44c4f679319c26069eff60f59a5bdfbd88ab615dc96c7e9356f2a5a15cf594
0x10206998	0x102069B0	24	putf	image_a_xip	Inferred	g2/docs/research/gx8002-formatter-verification.json: package 0x0FF24; descriptive name from codec function recovery	077f24889dc1989e2ffc55dbae7df48b2d121a4010480dd892cbd56e38515f16
0x102069B0	0x10206A84	212	putchw	image_a_xip	Inferred	g2/docs/research/gx8002-formatter-verification.json: package 0x0FF3C; descriptive name from codec function recovery	e623d8d7e9664d19f7cc625e0d1cc445b6af46fff330d8b31849ec7c50d6e484
0x10206A84	0x10206C24	416	tfp_format	image_a_xip	Inferred	g2/docs/research/gx8002-formatter-verification.json: package 0x10010; descriptive name from codec function recovery	180f317091aa855ade58b7be8e6823171cdd8a876f5967d134ea582d5b57da0f
0x10206C24	0x10206C42	30	gx8002_printf	image_a_xip	Inferred	g2/docs/research/gx8002-printf-verification.json: package 0x101B0; descriptive name from codec function recovery	668c463a445bc03c2bb244458cc237fa266848152201fbe4f4865b2c61fb88f8
0x10206C44	0x10206C70	44	gx8002_memmove	image_a_xip	Inferred	g2/docs/research/gx8002-memmove-source-verification.json: package 0x101D0; descriptive name from codec function recovery	bf1fa85d714df47056557b5e16b507a211724aabc9c3d57e28030f7a717d54a8
0x10206C70	0x10206C7A	10	gx8002_fputc	image_a_xip	Inferred	g2/docs/research/gx8002-fputc-verification.json: package 0x101FC; descriptive name from codec function recovery	ed24c31be459841c2b3caa4352563c5b81ca7de88e045b230a185d61bd9ab5ca
0x10206C7C	0x10206CA0	36	gx8002_strncmp	image_a_xip	Inferred	g2/docs/research/gx8002-strncmp-verification.json: package 0x10208; descriptive name from codec function recovery	99203ae3a7ed9eac1856425e6d64f0f6a2d25055c09271b87a715bfd40259f3e
0x10206CA0	0x10206CB0	16	gx8002_stage2_strlen	image_a_xip	Inferred	g2/docs/research/gx8002-main-strlen-verification.json: package 0x1022C; descriptive name from codec function recovery	d2ba3aa1d60d38f0b0edeb549a629cd031637df2e8273af5242ee8acd2d6f0c9
0x10206CB0	0x10206D90	224	gx8002_kws_flash_load	image_a_xip	Inferred	g2/docs/research/gx8002-kws-flash-load-source-verification.json: package 0x1023C; descriptive name from codec function recovery	500c1075e3c273df734e866f3d5e8ae30f148e907e9140a75a5bc42394d2acc3
0x10206D90	0x10206DAC	28	gx8002_kws_initialize	image_a_xip	Inferred	g2/docs/research/gx8002-kws-initialize-verification.json: package 0x1031C; descriptive name from codec function recovery	6c7221e538b77b243f8567e9649ecfd20c44774eb9a93d456bb5d14d230687d3
0x10206DAC	0x10206DC0	20	LvpKwsDone	image_a_xip	Inferred	g2/docs/research/gx8002-stream-shutdown-verification.json: package 0x10338; descriptive name from codec function recovery	310acf73ea192928c8cb6807edca2a4b7f2ecd3b9c17d571b19e187e2eb3d5f3
0x10206DC0	0x10206E6C	172	gx8002_buffer_initialize	image_a_xip	Inferred	g2/docs/research/gx8002-buffer-initialize-source-verification.json: package 0x1034C; descriptive name from codec function recovery	946b79647cec1c11a7ab194636f1db6d3fdbf4df9eeb6a5a7cc2388ddd21b58c
0x10206E6C	0x10206E78	12	gx8002_mic_buffer_addr	image_a_xip	Inferred	g2/docs/research/gx8002-buffer-accessors-verification.json: package 0x103F8; descriptive name from codec function recovery | also: gx8002-audio-input-buffers-source-verification.json, gx8002-audio-input-buffers-verification.json	fa849855e20629be9e7e4ba15d4c85fde5a698a69b1868a455f10978ed93ed82
0x10206E78	0x10206E84	12	gx8002_mic_buffer_size	image_a_xip	Inferred	g2/docs/research/gx8002-buffer-accessors-verification.json: package 0x10404; descriptive name from codec function recovery | also: gx8002-audio-input-buffers-source-verification.json, gx8002-audio-input-buffers-verification.json	a4804416e823dee2f96e051a53c3ca5479abdf2fa112c311fb448601ab405b4f
0x10206E84	0x10206E90	12	gx8002_logfbank_buffer_addr	image_a_xip	Inferred	g2/docs/research/gx8002-buffer-accessors-verification.json: package 0x10410; descriptive name from codec function recovery | also: gx8002-audio-input-buffers-source-verification.json, gx8002-audio-input-buffers-verification.json	837162542f427757f469c8b3d25c26e29b3a46d96f24184a2395293003dbfcfc
0x10206E90	0x10206E9C	12	gx8002_logfbank_buffer_size	image_a_xip	Inferred	g2/docs/research/gx8002-buffer-accessors-verification.json: package 0x1041C; descriptive name from codec function recovery | also: gx8002-audio-input-buffers-source-verification.json, gx8002-audio-input-buffers-verification.json	7a99f18ba0378d5304deb2155eac546b209df0c4778664df89d6d8918bd0764b
0x10206E9C	0x10206EA4	8	gx8002_context_header	image_a_xip	Inferred	g2/docs/research/gx8002-buffer-accessors-verification.json: package 0x10428; descriptive name from codec function recovery | also: gx8002-audio-input-buffers-source-verification.json, gx8002-audio-input-buffers-verification.json	b98d8f123ea548041a37386ae0d24e908a27b371fbb96fb312cb2fa9a3d2064f
0x10206EA4	0x10206EAC	8	gx8002_feats_buffer	image_a_xip	Inferred	g2/docs/research/gx8002-buffer-accessors-verification.json: package 0x10430; descriptive name from codec function recovery | also: gx8002-audio-input-buffers-source-verification.json, gx8002-audio-input-buffers-verification.json	87f2a7cb7c4f1d93bc69e8d9f7e614fe75c482c0a0033ebde891f78b7b0065ee
0x10206EAC	0x10206EC8	28	gx8002_logfbank_index	image_a_xip	Inferred	g2/docs/research/gx8002-logfbank-index-verification.json: package 0x10438; descriptive name from codec function recovery	3a8fb654b24cedb254fa8a7188797e5c357c5a515ae9c471205b9c661d9e155f
0x10206EC8	0x10206F08	64	gx8002_context_acquire	image_a_xip	Inferred	g2/docs/research/gx8002-context-acquire-verification.json: package 0x10454; descriptive name from codec function recovery	3a0a796974e078cbaf5bb72eb7c0038883c088152461d81bdf234a4e368fdaf0
0x10206F08	0x10206F50	72	gx8002_mic_frame	image_a_xip	Inferred	g2/docs/research/gx8002-mic-frame-verification.json: package 0x10494; descriptive name from codec function recovery	123b61615b2e37d50306cb0b2da599266f55ff6a38e089de28e81257002993c1
0x10206F50	0x10206F5C	12	gx8002_pcm_frames_per_context	image_a_xip	Inferred	g2/docs/research/gx8002-buffer-metadata-verification.json: package 0x104DC; descriptive name from codec function recovery | also: gx8002-audio-input-buffers-source-verification.json, gx8002-audio-input-buffers-verification.json	4cc39d1fe0b77854f31e2dea6c1ae25e09031b8be38ab7081c606307386e8c54
0x10206F5C	0x10206F74	24	gx8002_pcm_frame_size	image_a_xip	Inferred	g2/docs/research/gx8002-buffer-metadata-verification.json: package 0x104E8; descriptive name from codec function recovery | also: gx8002-audio-input-buffers-source-verification.json, gx8002-audio-input-buffers-verification.json	7af16c787bf88b1c7596ee7822761c20c8e4ba5cc5e2134d1183d503e3de95ea
0x10206F74	0x10206F80	12	gx8002_logfbank_frames_per_channel	image_a_xip	Inferred	g2/docs/research/gx8002-buffer-metadata-verification.json: package 0x10500; descriptive name from codec function recovery | also: gx8002-audio-input-buffers-source-verification.json, gx8002-audio-input-buffers-verification.json	3bb0499727e36b52bcdc9eff3fbadbb7a654b8d05bbf55ac0d4b842a108d6991
0x10206F80	0x10206F84	4	gx8002_context_gap	image_a_xip	Inferred	g2/docs/research/gx8002-buffer-metadata-verification.json: package 0x1050C; descriptive name from codec function recovery | also: gx8002-audio-input-buffers-source-verification.json, gx8002-audio-input-buffers-verification.json	535d43ea65c8b7bb04cc91c468cc834ffe6940dd4c4ccdc9b6cf14209940263f
0x10206F84	0x10206F90	12	gx8002_context_count	image_a_xip	Inferred	g2/docs/research/gx8002-buffer-metadata-verification.json: package 0x10510; descriptive name from codec function recovery | also: gx8002-audio-input-buffers-source-verification.json, gx8002-audio-input-buffers-verification.json	4335aa05429d5bf14d8631170803ceab41bbc9b5cae3dd159ad938ba36b29439
0x10206F90	0x10206F9C	12	gx8002_mic_channel_count	image_a_xip	Inferred	g2/docs/research/gx8002-buffer-metadata-verification.json: package 0x1051C; descriptive name from codec function recovery | also: gx8002-audio-input-buffers-source-verification.json, gx8002-audio-input-buffers-verification.json	16fbec85ca84839f8cf98502256e471ccf54ee5fa0edca07d2fb2ccc18bc8691
0x10206F9C	0x10206FB0	20	LvpQueueInit	image_a_xip	Inferred	g2/docs/research/gx8002-uart-message-initialize-source-verification.json: package 0x10528; descriptive name from codec function recovery | also: gx8002-queue-source-verification.json, gx8002-uart-message-initialize-queue.json	cfb98298b268914abd19b4c90183868e23dc33cdc467f60d8f06d494a0c83071
0x10206FB0	0x10206FFA	74	LvpQueueGet	image_a_xip	Inferred	g2/docs/research/gx8002-queue-get-comparison.json: package 0x1053C; descriptive name from codec function recovery	31898a7d6f013ef63ffcc625138adff59d5aa02529e9f18833d168de8b53a043
0x10206FFC	0x10207006	10	LvpQueueIsEmpty	image_a_xip	Inferred	g2/docs/research/gx8002-uart-message-initialize-source-verification.json: package 0x10588; descriptive name from codec function recovery | also: gx8002-queue-source-verification.json, gx8002-uart-message-initialize-queue.json	bc6d60f81dfc11f3f53d02427b0026e5f4bafde64a7523070778e7fe9852b679
0x10207008	0x10207020	24	LvpQueueIsFull	image_a_xip	Inferred	g2/docs/research/gx8002-uart-message-initialize-source-verification.json: package 0x10594; descriptive name from codec function recovery | also: gx8002-queue-source-verification.json, gx8002-uart-message-initialize-queue.json	c620a8a4045d04230f4b4bb4597e2eddb44da812b769e99a36e0d4956144e4a9
0x10207024	0x1020704C	40	gx8002_audio_input_buffer_size	image_a_xip	Inferred	g2/docs/research/gx8002-audio-input-buffers-source-verification.json: package 0x105B0; descriptive name from codec function recovery	b031c2725cff148c0f3e1a3f85a0904ab9a3eef23d72b44db269019ae996ae48
0x1020704C	0x10207070	36	gx8002_audio_input_buffer_addr	image_a_xip	Inferred	g2/docs/research/gx8002-audio-input-buffers-source-verification.json: package 0x105D8; descriptive name from codec function recovery	c65fb85acfe746d97a1a6499a21a4c44f328d966eb0e0cdfb8e3074dae4e531d
0x10207070	0x10207234	452	gx8002_audio_input_output	image_a_xip	Inferred	g2/docs/research/gx8002-audio-input-output-source-verification.json: package 0x105FC; descriptive name from codec function recovery	0b1efb70d64857cf9110bdc660f88a86b7a963a43ec51e5b62da6a768dd3cdcc
0x10207234	0x10207394	352	gx8002_audio_input_config	image_a_xip	Inferred	g2/docs/research/gx8002-audio-input-config-source-verification.json: package 0x107C0; descriptive name from codec function recovery	8a19317505b7cf21a0745c39f4214c991e1a4c5f03d3d740ad85e40101ecc541
0x10207394	0x102073A0	12	gx8002_audio_input_delayed_vad	image_a_xip	Inferred	g2/docs/research/gx8002-audio-input-state-verification.json: package 0x10920; descriptive name from codec function recovery	48f0e72476ca70914812fce0fb7f6215bf727ebc07d1105a6cbf6581140920d4
0x102073A0	0x102073BC	28	gx8002_audio_input_update_read	image_a_xip	Inferred	g2/docs/research/gx8002-audio-input-state-verification.json: package 0x1092C; descriptive name from codec function recovery	f3374240bddcd3c8f4404795edc61886831e056fb54111075aa73d6e1c6b7aa0
0x102073BC	0x102073F8	60	gx8002_audio_input_init	image_a_xip	Inferred	g2/docs/research/gx8002-audio-input-init-source-verification.json: package 0x10948; descriptive name from codec function recovery	e3bbb6854ed02b7829d7cabe8e7de891419fa336a11ca59793513df359e39b84
0x102073F8	0x10207404	12	LvpAudioInDone	image_a_xip	Inferred	g2/docs/research/gx8002-stream-shutdown-verification.json: package 0x10984; descriptive name from codec function recovery	d73c9634cda502fcfb7390b3ec55401dca01f7b02e41c8015ab51e935d30c13e
0x10207404	0x102075C8	452	gx8002_audio_input_query_vad	image_a_xip	Inferred	g2/docs/research/gx8002-audio-input-query-vad-source-verification.json: package 0x10990; descriptive name from codec function recovery	be1ce99460808a8576a4d57ddea9e1b632ed73f02c6dfd74fd726a22ec2d63fa
0x102075C8	0x10207644	124	gx8002_audio_input_env_noise	image_a_xip	Inferred	g2/docs/research/gx8002-audio-input-env-noise-source-verification.json: package 0x10B54; descriptive name from codec function recovery	c2cae1620a376420a0cc52001c16cf8b8843610aea0c7453d7e19ea43ce596fb
0x10207644	0x10207660	28	gx8002_audio_input_suspend	image_a_xip	Inferred	g2/docs/research/gx8002-audio-input-standby-source-verification.json: package 0x10BD0; descriptive name from codec function recovery	197d1d9048e2317ae08f4afb8367c3da6c910fc5e23f847d43955e670267881b
0x10207660	0x10207680	32	gx8002_audio_input_standby_startup	image_a_xip	Inferred	g2/docs/research/gx8002-audio-input-standby-source-verification.json: package 0x10BEC; descriptive name from codec function recovery	89e28e6ffc4e18c42bd15c396664db553e97ca8a4438768e5074f03839b86c41
0x10207680	0x102076C0	64	gx8002_power_initialize	image_a_xip	Inferred	g2/docs/research/gx8002-power-initialize-source-verification.json: package 0x10C0C; descriptive name from codec function recovery	bb4a21e27477378a9e4c3a4d0d3625b7a850f42ab7c4a34abe6ec707de77b0b5
0x102076C0	0x10207718	88	gx8002_register_suspend	image_a_xip	Inferred	g2/docs/research/gx8002-power-registration-verification.json: package 0x10C4C; descriptive name from codec function recovery	3a4c96cd7c8670ba0750f76d84d67aa605e69afc4c49901ed6ef1882266394fb
0x10207718	0x10207770	88	gx8002_register_resume	image_a_xip	Inferred	g2/docs/research/gx8002-power-registration-verification.json: package 0x10CA4; descriptive name from codec function recovery	9f6731d1578f7615af239673109d1c0619615fa9e106215938354434dc23f2b9
0x10207770	0x102077A8	56	gx8002_power_lock_create	image_a_xip	Inferred	g2/docs/research/gx8002-power-locks-source-verification.json: package 0x10CFC; descriptive name from codec function recovery	42aaa7b1a128fd85c014459eb6ee6468bfdc117de1f2f4fa44fba0c2f4715511
0x102077A8	0x102077D4	44	gx8002_power_lock	image_a_xip	Inferred	g2/docs/research/gx8002-power-lock-control-source-verification.json: package 0x10D34; descriptive name from codec function recovery	6f9444eff0500ec1aeeaa1b3a9276ce23d81b1263d84fce05c98069dfbfddc96
0x102077D4	0x102077F8	36	gx8002_power_unlock	image_a_xip	Inferred	g2/docs/research/gx8002-power-lock-control-source-verification.json: package 0x10D60; descriptive name from codec function recovery	ccf1380840e610a80bbe65f45878bf42288999af5dbb7f868344122c9607c479
0x102077F8	0x10207808	16	gx8002_power_is_locked	image_a_xip	Inferred	g2/docs/research/gx8002-power-locks-source-verification.json: package 0x10D84; descriptive name from codec function recovery	88e2bf23823e496fc97209910ffd34af3aee55c059d77835a53bb36dee76bdd0
0x10207808	0x102078A4	156	gx8002_power_suspend	image_a_xip	Inferred	g2/docs/research/gx8002-power-suspend-source-verification.json: package 0x10D94; descriptive name from codec function recovery	9b0ea918a31db3f955dfd51822b7abd43a6a1af356e9c2ae70b2d137ecbaba45
0x102078A4	0x10207A7C	472	gx8002_lvp_system_initialize	image_a_xip	Inferred	g2/docs/research/gx8002-lvp-system-initialize-source-verification.json: package 0x10E30; descriptive name from codec function recovery	3ef53cd441aa0bc7ab5be1581dc631d398b52999b99f6a85413834aa11a4dd6f
0x10207A80	0x10207AC0	64	gx8002_multiboot_switch	image_a_xip	Inferred	g2/docs/research/gx8002-multiboot-switch-source-verification.json: package 0x1100C; descriptive name from codec function recovery	b1b81104eb319082be383aacbcc5cd96ac4ffdac100ac400cf9ae3a9a9ddada0
0x10207AC0	0x10207ADC	28	gx8002_channel_lookup	image_a_xip	Inferred	g2/docs/research/gx8002-uart-receive-body-source-verification.json: package 0x1104C; descriptive name from codec function recovery | also: gx8002-channel-lookup-source-verification.json, gx8002-uart-body-control.json, gx8002-uart-body-original-entry.json, gx8002-uart-body-queue.json	6bfc14e2268d8a026582d4f40694583902020dd40126f5d1bbfa60033f48e4e9
0x10207ADC	0x10207B38	92	gx8002_uart_message_start	image_a_xip	Inferred	g2/docs/research/gx8002-uart-message-start-source-verification.json: package 0x11068; descriptive name from codec function recovery	0051bd5f4c8dd725a5ec0be68c953ff0df19deb69c9f1f51f5990035e6efb8fb
0x10207B38	0x10207C50	280	gx8002_uart_message_body	image_a_xip	Inferred	g2/docs/research/gx8002-uart-message-body-source-verification.json: package 0x110C4; descriptive name from codec function recovery	fcb16ac77e56bc0983989afa28c3d5fc7d7f4c6cf02b20110509efcaec54e384
0x10207C50	0x10207C74	36	gx8002_uart_body_done	image_a_xip	Inferred	g2/docs/research/gx8002-uart-body-done-source-verification.json: package 0x111DC; descriptive name from codec function recovery	66939b98324942fbaff92a0c96e4391f1a4fa29a98399e8383af2e280e6e540d
0x10207C74	0x10207C9C	40	gx8002_uart_message_suspend	image_a_xip	Inferred	g2/docs/research/gx8002-uart-message-power-source-verification.json: package 0x11200; descriptive name from codec function recovery	fbaa26188dc659342b940894c110b86ef233f3edf493ce11222f1a3511df8c58
0x10207C9C	0x10207CEC	80	gx8002_uart_message_resume	image_a_xip	Inferred	g2/docs/research/gx8002-uart-message-power-source-verification.json: package 0x11228; descriptive name from codec function recovery	06146f2427eb900281d54153aa4f4f720002c515551e84a98b5f3a1b094c4900
0x10207CEC	0x10207EE0	500	gx8002_uart_body_probe	image_a_xip	Inferred	g2/docs/research/gx8002-uart-receive-body-source-verification.json: package 0x11278; descriptive name from codec function recovery	7990132834c4ce463f4c553e16d3ac9e38fbd639e0cbec87b1ff5fca2a78d26e
0x10207EE0	0x10207F08	40	gx8002_uart_receive_body_done	image_a_xip	Inferred	g2/docs/research/gx8002-uart-receive-body-done-source-verification.json: package 0x1146C; descriptive name from codec function recovery	ea9cd24c399fcf985bc965eac65cec965ed6555612190bd071f8dac4119b84f2
0x10207F08	0x10208098	400	gx8002_uart_send_callback	image_a_xip	Inferred	g2/docs/research/gx8002-uart-send-callback-source-verification.json: package 0x11494; descriptive name from codec function recovery	21fdc03cf936bd37e07616eb4f8b53f2c2eda93e224aff75742fb1c7edabadec
0x10208098	0x102082AC	532	gx8002_uart_receive_callback	image_a_xip	Inferred	g2/docs/research/gx8002-uart-receive-callback-source-verification.json: package 0x11624; descriptive name from codec function recovery	3fedf5968273bdfb7e9f114006447ab8a8c2d7f561f47da6fd93595aff5055d2
0x102082AC	0x10208334	136	UartMessageAsyncRegist	image_a_xip	Inferred	g2/docs/research/gx8002-uart-registration-source-verification.json: package 0x11838; descriptive name from codec function recovery	acaa7fb49bca8018d3d5c3dbd8b70bca0c157ca9abbfe0cedaaf97c03b48bd81
0x10208334	0x102083BC	136	gx8002_uart_async_tick	image_a_xip	Inferred	g2/docs/research/gx8002-uart-tick-verification.json: package 0x118C0; descriptive name from codec function recovery	7fed5638a46054e3f9ee80327ae2e93d43ee2e809ad36506b81eea6b5e52ea4b
0x102083BC	0x10208458	156	UartMessageAsyncSend	image_a_xip	Inferred	g2/docs/research/gx8002-uart-message-enqueue-source-verification.json: package 0x11948; descriptive name from codec function recovery	7fb1da8b58509c76a54186308eaec6074ec325c8340005336f660ed8f6fb28e0
0x10208458	0x1020854C	244	UartMessageAsyncInit	image_a_xip	Inferred	g2/docs/research/gx8002-uart-message-initialize-source-verification.json: package 0x119E4; descriptive name from codec function recovery	9c2fc75d81d2d33b267afb85eaee5a3a279ec48217b64fff5af3b145de8fd334
0x1020854C	0x102085A4	88	UartMessageAsyncDone	image_a_xip	Inferred	g2/docs/research/gx8002-uart-message-done-source-verification.json: package 0x11AD8; descriptive name from codec function recovery	6d9d79060e520066b554d01ba3732a791a631cbb63ffc369831a86a8d408771d
0x102085A4	0x102085F8	84	LvpInitMode	image_a_xip	Inferred	g2/docs/research/gx8002-mode-verification.json: package 0x11B30; descriptive name from codec function recovery	7ea4eddc86dbfc7cdd2943a6e321418dbd9bbd155f11792fe8567449974ffa0f
0x102085F8	0x1020861C	36	LvpModeTick	image_a_xip	Inferred	g2/docs/research/gx8002-mode-verification.json: package 0x11B84; descriptive name from codec function recovery	6fe66edddaa6c6c5191823ca65723295e5764b563b1491f8490b6a64772afaa5
0x1020861C	0x10208620	4	gx8002_idle_tick	image_a_xip	Inferred	g2/docs/research/gx8002-idle-verification.json: package 0x11BA8; descriptive name from codec function recovery	178fe1aaeab962f37309afb2366e89c0281860ecd184ff047d0faec881032668
0x10208620	0x10208624	4	gx8002_idle_buffer_init	image_a_xip	Inferred	g2/docs/research/gx8002-idle-verification.json: package 0x11BAC; descriptive name from codec function recovery	45370350a684766b91f6812212e07e5548ee4513419b4ebad49d55184bbcc347
0x10208624	0x10208634	16	gx8002_idle_done	image_a_xip	Inferred	g2/docs/research/gx8002-idle-verification.json: package 0x11BB0; descriptive name from codec function recovery	1edf61be1c830ac39d16195d785c4b595eeb5edf1a0ab83495ff9388c754ab53
0x10208634	0x10208644	16	gx8002_idle_init	image_a_xip	Inferred	g2/docs/research/gx8002-idle-verification.json: package 0x11BC0; descriptive name from codec function recovery	3d966926811795d95e242ece4b3212e71c21d931071b55ef3a5bd31bd68cdadf
0x10208644	0x1020864C	8	gx8002_tws_buffer_init	image_a_xip	Inferred	g2/docs/research/gx8002-tws-shutdown-verification.json: package 0x11BD0; descriptive name from codec function recovery	c2858d003b1b32fcf0616cee7bc1fa944095da1b984c7fad5804d8170309d61e
0x1020864C	0x10208670	36	gx8002_tws_done	image_a_xip	Inferred	g2/docs/research/gx8002-tws-shutdown-verification.json: package 0x11BD8; descriptive name from codec function recovery	7287ce9fcec71966beda3f9622c61e199fdc0cf8db2ad740c01ad3306af18a5f
0x10208670	0x102086DC	108	gx8002_tws_init	image_a_xip	Inferred	g2/docs/research/gx8002-tws-verification.json: package 0x11BFC; descriptive name from codec function recovery	078a066c2dd64a7abdb1fe757f0e7545eff616c2c47403bd5aae79d04a99bbf1
0x102086DC	0x10208880	420	gx8002_max_score	image_a_xip	Inferred	g2/docs/research/gx8002-max-score-source-verification.json: package 0x11C68; descriptive name from codec function recovery	d7e3062fa7db9af2e27c2afc0f8ca532f4dfc59b904cbca640a90bccae682974
0x10208880	0x102088F8	120	LvpPrintMaxKwsList	image_a_xip	Inferred	g2/docs/research/gx8002-max-list-verification.json: package 0x11E0C; descriptive name from codec function recovery	6f689d6258ea7e1ca4764329a4a3a5010561d40aebb6db7542020e6917d930dc
0x102088F8	0x10208944	76	LvpDoMaxDecoder	image_a_xip	Inferred	g2/docs/research/gx8002-max-decoder-source-verification.json: package 0x11E84; descriptive name from codec function recovery	009a003e03c8f77a155ad7630b3fa53e5289174e2ab8a6c3e0c76ce75d8eba4b
0x10208944	0x10208964	32	LvpInitMaxKws	image_a_xip	Inferred	g2/docs/research/gx8002-max-initialize-verification.json: package 0x11ED0; descriptive name from codec function recovery	35c16ee752e9ba9d62e55f74fadb2ac4e54c90d5c634110e82baa5e586b33e57
0x10208964	0x10208978	20	KwsStrategyReset	image_a_xip	Inferred	g2/docs/research/gx8002-kws-reset-verification.json: package 0x11EF0; descriptive name from codec function recovery	dca3f6de054f478e1ffc203dc1eeebcb72c39ad70a191c090f26959e09013d2f
0x10208978	0x10208980	8	KwsStrategyInit	image_a_xip	Inferred	g2/docs/research/gx8002-kws-reset-verification.json: package 0x11F04; descriptive name from codec function recovery	a8d2053faa21656bd4def9c5933ed4c9c013520e45d946e35f3d9bbc2314a08e
0x10208980	0x10208A10	144	KwsStragegyInsertKwsActivation	image_a_xip	Inferred	g2/docs/research/gx8002-kws-insert-verification.json: package 0x11F0C; descriptive name from codec function recovery	4d4f415054f3a39040b37872e460198a48be795b2b56dabd2b9f4005fd03fc1f
0x10208A10	0x10208B58	328	gx8002_kws_strategy	image_a_xip	Inferred	g2/docs/research/gx8002-kws-strategy-source-verification.json: package 0x11F9C; descriptive name from codec function recovery	6f9e96155253b39ac1a21ee7beabac315a3f1635fb5fd9242c0b2193021571f1
0x10208B58	0x10208B64	12	gx8002_bunkws_offset	image_a_xip	Inferred	g2/docs/research/gx8002-bionic-offsets-verification.json: package 0x120E4; descriptive name from codec function recovery	ceeb82f140841dbdd4048b91d21e48553f97c1ae5400800cf47f42066e3770d0
0x10208B64	0x10208B68	4	gx8002_ctc_offset_clear	image_a_xip	Inferred	g2/docs/research/gx8002-bionic-offsets-verification.json: package 0x120F0; descriptive name from codec function recovery	178fe1aaeab962f37309afb2366e89c0281860ecd184ff047d0faec881032668
0x10208B68	0x10208B78	16	gx8002_bunkws_offset_clear	image_a_xip	Inferred	g2/docs/research/gx8002-bionic-offsets-verification.json: package 0x120F4; descriptive name from codec function recovery	de0082dfafd969a3aa13c938fdc837ed17487967f3209b0266ed0f5a2d01e823
0x10208B78	0x10208BF4	124	gx8002_bionic_run	image_a_xip	Inferred	g2/docs/research/gx8002-bionic-run-source-verification.json: package 0x12104; descriptive name from codec function recovery	ee3584fdba31d9db0c403f019803bcaa3f61b337ab1f6b4ba3cf37fe9bf0b147
0x10208BF4	0x10208BFC	8	LvpModelGetCmdSize	image_a_xip	Inferred	g2/docs/research/gx8002-model-interface-verification.json: package 0x12180; descriptive name from codec function recovery	a3722fb1d2e110aab8d1c46fb50ae644f2a1465b30f1cc4070c57ea8daad7377
0x10208BFC	0x10208C04	8	LvpModelGetWeightSize	image_a_xip	Inferred	g2/docs/research/gx8002-model-interface-verification.json: package 0x12188; descriptive name from codec function recovery	9e42c34e2845d3cb222c3a9fdb7052c5afe7295954eac0b05cdfde745c2a0628
0x10208C04	0x10208C08	4	LvpModelGetOpsSize	image_a_xip	Inferred	g2/docs/research/gx8002-model-interface-verification.json: package 0x12190; descriptive name from codec function recovery	45370350a684766b91f6812212e07e5548ee4513419b4ebad49d55184bbcc347
0x10208C08	0x10208C10	8	LvpModelGetDataSize	image_a_xip	Inferred	g2/docs/research/gx8002-model-interface-verification.json: package 0x12194; descriptive name from codec function recovery	b463c3e0f0e30ffdf516c93f2465e1ddd155c492d9adedda33faa4760101cdcc
0x10208C10	0x10208C14	4	LvpModelGetTmpSize	image_a_xip	Inferred	g2/docs/research/gx8002-model-interface-verification.json: package 0x1219C; descriptive name from codec function recovery	121a905852ec4e098f07b7890d24bb5ac863f1ab9ef50247a25391d4b4350b5d
0x10208C14	0x10208C28	20	LvpSetSnpuTask	image_a_xip	Inferred	g2/docs/research/gx8002-model-set-task-verification.json: package 0x121A0; descriptive name from codec function recovery	0371a4e5c9a2c0e5e8d5ad62e13a94e5b33a7da838d2d3116519cdb18693faa1
0x10208C28	0x10208C60	56	LvpCTCModelInitSnpuTask	image_a_xip	Inferred	g2/docs/research/gx8002-model-interface-verification.json: package 0x121B4; descriptive name from codec function recovery	abef8eff3685a8e789509abad858f5f1323969ae83d0a7c4eb160f56d91845fd
0x10208C60	0x10208C68	8	LvpCTCModelGetSnpuOutBuffer	image_a_xip	Inferred	g2/docs/research/gx8002-model-interface-verification.json: package 0x121EC; descriptive name from codec function recovery	ffd5ae7a1cf361e478c56a5f2334db4d7ab17d32e9e4660c377f243e5e0c3db6
0x10208C68	0x10208C6C	4	LvpCTCModelGetSnpuFeatsBuffer	image_a_xip	Inferred	g2/docs/research/gx8002-model-interface-verification.json: package 0x121F4; descriptive name from codec function recovery	178fe1aaeab962f37309afb2366e89c0281860ecd184ff047d0faec881032668
0x10208C6C	0x10208C74	8	LvpCTCModelGetSnpuStateBuffer	image_a_xip	Inferred	g2/docs/research/gx8002-model-interface-verification.json: package 0x121F8; descriptive name from codec function recovery	b095b3a1c903f673104501ff3007c4f2f2468c8147211d136de73d94a119a196
0x10208C74	0x10208C7C	8	LvpCTCModelGetSnpuFeatsDim	image_a_xip	Inferred	g2/docs/research/gx8002-model-interface-verification.json: package 0x12200; descriptive name from codec function recovery	8ba283e5dc6b03d5f48ed7fd96a04d260e5a16fc4563b2b2ee093f732f4eb4ae
0x10208C7C	0x10208C98	28	gx8002_app_resume	image_a_xip	Inferred	g2/docs/research/gx8002-app-resume-verification.json: package 0x12208; descriptive name from codec function recovery	9e3f8b938241ed0908d706c81e1468eb9e9e3781bb85479bc7bb7cfbe1a1a616
0x10208C98	0x10208CA0	8	gx8002_watchdog_callback	image_a_xip	Inferred	g2/docs/research/gx8002-reboot-verification.json: package 0x12224; descriptive name from codec function recovery	a429e153e2a7b1504ac88a72bd890316368f1a7ed14f825dbcb59ad5673faa9e
0x10208CA0	0x10208CC0	32	gx8002_app_suspend	image_a_xip	Inferred	g2/docs/research/gx8002-app-suspend-verification.json: package 0x1222C; descriptive name from codec function recovery	e60aac77b3e922a5d4ebfbcec0889ac2470a435a401d0e0f5a27050ba9674a37
0x10208CC0	0x10208CD4	20	LvpTriggerAppEvent	image_a_xip	Inferred	g2/docs/research/gx8002-trigger-event-verification.json: package 0x1224C; descriptive name from codec function recovery	2f5554b3cdeefadc8c4ec289e4c5cf451d9be34a66a46b4bdbf6b31fc9fb6dad
0x10208CD4	0x10208D48	116	gx8002_app_initialize	image_a_xip	Inferred	g2/docs/research/gx8002-startup-verification.json: package 0x12260; descriptive name from codec function recovery	51d1876ba02e685e95be47000a01666b15ae51e999c51155007f020be18ea2da
0x10208D48	0x10208D98	80	LvpAppEventTick	image_a_xip	Inferred	g2/docs/research/gx8002-app-tick-verification.json: package 0x122D4; descriptive name from codec function recovery	84e1d267b7ced9c6614fdfd8c965e440dc9f457c1b8541f56d0c5a060529f123
0x10208D98	0x10208DCC	52	audio_range_callback	image_a_xip	Inferred	g2/docs/research/gx8002-next-range-source-verification.json: package 0x12324; descriptive name from codec function recovery	e13ae378faf53a22edbb5ab40bbaf0fc4cc6ce8fba9e7bd0b8e7de281c5aa3a7
0x10208DCC	0x10208DEC	32	gx8002_app_gpio_suspend	image_a_xip	Inferred	g2/docs/research/gx8002-app-gpio-power-verification.json: package 0x12358; descriptive name from codec function recovery	9836d8a2d40762767ab9cd88f3e5cea736bc5a5dbf156df18ee6edb16c270710
0x10208DEC	0x10208E20	52	gx8002_app_gpio_resume	image_a_xip	Inferred	g2/docs/research/gx8002-app-gpio-power-verification.json: package 0x12378; descriptive name from codec function recovery	19dd9d8a49859aa13bc634c6f5bea6e7590b66112000a7fd4172f57f092b6d7d
0x10208E20	0x10208E4C	44	gx8002_app_gpio_event	image_a_xip	Inferred	g2/docs/research/gx8002-app-gpio-event-source-verification.json: package 0x123AC; descriptive name from codec function recovery	9fb67f1c6533a8ac84eda73ca18d88d48b6daf57260976022b29db69e92116bf
0x10208E4C	0x10208E80	52	gx8002_sample_app_init	image_a_xip	Inferred	g2/docs/research/gx8002-sample-app-init-source-verification.json: package 0x123D8; descriptive name from codec function recovery	3630c1ae7a1b4aeee2402742eb3f7437eaaed859057d79758fda02f689ac8595
0x10208E80	0x10208F04	132	gx8002_mic_buffer	image_a_xip	Inferred	g2/docs/research/gx8002-mic-buffer-source-verification.json: package 0x1240C; descriptive name from codec function recovery	44df0fdd44a8487a09bba4a3392765013ebf3dfa0fcb9e04d9d6e0b48a718524
0x10208F04	0x10208FF0	236	gx8002_sample_event	image_a_xip	Inferred	g2/docs/research/gx8002-sample-event-source-verification.json: package 0x12490; descriptive name from codec function recovery	2be99147c3140aac830e44211b08e31d91f791b4a29cbde1162e444d2080154a
0x10208FF0	0x1020913C	332	gx8002_start_i2s	image_a_xip	Inferred	g2/docs/research/gx8002-start-i2s-source-verification.json: package 0x1257C; descriptive name from codec function recovery	1637b70aaa89c97b3b550fce5eed0fac730ad47dd1dfa48589c8d17c83748161
0x1020913C	0x102091BC	128	gx8002_stop_i2s	image_a_xip	Inferred	g2/docs/research/gx8002-stop-i2s-source-verification.json: package 0x126C8; descriptive name from codec function recovery	d2fb0dde85a24ecfac70a725402cde290a7ae6ef7fd87dc163b7890e70d70807
0x102091BC	0x10209258	156	gx8002_i2s_request_tick	image_a_xip	Inferred	g2/docs/research/gx8002-i2s-request-tick-source-verification.json: package 0x12748; descriptive name from codec function recovery	62a221fe6d8dcc9144190fd9ae4afaadf063192646ea5402d3f58af4c1e546c7
0x10209258	0x102093D8	384	gx8002_app_commands	image_a_xip	Inferred	g2/docs/research/gx8002-app-commands-source-verification.json: package 0x127E4; descriptive name from codec function recovery	c4e4913e5811311f5a2df0e3b4bd243b5b97026b347e293fd2b7d2dc495171b4
0x102093D8	0x102093D9	1	gx8002_app_command_callback_persistent_delay_response	image_a_xip	Inferred	g2/docs/research/gx8002-app-command-callback-persistent-source-verification.json: package 0x12964; descriptive name from codec function recovery	265fda17a34611b1533d8a281ff680dc5791b0ce0a11c25b35e11c8e75685509
0x102093DC	0x102093F4	24	gx8002_notification_stamp	image_a_xip	Inferred	g2/docs/research/gx8002-notification-stamp-source-verification.json: package 0x12968; descriptive name from codec function recovery	0fdc2b4d1636c5dfe65f733fba16a400d9a123b9136b4c3345616a04c665e19e
0x102093F4	0x10209430	60	gx8002_app_reply	image_a_xip	Inferred	g2/docs/research/gx8002-app-reply-source-verification.json: package 0x12980; descriptive name from codec function recovery	b11a5fd11a50b87b68a25d1dac8ee6c4e3b15b1d5f7dadee60fcf5c78cc1b3a5
0x10209430	0x102096FC	716	gx8002_app_command_callback_persistent	image_a_xip	Inferred	g2/docs/research/gx8002-app-command-callback-persistent-source-verification.json: package 0x129BC; descriptive name from codec function recovery	9da4fc9cbeba5346396290a5eb4d04d0e13a6d0d0042e2480e742d6cd3f17e3c
0x102096FC	0x1020975C	96	gx8002_notification_setup	image_a_xip	Inferred	g2/docs/research/gx8002-notification-setup-source-verification.json: package 0x12C88; descriptive name from codec function recovery	b4ad8e61e09bbb1a493e7e946d1604ab3ba0fd17e11becd863694f11a722f399
0x1020975C	0x10209770	20	gx8002_event_notify	image_a_xip	Inferred	g2/docs/research/gx8002-event-notify-source-verification.json: package 0x12CE8; descriptive name from codec function recovery	922477e99bb56edad53e063cd3bd1ec832315406599af561efab2c4c1a2db1b6
0x10209770	0x1020979C	44	gx8002_i2s_ack	image_a_xip	Inferred	g2/docs/research/gx8002-i2s-ack-source-verification.json: package 0x12CFC; descriptive name from codec function recovery	d682343e83bc1f8c13c17f6760667c18fd1cccf7c66d7701a9f02a763f3655fb
0x1020979C	0x102097C8	44	gx8002_vad_notify	image_a_xip	Inferred	g2/docs/research/gx8002-vad-notify-source-verification.json: package 0x12D28; descriptive name from codec function recovery	cca3d3ef59e869cf08dab72ff4ab5c35347b0b64b531c9ac6385a2424876979e
0x102097C8	0x102097F4	44	gx8002_notification_poll	image_a_xip	Inferred	g2/docs/research/gx8002-notification-poll-source-verification.json: package 0x12D54; descriptive name from codec function recovery	6f176e10e4b94723674ac9f127e27cfc2e2912a2a879b474c05fefaa6f44167a
0x102097F4	0x102098A8	180	crc32_no_comp	image_a_xip	Inferred	g2/docs/research/gx8002-crc32-source-verification.json: package 0x12D80; descriptive name from codec function recovery | also: gx8002-crc-target-comparison.json	d8b668bf4c953370a56c31d337ba33e9e656638b43f0bd2c60433092274e8de8
0x102098A8	0x102098B4	12	crc32	image_a_xip	Inferred	g2/docs/research/gx8002-crc32-source-verification.json: package 0x12E34; descriptive name from codec function recovery | also: gx8002-crc-target-comparison.json	c3ee7a90b568411ce33a4f9c8a1dde841ba43f2c1a82f0c9a7333e92f865be8c
0x102098B4	0x1020995C	168	gx8002_div64	image_a_xip	Inferred	g2/docs/research/gx8002-div64-source-verification.json: package 0x12E40; descriptive name from codec function recovery	82045a5bbeb15e213a8b207c86019332ded66a417ac0539889b4d31c87667eb8
0x1020995C	0x102099CC	112	gx8002_strtok	image_a_xip	Inferred	g2/docs/research/gx8002-strtok-source-verification.json: package 0x12EE8; descriptive name from codec function recovery	d09dae14e1fbf3aa3230fba08d5718bd0b255a649cb10dd366cb49d887649c95
0x102099CC	0x10209A6C	160	gx8002_memset	image_a_xip	Inferred	g2/docs/research/gx8002-memset-verification.json: package 0x12F58; descriptive name from codec function recovery	6a7e1574db7e88044461737fd6efb583384a102e90cb44adade502c98da9c062
0x10209A6C	0x10209AA4	56	gx8002_fixunsdfsi	image_a_xip	Inferred	g2/docs/research/gx8002-fixunsdfsi-source-verification.json: package 0x12FF8; descriptive name from codec function recovery	616faebdebd37deb6560983bf50870b01f29857255b49caa0a3b653dace6b510
0x10209AA4	0x10209C74	464	gx8002_udivdi3	image_a_xip	Inferred	g2/docs/research/gx8002-udivdi3-source-verification.json: package 0x13030; descriptive name from codec function recovery	f13667e95ea3c7a132bb55e1a9b21521ff6578dfa1bf9a38408bdb75aeb173f9
0x10209C74	0x10209DD8	356	gx8002_uart_transmit_dma	image_a_xip	Inferred	g2/docs/research/gx8002-uart-transmit-dma-placement-source-verification.json: package 0x13200; descriptive name from codec function recovery | also: gx8002-uart-transmit-dma-placement-source-proposal.json	b3cb604e49b64b91365920fdf380d163c5b96e4ca9d027a09d6fece426477bcc
0x10209DD8	0x1020A09C	708	gx8002_fpadd_parts	image_a_xip	Inferred	g2/docs/research/gx8002-fpadd-parts-source-verification.json: package 0x13364; descriptive name from codec function recovery	1d180f203f8fa854dea765c23b91e26f3b1443e9a76057234a8d55b71f575425
0x1020A09C	0x1020A0CC	48	gx8002_adddf3	image_a_xip	Inferred	g2/docs/research/gx8002-adddf3-source-verification.json: package 0x13628; descriptive name from codec function recovery	29be947f13ec0f51d8054de9f3961a6d9bc9def0b0e31c60d1009b1d537dc274
0x1020A0CC	0x1020A104	56	gx8002_subdf3	image_a_xip	Inferred	g2/docs/research/gx8002-subdf3-source-verification.json: package 0x13658; descriptive name from codec function recovery	6d209f0471142e3177e9555d073c89de0d3cccf770357d40332390c86729abc8
0x1020A108	0x1020A308	512	gx8002_muldf3_fixed	image_a_xip	Inferred	g2/docs/research/gx8002-muldf3-fixed-source-verification.json: package 0x13694; descriptive name from codec function recovery	2a035a9045cd78bed077ddd267ac1f9c771c44235d6c33a3c02da9962529cd48
0x1020A308	0x1020A420	280	gx8002_divdf3_fixed	image_a_xip	Inferred	g2/docs/research/gx8002-divdf3-fixed-source-verification.json: package 0x13894; descriptive name from codec function recovery	c573f812bb943b9a9f8cfaf1e0df6b69d3b498c586b22b9971bd06cd218e4bb3
0x1020A420	0x1020A460	64	gx8002_gedf2	image_a_xip	Inferred	g2/docs/research/gx8002-gedf2-source-verification.json: package 0x139AC; descriptive name from codec function recovery	b3b7a6306752ecf3412f4428c605b35cdbb71ada0f28a6831cc214623cff5453
0x1020A460	0x1020A4D0	112	gx8002_fixdfsi	image_a_xip	Inferred	g2/docs/research/gx8002-fixdfsi-source-verification.json: package 0x139EC; descriptive name from codec function recovery	b74b4dca58eb33374fec2f96e5dc6968dbc3462d36ac6fce622c4e1774810340
0x1020A4D0	0x1020A528	88	gx8002_floatunsidf	image_a_xip	Inferred	g2/docs/research/gx8002-floatunsidf-source-verification.json: package 0x13A5C; descriptive name from codec function recovery	2ea5e03e6324e208815f40809830c6f60a783e42dc062890e7b671d41e5dc8c5
0x1020A528	0x1020A574	76	gx8002_muldi3	image_a_xip	Inferred	g2/docs/research/gx8002-muldi3-source-verification.json: package 0x13AB4; descriptive name from codec function recovery	67da62f5e851f9936354a4cc1921ebd925babf9b1d179af7491e2aed33ea15ad
0x1020A574	0x1020A704	400	gx8002_pack_double	image_a_xip	Inferred	g2/docs/research/gx8002-pack-double-source-verification.json: package 0x13B00; descriptive name from codec function recovery	489dcc7a7de58879b3e708501e4546b7e1ffdc07919a4e9c3c49a141a4d8c3a5
0x1020A704	0x1020A7E8	228	gx8002_unpack_double	image_a_xip	Inferred	g2/docs/research/gx8002-unpack-double-source-verification.json: package 0x13C90; descriptive name from codec function recovery	8e02d50012194cc2f98340a766cd0d438d087d930db0138b5a4cca5e4307b82d
0x1020A7E8	0x1020A8AA	194	gx8002_fpcmp_parts	image_a_xip	Inferred	g2/docs/research/gx8002-fpcmp-parts-source-verification.json: package 0x13D74; descriptive name from codec function recovery	f78c744016e531116be6d2b74d0465bbd711e0c9a80459ccdf2ed750380a5a98
0x1020A8AA	0x1020A8B3	9	gx8002_messages_gain	image_a_xip	Inferred	g2/docs/research/gx8002-board-gain-data-source-verification.json: package 0x13E36; descriptive name from codec function recovery	d3ef5dd9b6c901f24d5d92d763a285be5f39c36c7a852ace80fd1800f138e076
0x1020A8B3	0x1020A8EE	59	gx8002_messages_dmic	image_a_xip	Inferred	g2/docs/research/gx8002-board-gain-data-source-verification.json: package 0x13E3F; descriptive name from codec function recovery	334d31e7c35e724e86a8d8f9cc4278e5c443a6672f899d60cdac63ab095bb39e
0x1020A8EE	0x1020A8F3	5	gx8002_pga_corrections	image_a_xip	Inferred	g2/docs/research/gx8002-audio-mapping-tables-source-verification.json: package 0x13E7A; descriptive name from codec function recovery	40872669c921a1dcd7c03fa241ebe872f8e6e0adb7f17f9583edd7347cb7e480
0x1020A910	0x1020A9A4	148	gx8002_aout_gain_steps	image_a_xip	Inferred	g2/docs/research/gx8002-audio-output-volume-source-verification.json: package 0x13E9C; descriptive name from codec function recovery	d576318ca73483bedc9e54e13f8d0ebd8cd62fddf92083c5c1514e833a58db99
0x1020A9A4	0x1020A9B0	12	gx8002_channel_selectors	image_a_xip	Inferred	g2/docs/research/gx8002-audio-mapping-tables-source-verification.json: package 0x13F30; descriptive name from codec function recovery	8cc64efdd5fd77d8bbe51eadb5301b8de5ad04e84e81b857f48e2ee252058c5e
0x1020A9B0	0x1020AA26	118	gx8002_aout_pcm_clock_diagnostic	image_a_xip	Inferred	g2/docs/research/gx8002-audio-output-config-pcm-source-verification.json: package 0x13F3C; descriptive name from codec function recovery	cd1456ac2e416e45d575dec5425ccf36816bab21cb0f5f7da6c2e3c812c831f3
0x1020AA26	0x1020AA33	13	gx8002_aout_route_name	image_a_xip	Inferred	g2/docs/research/gx8002-audio-output-route-source-verification.json: package 0x13FB2; descriptive name from codec function recovery	0bcf156637a3273a2511140e3e414743acfc815b007fff8514cc9843f7012c21
0x1020AA33	0x1020AA4F	28	gx8002_aout_alloc_label	image_a_xip	Inferred	g2/docs/research/gx8002-audio-output-public-alloc-source-verification.json: package 0x13FBF; descriptive name from codec function recovery	ebf867aaf9539c7f0b002198ae926d5abf7eebbb42c93ac6ef537e8bc1875483
0x1020AA4F	0x1020AA61	18	gx8002_aout_free_label	image_a_xip	Inferred	g2/docs/research/gx8002-audio-output-public-free-source-verification.json: package 0x13FDB; descriptive name from codec function recovery	02a9a1776f62bfc6c06e6571cb364c5d00533a4e240cd85f0105a99cb3d49027
0x1020AA61	0x1020AA7C	27	gx8002_aout_buffer_label	image_a_xip	Inferred	g2/docs/research/gx8002-audio-output-public-buffer-source-verification.json: package 0x13FED; descriptive name from codec function recovery	95a20648aad03870fa995f8cd747dd4d436e00ff9da5ddb5c36494279f98534f
0x1020AA7C	0x1020AA94	24	gx8002_aout_pcm_label	image_a_xip	Inferred	g2/docs/research/gx8002-audio-output-public-pcm-source-verification.json: package 0x14008; descriptive name from codec function recovery	093895757712eac30bb3ebe9b7cd6e2410b40564092bb112f141ffaefe3a7f39
0x1020AA94	0x1020AAC4	48	gx8002_audio_labels_config	image_a_xip	Inferred	g2/docs/research/gx8002-audio-api-labels-source-verification.json: package 0x14020; descriptive name from codec function recovery	699ba8761e2870158ca88ac3a83807f539aa14610061257e3c697e52bcb55826
0x1020AAC4	0x1020AADB	23	gx8002_aout_cb_label	image_a_xip	Inferred	g2/docs/research/gx8002-audio-output-public-cb-source-verification.json: package 0x14050; descriptive name from codec function recovery	56bd14f8ef6bdcf9bc364a9743c3fb5cd9be35bcaf21284fc5d81044fb6457a0
0x1020AADB	0x1020AAF3	24	gx8002_aout_frame_label	image_a_xip	Inferred	g2/docs/research/gx8002-audio-output-public-frame-source-verification.json: package 0x14067; descriptive name from codec function recovery	5972e0b1bf0c4ea39fa442898c847a5e8a1fa92b955f912a903f99a442acc1ac
0x1020AAF3	0x1020AB0C	25	gx8002_audio_labels_drain	image_a_xip	Inferred	g2/docs/research/gx8002-audio-api-labels-source-verification.json: package 0x1407F; descriptive name from codec function recovery	71daf2ca8ba6fcfcb1ff2ac93096704b59a9e59131ae2dacd59e7a8fffda32cb
0x1020AB0C	0x1020AB20	20	gx8002_aout_db_label	image_a_xip	Inferred	g2/docs/research/gx8002-audio-output-public-db-source-verification.json: package 0x14098; descriptive name from codec function recovery	34c69765a48b8eb25a4c809e3d1f428083a6a61819b695e19db4ed18750f3ce4
0x1020AB20	0x1020AB60	64	gx8002_audio_labels_controls	image_a_xip	Inferred	g2/docs/research/gx8002-audio-api-labels-source-verification.json: package 0x140AC; descriptive name from codec function recovery	0e8c9261b0f42379d65f04601ea71511d6b98b24876650f0582a7cd9af4cc5b6
0x1020AB60	0x1020AB79	25	gx8002_aout_channel_label	image_a_xip	Inferred	g2/docs/research/gx8002-audio-output-public-channel-source-verification.json: package 0x140EC; descriptive name from codec function recovery	eaf8350fa1a32406151543335320d93c7272f243fddc156d40329cbb3c5eabd2
0x1020AB79	0x1020AB8B	18	gx8002_aout_init_label	image_a_xip	Inferred	g2/docs/research/gx8002-audio-output-public-init-source-verification.json: package 0x14105; descriptive name from codec function recovery	48953ee10dafa2f9aa6cdd74aa34ee7319aa5fc1fee1d2a36fee22904d0d2e34
0x1020AB8B	0x1020AB9D	18	gx8002_aout_exit_label	image_a_xip	Inferred	g2/docs/research/gx8002-audio-output-public-exit-source-verification.json: package 0x14117; descriptive name from codec function recovery	cd2df9aceaea2be3d85b2521a663c73e6ce51b004a9fa37aecb47064771dac2e
0x1020AB9D	0x1020ABFA	93	gx8002_audio_labels_power	image_a_xip	Inferred	g2/docs/research/gx8002-audio-api-labels-source-verification.json: package 0x14129; descriptive name from codec function recovery	2dc8ef3d76379f02f578b9c275de58411a5deaf60453e4b6a2977fab8b41c7b2
0x1020ABFA	0x1020AC0E	20	gx8002_aout_error_format	image_a_xip	Inferred	g2/docs/research/gx8002-audio-output-public-init-source-verification.json: package 0x14186; descriptive name from codec function recovery	33c88d8d9917e7d2ee8d431119e72f2ff69735900e3ca1eb5b9fa3c887f827cd
0x1020AC0E	0x1020AC16	8	snpu_dump_word	image_a_xip	Inferred	g2/docs/research/gx8002-snpu-overtime-verification.json: package 0x1419A; descriptive name from codec function recovery	a0072e8eead89ca05052e1fcbcddbdb5f5412b7822aa578c6be9a50112457d07
0x1020AC16	0x1020AC5C	70	snpu_overtime_addresses	image_a_xip	Inferred	g2/docs/research/gx8002-snpu-overtime-verification.json: package 0x141A2; descriptive name from codec function recovery	072866dd29a71e21442f30711c1ac37eeac0abe05b2e99550f82c4aff6767daf
0x1020AC5C	0x1020AC7A	30	snpu_overtime_before	image_a_xip	Inferred	g2/docs/research/gx8002-snpu-overtime-verification.json: package 0x141E8; descriptive name from codec function recovery	b9dca4d654284aa6f3a55dba5aa02a6849cf4fd425ac757c2a3acaa07e3be46b
0x1020AC7A	0x1020AC91	23	snpu_overtime_command	image_a_xip	Inferred	g2/docs/research/gx8002-snpu-overtime-verification.json: package 0x14206; descriptive name from codec function recovery	50a5ee02d926dac052e9c923afc9e8578895d6d1ed7c2a043d5c4522b5bcfe56
0x1020AC91	0x1020ACA1	16	snpu_overtime_type	image_a_xip	Inferred	g2/docs/research/gx8002-snpu-overtime-verification.json: package 0x1421D; descriptive name from codec function recovery	bccc5284ace35885f55b5a323561fa0fd862a025f8a6595854754956d40d6021
0x1020ACC4	0x1020AD04	64	gx8002_padmux_defaults	image_a_xip	Inferred	g2/docs/research/gx8002-padmux-init-verification.json: package 0x14250; descriptive name from codec function recovery | also: gx8002-padmux-defaults-verification.json	8ddaed4c3145c740d216bc4597d5c78cdb33460e1539a147c78f4c5ec1e4d5e8
0x1020AD04	0x1020AD1A	22	gx8002_rtc_error	image_a_xip	Inferred	g2/docs/research/gx8002-rtc-error-verification.json: package 0x14290; descriptive name from codec function recovery	865a19599fbc16a0f2697c6930b2524eacd3a5a7c0ac702f945af254ec33390b
0x1020AD1A	0x1020AD30	22	gx8002_watchdog_error	image_a_xip	Inferred	g2/docs/research/gx8002-watchdog-initialize-verification.json: package 0x142A6; descriptive name from codec function recovery	882c1dcd4a416b20677e601f94f471dc4d629cda89ad5fd063d41f627756f46f
0x1020AD30	0x1020AD4A	26	gx8002_board_pin_defaults	image_a_xip	Inferred	g2/docs/research/gx8002-gsensor-workstate-source-verification.json: package 0x142BC; descriptive name from codec function recovery | also: gx8002-board-pin-defaults-verification.json, gx8002-board-pin-initialize-source-verification.json, gx8002-board-pin-initialize-table.json	dbba8b7181274bb6b00ff03b26b745499ec6957c9230cb7e6a73beb95569bb82
0x1020AD4A	0x1020AD66	28	gx8002_board_pin_error	image_a_xip	Inferred	g2/docs/research/gx8002-gsensor-workstate-source-verification.json: package 0x142D6; descriptive name from codec function recovery | also: gx8002-board-pin-error-verification.json, gx8002-board-pin-initialize-source-verification.json, gx8002-board-pin-printf-composition.json, gx8002-board-pin-setup-source-verification.json +1 more	71bfe2007fc6aacd60af3d21a6294613e1c4a1b2dd18206c78a876343a8ba44a
0x1020AD66	0x1020AD97	49	gx8002_board_pin_setup_error	image_a_xip	Inferred	g2/docs/research/gx8002-gsensor-workstate-source-verification.json: package 0x142F2; descriptive name from codec function recovery | also: gx8002-board-pin-initialize-source-verification.json, gx8002-board-pin-setup-error-verification.json, gx8002-board-pin-setup-printf.json, gx8002-board-pin-setup-source-verification.json	09515aa83a78b193605821f7640762f52ddfa987e49c8812869cbe4b93520b12
0x1020AD97	0x1020ADAA	19	gx8002_board_pin_initialize_error	image_a_xip	Inferred	g2/docs/research/gx8002-gsensor-workstate-source-verification.json: package 0x14323; descriptive name from codec function recovery | also: gx8002-board-pin-initialize-error-verification.json, gx8002-board-pin-initialize-printf.json, gx8002-board-pin-initialize-source-verification.json	fc3593e36a7a9cd7d4808b060ce2860d460fcbc907880c78dbe900908bd2898f
0x1020ADAA	0x1020ADC1	23	gx8002_gsensor_workstate_message	image_a_xip	Inferred	g2/docs/research/gx8002-gsensor-workstate-source-verification.json: package 0x14336; descriptive name from codec function recovery | also: gx8002-gsensor-workstate-message-verification.json, gx8002-gsensor-workstate-printf.json	93c1b9b3edb4d4b3712d422863af5cf04a5b8b9014ae3460f7960fe4661c9fa1
0x1020ADC1	0x1020ADDE	29	kws_flash_init_error	image_a_xip	Inferred	g2/docs/research/gx8002-kws-flash-load-source-verification.json: package 0x1434D; descriptive name from codec function recovery	8083beafa742b20de3ff8b7d40ce0ab3245332efb4d0065fc1a1d38f07107def
0x1020ADDE	0x1020ADF7	25	kws_flash_elapsed	image_a_xip	Inferred	g2/docs/research/gx8002-kws-flash-load-source-verification.json: package 0x1436A; descriptive name from codec function recovery	05e843ce76d21a7d47eaa0432a49ead58589c2e79da2aa92cda2c67ed39d68d5
0x1020ADF7	0x1020AE14	29	kws_flash_read_error	image_a_xip	Inferred	g2/docs/research/gx8002-kws-flash-load-source-verification.json: package 0x14383; descriptive name from codec function recovery	05d402d906a2d623c41d6825fe6415acb0a566782bc97f27ca5304fb1582620f
0x1020AE14	0x1020AE2F	27	vad_level_4_message	image_a_xip	Inferred	g2/docs/research/gx8002-audio-input-query-vad-source-verification.json: package 0x143A0; descriptive name from codec function recovery	80001f589b97dc76759d957b2b2f97f4fc4ee96639e59fdef7a3a2a4417ae599
0x1020AE2F	0x1020AE4A	27	vad_level_3_message	image_a_xip	Inferred	g2/docs/research/gx8002-audio-input-query-vad-source-verification.json: package 0x143BB; descriptive name from codec function recovery	f327478411746c488e7c91fcab8fc90f3d664d73402b2c2993b6008e580af10a
0x1020AE4A	0x1020AE65	27	vad_level_2_message	image_a_xip	Inferred	g2/docs/research/gx8002-audio-input-query-vad-source-verification.json: package 0x143D6; descriptive name from codec function recovery	b2f4156da28cc8a6a1e2a76a252b54e234a2b486e5cd800cb46cf81288255aaf
0x1020AE65	0x1020AE80	27	vad_level_1_message	image_a_xip	Inferred	g2/docs/research/gx8002-audio-input-query-vad-source-verification.json: package 0x143F1; descriptive name from codec function recovery	3232830cfedc99ecaa573d6b4f0daab355462bd7283dd904be4c4034e0674b9f
0x1020AE80	0x1020AE8F	15	gx8002_power_sleep_message	image_a_xip	Inferred	g2/docs/research/gx8002-power-suspend-source-verification.json: package 0x1440C; descriptive name from codec function recovery	5a91e43a716ee06688d9006dcbcce8c1ad74184b27b059ef6400b899e648a07a
0x1020AE8F	0x1020AEA1	18	gx8002_soft_off_label	image_a_xip	Inferred	g2/docs/research/gx8002-application-labels-source-verification.json: package 0x1441B; descriptive name from codec function recovery	91db0958e1e412eae3a9994cbefb84f7163515c7e3ed87ed339a53ed2f694b72
0x1020AEA2	0x1020AEBA	24	sys_trim_millivolts	image_a_xip	Inferred	g2/docs/research/gx8002-lvp-system-initialize-source-verification.json: package 0x1442E; descriptive name from codec function recovery	15651bb65cbb48cbc2fdfb369817f0750f8e72fd201b6627123164d5395f10f2
0x1020AEBA	0x1020AEDB	33	sys_title	image_a_xip	Inferred	g2/docs/research/gx8002-lvp-system-initialize-source-verification.json: package 0x14446; descriptive name from codec function recovery	79f16149bd819c57d59419268c6ddd37a3389f5c3310b35c2de7f2fe678a7b44
0x1020AEDB	0x1020AF0F	52	sys_copyright	image_a_xip	Inferred	g2/docs/research/gx8002-lvp-system-initialize-source-verification.json: package 0x14467; descriptive name from codec function recovery	ae782548899e826aaefd6687ee2adc368b6a6836d1b85326fdc64e49e4866425
0x1020AF0F	0x1020AF2A	27	sys_rights	image_a_xip	Inferred	g2/docs/research/gx8002-lvp-system-initialize-source-verification.json: package 0x1449B; descriptive name from codec function recovery	0c75fe4655aa999dae537443b1386764fdd4c3cbd9fef937008868b495a56290
0x1020AF2A	0x1020AF3E	20	sys_board	image_a_xip	Inferred	g2/docs/research/gx8002-lvp-system-initialize-source-verification.json: package 0x144B6; descriptive name from codec function recovery	8843ddddc18a82ac7f7885ecfb81126b83bc1ab2f80f7b30cd8fd1e0e04a356e
0x1020AF3E	0x1020AF56	24	sys_board_format	image_a_xip	Inferred	g2/docs/research/gx8002-lvp-system-initialize-source-verification.json: package 0x144CA; descriptive name from codec function recovery	a979fb992f21ad1c5ebc459d7c954323493cfc6313427e9b9d6b49238445e2be
0x1020AF56	0x1020AF6E	24	sys_version_format	image_a_xip	Inferred	g2/docs/research/gx8002-lvp-system-initialize-source-verification.json: package 0x144E2; descriptive name from codec function recovery	57fc467e1c96cea529c09e55c593d6e551ae396f4f0abc7ece76fa7d95c81751
0x1020AF6E	0x1020AF88	26	sys_release_format	image_a_xip	Inferred	g2/docs/research/gx8002-lvp-system-initialize-source-verification.json: package 0x144FA; descriptive name from codec function recovery	192fe9747ae00a1f4e330e8430f94eb055cdc04b0ebd152a8186995c9b54a613
0x1020AF88	0x1020AF9D	21	sys_date	image_a_xip	Inferred	g2/docs/research/gx8002-lvp-system-initialize-source-verification.json: package 0x14514; descriptive name from codec function recovery	b9a928bcbbd4a5e128268235d5a2abe0e8808d188089d97d1640c6d73cc85bb8
0x1020AF9D	0x1020AFB5	24	sys_date_format	image_a_xip	Inferred	g2/docs/research/gx8002-lvp-system-initialize-source-verification.json: package 0x14529; descriptive name from codec function recovery	fd4bd75d04cee5938f48cd9d3fb7f196cf6d731f25934304f8f1ce4aa1dde8b0
0x1020AFB5	0x1020AFBA	5	sys_puya	image_a_xip	Inferred	g2/docs/research/gx8002-lvp-system-initialize-source-verification.json: package 0x14541; descriptive name from codec function recovery	cc244d62030d9cc98d691e57c2b9ee746a619ddf62dec086cf5d00210e001b67
0x1020AFBA	0x1020AFD2	24	sys_vendor_format	image_a_xip	Inferred	g2/docs/research/gx8002-lvp-system-initialize-source-verification.json: package 0x14546; descriptive name from codec function recovery	319e88629128d5bd3dc95adaa3eeef021a9c377bc53c32220bb2d844addc09f7
0x1020AFD2	0x1020AFD7	5	sys_esmt	image_a_xip	Inferred	g2/docs/research/gx8002-lvp-system-initialize-source-verification.json: package 0x1455E; descriptive name from codec function recovery	fd36257563088a3566e1b3a2669247dd2830d75b5e35965c9db8a3cdd3b45f87
0x1020AFD7	0x1020AFDC	5	sys_zbit	image_a_xip	Inferred	g2/docs/research/gx8002-lvp-system-initialize-source-verification.json: package 0x14563; descriptive name from codec function recovery	6523227c2b7a224ad783bdaadb4c26ba253aa07847e9e0ab385f7325e8678c90
0x1020AFDC	0x1020AFF4	24	sys_type_format	image_a_xip	Inferred	g2/docs/research/gx8002-lvp-system-initialize-source-verification.json: package 0x14568; descriptive name from codec function recovery	ac899a532d00048d5ce5352df8e9eb83d65c6144a0ca8b02ae217c86feb5c880
0x1020AFF4	0x1020B00D	25	sys_id_format	image_a_xip	Inferred	g2/docs/research/gx8002-lvp-system-initialize-source-verification.json: package 0x14580; descriptive name from codec function recovery	c4b82e5f98ac862844c2d45637c9a74a70b89b93b2252b859d0c7092f1bc4d59
0x1020B00D	0x1020B02A	29	sys_size_format	image_a_xip	Inferred	g2/docs/research/gx8002-lvp-system-initialize-source-verification.json: package 0x14599; descriptive name from codec function recovery	aa004b115e06f16b248aebe02c927266d1c04e8c9287fec2b4155f7d73890fcc
0x1020B02A	0x1020B04A	32	sys_cpu_format	image_a_xip	Inferred	g2/docs/research/gx8002-lvp-system-initialize-source-verification.json: package 0x145B6; descriptive name from codec function recovery	deb348d3f7ee3d5033661eba47d0c2f02f65d75f65d4577c721aaf17f83858b9
0x1020B04A	0x1020B065	27	sys_sram_format	image_a_xip	Inferred	g2/docs/research/gx8002-lvp-system-initialize-source-verification.json: package 0x145D6; descriptive name from codec function recovery	4aece75c238e6ca8431c3ba7d0e6e4644fc3e8b009d8f2e9d1930d6ee1244904
0x1020B065	0x1020B080	27	sys_npu_format	image_a_xip	Inferred	g2/docs/research/gx8002-lvp-system-initialize-source-verification.json: package 0x145F1; descriptive name from codec function recovery	aa974ec97174a5ab4c0aa1acab51911afd98518058dc7e6974bf5dd92495e62d
0x1020B080	0x1020B09B	27	sys_flash_format	image_a_xip	Inferred	g2/docs/research/gx8002-lvp-system-initialize-source-verification.json: package 0x1460C; descriptive name from codec function recovery	613d28515d0084e30f380d5c4e58b2f5e5be93b70192660c85dbd5620d33a418
0x1020B09B	0x1020B0B8	29	sys_bypass	image_a_xip	Inferred	g2/docs/research/gx8002-lvp-system-initialize-source-verification.json: package 0x14627; descriptive name from codec function recovery	ea5ad721abebff302c566274fbf19c11c52db48f00aa4c14daa31ffa60bd2a73
0x1020B0B8	0x1020B0D3	27	sys_trim_format	image_a_xip	Inferred	g2/docs/research/gx8002-lvp-system-initialize-source-verification.json: package 0x14644; descriptive name from codec function recovery	08ec7cfb487c5d4532701a25fa65c467ae45f67e808c75aabac16d10b3123b2f
0x1020B0D3	0x1020B148	117	gx8002_messages_stack	image_a_xip	Inferred	g2/docs/research/gx8002-runtime-messages-source-verification.json: package 0x1465F; descriptive name from codec function recovery	0e05f29a8be42e2f35330f3a7b9687925f007270e90b89ea33d8df981ce95c07
0x1020B148	0x1020B162	26	gx8002_multiboot_first	image_a_xip	Inferred	g2/docs/research/gx8002-multiboot-switch-source-verification.json: package 0x146D4; descriptive name from codec function recovery	0a99ec3809fdcc5dd22a1113c412e5a178366b217b76ece13da3a71325a8e60f
0x1020B162	0x1020B17D	27	gx8002_multiboot_second	image_a_xip	Inferred	g2/docs/research/gx8002-multiboot-switch-source-verification.json: package 0x146EE; descriptive name from codec function recovery	3e94481d299ea5ead240c92cd9a10153beb3fdf3efaf9533469b9b34c56cd02a
0x1020B17D	0x1020B18B	14	gx8002_uart_error_string	image_a_xip	Inferred	g2/docs/research/gx8002-uart-tick-verification.json: package 0x14709; descriptive name from codec function recovery	dfcaaec7ccfc781e5c018d4ad0f07f1e3a5fafabc4f59624039433170ace25d0
0x1020B18B	0x1020B1A3	24	suspend_label	image_a_xip	Inferred	g2/docs/research/gx8002-uart-message-initialize-source-verification.json: package 0x14717; descriptive name from codec function recovery	549acd0de3dcfb33bd358ed69b78f09b8c538bd07415cb6506933879e19b18eb
0x1020B1A3	0x1020B1BA	23	resume_label	image_a_xip	Inferred	g2/docs/research/gx8002-uart-message-initialize-source-verification.json: package 0x1472F; descriptive name from codec function recovery	562a1e29831bd73326220e5fa5006b99ced63bccb8434ce0a1a1d543f61e13f9
0x1020B1BC	0x1020B1C4	8	gx8002_mode_list	image_a_xip	Inferred	g2/docs/research/gx8002-mode-descriptors-source-verification.json: package 0x14748; descriptive name from codec function recovery	bad8a634d85013d6ff0fc2ec9f6fd63803c710b8d3dac4bcea5aa112fc97205a
0x1020B1C4	0x1020B1D8	20	lvp_idle_mode_info	image_a_xip	Inferred	g2/docs/research/gx8002-idle-verification.json: package 0x14750; descriptive name from codec function recovery	228a928f037258249c3d0f3b644392f50a7c4f70beba0d929660eb35528b3cf3
0x1020B1D8	0x1020B1EE	22	gx8002_idle_exit_message	image_a_xip	Inferred	g2/docs/research/gx8002-idle-verification.json: package 0x14764; descriptive name from codec function recovery	4ab2501b0e3b8e9b1f30608661701e48029b6db0de846a5d28a45b8e1e9aae53
0x1020B1EE	0x1020B204	22	gx8002_idle_init_message	image_a_xip	Inferred	g2/docs/research/gx8002-idle-verification.json: package 0x1477A; descriptive name from codec function recovery	d07d293d23272d812fb93e98083ed78a59f516c586bd4c89f2fb9ac250fe391f
0x1020B204	0x1020B218	20	lvp_tws_mode_info	image_a_xip	Inferred	g2/docs/research/gx8002-mode-descriptors-source-verification.json: package 0x14790; descriptive name from codec function recovery	f1cd07b5125d22d5909ea15d43382e6dfe5212e201b45fff2fb8c7a8b86cdf36
0x1020B218	0x1020B230	24	gx8002_tws_exit	image_a_xip	Inferred	g2/docs/research/gx8002-tws-shutdown-verification.json: package 0x147A4; descriptive name from codec function recovery	8e1e1d58893a4aa52f714bdd7ae6b63abb97afeec0d58c129c120ee58ace1b5a
0x1020B230	0x1020B276	70	gx8002_messages_tws	image_a_xip	Inferred	g2/docs/research/gx8002-runtime-messages-source-verification.json: package 0x147BC; descriptive name from codec function recovery	e3bf69eb60b42a5ffc1ffd73cf541d50764e142ec3e40182dcadc9a4aa6d18c8
0x1020B276	0x1020B2AE	56	gx8002_max_score_diagnostic	image_a_xip	Inferred	g2/docs/research/gx8002-max-score-source-verification.json: package 0x14802; descriptive name from codec function recovery	c37ccbfb929e99a91d85e6c8b297697d04d6abc95bb12dbbb97febb5174ccb31
0x1020B2AE	0x1020B2D9	43	gx8002_max_list_header	image_a_xip	Inferred	g2/docs/research/gx8002-max-list-verification.json: package 0x1483A; descriptive name from codec function recovery	72c51e0a535fffabc4ceae3d958042bd4c888f0905875b3dc0edc9890fb2b864
0x1020B2D9	0x1020B2F4	27	gx8002_max_list_word	image_a_xip	Inferred	g2/docs/research/gx8002-max-list-verification.json: package 0x14865; descriptive name from codec function recovery	3ee6dde84e007788ac0c97246f22ea38830763302211cfa7823d3108d75919af
0x1020B2F4	0x1020B300	12	gx8002_max_list_value	image_a_xip	Inferred	g2/docs/research/gx8002-max-list-verification.json: package 0x14880; descriptive name from codec function recovery	d95a22a79e919d634527b6f1da4162dd113552a2080f1c1c4142a53ce4f665f3
0x1020B300	0x1020B30D	13	gx8002_max_list_threshold	image_a_xip	Inferred	g2/docs/research/gx8002-max-list-verification.json: package 0x1488C; descriptive name from codec function recovery	f2593b6f0129913f3e4abe6afe85f1ce300ad26932eb2d41597fd7cb53a4950d
0x1020B30D	0x1020B34F	66	gx8002_max_init_error	image_a_xip	Inferred	g2/docs/research/gx8002-max-initialize-verification.json: package 0x14899; descriptive name from codec function recovery	cd6fd0832fed0057accde9b3b18e121a42ea87053f875dc0b15809222bf2f1d9
0x1020B34F	0x1020B37E	47	gx8002_messages_kws	image_a_xip	Inferred	g2/docs/research/gx8002-runtime-messages-source-verification.json: package 0x148DB; descriptive name from codec function recovery	8f77e5f59a53322b56a17a07b1550a48dd520a481a3172bb36f7c09dad215a4a
0x1020B37E	0x1020B39F	33	gx8002_kws_strategy_row	image_a_xip	Inferred	g2/docs/research/gx8002-kws-strategy-source-verification.json: package 0x1490A; descriptive name from codec function recovery	31ed30c9c6bc444cefe3d81447cee0c259677a74eb58f587a62d68c74b4a7ea7
0x1020B39F	0x1020B3CD	46	gx8002_kws_strategy_selected	image_a_xip	Inferred	g2/docs/research/gx8002-kws-strategy-source-verification.json: package 0x1492B; descriptive name from codec function recovery	81d97beb8cd277cb1dc5417e2b839427e50ef6c0dd0be13e2a8ecd8ca9172a46
0x1020B3CD	0x1020B3EE	33	gx8002_bionic_run_rodata	image_a_xip	Inferred	g2/docs/research/gx8002-bionic-run-source-verification.json: package 0x14959; descriptive name from codec function recovery	b7ec6d410d9efbc8a93247f1392b6ab56afbebc3fe509b150ce13a860001924e
0x1020B3EE	0x1020B3FD	15	suspend_name	image_a_xip	Inferred	g2/docs/research/gx8002-startup-verification.json: package 0x1497A; descriptive name from codec function recovery	725994ebdd066c23cff8b59339dda76dfe9a4ac39124508aaa130da59fec7df8
0x1020B3FD	0x1020B40B	14	resume_name	image_a_xip	Inferred	g2/docs/research/gx8002-startup-verification.json: package 0x14989; descriptive name from codec function recovery	bcf3ac581380b16bb1b55d2fc57795a0a59815cd090df3e84b6ecb1cd8968971
0x1020B40B	0x1020B419	14	gx8002_app_gpio_event_name	image_a_xip	Inferred	g2/docs/research/gx8002-app-gpio-event-source-verification.json: package 0x14997; descriptive name from codec function recovery	5050e88104215cd5686ec614d7494c80a0c883e229d41ae79e1c336f8a9b47da
0x1020B419	0x1020B427	14	gx8002_sample_app_init_name	image_a_xip	Inferred	g2/docs/research/gx8002-sample-app-init-source-verification.json: package 0x149A5; descriptive name from codec function recovery	af53436f6d3e9835956b68cdd8d876c63a558245bdede779e278bb76f7b30c30
0x1020B427	0x1020B431	10	gx8002_start_i2s_name	image_a_xip	Inferred	g2/docs/research/gx8002-start-i2s-source-verification.json: package 0x149B3; descriptive name from codec function recovery	2c62c481ea90ccf0d14623aefabc087ae00930aef6d94280c1c05107100afe61
0x1020B431	0x1020B43B	10	gx8002_stop_i2s_name	image_a_xip	Inferred	g2/docs/research/gx8002-stop-i2s-source-verification.json: package 0x149BD; descriptive name from codec function recovery	214e42a13650bbe303bb83b1195c5f7c8215ecad0fddcb76b16861e05f160b0b
0x1020B43B	0x1020B447	12	gx8002_app_gpio_message	image_a_xip	Inferred	g2/docs/research/gx8002-app-gpio-power-verification.json: package 0x149C7; descriptive name from codec function recovery	f9ce6ee6131fe1c6a31427cfc26659ea0d89e808a0ee1f084f7256a8a12635a7
0x1020B447	0x1020B458	17	gx8002_app_gpio_event_message	image_a_xip	Inferred	g2/docs/research/gx8002-app-gpio-event-source-verification.json: package 0x149D3; descriptive name from codec function recovery	3c6367a29b4be47671830aac1da1b8f40d8ff6945206d711a4518d63901de7cb
0x1020B458	0x1020B468	16	gx8002_sample_app_init_message	image_a_xip	Inferred	g2/docs/research/gx8002-sample-app-init-source-verification.json: package 0x149E4; descriptive name from codec function recovery	3097e6eb020120a14f6370b8d02c77a094d34eea2f5e45acc644d42a8a4341e7
0x1020B468	0x1020B498	48	gx8002_mic_buffer_invalid	image_a_xip	Inferred	g2/docs/research/gx8002-mic-buffer-source-verification.json: package 0x149F4; descriptive name from codec function recovery	a366a306a873a27332008407e821b95d9fa62b5174e6e52644b07c5cf93a78ed
0x1020B498	0x1020B4C7	47	gx8002_mic_buffer_large	image_a_xip	Inferred	g2/docs/research/gx8002-mic-buffer-source-verification.json: package 0x14A24; descriptive name from codec function recovery	a387ca6c5c6be6802af816749ed5050b6a014bb2c47cedd6c464330ae02cd146
0x1020B4C7	0x1020B4D9	18	gx8002_sample_event_hey	image_a_xip	Inferred	g2/docs/research/gx8002-sample-event-source-verification.json: package 0x14A53; descriptive name from codec function recovery	aed8bc22590c63dd0fb71b3b9d7fd3746f8e3fa428eb12eff049cec24d6c6912
0x1020B4D9	0x1020B4EA	17	gx8002_sample_event_hi	image_a_xip	Inferred	g2/docs/research/gx8002-sample-event-source-verification.json: package 0x14A65; descriptive name from codec function recovery	375147efb410379866876f9e29a02c3d2f8d6005a903302a301e4cb4cfdf375b
0x1020B4EA	0x1020B50A	32	gx8002_sample_event_start	image_a_xip	Inferred	g2/docs/research/gx8002-sample-event-source-verification.json: package 0x14A76; descriptive name from codec function recovery	c66da07ebe8a3a8dc128fdc095810e241f9d3b2167d79f717d22d423959c1032
0x1020B50A	0x1020B536	44	gx8002_sample_event_range	image_a_xip	Inferred	g2/docs/research/gx8002-sample-event-source-verification.json: package 0x14A96; descriptive name from codec function recovery	a8d1c3d7babe482ecae767138a263807f4742b0a8b24c102a77d02065dd209ca
0x1020B536	0x1020B547	17	gx8002_start_i2s_log	image_a_xip	Inferred	g2/docs/research/gx8002-start-i2s-source-verification.json: package 0x14AC2; descriptive name from codec function recovery	cbee29a4a9e01e499c3f9dfe99a654296e715746e263318d49acc467d457e5c7
0x1020B547	0x1020B565	30	gx8002_start_i2s_close_log	image_a_xip	Inferred	g2/docs/research/gx8002-start-i2s-source-verification.json: package 0x14AD3; descriptive name from codec function recovery	d39c3976830dd3f3769b13c24a2094cc83cb9221ca7ddd602c46702d3c3cc50f
0x1020B565	0x1020B571	12	gx8002_start_i2s_mclk	image_a_xip	Inferred	g2/docs/research/gx8002-start-i2s-source-verification.json: package 0x14AF1; descriptive name from codec function recovery	b59267f089be4be8dbf4f82ba11339bb24dde8c67f8da780ea428c05370646a4
0x1020B571	0x1020B57E	13	gx8002_start_i2s_lrclk	image_a_xip	Inferred	g2/docs/research/gx8002-start-i2s-source-verification.json: package 0x14AFD; descriptive name from codec function recovery	db9b0f0d85df7dc3715ebc6e1c5809ed1ddf19910d60c20db5e19d640197b6a9
0x1020B57E	0x1020B588	10	gx8002_start_i2s_bits	image_a_xip	Inferred	g2/docs/research/gx8002-start-i2s-source-verification.json: package 0x14B0A; descriptive name from codec function recovery	89564cae0ecd1542fbbd537a7c018f4199bace3ec372c135db1bbdc315cf6ffc
0x1020B588	0x1020B597	15	gx8002_start_i2s_master	image_a_xip	Inferred	g2/docs/research/gx8002-start-i2s-source-verification.json: package 0x14B14; descriptive name from codec function recovery	bae5170ffd145d5172f87cef1a80f176ebe82ebb7b7c6b4d9a841acc2aafdd42
0x1020B597	0x1020B5A4	13	gx8002_start_i2s_done	image_a_xip	Inferred	g2/docs/research/gx8002-start-i2s-source-verification.json: package 0x14B23; descriptive name from codec function recovery	5370a696f859df63a8a327ffe564b486148ceb4e1dc2be737dd4ba865d385a2b
0x1020B5A4	0x1020B5D4	48	gx8002_i2s_request_tick_request	image_a_xip	Inferred	g2/docs/research/gx8002-i2s-request-tick-source-verification.json: package 0x14B30; descriptive name from codec function recovery	e448736a7ead3580470b3a27e2e1b0fdbd74f362e4698281501e47b8a149b6e8
0x1020B5D4	0x1020B5FB	39	gx8002_i2s_request_tick_lock	image_a_xip	Inferred	g2/docs/research/gx8002-i2s-request-tick-source-verification.json: package 0x14B60; descriptive name from codec function recovery	54cbd7d6ed3ec54402896bfa8af759ad22b2230d89a5b598d628d2f7261a5f29
0x1020B5FB	0x1020B624	41	gx8002_i2s_request_tick_unlock	image_a_xip	Inferred	g2/docs/research/gx8002-i2s-request-tick-source-verification.json: package 0x14B87; descriptive name from codec function recovery	8844390e2fa1d07ecd6cf77c36cbd8b4d6b20eb4b1ce787f9163cc7eb4dc5a51
0x1020B624	0x1020B649	37	gx8002_i2s_request_tick_timeout	image_a_xip	Inferred	g2/docs/research/gx8002-i2s-request-tick-source-verification.json: package 0x14BB0; descriptive name from codec function recovery	d2855833e63d7408425111c2665a744bfd7f516ed3f0dc2fcdf0c273bd16d186
0x1020B649	0x1020B675	44	gx8002_sample_app_labels	image_a_xip	Inferred	g2/docs/research/gx8002-application-labels-source-verification.json: package 0x14BD5; descriptive name from codec function recovery	5bacd8db5ac0caff0fcdfec800459e639412371af6cab23f6cef434f13ad0cbc
0x1020B678	0x1020B698	32	gx8002_notification_setup_bundle	image_a_xip	Inferred	g2/docs/research/gx8002-notification-setup-source-verification.json: package 0x14C04; descriptive name from codec function recovery	7ff1de23d29f8ed125084ce08845da8b126386b083ed7347d27ac7582bea7b82
0x1020B698	0x1020B6A3	11	gx8002_app_commands_mic	image_a_xip	Inferred	g2/docs/research/gx8002-app-commands-source-verification.json: package 0x14C24; descriptive name from codec function recovery	238d07830933d40166ed35d449249feb0b3cf2c23a8e3fd8b245b4b9e87fef57
0x1020B6A3	0x1020B6B2	15	gx8002_app_commands_gsensor	image_a_xip	Inferred	g2/docs/research/gx8002-app-commands-source-verification.json: package 0x14C2F; descriptive name from codec function recovery	0952639d436e69e605035b0beea7214167ae1cca01e1fa1a36d64804d35b5d8c
0x1020B6B2	0x1020B6BA	8	gx8002_app_commands_version	image_a_xip	Inferred	g2/docs/research/gx8002-app-commands-source-verification.json: package 0x14C3E; descriptive name from codec function recovery	51e4f61e075a2e46b61b2ecac253a0b6ccbf9aca8d1afebcb7e196f49174383b
0x1020B6BA	0x1020B6C8	14	gx8002_app_commands_beamforming	image_a_xip	Inferred	g2/docs/research/gx8002-app-commands-source-verification.json: package 0x14C46; descriptive name from codec function recovery	1ea2a7f632e73720f095225eb1ba19f07d227d3d543431957c5fff8049c6769d
0x1020B6C8	0x1020B6DB	19	gx8002_app_commands_vad_open	image_a_xip	Inferred	g2/docs/research/gx8002-app-commands-source-verification.json: package 0x14C54; descriptive name from codec function recovery	f92d095ca63cecdcb291e3aa72f6c50e2bebf4002e820cef85f03580720727fe
0x1020B6DB	0x1020B6EF	20	gx8002_app_commands_vad_close	image_a_xip	Inferred	g2/docs/research/gx8002-app-commands-source-verification.json: package 0x14C67; descriptive name from codec function recovery	1c9bafa29c37bc25cf0e33f89278da0a5ccf9616e3f3637d2335ac09a205b257
0x1020B6EF	0x1020B6FC	13	gx8002_app_commands_gain	image_a_xip	Inferred	g2/docs/research/gx8002-app-commands-source-verification.json: package 0x14C7B; descriptive name from codec function recovery	bc19aa7e417a0a08cf7f3cfeabffb583baecc374d827a4f50fe83b1b96b106c3
0x1020B6FC	0x1020B70B	15	gx8002_app_commands_dmic_start	image_a_xip	Inferred	g2/docs/research/gx8002-app-commands-source-verification.json: package 0x14C88; descriptive name from codec function recovery	d94627a3b51f2d0165b8b901d1166db3344097fd907d0a78d0c410bbc3996783
0x1020B70B	0x1020B71A	15	gx8002_app_commands_dmic_close	image_a_xip	Inferred	g2/docs/research/gx8002-app-commands-source-verification.json: package 0x14C97; descriptive name from codec function recovery	90be3fa2deb29193a45e7ad35a239b78ffc7de148e1b63df15ffb06ef2442e90
0x1020B71A	0x1020B727	13	gx8002_app_commands_pdm_delay	image_a_xip	Inferred	g2/docs/research/gx8002-app-commands-source-verification.json: package 0x14CA6; descriptive name from codec function recovery	d515db7e882f92ef3135ee4081c4025d076d64889f8de717992a567863c3b0d3
0x1020B727	0x1020B735	14	gx8002_app_commands_i2s_state	image_a_xip	Inferred	g2/docs/research/gx8002-app-commands-source-verification.json: package 0x14CB3; descriptive name from codec function recovery	cd24da990c49a24bb22e1783b8f703af82475f7679c4860a45a049ee4759c971
0x1020B735	0x1020B74C	23	gx8002_app_command_callback_persistent_mic	image_a_xip	Inferred	g2/docs/research/gx8002-app-command-callback-persistent-source-verification.json: package 0x14CC1; descriptive name from codec function recovery	6e72a1ddf613867aa2d4bb2d1b6f43c1a63a2fb46aa5ab9b647827fb409fe92d
0x1020B74C	0x1020B766	26	gx8002_app_command_callback_persistent_gsensor	image_a_xip	Inferred	g2/docs/research/gx8002-app-command-callback-persistent-source-verification.json: package 0x14CD8; descriptive name from codec function recovery	acbdae5b8b57b213dae94d77f9b63a88f30346a8daa3ae8fd1b809819416ee3b
0x1020B766	0x1020B77B	21	gx8002_app_command_callback_persistent_version	image_a_xip	Inferred	g2/docs/research/gx8002-app-command-callback-persistent-source-verification.json: package 0x14CF2; descriptive name from codec function recovery	12df677d8de021d62ab07470c4790121b3e7bdee31ce4ddaa76563673958b604
0x1020B77B	0x1020B77D	2	gx8002_app_command_callback_persistent_delimiter	image_a_xip	Inferred	g2/docs/research/gx8002-app-command-callback-persistent-source-verification.json: package 0x14D07; descriptive name from codec function recovery	075d3ddf5a3a826e13a92288e853bc4b2cb17fb05367ae865f401a4bb11f05ce
0x1020B77D	0x1020B794	23	gx8002_app_command_callback_persistent_beamforming	image_a_xip	Inferred	g2/docs/research/gx8002-app-command-callback-persistent-source-verification.json: package 0x14D09; descriptive name from codec function recovery	f22ddf9d1be3c5053dfc94566636740163e174136053851b0afef16338c09d28
0x1020B794	0x1020B7A8	20	gx8002_app_command_callback_persistent_vad_open	image_a_xip	Inferred	g2/docs/research/gx8002-app-command-callback-persistent-source-verification.json: package 0x14D20; descriptive name from codec function recovery	bada030a222f4c472c0d9cfc72dbf812d547a44706088f9a7846e78fe3d8b202
0x1020B7A8	0x1020B7BD	21	gx8002_app_command_callback_persistent_vad_close	image_a_xip	Inferred	g2/docs/research/gx8002-app-command-callback-persistent-source-verification.json: package 0x14D34; descriptive name from codec function recovery	f2c4760089905aea22d0359dcc0150f1261d69c0137bfa8e591579b3515be20b
0x1020B7BD	0x1020B7C4	7	gx8002_app_command_callback_persistent_byte	image_a_xip	Inferred	g2/docs/research/gx8002-app-command-callback-persistent-source-verification.json: package 0x14D49; descriptive name from codec function recovery	a5b64aad4d6cbe2376ad04ec9ad39072fb9e01e182202fc9b33f50008af1fd9e
0x1020B7C4	0x1020B7DD	25	gx8002_app_command_callback_persistent_gain_ok	image_a_xip	Inferred	g2/docs/research/gx8002-app-command-callback-persistent-source-verification.json: package 0x14D50; descriptive name from codec function recovery	ce1eb9f179ab38c789840e9436b553da630522c28cb3c3a3dd7e131be9eabc96
0x1020B7DD	0x1020B7F3	22	gx8002_app_command_callback_persistent_gain_fail	image_a_xip	Inferred	g2/docs/research/gx8002-app-command-callback-persistent-source-verification.json: package 0x14D69; descriptive name from codec function recovery	f4d881590467639f652977ab84b940f8e74aa9773f630f7d77fbf2937e8ad089
0x1020B7F3	0x1020B81B	40	gx8002_app_command_callback_persistent_gain_range	image_a_xip	Inferred	g2/docs/research/gx8002-app-command-callback-persistent-source-verification.json: package 0x14D7F; descriptive name from codec function recovery	f647907c2855ea5bd08e03dc80e776d7c6e9621e371991d6e64cb07c710c9e88
0x1020B81B	0x1020B832	23	gx8002_app_command_callback_persistent_dmic_open	image_a_xip	Inferred	g2/docs/research/gx8002-app-command-callback-persistent-source-verification.json: package 0x14DA7; descriptive name from codec function recovery	4d81ae4a71310cc434a76211ba9cd53045901dbda5069fb5988c3833d23a4487
0x1020B832	0x1020B844	18	gx8002_app_command_callback_persistent_dmic_init	image_a_xip	Inferred	g2/docs/research/gx8002-app-command-callback-persistent-source-verification.json: package 0x14DBE; descriptive name from codec function recovery	e15f26740a69bc23987152f83a8af97bd791e23bfe16df73a29697b7726ceeda
0x1020B844	0x1020B85C	24	gx8002_app_command_callback_persistent_dmic_close	image_a_xip	Inferred	g2/docs/research/gx8002-app-command-callback-persistent-source-verification.json: package 0x14DD0; descriptive name from codec function recovery	37fab253cbe73fb5ea7368f4036120a3629bc4828865029b779ba9eca3075196
0x1020B85C	0x1020B86F	19	gx8002_app_command_callback_persistent_dmic_stop	image_a_xip	Inferred	g2/docs/research/gx8002-app-command-callback-persistent-source-verification.json: package 0x14DE8; descriptive name from codec function recovery	48170c1561bd0ab66aea6aff6f6d05ce2bc9ec96abd6e96e38f64d8746d82c66
0x1020B86F	0x1020B88D	30	gx8002_app_command_callback_persistent_delay	image_a_xip	Inferred	g2/docs/research/gx8002-app-command-callback-persistent-source-verification.json: package 0x14DFB; descriptive name from codec function recovery	53beac7c00b410b4be4e31e724e7b67978ce83759451b2245aecdeaae9241527
0x1020B88D	0x1020B8A9	28	gx8002_app_command_callback_persistent_i2s	image_a_xip	Inferred	g2/docs/research/gx8002-app-command-callback-persistent-source-verification.json: package 0x14E19; descriptive name from codec function recovery	82eb51694313df9db6b14b527bb2c88858c48d251082807408ebb91383bd99b4
0x1020B8A9	0x1020B8BC	19	gx8002_app_command_callback_persistent_mode	image_a_xip	Inferred	g2/docs/research/gx8002-app-command-callback-persistent-source-verification.json: package 0x14E35; descriptive name from codec function recovery	b3fd763835de861b1de5407c00a7f6b519dfbe43ad0d214cc84d0caebaff7655
0x1020B8BC	0x1020B8D7	27	gx8002_notification_setup_pin	image_a_xip	Inferred	g2/docs/research/gx8002-notification-setup-source-verification.json: package 0x14E48; descriptive name from codec function recovery	c6b24eecd3d0ee4e3472a90153197b172c746113ede17a61b99c85b3b38fc920
0x1020B8D7	0x1020B8F4	29	gx8002_notification_setup_uart	image_a_xip	Inferred	g2/docs/research/gx8002-notification-setup-source-verification.json: package 0x14E63; descriptive name from codec function recovery	af8ce88b7a2cee655ceef47e4ba6adfa6d2503f54b80eaa98b1ea1cbbc9da8c4
0x1020B8F4	0x1020B907	19	gx8002_vad_notify_diagnostic	image_a_xip	Inferred	g2/docs/research/gx8002-vad-notify-source-verification.json: package 0x14E80; descriptive name from codec function recovery	0890bb65caa6a1803f6775ba3a34e309d8b528572f704eab57333f6c14dc976e
0x1020B908	0x1020BD08	1024	crc_table	image_a_xip	Inferred	g2/docs/research/gx8002-crc32-source-verification.json: package 0x14E94; descriptive name from codec function recovery | also: gx8002-crc-target-comparison.json	12f3e0576d447eb37b36d82ba0c1c5481b8f0d12fdc70347ce4a076b229d4c86
0x1020BD08	0x1020BD1C	20	gx8002_fpadd_parts_nan	image_a_xip	Inferred	g2/docs/research/gx8002-fpadd-parts-source-verification.json: package 0x15294; descriptive name from codec function recovery	de47c9b27eb8d300dbb5f2c353e632c393262cf06340c4fa7f1b40c4cbd36f90
0x1020BD1C	0x1020BE1C	256	gx8002_udivdi3_clz	image_a_xip	Inferred	g2/docs/research/gx8002-udivdi3-source-verification.json: package 0x152A8; descriptive name from codec function recovery	14a5d850c255623f9472e3c650abce0c78d32f0276b315b3a276a0462d97a1ac
0x1020BE1C	0x1020BE54	56	flash_info_dispatch_table	image_a_xip	Inferred	g2/docs/research/gx8002-flash-info-verification.json: package 0x153A8; descriptive name from codec function recovery	d1fd4206a64555389177466efe7b6a90841d8ad1d05aa7e28256ce9c608a1f8b
0x1020BE54	0x1020BE5C	8	gx8002_flash_name_p25q21l	image_a_xip	Inferred	g2/docs/research/gx8002-flash-device-names-verification.json: package 0x153E0; descriptive name from codec function recovery	93e7b52ddb821f50dee9c3cb8caf38edf956c8c94935a1f9917857a9bb439365
0x1020BE5C	0x1020BE64	8	gx8002_flash_name_p25q40l	image_a_xip	Inferred	g2/docs/research/gx8002-flash-device-names-verification.json: package 0x153E8; descriptive name from codec function recovery	deb005c80de171bdcbe675ffd606956cff5c498906c63884119b36ab77307453
0x1020BE64	0x1020BE6C	8	gx8002_flash_name_p25q80l	image_a_xip	Inferred	g2/docs/research/gx8002-flash-device-names-verification.json: package 0x153F0; descriptive name from codec function recovery	3924ce70a19e25d1d8d5131fdb2200660173be1230f70b804e95b4e3983b815f
0x1020BE6C	0x1020BE75	9	gx8002_flash_name_en25s20a	image_a_xip	Inferred	g2/docs/research/gx8002-flash-device-names-verification.json: package 0x153F8; descriptive name from codec function recovery	1aa2311d54394c1709718896bd62842c70d63d33fc4129a8b1b2201f17fca1d9
0x1020BE75	0x1020BE7E	9	gx8002_flash_name_en25s40a	image_a_xip	Inferred	g2/docs/research/gx8002-flash-device-names-verification.json: package 0x15401; descriptive name from codec function recovery	b62a3154de5a5a6c76a0d4b65c6d72ee43acc9728bc9b7e529171694de809e8e
0x1020BE7E	0x1020BE88	10	gx8002_flash_name_zb25wq80a	image_a_xip	Inferred	g2/docs/research/gx8002-flash-device-names-verification.json: package 0x1540A; descriptive name from codec function recovery	b8dabb634a3dd91a34025ea488300c8ad306e8f1f0bb37c68591eb837599d961
