address	end	size	name	module	confidence	evidence	stock_sha256
0x00003458	0x00003462	10	touch_runtime_0158_stack_limit	runtime_touch_platform_completion.c	Inferred	g2/tools/manifests/g2-touch-platform-completion-admission.tsv: payload+0x0158; [selected_mit_platform_source] exact final authenticated function boundary represented by selected MIT runtime/system policy or source-owned generated configuration | also: g2-touch-application-clean-room-contracts.tsv, g2-touch-relocated-functions.tsv, g2-touch-relocated-semantic-batches.tsv	c36ba6f99ebece2e63d3c5e5c6b024253f3c952e6d75e88542103a3e46e33e7d
0x00003464	0x00003508	164	touch_runtime_0164_reset_entry	runtime_touch_platform_completion.c	Inferred	g2/tools/manifests/g2-touch-platform-completion-admission.tsv: payload+0x0164; [selected_mit_platform_source] exact final authenticated function boundary represented by selected MIT runtime/system policy or source-owned generated configuration | also: g2-touch-application-clean-room-contracts.tsv, g2-touch-relocated-functions.tsv, g2-touch-relocated-semantic-batches.tsv	0532c4e562f17ce951bbbf23d2bc295885f0c0dae97463ae2d28df6eecb88d5b
0x000034D8	0x0000350A	50	touch_storage_01d8_initialize	runtime_touch_storage_adapters.c	Inferred	g2/tools/manifests/g2-touch-storage-adapters-admission.tsv: payload+0x01D8; [clean_room_storage_adapter_with_typed_eula_provider] complete application-owned bounds/status/state flow; Em_EEPROM body remains an injected typed EULA provider; n | also: g2-touch-application-clean-room-contracts.tsv, g2-touch-relocated-functions.tsv, g2-touch-relocated-semantic-batches.tsv	c77270785c905dd1d4d1d876cd49736efaffd29367825d8dcdef024be97a2a1e
0x00003520	0x0000355C	60	touch_storage_0220_read	runtime_touch_storage_adapters.c	Inferred	g2/tools/manifests/g2-touch-storage-adapters-admission.tsv: payload+0x0220; [clean_room_storage_adapter_with_typed_eula_provider] complete application-owned bounds/status/state flow; Em_EEPROM body remains an injected typed EULA provider; n | also: g2-touch-application-clean-room-contracts.tsv, g2-touch-relocated-functions.tsv, g2-touch-relocated-semantic-batches.tsv	ef8bcafdfc26d42e2e1aff6900c08599d7c7507ec547e10eab8e09866fdb1dd2
0x00003568	0x000035A4	60	touch_config_read_adapter	g2-touch-prefix-helper-evidence	Strong	g2/tools/manifests/g2-touch-prefix-helper-evidence.tsv: payload+0x0268; [high clean_room_semantic_name] bounds logical address+length to 256, gates initialized state, calls Em_EEPROM read and translates status | also: g2-touch-policy-helper-source-closure.tsv, g2-touch-prefix-function-map.tsv, g2-touch-relocated-functions.tsv, g2-touch-software-readiness-functions.tsv	3d7f1abeee801aecccc624ce1b67bb81f30fd5cee704ef9d4c0efd34cf666080
0x000035B0	0x000035D6	38	touch_storage_02b0_context_operation	runtime_touch_storage_adapters.c	Inferred	g2/tools/manifests/g2-touch-storage-adapters-admission.tsv: payload+0x02B0; [clean_room_storage_adapter_with_typed_eula_provider] complete application-owned bounds/status/state flow; Em_EEPROM body remains an injected typed EULA provider; n | also: g2-touch-application-clean-room-contracts.tsv, g2-touch-relocated-functions.tsv, g2-touch-relocated-semantic-batches.tsv	02f2c939cd0e86a5ee5eb8ba6583471c37b866cf070a9e40eea62997d4ece8b1
0x000035E4	0x000035EE	10	touch_storage_02e4_increment	runtime_touch_storage_adapters.c	Inferred	g2/tools/manifests/g2-touch-storage-adapters-admission.tsv: payload+0x02E4; [clean_room_storage_adapter_with_typed_eula_provider] complete application-owned bounds/status/state flow; Em_EEPROM body remains an injected typed EULA provider; n | also: g2-touch-application-clean-room-contracts.tsv, g2-touch-relocated-functions.tsv, g2-touch-relocated-semantic-batches.tsv	c84096b2d05f8df35d37689b00abb03ece692951f81f89c2570155611834271c
0x000035F4	0x0000361A	38	sensor_read_mux	g2-touch-prefix	Strong	g2/tools/manifests/g2-touch-prefix-function-map.tsv: payload+0x02F4; [evidence_named] I2C protocol sensor_read_mux span | also: g2-touch-prefix-evidence-anchors.tsv, g2-touch-relocated-functions.tsv, g2-touch-software-readiness-functions.tsv	86fc9c778fddca63851f08f780c7998d6de9451c428bde861696cb61bc637355
0x00003624	0x00003630	12	touch_platform_0324_configure	runtime_touch_platform_wrappers.c	Inferred	g2/tools/manifests/g2-touch-platform-wrappers-admission.tsv: payload+0x0324; [clean_room_platform_wrapper_source] complete wrapper flow with fixed tokens and injected providers; no vendor body, resident table, fixed-address access, MMIO exec | also: g2-touch-application-clean-room-contracts.tsv, g2-touch-relocated-functions.tsv, g2-touch-relocated-semantic-batches.tsv	76cdace20c6436259e5a8420e9c6b8f850ee7ec6b259669c2a8466ab8ec14989
0x00003638	0x00003650	24	touch_platform_0338_install	runtime_touch_platform_wrappers.c	Inferred	g2/tools/manifests/g2-touch-platform-wrappers-admission.tsv: payload+0x0338; [clean_room_platform_wrapper_source] complete wrapper flow with fixed tokens and injected providers; no vendor body, resident table, fixed-address access, MMIO exec | also: g2-touch-application-clean-room-contracts.tsv, g2-touch-relocated-functions.tsv, g2-touch-relocated-semantic-batches.tsv	74f0aae50b2c2628970da5f6aece85398447cda4ad80b487febae56a6ef7ecea
0x00003658	0x0000366E	22	touch_platform_0358_sample	runtime_touch_platform_wrappers.c	Inferred	g2/tools/manifests/g2-touch-platform-wrappers-admission.tsv: payload+0x0358; [clean_room_platform_wrapper_source] complete wrapper flow with fixed tokens and injected providers; no vendor body, resident table, fixed-address access, MMIO exec | also: g2-touch-application-clean-room-contracts.tsv, g2-touch-relocated-functions.tsv, g2-touch-relocated-semantic-batches.tsv	cd8fae838ff4b175d15f11644012d868bfc45f41d139cd0878ead30f4db43dff
0x00003678	0x000036DA	98	i2c_slave_init	g2-touch-prefix	Strong	g2/tools/manifests/g2-touch-prefix-function-map.tsv: payload+0x0378; [evidence_named] I2C protocol initialization span | also: g2-touch-prefix-evidence-anchors.tsv, g2-touch-relocated-functions.tsv, g2-touch-software-readiness-functions.tsv	14859a32e5cb14c433222df6ddf0e50eccc68a424161e9088db386d03f6da026
0x00003700	0x00003786	134	i2c_irq_handler	g2-touch-prefix	Strong	g2/tools/manifests/g2-touch-prefix-function-map.tsv: payload+0x0400; [evidence_named] I2C protocol IRQ span | also: g2-touch-prefix-evidence-anchors.tsv, g2-touch-relocated-functions.tsv, g2-touch-software-readiness-functions.tsv	bbd9d49b223280d85fe623ab19336d1c5c06d49249b3f9e23944cd325ba99ec0
0x00003746				g2-touch-i2c-command-map	Unverified	g2/tools/manifests/g2-touch-i2c-command-map.tsv: payload+0x0446; [body confirmed; index inferred from layout order] version/identity query	
0x00003766				g2-touch-i2c-command-map	Unverified	g2/tools/manifests/g2-touch-i2c-command-map.tsv: payload+0x0466; [body confirmed; index inferred] read saved proximity baseline	
0x00003780				g2-touch-i2c-command-map	Unverified	g2/tools/manifests/g2-touch-i2c-command-map.tsv: payload+0x0480; [body confirmed; index inferred] read long-press threshold	
0x000037A0				g2-touch-i2c-command-map	Unverified	g2/tools/manifests/g2-touch-i2c-command-map.tsv: payload+0x04A0; [body confirmed; index inferred] save proximity baseline to EEPROM	
0x000037C8				g2-touch-i2c-command-map	Unverified	g2/tools/manifests/g2-touch-i2c-command-map.tsv: payload+0x04C8; [body confirmed; index inferred; validation matches host at_t] write gesture configuration (long-press ms)	
0x0000382C				g2-touch-i2c-command-map	Unverified	g2/tools/manifests/g2-touch-i2c-command-map.tsv: payload+0x052C; [body confirmed; index inferred] enter DFU	
0x0000384C				g2-touch-i2c-command-map	Unverified	g2/tools/manifests/g2-touch-i2c-command-map.tsv: payload+0x054C; [body confirmed; index inferred] read current sensor report	
0x000038E0	0x00003936	86	touch_product_05e0_bringup	runtime_touch_product_orchestration.c	Inferred	g2/tools/manifests/g2-touch-product-orchestration-admission.tsv: payload+0x05E0; [clean_room_product_orchestration_source] complete authenticated startup and state-machine flow with deterministic init/step tests and nonreturning production entry | also: g2-touch-application-clean-room-contracts.tsv, g2-touch-relocated-functions.tsv, g2-touch-relocated-semantic-batches.tsv	4f0dd0098f258592123cdb89a2ccda97f650c40d37b97a7b732d71f5d82cc0fd
0x00003948	0x00003954	12	touch_platform_0648_configure	runtime_touch_platform_wrappers.c	Inferred	g2/tools/manifests/g2-touch-platform-wrappers-admission.tsv: payload+0x0648; [clean_room_platform_wrapper_source] complete wrapper flow with fixed tokens and injected providers; no vendor body, resident table, fixed-address access, MMIO exec | also: g2-touch-application-clean-room-contracts.tsv, g2-touch-relocated-functions.tsv, g2-touch-relocated-semantic-batches.tsv	22cf82a138649f908101fbfa91f91a3322e7b067c6d1795eee222790db44d52e
0x0000395C	0x000039F8	156	touch_config_065c_bootstrap	runtime_touch_configuration_bootstrap.c	Inferred	g2/tools/manifests/g2-touch-configuration-bootstrap-admission.tsv: payload+0x065C; [clean_room_configuration_bootstrap_source] complete configuration load/default/write control flow; logging is the established no-op; storage provider remains behin | also: g2-touch-application-clean-room-contracts.tsv, g2-touch-relocated-functions.tsv, g2-touch-relocated-semantic-batches.tsv	4261f999cf4b91b43edff85c2731fe71ce1399d559473976b877c76ad87f5a48
0x00003960	0x00003A80	288	eeprom_config_module	g2-touch-prefix-evidence-anchors	Inferred	g2/tools/manifests/g2-touch-prefix-evidence-anchors.tsv: payload+0x0660; EEPROM-emulation config load/save with UNVE magic 0x45564E55; authenticated_code_region	0a97bda2b4b4f6eae1f6f23af5105a22dab792a1f79e35a00ac74a064db1d751
0x00003A1C	0x00003A30	20	saved_proximity_baseline_read	g2-touch-prefix-helper-evidence	Strong	g2/tools/manifests/g2-touch-prefix-helper-evidence.tsv: payload+0x071C; [high clean_room_semantic_name] reads config u16 +4 only after UNVE/config-ready sentinel | also: g2-touch-policy-helper-source-closure.tsv, g2-touch-prefix-function-map.tsv, g2-touch-relocated-functions.tsv, g2-touch-software-readiness-functions.tsv	db4ba4dcad45d6ea43ca7973565cb8b0a5057bf4bc095e5c6b3d0802241700eb
0x00003A38	0x00003A6A	50	touch_config_load_from_eeprom	g2-touch-prefix-helper-evidence	Strong	g2/tools/manifests/g2-touch-prefix-helper-evidence.tsv: payload+0x0738; [high clean_room_semantic_name] installs UNVE defaults, reads eight bytes through touch_config_read_adapter, logs resulting fields | also: g2-touch-policy-helper-source-closure.tsv, g2-touch-prefix-function-map.tsv, g2-touch-relocated-functions.tsv, g2-touch-software-readiness-functions.tsv	b4833d3c2103aa531869af5e60fb07c9472535d1689c7c8019a1df5773af8553
0x00003A80	0x00003ADC	92	touch_deferred_0780_process	runtime_touch_deferred_work.c	Inferred	g2/tools/manifests/g2-touch-deferred-work-admission.tsv: payload+0x0780; [clean_room_deferred_work_source] complete atomic snapshot/clear and two-flag dispatch flow; critical and notification behavior injected; no MMIO, resident data, EU | also: g2-touch-application-clean-room-contracts.tsv, g2-touch-relocated-functions.tsv, g2-touch-relocated-semantic-batches.tsv	0dc11e3139c82a93c37a5d9907ad6716ee5c3bbce931d29fb0162fc351ec0fb8
0x00003AFC	0x00003B16	26	attention_release_timeout_rearm	components/shared/touch/runtime_touch_policy_helpers.c	Inferred	g2/tools/manifests/g2-touch-software-readiness-functions.tsv: payload+0x07FC; [project_fail_closed_contract] writes GPIO_PRT4 state offsets +0x44/+0x40 around a 200 ms delay and dead logger call; transaction is external; no GPIO or timing imp | also: g2-touch-policy-helper-source-closure.tsv, g2-touch-prefix-function-map.tsv, g2-touch-prefix-helper-evidence.tsv, g2-touch-relocated-functions.tsv	e9689a44d2e4adb88b6e5b4638a1f0474a3f1110cfdf4816a95f7a1bed3a1157
0x00003B24	0x00003C60	316	report_builder	g2-touch-prefix	Strong	g2/tools/manifests/g2-touch-prefix-function-map.tsv: payload+0x0824; [evidence_named] I2C protocol report span | also: g2-touch-prefix-evidence-anchors.tsv, g2-touch-relocated-functions.tsv, g2-touch-software-readiness-functions.tsv	2dfdebfc817b8de4a5cab6d0e046511c89edd817a8f5d51cc42575f352074128
0x00003CA4	0x00003CAE	10	touch_platform_09a4_start	runtime_touch_platform_wrappers.c	Inferred	g2/tools/manifests/g2-touch-platform-wrappers-admission.tsv: payload+0x09A4; [clean_room_platform_wrapper_source] complete wrapper flow with fixed tokens and injected providers; no vendor body, resident table, fixed-address access, MMIO exec | also: g2-touch-application-clean-room-contracts.tsv, g2-touch-relocated-functions.tsv, g2-touch-relocated-semantic-batches.tsv	9e0b35cfee377b9eca5d0d1cb4ddb063e6582ed7a4d0ef733aecb57c6b410a82
0x00003CB4	0x00003EA2	494	touch_product_09b4_run	runtime_touch_product_orchestration.c	Inferred	g2/tools/manifests/g2-touch-product-orchestration-admission.tsv: payload+0x09B4; [clean_room_product_orchestration_source] complete authenticated startup and state-machine flow with deterministic init/step tests and nonreturning production entry | also: g2-touch-application-clean-room-contracts.tsv, g2-touch-relocated-functions.tsv, g2-touch-relocated-semantic-batches.tsv	afb8cc9dc05f7e2578341aa09459d0919ac527a7954ba84158c7145c33f18c66
0x00003EE0	0x00003EE8	8	logger_stub	g2-touch-prefix	Strong	g2/tools/manifests/g2-touch-prefix-function-map.tsv: payload+0x0BE0; [evidence_named] I2C protocol compiled-out logger span | also: g2-touch-prefix-evidence-anchors.tsv, g2-touch-relocated-functions.tsv, g2-touch-software-readiness-functions.tsv	d5af164eb1253e2dc1faf4d9271ca5119221d2f156233a278dcbf632803173de
0x00003EE8	0x00003EFA	18	timeout_default_1000_if_zero	g2-touch-prefix-helper-evidence	Strong	g2/tools/manifests/g2-touch-prefix-helper-evidence.tsv: payload+0x0BE8; [high clean_room_semantic_name] if non-null u16 state is zero, stores 1000; otherwise leaves it unchanged | also: g2-touch-policy-helper-source-closure.tsv, g2-touch-prefix-function-map.tsv, g2-touch-relocated-functions.tsv, g2-touch-software-readiness-functions.tsv	e4383b80287ce886045ea4ff0d2bd15ef44c2a9aaf8048c3d6aa2c7c35e4f966
0x00003EFC	0x00004040	324	gesture_policy_helper_0bfc	components/shared/touch/runtime_touch_policy_helpers.c	Inferred	g2/tools/manifests/g2-touch-software-readiness-functions.tsv: payload+0x0BFC; [project_fail_closed_contract] called only by touch_gesture_state_machine; arithmetic/division plus resident dead-log pointers; exact policy name unavailable; exact | also: g2-touch-policy-helper-source-closure.tsv, g2-touch-prefix-function-map.tsv, g2-touch-prefix-helper-evidence.tsv, g2-touch-relocated-functions.tsv	9859f7a02f401ffe336bb8b77ccdd227af185462091ddffa126e6ebbcef07288
0x0000404C	0x0000406E	34	touch_startup_0d4c_initialize	runtime_touch_startup_closed.c	Inferred	g2/tools/manifests/g2-touch-startup-closed-admission.tsv: payload+0x0D4C; [clean_room_startup_source_with_typed_providers] complete authenticated argument-relative control/data flow; clock MMIO remains behind exact Apache-2.0 provider cal | also: g2-touch-application-clean-room-contracts.tsv, g2-touch-relocated-functions.tsv, g2-touch-relocated-semantic-batches.tsv	174d3e4a291a0f8515eb3bcbf7ebaf5c6bec99db81d64b79dde1bf96e4cf5a09
0x00004070	0x000043DA	874	touch_gesture_state_machine	g2-touch-prefix-helper-evidence	Strong	g2/tools/manifests/g2-touch-prefix-helper-evidence.tsv: payload+0x0D70; [high clean_room_semantic_name] report-builder callee using sensor state, gesture timing helpers, copy/fill, and resident gesture log pointers | also: g2-touch-policy-helper-source-closure.tsv, g2-touch-prefix-function-map.tsv, g2-touch-relocated-functions.tsv, g2-touch-software-readiness-functions.tsv	7ad5a22271f77982723b158a901ba6f50d9c8c7c8ea6e142509be0b626fb6863
0x0000441C	0x00004476	90	proximity_baseline_update_adapter	g2-touch-prefix-helper-evidence	Strong	g2/tools/manifests/g2-touch-prefix-helper-evidence.tsv: payload+0x111C; [high clean_room_semantic_name] reads sensor context 0x200004EC, saved baseline, CapSense accessor, and update state 0x200009D8 | also: g2-touch-policy-helper-source-closure.tsv, g2-touch-prefix-function-map.tsv, g2-touch-relocated-functions.tsv, g2-touch-software-readiness-functions.tsv	5a2bb79ea819a1be4aed5603f754cb2304ace76727633e535eab05aab07b12a3
0x00004480	0x00004492	18	Cy_SysLib_DelayCycles	https://github.com/Infineon/mtb-pdl-cat2	Strong	g2/tools/manifests/g2-touch-software-readiness-functions.tsv: payload+0x1180; [upstream_apache_provider] instruction-for-instruction CM0+ delay loop: add 2, divide by 4, add/sub loop, two alignment NOPs; prefer the upstream provider implement | also: g2-touch-prefix-function-map.tsv, g2-touch-prefix-helper-evidence.tsv, g2-touch-relocated-functions.tsv	a8b62136d338c6dc91e6f900f19cb30344601be2bc97b168940ca57281293760
0x00004492	0x0000449A	8	Cy_SysLib_EnterCriticalSection	https://github.com/Infineon/mtb-pdl-cat2/blob/35f1714623cfea682d5e285af80d50416b4c7bbc/drivers/source/COMPONENT_CM0P/TOOLCHAIN_GCC_ARM/cy_syslib_gcc.S	Strong	g2/tools/manifests/g2-touch-application-upstream-admission.tsv: payload+0x1192; [exact_upstream_source_admitted] exact Cortex-M0+ instruction body and public upstream assembly symbol | also: g2-touch-relocated-functions.tsv, g2-touch-relocated-semantic-batches.tsv	720733fcf19a5635fcab0791fcc2b007294712bb27536443ff79490821c168cf
0x0000449A	0x000044A0	6	Cy_SysLib_ExitCriticalSection	https://github.com/Infineon/mtb-pdl-cat2/blob/35f1714623cfea682d5e285af80d50416b4c7bbc/drivers/source/COMPONENT_CM0P/TOOLCHAIN_GCC_ARM/cy_syslib_gcc.S	Strong	g2/tools/manifests/g2-touch-application-upstream-admission.tsv: payload+0x119A; [exact_upstream_source_admitted] exact Cortex-M0+ instruction body and public upstream assembly symbol | also: g2-touch-relocated-functions.tsv, g2-touch-relocated-semantic-batches.tsv	379ef840451b3bf5f9903b215cd3fe49e26244e0b6b8afe47b9e5c37a1ee1ca2
0x000044A0	0x000044B4	20	touch_platform_11a0_sequence	runtime_touch_platform_wrappers.c	Inferred	g2/tools/manifests/g2-touch-platform-wrappers-admission.tsv: payload+0x11A0; [clean_room_platform_wrapper_source] complete wrapper flow with fixed tokens and injected providers; no vendor body, resident table, fixed-address access, MMIO exec | also: g2-touch-application-clean-room-contracts.tsv, g2-touch-relocated-functions.tsv, g2-touch-relocated-semantic-batches.tsv	d83fed792389ee352cf5cc6f61a748bf07db6d500eee10e3ae3d84e9119f188d
0x000044B4	0x000044C4	16	touch_startup_11b4_passthrough_sequence	runtime_touch_startup_closed.c	Inferred	g2/tools/manifests/g2-touch-startup-closed-admission.tsv: payload+0x11B4; [clean_room_startup_source_with_typed_providers] complete authenticated argument-relative control/data flow; clock MMIO remains behind exact Apache-2.0 provider cal | also: g2-touch-application-clean-room-contracts.tsv, g2-touch-relocated-functions.tsv, g2-touch-relocated-semantic-batches.tsv	b4189e98cd6e625662281356f2bb4dad76c65525006ac02f4ed67690594f54cd
0x000044C4	0x000044D0	12	touch_platform_11c4_sequence	runtime_touch_platform_wrappers.c	Inferred	g2/tools/manifests/g2-touch-platform-wrappers-admission.tsv: payload+0x11C4; [clean_room_platform_wrapper_source] complete wrapper flow with fixed tokens and injected providers; no vendor body, resident table, fixed-address access, MMIO exec | also: g2-touch-application-clean-room-contracts.tsv, g2-touch-relocated-functions.tsv, g2-touch-relocated-semantic-batches.tsv	c6aa537f5fd796298d8cced036f927788ac3ac35918d192bf92bf80476ab9287
0x000044D0	0x00004526	86	touch_startup_11d0_configure_dividers	runtime_touch_startup_closed.c	Inferred	g2/tools/manifests/g2-touch-startup-closed-admission.tsv: payload+0x11D0; [clean_room_startup_source_with_typed_providers] complete authenticated argument-relative control/data flow; clock MMIO remains behind exact Apache-2.0 provider cal | also: g2-touch-application-clean-room-contracts.tsv, g2-touch-relocated-functions.tsv, g2-touch-relocated-semantic-batches.tsv	9f9a8908f7cf8253a895b43699fbea82712a8b064151560b98966d4d18ae1abc
0x00004526	0x00004528	2	touch_leaf_1226_passthrough	runtime_touch_leaf_primitives.c	Strong	g2/tools/manifests/g2-touch-leaf-primitives-admission.tsv: payload+0x1226; [clean_room_instruction_exact_source] complete call-free Thumb body; independent C expression preserves uint32 register behavior; no pointer or MMIO access; registe | also: g2-touch-application-clean-room-contracts.tsv, g2-touch-relocated-functions.tsv, g2-touch-relocated-semantic-batches.tsv	c7dfbb7d02759eacb64dbc916c1bb6f21eabaff1c1032ea5c9176abf7fd28df8
0x00004528	0x00004536	14	touch_startup_1228_assign_divider	runtime_touch_startup_closed.c	Inferred	g2/tools/manifests/g2-touch-startup-closed-admission.tsv: payload+0x1228; [clean_room_startup_source_with_typed_providers] complete authenticated argument-relative control/data flow; clock MMIO remains behind exact Apache-2.0 provider cal | also: g2-touch-application-clean-room-contracts.tsv, g2-touch-relocated-functions.tsv, g2-touch-relocated-semantic-batches.tsv	118e26ff687066ec230781232a78eaec972ec446d79166867a0c2f4316c9d1ec
0x00004536	0x00004538	2	touch_leaf_1236_passthrough	runtime_touch_leaf_primitives.c	Strong	g2/tools/manifests/g2-touch-leaf-primitives-admission.tsv: payload+0x1236; [clean_room_instruction_exact_source] complete call-free Thumb body; independent C expression preserves uint32 register behavior; no pointer or MMIO access; registe | also: g2-touch-application-clean-room-contracts.tsv, g2-touch-relocated-functions.tsv, g2-touch-relocated-semantic-batches.tsv	c7dfbb7d02759eacb64dbc916c1bb6f21eabaff1c1032ea5c9176abf7fd28df8
0x00004538	0x0000457E	70	touch_platform_1238_routes	runtime_touch_platform_wrappers.c	Inferred	g2/tools/manifests/g2-touch-platform-wrappers-admission.tsv: payload+0x1238; [clean_room_platform_wrapper_source] complete wrapper flow with fixed tokens and injected providers; no vendor body, resident table, fixed-address access, MMIO exec | also: g2-touch-application-clean-room-contracts.tsv, g2-touch-relocated-functions.tsv, g2-touch-relocated-semantic-batches.tsv	c40a8b088516ffc95ea6cb22359469689ef602bc734b541bac568dbd9ed831a2
0x000045A4	0x000045A6	2	touch_leaf_12a4_passthrough	runtime_touch_leaf_primitives.c	Strong	g2/tools/manifests/g2-touch-leaf-primitives-admission.tsv: payload+0x12A4; [clean_room_instruction_exact_source] complete call-free Thumb body; independent C expression preserves uint32 register behavior; no pointer or MMIO access; registe | also: g2-touch-application-clean-room-contracts.tsv, g2-touch-relocated-functions.tsv, g2-touch-relocated-semantic-batches.tsv	c7dfbb7d02759eacb64dbc916c1bb6f21eabaff1c1032ea5c9176abf7fd28df8
0x000045A6	0x000045AA	4	touch_runtime_12a6_fault	runtime_touch_platform_completion.c	Inferred	g2/tools/manifests/g2-touch-platform-completion-admission.tsv: payload+0x12A6; [selected_mit_platform_source] exact final authenticated function boundary represented by selected MIT runtime/system policy or source-owned generated configuration | also: g2-touch-application-clean-room-contracts.tsv, g2-touch-relocated-functions.tsv, g2-touch-relocated-semantic-batches.tsv	1262b54900d7c03b982e9985409063fac8226d831429b16fcf3d3f95e0f88802
0x000045AC	0x000045CC	32	touch_clock_12ac_validate	runtime_touch_clock_application_wrappers.c	Inferred	g2/tools/manifests/g2-touch-clock-application-wrappers-admission.tsv: payload+0x12AC; [clean_room_injected_wrapper_source] complete authenticated wrapper flow represented by caller-owned state and injected providers; no fixed-address dereference, liv | also: g2-touch-application-clean-room-contracts.tsv, g2-touch-relocated-functions.tsv, g2-touch-relocated-semantic-batches.tsv	3748d527662a5e99b1ee5fe46ee1e35e91b99b556047da03c4d0efc554b488db
0x000045D0	0x00004628	88	touch_clock_12d0_transition	runtime_touch_clock_application_wrappers.c	Inferred	g2/tools/manifests/g2-touch-clock-application-wrappers-admission.tsv: payload+0x12D0; [clean_room_injected_wrapper_source] complete authenticated wrapper flow represented by caller-owned state and injected providers; no fixed-address dereference, liv | also: g2-touch-application-clean-room-contracts.tsv, g2-touch-relocated-functions.tsv, g2-touch-relocated-semantic-batches.tsv	2706e1b6c528901e234b7a50d22b0277eb9c9fefddc0d6ab4f7654343b977e7d
0x00004634	0x00004648	20	touch_platform_1334_probe	runtime_touch_platform_wrappers.c	Inferred	g2/tools/manifests/g2-touch-platform-wrappers-admission.tsv: payload+0x1334; [clean_room_platform_wrapper_source] complete wrapper flow with fixed tokens and injected providers; no vendor body, resident table, fixed-address access, MMIO exec | also: g2-touch-application-clean-room-contracts.tsv, g2-touch-relocated-functions.tsv, g2-touch-relocated-semantic-batches.tsv	d53925675ebba08094266765709a3857e0894709a29a5061d1bebaafb0b99f3d
0x00004650	0x0000465C	12	touch_platform_1350_initialize	runtime_touch_platform_wrappers.c	Inferred	g2/tools/manifests/g2-touch-platform-wrappers-admission.tsv: payload+0x1350; [clean_room_platform_wrapper_source] complete wrapper flow with fixed tokens and injected providers; no vendor body, resident table, fixed-address access, MMIO exec | also: g2-touch-application-clean-room-contracts.tsv, g2-touch-relocated-functions.tsv, g2-touch-relocated-semantic-batches.tsv	43b4395768731222b06671eddfcc5ce1d25b71eaeca6c2380fef0f9a1cd1cffa
0x0000465C	0x0000465E	2	shared_default_handler	g2-touch-relocated-vectors	Inferred	g2/tools/manifests/g2-touch-relocated-vectors.tsv: payload+0x135C; shared NMI/SVC/PendSV/SysTick/external-IRQ default target | also: g2-touch-relocated-functions.tsv	575fc8fa9e92ffe7d57a6aef6f1168f39da04f07d6bcd5b5e17883bff7b33165
0x0000465E	0x00004666	8	hardfault_halt_handler	g2-touch-relocated-vectors	Inferred	g2/tools/manifests/g2-touch-relocated-vectors.tsv: payload+0x135E; HardFault target calls the pinned halt loop at payload 0x7038 | also: g2-touch-relocated-functions.tsv	76df2f1edb1a47699b952e59c124b1c2bc8f442272c16a4192c8adb94de54f3a
0x00004666	0x00004668	2	touch_leaf_1366_passthrough	runtime_touch_leaf_primitives.c	Strong	g2/tools/manifests/g2-touch-leaf-primitives-admission.tsv: payload+0x1366; [clean_room_instruction_exact_source] complete call-free Thumb body; independent C expression preserves uint32 register behavior; no pointer or MMIO access; registe | also: g2-touch-application-clean-room-contracts.tsv, g2-touch-relocated-functions.tsv, g2-touch-relocated-semantic-batches.tsv	c7dfbb7d02759eacb64dbc916c1bb6f21eabaff1c1032ea5c9176abf7fd28df8
0x00004668	0x00004670	8	touch_terminal_1368_passthrough	runtime_touch_terminal_wrappers.c	Inferred	g2/tools/manifests/g2-touch-terminal-wrappers-admission.tsv: payload+0x1368; [clean_room_terminal_wrapper_source] complete wrapper control/data flow; 0x38D4 remains an injected CAPSENSE EULA provider and 0x2568/0x1366 are admitted MIT source | also: g2-touch-application-clean-room-contracts.tsv, g2-touch-relocated-functions.tsv, g2-touch-relocated-semantic-batches.tsv	cb9a38e2220366bc501b6082ef6dce9752019d1b18f1c2380dd0b2312f27fc6b
0x00004670	0x00004672	2	touch_leaf_1370_passthrough	runtime_touch_leaf_primitives.c	Strong	g2/tools/manifests/g2-touch-leaf-primitives-admission.tsv: payload+0x1370; [clean_room_instruction_exact_source] complete call-free Thumb body; independent C expression preserves uint32 register behavior; no pointer or MMIO access; registe | also: g2-touch-application-clean-room-contracts.tsv, g2-touch-relocated-functions.tsv, g2-touch-relocated-semantic-batches.tsv	c7dfbb7d02759eacb64dbc916c1bb6f21eabaff1c1032ea5c9176abf7fd28df8
0x00004674	0x000046DC	104	reset_startup_handler	g2-touch-relocated-vectors	Inferred	g2/tools/manifests/g2-touch-relocated-vectors.tsv: payload+0x1374; reset/startup target; bounded before the literal pool at 0x13DC | also: g2-touch-relocated-functions.tsv	db0963144ca483b44bfb640b4a31207f3d90b3cb1cfbc342d19f6217f47cfb2a
0x000046F8	0x00004714	28	touch_platform_13f8_rounded_measurement	runtime_touch_platform_wrappers.c	Inferred	g2/tools/manifests/g2-touch-platform-wrappers-admission.tsv: payload+0x13F8; [clean_room_platform_wrapper_source] complete wrapper flow with fixed tokens and injected providers; no vendor body, resident table, fixed-address access, MMIO exec | also: g2-touch-application-clean-room-contracts.tsv, g2-touch-relocated-functions.tsv, g2-touch-relocated-semantic-batches.tsv	7d79fc3ba594114c6cb89e4a3f73be1243fda24450b79b06523ed2920312dbc1
0x00004718	0x0000471A	2	touch_leaf_1418_passthrough	runtime_touch_leaf_primitives.c	Strong	g2/tools/manifests/g2-touch-leaf-primitives-admission.tsv: payload+0x1418; [clean_room_instruction_exact_source] complete call-free Thumb body; independent C expression preserves uint32 register behavior; no pointer or MMIO access; registe | also: g2-touch-application-clean-room-contracts.tsv, g2-touch-relocated-functions.tsv, g2-touch-relocated-semantic-batches.tsv	c7dfbb7d02759eacb64dbc916c1bb6f21eabaff1c1032ea5c9176abf7fd28df8
0x0000471C	0x0000472C	16	touch_runtime_141c_handoff	runtime_touch_platform_completion.c	Inferred	g2/tools/manifests/g2-touch-platform-completion-admission.tsv: payload+0x141C; [selected_mit_platform_source] exact final authenticated function boundary represented by selected MIT runtime/system policy or source-owned generated configuration | also: g2-touch-application-clean-room-contracts.tsv, g2-touch-relocated-functions.tsv, g2-touch-relocated-semantic-batches.tsv	88ecb1cfa051967f0c30929aec666a5817e96cb58bbaed7d5350568cbadc36eb
0x00004734	0x0000476A	54	touch_clock_1434_calibrate	runtime_touch_clock_application_wrappers.c	Inferred	g2/tools/manifests/g2-touch-clock-application-wrappers-admission.tsv: payload+0x1434; [clean_room_injected_wrapper_source] complete authenticated wrapper flow represented by caller-owned state and injected providers; no fixed-address dereference, liv | also: g2-touch-application-clean-room-contracts.tsv, g2-touch-relocated-functions.tsv, g2-touch-relocated-semantic-batches.tsv	e3c02f828122f2ea8e8aba24d13d49abbd5705d8a97dedaa03aa0e5eee5531fd
0x00004780	0x00004784	4	touch_leaf_1480_constant_1	runtime_touch_leaf_primitives.c	Strong	g2/tools/manifests/g2-touch-leaf-primitives-admission.tsv: payload+0x1480; [clean_room_instruction_exact_source] complete call-free Thumb body; independent C expression preserves uint32 register behavior; no pointer or MMIO access; constan | also: g2-touch-application-clean-room-contracts.tsv, g2-touch-relocated-functions.tsv, g2-touch-relocated-semantic-batches.tsv	64d23481cb6a254816fb9c4c9b22031f78ed0a6ece5a6b0f6849a3ee7f77a2bb
0x00004784	0x00004788	4	touch_leaf_1484_constant_128	runtime_touch_leaf_primitives.c	Strong	g2/tools/manifests/g2-touch-leaf-primitives-admission.tsv: payload+0x1484; [clean_room_instruction_exact_source] complete call-free Thumb body; independent C expression preserves uint32 register behavior; no pointer or MMIO access; constan | also: g2-touch-application-clean-room-contracts.tsv, g2-touch-relocated-functions.tsv, g2-touch-relocated-semantic-batches.tsv	827664d7a48fb1b0d798876a8dc606e50de666cda171d709af4e14adbc6769cc
0x00004788	0x0000478C	4	touch_leaf_1488_constant_128	runtime_touch_leaf_primitives.c	Strong	g2/tools/manifests/g2-touch-leaf-primitives-admission.tsv: payload+0x1488; [clean_room_instruction_exact_source] complete call-free Thumb body; independent C expression preserves uint32 register behavior; no pointer or MMIO access; constan | also: g2-touch-application-clean-room-contracts.tsv, g2-touch-relocated-functions.tsv, g2-touch-relocated-semantic-batches.tsv	827664d7a48fb1b0d798876a8dc606e50de666cda171d709af4e14adbc6769cc
0x0000478C	0x00004790	4	touch_leaf_148c_constant_0	runtime_touch_leaf_primitives.c	Strong	g2/tools/manifests/g2-touch-leaf-primitives-admission.tsv: payload+0x148C; [clean_room_instruction_exact_source] complete call-free Thumb body; independent C expression preserves uint32 register behavior; no pointer or MMIO access; constan | also: g2-touch-application-clean-room-contracts.tsv, g2-touch-relocated-functions.tsv, g2-touch-relocated-semantic-batches.tsv	a7ddd513d149ea16fdd4db3f82267f83087aeaddd06b5dde5468adb704205fc4
0x00004790	0x000047AA	26	touch_leaf_1490_bounded_sum	runtime_touch_leaf_primitives.c	Strong	g2/tools/manifests/g2-touch-leaf-primitives-admission.tsv: payload+0x1490; [clean_room_instruction_exact_source] complete call-free Thumb body; independent C expression preserves uint32 register behavior; no pointer or MMIO access; pure_ar | also: g2-touch-application-clean-room-contracts.tsv, g2-touch-relocated-functions.tsv, g2-touch-relocated-semantic-batches.tsv	34d29269b688544ba949a8a1589744dfc00a8b9225b7759c751fcba94da396b5
0x000047AA	0x000047AE	4	touch_leaf_14aa_constant_0	runtime_touch_leaf_primitives.c	Strong	g2/tools/manifests/g2-touch-leaf-primitives-admission.tsv: payload+0x14AA; [clean_room_instruction_exact_source] complete call-free Thumb body; independent C expression preserves uint32 register behavior; no pointer or MMIO access; constan | also: g2-touch-application-clean-room-contracts.tsv, g2-touch-relocated-functions.tsv, g2-touch-relocated-semantic-batches.tsv	a7ddd513d149ea16fdd4db3f82267f83087aeaddd06b5dde5468adb704205fc4
0x000047B0	0x00004806	86	touch_flash_14b0_zero_rows	runtime_touch_flash_row_adapters.c	Inferred	g2/tools/manifests/g2-touch-flash-row-admission.tsv: payload+0x14B0; [clean_room_flash_row_adapter_source] complete 128-byte row iteration or bounded copy flow; Cy_Flash_WriteRow remains an injected Apache-2.0 provider; no EULA body, | also: g2-touch-application-clean-room-contracts.tsv, g2-touch-relocated-functions.tsv, g2-touch-relocated-semantic-batches.tsv	ae63a90ebd6336e41fe26acf4d0cc89e4afb32def3e877651dca613655a23772
0x00004810	0x0000485A	74	touch_flash_1510_copy_rows	runtime_touch_flash_row_adapters.c	Inferred	g2/tools/manifests/g2-touch-flash-row-admission.tsv: payload+0x1510; [clean_room_flash_row_adapter_source] complete 128-byte row iteration or bounded copy flow; Cy_Flash_WriteRow remains an injected Apache-2.0 provider; no EULA body, | also: g2-touch-application-clean-room-contracts.tsv, g2-touch-relocated-functions.tsv, g2-touch-relocated-semantic-batches.tsv	e94e5268d58135c25e47aaa134d9d82858e6f6547f1622f1677903a1626324b4
0x00004860	0x0000486C	12	touch_flash_1560_copy_callback	runtime_touch_flash_row_adapters.c	Inferred	g2/tools/manifests/g2-touch-flash-row-admission.tsv: payload+0x1560; [clean_room_flash_row_adapter_source] complete 128-byte row iteration or bounded copy flow; Cy_Flash_WriteRow remains an injected Apache-2.0 provider; no EULA body, | also: g2-touch-application-clean-room-contracts.tsv, g2-touch-relocated-functions.tsv, g2-touch-relocated-semantic-batches.tsv	1a586e27e01bb88464842bfddca5cbffebd1eb098f9d717133855e73ce132a95
0x0000486C	0x000048A4	56	touch_platform_156c_record_init	runtime_touch_platform_wrappers.c	Inferred	g2/tools/manifests/g2-touch-platform-wrappers-admission.tsv: payload+0x156C; [clean_room_platform_wrapper_source] complete wrapper flow with fixed tokens and injected providers; no vendor body, resident table, fixed-address access, MMIO exec | also: g2-touch-application-clean-room-contracts.tsv, g2-touch-relocated-functions.tsv, g2-touch-relocated-semantic-batches.tsv	adcb972ac38160b851adade4e98998e931e36bb120b86bf3f55b6cf4b795a200
0x000048CC	0x000049CE	258	touch_select_15cc_peak	runtime_touch_selection_update_pipeline.c	Inferred	g2/tools/manifests/g2-touch-selection-update-pipeline-admission.tsv: payload+0x15CC; [clean_room_argument_relative_selection_update_source] complete target control/data flow over argument-relative buffers; division and copying use MIT clean-room pri | also: g2-touch-application-clean-room-contracts.tsv, g2-touch-relocated-functions.tsv, g2-touch-relocated-semantic-batches.tsv	8c75635fda809a3e1e93276cacc12fde908a9e5e03a65fa4728069ad2c1c3ee1
0x000049D4	0x000049E6	18	touch_state_16d4_copy8	runtime_touch_application_state_pipeline.c	Inferred	g2/tools/manifests/g2-touch-application-state-pipeline-admission.tsv: payload+0x16D4; [clean_room_argument_relative_application_state_source] complete target control/data flow over argument-relative buffers; no MMIO, resident table or vendor body adm | also: g2-touch-application-clean-room-contracts.tsv, g2-touch-relocated-functions.tsv, g2-touch-relocated-semantic-batches.tsv	ed87531e7414a254e0b1f489b3906154e2c4217a2142de821812545f95ab257a
0x000049E6	0x00004A2A	68	touch_state_16e6_blend_pair	runtime_touch_application_state_pipeline.c	Inferred	g2/tools/manifests/g2-touch-application-state-pipeline-admission.tsv: payload+0x16E6; [clean_room_argument_relative_application_state_source] complete target control/data flow over argument-relative buffers; no MMIO, resident table or vendor body adm | also: g2-touch-application-clean-room-contracts.tsv, g2-touch-relocated-functions.tsv, g2-touch-relocated-semantic-batches.tsv	8b50573446b065196b3fde09b622f91d1694af4cda40b71054fa058b1009770d
0x00004A2A	0x00004ABE	148	touch_state_172a_sync_records	runtime_touch_application_state_pipeline.c	Inferred	g2/tools/manifests/g2-touch-application-state-pipeline-admission.tsv: payload+0x172A; [clean_room_argument_relative_application_state_source] complete target control/data flow over argument-relative buffers; no MMIO, resident table or vendor body adm | also: g2-touch-application-clean-room-contracts.tsv, g2-touch-relocated-functions.tsv, g2-touch-relocated-semantic-batches.tsv	bd6e8773c2a58500ba327f2e8bc86c3beef1ed58beb754437299e0418295c39d
0x00004ABE	0x00004AF2	52	touch_application_17be_preflight	runtime_touch_clock_application_wrappers.c	Inferred	g2/tools/manifests/g2-touch-clock-application-wrappers-admission.tsv: payload+0x17BE; [clean_room_injected_wrapper_source] complete authenticated wrapper flow represented by caller-owned state and injected providers; no fixed-address dereference, liv | also: g2-touch-application-clean-room-contracts.tsv, g2-touch-relocated-functions.tsv, g2-touch-relocated-semantic-batches.tsv	83b634b39e6cf1f6136626647cc7fef59c1fa1e2df5945589fa2e643e328e580
0x00004AF4	0x00004BA0	172	touch_application_17f4_run	runtime_touch_application_core.c	Inferred	g2/tools/manifests/g2-touch-application-core-admission.tsv: payload+0x17F4; [clean_room_application_core_source] complete authenticated application flow represented with caller-owned object views and injected resident/platform providers; no | also: g2-touch-application-clean-room-contracts.tsv, g2-touch-relocated-functions.tsv, g2-touch-relocated-semantic-batches.tsv	bd1f3846da3e0c6d8b65c517c144651ab7363ac92e86b185396510d1b714177e
0x00004BA8	0x00004C04	92	touch_application_18a8_process	runtime_touch_application_core.c	Inferred	g2/tools/manifests/g2-touch-application-core-admission.tsv: payload+0x18A8; [clean_room_application_core_source] complete authenticated application flow represented with caller-owned object views and injected resident/platform providers; no | also: g2-touch-application-clean-room-contracts.tsv, g2-touch-relocated-functions.tsv, g2-touch-relocated-semantic-batches.tsv	11610f27ccbd2b6f7407f341122b43c3a7c28d84f0c99409f91a790f27b8c7c4
0x00004C04	0x00004C44	64	touch_application_1904_process_three	runtime_touch_clock_application_wrappers.c	Inferred	g2/tools/manifests/g2-touch-clock-application-wrappers-admission.tsv: payload+0x1904; [clean_room_injected_wrapper_source] complete authenticated wrapper flow represented by caller-owned state and injected providers; no fixed-address dereference, liv | also: g2-touch-application-clean-room-contracts.tsv, g2-touch-relocated-functions.tsv, g2-touch-relocated-semantic-batches.tsv	4ea5380af73a598e68825d6ddf9ea922bf56c5ce753c7782603f965d2aba30ed
0x00004C44	0x00004C72	46	touch_config_1944_start	runtime_touch_configuration_start_pipeline.c	Inferred	g2/tools/manifests/g2-touch-configuration-start-pipeline-admission.tsv: payload+0x1944; [clean_room_configuration_source_with_typed_providers] complete argument-relative target control/data flow; 0x37C0 event dispatch and 0x5CA0 CAT2 capture remain inj | also: g2-touch-application-clean-room-contracts.tsv, g2-touch-relocated-functions.tsv, g2-touch-relocated-semantic-batches.tsv	3461246ba6213d31f876fbb96cb91eb0d314495f8d01248b9c45085901e16188
0x00004C72	0x00004C7A	8	touch_config_1972_start_wrapper	runtime_touch_configuration_start_pipeline.c	Inferred	g2/tools/manifests/g2-touch-configuration-start-pipeline-admission.tsv: payload+0x1972; [clean_room_configuration_source_with_typed_providers] complete argument-relative target control/data flow; 0x37C0 event dispatch and 0x5CA0 CAT2 capture remain inj | also: g2-touch-application-clean-room-contracts.tsv, g2-touch-relocated-functions.tsv, g2-touch-relocated-semantic-batches.tsv	c192ba6ac26c5c2ec12fc70f7f717fdbf59280540dcaa17cf2c438eb6b038c9b
0x00004C7C	0x00004DA8	300	touch_config_197c_initialize	runtime_touch_configuration_start_pipeline.c	Inferred	g2/tools/manifests/g2-touch-configuration-start-pipeline-admission.tsv: payload+0x197C; [clean_room_configuration_source_with_typed_providers] complete argument-relative target control/data flow; 0x37C0 event dispatch and 0x5CA0 CAT2 capture remain inj | also: g2-touch-application-clean-room-contracts.tsv, g2-touch-relocated-functions.tsv, g2-touch-relocated-semantic-batches.tsv	514688af9c869b04f86e00d2f4ad220572124bef71dbf8ed5bcda146a3ba83ea
0x00004DB4	0x00004DB8	4	touch_leaf_1ab4_constant_0	runtime_touch_leaf_primitives.c	Strong	g2/tools/manifests/g2-touch-leaf-primitives-admission.tsv: payload+0x1AB4; [clean_room_instruction_exact_source] complete call-free Thumb body; independent C expression preserves uint32 register behavior; no pointer or MMIO access; constan | also: g2-touch-application-clean-room-contracts.tsv, g2-touch-relocated-functions.tsv, g2-touch-relocated-semantic-batches.tsv	a7ddd513d149ea16fdd4db3f82267f83087aeaddd06b5dde5468adb704205fc4
0x00004DB8	0x00004DC4	12	touch_record_1ab8_reset	runtime_touch_record_primitives.c	Inferred	g2/tools/manifests/g2-touch-record-primitives-admission.tsv: payload+0x1AB8; [clean_room_argument_relative_record_source] complete call-free target control/data flow; memory is argument-relative; no literal, global, MMIO or vendor source adm | also: g2-touch-application-clean-room-contracts.tsv, g2-touch-relocated-functions.tsv, g2-touch-relocated-semantic-batches.tsv	586c755653739ad9e7065ef32b056ca24f4f894b2d8e054d63203113928454c6
0x00004DC4	0x00004DEC	40	touch_pipeline_1ac4_reset_one	runtime_touch_closed_record_pipeline.c	Inferred	g2/tools/manifests/g2-touch-closed-record-pipeline-admission.tsv: payload+0x1AC4; [clean_room_closed_record_pipeline_source] complete target control/data flow; direct calls resolve only to this batch or prior MIT leaf/record sources; no literal,  | also: g2-touch-application-clean-room-contracts.tsv, g2-touch-relocated-functions.tsv, g2-touch-relocated-semantic-batches.tsv	892fbfae62b35fa243a50e046a6887d36a049f983297dd7c330f39b276843af2
0x00004DEC	0x00004E1C	48	touch_pipeline_1aec_reset_object	runtime_touch_closed_record_pipeline.c	Inferred	g2/tools/manifests/g2-touch-closed-record-pipeline-admission.tsv: payload+0x1AEC; [clean_room_closed_record_pipeline_source] complete target control/data flow; direct calls resolve only to this batch or prior MIT leaf/record sources; no literal,  | also: g2-touch-application-clean-room-contracts.tsv, g2-touch-relocated-functions.tsv, g2-touch-relocated-semantic-batches.tsv	9c13d76bd7dbd393a547ea4dd7b3cf58da054cb63e728e260b35555b78903d3d
0x00004E1C	0x00004E36	26	touch_pipeline_1b1c_reset_three	runtime_touch_closed_record_pipeline.c	Inferred	g2/tools/manifests/g2-touch-closed-record-pipeline-admission.tsv: payload+0x1B1C; [clean_room_closed_record_pipeline_source] complete target control/data flow; direct calls resolve only to this batch or prior MIT leaf/record sources; no literal,  | also: g2-touch-application-clean-room-contracts.tsv, g2-touch-relocated-functions.tsv, g2-touch-relocated-semantic-batches.tsv	8c309820c09233925017542520fe0ce94d76468edb7de8165f149f3bfcc4e0fe
0x00004E36	0x00004E58	34	touch_record_1b36_copy_gate	runtime_touch_record_primitives.c	Inferred	g2/tools/manifests/g2-touch-record-primitives-admission.tsv: payload+0x1B36; [clean_room_argument_relative_record_source] complete call-free target control/data flow; memory is argument-relative; no literal, global, MMIO or vendor source adm | also: g2-touch-application-clean-room-contracts.tsv, g2-touch-relocated-functions.tsv, g2-touch-relocated-semantic-batches.tsv	d811ceaa152cf0a58ad62e2d6aadfdef8fea4f426682e2f4f45f02f61ea0ea1e
0x00004E58	0x00004E60	8	touch_record_1b58_replicate2	runtime_touch_record_primitives.c	Inferred	g2/tools/manifests/g2-touch-record-primitives-admission.tsv: payload+0x1B58; [clean_room_argument_relative_record_source] complete call-free target control/data flow; memory is argument-relative; no literal, global, MMIO or vendor source adm | also: g2-touch-application-clean-room-contracts.tsv, g2-touch-relocated-functions.tsv, g2-touch-relocated-semantic-batches.tsv	6065fa536920957c036a7313c37554bec38e55e933092b7a0f8e766dc96a5eb8
0x00004E60	0x00004E6C	12	touch_record_1b60_replicate3	runtime_touch_record_primitives.c	Inferred	g2/tools/manifests/g2-touch-record-primitives-admission.tsv: payload+0x1B60; [clean_room_argument_relative_record_source] complete call-free target control/data flow; memory is argument-relative; no literal, global, MMIO or vendor source adm | also: g2-touch-application-clean-room-contracts.tsv, g2-touch-relocated-functions.tsv, g2-touch-relocated-semantic-batches.tsv	3c5642dcc3cf7cbc06ff8d00956e95211d7dd2b285f28a93b68a68d384521499
0x00004E6C	0x00004F54	232	touch_application_1b6c_update	runtime_touch_application_core.c	Inferred	g2/tools/manifests/g2-touch-application-core-admission.tsv: payload+0x1B6C; [clean_room_application_core_source] complete authenticated application flow represented with caller-owned object views and injected resident/platform providers; no | also: g2-touch-application-clean-room-contracts.tsv, g2-touch-relocated-functions.tsv, g2-touch-relocated-semantic-batches.tsv	9a7e778dba2aa88f0cb5418005c263f4abd4c79ab7da05412a9f01c497ac1f5a
0x00004F54	0x00004F6E	26	touch_application_1c54_update_three	runtime_touch_clock_application_wrappers.c	Inferred	g2/tools/manifests/g2-touch-clock-application-wrappers-admission.tsv: payload+0x1C54; [clean_room_injected_wrapper_source] complete authenticated wrapper flow represented by caller-owned state and injected providers; no fixed-address dereference, liv | also: g2-touch-application-clean-room-contracts.tsv, g2-touch-relocated-functions.tsv, g2-touch-relocated-semantic-batches.tsv	3fbdbfe79dd42645962ad493d27080af376d4680783ba4ebc95136401d61852c
0x00004F6E	0x00004FA8	58	touch_record_1c6e_history_filter	runtime_touch_record_primitives.c	Inferred	g2/tools/manifests/g2-touch-record-primitives-admission.tsv: payload+0x1C6E; [clean_room_argument_relative_record_source] complete call-free target control/data flow; memory is argument-relative; no literal, global, MMIO or vendor source adm | also: g2-touch-application-clean-room-contracts.tsv, g2-touch-relocated-functions.tsv, g2-touch-relocated-semantic-batches.tsv	1a41a2667ddf75bb68880c076f5079354c7df12636a4ebaab14366215eb0ead5
0x00004FA8	0x00004FC2	26	touch_leaf_1ca8_median3	runtime_touch_leaf_primitives.c	Strong	g2/tools/manifests/g2-touch-leaf-primitives-admission.tsv: payload+0x1CA8; [clean_room_instruction_exact_source] complete call-free Thumb body; independent C expression preserves uint32 register behavior; no pointer or MMIO access; pure_ar | also: g2-touch-application-clean-room-contracts.tsv, g2-touch-relocated-functions.tsv, g2-touch-relocated-semantic-batches.tsv	6b329f4b1437293361b1b5aae3668a1e8fe1853cae3279dfce6166eded90498c
0x00004FC2	0x00004FDE	28	touch_pipeline_1cc2_median_shift	runtime_touch_closed_record_pipeline.c	Inferred	g2/tools/manifests/g2-touch-closed-record-pipeline-admission.tsv: payload+0x1CC2; [clean_room_closed_record_pipeline_source] complete target control/data flow; direct calls resolve only to this batch or prior MIT leaf/record sources; no literal,  | also: g2-touch-application-clean-room-contracts.tsv, g2-touch-relocated-functions.tsv, g2-touch-relocated-semantic-batches.tsv	0b260bbd9e7ad8da32317ffc06f5b7d9c54ea6eb2adba8cffb6669d9cb858c42
0x00004FDE	0x00004FEE	16	touch_leaf_1cde_blend_u8	runtime_touch_leaf_primitives.c	Strong	g2/tools/manifests/g2-touch-leaf-primitives-admission.tsv: payload+0x1CDE; [clean_room_instruction_exact_source] complete call-free Thumb body; independent C expression preserves uint32 register behavior; no pointer or MMIO access; pure_ar | also: g2-touch-application-clean-room-contracts.tsv, g2-touch-relocated-functions.tsv, g2-touch-relocated-semantic-batches.tsv	8d04d1554038e11a05f1f51845cc106bb27eb6a73a1af0ca0bf16b5ace4bb0b8
0x00004FEE	0x00005054	102	touch_pipeline_1cee_update	runtime_touch_closed_record_pipeline.c	Inferred	g2/tools/manifests/g2-touch-closed-record-pipeline-admission.tsv: payload+0x1CEE; [clean_room_closed_record_pipeline_source] complete target control/data flow; direct calls resolve only to this batch or prior MIT leaf/record sources; no literal,  | also: g2-touch-application-clean-room-contracts.tsv, g2-touch-relocated-functions.tsv, g2-touch-relocated-semantic-batches.tsv	043d2c2c789b1eafb9d1b3d8ce1681558c62d52de64134a84bb78515de762309
0x00005054	0x000050A0	76	touch_pipeline_1d54_blend	runtime_touch_closed_record_pipeline.c	Inferred	g2/tools/manifests/g2-touch-closed-record-pipeline-admission.tsv: payload+0x1D54; [clean_room_closed_record_pipeline_source] complete target control/data flow; direct calls resolve only to this batch or prior MIT leaf/record sources; no literal,  | also: g2-touch-application-clean-room-contracts.tsv, g2-touch-relocated-functions.tsv, g2-touch-relocated-semantic-batches.tsv	3fed765386547234f734f1293a8f9926078c5e62e3a2ba357b4bd1d1836c374d
0x000050A0	0x000050E4	68	touch_pipeline_1da0_filter_chain	runtime_touch_closed_record_pipeline.c	Inferred	g2/tools/manifests/g2-touch-closed-record-pipeline-admission.tsv: payload+0x1DA0; [clean_room_closed_record_pipeline_source] complete target control/data flow; direct calls resolve only to this batch or prior MIT leaf/record sources; no literal,  | also: g2-touch-application-clean-room-contracts.tsv, g2-touch-relocated-functions.tsv, g2-touch-relocated-semantic-batches.tsv	0754e98ec92ce9296eae7b80e730faa8219d2c9779119fec4612296e3586a36f
0x000050E4	0x00005182	158	touch_config_1de4_load_mapping	runtime_touch_platform_completion.c	Inferred	g2/tools/manifests/g2-touch-platform-completion-admission.tsv: payload+0x1DE4; [selected_mit_platform_source] exact final authenticated function boundary represented by selected MIT runtime/system policy or source-owned generated configuration | also: g2-touch-application-clean-room-contracts.tsv, g2-touch-relocated-functions.tsv, g2-touch-relocated-semantic-batches.tsv	efc38f387b233e961fbc29d428753ef92daa825d4931a874cbfcd1efca00ddd1
0x00005188	0x000051BC	52	touch_record_1e88_mask3	runtime_touch_record_primitives.c	Inferred	g2/tools/manifests/g2-touch-record-primitives-admission.tsv: payload+0x1E88; [clean_room_argument_relative_record_source] complete call-free target control/data flow; memory is argument-relative; no literal, global, MMIO or vendor source adm | also: g2-touch-application-clean-room-contracts.tsv, g2-touch-relocated-functions.tsv, g2-touch-relocated-semantic-batches.tsv	c16a701b09172349dcf86a72c5fa02de3ccf88039423055c345cc59db28f650b
0x000051BC	0x000052B6	250	touch_state_1ebc_pack	runtime_touch_application_state_pipeline.c	Inferred	g2/tools/manifests/g2-touch-application-state-pipeline-admission.tsv: payload+0x1EBC; [clean_room_argument_relative_application_state_source] complete target control/data flow over argument-relative buffers; no MMIO, resident table or vendor body adm | also: g2-touch-application-clean-room-contracts.tsv, g2-touch-relocated-functions.tsv, g2-touch-relocated-semantic-batches.tsv	dedd254ba8ce7ac1cf14c17a51f978d7121cea1c6cb43226c6a5c7932dd798f6
0x000052BC	0x00005368	172	touch_config_1fbc_load_profiles	runtime_touch_platform_completion.c	Inferred	g2/tools/manifests/g2-touch-platform-completion-admission.tsv: payload+0x1FBC; [selected_mit_platform_source] exact final authenticated function boundary represented by selected MIT runtime/system policy or source-owned generated configuration | also: g2-touch-application-clean-room-contracts.tsv, g2-touch-relocated-functions.tsv, g2-touch-relocated-semantic-batches.tsv	60630aa77f2a5393849f27fb99396c5c4687f36858595a340b961cf4fd12a61a
0x00005378	0x00005518	416	touch_config_2078_build	runtime_touch_platform_completion.c	Inferred	g2/tools/manifests/g2-touch-platform-completion-admission.tsv: payload+0x2078; [selected_mit_platform_source] exact final authenticated function boundary represented by selected MIT runtime/system policy or source-owned generated configuration | also: g2-touch-application-clean-room-contracts.tsv, g2-touch-relocated-functions.tsv, g2-touch-relocated-semantic-batches.tsv	dfc3da246895037a679dc49949704176471561e4071d350a47e5494a0fd9d0f4
0x00005528	0x00005548	32	touch_leaf_2228_mode_scale	runtime_touch_leaf_primitives.c	Strong	g2/tools/manifests/g2-touch-leaf-primitives-admission.tsv: payload+0x2228; [clean_room_instruction_exact_source] complete call-free Thumb body; independent C expression preserves uint32 register behavior; no pointer or MMIO access; pure_ar | also: g2-touch-application-clean-room-contracts.tsv, g2-touch-relocated-functions.tsv, g2-touch-relocated-semantic-batches.tsv	ce6737a477fc2b56e4299a0451ba05b0890de8e432730fa204c6b8366076a323
0x00005548	0x0000569E	342	touch_packet_2248_build_entry	runtime_touch_application_packet_pipeline.c	Inferred	g2/tools/manifests/g2-touch-application-packet-pipeline-admission.tsv: payload+0x2248; [clean_room_argument_relative_packet_pipeline_source] complete target control/data flow over argument-relative buffers; no MMIO, resident table or vendor body admit | also: g2-touch-application-clean-room-contracts.tsv, g2-touch-relocated-functions.tsv, g2-touch-relocated-semantic-batches.tsv	38200e00042a91a78b56dc3c11a14b0a786447f7c987e4781ed4444f628806ba
0x000056A4	0x00005868	452	touch_packet_23a4_build_group	runtime_touch_application_packet_pipeline.c	Inferred	g2/tools/manifests/g2-touch-application-packet-pipeline-admission.tsv: payload+0x23A4; [clean_room_argument_relative_packet_pipeline_source] complete target control/data flow over argument-relative buffers; no MMIO, resident table or vendor body admit | also: g2-touch-application-clean-room-contracts.tsv, g2-touch-relocated-functions.tsv, g2-touch-relocated-semantic-batches.tsv	7fda88a3af84b3fa68fbf3e3e29aaaaf470c2809868c360afdd1f385e3eb089e
0x00005868	0x000058F6	142	touch_state_2568_reset_object	runtime_touch_application_state_pipeline.c	Inferred	g2/tools/manifests/g2-touch-application-state-pipeline-admission.tsv: payload+0x2568; [clean_room_argument_relative_application_state_source] complete target control/data flow over argument-relative buffers; no MMIO, resident table or vendor body adm | also: g2-touch-application-clean-room-contracts.tsv, g2-touch-relocated-functions.tsv, g2-touch-relocated-semantic-batches.tsv	5db067a40536214e4993ae02c221a81fcbc184ff0fde6747109386bb18739cf1
0x000058F8	0x0000591C	36	touch_terminal_25f8_reset_three	runtime_touch_terminal_wrappers.c	Inferred	g2/tools/manifests/g2-touch-terminal-wrappers-admission.tsv: payload+0x25F8; [clean_room_terminal_wrapper_source] complete wrapper control/data flow; 0x38D4 remains an injected CAPSENSE EULA provider and 0x2568/0x1366 are admitted MIT source | also: g2-touch-application-clean-room-contracts.tsv, g2-touch-relocated-functions.tsv, g2-touch-relocated-semantic-batches.tsv	51ebb650bbd2fe00f98b70b91e6f424aef97f95795de834edb556f9c3398e4fe
0x00005920	0x00005938	24	touch_record_2620_threshold_delta	runtime_touch_record_primitives.c	Inferred	g2/tools/manifests/g2-touch-record-primitives-admission.tsv: payload+0x2620; [clean_room_argument_relative_record_source] complete call-free target control/data flow; memory is argument-relative; no literal, global, MMIO or vendor source adm | also: g2-touch-application-clean-room-contracts.tsv, g2-touch-relocated-functions.tsv, g2-touch-relocated-semantic-batches.tsv	4185e2f22b2527f596c4a4592a3072c232f7b8e151d08397d7cfc1c4214ed51f
0x00005938	0x00005A0A	210	touch_application_2638_dispatch	runtime_touch_application_core.c	Inferred	g2/tools/manifests/g2-touch-application-core-admission.tsv: payload+0x2638; [clean_room_application_core_source] complete authenticated application flow represented with caller-owned object views and injected resident/platform providers; no | also: g2-touch-application-clean-room-contracts.tsv, g2-touch-relocated-functions.tsv, g2-touch-relocated-semantic-batches.tsv	f834fe176b9a7a8b76d8e69391da3eb6ea1c5173798e8d485150e878555e2030
0x00005A0A	0x00005A94	138	touch_state_270a_update_lanes	runtime_touch_application_state_pipeline.c	Inferred	g2/tools/manifests/g2-touch-application-state-pipeline-admission.tsv: payload+0x270A; [clean_room_argument_relative_application_state_source] complete target control/data flow over argument-relative buffers; no MMIO, resident table or vendor body adm | also: g2-touch-application-clean-room-contracts.tsv, g2-touch-relocated-functions.tsv, g2-touch-relocated-semantic-batches.tsv	6d0f279ce8067065d6f08184ea9b871f89f29eb0ee0095896f454181fb426208
0x00005A94	0x00005BA2	270	touch_select_2794_update	runtime_touch_selection_update_pipeline.c	Inferred	g2/tools/manifests/g2-touch-selection-update-pipeline-admission.tsv: payload+0x2794; [clean_room_argument_relative_selection_update_source] complete target control/data flow over argument-relative buffers; division and copying use MIT clean-room pri | also: g2-touch-application-clean-room-contracts.tsv, g2-touch-relocated-functions.tsv, g2-touch-relocated-semantic-batches.tsv	6964e933c7416a27d5f950bb1c3c780bea71567bbb237d25f7b232a54971bd48
0x00005BA2	0x00005BC0	30	touch_select_28a2_dispatch	runtime_touch_selection_update_pipeline.c	Inferred	g2/tools/manifests/g2-touch-selection-update-pipeline-admission.tsv: payload+0x28A2; [clean_room_argument_relative_selection_update_source] complete target control/data flow over argument-relative buffers; division and copying use MIT clean-room pri | also: g2-touch-application-clean-room-contracts.tsv, g2-touch-relocated-functions.tsv, g2-touch-relocated-semantic-batches.tsv	e700df1c4428c072b617b8a992596d320038150effea61ffd42efd12e9467bbd
0x00005BC0	0x00005C02	66	touch_state_28c0_cap_object	runtime_touch_application_state_pipeline.c	Inferred	g2/tools/manifests/g2-touch-application-state-pipeline-admission.tsv: payload+0x28C0; [clean_room_argument_relative_application_state_source] complete target control/data flow over argument-relative buffers; no MMIO, resident table or vendor body adm | also: g2-touch-application-clean-room-contracts.tsv, g2-touch-relocated-functions.tsv, g2-touch-relocated-semantic-batches.tsv	579982044fd40866091ff3fb450aa68b35570ecf15f471a2ff588c03de9cb0a7
0x00005C02	0x00005C1E	28	touch_state_2902_cap_enabled_object	runtime_touch_application_state_pipeline.c	Inferred	g2/tools/manifests/g2-touch-application-state-pipeline-admission.tsv: payload+0x2902; [clean_room_argument_relative_application_state_source] complete target control/data flow over argument-relative buffers; no MMIO, resident table or vendor body adm | also: g2-touch-application-clean-room-contracts.tsv, g2-touch-relocated-functions.tsv, g2-touch-relocated-semantic-batches.tsv	3bc5ecfd4603fc037688ec466e5bbdff4ed365058d58ea1e6aeec6536c2552ab
0x00005C1E	0x00005C56	56	touch_state_291e_cap_record	runtime_touch_application_state_pipeline.c	Inferred	g2/tools/manifests/g2-touch-application-state-pipeline-admission.tsv: payload+0x291E; [clean_room_argument_relative_application_state_source] complete target control/data flow over argument-relative buffers; no MMIO, resident table or vendor body adm | also: g2-touch-application-clean-room-contracts.tsv, g2-touch-relocated-functions.tsv, g2-touch-relocated-semantic-batches.tsv	126f969a8e8081fcd3c50ce1a79199a64f1691488c9fbd65172ae1133264bb9c
0x00005C56	0x00005C72	28	touch_state_2956_cap_enabled_record	runtime_touch_application_state_pipeline.c	Inferred	g2/tools/manifests/g2-touch-application-state-pipeline-admission.tsv: payload+0x2956; [clean_room_argument_relative_application_state_source] complete target control/data flow over argument-relative buffers; no MMIO, resident table or vendor body adm | also: g2-touch-application-clean-room-contracts.tsv, g2-touch-relocated-functions.tsv, g2-touch-relocated-semantic-batches.tsv	bf3b2e7e2107a00105fe08681502e160870253262eb82e49eafb99f1b22ad350
0x00005C72	0x00005C7A	8	touch_terminal_2972_provider_call	runtime_touch_terminal_wrappers.c	Inferred	g2/tools/manifests/g2-touch-terminal-wrappers-admission.tsv: payload+0x2972; [clean_room_terminal_wrapper_source] complete wrapper control/data flow; 0x38D4 remains an injected CAPSENSE EULA provider and 0x2568/0x1366 are admitted MIT source | also: g2-touch-application-clean-room-contracts.tsv, g2-touch-relocated-functions.tsv, g2-touch-relocated-semantic-batches.tsv	7d6752dc97068c06f8f56798e8d8ac31a8c6c3bc67a184b918f1f5808a256030
0x00005C7A	0x00005C8E	20	touch_terminal_297a_conditional_call	runtime_touch_terminal_wrappers.c	Inferred	g2/tools/manifests/g2-touch-terminal-wrappers-admission.tsv: payload+0x297A; [clean_room_terminal_wrapper_source] complete wrapper control/data flow; 0x38D4 remains an injected CAPSENSE EULA provider and 0x2568/0x1366 are admitted MIT source | also: g2-touch-application-clean-room-contracts.tsv, g2-touch-relocated-functions.tsv, g2-touch-relocated-semantic-batches.tsv	e8785aa413c206fc4186a681f340067434ee03f7b086015c7478ee3892954952
0x00005C8E	0x00005C98	10	touch_state_298e_status80	runtime_touch_application_state_pipeline.c	Inferred	g2/tools/manifests/g2-touch-application-state-pipeline-admission.tsv: payload+0x298E; [clean_room_argument_relative_application_state_source] complete target control/data flow over argument-relative buffers; no MMIO, resident table or vendor body adm | also: g2-touch-application-clean-room-contracts.tsv, g2-touch-relocated-functions.tsv, g2-touch-relocated-semantic-batches.tsv	278d60a0d7df2f88cd8ef90bc8fae8dc33c5c281caffccd59b08a67e57529e1a
0x00005C98	0x00005CA2	10	touch_sub_2998	g2-touch-relocated-semantic-batches	Unverified	g2/tools/manifests/g2-touch-relocated-semantic-batches.tsv: payload+0x2998; [low typed_batch_only typed_vendor_boundary_provider_unresolv] 0x2998 <= entry < 0x4B14; mixed CapSense/MSCLP/PDL cluster bounded by established provider anchors | also: g2-touch-capsense-provider-boundary.tsv, g2-touch-relocated-functions.tsv	8449ee289c4747a37e1df142d499105d082510786152d15ec020347b606f3279
0x00005CA2	0x00005CAA	8	touch_sub_29a2	g2-touch-relocated-semantic-batches	Unverified	g2/tools/manifests/g2-touch-relocated-semantic-batches.tsv: payload+0x29A2; [low typed_batch_only typed_vendor_boundary_provider_unresolv] 0x2998 <= entry < 0x4B14; mixed CapSense/MSCLP/PDL cluster bounded by established provider anchors | also: g2-touch-capsense-provider-boundary.tsv, g2-touch-relocated-functions.tsv	6f8a68c8297071c8f8bbc92299e9558d82f7ece8429362fb3bba396a919a513a
0x00005CAC	0x00005CF4	72	touch_sub_29ac	g2-touch-relocated-semantic-batches	Unverified	g2/tools/manifests/g2-touch-relocated-semantic-batches.tsv: payload+0x29AC; [low typed_batch_only typed_vendor_boundary_provider_unresolv] 0x2998 <= entry < 0x4B14; mixed CapSense/MSCLP/PDL cluster bounded by established provider anchors | also: g2-touch-capsense-provider-boundary.tsv, g2-touch-relocated-functions.tsv	3119b7e8c95ce1c6d0ebaea1a9e44acdbee5b1a8c7be5fbc159115a17b388705
0x00005D70	0x00005D8A	26	touch_sub_2a70	g2-touch-relocated-semantic-batches	Unverified	g2/tools/manifests/g2-touch-relocated-semantic-batches.tsv: payload+0x2A70; [low typed_batch_only typed_vendor_boundary_provider_unresolv] 0x2998 <= entry < 0x4B14; mixed CapSense/MSCLP/PDL cluster bounded by established provider anchors | also: g2-touch-capsense-provider-boundary.tsv, g2-touch-relocated-functions.tsv	20eb1296220fb932c6de2caba5ee3b67204cbc9994df391a91d02fab5ade75ba
0x00005D90	0x00005DD6	70	touch_sub_2a90	g2-touch-relocated-semantic-batches	Unverified	g2/tools/manifests/g2-touch-relocated-semantic-batches.tsv: payload+0x2A90; [low typed_batch_only typed_vendor_boundary_provider_unresolv] 0x2998 <= entry < 0x4B14; mixed CapSense/MSCLP/PDL cluster bounded by established provider anchors | also: g2-touch-capsense-provider-boundary.tsv, g2-touch-relocated-functions.tsv	2b1473d6d32a1733d828e601cd2b4f1db5c59c2c3b29bac083c8730410d607c8
0x00005DD8	0x00005E5C	132	touch_sub_2ad8	g2-touch-relocated-semantic-batches	Unverified	g2/tools/manifests/g2-touch-relocated-semantic-batches.tsv: payload+0x2AD8; [low typed_batch_only typed_vendor_boundary_provider_unresolv] 0x2998 <= entry < 0x4B14; mixed CapSense/MSCLP/PDL cluster bounded by established provider anchors | also: g2-touch-capsense-provider-boundary.tsv, g2-touch-relocated-functions.tsv	57674d56b3996432e31143b38e1210f3b29297646dbb9dac5095e28a9db2d261
0x00005E64	0x00005EC6	98	touch_sub_2b64	g2-touch-relocated-semantic-batches	Unverified	g2/tools/manifests/g2-touch-relocated-semantic-batches.tsv: payload+0x2B64; [low typed_batch_only typed_vendor_boundary_provider_unresolv] 0x2998 <= entry < 0x4B14; mixed CapSense/MSCLP/PDL cluster bounded by established provider anchors | also: g2-touch-capsense-provider-boundary.tsv, g2-touch-relocated-functions.tsv	eea7d108d821d99e816c9756777d1045ced26574c092e3a4adb40d0581b24d92
0x00005ECC	0x00005F30	100	touch_sub_2bcc	g2-touch-relocated-semantic-batches	Unverified	g2/tools/manifests/g2-touch-relocated-semantic-batches.tsv: payload+0x2BCC; [low typed_batch_only typed_vendor_boundary_provider_unresolv] 0x2998 <= entry < 0x4B14; mixed CapSense/MSCLP/PDL cluster bounded by established provider anchors | also: g2-touch-capsense-provider-boundary.tsv, g2-touch-relocated-functions.tsv	64f9683826e314f2ac032d69487a829a98cd6ed9a1ea204c99aaa136f4828da8
0x00005F34	0x00005F5E	42	touch_sub_2c34	g2-touch-relocated-semantic-batches	Unverified	g2/tools/manifests/g2-touch-relocated-semantic-batches.tsv: payload+0x2C34; [low typed_batch_only typed_vendor_boundary_provider_unresolv] 0x2998 <= entry < 0x4B14; mixed CapSense/MSCLP/PDL cluster bounded by established provider anchors | also: g2-touch-capsense-provider-boundary.tsv, g2-touch-relocated-functions.tsv	bc68abc2591b4bcdfe85f0b0df81354f2c09fa05df09ccd87da310eeb30340cb
0x00005F5E	0x00005F6A	12	touch_sub_2c5e	g2-touch-relocated-semantic-batches	Unverified	g2/tools/manifests/g2-touch-relocated-semantic-batches.tsv: payload+0x2C5E; [low typed_batch_only typed_vendor_boundary_provider_unresolv] 0x2998 <= entry < 0x4B14; mixed CapSense/MSCLP/PDL cluster bounded by established provider anchors | also: g2-touch-capsense-provider-boundary.tsv, g2-touch-relocated-functions.tsv	6721f053029f5811f026624cfcc433421951358eaab64b3c6977b840b6415833
0x00005F6A	0x00005FA4	58	touch_sub_2c6a	g2-touch-relocated-semantic-batches	Unverified	g2/tools/manifests/g2-touch-relocated-semantic-batches.tsv: payload+0x2C6A; [low typed_batch_only typed_vendor_boundary_provider_unresolv] 0x2998 <= entry < 0x4B14; mixed CapSense/MSCLP/PDL cluster bounded by established provider anchors | also: g2-touch-capsense-provider-boundary.tsv, g2-touch-relocated-functions.tsv	d34248b1db522012dc2c8b3ea47f07e6f27ab9d584a7a23868208e43e8d83acf
0x00005FA4	0x00005FBA	22	pdl_timeout_count_scale	https://github.com/Infineon/mtb-pdl-cat2	Strong	g2/tools/manifests/g2-touch-software-readiness-functions.tsv: payload+0x2CA4; [upstream_apache_provider] multiply/divide timeout scaling with explicit divisor-zero status; called by MSCLP scan wait; prefer the upstream provider implementation | also: g2-touch-prefix-function-map.tsv, g2-touch-prefix-helper-evidence.tsv, g2-touch-relocated-functions.tsv	5b4ab633956e4b7b49d37ae01bc6084b9fd7eb84e63c9293224ffd883b1775fa
0x00005FBA	0x00005FC6	12	touch_sub_2cba	g2-touch-relocated-semantic-batches	Unverified	g2/tools/manifests/g2-touch-relocated-semantic-batches.tsv: payload+0x2CBA; [low typed_batch_only typed_vendor_boundary_provider_unresolv] 0x2998 <= entry < 0x4B14; mixed CapSense/MSCLP/PDL cluster bounded by established provider anchors | also: g2-touch-capsense-provider-boundary.tsv, g2-touch-relocated-functions.tsv	093cea1446a2a041c7d4522cf907f0a8d94b34d66750a5164d39324b8175627b
0x00006140	0x0000614C	12	touch_sub_2e40	g2-touch-relocated-semantic-batches	Unverified	g2/tools/manifests/g2-touch-relocated-semantic-batches.tsv: payload+0x2E40; [low typed_batch_only typed_vendor_boundary_provider_unresolv] 0x2998 <= entry < 0x4B14; mixed CapSense/MSCLP/PDL cluster bounded by established provider anchors | also: g2-touch-capsense-provider-boundary.tsv, g2-touch-relocated-functions.tsv	aa314476c0e1f310c86e76ebe75093c1246ad812ec7711343b5a3dcefa842aa0
0x0000614C	0x00006170	36	touch_sub_2e4c	g2-touch-relocated-semantic-batches	Unverified	g2/tools/manifests/g2-touch-relocated-semantic-batches.tsv: payload+0x2E4C; [low typed_batch_only typed_vendor_boundary_provider_unresolv] 0x2998 <= entry < 0x4B14; mixed CapSense/MSCLP/PDL cluster bounded by established provider anchors | also: g2-touch-capsense-provider-boundary.tsv, g2-touch-relocated-functions.tsv	abb33ee26468ac94a0894b3e75b695b36e8f1e09caa82b0fe0a8db6e63f2cba6
0x00006170	0x000061EC	124	touch_sub_2e70	g2-touch-relocated-semantic-batches	Unverified	g2/tools/manifests/g2-touch-relocated-semantic-batches.tsv: payload+0x2E70; [low typed_batch_only typed_vendor_boundary_provider_unresolv] 0x2998 <= entry < 0x4B14; mixed CapSense/MSCLP/PDL cluster bounded by established provider anchors | also: g2-touch-capsense-provider-boundary.tsv, g2-touch-relocated-functions.tsv	5157fb37ba4be934fe524dd8c8b2dc71e5ccc358cd4c19bd28570e16bcc73933
0x000061F0	0x00006220	48	touch_sub_2ef0	g2-touch-relocated-semantic-batches	Unverified	g2/tools/manifests/g2-touch-relocated-semantic-batches.tsv: payload+0x2EF0; [low typed_batch_only typed_vendor_boundary_provider_unresolv] 0x2998 <= entry < 0x4B14; mixed CapSense/MSCLP/PDL cluster bounded by established provider anchors | also: g2-touch-capsense-provider-boundary.tsv, g2-touch-relocated-functions.tsv	47b57878e485229118057ff10dde43c8b14892e0c2417fdd890ac7deb99e9126
0x00006220	0x00006238	24	touch_sub_2f20	g2-touch-relocated-semantic-batches	Unverified	g2/tools/manifests/g2-touch-relocated-semantic-batches.tsv: payload+0x2F20; [low typed_batch_only typed_vendor_boundary_provider_unresolv] 0x2998 <= entry < 0x4B14; mixed CapSense/MSCLP/PDL cluster bounded by established provider anchors | also: g2-touch-capsense-provider-boundary.tsv, g2-touch-relocated-functions.tsv	0ef96accc8ceff5282c0d2760c84f76cd4b3b0c3c3558b6c94eaabc54b036a19
0x0000623C	0x00006262	38	touch_sub_2f3c	g2-touch-relocated-semantic-batches	Unverified	g2/tools/manifests/g2-touch-relocated-semantic-batches.tsv: payload+0x2F3C; [low typed_batch_only typed_vendor_boundary_provider_unresolv] 0x2998 <= entry < 0x4B14; mixed CapSense/MSCLP/PDL cluster bounded by established provider anchors | also: g2-touch-capsense-provider-boundary.tsv, g2-touch-relocated-functions.tsv	5d77837d970815950aa5195c2bb66512a4355c87069c9a80d84d0285e338bfcb
0x00006262	0x00006270	14	touch_sub_2f62	g2-touch-relocated-semantic-batches	Unverified	g2/tools/manifests/g2-touch-relocated-semantic-batches.tsv: payload+0x2F62; [low typed_batch_only typed_vendor_boundary_provider_unresolv] 0x2998 <= entry < 0x4B14; mixed CapSense/MSCLP/PDL cluster bounded by established provider anchors | also: g2-touch-capsense-provider-boundary.tsv, g2-touch-relocated-functions.tsv	87eaba821b6d5bbb9a884c7c0d30ab2786e8f54caf32d138be77a9ee5c32516c
0x00006270	0x00006292	34	touch_sub_2f70	g2-touch-relocated-semantic-batches	Unverified	g2/tools/manifests/g2-touch-relocated-semantic-batches.tsv: payload+0x2F70; [low typed_batch_only typed_vendor_boundary_provider_unresolv] 0x2998 <= entry < 0x4B14; mixed CapSense/MSCLP/PDL cluster bounded by established provider anchors | also: g2-touch-capsense-provider-boundary.tsv, g2-touch-relocated-functions.tsv	d5e81db2f8506baafef83ab8a06000de82e137d4352ac399c0cecc86c742ca9b
0x00006294	0x0000632A	150	touch_sub_2f94	g2-touch-relocated-semantic-batches	Unverified	g2/tools/manifests/g2-touch-relocated-semantic-batches.tsv: payload+0x2F94; [low typed_batch_only typed_vendor_boundary_provider_unresolv] 0x2998 <= entry < 0x4B14; mixed CapSense/MSCLP/PDL cluster bounded by established provider anchors | also: g2-touch-capsense-provider-boundary.tsv, g2-touch-relocated-functions.tsv	81e4f844929b4a9d7bbf85adc93b0e350560cbe851dfdf7caef67bb2b43a7a39
0x00006330	0x00006352	34	touch_sub_3030	g2-touch-relocated-semantic-batches	Unverified	g2/tools/manifests/g2-touch-relocated-semantic-batches.tsv: payload+0x3030; [low typed_batch_only typed_vendor_boundary_provider_unresolv] 0x2998 <= entry < 0x4B14; mixed CapSense/MSCLP/PDL cluster bounded by established provider anchors | also: g2-touch-capsense-provider-boundary.tsv, g2-touch-relocated-functions.tsv	bdaf730080ef382a414ab9db2fe9e190145548b1850038b914479259e8be8173
0x00006352	0x00006384	50	touch_sub_3052	g2-touch-relocated-semantic-batches	Unverified	g2/tools/manifests/g2-touch-relocated-semantic-batches.tsv: payload+0x3052; [low typed_batch_only typed_vendor_boundary_provider_unresolv] 0x2998 <= entry < 0x4B14; mixed CapSense/MSCLP/PDL cluster bounded by established provider anchors | also: g2-touch-capsense-provider-boundary.tsv, g2-touch-relocated-functions.tsv	b752aea3fa37fad8cde35b0f858146915326a8eacede44f1c9b02f6f5a7459df
0x00006384	0x00006462	222	touch_sub_3084	g2-touch-relocated-semantic-batches	Unverified	g2/tools/manifests/g2-touch-relocated-semantic-batches.tsv: payload+0x3084; [low typed_batch_only typed_vendor_boundary_provider_unresolv] 0x2998 <= entry < 0x4B14; mixed CapSense/MSCLP/PDL cluster bounded by established provider anchors | also: g2-touch-capsense-provider-boundary.tsv, g2-touch-relocated-functions.tsv	842a52b5ee4eedb78ff593f74a39218de4da67a2909f38d95b94f5aeaf421c87
0x00006462	0x0000652E	204	touch_sub_3162	g2-touch-relocated-semantic-batches	Unverified	g2/tools/manifests/g2-touch-relocated-semantic-batches.tsv: payload+0x3162; [low typed_batch_only typed_vendor_boundary_provider_unresolv] 0x2998 <= entry < 0x4B14; mixed CapSense/MSCLP/PDL cluster bounded by established provider anchors | also: g2-touch-capsense-provider-boundary.tsv, g2-touch-relocated-functions.tsv	7c99bdd52ca3ca89e1288a9e6f339dc5b532c164ff66d540fc86e6b6dbf422f0
0x00006530	0x00006600	208	touch_sub_3230	g2-touch-relocated-semantic-batches	Unverified	g2/tools/manifests/g2-touch-relocated-semantic-batches.tsv: payload+0x3230; [low typed_batch_only typed_vendor_boundary_provider_unresolv] 0x2998 <= entry < 0x4B14; mixed CapSense/MSCLP/PDL cluster bounded by established provider anchors | also: g2-touch-capsense-provider-boundary.tsv, g2-touch-relocated-functions.tsv	a944095fc5431efd1f4b455a95147ba9d51906cb3ff466e96e6b3cb6c6bd53de
0x00006608	0x0000664A	66	touch_sub_3308	g2-touch-relocated-semantic-batches	Unverified	g2/tools/manifests/g2-touch-relocated-semantic-batches.tsv: payload+0x3308; [low typed_batch_only typed_vendor_boundary_provider_unresolv] 0x2998 <= entry < 0x4B14; mixed CapSense/MSCLP/PDL cluster bounded by established provider anchors | also: g2-touch-capsense-provider-boundary.tsv, g2-touch-relocated-functions.tsv	504465a9abd68f613257e10c8412382cd814ebf5c20a1541b6658c4b99536311
0x0000664C	0x00006772	294	touch_sub_334c	g2-touch-relocated-semantic-batches	Unverified	g2/tools/manifests/g2-touch-relocated-semantic-batches.tsv: payload+0x334C; [low typed_batch_only typed_vendor_boundary_provider_unresolv] 0x2998 <= entry < 0x4B14; mixed CapSense/MSCLP/PDL cluster bounded by established provider anchors | also: g2-touch-capsense-provider-boundary.tsv, g2-touch-relocated-functions.tsv	7968506420daf89a93a0dc491f81dd97a81e5d265967749dc59b63723351500a
0x00006780	0x00006858	216	touch_sub_3480	g2-touch-relocated-semantic-batches	Unverified	g2/tools/manifests/g2-touch-relocated-semantic-batches.tsv: payload+0x3480; [low typed_batch_only typed_vendor_boundary_provider_unresolv] 0x2998 <= entry < 0x4B14; mixed CapSense/MSCLP/PDL cluster bounded by established provider anchors | also: g2-touch-capsense-provider-boundary.tsv, g2-touch-relocated-functions.tsv	e0e5c5ad6ef3ab1d56fbb70beb78d5e43a2c71efbdcf4f888422b1584bedf647
0x0000685C	0x000068DE	130	touch_sub_355c	g2-touch-relocated-semantic-batches	Unverified	g2/tools/manifests/g2-touch-relocated-semantic-batches.tsv: payload+0x355C; [low typed_batch_only typed_vendor_boundary_provider_unresolv] 0x2998 <= entry < 0x4B14; mixed CapSense/MSCLP/PDL cluster bounded by established provider anchors | also: g2-touch-capsense-provider-boundary.tsv, g2-touch-relocated-functions.tsv	f1ea69bc9324de3bc7a7226a405e37a68a5bab22855fa48ede99898b68d41519
0x00006924	0x0000692C	8	i2c_payload_callback_entry	g2-touch-prefix	Strong	g2/tools/manifests/g2-touch-prefix-function-map.tsv: payload+0x3624; [evidence_named] resident callback registry pointer | also: g2-touch-relocated-functions.tsv, g2-touch-software-readiness-functions.tsv	1addbcb3372f43944f663e2519eb131fd1ad0ee60091bc01862e5adabe6e40f7
0x00006928	0x00006972	74	msclp_scan_register_prepare	https://github.com/Infineon/mtb-pdl-cat2	Strong	g2/tools/manifests/g2-touch-software-readiness-functions.tsv: payload+0x3628; [upstream_apache_provider] programs an MSCLP register object and invokes the six-word MSCLP configuration writer; prefer the upstream provider implementation and re | also: g2-touch-prefix-function-map.tsv, g2-touch-prefix-helper-evidence.tsv, g2-touch-relocated-functions.tsv	f003f478bd6b5d2d908a318db06042021f3407c297463e0ab70437efa15de0e3
0x00006980	0x000069BA	58	msclp_scan_start_wait	https://github.com/Infineon/mtb-pdl-cat2	Strong	g2/tools/manifests/g2-touch-software-readiness-functions.tsv: payload+0x3680; [upstream_apache_provider] derives a bounded poll count, starts MSCLP, polls completion bit, and clears status; prefer the upstream provider implementation and reta | also: g2-touch-prefix-function-map.tsv, g2-touch-prefix-helper-evidence.tsv, g2-touch-relocated-functions.tsv	efc45b679e7db7afcb07360a4238f0f38e38bc79c77bc4a42d7ecf294a7b6eb3
0x000069C4	0x00006A6C	168	msc_sensing_loop	g2-touch-prefix	Strong	g2/tools/manifests/g2-touch-prefix-function-map.tsv: payload+0x36C4; [evidence_named] touch sensing MSC_SPAN | also: g2-touch-prefix-evidence-anchors.tsv, g2-touch-relocated-functions.tsv, g2-touch-software-readiness-functions.tsv	5cee0e3336b8a6e052adc77ba845ff2d03d1dd5c9f4926588d523217aa7a13bc
0x00006AC0	0x00006B1A	90	event_dispatcher	g2-touch-prefix	Strong	g2/tools/manifests/g2-touch-prefix-function-map.tsv: payload+0x37C0; [evidence_named] I2C protocol event-dispatch span | also: g2-touch-prefix-evidence-anchors.tsv, g2-touch-relocated-functions.tsv, g2-touch-software-readiness-functions.tsv	6fb0a1eac505eb27ec0b4ab1201cbbeeaeffdd8737cd9148e5480d2c9074a1f9
0x00006BD4	0x00006D6A	406	touch_sub_38d4	g2-touch-relocated-semantic-batches	Unverified	g2/tools/manifests/g2-touch-relocated-semantic-batches.tsv: payload+0x38D4; [low typed_batch_only typed_vendor_boundary_provider_unresolv] 0x2998 <= entry < 0x4B14; mixed CapSense/MSCLP/PDL cluster bounded by established provider anchors | also: g2-touch-capsense-provider-boundary.tsv, g2-touch-relocated-functions.tsv	67460b9d78ce8edddd095388aa573a300816d0db0a2568ae58995172418ab167
0x00006D74	0x0000702C	696	touch_sub_3a74	g2-touch-relocated-semantic-batches	Unverified	g2/tools/manifests/g2-touch-relocated-semantic-batches.tsv: payload+0x3A74; [low typed_batch_only typed_vendor_boundary_provider_unresolv] 0x2998 <= entry < 0x4B14; mixed CapSense/MSCLP/PDL cluster bounded by established provider anchors | also: g2-touch-capsense-provider-boundary.tsv, g2-touch-relocated-functions.tsv	030050811d575e469ab0b235461aff2e918bb7b78100d0f29a315f77cd40a85e
0x00007050	0x00007064	20	touch_sub_3d50	g2-touch-relocated-semantic-batches	Unverified	g2/tools/manifests/g2-touch-relocated-semantic-batches.tsv: payload+0x3D50; [low typed_batch_only typed_vendor_boundary_provider_unresolv] 0x2998 <= entry < 0x4B14; mixed CapSense/MSCLP/PDL cluster bounded by established provider anchors | also: g2-touch-capsense-provider-boundary.tsv, g2-touch-relocated-functions.tsv	18bb6f6ae903a4d999fa1228fdde29a813ae8a973030763b30aebb7edbe135ae
0x00007064	0x000071C6	354	touch_sub_3d64	g2-touch-relocated-semantic-batches	Unverified	g2/tools/manifests/g2-touch-relocated-semantic-batches.tsv: payload+0x3D64; [low typed_batch_only typed_vendor_boundary_provider_unresolv] 0x2998 <= entry < 0x4B14; mixed CapSense/MSCLP/PDL cluster bounded by established provider anchors | also: g2-touch-capsense-provider-boundary.tsv, g2-touch-relocated-functions.tsv	4ebcd0692bfe49269bab288edd14e2b25ce8eb6b99c68914169f511244088101
0x000071C8	0x00007284	188	touch_sub_3ec8	g2-touch-relocated-semantic-batches	Unverified	g2/tools/manifests/g2-touch-relocated-semantic-batches.tsv: payload+0x3EC8; [low typed_batch_only typed_vendor_boundary_provider_unresolv] 0x2998 <= entry < 0x4B14; mixed CapSense/MSCLP/PDL cluster bounded by established provider anchors | also: g2-touch-capsense-provider-boundary.tsv, g2-touch-relocated-functions.tsv	288d1f653602091a9ac363bb66bbdeab2de50a07ac13473da53909056f7ec297
0x00007288	0x000072F8	112	touch_sub_3f88	g2-touch-relocated-semantic-batches	Unverified	g2/tools/manifests/g2-touch-relocated-semantic-batches.tsv: payload+0x3F88; [low typed_batch_only typed_vendor_boundary_provider_unresolv] 0x2998 <= entry < 0x4B14; mixed CapSense/MSCLP/PDL cluster bounded by established provider anchors | also: g2-touch-capsense-provider-boundary.tsv, g2-touch-relocated-functions.tsv	4ee2a12fdfad5a91830785955833f6cf5a585c46db3e8d654607b16c9de525fb
0x000072F8	0x000073F6	254	touch_sub_3ff8	g2-touch-relocated-semantic-batches	Unverified	g2/tools/manifests/g2-touch-relocated-semantic-batches.tsv: payload+0x3FF8; [low typed_batch_only typed_vendor_boundary_provider_unresolv] 0x2998 <= entry < 0x4B14; mixed CapSense/MSCLP/PDL cluster bounded by established provider anchors | also: g2-touch-capsense-provider-boundary.tsv, g2-touch-relocated-functions.tsv	87c5919c3bfead1e933bd9dec614fda0e7f7d339b7f464684e6c37816f4ca4d2
0x000073F6	0x0000752E	312	touch_sub_40f6	g2-touch-relocated-semantic-batches	Unverified	g2/tools/manifests/g2-touch-relocated-semantic-batches.tsv: payload+0x40F6; [low typed_batch_only typed_vendor_boundary_provider_unresolv] 0x2998 <= entry < 0x4B14; mixed CapSense/MSCLP/PDL cluster bounded by established provider anchors | also: g2-touch-capsense-provider-boundary.tsv, g2-touch-relocated-functions.tsv	0160b405fcb149b89fc6a195107416ab41ef5d8bb2dc3d9ae93814f0cad92ed8
0x0000752E	0x0000757E	80	touch_sub_422e	g2-touch-relocated-semantic-batches	Unverified	g2/tools/manifests/g2-touch-relocated-semantic-batches.tsv: payload+0x422E; [low typed_batch_only typed_vendor_boundary_provider_unresolv] 0x2998 <= entry < 0x4B14; mixed CapSense/MSCLP/PDL cluster bounded by established provider anchors | also: g2-touch-capsense-provider-boundary.tsv, g2-touch-relocated-functions.tsv	1f0d6699cc97a68e4b61206c34f9e70ff1630270e7304b1ba2e77cacd04f0935
0x00007580	0x00007678	248	touch_sub_4280	g2-touch-relocated-semantic-batches	Unverified	g2/tools/manifests/g2-touch-relocated-semantic-batches.tsv: payload+0x4280; [low typed_batch_only typed_vendor_boundary_provider_unresolv] 0x2998 <= entry < 0x4B14; mixed CapSense/MSCLP/PDL cluster bounded by established provider anchors | also: g2-touch-capsense-provider-boundary.tsv, g2-touch-relocated-functions.tsv	62b3f1acc65d230f3ccb8de1c727722a36f1bc0a85c4c4939204af409420b689
0x0000767C	0x0000769A	30	touch_sub_437c	g2-touch-relocated-semantic-batches	Unverified	g2/tools/manifests/g2-touch-relocated-semantic-batches.tsv: payload+0x437C; [low typed_batch_only typed_vendor_boundary_provider_unresolv] 0x2998 <= entry < 0x4B14; mixed CapSense/MSCLP/PDL cluster bounded by established provider anchors | also: g2-touch-capsense-provider-boundary.tsv, g2-touch-relocated-functions.tsv	fda13a607b12b94ea8b40ffec8e5fba777f0385e84d76f54275aba6503c9b9ca
0x0000769A	0x000076B8	30	touch_sub_439a	g2-touch-relocated-semantic-batches	Unverified	g2/tools/manifests/g2-touch-relocated-semantic-batches.tsv: payload+0x439A; [low typed_batch_only typed_vendor_boundary_provider_unresolv] 0x2998 <= entry < 0x4B14; mixed CapSense/MSCLP/PDL cluster bounded by established provider anchors | also: g2-touch-capsense-provider-boundary.tsv, g2-touch-relocated-functions.tsv	ebee1c053cd5e3e8b813e69a69f978b1e99c13533ae4dcef2b7fbb4929c55654
0x000076B8	0x0000779E	230	touch_sub_43b8	g2-touch-relocated-semantic-batches	Unverified	g2/tools/manifests/g2-touch-relocated-semantic-batches.tsv: payload+0x43B8; [low typed_batch_only typed_vendor_boundary_provider_unresolv] 0x2998 <= entry < 0x4B14; mixed CapSense/MSCLP/PDL cluster bounded by established provider anchors | also: g2-touch-capsense-provider-boundary.tsv, g2-touch-relocated-functions.tsv	56eebf6fc3b39c3bcee21e46cd8161dc6323eeebe2209354827d3e868d27a6bb
0x0000779E	0x00007838	154	touch_sub_449e	g2-touch-relocated-semantic-batches	Unverified	g2/tools/manifests/g2-touch-relocated-semantic-batches.tsv: payload+0x449E; [low typed_batch_only typed_vendor_boundary_provider_unresolv] 0x2998 <= entry < 0x4B14; mixed CapSense/MSCLP/PDL cluster bounded by established provider anchors | also: g2-touch-capsense-provider-boundary.tsv, g2-touch-relocated-functions.tsv	f10e5a1e5aeb46a8500a442705e5bdee8f78775eeb7f50b3bfdc10381a1b072c
0x00007838	0x00007984	332	touch_sub_4538	g2-touch-relocated-semantic-batches	Unverified	g2/tools/manifests/g2-touch-relocated-semantic-batches.tsv: payload+0x4538; [low typed_batch_only typed_vendor_boundary_provider_unresolv] 0x2998 <= entry < 0x4B14; mixed CapSense/MSCLP/PDL cluster bounded by established provider anchors | also: g2-touch-capsense-provider-boundary.tsv, g2-touch-relocated-functions.tsv	4948edbf3fffe8ab9744ec51a35272b7eb41138070326a9e762922a06b4122e9
0x0000795C	0x000079EA	142	vector_entry_465c	g2-touch-software-readiness-functions	Inferred	g2/tools/manifests/g2-touch-software-readiness-functions.tsv: payload+0x465C; [still_unclassified] authenticated vector target with shared suffix; semantic role unresolved; resolve vector-target semantics before standalone startup replacement | also: g2-touch-prefix-function-map.tsv	14498d609d277c2121b8c8fab4a8cccbbc14d18c003e4e48402eeb2e0025faed
0x0000795E	0x000079EC	142	vector_entry_465e	g2-touch-software-readiness-functions	Inferred	g2/tools/manifests/g2-touch-software-readiness-functions.tsv: payload+0x465E; [still_unclassified] authenticated vector target with shared suffix; semantic role unresolved; resolve vector-target semantics before standalone startup replacement | also: g2-touch-prefix-function-map.tsv	14498d609d277c2121b8c8fab4a8cccbbc14d18c003e4e48402eeb2e0025faed
0x00007974	0x00007A02	142	vector_entry_4674	g2-touch-software-readiness-functions	Inferred	g2/tools/manifests/g2-touch-software-readiness-functions.tsv: payload+0x4674; [still_unclassified] authenticated vector target with shared suffix; semantic role unresolved; resolve vector-target semantics before standalone startup replacement | also: g2-touch-prefix-function-map.tsv	14498d609d277c2121b8c8fab4a8cccbbc14d18c003e4e48402eeb2e0025faed
0x00007984	0x00007B0E	394	touch_sub_4684	g2-touch-relocated-semantic-batches	Unverified	g2/tools/manifests/g2-touch-relocated-semantic-batches.tsv: payload+0x4684; [low typed_batch_only typed_vendor_boundary_provider_unresolv] 0x2998 <= entry < 0x4B14; mixed CapSense/MSCLP/PDL cluster bounded by established provider anchors | also: g2-touch-capsense-provider-boundary.tsv, g2-touch-relocated-functions.tsv	3f4ed3f7146d8bff72eb7b8b6ab5c135dea2a0687644b1de2042f80f1f094c91
0x00007B14	0x00007B62	78	touch_sub_4814	g2-touch-relocated-semantic-batches	Unverified	g2/tools/manifests/g2-touch-relocated-semantic-batches.tsv: payload+0x4814; [low typed_batch_only typed_vendor_boundary_provider_unresolv] 0x2998 <= entry < 0x4B14; mixed CapSense/MSCLP/PDL cluster bounded by established provider anchors | also: g2-touch-capsense-provider-boundary.tsv, g2-touch-relocated-functions.tsv	306f3541a2977a9b4b879e8022a325affac06fd9a1f66c9db00d03dd683821dd
0x00007B62	0x00007B6A	8	touch_sub_4862	g2-touch-relocated-semantic-batches	Unverified	g2/tools/manifests/g2-touch-relocated-semantic-batches.tsv: payload+0x4862; [low typed_batch_only typed_vendor_boundary_provider_unresolv] 0x2998 <= entry < 0x4B14; mixed CapSense/MSCLP/PDL cluster bounded by established provider anchors | also: g2-touch-capsense-provider-boundary.tsv, g2-touch-relocated-functions.tsv	015f5632595b47df572676b6fa9b6d764ba21bf9e279ee9a51d0efb786f7a34a
0x00007B6A	0x00007BB8	78	touch_sub_486a	g2-touch-relocated-semantic-batches	Unverified	g2/tools/manifests/g2-touch-relocated-semantic-batches.tsv: payload+0x486A; [low typed_batch_only typed_vendor_boundary_provider_unresolv] 0x2998 <= entry < 0x4B14; mixed CapSense/MSCLP/PDL cluster bounded by established provider anchors | also: g2-touch-capsense-provider-boundary.tsv, g2-touch-relocated-functions.tsv	ced67683db8de388bd41b1d5472366f15f40ca321a9a77d0c92a8fa95d2b5873
0x00007BB8	0x00007BC0	8	touch_sub_48b8	g2-touch-relocated-semantic-batches	Unverified	g2/tools/manifests/g2-touch-relocated-semantic-batches.tsv: payload+0x48B8; [low typed_batch_only typed_vendor_boundary_provider_unresolv] 0x2998 <= entry < 0x4B14; mixed CapSense/MSCLP/PDL cluster bounded by established provider anchors | also: g2-touch-capsense-provider-boundary.tsv, g2-touch-relocated-functions.tsv	015f5632595b47df572676b6fa9b6d764ba21bf9e279ee9a51d0efb786f7a34a
0x00007BC0	0x00007CEE	302	touch_sub_48c0	g2-touch-relocated-semantic-batches	Unverified	g2/tools/manifests/g2-touch-relocated-semantic-batches.tsv: payload+0x48C0; [low typed_batch_only typed_vendor_boundary_provider_unresolv] 0x2998 <= entry < 0x4B14; mixed CapSense/MSCLP/PDL cluster bounded by established provider anchors | also: g2-touch-capsense-provider-boundary.tsv, g2-touch-relocated-functions.tsv	1e753b5307645b1aca6b024be1f9b0bf56b3f922c9957e592c89a6138fec6b6d
0x00007CF8	0x00007D04	12	touch_sub_49f8	g2-touch-relocated-semantic-batches	Unverified	g2/tools/manifests/g2-touch-relocated-semantic-batches.tsv: payload+0x49F8; [low typed_batch_only typed_vendor_boundary_provider_unresolv] 0x2998 <= entry < 0x4B14; mixed CapSense/MSCLP/PDL cluster bounded by established provider anchors | also: g2-touch-capsense-provider-boundary.tsv, g2-touch-relocated-functions.tsv	f7ac013b016d26823e8e0794daa3efa0443dceb9a4993dd9afc3f555fc2cb06d
0x00007D04	0x00007D36	50	capsense_widget_active_query	https://github.com/Infineon/capsense	Inferred	g2/tools/manifests/g2-touch-software-readiness-functions.tsv: payload+0x4A04; [external_eula_clean_room_required] bounds widget index 0..2 and tests generated widget/sensor state fields; interface evidence only for MIT clean-room replacement  | also: g2-touch-prefix-function-map.tsv, g2-touch-prefix-helper-evidence.tsv, g2-touch-relocated-functions.tsv	e891e275255ea5adb71dfc1f5cff7b17f749f9331bfbab43e8ffa4e39bd84cca
0x00007D36	0x00007D6C	54	capsense_sensor_raw_count_read	g2-touch-prefix-helper-evidence	Strong	g2/tools/manifests/g2-touch-prefix-helper-evidence.tsv: payload+0x4A36; [high typed_provider_candidate] bounds widget and sensor index then returns the generated sensor record u16 value | also: g2-touch-prefix-function-map.tsv, g2-touch-relocated-functions.tsv, g2-touch-software-readiness-functions.tsv	7a3c8b8de900c494da9962bd076682f53545e63cd6234e5ec3c11e43b68cb94c
0x00007D6C	0x00007D92	38	capsense_widget_data_pointer	https://github.com/Infineon/capsense	Inferred	g2/tools/manifests/g2-touch-software-readiness-functions.tsv: payload+0x4A6C; [external_eula_clean_room_required] bounds widget index/state class and returns generated widget-data pointer +0x24; interface evidence only for MIT clean-room repl | also: g2-touch-prefix-function-map.tsv, g2-touch-prefix-helper-evidence.tsv, g2-touch-relocated-functions.tsv	5481d8910d37b64d4cc0f223089f50fb3a50fa998e95a14425da38ee602fdab0
0x00007D92	0x00007DDE	76	touch_sub_4a92	g2-touch-relocated-semantic-batches	Unverified	g2/tools/manifests/g2-touch-relocated-semantic-batches.tsv: payload+0x4A92; [low typed_batch_only typed_vendor_boundary_provider_unresolv] 0x2998 <= entry < 0x4B14; mixed CapSense/MSCLP/PDL cluster bounded by established provider anchors | also: g2-touch-capsense-provider-boundary.tsv, g2-touch-relocated-functions.tsv	305059b8256a3c4645a944b46d59cb48a7a0b2c6f146cd4c43fdd6a96f565e5a
0x00007DDE	0x00007E04	38	touch_sub_4ade	g2-touch-relocated-semantic-batches	Unverified	g2/tools/manifests/g2-touch-relocated-semantic-batches.tsv: payload+0x4ADE; [low typed_batch_only typed_vendor_boundary_provider_unresolv] 0x2998 <= entry < 0x4B14; mixed CapSense/MSCLP/PDL cluster bounded by established provider anchors | also: g2-touch-capsense-provider-boundary.tsv, g2-touch-relocated-functions.tsv	04863cc89e87cbbf1c246de7a064379bdf28500b2bff60ede7f1037845b65bf6
0x00007E04	0x00007E14	16	touch_sub_4b04	g2-touch-relocated-semantic-batches	Unverified	g2/tools/manifests/g2-touch-relocated-semantic-batches.tsv: payload+0x4B04; [low typed_batch_only typed_vendor_boundary_provider_unresolv] 0x2998 <= entry < 0x4B14; mixed CapSense/MSCLP/PDL cluster bounded by established provider anchors | also: g2-touch-capsense-provider-boundary.tsv, g2-touch-relocated-functions.tsv	f70ee582797134cef238fbfc65c959c65794400cb5f8a2901f64e4750ed6a61f
0x00007E14	0x00007E26	18	NVIC_SystemReset	CMSIS-Core / Infineon CAT2 PDL	Strong	g2/tools/manifests/g2-touch-software-readiness-functions.tsv: payload+0x4B14; [upstream_apache_provider] I2C protocol reset span; use upstream NVIC_SystemReset implementation with notices | also: g2-touch-prefix-evidence-anchors.tsv, g2-touch-prefix-function-map.tsv, g2-touch-relocated-functions.tsv	6303e4264b28333e41cfb61f08772a26eb13ba131a982f6ed31c4a498f804b38
0x00007E30	0x00007E62	50	enter_dfu_mailbox_and_reset	g2-touch-prefix	Strong	g2/tools/manifests/g2-touch-prefix-function-map.tsv: payload+0x4B30; [evidence_named] I2C protocol DFU handoff | also: g2-touch-relocated-functions.tsv, g2-touch-software-readiness-functions.tsv	bb596fef51de2fc4cbb71cd11308a8f9b63344a92065ae884ae43fbe81902c93
0x00007E44	0x00007E62	30	touch_eeprom_4b44_read_simple	runtime_touch_emeeprom_clean_room.c	Inferred	g2/tools/manifests/g2-touch-emeeprom-clean-room-admission.tsv: payload+0x4B44; [mit_clean_room_functional_replacement] authenticated Em_EEPROM boundary replaced independently by bounds-checked simple/extended storage, CRC-8, row sequencing, fa | also: g2-touch-relocated-functions.tsv, g2-touch-relocated-semantic-batches.tsv	20c9accd7d921966473072090de14214d3895534c01bf3582599a042c1945563
0x00007E68	0x00007EA4	60	CalcChecksum	g2-touch-prefix-helper-evidence	Strong	g2/tools/manifests/g2-touch-prefix-helper-evidence.tsv: payload+0x4B68; [high public_provider_symbol_match] CRC-8 seed 0xFF, polynomial 0x31, eight MSB-first rounds: exact Em_EEPROM checksum contract | also: g2-touch-prefix-function-map.tsv, g2-touch-relocated-functions.tsv, g2-touch-software-readiness-functions.tsv	7d97e84c7b28750fd51177cdb4d88e36e5c23e53a0d1e1d8dc1be57f488371b7
0x00007EA4	0x00007F04	96	CheckRanges	g2-touch-prefix-helper-evidence	Strong	g2/tools/manifests/g2-touch-prefix-helper-evidence.tsv: payload+0x4BA4; [medium public_provider_symbol_candidate] validates EEPROM configuration/range fields and returns 0x093E0003-class status | also: g2-touch-prefix-function-map.tsv, g2-touch-relocated-functions.tsv, g2-touch-software-readiness-functions.tsv	4d7cce66f8a0cdcc41f454fd23cadbb17ba7310de9e474fd99a1c7b14c614cbf
0x00007F08	0x00007F68	96	touch_eeprom_4c08_write_range	runtime_touch_emeeprom_clean_room.c	Inferred	g2/tools/manifests/g2-touch-emeeprom-clean-room-admission.tsv: payload+0x4C08; [mit_clean_room_functional_replacement] authenticated Em_EEPROM boundary replaced independently by bounds-checked simple/extended storage, CRC-8, row sequencing, fa | also: g2-touch-relocated-functions.tsv, g2-touch-relocated-semantic-batches.tsv	4d7cce66f8a0cdcc41f454fd23cadbb17ba7310de9e474fd99a1c7b14c614cbf
0x00007F6C	0x00007F78	12	CalculateRowChecksum	g2-touch-prefix-helper-evidence	Strong	g2/tools/manifests/g2-touch-prefix-helper-evidence.tsv: payload+0x4C6C; [high public_provider_symbol_match] skips the stored checksum byte and invokes CalcChecksum over row size minus four | also: g2-touch-prefix-function-map.tsv, g2-touch-relocated-functions.tsv, g2-touch-software-readiness-functions.tsv	2ba000540258b6a9a9ba82ebb49ca0b88bd3bd0949cdafd72a75a9081450034f
0x00007F78	0x00007F7C	4	GetStoredRowChecksum	g2-touch-prefix-helper-evidence	Strong	g2/tools/manifests/g2-touch-prefix-helper-evidence.tsv: payload+0x4C78; [high public_provider_symbol_match] returns first word from an EEPROM row | also: g2-touch-prefix-function-map.tsv, g2-touch-relocated-functions.tsv, g2-touch-software-readiness-functions.tsv	a89b85f8bccd76763270edbe8d4a9000e557118189ef0a663b750b93593d16da
0x00007F7C	0x00007F9C	32	CheckRowChecksum	g2-touch-prefix-helper-evidence	Strong	g2/tools/manifests/g2-touch-prefix-helper-evidence.tsv: payload+0x4C7C; [high public_provider_symbol_match] compares stored and calculated row checksums and returns success/bad-checksum status | also: g2-touch-prefix-function-map.tsv, g2-touch-relocated-functions.tsv, g2-touch-software-readiness-functions.tsv	fc923a97b449cfde8ec692d25b3a16f5d6e15a11db87ad7f54f6b745667c4145
0x00007FA0	0x00007FA4	4	GetStoredSeqNum	g2-touch-prefix-helper-evidence	Strong	g2/tools/manifests/g2-touch-prefix-helper-evidence.tsv: payload+0x4CA0; [high public_provider_symbol_match] returns the second word from an EEPROM row | also: g2-touch-prefix-function-map.tsv, g2-touch-relocated-functions.tsv, g2-touch-software-readiness-functions.tsv	a78fc9996461c9de89dede305a4ebaddf18e69f73df2a59a239610bf4bdef4cd
0x00007FA4	0x00008054	176	DefineLastWrittenRow	g2-touch-prefix-helper-evidence	Strong	g2/tools/manifests/g2-touch-prefix-helper-evidence.tsv: payload+0x4CA4; [high public_provider_symbol_candidate] scans wear-level rows for greatest sequence number with a valid checksum | also: g2-touch-prefix-function-map.tsv, g2-touch-relocated-functions.tsv, g2-touch-software-readiness-functions.tsv	aac740b8b0653e35c15ed9a9fe72dfc490889b095910c96990c5d45ed6673498
0x00008058	0x00008104	172	CheckLastWrittenRowIntegrity	g2-touch-prefix-helper-evidence	Strong	g2/tools/manifests/g2-touch-prefix-helper-evidence.tsv: payload+0x4D58; [high public_provider_symbol_candidate] checks last-row CRC, tries redundant copy, then redefines the last valid row | also: g2-touch-prefix-function-map.tsv, g2-touch-relocated-functions.tsv, g2-touch-software-readiness-functions.tsv	6dbf099a9836e5e4c9657f00059dac5d552088f64dc5d28b31fe5c57a7b6a0e1
0x0000810C	0x0000812A	30	GetNextRowPointer	g2-touch-prefix-helper-evidence	Strong	g2/tools/manifests/g2-touch-prefix-helper-evidence.tsv: payload+0x4E0C; [high public_provider_symbol_match] advances one row and wraps at wear-level region end | also: g2-touch-prefix-function-map.tsv, g2-touch-relocated-functions.tsv, g2-touch-software-readiness-functions.tsv	00fc76e2fad394e1198eef32b50b40daf7bdade26f76e741737ad0a423dca912
0x0000812A	0x0000814C	34	GetReadRowPointer	g2-touch-prefix-helper-evidence	Strong	g2/tools/manifests/g2-touch-prefix-helper-evidence.tsv: payload+0x4E2A; [high public_provider_symbol_match] moves among wear-level blocks with start/end range correction | also: g2-touch-prefix-function-map.tsv, g2-touch-relocated-functions.tsv, g2-touch-software-readiness-functions.tsv	d64fbb674f6948beae83020c28b3e983d4766f4f055f2f87b5ca48d29ba20f8f
0x0000814C	0x000081F2	166	CopyHistoricData	g2-touch-prefix-helper-evidence	Strong	g2/tools/manifests/g2-touch-prefix-helper-evidence.tsv: payload+0x4E4C; [medium public_provider_symbol_candidate] row/header geometry and checksum helpers match historic-data copy provider topology | also: g2-touch-prefix-function-map.tsv, g2-touch-relocated-functions.tsv, g2-touch-software-readiness-functions.tsv	b6577dc61280a67322031caa3c723925d4e1e1c56e59cea9f3c84c7e65c85d48
0x00008200	0x0000821E	30	touch_eeprom_4f00_physical_bytes	runtime_touch_emeeprom_clean_room.c	Inferred	g2/tools/manifests/g2-touch-emeeprom-clean-room-admission.tsv: payload+0x4F00; [mit_clean_room_functional_replacement] authenticated Em_EEPROM boundary replaced independently by bounds-checked simple/extended storage, CRC-8, row sequencing, fa | also: g2-touch-relocated-functions.tsv, g2-touch-relocated-semantic-batches.tsv	564c428a19438282db3016f394c15413886c514ff3cef2c0d5f8f6880e5e50e4
0x00008220	0x00008288	104	touch_eeprom_4f20_validate	runtime_touch_emeeprom_clean_room.c	Inferred	g2/tools/manifests/g2-touch-emeeprom-clean-room-admission.tsv: payload+0x4F20; [mit_clean_room_functional_replacement] authenticated Em_EEPROM boundary replaced independently by bounds-checked simple/extended storage, CRC-8, row sequencing, fa | also: g2-touch-relocated-functions.tsv, g2-touch-relocated-semantic-batches.tsv	d415dbf85ae3aebab41a9368c141aab402e7115e1e6203b19d51dee4163ba7e5
0x0000828C	0x000082E0	84	touch_eeprom_4f8c_geometry	runtime_touch_emeeprom_clean_room.c	Inferred	g2/tools/manifests/g2-touch-emeeprom-clean-room-admission.tsv: payload+0x4F8C; [mit_clean_room_functional_replacement] authenticated Em_EEPROM boundary replaced independently by bounds-checked simple/extended storage, CRC-8, row sequencing, fa | also: g2-touch-relocated-functions.tsv, g2-touch-relocated-semantic-batches.tsv	e5a456e084b11a726daa13bbe2ad37278b68db5e8ce7c814e8e69787be2f7b40
0x000082E0	0x0000854C	620	touch_eeprom_4fe0_read_extended	runtime_touch_emeeprom_clean_room.c	Inferred	g2/tools/manifests/g2-touch-emeeprom-clean-room-admission.tsv: payload+0x4FE0; [mit_clean_room_functional_replacement] authenticated Em_EEPROM boundary replaced independently by bounds-checked simple/extended storage, CRC-8, row sequencing, fa | also: g2-touch-relocated-functions.tsv, g2-touch-relocated-semantic-batches.tsv	10dc591b37adac5c114142464a4ad4324af575b483f655ca6cb66ac0503c7ec7
0x00008554	0x000085D0	124	em_eeprom_row_read_helper	https://github.com/Infineon/emeeprom	Inferred	g2/tools/manifests/g2-touch-software-readiness-functions.tsv: payload+0x5254; [external_eula_clean_room_required] shared by simple and extended read paths; validates row metadata and copies bounded payload; interface/algorithm identification  | also: g2-touch-prefix-function-map.tsv, g2-touch-prefix-helper-evidence.tsv, g2-touch-relocated-functions.tsv	5efa45534f738184ed2af12e316d028cb3d458d54b1227884b64b4f66c33c050
0x000085D4	0x0000867C	168	ReadSimpleMode	g2-touch-prefix-helper-evidence	Strong	g2/tools/manifests/g2-touch-prefix-helper-evidence.tsv: payload+0x52D4; [high public_provider_symbol_candidate] selected when context simpleMode is nonzero and performs bounded direct storage read | also: g2-touch-prefix-function-map.tsv, g2-touch-relocated-functions.tsv, g2-touch-software-readiness-functions.tsv	1f8f8edf35b0a03a28389767e15e3a1643c00275263c88cf7f303e283af66ed5
0x00008680	0x00008804	388	em_eeprom_extended_read_row_helper	https://github.com/Infineon/emeeprom	Inferred	g2/tools/manifests/g2-touch-software-readiness-functions.tsv: payload+0x5380; [external_eula_clean_room_required] extended-mode row traversal using checksum, wear-level, and bounded copy helpers; interface/algorithm identification only for MI | also: g2-touch-prefix-function-map.tsv, g2-touch-prefix-helper-evidence.tsv, g2-touch-relocated-functions.tsv	bc17e537a95f85a8537369b7468149e9647e69b7453214c9cb61d188e04836f4
0x00008808	0x00008906	254	ReadExtendedMode	g2-touch-prefix-helper-evidence	Strong	g2/tools/manifests/g2-touch-prefix-helper-evidence.tsv: payload+0x5508; [high public_provider_symbol_candidate] selected when context simpleMode is zero and searches checksum-protected historic rows | also: g2-touch-prefix-function-map.tsv, g2-touch-relocated-functions.tsv, g2-touch-software-readiness-functions.tsv	60985df86ae3d8c597541ea38c0af5679b35597bd59ec54d793fc321492bdf53
0x0000890C	0x00008988	124	touch_eeprom_560c_write_row	runtime_touch_emeeprom_clean_room.c	Inferred	g2/tools/manifests/g2-touch-emeeprom-clean-room-admission.tsv: payload+0x560C; [mit_clean_room_functional_replacement] authenticated Em_EEPROM boundary replaced independently by bounds-checked simple/extended storage, CRC-8, row sequencing, fa | also: g2-touch-relocated-functions.tsv, g2-touch-relocated-semantic-batches.tsv	6d39489b305efe864fc96ee452457917207990fd74c4f86aaa874204fde1ed12
0x0000898C	0x00008A34	168	touch_eeprom_568c_initialize	runtime_touch_emeeprom_clean_room.c	Inferred	g2/tools/manifests/g2-touch-emeeprom-clean-room-admission.tsv: payload+0x568C; [mit_clean_room_functional_replacement] authenticated Em_EEPROM boundary replaced independently by bounds-checked simple/extended storage, CRC-8, row sequencing, fa | also: g2-touch-relocated-functions.tsv, g2-touch-relocated-semantic-batches.tsv	6f8973b6e856d54bda4d0d5b5bec1aed8368285eb4fef5f3db0ff5731e386f51
0x00008A38	0x00008A74	60	touch_eeprom_5738_initialize_adapter	runtime_touch_emeeprom_clean_room.c	Inferred	g2/tools/manifests/g2-touch-emeeprom-clean-room-admission.tsv: payload+0x5738; [mit_clean_room_functional_replacement] authenticated Em_EEPROM boundary replaced independently by bounds-checked simple/extended storage, CRC-8, row sequencing, fa | also: g2-touch-relocated-functions.tsv, g2-touch-relocated-semantic-batches.tsv	504daff111be81fea96f9b6b092fd3bfc6119d00f1e4d86b5057b141ae870caf
0x00008A78	0x00008AA8	48	touch_eeprom_5778_read_adapter	runtime_touch_emeeprom_clean_room.c	Inferred	g2/tools/manifests/g2-touch-emeeprom-clean-room-admission.tsv: payload+0x5778; [mit_clean_room_functional_replacement] authenticated Em_EEPROM boundary replaced independently by bounds-checked simple/extended storage, CRC-8, row sequencing, fa | also: g2-touch-relocated-functions.tsv, g2-touch-relocated-semantic-batches.tsv	9a0a43f33cea65ee6728b819eba0b05f4add27dff5099727d50e87eaf7ea3f64
0x00008AAC	0x00008ADC	48	Cy_Em_EEPROM_Read	g2-touch-prefix-helper-evidence	Strong	g2/tools/manifests/g2-touch-prefix-helper-evidence.tsv: payload+0x57AC; [high public_provider_symbol_match] four-argument address/data/size/context ABI, range validation, then simple/extended dispatch | also: g2-touch-prefix-function-map.tsv, g2-touch-relocated-functions.tsv, g2-touch-software-readiness-functions.tsv	3b247be7e00ea638850bb9640b5917cf80491914dba1cdd425432c943e05eaf7
0x00008AE0	0x00008BF0	272	touch_eeprom_57e0_erase_adapter	runtime_touch_emeeprom_clean_room.c	Inferred	g2/tools/manifests/g2-touch-emeeprom-clean-room-admission.tsv: payload+0x57E0; [mit_clean_room_functional_replacement] authenticated Em_EEPROM boundary replaced independently by bounds-checked simple/extended storage, CRC-8, row sequencing, fa | also: g2-touch-relocated-functions.tsv, g2-touch-relocated-semantic-batches.tsv	c6ea5b3d14b8da0f22e832ffdac65d08c2049cdde62d014bf70b07214e5c6c7f
0x00008BF4	0x00008C2E	58	ProcessStatusCode	https://github.com/Infineon/mtb-pdl-cat2/drivers/source/cy_flash.c	Inferred	g2/tools/manifests/g2-touch-cat2-source-admission2.tsv: payload+0x58F4; CPUSS SYSARG SROM status-family decoder and 20-entry shipped switch table | also: g2-touch-relocated-functions.tsv, g2-touch-relocated-semantic-batches.tsv	4d0fb047947fa77c14232206661d071ab908027ca1b1ea58b571e921569c8b15
0x00008C74	0x00008CA4	48	Cy_Flash_ValidAddr	https://github.com/Infineon/mtb-pdl-cat2/drivers/source/cy_flash.c	Inferred	g2/tools/manifests/g2-touch-cat2-source-admission2.tsv: payload+0x5974; source-order helper after status decoder; flash/SFlash range validation | also: g2-touch-relocated-functions.tsv, g2-touch-relocated-semantic-batches.tsv	cbd3a9c41a0cf160f7a5b575f7d39cfd0e50a6acbc5f680a318b5a155240c08a
0x00008CA8	0x00008CBE	22	Cy_Flash_GetRowNum	https://github.com/Infineon/mtb-pdl-cat2/drivers/source/cy_flash.c	Inferred	g2/tools/manifests/g2-touch-cat2-source-admission2.tsv: payload+0x59A8; source-order row-address to row-number helper | also: g2-touch-relocated-functions.tsv, g2-touch-relocated-semantic-batches.tsv	aadf0c1f880872ec675b3b2ef2cf8c5949bf577678585f172e7f3225c86f64af
0x00008CC4	0x00008CEC	40	Cy_Flash_ClockBackup	https://github.com/Infineon/mtb-pdl-cat2/drivers/source/cy_flash.c	Inferred	g2/tools/manifests/g2-touch-cat2-source-admission2.tsv: payload+0x59C4; CPUSS SYSARG/SYSREQ clock-backup SROM call | also: g2-touch-relocated-functions.tsv, g2-touch-relocated-semantic-batches.tsv	00608f73dbd6cebaab852b754fc9b15d20673411d188209d5de7fc66746b7650
0x00008D00	0x00008D14	20	Cy_Flash_ClockConfig	https://github.com/Infineon/mtb-pdl-cat2/drivers/source/cy_flash.c	Inferred	g2/tools/manifests/g2-touch-cat2-source-admission2.tsv: payload+0x5A00; CPUSS SYSARG/SYSREQ clock-config SROM call | also: g2-touch-relocated-functions.tsv, g2-touch-relocated-semantic-batches.tsv	a8feabbc230d42d4f6130efb6d2f3fdaccf354b2968d2c01a43f9354416c3a65
0x00008D20	0x00008D40	32	Cy_Flash_ClockRestore	https://github.com/Infineon/mtb-pdl-cat2/drivers/source/cy_flash.c	Inferred	g2/tools/manifests/g2-touch-cat2-source-admission2.tsv: payload+0x5A20; CPUSS SYSARG/SYSREQ clock-restore SROM call | also: g2-touch-relocated-functions.tsv, g2-touch-relocated-semantic-batches.tsv	87c90c6fccc8b1a732773938d6a3bda4fc1f6b0e6696aaa03ad290f741211af3
0x00008D50	0x00008E04	180	Cy_Flash_WriteRow	https://github.com/Infineon/mtb-pdl-cat2/drivers/source/cy_flash.c	Inferred	g2/tools/manifests/g2-touch-cat2-source-admission2.tsv: payload+0x5A50; public write-row caller topology over the six adjacent helpers, memcpy, and critical section | also: g2-touch-relocated-functions.tsv, g2-touch-relocated-semantic-batches.tsv	39fce21dfafb0c7897186835dda1c574712fcc73672c9ed3aec53c20a6686303
0x00008E28	0x00008E5C	52	Cy_GPIO_SetHSIOM	https://github.com/Infineon/mtb-pdl-cat2/drivers/include/cy_gpio.h	Inferred	g2/tools/manifests/g2-touch-cat2-source-admission4.tsv: payload+0x5B28; HSIOM port derivation and four-bit per-pin clear/set | also: g2-touch-relocated-functions.tsv, g2-touch-relocated-semantic-batches.tsv	954a66d658b678d166a0915d777d8ca5e5e8fc1c188fc81faafcae5ab9d5b90e
0x00008E64	0x00008E84	32	Cy_GPIO_Write	https://github.com/Infineon/mtb-pdl-cat2/drivers/include/cy_gpio.h	Inferred	g2/tools/manifests/g2-touch-cat2-source-admission4.tsv: payload+0x5B64; pin validation followed by DR_SET/DR_CLR atomic write | also: g2-touch-relocated-functions.tsv, g2-touch-relocated-semantic-batches.tsv	d4986aa95d320e707b911f081eb3237dd64e1c03f05f00ecf9dac6c8232b2660
0x00008E84	0x00008EBE	58	Cy_GPIO_SetDrivemode	https://github.com/Infineon/mtb-pdl-cat2/drivers/include/cy_gpio.h	Inferred	g2/tools/manifests/g2-touch-cat2-source-admission4.tsv: payload+0x5B84; three-bit PC plus fourth drive-mode bit in PC2 | also: g2-touch-relocated-functions.tsv, g2-touch-relocated-semantic-batches.tsv	430593a5b307bca1d4e239879bc208cf7f09e3feddfaac01da19e9fefe6fb2b5
0x00008EBE	0x00008EE2	36	Cy_GPIO_SetInterruptEdge	https://github.com/Infineon/mtb-pdl-cat2/drivers/include/cy_gpio.h	Inferred	g2/tools/manifests/g2-touch-cat2-source-admission4.tsv: payload+0x5BBE; two-bit per-pin interrupt configuration clear/set | also: g2-touch-relocated-functions.tsv, g2-touch-relocated-semantic-batches.tsv	6cf558f6ba5da5d9bb2f348bfc3e91838df206b5862cbdd9ece652a2aa42f454
0x00008EE4	0x00008F92	174	Cy_GPIO_Pin_Init	https://github.com/Infineon/mtb-pdl-cat2/drivers/source/cy_gpio.c	Inferred	g2/tools/manifests/g2-touch-cat2-source-admission2.tsv: payload+0x5BE4; six pin-config call sites and ordered write/drive/HSIOM/edge/vtrip/slew helpers | also: g2-touch-relocated-functions.tsv, g2-touch-relocated-semantic-batches.tsv	0af5183384c1ae4eff359f651a41e2a32e12561dc1587b269f96778745cedc96
0x00008FA0	0x00008FC8	40	Cy_MSCLP_Capture	https://github.com/Infineon/mtb-pdl-cat2/drivers/source/cy_msclp.c	Inferred	g2/tools/manifests/g2-touch-cat2-source-admission5.tsv: payload+0x5CA0; base/key/context validation and lock-key acquisition | also: g2-touch-relocated-functions.tsv, g2-touch-relocated-semantic-batches.tsv	24f2bbd5b9cb4a98307bea39d7d2abb5f4194360b91fed8a4c6f688b5a640c3d
0x00008FD0	0x0000915C	396	Cy_MSCLP_Configure	https://github.com/Infineon/mtb-pdl-cat2/drivers/source/cy_msclp.c	Inferred	g2/tools/manifests/g2-touch-cat2-source-admission5.tsv: payload+0x5CD0; lock-key validation and exhaustive MSCLP register/config arrays | also: g2-touch-relocated-functions.tsv, g2-touch-relocated-semantic-batches.tsv	397fa8d2bbcc3c9cbe33fdc00330571f489b963538fd0da09ae438603fb3d0cd
0x00009178	0x000091F0	120	msclp_register_config_write	https://github.com/Infineon/mtb-pdl-cat2	Strong	g2/tools/manifests/g2-touch-software-readiness-functions.tsv: payload+0x5E78; [upstream_apache_provider] copies six descriptor words to MSCLP offsets 0x3004..0x3034 for selector classes 5/11/other; prefer the upstream provider implementation  | also: g2-touch-prefix-function-map.tsv, g2-touch-prefix-helper-evidence.tsv, g2-touch-relocated-functions.tsv	74cb5cf705bd2d900a06a3cafdbdb5c0fef240b02e8ac07a8e78b8677653c740
0x00009218	0x00009250	56	Cy_SCB_ReadArrayNoCheck	https://github.com/Infineon/mtb-pdl-cat2/drivers/source/cy_scb_common.c	Inferred	g2/tools/manifests/g2-touch-cat2-source-admission3.tsv: payload+0x5F18; RX_CTRL data-width branch; RX_FIFO_RD byte/halfword stores | also: g2-touch-relocated-functions.tsv, g2-touch-relocated-semantic-batches.tsv	07627776d2bc275029e974a40d0944d6b87502cfea118880b8d60d6c3fa97cc7
0x00009250	0x0000926E	30	Cy_SCB_ReadArray	https://github.com/Infineon/mtb-pdl-cat2/drivers/source/cy_scb_common.c	Inferred	g2/tools/manifests/g2-touch-cat2-source-admission3.tsv: payload+0x5F50; RX_FIFO_STATUS count clamp then direct call to 0x5F18 | also: g2-touch-relocated-functions.tsv, g2-touch-relocated-semantic-batches.tsv	c7729e5dfb38b7391112b5eeeb9e0a8b0fc0d2ad0bc2e1e9b53b353b401e5e49
0x0000926E	0x000092A6	56	Cy_SCB_WriteArrayNoCheck	https://github.com/Infineon/mtb-pdl-cat2/drivers/source/cy_scb_common.c	Inferred	g2/tools/manifests/g2-touch-cat2-source-admission3.tsv: payload+0x5F6E; TX_CTRL data-width branch; byte/halfword loads to TX_FIFO_WR | also: g2-touch-relocated-functions.tsv, g2-touch-relocated-semantic-batches.tsv	ba8eabab79e5f3cf46e4b9b7bd76456a262ed1ff7d3780885a747f9eb6e1b434
0x000092A6	0x000092D6	48	Cy_SCB_WriteArray	https://github.com/Infineon/mtb-pdl-cat2/drivers/source/cy_scb_common.c	Inferred	g2/tools/manifests/g2-touch-cat2-source-admission3.tsv: payload+0x5FA6; FIFO-size minus TX_FIFO_STATUS clamp then call to 0x5F6E | also: g2-touch-relocated-functions.tsv, g2-touch-relocated-semantic-batches.tsv	e3bd934582667c74ed28fa5a43ce49d2a70802d22b01b6f01ff19994fa474ce9
0x000092D6	0x000092E6	16	Cy_SCB_WriteDefaultArrayNoCheck	https://github.com/Infineon/mtb-pdl-cat2/drivers/source/cy_scb_common.c	Inferred	g2/tools/manifests/g2-touch-cat2-source-admission3.tsv: payload+0x5FD6; counted repeated value writes to TX_FIFO_WR | also: g2-touch-relocated-functions.tsv, g2-touch-relocated-semantic-batches.tsv	ec65352149705e5d99247c6304f60772bc6feacccd2c020952f45b32e2c531b1
0x000092E6	0x00009316	48	Cy_SCB_WriteDefaultArray	https://github.com/Infineon/mtb-pdl-cat2/drivers/source/cy_scb_common.c	Inferred	g2/tools/manifests/g2-touch-cat2-source-admission3.tsv: payload+0x5FE6; FIFO-size minus TX count clamp then call to 0x5FD6 | also: g2-touch-relocated-functions.tsv, g2-touch-relocated-semantic-batches.tsv	a138965686502bfecef80f1c8972059b8ea8379e3ea2f23ffd3ad471f749284b
0x00009316	0x00009342	44	Cy_SCB_SetRxFifoLevel	https://github.com/Infineon/mtb-pdl-cat2/drivers/include/cy_scb_common.h	Inferred	g2/tools/manifests/g2-touch-cat2-source-admission3.tsv: payload+0x6016; RX_FIFO_CTRL trigger-level clear/set with device FIFO-size assertion | also: g2-touch-relocated-functions.tsv, g2-touch-relocated-semantic-batches.tsv	1fdc6e20657ebf1efbbf7423c354904526f55af9f31d09ad5cd700d69ecdb993
0x00009344	0x000093BC	120	SlaveHandleHsMode	https://github.com/Infineon/mtb-pdl-cat2/drivers/source/cy_scb_i2c.c	Inferred	g2/tools/manifests/g2-touch-cat2-source-admission5.tsv: payload+0x6044; HS callback, FIFO level, slave status and stretch-command branches | also: g2-touch-relocated-functions.tsv, g2-touch-relocated-semantic-batches.tsv	a6007b1cc6684384e762beb4b8eb90a9888dd3675abc343dc44cbf30a91b1198
0x000093C4	0x000094F2	302	SlaveHandleStop	https://github.com/Infineon/mtb-pdl-cat2/drivers/source/cy_scb_i2c.c	Inferred	g2/tools/manifests/g2-touch-cat2-source-admission5.tsv: payload+0x60C4; three-argument stop/restart completion, FIFO recovery and callback | also: g2-touch-relocated-functions.tsv, g2-touch-relocated-semantic-batches.tsv	ac0f53cb6f1861abde686780473a284d4b7111fc1396ef357e0fe40990f46b01
0x00009510	0x000095A8	152	SlaveHandleAck	https://github.com/Infineon/mtb-pdl-cat2/drivers/source/cy_scb_i2c.c	Inferred	g2/tools/manifests/g2-touch-cat2-source-admission5.tsv: payload+0x6210; direction callback and RX/TX buffer/FIFO preparation | also: g2-touch-relocated-functions.tsv, g2-touch-relocated-semantic-batches.tsv	5c8851a6ef498630180a8cd8be237f8f5f937e39a0b96040e1933ec00d942cc0
0x000095B8	0x00009724	364	SlaveHandleAddress	https://github.com/Infineon/mtb-pdl-cat2/drivers/source/cy_scb_i2c.c	Inferred	g2/tools/manifests/g2-touch-cat2-source-admission5.tsv: payload+0x62B8; address callback ACK/NAK/WAIT handling followed by ack helper | also: g2-touch-relocated-functions.tsv, g2-touch-relocated-semantic-batches.tsv	234ef42883fba8d5e7e25c1658ddf6a10d3e75ae871b3b1d77850b42665b197e
0x00009748	0x000097F8	176	SlaveHandleDataReceive	https://github.com/Infineon/mtb-pdl-cat2/drivers/source/cy_scb_i2c.c	Inferred	g2/tools/manifests/g2-touch-cat2-source-admission5.tsv: payload+0x6448; RX FIFO array copy, buffer accounting and next-level programming | also: g2-touch-relocated-functions.tsv, g2-touch-relocated-semantic-batches.tsv	07ad8a07aab3d08bd0a575d97e3c01648bbe24324706ff2dd55664335041dd7d
0x000097FC	0x000098F0	244	SlaveHandleDataTransmit	https://github.com/Infineon/mtb-pdl-cat2/drivers/source/cy_scb_i2c.c	Inferred	g2/tools/manifests/g2-touch-cat2-source-admission5.tsv: payload+0x64FC; default/array TX FIFO fill, last-byte critical section and events | also: g2-touch-relocated-functions.tsv, g2-touch-relocated-semantic-batches.tsv	e6d79ded54b22148ac1dfa1bcba220441ef1b2156fdb459ef1beaa30a91e6ef5
0x000098F4	0x00009AAA	438	Cy_SCB_I2C_Init	https://github.com/Infineon/mtb-pdl-cat2	Strong	g2/tools/manifests/g2-touch-software-readiness-functions.tsv: payload+0x65F4; [upstream_apache_provider] three-argument base/config/context ABI, SCB register configuration, assertions, context zero/init, status return; prefer the upstream pro | also: g2-touch-prefix-function-map.tsv, g2-touch-prefix-helper-evidence.tsv, g2-touch-relocated-functions.tsv	971123ed88874e9c7e1cf50da5d6252a22131bd1dd2f67d8c7b0d0e2d17457d3
0x00009AD8	0x00009AF0	24	i2c_tx_descriptor_arm	g2-touch-prefix	Strong	g2/tools/manifests/g2-touch-prefix-function-map.tsv: payload+0x67D8; [evidence_named] I2C protocol FIFO helper | also: g2-touch-prefix-evidence-anchors.tsv, g2-touch-relocated-functions.tsv, g2-touch-software-readiness-functions.tsv	b1bac11cbac9f66b1fa321e6f30efb2dbd04b9b4aea0fc84c9e263e70f5b3cc5
0x00009AF0	0x00009B06	22	i2c_rx_descriptor_arm	g2-touch-prefix	Strong	g2/tools/manifests/g2-touch-prefix-function-map.tsv: payload+0x67F0; [evidence_named] I2C protocol FIFO helper | also: g2-touch-relocated-functions.tsv, g2-touch-software-readiness-functions.tsv	732b21bb04976f6848a23c5fc2e6678dacc6987d6be924070d83b6f31b91452c
0x00009B06	0x00009B0A	4	i2c_rx_position_get	g2-touch-prefix	Strong	g2/tools/manifests/g2-touch-prefix-function-map.tsv: payload+0x6806; [evidence_named] I2C protocol FIFO helper | also: g2-touch-relocated-functions.tsv, g2-touch-software-readiness-functions.tsv	12ca797b75e86be944eed1f21b5b0f642c54ade811872e0d255ac736091efe2a
0x00009B0C	0x00009C20	276	Cy_SCB_I2C_SlaveInterrupt	https://github.com/Infineon/mtb-pdl-cat2/drivers/source/cy_scb_i2c.c	Inferred	g2/tools/manifests/g2-touch-cat2-source-admission2.tsv: payload+0x680C; slave IRQ entry from touch ISR and five receive/address/transmit/stop helper branches | also: g2-touch-relocated-functions.tsv, g2-touch-relocated-semantic-batches.tsv	96573e6cbe0218cd9c079700f977c510894c48114babf0cf05e8c17ee9711ac8
0x00009C38	0x00009C3E	6	Cy_SysClk_ExtClkGetFrequency	https://github.com/Infineon/mtb-pdl-cat2/drivers/source/cy_sysclk.c	Inferred	g2/tools/manifests/g2-touch-cat2-source-admission4.tsv: payload+0x6938; single load of private EXTCLK frequency storage | also: g2-touch-relocated-functions.tsv, g2-touch-relocated-semantic-batches.tsv	11bb59ded7ced70e8b2d9366d7b5ad8c67fa6722b98f2e67909f8fa86ed19ed3
0x00009C44	0x00009C72	46	Cy_SysClk_ImoGetFrequency	https://github.com/Infineon/mtb-pdl-cat2/drivers/source/cy_sysclk.c	Inferred	g2/tools/manifests/g2-touch-cat2-source-admission4.tsv: payload+0x6944; IMO enabled check and CLK_IMO_SELECT frequency-field scaling | also: g2-touch-relocated-functions.tsv, g2-touch-relocated-semantic-batches.tsv	90fd17f92b253fcfa0015fed9d150f86cfc0d81206ba06c4dc7dcddeb2b915f1
0x00009C80	0x00009D4C	204	Cy_SysClk_ImoSetFrequency	https://github.com/Infineon/mtb-pdl-cat2/drivers/source/cy_sysclk.c	Inferred	g2/tools/manifests/g2-touch-cat2-source-admission4.tsv: payload+0x6980; valid frequency set, trim-table programming, two 50-cycle delays | also: g2-touch-relocated-functions.tsv, g2-touch-relocated-semantic-batches.tsv	0ea6926ab66f6b05b73a6914c3a6342899586666cc1b0ef9d4c18ae69f3cba0a
0x00009D90	0x00009DBE	46	Cy_SysClk_IloStartMeasurement	https://github.com/Infineon/mtb-pdl-cat2/drivers/source/cy_sysclk.c	Inferred	g2/tools/manifests/g2-touch-cat2-source-admission4.tsv: payload+0x6A90; measurement lock plus SRSS DFT source selections | also: g2-touch-relocated-functions.tsv, g2-touch-relocated-semantic-batches.tsv	7791350b7898ceff802c6673b4599f55d78d220ff430dc8dc7722a0102720c0f
0x00009DDC	0x00009E00	36	Cy_SysClk_IloStopMeasurement	https://github.com/Infineon/mtb-pdl-cat2/drivers/source/cy_sysclk.c	Inferred	g2/tools/manifests/g2-touch-cat2-source-admission4.tsv: payload+0x6ADC; measurement lock clear plus SRSS DFT cleanup | also: g2-touch-relocated-functions.tsv, g2-touch-relocated-semantic-batches.tsv	166b239c35f6bde04960673c8cb2e914b6ba619f7330532a572eff72411ffa35
0x00009E18	0x00009EF2	218	Cy_SysClk_IloCompensate	https://github.com/Infineon/mtb-pdl-cat2/drivers/source/cy_sysclk.c	Inferred	g2/tools/manifests/g2-touch-cat2-source-admission4.tsv: payload+0x6B18; 100..2000000 us validation and ILO counter compensation arithmetic | also: g2-touch-relocated-functions.tsv, g2-touch-relocated-semantic-batches.tsv	6d62d61ff7504fd2e3f182aabffe143b149d3f75a41c10a0185b73b63c3fff94
0x00009F34	0x00009F3E	10	Cy_SysClk_ClkHfGetDivider	https://github.com/Infineon/mtb-pdl-cat2/drivers/include/cy_sysclk.h	Inferred	g2/tools/manifests/g2-touch-cat2-source-admission4.tsv: payload+0x6C34; SRSS CLK_SELECT HF divider two-bit extraction | also: g2-touch-relocated-functions.tsv, g2-touch-relocated-semantic-batches.tsv	02427173a5483a3721c6b639b94143fce8a625374911f3172b8b692df0e12acd
0x00009F44	0x00009F8E	74	Cy_SysClk_ClkHfSetDivider	https://github.com/Infineon/mtb-pdl-cat2/drivers/include/cy_sysclk.h	Inferred	g2/tools/manifests/g2-touch-cat2-source-admission4.tsv: payload+0x6C44; divider validation and SRSS CLK_SELECT HF divider clear/set | also: g2-touch-relocated-functions.tsv, g2-touch-relocated-semantic-batches.tsv	12dc0217a775b0b09dc835a771e22af7d262fada2788eea84b0114a8c3355947
0x00009F9C	0x00009FCE	50	Cy_SysClk_ClkHfGetFrequency	https://github.com/Infineon/mtb-pdl-cat2/drivers/source/cy_sysclk.c	Inferred	g2/tools/manifests/g2-touch-cat2-source-admission4.tsv: payload+0x6C9C; HF source dispatch and right shift by selected divider | also: g2-touch-relocated-functions.tsv, g2-touch-relocated-semantic-batches.tsv	16c515c07cf03bad811f057cd3c5fa31ca72d3a5ed28697483f94f337e08b0ad
0x00009FD4	0x0000A00C	56	Cy_SysClk_PeriphSetDivider	https://github.com/Infineon/mtb-pdl-cat2/drivers/source/cy_sysclk.c	Inferred	g2/tools/manifests/g2-touch-cat2-source-admission4.tsv: payload+0x6CD4; integer divider type/range validation and PERI divider clear/set | also: g2-touch-relocated-functions.tsv, g2-touch-relocated-semantic-batches.tsv	9987247258e2c5134c81506931705c4cd7f04e02c6f836037a26c5ccacdccc66
0x0000A01C	0x0000A0AA	142	Cy_SysClk_PeriphSetFracDivider	https://github.com/Infineon/mtb-pdl-cat2/drivers/source/cy_sysclk.c	Inferred	g2/tools/manifests/g2-touch-cat2-source-admission4.tsv: payload+0x6D1C; fractional divider type/range validation and INT/FRAC writes | also: g2-touch-relocated-functions.tsv, g2-touch-relocated-semantic-batches.tsv	898711d12d0ffc463489b177b8909ba9704fbe38352325db7bce89299bb6dc52
0x0000A0BC	0x0000A0FA	62	Cy_SysClk_PeriphAssignDivider	https://github.com/Infineon/mtb-pdl-cat2/drivers/source/cy_sysclk.c	Inferred	g2/tools/manifests/g2-touch-cat2-source-admission4.tsv: payload+0x6DBC; peripheral destination/type validation and PCLK selector write | also: g2-touch-relocated-functions.tsv, g2-touch-relocated-semantic-batches.tsv	a186f5c93f6afc410cb3028b4d195f941f27f37b0c1ccc75b2ece22f1c69c0fb
0x0000A104	0x0000A13C	56	Cy_SysClk_PeriphEnableDivider	https://github.com/Infineon/mtb-pdl-cat2/drivers/source/cy_sysclk.c	Inferred	g2/tools/manifests/g2-touch-cat2-source-admission4.tsv: payload+0x6E04; validated PERI DIV_CMD enable/phase-align command and readback | also: g2-touch-relocated-functions.tsv, g2-touch-relocated-semantic-batches.tsv	9fc9768cae104554d2fca1cde869fe364ca00cb5712305407815697b857b1cf4
0x0000A148	0x0000A180	56	Cy_SysClk_PeriphDisableDivider	https://github.com/Infineon/mtb-pdl-cat2/drivers/source/cy_sysclk.c	Inferred	g2/tools/manifests/g2-touch-cat2-source-admission4.tsv: payload+0x6E48; validated PERI DIV_CMD disable command | also: g2-touch-relocated-functions.tsv, g2-touch-relocated-semantic-batches.tsv	49b586757598204be557441c32c6fc0af882a5142ea6e5db87ae75afb80fd14e
0x0000A188	0x0000A1B4	44	Cy_SysClk_ClkHfSetSource	https://github.com/Infineon/mtb-pdl-cat2/drivers/source/cy_sysclk.c	Inferred	g2/tools/manifests/g2-touch-cat2-source-admission4.tsv: payload+0x6E88; HF source validity/enable checks and SRSS source clear/set | also: g2-touch-relocated-functions.tsv, g2-touch-relocated-semantic-batches.tsv	7a92cadfe2d24fe97c12651427d589de2ee2548b59109b96a3e1efd8e7716822
0x0000A214	0x0000A26C	88	NVIC_SetPriority	https://github.com/Infineon/mtb-pdl-cat2	Strong	g2/tools/manifests/g2-touch-software-readiness-functions.tsv: payload+0x6F14; [upstream_apache_provider] maps signed IRQ number to NVIC or SCB priority byte lanes at 0xE000E100/0xE000ED00; prefer the upstream provider implementation and retai | also: g2-touch-prefix-function-map.tsv, g2-touch-prefix-helper-evidence.tsv, g2-touch-relocated-functions.tsv	7b33c0b14bc91b4c79c03a5cf8977011d0e0fb74c39f35a0a5c05e33f5bad2cc
0x0000A274	0x0000A29C	40	Cy_SysInt_SetVector	https://github.com/Infineon/mtb-pdl-cat2	Strong	g2/tools/manifests/g2-touch-software-readiness-functions.tsv: payload+0x6F74; [upstream_apache_provider] selects SRAM vector table only when CPUSS vector-in-RAM state is active and returns prior handler; prefer the upstream provider implement | also: g2-touch-prefix-function-map.tsv, g2-touch-prefix-helper-evidence.tsv, g2-touch-relocated-functions.tsv	f6edba26d99f37da897dd3ae65225e806a7dfa47d212cddbabafb750d1df0c8a
0x0000A2A8	0x0000A2E4	60	Cy_SysInt_Init	https://github.com/Infineon/mtb-pdl-cat2	Strong	g2/tools/manifests/g2-touch-software-readiness-functions.tsv: payload+0x6FA8; [upstream_apache_provider] validates config, applies priority, conditionally installs vector, and returns PDL status; prefer the upstream provider implementation an | also: g2-touch-prefix-function-map.tsv, g2-touch-prefix-helper-evidence.tsv, g2-touch-relocated-functions.tsv	ba1ac67702b267f9dad652680f738491a9d26e621f88e86d453a738d35dea85a
0x0000A2F0	0x0000A318	40	Cy_SysLib_Delay	https://github.com/Infineon/mtb-pdl-cat2	Strong	g2/tools/manifests/g2-touch-software-readiness-functions.tsv: payload+0x6FF0; [upstream_apache_provider] overflow-bounded millisecond loop over cy_delay32kMs then cycles = ms*cy_delayFreqKhz; prefer the upstream provider implementation and re | also: g2-touch-prefix-function-map.tsv, g2-touch-prefix-helper-evidence.tsv, g2-touch-relocated-functions.tsv	ccddf11f013fe0689e0d64677177f9ec21ebcf0f59616be7aa29603d4ce2b9a7
0x0000A324	0x0000A332	14	Cy_SysLib_DelayUs	https://github.com/Infineon/mtb-pdl-cat2/drivers/source/cy_syslib.c	Inferred	g2/tools/manifests/g2-touch-source-admission.tsv: payload+0x7024; exact uint16 microseconds * cy_delayFreqMhz then Cy_SysLib_DelayCycles | also: g2-touch-relocated-functions.tsv, g2-touch-relocated-semantic-batches.tsv	ea5dc16e63fcc13363c2c5e46bb7625701840a0842b3f6e648f11e5e8c2af831
0x0000A338	0x0000A33A	2	touch_runtime_7038_halt	runtime_touch_platform_completion.c	Inferred	g2/tools/manifests/g2-touch-platform-completion-admission.tsv: payload+0x7038; [selected_mit_platform_source] exact final authenticated function boundary represented by selected MIT runtime/system policy or source-owned generated configuration | also: g2-touch-relocated-functions.tsv, g2-touch-relocated-semantic-batches.tsv	575fc8fa9e92ffe7d57a6aef6f1168f39da04f07d6bcd5b5e17883bff7b33165
0x0000A33A	0x0000A3A4	106	power_mgmt	g2-touch-prefix-evidence-anchors	Inferred	g2/tools/manifests/g2-touch-prefix-evidence-anchors.tsv: payload+0x703A; CPUSS power-mode setter, sleep/deep-sleep WFI entries, SFLASH trim load; authenticated_code_region	57234a89b2cf1792dad138e8f0b00f84e85a19b229a6151ef94eebc9fd9d4ccf
0x0000A33C	0x0000A36E	50	power_mode_set	Infineon CAT2 PDL power API	Strong	g2/tools/manifests/g2-touch-software-readiness-functions.tsv: payload+0x703C; [upstream_apache_provider] I2C protocol power-management span; use upstream power-mode provider with notices | also: g2-touch-prefix-function-map.tsv, g2-touch-relocated-functions.tsv	eb2da152a241b25aa63a111f28be4dfd13a78b688153f4aeb29ebc17985f4656
0x0000A374	0x0000A382	14	sleep_wfi_entry	Cy_SysPm_CpuEnterSleepNoCallbacks	Strong	g2/tools/manifests/g2-touch-software-readiness-functions.tsv: payload+0x7074; [upstream_apache_provider] I2C protocol power-management span; use upstream CAT2 PDL function with notices | also: g2-touch-prefix-function-map.tsv, g2-touch-relocated-functions.tsv	27be583ca6b6872bf6faab9d3c1ffc19a593836e52837e5d3358ef93ae23a181
0x0000A388	0x0000A3A4	28	sflash_trim_load	Cy_SysPm_CpuEnterDeepSleepNoCallbacks	Strong	g2/tools/manifests/g2-touch-software-readiness-functions.tsv: payload+0x7088; [upstream_apache_provider] I2C protocol power-management span; use upstream CAT2 PDL function with notices | also: g2-touch-prefix-function-map.tsv, g2-touch-relocated-functions.tsv	1cfdf72c38722cebd5b85e35e6e7b2dfc82f64cb6618be70c229e85fc6aacc65
0x0000A3B0	0x0000A440	144	Cy_SysPm_RegisterCallback	https://github.com/Infineon/mtb-pdl-cat2/drivers/source/cy_syspm.c	Inferred	g2/tools/manifests/g2-touch-cat2-source-admission5.tsv: payload+0x70B0; validated priority-ordered doubly-linked callback root insertion | also: g2-touch-relocated-functions.tsv, g2-touch-relocated-semantic-batches.tsv	ff9bbe83f7bf4d7e8c13f6db34eb34c60f3ffcb40791f1f20401992ea4228fc7
0x0000A444	0x0000A516	210	Cy_SysPm_ExecuteCallback	https://github.com/Infineon/mtb-pdl-cat2/drivers/source/cy_syspm.c	Inferred	g2/tools/manifests/g2-touch-source-admission.tsv: payload+0x7144; forward/reverse registered-callback execution topology | also: g2-touch-relocated-functions.tsv, g2-touch-relocated-semantic-batches.tsv	8d9c95964ca38b717928c098b5a439f269ff1108d60c9af6f346bf28f300a882
0x0000A528	0x0000A582	90	Cy_SysPm_CpuEnterSleep	https://github.com/Infineon/mtb-pdl-cat2/drivers/source/cy_syspm.c	Inferred	g2/tools/manifests/g2-touch-source-admission.tsv: payload+0x7228; CHECK_READY/BEFORE/no-callback sleep/AFTER or CHECK_FAIL topology | also: g2-touch-relocated-functions.tsv, g2-touch-relocated-semantic-batches.tsv	b01d631526cd0713fcad4ce2ebc3afd9df8444d85e74be8e13965377e729b83b
0x0000A58C	0x0000A5F0	100	Cy_SysPm_CpuEnterDeepSleep	https://github.com/Infineon/mtb-pdl-cat2/drivers/source/cy_syspm.c	Inferred	g2/tools/manifests/g2-touch-source-admission.tsv: payload+0x728C; CHECK_READY/BEFORE/no-callback deep sleep/AFTER or CHECK_FAIL topology | also: g2-touch-relocated-functions.tsv, g2-touch-relocated-semantic-batches.tsv	bdd452274bebdce4e4477d1037ffefbf459b1e43c75d11423726434bc174ab18
0x0000A5F4	0x0000A618	36	Cy_SysTick_ServiceCallbacks	https://github.com/Infineon/mtb-pdl-cat2/drivers/source/cy_systick.c	Inferred	g2/tools/manifests/g2-touch-source-admission.tsv: payload+0x72F4; COUNTFLAG gate and ordered five-slot callback traversal | also: g2-touch-relocated-functions.tsv, g2-touch-relocated-semantic-batches.tsv	906e1fce8eaafa95081f67c2d866c8c796259e3f616c492a42d4e2e5b2ab94fd
0x0000A620	0x0000A634	20	Cy_SysTick_Enable	https://github.com/Infineon/mtb-pdl-cat2/drivers/source/cy_systick.c	Inferred	g2/tools/manifests/g2-touch-source-admission.tsv: payload+0x7320; sets TICKINT then ENABLE in SysTick CTRL | also: g2-touch-relocated-functions.tsv, g2-touch-relocated-semantic-batches.tsv	840421b206ab4311a51771ed1814d0d1524ea460f0ebcc93a27ec718dd0a2dbe
0x0000A638	0x0000A64A	18	Cy_SysTick_SetClockSource	https://github.com/Infineon/mtb-pdl-cat2/drivers/source/cy_systick.c	Inferred	g2/tools/manifests/g2-touch-source-admission.tsv: payload+0x7338; clear/set CLKSOURCE bit from enum value | also: g2-touch-relocated-functions.tsv, g2-touch-relocated-semantic-batches.tsv	62a12c998cd10c3f340edeb68c643e6ef6590288cd19bc6dc65eeeca469bc2c4
0x0000A650	0x0000A696	70	Cy_SysTick_Init	https://github.com/Infineon/mtb-pdl-cat2/drivers/source/cy_systick.c	Inferred	g2/tools/manifests/g2-touch-source-admission.tsv: payload+0x7350; five callbacks cleared, vector installed, clock/reload/clear/enable sequence | also: g2-touch-relocated-functions.tsv, g2-touch-relocated-semantic-batches.tsv	922d6cde0f9ca45972dd69c5c5f8d10cb87f3ea517176b413e88656b4983fbae
0x0000A6A8	0x0000A6BA	18	Cy_SysTick_SetCallback	https://github.com/Infineon/mtb-pdl-cat2/drivers/source/cy_systick.c	Inferred	g2/tools/manifests/g2-touch-source-admission.tsv: payload+0x73A8; five-slot bound, return prior callback, install replacement | also: g2-touch-relocated-functions.tsv, g2-touch-relocated-semantic-batches.tsv	b88dd21f71847063c4d508a5bece3857cdbdb019d445b6830eaf825d57efc5f3
0x0000A6C0	0x0000A7CA	266	__aeabi_uidiv	selected ARM EABI/C runtime	Strong	g2/tools/manifests/g2-touch-software-readiness-functions.tsv: payload+0x73C0; [upstream_runtime_provider] unsigned restoring division; quotient in r0; link an upstream compiler/libc implementation under its own license; do not copy stock byte | also: g2-touch-prefix-function-map.tsv, g2-touch-prefix-helper-evidence.tsv, g2-touch-relocated-functions.tsv	ebc05060fd50223e912775e546927af8692b8efe9f0c2b37185595315901dafb
0x0000A7CC	0x0000A7DC	16	__aeabi_uidivmod	selected ARM EABI/C runtime	Strong	g2/tools/manifests/g2-touch-software-readiness-functions.tsv: payload+0x74CC; [upstream_runtime_provider] zero-divisor hook or shared unsigned divider; quotient r0 and remainder r1; link an upstream compiler/libc implementation under its own  | also: g2-touch-prefix-function-map.tsv, g2-touch-prefix-helper-evidence.tsv, g2-touch-relocated-functions.tsv	3cce8c0311a5dfb271d13fda3c027c82f1c240556ca5f5a2fb61d37ecc90a437
0x0000A7D4	0x0000A9A0	460	__aeabi_idiv	selected ARM EABI/C runtime	Strong	g2/tools/manifests/g2-touch-software-readiness-functions.tsv: payload+0x74D4; [upstream_runtime_provider] signed restoring division with sign normalization; link an upstream compiler/libc implementation under its own license; do not copy stoc | also: g2-touch-prefix-function-map.tsv, g2-touch-prefix-helper-evidence.tsv, g2-touch-relocated-functions.tsv	8079a3a6403221afb30eab6b2c2dd0eea0a536dbfefa46efb32fe07785007e96
0x0000A9A0	0x0000A9B0	16	__aeabi_idivmod	selected ARM EABI/C runtime	Strong	g2/tools/manifests/g2-touch-software-readiness-functions.tsv: payload+0x76A0; [upstream_runtime_provider] zero-divisor hook or shared signed divider; quotient r0 and remainder r1; link an upstream compiler/libc implementation under its own li | also: g2-touch-prefix-function-map.tsv, g2-touch-prefix-helper-evidence.tsv, g2-touch-relocated-functions.tsv	0519656bf67ca571eec7b53aaab1c6cb54684ef0c85f5eb0ec4c73832a7b9ac2
0x0000A9A8	0x0000A9AA	2	__aeabi_idiv0	selected ARM EABI/C runtime	Strong	g2/tools/manifests/g2-touch-software-readiness-functions.tsv: payload+0x76A8; [upstream_runtime_provider] weak divide-by-zero hook leaf returning immediately; link an upstream compiler/libc implementation under its own license; do not copy st | also: g2-touch-prefix-function-map.tsv, g2-touch-prefix-helper-evidence.tsv, g2-touch-relocated-functions.tsv	c7dfbb7d02759eacb64dbc916c1bb6f21eabaff1c1032ea5c9176abf7fd28df8
0x0000A9AC	0x0000A9E2	54	exit_wrapper	g2-touch-relocated-semantic-batches	Strong	g2/tools/manifests/g2-touch-relocated-semantic-batches.tsv: payload+0x76AC; [high exact_runtime_abi_candidate exact_runtime_abi_candidate] runtime ABI behavior; optional fini hook then non-returning _exit | also: g2-touch-relocated-functions.tsv, g2-touch-source-admission.tsv	ab2206cf48496db6951d4b2730a1dfa8eebc18742f9fc7851b52810062891f63
0x0000A9D4	0x0000A9E4	16	memset	selected ARM EABI/C runtime	Strong	g2/tools/manifests/g2-touch-software-readiness-functions.tsv: payload+0x76D4; [upstream_runtime_provider] byte fill from r0 through r0+r2 with r1 and return original r0; link an upstream compiler/libc implementation under its own license; do  | also: g2-touch-prefix-function-map.tsv, g2-touch-prefix-helper-evidence.tsv, g2-touch-relocated-functions.tsv	372261a3f0e8282f41f701dfd5d2892234bbc2d9fb8c65078798c11be69a3400
0x0000A9E4	0x0000AA1C	56	__libc_init_array	g2-touch-relocated-semantic-batches	Strong	g2/tools/manifests/g2-touch-relocated-semantic-batches.tsv: payload+0x76E4; [high exact_runtime_abi_candidate exact_runtime_abi_candidate] walks preinit/init arrays through indirect calls | also: g2-touch-relocated-functions.tsv, g2-touch-source-admission.tsv	af3f65a359e82cdfb692ebd2ae063f2a27b25dd3d90365d05624aaa7d319ef27
0x0000AA2C	0x0000AA3E	18	memcpy	selected ARM EABI/C runtime	Strong	g2/tools/manifests/g2-touch-software-readiness-functions.tsv: payload+0x772C; [upstream_runtime_provider] forward byte copy of r2 bytes from r1 to r0 and return original r0; link an upstream compiler/libc implementation under its own license; | also: g2-touch-prefix-function-map.tsv, g2-touch-prefix-helper-evidence.tsv, g2-touch-relocated-functions.tsv	05508cada1cce08a14d3a0b7aac6c14bab56f11f7da13eea7f4956a51fd0cfdf
0x0000AA40	0x0000AA42	2	_exit_halt	g2-touch-relocated-semantic-batches	Strong	g2/tools/manifests/g2-touch-relocated-semantic-batches.tsv: payload+0x7740; [high exact_runtime_abi_candidate exact_runtime_abi_candidate] exact non-returning self-loop | also: g2-touch-relocated-functions.tsv, g2-touch-source-admission.tsv	575fc8fa9e92ffe7d57a6aef6f1168f39da04f07d6bcd5b5e17883bff7b33165
0x0000AA44	0x0000AA50	12	runtime_init_stub	g2-touch-relocated-semantic-batches	Strong	g2/tools/manifests/g2-touch-relocated-semantic-batches.tsv: payload+0x7744; [high exact_runtime_abi_candidate exact_runtime_abi_candidate] callee-saved-register-preserving empty startup stub | also: g2-touch-relocated-functions.tsv, g2-touch-source-admission.tsv	2034bae0c12b24c25cc89225f45f5e09ac7564f739f03f71b96fc5e1aecc0000
