# G2 Apollo unanchored-function provenance census; regenerated by tools/analyze_g2_apollo_unanchored_census.py
entry	body_start	body_end_exclusive	envelope_bytes	official_opaque_bytes	bucket	evidence	confidence	detail
0x00438504	0x00438504	0x00438604	256	256	investigation-required-no-evidence	none	none	no closed-world evidence
0x00438770	0x00438770	0x004387B0	64	64	investigation-required-no-evidence	none	none	no closed-world evidence
0x004387B0	0x004387B0	0x00438924	372	372	investigation-required-no-evidence	none	none	no closed-world evidence
0x00438924	0x00438924	0x00438BCC	680	680	investigation-required-no-evidence	none	none	no closed-world evidence
0x00438BF0	0x00438BF0	0x00438D8A	410	410	investigation-required-no-evidence	none	none	no closed-world evidence
0x00438D8A	0x00438D8A	0x00438EBA	304	304	investigation-required-no-evidence	none	none	no closed-world evidence
0x00438EBA	0x00438EBA	0x00438ED4	26	26	investigation-required-no-evidence	none	none	no closed-world evidence
0x00438ED4	0x00438ED4	0x00438EEE	26	26	investigation-required-no-evidence	none	none	no closed-world evidence
0x00438EF0	0x00438EF0	0x00438F98	168	168	investigation-required-no-evidence	none	none	no closed-world evidence
0x00438FB8	0x00438FB8	0x00439666	1710	1710	investigation-required-no-evidence	none	none	no closed-world evidence
0x004396B8	0x004396B8	0x004396C2	10	10	investigation-required-no-evidence	none	none	no closed-world evidence
0x004396C2	0x004396C2	0x00439710	78	78	investigation-required-no-evidence	none	none	no closed-world evidence
0x00439710	0x00439710	0x004397A6	150	0	investigation-required-no-evidence	none	none	no closed-world evidence
0x004397A6	0x004397A6	0x004397A8	2	2	investigation-required-no-evidence	none	none	no closed-world evidence
0x004397A8	0x004397A8	0x004397C4	28	0	investigation-required-no-evidence	none	none	no closed-world evidence
0x004397D0	0x004397D0	0x004397FA	42	42	investigation-required-no-evidence	none	none	no closed-world evidence
0x004397FA	0x004397FA	0x00439868	110	110	investigation-required-no-evidence	none	none	no closed-world evidence
0x00439868	0x00439868	0x00439BC6	862	862	investigation-required-no-evidence	none	none	no closed-world evidence
0x00439914	0x00439914	0x0043992C	24	0	investigation-required-no-evidence	none	none	no closed-world evidence
0x0043992C	0x0043992C	0x0043996C	64	0	investigation-required-no-evidence	none	none	no closed-world evidence
0x0043996C	0x0043996C	0x004399E4	120	0	investigation-required-no-evidence	none	none	no closed-world evidence
0x004399E4	0x004399E4	0x00439B12	302	0	investigation-required-no-evidence	none	none	no closed-world evidence
0x00439B12	0x00439B12	0x00439B52	64	0	investigation-required-no-evidence	none	none	no closed-world evidence
0x00439B54	0x00439B54	0x00439B78	36	0	investigation-required-no-evidence	none	none	no closed-world evidence
0x00439BE4	0x00439BE4	0x00439C8A	166	0	investigation-required-no-evidence	none	none	no closed-world evidence
0x00439C04	0x00439C04	0x00439C42	62	0	investigation-required-no-evidence	none	none	no closed-world evidence
0x00439CA4	0x00439CA4	0x00439CB2	14	0	investigation-required-no-evidence	none	none	no closed-world evidence
0x00439CB2	0x00439CB2	0x00439CC4	18	0	investigation-required-no-evidence	none	none	no closed-world evidence
0x00439CC4	0x00439CC4	0x00439CD0	12	0	investigation-required-no-evidence	none	none	no closed-world evidence
0x00439CE0	0x00439CE0	0x00439E7E	414	414	investigation-required-no-evidence	none	none	no closed-world evidence
0x00439E90	0x00439E90	0x00439E9C	12	12	investigation-required-no-evidence	none	none	no closed-world evidence
0x00439E9C	0x00439E9C	0x00439EFC	96	96	investigation-required-no-evidence	none	none	no closed-world evidence
0x00439EFC	0x00439EFC	0x00439F24	40	40	investigation-required-no-evidence	none	none	no closed-world evidence
0x00439F24	0x00439F24	0x00439F86	98	98	investigation-required-no-evidence	none	none	no closed-world evidence
0x00439F88	0x00439F88	0x00439FB4	44	44	investigation-required-no-evidence	none	none	no closed-world evidence
0x00439FB4	0x00439FB4	0x00439FE4	48	48	investigation-required-no-evidence	none	none	no closed-world evidence
0x00439FE4	0x00439FE4	0x0043A0EE	266	266	investigation-required-no-evidence	none	none	no closed-world evidence
0x0043A0F4	0x0043A0F4	0x0043A10E	26	26	investigation-required-no-evidence	none	none	no closed-world evidence
0x0043A110	0x0043A110	0x0043A11E	14	14	investigation-required-no-evidence	none	none	no closed-world evidence
0x0043A11E	0x0043A11E	0x0043A19C	126	126	investigation-required-no-evidence	none	none	no closed-world evidence
0x0043A19C	0x0043A19C	0x0043A1B0	20	20	investigation-required-no-evidence	none	none	no closed-world evidence
0x0043A1B0	0x0043A1B0	0x0043A59E	1006	1006	investigation-required-no-evidence	none	none	references peripheral registers
0x0043A5A0	0x0043A5A0	0x0043A5B0	16	16	investigation-required-no-evidence	none	none	no closed-world evidence
0x0043A5B0	0x0043A5B0	0x0043A5DC	44	44	investigation-required-no-evidence	none	none	no closed-world evidence
0x0043A5DC	0x0043A5DC	0x0043A690	180	180	investigation-required-no-evidence	none	none	no closed-world evidence
0x0043A698	0x0043A698	0x0043BA6C	5076	5076	investigation-required-no-evidence	none	none	no closed-world evidence
0x0043BA6C	0x0043BA6C	0x0043BA96	42	42	investigation-required-no-evidence	none	none	no closed-world evidence
0x0043BA98	0x0043BA98	0x0043C08E	1526	1526	investigation-required-no-evidence	none	none	no closed-world evidence
0x0043BAF4	0x0043BAF4	0x0043BB00	12	0	investigation-required-no-evidence	none	none	no closed-world evidence
0x0043BB00	0x0043BB00	0x0043BB14	20	0	investigation-required-no-evidence	none	none	no closed-world evidence
0x0043BB14	0x0043BB14	0x0043BC54	320	0	investigation-required-no-evidence	none	none	no closed-world evidence
0x0043BC58	0x0043BC58	0x0043BC82	42	0	investigation-required-no-evidence	none	none	no closed-world evidence
0x0043BC84	0x0043BC84	0x0043BE14	400	0	investigation-required-no-evidence	none	none	no closed-world evidence
0x0043BE18	0x0043BE18	0x0043BFA8	400	0	investigation-required-no-evidence	none	none	no closed-world evidence
0x0043BFAC	0x0043BFAC	0x0043BFCE	34	0	investigation-required-no-evidence	none	none	no closed-world evidence
0x0043C0B0	0x0043C0B0	0x0043C0E4	52	52	investigation-required-no-evidence	none	none	no closed-world evidence
0x0043C0E4	0x0043C0E4	0x0043C0EC	8	8	investigation-required-no-evidence	none	none	references SRAM globals; references peripheral registers
0x0043C0EC	0x0043C0EC	0x0043C14A	94	94	investigation-required-no-evidence	none	none	references SRAM globals; references peripheral registers
0x0043C260	0x0043C260	0x0043C36E	270	270	investigation-required-no-evidence	none	none	no closed-world evidence
0x0043C7CC	0x0043C7CC	0x0043C7FA	46	46	first-party	closed-module-manifest	high	function-map manifest g2-compress-log-core
0x0043C7FA	0x0043C7FA	0x0043C8D2	216	216	first-party	closed-module-manifest	high	function-map manifest g2-compress-log-core
0x0043CA50	0x0043CA50	0x0043CB84	308	308	first-party	closed-module-manifest	high	function-map manifest g2-compress-log-core
0x0043CB84	0x0043CB84	0x0043CE9E	794	794	first-party	closed-module-manifest	high	function-map manifest g2-compress-log-core
0x0043CE9E	0x0043CE9E	0x0043CF02	100	100	first-party	closed-module-manifest	high	function-map manifest g2-compress-log-core
0x0043D0C8	0x0043D0C8	0x0043D0CE	6	6	investigation-required-no-evidence	none	none	no closed-world evidence
0x0043D0CE	0x0043D0CE	0x0043D0D4	6	6	investigation-required-no-evidence	none	none	no closed-world evidence
0x0043D0DA	0x0043D0DA	0x0043D0E0	6	6	investigation-required-no-evidence	none	none	no closed-world evidence
0x0043D406	0x0043D406	0x0043D416	16	0	easylogger	link-order-sandwich	low	bracketed in link order by easylogger
0x0043D416	0x0043D416	0x0043D438	34	0	easylogger	link-order-sandwich	low	bracketed in link order by easylogger
0x0043D438	0x0043D438	0x0043D45A	34	0	easylogger	link-order-sandwich	low	bracketed in link order by easylogger
0x0043D45A	0x0043D45A	0x0043D4B0	86	0	easylogger	link-order-sandwich	low	bracketed in link order by easylogger
0x0043D9F0	0x0043D9F0	0x0043DA0A	26	0	easylogger	call-topology-single-family	medium	every closed-world call target is easylogger
0x0043DA0A	0x0043DA0A	0x0043DA24	26	0	easylogger	call-topology-single-family	medium	every closed-world call target is easylogger
0x0043DA24	0x0043DA24	0x0043DA60	60	0	investigation-required-no-evidence	none	none	no closed-world evidence
0x0043DACC	0x0043DACC	0x0043DC88	444	0	easylogger	call-topology-single-family	medium	every closed-world call target is easylogger
0x0043DCC0	0x0043DCC0	0x0043DCD2	18	18	investigation-required-no-evidence	none	none	no closed-world evidence
0x0043DCD2	0x0043DCD2	0x0043DCE0	14	14	investigation-required-no-evidence	none	none	no closed-world evidence
0x0043DCE0	0x0043DCE0	0x0043DD48	104	104	investigation-required-no-evidence	none	none	no closed-world evidence
0x0043DD48	0x0043DD48	0x0043DD4C	4	4	investigation-required-no-evidence	none	none	no closed-world evidence
0x0043DD4C	0x0043DD4C	0x0043DD52	6	6	investigation-required-no-evidence	none	none	no closed-world evidence
0x0043DD52	0x0043DD52	0x0043DD5C	10	10	lvgl	call-topology-single-family	medium	every closed-world call target is lvgl
0x0043DD5C	0x0043DD5C	0x0043DD66	10	10	lvgl	call-topology-single-family	medium	every closed-world call target is lvgl
0x0043DD66	0x0043DD66	0x0043DD72	12	12	lvgl	call-topology-single-family	medium	every closed-world call target is lvgl
0x0043DD72	0x0043DD72	0x0043DD7C	10	10	lvgl	call-topology-single-family	medium	every closed-world call target is lvgl
0x0043DD7C	0x0043DD7C	0x0043DD86	10	10	lvgl	call-topology-single-family	medium	every closed-world call target is lvgl
0x0043DD86	0x0043DD86	0x0043DD90	10	10	lvgl	call-topology-single-family	medium	every closed-world call target is lvgl
0x0043DD90	0x0043DD90	0x0043DD9A	10	10	lvgl	call-topology-single-family	medium	every closed-world call target is lvgl
0x0043DD9A	0x0043DD9A	0x0043DDA8	14	14	lvgl	call-topology-single-family	medium	every closed-world call target is lvgl
0x0043DDA8	0x0043DDA8	0x0043DDB4	12	12	lvgl	call-topology-single-family	medium	every closed-world call target is lvgl
0x0043DDB4	0x0043DDB4	0x0043DDC0	12	12	lvgl	call-topology-single-family	medium	every closed-world call target is lvgl
0x0043DDC0	0x0043DDC0	0x0043DDCC	12	12	lvgl	call-topology-single-family	medium	every closed-world call target is lvgl
0x0043DDCC	0x0043DDCC	0x0043DDD8	12	12	lvgl	call-topology-single-family	medium	every closed-world call target is lvgl
0x0043DDD8	0x0043DDD8	0x0043DDE2	10	10	lvgl	call-topology-single-family	medium	every closed-world call target is lvgl
0x0043DDE2	0x0043DDE2	0x0043DDF0	14	14	lvgl	call-topology-single-family	medium	every closed-world call target is lvgl
0x0043DDF0	0x0043DDF0	0x0043DDFC	12	12	lvgl	call-topology-single-family	medium	every closed-world call target is lvgl
0x0043DDFC	0x0043DDFC	0x0043DE06	10	10	lvgl	call-topology-single-family	medium	every closed-world call target is lvgl
0x0043DE06	0x0043DE06	0x0043DE1C	22	22	lvgl	call-topology-single-family	medium	every closed-world call target is lvgl
0x0043DE1C	0x0043DE1C	0x0043DE26	10	10	lvgl	call-topology-single-family	medium	every closed-world call target is lvgl
0x0043DE26	0x0043DE26	0x0043DE30	10	10	lvgl	call-topology-single-family	medium	every closed-world call target is lvgl
0x0043DE30	0x0043DE30	0x0043DE3E	14	14	lvgl	call-topology-single-family	medium	every closed-world call target is lvgl
0x0043DE3E	0x0043DE3E	0x0043DE4A	12	12	lvgl	call-topology-single-family	medium	every closed-world call target is lvgl
0x0043DE4A	0x0043DE4A	0x0043DE54	10	10	lvgl	call-topology-single-family	medium	every closed-world call target is lvgl
0x0043DE54	0x0043DE54	0x0043DE6A	22	22	lvgl	call-topology-single-family	medium	every closed-world call target is lvgl
0x0043DE6A	0x0043DE6A	0x0043DE76	12	12	lvgl	call-topology-single-family	medium	every closed-world call target is lvgl
0x0043DE76	0x0043DE76	0x0043DE82	12	12	lvgl	call-topology-single-family	medium	every closed-world call target is lvgl
0x0043E0C8	0x0043E0C8	0x0043E0E0	24	24	lvgl	call-topology-single-family	medium	every closed-world call target is lvgl
0x0043E2BC	0x0043E2BC	0x0043E2D4	24	24	lvgl	link-order-sandwich	low	bracketed in link order by lvgl
0x0043E2D4	0x0043E2D4	0x0043E2EA	22	22	lvgl	link-order-sandwich	low	bracketed in link order by lvgl
0x0043E2EA	0x0043E2EA	0x0043E33E	84	84	lvgl	link-order-sandwich	low	bracketed in link order by lvgl
0x0043E33E	0x0043E33E	0x0043E3DE	160	160	lvgl	call-topology-single-family	medium	every closed-world call target is lvgl
0x0043E442	0x0043E442	0x0043E63E	508	508	lvgl	call-topology-single-family	medium	every closed-world call target is lvgl
0x0043E63E	0x0043E63E	0x0043E6A6	104	104	lvgl	call-topology-single-family	medium	every closed-world call target is lvgl
0x0043E6A6	0x0043E6A6	0x0043E7D2	300	300	lvgl	link-order-sandwich	low	bracketed in link order by lvgl
0x0043E7D2	0x0043E7D2	0x0043EBEC	1050	1050	lvgl	call-topology-single-family	medium	every closed-world call target is lvgl
0x0043EE54	0x0043EE54	0x0043EE94	64	64	lvgl	link-order-sandwich	low	bracketed in link order by lvgl
0x0043EE94	0x0043EE94	0x0043EEA6	18	18	lvgl	link-order-sandwich	low	bracketed in link order by lvgl
0x0043EEA6	0x0043EEA6	0x0043EEB0	10	10	lvgl	call-topology-single-family	medium	every closed-world call target is lvgl
0x0043EEB0	0x0043EEB0	0x0043EEBA	10	10	lvgl	call-topology-single-family	medium	every closed-world call target is lvgl
0x0043EEBA	0x0043EEBA	0x0043EEC4	10	10	lvgl	call-topology-single-family	medium	every closed-world call target is lvgl
0x0043EEC4	0x0043EEC4	0x0043EECE	10	10	lvgl	call-topology-single-family	medium	every closed-world call target is lvgl
0x0043EECE	0x0043EECE	0x0043EED8	10	10	lvgl	call-topology-single-family	medium	every closed-world call target is lvgl
0x0043EED8	0x0043EED8	0x0043EEE2	10	10	lvgl	call-topology-single-family	medium	every closed-world call target is lvgl
0x0043EEE2	0x0043EEE2	0x0043EEEC	10	10	lvgl	call-topology-single-family	medium	every closed-world call target is lvgl
0x0043EEEC	0x0043EEEC	0x0043EEF6	10	10	lvgl	call-topology-single-family	medium	every closed-world call target is lvgl
0x0043EEF6	0x0043EEF6	0x0043EF02	12	12	lvgl	call-topology-single-family	medium	every closed-world call target is lvgl
0x0043EF02	0x0043EF02	0x0043EF0C	10	10	lvgl	call-topology-single-family	medium	every closed-world call target is lvgl
0x0043EF0C	0x0043EF0C	0x0043EF16	10	10	lvgl	call-topology-single-family	medium	every closed-world call target is lvgl
0x0043EF16	0x0043EF16	0x0043EF20	10	10	lvgl	call-topology-single-family	medium	every closed-world call target is lvgl
0x0043EF20	0x0043EF20	0x0043EF2A	10	10	lvgl	call-topology-single-family	medium	every closed-world call target is lvgl
0x0043EF2A	0x0043EF2A	0x0043EF34	10	10	lvgl	call-topology-single-family	medium	every closed-world call target is lvgl
0x0043EF34	0x0043EF34	0x0043EF3E	10	10	lvgl	call-topology-single-family	medium	every closed-world call target is lvgl
0x0043EF3E	0x0043EF3E	0x0043EF48	10	10	lvgl	call-topology-single-family	medium	every closed-world call target is lvgl
0x0043EF48	0x0043EF48	0x0043EF52	10	10	lvgl	call-topology-single-family	medium	every closed-world call target is lvgl
0x0043EF52	0x0043EF52	0x0043EF5C	10	10	lvgl	call-topology-single-family	medium	every closed-world call target is lvgl
0x0043EF5C	0x0043EF5C	0x0043EF66	10	10	lvgl	call-topology-single-family	medium	every closed-world call target is lvgl
0x0043EF66	0x0043EF66	0x0043EF70	10	10	lvgl	call-topology-single-family	medium	every closed-world call target is lvgl
0x0043EF70	0x0043EF70	0x0043EF7A	10	10	lvgl	call-topology-single-family	medium	every closed-world call target is lvgl
0x0043EF7A	0x0043EF7A	0x0043EF84	10	10	lvgl	call-topology-single-family	medium	every closed-world call target is lvgl
0x0043EF84	0x0043EF84	0x0043EF8E	10	10	lvgl	call-topology-single-family	medium	every closed-world call target is lvgl
0x0043EF8E	0x0043EF8E	0x0043EF98	10	10	lvgl	call-topology-single-family	medium	every closed-world call target is lvgl
0x0043EF98	0x0043EF98	0x0043EFA2	10	10	lvgl	call-topology-single-family	medium	every closed-world call target is lvgl
0x0043EFA2	0x0043EFA2	0x0043EFAE	12	12	lvgl	call-topology-single-family	medium	every closed-world call target is lvgl
0x0043EFAE	0x0043EFAE	0x0043EFBA	12	12	lvgl	call-topology-single-family	medium	every closed-world call target is lvgl
0x0043EFBA	0x0043EFBA	0x0043EFC6	12	12	lvgl	call-topology-single-family	medium	every closed-world call target is lvgl
0x0043EFC6	0x0043EFC6	0x0043EFF4	46	46	lvgl	link-order-sandwich	low	bracketed in link order by lvgl
0x0043EFF4	0x0043EFF4	0x0043F022	46	46	lvgl	link-order-sandwich	low	bracketed in link order by lvgl
0x0043F022	0x0043F022	0x0043F050	46	46	lvgl	link-order-sandwich	low	bracketed in link order by lvgl
0x0043F050	0x0043F050	0x0043F07E	46	46	lvgl	link-order-sandwich	low	bracketed in link order by lvgl
0x0043F07E	0x0043F07E	0x0043F08C	14	14	lvgl	link-order-sandwich	low	bracketed in link order by lvgl
0x0043F08C	0x0043F08C	0x0043F09A	14	14	lvgl	link-order-sandwich	low	bracketed in link order by lvgl
0x0043F612	0x0043F612	0x0043F648	54	54	lvgl	call-topology-single-family	medium	every closed-world call target is lvgl
0x0043F648	0x0043F648	0x0043F66C	36	36	lvgl	call-topology-single-family	medium	every closed-world call target is lvgl
0x0043F66C	0x0043F66C	0x0043F6AC	64	64	lvgl	call-topology-single-family	medium	every closed-world call target is lvgl
0x0043F6AC	0x0043F6AC	0x0043F6B8	12	12	lvgl	link-order-sandwich	low	bracketed in link order by lvgl
0x0043F6B8	0x0043F6B8	0x0043F6D6	30	30	lvgl	call-topology-single-family	medium	every closed-world call target is lvgl
0x0043FF44	0x0043FF44	0x0043FF5E	26	26	lvgl	call-topology-single-family	medium	every closed-world call target is lvgl
0x0043FF5E	0x0043FF5E	0x0043FF78	26	26	lvgl	call-topology-single-family	medium	every closed-world call target is lvgl
0x0043FFA0	0x0043FFA0	0x0043FFD0	48	48	lvgl	link-order-sandwich	low	bracketed in link order by lvgl
0x0043FFD0	0x0043FFD0	0x00440246	630	630	lvgl	call-topology-single-family	medium	every closed-world call target is lvgl
0x00440246	0x00440246	0x0044035E	280	280	lvgl	call-topology-single-family	medium	every closed-world call target is lvgl
0x0044035E	0x0044035E	0x004403D8	122	122	lvgl	call-topology-single-family	medium	every closed-world call target is lvgl
0x004403D8	0x004403D8	0x004403E6	14	14	lvgl	link-order-sandwich	low	bracketed in link order by lvgl
0x004403E6	0x004403E6	0x00440494	174	174	lvgl	call-topology-single-family	medium	every closed-world call target is lvgl
0x00440494	0x00440494	0x004405D4	320	320	lvgl	link-order-sandwich	low	bracketed in link order by lvgl
0x004406C4	0x004406C4	0x004407E0	284	284	lvgl	call-topology-single-family	medium	every closed-world call target is lvgl
0x004408B0	0x004408B0	0x004408D6	38	38	investigation-required-no-evidence	none	none	no closed-world evidence
0x004408D6	0x004408D6	0x00440968	146	146	investigation-required-no-evidence	none	none	references SRAM globals
0x00440968	0x00440968	0x004409FA	146	146	investigation-required-no-evidence	none	none	references SRAM globals
0x004409FA	0x004409FA	0x00440A08	14	14	investigation-required-no-evidence	none	none	no closed-world evidence
0x00440A18	0x00440A18	0x00440A1A	2	2	investigation-required-no-evidence	none	none	linker veneer
0x00440A1C	0x00440A1A	0x00440A3C	34	34	investigation-required-no-evidence	none	none	no closed-world evidence
0x00440A3C	0x00440A3C	0x00440C2E	498	498	lvgl	call-topology-single-family	medium	every closed-world call target is lvgl
0x00440C2E	0x00440C2E	0x00440D48	282	282	lvgl	call-topology-single-family	medium	every closed-world call target is lvgl
0x00440D70	0x00440D70	0x00440DDA	106	106	lvgl	call-topology-single-family	medium	every closed-world call target is lvgl
0x00440DDA	0x00440DDA	0x00440F36	348	348	investigation-required-no-evidence	none	none	references SRAM globals
0x00440F38	0x00440F38	0x00440F44	12	12	investigation-required-no-evidence	none	none	no closed-world evidence
0x00440F44	0x00440F44	0x00440FC4	128	128	investigation-required-no-evidence	none	none	no closed-world evidence
0x00440FC4	0x00440FC4	0x00440FDE	26	26	investigation-required-no-evidence	none	none	no closed-world evidence
0x00440FDE	0x00440FDE	0x00441004	38	38	investigation-required-no-evidence	none	none	no closed-world evidence
0x00441004	0x00441004	0x00441016	18	18	investigation-required-no-evidence	none	none	no closed-world evidence
0x00441016	0x00441016	0x0044102E	24	24	investigation-required-no-evidence	none	none	no closed-world evidence
0x0044102E	0x0044102E	0x0044104C	30	30	investigation-required-no-evidence	none	none	no closed-world evidence
0x0044104C	0x0044104C	0x00441068	28	28	investigation-required-no-evidence	none	none	no closed-world evidence
0x00441068	0x00441068	0x0044107C	20	20	investigation-required-no-evidence	none	none	no closed-world evidence
0x0044107C	0x0044107C	0x00441094	24	24	investigation-required-no-evidence	none	none	no closed-world evidence
0x00441094	0x00441094	0x004410A6	18	18	investigation-required-no-evidence	none	none	no closed-world evidence
0x004410A6	0x004410A6	0x004410B8	18	18	investigation-required-no-evidence	none	none	no closed-world evidence
0x004410B8	0x004410B8	0x004410EE	54	54	investigation-required-no-evidence	none	none	no closed-world evidence
0x004410EE	0x004410EE	0x00441164	118	118	investigation-required-no-evidence	none	none	no closed-world evidence
0x00441164	0x00441164	0x00441172	14	14	investigation-required-no-evidence	none	none	no closed-world evidence
0x00441180	0x00441180	0x0044118E	14	14	investigation-required-no-evidence	none	none	no closed-world evidence
0x0044118E	0x0044118E	0x0044119C	14	14	investigation-required-no-evidence	none	none	no closed-world evidence
0x0044119C	0x0044119C	0x004411AA	14	14	investigation-required-no-evidence	none	none	no closed-world evidence
0x004411AA	0x004411AA	0x004411B8	14	14	investigation-required-no-evidence	none	none	no closed-world evidence
0x004411B8	0x004411B8	0x004411C6	14	14	investigation-required-no-evidence	none	none	no closed-world evidence
0x004411C6	0x004411C6	0x004411D4	14	14	investigation-required-no-evidence	none	none	no closed-world evidence
0x004411D4	0x004411D4	0x004411E4	16	16	investigation-required-no-evidence	none	none	no closed-world evidence
0x004411E4	0x004411E4	0x004411F2	14	14	investigation-required-no-evidence	none	none	no closed-world evidence
0x004411F2	0x004411F2	0x00441200	14	14	investigation-required-no-evidence	none	none	no closed-world evidence
0x00441200	0x00441200	0x0044120E	14	14	investigation-required-no-evidence	none	none	no closed-world evidence
0x0044120E	0x0044120E	0x0044121C	14	14	investigation-required-no-evidence	none	none	no closed-world evidence
0x0044121C	0x0044121C	0x0044122A	14	14	investigation-required-no-evidence	none	none	no closed-world evidence
0x0044122A	0x0044122A	0x00441238	14	14	investigation-required-no-evidence	none	none	no closed-world evidence
0x00441238	0x00441238	0x00441246	14	14	investigation-required-no-evidence	none	none	no closed-world evidence
0x00441246	0x00441246	0x00441254	14	14	investigation-required-no-evidence	none	none	no closed-world evidence
0x00441254	0x00441254	0x00441262	14	14	investigation-required-no-evidence	none	none	no closed-world evidence
0x00441262	0x00441262	0x00441270	14	14	investigation-required-no-evidence	none	none	no closed-world evidence
0x00441270	0x00441270	0x0044127E	14	14	investigation-required-no-evidence	none	none	no closed-world evidence
0x0044127E	0x0044127E	0x0044129E	32	32	investigation-required-no-evidence	none	none	no closed-world evidence
0x0044129E	0x0044129E	0x004412AE	16	16	investigation-required-no-evidence	none	none	no closed-world evidence
0x004412AE	0x004412AE	0x004412CE	32	32	investigation-required-no-evidence	none	none	no closed-world evidence
0x004412CE	0x004412CE	0x004412DE	16	16	investigation-required-no-evidence	none	none	no closed-world evidence
0x004412EC	0x004412EC	0x0044130C	32	32	investigation-required-no-evidence	none	none	no closed-world evidence
0x0044130C	0x0044130C	0x0044131C	16	16	investigation-required-no-evidence	none	none	no closed-world evidence
0x0044131C	0x0044131C	0x0044132A	14	14	investigation-required-no-evidence	none	none	no closed-world evidence
0x0044132A	0x0044132A	0x0044133A	16	16	investigation-required-no-evidence	none	none	no closed-world evidence
0x0044133A	0x0044133A	0x00441348	14	14	investigation-required-no-evidence	none	none	no closed-world evidence
0x00441378	0x00441378	0x00441386	14	14	investigation-required-no-evidence	none	none	no closed-world evidence
0x00441386	0x00441386	0x00441394	14	14	investigation-required-no-evidence	none	none	no closed-world evidence
0x00441394	0x00441394	0x004413A2	14	14	investigation-required-no-evidence	none	none	no closed-world evidence
0x004413A2	0x004413A2	0x004413B0	14	14	investigation-required-no-evidence	none	none	no closed-world evidence
0x004413B0	0x004413B0	0x004413BE	14	14	investigation-required-no-evidence	none	none	no closed-world evidence
0x004413BE	0x004413BE	0x004413CE	16	16	investigation-required-no-evidence	none	none	no closed-world evidence
0x004413CE	0x004413CE	0x004413DE	16	16	investigation-required-no-evidence	none	none	no closed-world evidence
0x004413DE	0x004413DE	0x004413FE	32	32	investigation-required-no-evidence	none	none	no closed-world evidence
0x004413FE	0x004413FE	0x0044140E	16	16	investigation-required-no-evidence	none	none	no closed-world evidence
0x0044140E	0x0044140E	0x0044142E	32	32	investigation-required-no-evidence	none	none	no closed-world evidence
0x0044142E	0x0044142E	0x0044143E	16	16	investigation-required-no-evidence	none	none	no closed-world evidence
0x0044143E	0x0044143E	0x0044144C	14	14	investigation-required-no-evidence	none	none	no closed-world evidence
0x0044144C	0x0044144C	0x0044145A	14	14	investigation-required-no-evidence	none	none	no closed-world evidence
0x0044145A	0x0044145A	0x0044146A	16	16	investigation-required-no-evidence	none	none	no closed-world evidence
0x0044146A	0x0044146A	0x00441478	14	14	investigation-required-no-evidence	none	none	no closed-world evidence
0x00441478	0x00441478	0x00441488	16	16	investigation-required-no-evidence	none	none	no closed-world evidence
0x00441488	0x00441488	0x00441498	16	16	investigation-required-no-evidence	none	none	no closed-world evidence
0x004414A6	0x004414A6	0x004414B6	16	16	investigation-required-no-evidence	none	none	no closed-world evidence
0x004414C6	0x004414C6	0x004414D6	16	16	investigation-required-no-evidence	none	none	no closed-world evidence
0x004414D6	0x004414D6	0x004414E6	16	16	investigation-required-no-evidence	none	none	no closed-world evidence
0x004414E6	0x004414E6	0x004414F6	16	16	investigation-required-no-evidence	none	none	no closed-world evidence
0x004414F6	0x004414F6	0x00441506	16	16	investigation-required-no-evidence	none	none	no closed-world evidence
0x00441506	0x00441506	0x00441516	16	16	investigation-required-no-evidence	none	none	no closed-world evidence
0x00441516	0x00441516	0x004415CA	180	0	investigation-required-no-evidence	none	none	no closed-world evidence
0x004415CA	0x004415CA	0x00441636	108	0	investigation-required-no-evidence	none	none	no closed-world evidence
0x00441636	0x00441636	0x00441696	96	0	investigation-required-no-evidence	none	none	no closed-world evidence
0x00441696	0x00441696	0x004416B8	34	0	investigation-required-no-evidence	none	none	no closed-world evidence
0x004416B8	0x004416B8	0x004416D6	30	0	investigation-required-no-evidence	none	none	no closed-world evidence
0x004416D6	0x004416D6	0x004416F0	26	0	investigation-required-no-evidence	none	none	no closed-world evidence
0x004416F0	0x004416F0	0x00441710	32	0	investigation-required-no-evidence	none	none	no closed-world evidence
0x00441710	0x00441710	0x00441750	64	0	investigation-required-no-evidence	none	none	no closed-world evidence
0x00441750	0x00441750	0x00441790	64	0	investigation-required-no-evidence	none	none	no closed-world evidence
0x00441790	0x00441790	0x004417C2	50	0	investigation-required-no-evidence	none	none	no closed-world evidence
0x004417C2	0x004417C2	0x004417EE	44	0	investigation-required-no-evidence	none	none	no closed-world evidence
0x004417EE	0x004417EE	0x00441952	356	0	investigation-required-no-evidence	none	none	no closed-world evidence
0x00441952	0x00441952	0x00441A42	240	0	investigation-required-no-evidence	none	none	no closed-world evidence
0x00441A42	0x00441A42	0x00441B0A	200	0	investigation-required-no-evidence	none	none	no closed-world evidence
0x00441B0A	0x00441B0A	0x00441C44	314	0	investigation-required-no-evidence	none	none	no closed-world evidence
0x00441C44	0x00441C44	0x00441DA6	354	0	investigation-required-no-evidence	none	none	no closed-world evidence
0x00441DA6	0x00441DA6	0x00441E66	192	0	investigation-required-no-evidence	none	none	no closed-world evidence
0x00441E66	0x00441E66	0x00441E8A	36	0	investigation-required-no-evidence	none	none	no closed-world evidence
0x00441E8A	0x00441E8A	0x00441EA2	24	0	investigation-required-no-evidence	none	none	no closed-world evidence
0x00441EA2	0x00441EA2	0x00441EC4	34	0	investigation-required-no-evidence	none	none	no closed-world evidence
0x00441EC4	0x00441EC4	0x00441ED8	20	20	investigation-required-no-evidence	none	none	no closed-world evidence
0x00441ED8	0x00441ED8	0x00441F5E	134	0	investigation-required-no-evidence	none	none	no closed-world evidence
0x00441F5E	0x00441F5E	0x00441F88	42	0	investigation-required-no-evidence	none	none	no closed-world evidence
0x00441F88	0x00441F88	0x00441FF6	110	0	investigation-required-no-evidence	none	none	no closed-world evidence
0x00441FF6	0x00441FF6	0x00442012	28	0	investigation-required-no-evidence	none	none	no closed-world evidence
0x00442012	0x00442012	0x00442030	30	0	investigation-required-no-evidence	none	none	no closed-world evidence
0x00442030	0x00442030	0x0044207A	74	74	investigation-required-no-evidence	none	none	no closed-world evidence
0x0044207C	0x0044207C	0x004420A6	42	42	investigation-required-no-evidence	none	none	no closed-world evidence
0x004420A6	0x004420A6	0x004420BC	22	22	investigation-required-no-evidence	none	none	no closed-world evidence
0x004420BC	0x004420BC	0x004420CE	18	0	investigation-required-no-evidence	none	none	no closed-world evidence
0x004420D0	0x004420D0	0x004420E8	24	0	investigation-required-no-evidence	none	none	no closed-world evidence
0x004420E8	0x004420E8	0x00442114	44	0	investigation-required-no-evidence	none	none	no closed-world evidence
0x00442114	0x00442114	0x00442134	32	32	investigation-required-no-evidence	none	none	no closed-world evidence
0x005FA120	0x00442134	0x005FA132	1802238	0	rejected-oversized-envelope	analyzer-artifact	high	envelope exceeds the 16,384-byte trust cap; mixed data region
0x0044215A	0x0044215A	0x004421E2	136	136	investigation-required-no-evidence	none	none	no closed-world evidence
0x004421E2	0x004421E2	0x00442210	46	46	investigation-required-no-evidence	none	none	no closed-world evidence
0x00442228	0x00442228	0x00442238	16	16	investigation-required-no-evidence	none	none	no closed-world evidence
0x00442238	0x00442238	0x00442256	30	30	investigation-required-no-evidence	none	none	no closed-world evidence
0x00442256	0x00442256	0x0044227E	40	40	investigation-required-no-evidence	none	none	no closed-world evidence
0x0044227E	0x0044227E	0x0044228A	12	12	first-party	call-topology-single-family	medium	every closed-world call target is first-party
0x00442618	0x00442618	0x0044264E	54	0	first-party	closed-module-manifest	high	function-map manifest g2-display-thread
0x00442D64	0x00442D64	0x00442D86	34	0	first-party	closed-module-manifest	high	function-map manifest g2-display-thread
0x0044347A	0x0044347A	0x00443480	6	6	first-party	closed-module-manifest	high	function-map manifest g2-display-thread
0x00443484	0x00443484	0x00443496	18	18	first-party	closed-module-manifest	high	function-map manifest g2-display-thread
0x0044349C	0x0044349C	0x004434AC	16	16	first-party	closed-module-manifest	high	function-map manifest g2-display-thread
0x004434B4	0x004434B4	0x004434CC	24	24	first-party	closed-module-manifest	high	function-map manifest g2-display-thread
0x004434D0	0x004434D0	0x004434E8	24	24	first-party	closed-module-manifest	high	function-map manifest g2-display-thread
0x0044368E	0x0044368E	0x00443728	154	154	first-party	closed-module-manifest	high	function-map manifest g2-display-thread
0x004445A4	0x004445A4	0x0044466C	200	200	first-party	closed-module-manifest	high	function-map manifest g2-display-thread
0x0044466C	0x0044466C	0x00444684	24	24	first-party	closed-module-manifest	high	function-map manifest g2-display-thread
0x00444694	0x00444694	0x004446A6	18	0	first-party	closed-module-manifest	high	function-map manifest g2-display-thread
0x004446B4	0x004446B4	0x004446FE	74	0	first-party	closed-module-manifest	high	function-map manifest g2-display-thread
0x004448F4	0x004448F4	0x00444932	62	62	first-party	closed-module-manifest	high	function-map manifest g2-ota-service
0x0044494C	0x0044494C	0x00444996	74	74	first-party	closed-module-manifest	high	function-map manifest g2-ota-service
0x00444996	0x00444996	0x004449C4	46	46	first-party	closed-module-manifest	high	function-map manifest g2-ota-service
0x00444C9C	0x00444C9C	0x00444DE6	330	330	first-party	closed-module-manifest	high	function-map manifest g2-ota-service
0x00444DF0	0x00444DF0	0x00444E06	22	22	first-party	closed-module-manifest	high	function-map manifest g2-ota-service
0x00444F26	0x00444F26	0x00444F60	58	58	first-party	closed-module-manifest	high	function-map manifest g2-ota-service
0x00448670	0x00448670	0x004486BC	76	76	first-party	closed-module-manifest	high	function-map manifest g2-ota-service
0x004486BC	0x004486BC	0x004486E0	36	36	first-party	closed-module-manifest	high	function-map manifest g2-ota-service
0x004486EC	0x004486EC	0x0044871A	46	46	first-party	closed-module-manifest	high	function-map manifest g2-ota-service
0x0044871A	0x0044871A	0x00448748	46	46	first-party	closed-module-manifest	high	function-map manifest g2-ota-service
0x0044874C	0x0044874C	0x0044877A	46	46	first-party	closed-module-manifest	high	function-map manifest g2-ota-service
0x00448784	0x00448784	0x004487A4	32	32	first-party	closed-module-manifest	high	function-map manifest g2-ota-service
0x004487AC	0x004487AC	0x004487D2	38	38	first-party	closed-module-manifest	high	function-map manifest g2-ota-service
0x004488EC	0x004488EC	0x004488F4	8	8	investigation-required-no-evidence	none	none	no closed-world evidence
0x004488F4	0x004488F4	0x004488FC	8	8	investigation-required-no-evidence	none	none	no closed-world evidence
0x004488FC	0x004488FC	0x00448930	52	52	investigation-required-no-evidence	none	none	no closed-world evidence
0x00448930	0x00448930	0x00448938	8	8	investigation-required-no-evidence	none	none	no closed-world evidence
0x00448938	0x00448938	0x00448940	8	8	investigation-required-no-evidence	none	none	no closed-world evidence
0x00448940	0x00448940	0x0044895E	30	30	investigation-required-no-evidence	none	none	no closed-world evidence
0x0044895E	0x0044895E	0x004489E8	138	138	investigation-required-no-evidence	none	none	no closed-world evidence
0x004489E8	0x004489E8	0x00448A0C	36	36	investigation-required-no-evidence	none	none	no closed-world evidence
0x00448A0C	0x00448A0C	0x00448A8E	130	130	investigation-required-no-evidence	none	none	no closed-world evidence
0x00448A8E	0x00448A8E	0x00448AF0	98	98	investigation-required-no-evidence	none	none	no closed-world evidence
0x00448AF0	0x00448AF0	0x00448B96	166	166	investigation-required-no-evidence	none	none	no closed-world evidence
0x00448B96	0x00448B96	0x00448C74	222	222	investigation-required-no-evidence	none	none	no closed-world evidence
0x00448C74	0x00448C74	0x00448CAA	54	54	investigation-required-no-evidence	none	none	no closed-world evidence
0x00448CB8	0x00448CB8	0x00448CC4	12	12	investigation-required-no-evidence	none	none	no closed-world evidence
0x00448CCC	0x00448CCC	0x00448D4E	130	0	investigation-required-no-evidence	none	none	no closed-world evidence
0x00448D4E	0x00448D4E	0x00448DD2	132	0	investigation-required-no-evidence	none	none	no closed-world evidence
0x00448DD2	0x00448DD2	0x00448E2A	88	88	investigation-required-no-evidence	none	none	no closed-world evidence
0x00448E2A	0x00448E2A	0x00448E34	10	10	investigation-required-no-evidence	none	none	no closed-world evidence
0x00448E34	0x00448E34	0x00448E48	20	20	cmsis-freertos	call-topology-single-family	medium	every closed-world call target is cmsis-freertos
0x00448F7C	0x00448F7C	0x00448F90	20	20	cmsis-freertos	call-topology-single-family	medium	every closed-world call target is cmsis-freertos
0x00448F98	0x00448F98	0x00448FAC	20	20	cmsis-freertos	call-topology-single-family	medium	every closed-world call target is cmsis-freertos
0x0044900C	0x0044900C	0x0044900E	2	2	investigation-required-no-evidence	none	none	no closed-world evidence
0x0044900E	0x0044900E	0x0044903C	46	0	cmsis-freertos	closed-module-manifest	high	function-map manifest cmsis-freertos-v10.5.1-linked
0x0044903C	0x0044903C	0x0044906C	48	0	cmsis-freertos	closed-module-manifest	high	function-map manifest cmsis-freertos-v10.5.1-linked
0x0044906C	0x0044906C	0x00449094	40	0	cmsis-freertos	closed-module-manifest	high	function-map manifest cmsis-freertos-v10.5.1-linked
0x00449094	0x00449094	0x004490CC	56	0	cmsis-freertos	closed-module-manifest	high	function-map manifest cmsis-freertos-v10.5.1-linked
0x004490CC	0x004490CC	0x004490E2	22	0	cmsis-freertos	closed-module-manifest	high	function-map manifest cmsis-freertos-v10.5.1-linked
0x004490E2	0x004490E2	0x004491AA	200	0	cmsis-freertos	closed-module-manifest	high	function-map manifest cmsis-freertos-v10.5.1-linked
0x004491AA	0x004491AA	0x004491B2	8	0	cmsis-freertos	closed-module-manifest	high	function-map manifest cmsis-freertos-v10.5.1-linked
0x004491B2	0x004491B2	0x004491E4	50	0	cmsis-freertos	closed-module-manifest	high	function-map manifest cmsis-freertos-v10.5.1-linked
0x004491E4	0x004491E4	0x004491FE	26	0	cmsis-freertos	closed-module-manifest	high	function-map manifest cmsis-freertos-v10.5.1-linked
0x004491FE	0x004491FE	0x00449238	58	0	cmsis-freertos	closed-module-manifest	high	function-map manifest cmsis-freertos-v10.5.1-linked
0x00449238	0x00449238	0x004492C2	138	0	cmsis-freertos	closed-module-manifest	high	function-map manifest cmsis-freertos-v10.5.1-linked
0x004492C2	0x004492C2	0x00449376	180	0	cmsis-freertos	closed-module-manifest	high	function-map manifest cmsis-freertos-v10.5.1-linked
0x00449376	0x00449376	0x00449398	34	0	cmsis-freertos	closed-module-manifest	high	function-map manifest cmsis-freertos-v10.5.1-linked
0x00449398	0x00449398	0x004493B0	24	24	cmsis-freertos	closed-module-manifest	high	function-map manifest cmsis-freertos-v10.5.1-linked
0x004493B0	0x004493B0	0x00449498	232	0	cmsis-freertos	closed-module-manifest	high	function-map manifest cmsis-freertos-v10.5.1-linked
0x00449498	0x00449498	0x004494D8	64	0	cmsis-freertos	closed-module-manifest	high	function-map manifest cmsis-freertos-v10.5.1-linked
0x004494D8	0x004494D8	0x00449522	74	0	cmsis-freertos	closed-module-manifest	high	function-map manifest cmsis-freertos-v10.5.1-linked
0x00449522	0x00449522	0x0044953E	28	0	cmsis-freertos	closed-module-manifest	high	function-map manifest cmsis-freertos-v10.5.1-linked
0x0044953E	0x0044953E	0x00449590	82	0	cmsis-freertos	closed-module-manifest	high	function-map manifest cmsis-freertos-v10.5.1-linked
0x00449590	0x00449590	0x004495E4	84	0	cmsis-freertos	closed-module-manifest	high	function-map manifest cmsis-freertos-v10.5.1-linked
0x004495E4	0x004495E4	0x00449642	94	0	cmsis-freertos	closed-module-manifest	high	function-map manifest cmsis-freertos-v10.5.1-linked
0x00449642	0x00449642	0x00449694	82	0	cmsis-freertos	closed-module-manifest	high	function-map manifest cmsis-freertos-v10.5.1-linked
0x0044969C	0x0044969C	0x0044971C	128	0	cmsis-freertos	closed-module-manifest	high	function-map manifest cmsis-freertos-v10.5.1-linked
0x0044971C	0x0044971C	0x004497B6	154	0	cmsis-freertos	closed-module-manifest	high	function-map manifest cmsis-freertos-v10.5.1-linked
0x004497B6	0x004497B6	0x0044981C	102	0	cmsis-freertos	closed-module-manifest	high	function-map manifest cmsis-freertos-v10.5.1-linked
0x0044981C	0x0044981C	0x0044986E	82	0	cmsis-freertos	closed-module-manifest	high	function-map manifest cmsis-freertos-v10.5.1-linked
0x0044986E	0x0044986E	0x0044989A	44	0	cmsis-freertos	closed-module-manifest	high	function-map manifest cmsis-freertos-v10.5.1-linked
0x0044989A	0x0044989A	0x0044994E	180	0	cmsis-freertos	closed-module-manifest	high	function-map manifest cmsis-freertos-v10.5.1-linked
0x0044994E	0x0044994E	0x004499B8	106	0	cmsis-freertos	closed-module-manifest	high	function-map manifest cmsis-freertos-v10.5.1-linked
0x004499B8	0x004499B8	0x00449A0E	86	0	cmsis-freertos	closed-module-manifest	high	function-map manifest cmsis-freertos-v10.5.1-linked
0x00449A0E	0x00449A0E	0x00449A32	36	0	cmsis-freertos	closed-module-manifest	high	function-map manifest cmsis-freertos-v10.5.1-linked
0x00449A32	0x00449A32	0x00449ABE	140	0	cmsis-freertos	closed-module-manifest	high	function-map manifest cmsis-freertos-v10.5.1-linked
0x00449ABE	0x00449ABE	0x00449B3C	126	0	cmsis-freertos	closed-module-manifest	high	function-map manifest cmsis-freertos-v10.5.1-linked
0x00449B3C	0x00449B3C	0x00449BB6	122	0	cmsis-freertos	closed-module-manifest	high	function-map manifest cmsis-freertos-v10.5.1-linked
0x00449BBC	0x00449BBC	0x00449BC8	12	0	cmsis-freertos	closed-module-manifest	high	function-map manifest cmsis-freertos-v10.5.1-linked
0x00449BC8	0x00449BC8	0x00449BEC	36	0	cmsis-freertos	closed-module-manifest	high	function-map manifest cmsis-freertos-v10.5.1-linked
0x00449BEC	0x00449BEC	0x00449C14	40	0	cmsis-freertos	closed-module-manifest	high	function-map manifest cmsis-freertos-v10.5.1-linked
0x00449C14	0x00449C14	0x00449D3E	298	0	cmsis-freertos	closed-module-manifest	high	function-map manifest cmsis-freertos-v10.5.1-linked
0x00449D3E	0x00449D3E	0x00449DD0	146	0	cmsis-freertos	closed-module-manifest	high	function-map manifest cmsis-freertos-v10.5.1-linked
0x00449DD4	0x00449DD4	0x00449E8E	186	0	cmsis-freertos	closed-module-manifest	high	function-map manifest cmsis-freertos-v10.5.1-linked
0x00449E98	0x00449E98	0x00449EB8	32	0	cmsis-freertos	closed-module-manifest	high	function-map manifest cmsis-freertos-v10.5.1-linked
0x00449EB8	0x00449EB8	0x00449ECA	18	0	cmsis-freertos	closed-module-manifest	high	function-map manifest cmsis-freertos-v10.5.1-linked
0x00449ECA	0x00449ECA	0x00449ED2	8	0	cmsis-freertos	closed-module-manifest	high	function-map manifest cmsis-freertos-v10.5.1-linked
0x00449ED4	0x00449ED4	0x00449FDA	262	262	first-party	closed-module-manifest	high	function-map manifest g2-service-time
0x00449FDA	0x00449FDA	0x0044A100	294	294	first-party	closed-module-manifest	high	function-map manifest g2-service-time
0x0044A100	0x0044A100	0x0044A108	8	8	first-party	closed-module-manifest	high	function-map manifest g2-service-time
0x0044A108	0x0044A108	0x0044A192	138	138	first-party	closed-module-manifest	high	function-map manifest g2-service-time
0x0044A192	0x0044A192	0x0044A19A	8	8	first-party	closed-module-manifest	high	function-map manifest g2-service-time
0x0044A19A	0x0044A19A	0x0044A1C6	44	44	first-party	closed-module-manifest	high	function-map manifest g2-service-time
0x0044A1C6	0x0044A1C6	0x0044A1EA	36	36	first-party	closed-module-manifest	high	function-map manifest g2-service-time
0x0044A1EA	0x0044A1EA	0x0044A1FE	20	20	first-party	closed-module-manifest	high	function-map manifest g2-service-time
0x0044A3B4	0x0044A3B4	0x0044A3F0	60	60	first-party	closed-module-manifest	high	function-map manifest g2-service-time
0x0044A43C	0x0044A43C	0x0044A472	54	0	first-party	link-order-sandwich	low	bracketed in link order by first-party
0x0044A474	0x0044A474	0x0044A488	20	20	first-party	closed-module-manifest	high	function-map manifest g2-compress-log-port
0x0044A488	0x0044A488	0x0044A4B0	40	40	first-party	closed-module-manifest	high	function-map manifest g2-compress-log-port
0x0044A4B0	0x0044A4B0	0x0044A530	128	128	first-party	closed-module-manifest	high	function-map manifest g2-compress-log-port
0x0044A530	0x0044A530	0x0044A5E0	176	176	first-party	closed-module-manifest	high	function-map manifest g2-compress-log-port
0x0044A5E0	0x0044A5E0	0x0044A622	66	66	first-party	closed-module-manifest	high	function-map manifest g2-compress-log-port
0x0044A622	0x0044A622	0x0044A63A	24	24	first-party	closed-module-manifest	high	function-map manifest g2-compress-log-port
0x0044A71A	0x0044A71A	0x0044A78E	116	116	first-party	closed-module-manifest	high	function-map manifest g2-compress-log-port
0x0044A9AE	0x0044A9AE	0x0044A9B4	6	6	first-party	closed-module-manifest	high	function-map manifest g2-compress-log-port
0x0044AA2C	0x0044AA2C	0x0044AA40	20	20	cmsis-freertos	call-topology-single-family	medium	every closed-world call target is cmsis-freertos
0x0044AA40	0x0044AA40	0x0044AA56	22	22	cmsis-freertos	call-topology-single-family	medium	every closed-world call target is cmsis-freertos
0x0044AA56	0x0044AA56	0x0044AA68	18	18	cmsis-freertos	call-topology-single-family	medium	every closed-world call target is cmsis-freertos
0x0044AA76	0x0044AA76	0x0044AA80	10	0	investigation-required-no-evidence	none	none	no closed-world evidence
0x0044AA80	0x0044AA80	0x0044AA98	24	0	cmsis-freertos	call-topology-single-family	medium	every closed-world call target is cmsis-freertos
0x0044AA98	0x0044AA98	0x0044AAA0	8	8	investigation-required-no-evidence	none	none	no closed-world evidence
0x0044AAA0	0x0044AAA0	0x0044AAA8	8	8	investigation-required-no-evidence	none	none	no closed-world evidence
0x0044AAA8	0x0044AAA8	0x0044AAE0	56	56	investigation-required-mixed	call-topology-mixed	none	call targets span cmsis-freertos|first-party
0x0044AAE0	0x0044AAE0	0x0044AAF8	24	24	investigation-required-no-evidence	none	none	no closed-world evidence
0x0044AB14	0x0044AB14	0x0044AB1C	8	8	investigation-required-no-evidence	none	none	no closed-world evidence
0x0044AB1C	0x0044AB1C	0x0044AB24	8	8	investigation-required-no-evidence	none	none	no closed-world evidence
0x0044AB24	0x0044AB24	0x0044AB42	30	30	investigation-required-no-evidence	none	none	no closed-world evidence
0x0044AB42	0x0044AB42	0x0044B068	1318	1318	investigation-required-no-evidence	none	none	no closed-world evidence
0x0044B0AE	0x0044B0AE	0x0044B0B6	8	8	investigation-required-no-evidence	none	none	no closed-world evidence
0x0044B0B6	0x0044B0B6	0x0044B0D6	32	32	investigation-required-no-evidence	none	none	no closed-world evidence
0x0044B0D6	0x0044B0D6	0x0044B158	130	130	investigation-required-no-evidence	none	none	no closed-world evidence
0x0044B158	0x0044B158	0x0044B4F2	922	922	investigation-required-no-evidence	none	none	references SRAM globals; references peripheral registers
0x0044B5A0	0x0044B5A0	0x0044B610	112	112	investigation-required-no-evidence	none	none	no closed-world evidence
0x0044B610	0x0044B610	0x0044B63A	42	42	investigation-required-no-evidence	none	none	no closed-world evidence
0x0044B63A	0x0044B63A	0x0044B666	44	44	investigation-required-no-evidence	none	none	no closed-world evidence
0x0044B728	0x0044B728	0x0044B766	62	62	iar-dlib	call-topology-single-family	medium	every closed-world call target is iar-dlib
0x0044B76C	0x0044B76C	0x0044B7A2	54	54	iar-dlib	call-topology-single-family	medium	every closed-world call target is iar-dlib
0x0044B7A8	0x0044B7A8	0x0044B7B4	12	12	investigation-required-no-evidence	none	none	no closed-world evidence
0x0044B7B4	0x0044B7B4	0x0044B7C0	12	12	investigation-required-no-evidence	none	none	no closed-world evidence
0x0044B7C0	0x0044B7C0	0x0044B7CE	14	14	investigation-required-no-evidence	none	none	no closed-world evidence
0x0044B7CE	0x0044B7CE	0x0044B836	104	104	investigation-required-no-evidence	none	none	no closed-world evidence
0x0044B836	0x0044B836	0x0044B844	14	14	investigation-required-no-evidence	none	none	no closed-world evidence
0x0044B844	0x0044B844	0x0044B85C	24	24	investigation-required-no-evidence	none	none	no closed-world evidence
0x0044B85C	0x0044B85C	0x0044B860	4	4	investigation-required-no-evidence	none	none	no closed-world evidence
0x0044B860	0x0044B860	0x0044B866	6	6	investigation-required-no-evidence	none	none	no closed-world evidence
0x0044B866	0x0044B866	0x0044B870	10	10	lvgl	call-topology-single-family	medium	every closed-world call target is lvgl
0x0044B870	0x0044B870	0x0044B87A	10	10	lvgl	call-topology-single-family	medium	every closed-world call target is lvgl
0x0044B87A	0x0044B87A	0x0044B884	10	10	lvgl	call-topology-single-family	medium	every closed-world call target is lvgl
0x0044B884	0x0044B884	0x0044B88E	10	10	lvgl	call-topology-single-family	medium	every closed-world call target is lvgl
0x0044B88E	0x0044B88E	0x0044B898	10	10	lvgl	call-topology-single-family	medium	every closed-world call target is lvgl
0x0044B898	0x0044B898	0x0044B8A2	10	10	lvgl	call-topology-single-family	medium	every closed-world call target is lvgl
0x0044B8A2	0x0044B8A2	0x0044B8AC	10	10	lvgl	call-topology-single-family	medium	every closed-world call target is lvgl
0x0044B8AC	0x0044B8AC	0x0044B8B8	12	12	lvgl	call-topology-single-family	medium	every closed-world call target is lvgl
0x0044B8B8	0x0044B8B8	0x0044B8C4	12	12	lvgl	call-topology-single-family	medium	every closed-world call target is lvgl
0x0044B8C4	0x0044B8C4	0x0044B8D0	12	12	lvgl	call-topology-single-family	medium	every closed-world call target is lvgl
0x0044B8D0	0x0044B8D0	0x0044B8DE	14	14	lvgl	call-topology-single-family	medium	every closed-world call target is lvgl
0x0044B8DE	0x0044B8DE	0x0044B8EA	12	12	lvgl	call-topology-single-family	medium	every closed-world call target is lvgl
0x0044B8EA	0x0044B8EA	0x0044B8F6	12	12	lvgl	call-topology-single-family	medium	every closed-world call target is lvgl
0x0044B8F6	0x0044B8F6	0x0044B902	12	12	lvgl	call-topology-single-family	medium	every closed-world call target is lvgl
0x0044B902	0x0044B902	0x0044B90C	10	10	lvgl	call-topology-single-family	medium	every closed-world call target is lvgl
0x0044B90C	0x0044B90C	0x0044B91A	14	14	investigation-required-no-evidence	none	none	no closed-world evidence
0x0044BA9A	0x0044BA9A	0x0044BC3A	416	416	lvgl	call-topology-single-family	medium	every closed-world call target is lvgl
0x0044BC3A	0x0044BC3A	0x0044BC48	14	14	lvgl	link-order-sandwich	low	bracketed in link order by lvgl
0x0044BC48	0x0044BC48	0x0044BC8C	68	68	lvgl	link-order-sandwich	low	bracketed in link order by lvgl
0x0044BDE0	0x0044BDE0	0x0044BDEA	10	10	lvgl	link-order-sandwich	low	bracketed in link order by lvgl
0x0044BE4C	0x0044BE4C	0x0044BEAA	94	94	lvgl	call-topology-single-family	medium	every closed-world call target is lvgl
0x0044BEAA	0x0044BEAA	0x0044BEF2	72	72	lvgl	link-order-sandwich	low	bracketed in link order by lvgl
0x0044C178	0x0044C178	0x0044C448	720	720	lvgl	link-order-sandwich	low	bracketed in link order by lvgl
0x0044C448	0x0044C448	0x0044C47A	50	50	lvgl	link-order-sandwich	low	bracketed in link order by lvgl
0x0044C47A	0x0044C47A	0x0044C50E	148	148	lvgl	call-topology-single-family	medium	every closed-world call target is lvgl
0x0044C50E	0x0044C50E	0x0044C54A	60	60	lvgl	call-topology-single-family	medium	every closed-world call target is lvgl
0x0044C54A	0x0044C54A	0x0044C582	56	56	lvgl	link-order-sandwich	low	bracketed in link order by lvgl
0x0044C582	0x0044C582	0x0044C5D4	82	82	lvgl	call-topology-single-family	medium	every closed-world call target is lvgl
0x0044C834	0x0044C834	0x0044C970	316	316	lvgl	link-order-sandwich	low	bracketed in link order by lvgl
0x0044C970	0x0044C970	0x0044C9DC	108	108	lvgl	call-topology-single-family	medium	every closed-world call target is lvgl
0x0044C9DC	0x0044C9DC	0x0044CA18	60	60	lvgl	call-topology-single-family	medium	every closed-world call target is lvgl
0x0044CA18	0x0044CA18	0x0044CAD8	192	192	lvgl	call-topology-single-family	medium	every closed-world call target is lvgl
0x0044CC8C	0x0044CC8C	0x0044CCD8	76	76	lvgl	call-topology-single-family	medium	every closed-world call target is lvgl
0x0044CD9E	0x0044CD9E	0x0044CE2A	140	140	lvgl	link-order-sandwich	low	bracketed in link order by lvgl
0x0044CE2A	0x0044CE2A	0x0044CE2C	2	2	lvgl	link-order-sandwich	low	bracketed in link order by lvgl
0x0044CE2C	0x0044CE2C	0x0044CE8A	94	94	lvgl	link-order-sandwich	low	bracketed in link order by lvgl
0x0044CE8A	0x0044CE8A	0x0044CF60	214	214	lvgl	link-order-sandwich	low	bracketed in link order by lvgl
0x0044D0F0	0x0044D0F0	0x0044D16E	126	126	lvgl	call-topology-single-family	medium	every closed-world call target is lvgl
0x0044D16E	0x0044D16E	0x0044D19A	44	44	lvgl	link-order-sandwich	low	bracketed in link order by lvgl
0x0044D19A	0x0044D19A	0x0044D1CC	50	50	lvgl	link-order-sandwich	low	bracketed in link order by lvgl
0x0044D1CC	0x0044D1CC	0x0044D1FC	48	48	lvgl	link-order-sandwich	low	bracketed in link order by lvgl
0x0044D1FC	0x0044D1FC	0x0044D230	52	52	lvgl	link-order-sandwich	low	bracketed in link order by lvgl
0x0044D230	0x0044D230	0x0044D232	2	2	lvgl	link-order-sandwich	low	bracketed in link order by lvgl
0x0044D234	0x0044D232	0x0044D252	32	32	lvgl	link-order-sandwich	low	bracketed in link order by lvgl
0x0044D254	0x0044D254	0x0044D25C	8	8	lvgl	link-order-sandwich	low	bracketed in link order by lvgl
0x0044D25C	0x0044D25C	0x0044D31E	194	194	lvgl	link-order-sandwich	low	bracketed in link order by lvgl
0x0044D32C	0x0044D32C	0x0044D33A	14	14	lvgl	link-order-sandwich	low	bracketed in link order by lvgl
0x0044D33A	0x0044D33A	0x0044D342	8	8	lvgl	link-order-sandwich	low	bracketed in link order by lvgl
0x0044D3B2	0x0044D3B2	0x0044D45C	170	170	lvgl	call-topology-single-family	medium	every closed-world call target is lvgl
0x0044D58C	0x0044D58C	0x0044D5A4	24	24	lvgl	link-order-sandwich	low	bracketed in link order by lvgl
0x0044D5A4	0x0044D5A4	0x0044D5B8	20	20	lvgl	link-order-sandwich	low	bracketed in link order by lvgl
0x0044D5F8	0x0044D5F8	0x0044D63A	66	66	lvgl	call-topology-single-family	medium	every closed-world call target is lvgl
0x0044D63A	0x0044D63A	0x0044D77A	320	320	lvgl	call-topology-single-family	medium	every closed-world call target is lvgl
0x0044D77A	0x0044D77A	0x0044D7B6	60	60	lvgl	link-order-sandwich	low	bracketed in link order by lvgl
0x0044DF60	0x0044DF60	0x0044DF80	32	32	lvgl	link-order-sandwich	low	bracketed in link order by lvgl
0x0044DF80	0x0044DF80	0x0044E13A	442	442	lvgl	call-topology-single-family	medium	every closed-world call target is lvgl
0x0044E21C	0x0044E21C	0x0044E226	10	10	lvgl	call-topology-single-family	medium	every closed-world call target is lvgl
0x0044E226	0x0044E226	0x0044E230	10	10	lvgl	call-topology-single-family	medium	every closed-world call target is lvgl
0x0044E230	0x0044E230	0x0044E23A	10	10	lvgl	call-topology-single-family	medium	every closed-world call target is lvgl
0x0044E23A	0x0044E23A	0x0044E244	10	10	lvgl	call-topology-single-family	medium	every closed-world call target is lvgl
0x0044E244	0x0044E244	0x0044E24E	10	10	lvgl	call-topology-single-family	medium	every closed-world call target is lvgl
0x0044E24E	0x0044E24E	0x0044E258	10	10	lvgl	call-topology-single-family	medium	every closed-world call target is lvgl
0x0044E258	0x0044E258	0x0044E262	10	10	lvgl	call-topology-single-family	medium	every closed-world call target is lvgl
0x0044E262	0x0044E262	0x0044E26C	10	10	lvgl	call-topology-single-family	medium	every closed-world call target is lvgl
0x0044E26C	0x0044E26C	0x0044E276	10	10	lvgl	call-topology-single-family	medium	every closed-world call target is lvgl
0x0044E276	0x0044E276	0x0044E282	12	12	lvgl	call-topology-single-family	medium	every closed-world call target is lvgl
0x0044E282	0x0044E282	0x0044E28E	12	12	lvgl	call-topology-single-family	medium	every closed-world call target is lvgl
0x0044E28E	0x0044E28E	0x0044E298	10	10	lvgl	call-topology-single-family	medium	every closed-world call target is lvgl
0x0044E298	0x0044E298	0x0044E2A4	12	12	lvgl	call-topology-single-family	medium	every closed-world call target is lvgl
0x0044E2A4	0x0044E2A4	0x0044E2B0	12	12	lvgl	call-topology-single-family	medium	every closed-world call target is lvgl
0x0044E2B0	0x0044E2B0	0x0044E2DE	46	46	lvgl	link-order-sandwich	low	bracketed in link order by lvgl
0x0044E2DE	0x0044E2DE	0x0044E30C	46	46	lvgl	link-order-sandwich	low	bracketed in link order by lvgl
0x0044E30C	0x0044E30C	0x0044E33A	46	46	lvgl	link-order-sandwich	low	bracketed in link order by lvgl
0x0044E33A	0x0044E33A	0x0044E368	46	46	lvgl	link-order-sandwich	low	bracketed in link order by lvgl
0x0044E3CA	0x0044E3CA	0x0044E3F8	46	46	lvgl	call-topology-single-family	medium	every closed-world call target is lvgl
0x0044E3F8	0x0044E3F8	0x0044E412	26	26	lvgl	call-topology-single-family	medium	every closed-world call target is lvgl
0x0044E412	0x0044E412	0x0044E42C	26	26	lvgl	call-topology-single-family	medium	every closed-world call target is lvgl
0x0044E42C	0x0044E42C	0x0044E442	22	22	lvgl	link-order-sandwich	low	bracketed in link order by lvgl
0x0044E442	0x0044E442	0x0044E45A	24	24	lvgl	link-order-sandwich	low	bracketed in link order by lvgl
0x0044E45A	0x0044E45A	0x0044E470	22	22	lvgl	link-order-sandwich	low	bracketed in link order by lvgl
0x0044E470	0x0044E470	0x0044E486	22	22	lvgl	link-order-sandwich	low	bracketed in link order by lvgl
0x0044E486	0x0044E486	0x0044E498	18	18	lvgl	link-order-sandwich	low	bracketed in link order by lvgl
0x0044E498	0x0044E498	0x0044E4AA	18	18	lvgl	link-order-sandwich	low	bracketed in link order by lvgl
0x0044E4AA	0x0044E4AA	0x0044E4BC	18	18	lvgl	link-order-sandwich	low	bracketed in link order by lvgl
0x0044E75E	0x0044E75E	0x0044E79E	64	64	lvgl	link-order-sandwich	low	bracketed in link order by lvgl
0x0044E79E	0x0044E79E	0x0044E884	230	230	lvgl	call-topology-single-family	medium	every closed-world call target is lvgl
0x0044E884	0x0044E884	0x0044E9BA	310	310	lvgl	call-topology-single-family	medium	every closed-world call target is lvgl
0x0044E9BA	0x0044E9BA	0x0044E9DA	32	32	lvgl	link-order-sandwich	low	bracketed in link order by lvgl
0x0044E9DA	0x0044E9DA	0x0044EA04	42	42	lvgl	link-order-sandwich	low	bracketed in link order by lvgl
0x0044EA04	0x0044EA04	0x0044EA2E	42	42	lvgl	link-order-sandwich	low	bracketed in link order by lvgl
0x0044EA2E	0x0044EA2E	0x0044EA56	40	40	lvgl	link-order-sandwich	low	bracketed in link order by lvgl
0x0044EA56	0x0044EA56	0x0044EA98	66	66	lvgl	call-topology-single-family	medium	every closed-world call target is lvgl
0x0044EA98	0x0044EA98	0x0044EAF2	90	90	lvgl	call-topology-single-family	medium	every closed-world call target is lvgl
0x0044EB28	0x0044EB28	0x0044F2CA	1954	1954	lvgl	call-topology-single-family	medium	every closed-world call target is lvgl
0x0044F2CA	0x0044F2CA	0x0044F316	76	76	lvgl	call-topology-single-family	medium	every closed-world call target is lvgl
0x0044F316	0x0044F316	0x0044F3B6	160	160	lvgl	call-topology-single-family	medium	every closed-world call target is lvgl
0x0044F40C	0x0044F40C	0x0044F704	760	760	lvgl	call-topology-single-family	medium	every closed-world call target is lvgl
0x0044F70C	0x0044F70C	0x0044F718	12	12	lvgl	link-order-sandwich	low	bracketed in link order by lvgl
0x0044F718	0x0044F718	0x0044F730	24	0	lvgl	link-order-sandwich	low	bracketed in link order by lvgl
0x0044F730	0x0044F730	0x0044F758	40	40	lvgl	link-order-sandwich	low	bracketed in link order by lvgl
0x0044F758	0x0044F758	0x0044F76A	18	0	lvgl	link-order-sandwich	low	bracketed in link order by lvgl
0x0044F7B4	0x0044F7B4	0x0044F7C0	12	12	lvgl	link-order-sandwich	low	bracketed in link order by lvgl
0x0044FA1A	0x0044FA1A	0x0044FA22	8	8	lvgl	link-order-sandwich	low	bracketed in link order by lvgl
0x0044FA22	0x0044FA22	0x0044FA3E	28	28	lvgl	link-order-sandwich	low	bracketed in link order by lvgl
0x0044FA3E	0x0044FA3E	0x0044FA5E	32	32	lvgl	call-topology-single-family	medium	every closed-world call target is lvgl
0x0044FA5E	0x0044FA5E	0x0044FA7E	32	32	lvgl	call-topology-single-family	medium	every closed-world call target is lvgl
0x0044FA7E	0x0044FA7E	0x0044FAA8	42	42	lvgl	link-order-sandwich	low	bracketed in link order by lvgl
0x0044FAA8	0x0044FAA8	0x0044FAD2	42	42	lvgl	link-order-sandwich	low	bracketed in link order by lvgl
0x0044FAD2	0x0044FAD2	0x0044FB10	62	62	lvgl	link-order-sandwich	low	bracketed in link order by lvgl
0x0044FB10	0x0044FB10	0x0044FB4E	62	62	lvgl	link-order-sandwich	low	bracketed in link order by lvgl
0x0044FB4E	0x0044FB4E	0x0044FB9A	76	76	lvgl	link-order-sandwich	low	bracketed in link order by lvgl
0x0044FB9A	0x0044FB9A	0x0044FBE6	76	76	lvgl	link-order-sandwich	low	bracketed in link order by lvgl
0x0044FBE6	0x0044FBE6	0x0044FBFC	22	22	lvgl	link-order-sandwich	low	bracketed in link order by lvgl
0x0044FBFC	0x0044FBFC	0x0044FC18	28	28	lvgl	link-order-sandwich	low	bracketed in link order by lvgl
0x0044FC18	0x0044FC18	0x0044FC2E	22	22	lvgl	link-order-sandwich	low	bracketed in link order by lvgl
0x0044FC2E	0x0044FC2E	0x0044FC42	20	20	lvgl	link-order-sandwich	low	bracketed in link order by lvgl
0x0044FC42	0x0044FC42	0x0044FC52	16	16	lvgl	link-order-sandwich	low	bracketed in link order by lvgl
0x0044FC52	0x0044FC52	0x0044FC62	16	16	lvgl	link-order-sandwich	low	bracketed in link order by lvgl
0x0044FDBE	0x0044FDBE	0x0044FE0E	80	80	lvgl	link-order-sandwich	low	bracketed in link order by lvgl
0x0044FE7E	0x0044FE7E	0x0044FE8E	16	16	lvgl	link-order-sandwich	low	bracketed in link order by lvgl
0x0044FF38	0x0044FF38	0x0044FF44	12	12	lvgl	call-topology-single-family	medium	every closed-world call target is lvgl
0x0044FFCC	0x0044FFCC	0x0044FFD0	4	4	lvgl	link-order-sandwich	low	bracketed in link order by lvgl
0x0044FFD0	0x0044FFD0	0x0044FFDC	12	12	lvgl	link-order-sandwich	low	bracketed in link order by lvgl
0x0044FFDC	0x0044FFDC	0x0044FFE6	10	10	lvgl	link-order-sandwich	low	bracketed in link order by lvgl
0x0044FFE6	0x0044FFE6	0x004500E4	254	254	lvgl	link-order-sandwich	low	bracketed in link order by lvgl
0x00450286	0x00450286	0x0045028E	8	8	lvgl	link-order-sandwich	low	bracketed in link order by lvgl
0x0045028E	0x0045028E	0x004502B2	36	36	lvgl	link-order-sandwich	low	bracketed in link order by lvgl
0x004502E0	0x004502E0	0x00450346	102	102	lvgl	call-topology-single-family	medium	every closed-world call target is lvgl
0x00450346	0x00450346	0x0045036C	38	38	lvgl	link-order-sandwich	low	bracketed in link order by lvgl
0x0045036C	0x0045036C	0x0045037E	18	18	lvgl	link-order-sandwich	low	bracketed in link order by lvgl
0x0045037E	0x0045037E	0x00450388	10	10	lvgl	link-order-sandwich	low	bracketed in link order by lvgl
0x00450388	0x00450388	0x00450390	8	8	lvgl	link-order-sandwich	low	bracketed in link order by lvgl
0x00450390	0x00450390	0x00450398	8	8	lvgl	call-topology-single-family	medium	every closed-world call target is lvgl
0x00450398	0x00450398	0x004503A4	12	12	lvgl	link-order-sandwich	low	bracketed in link order by lvgl
0x004503A4	0x004503A4	0x004503D6	50	50	lvgl	call-topology-single-family	medium	every closed-world call target is lvgl
0x004503D6	0x004503D6	0x00450408	50	50	lvgl	link-order-sandwich	low	bracketed in link order by lvgl
0x00450500	0x00450500	0x00450566	102	102	lvgl	link-order-sandwich	low	bracketed in link order by lvgl
0x00450566	0x00450566	0x004505A2	60	60	lvgl	link-order-sandwich	low	bracketed in link order by lvgl
0x00450634	0x00450634	0x0045065A	38	38	lvgl	link-order-sandwich	low	bracketed in link order by lvgl
0x004506CE	0x004506CE	0x004506DA	12	12	lvgl	link-order-sandwich	low	bracketed in link order by lvgl
0x004506DA	0x004506DA	0x004506E8	14	14	lvgl	link-order-sandwich	low	bracketed in link order by lvgl
0x004506E8	0x004506E8	0x004506FC	20	20	lvgl	link-order-sandwich	low	bracketed in link order by lvgl
0x004506FC	0x004506FC	0x00450758	92	92	lvgl	link-order-sandwich	low	bracketed in link order by lvgl
0x00450758	0x00450758	0x00450910	440	440	lvgl	link-order-sandwich	low	bracketed in link order by lvgl
0x00450910	0x00450910	0x004509DA	202	202	lvgl	link-order-sandwich	low	bracketed in link order by lvgl
0x004509DA	0x004509DA	0x00450A04	42	42	lvgl	call-topology-single-family	medium	every closed-world call target is lvgl
0x00450A04	0x00450A04	0x00450A3E	58	58	lvgl	link-order-sandwich	low	bracketed in link order by lvgl
0x00450A3E	0x00450A3E	0x00450A74	54	54	lvgl	link-order-sandwich	low	bracketed in link order by lvgl
0x00450A74	0x00450A74	0x00450B0C	152	152	lvgl	link-order-sandwich	low	bracketed in link order by lvgl
0x00450B0C	0x00450B0C	0x00450B2E	34	34	lvgl	link-order-sandwich	low	bracketed in link order by lvgl
0x00450B5C	0x00450B5C	0x00450B6C	16	16	lvgl	link-order-sandwich	low	bracketed in link order by lvgl
0x00450B6C	0x00450B6C	0x00450B76	10	10	lvgl	link-order-sandwich	low	bracketed in link order by lvgl
0x00450B76	0x00450B76	0x00450B80	10	10	lvgl	link-order-sandwich	low	bracketed in link order by lvgl
0x00450B80	0x00450B80	0x00450B98	24	24	lvgl	link-order-sandwich	low	bracketed in link order by lvgl
0x00450B98	0x00450B98	0x00450BB2	26	26	lvgl	link-order-sandwich	low	bracketed in link order by lvgl
0x00450BB2	0x00450BB2	0x00450BCC	26	26	lvgl	link-order-sandwich	low	bracketed in link order by lvgl
0x00450BCC	0x00450BCC	0x00450C2A	94	94	lvgl	link-order-sandwich	low	bracketed in link order by lvgl
0x00450C2A	0x00450C2A	0x00450D8E	356	356	lvgl	link-order-sandwich	low	bracketed in link order by lvgl
0x00450D8E	0x00450D8E	0x00450DD4	70	70	lvgl	link-order-sandwich	low	bracketed in link order by lvgl
0x00450DD4	0x00450DD4	0x00450F00	300	300	lvgl	link-order-sandwich	low	bracketed in link order by lvgl
0x00450F00	0x00450F00	0x00450F28	40	40	lvgl	link-order-sandwich	low	bracketed in link order by lvgl
0x00450F28	0x00450F28	0x00450FDA	178	178	lvgl	link-order-sandwich	low	bracketed in link order by lvgl
0x00450FDA	0x00450FDA	0x00451082	168	168	lvgl	link-order-sandwich	low	bracketed in link order by lvgl
0x00451082	0x00451082	0x004513AE	812	812	lvgl	link-order-sandwich	low	bracketed in link order by lvgl
0x004513AE	0x004513AE	0x004513C8	26	26	lvgl	link-order-sandwich	low	bracketed in link order by lvgl
0x004513C8	0x004513C8	0x00451598	464	464	lvgl	link-order-sandwich	low	bracketed in link order by lvgl
0x00451598	0x00451598	0x004515A4	12	12	lvgl	link-order-sandwich	low	bracketed in link order by lvgl
0x004515A4	0x004515A4	0x004515B0	12	12	lvgl	link-order-sandwich	low	bracketed in link order by lvgl
0x004515B0	0x004515B0	0x004515D2	34	34	lvgl	link-order-sandwich	low	bracketed in link order by lvgl
0x004515D2	0x004515D2	0x004515F6	36	36	lvgl	link-order-sandwich	low	bracketed in link order by lvgl
0x00451600	0x00451600	0x0045163C	60	60	lvgl	link-order-sandwich	low	bracketed in link order by lvgl
0x0045163C	0x0045163C	0x00451670	52	52	lvgl	link-order-sandwich	low	bracketed in link order by lvgl
0x004516F8	0x004516F8	0x00451740	72	72	lvgl	link-order-sandwich	low	bracketed in link order by lvgl
0x00451A6C	0x00451A6C	0x00451B34	200	200	lvgl	call-topology-single-family	medium	every closed-world call target is lvgl
0x00451B34	0x00451B34	0x00451B8E	90	90	lvgl	call-topology-single-family	medium	every closed-world call target is lvgl
0x00451B90	0x00451B90	0x00451B9C	12	12	lvgl	link-order-sandwich	low	bracketed in link order by lvgl
0x00451B9C	0x00451B9C	0x00451C3A	158	158	lvgl	link-order-sandwich	low	bracketed in link order by lvgl
0x00451C3A	0x00451C3A	0x00451C52	24	24	lvgl	link-order-sandwich	low	bracketed in link order by lvgl
0x004522D4	0x004522D4	0x004522DE	10	10	lvgl	call-topology-single-family	medium	every closed-world call target is lvgl
0x004522DE	0x004522DE	0x004522E8	10	10	lvgl	call-topology-single-family	medium	every closed-world call target is lvgl
0x004522E8	0x004522E8	0x00452308	32	32	lvgl	call-topology-single-family	medium	every closed-world call target is lvgl
0x00452308	0x00452308	0x00452314	12	12	lvgl	call-topology-single-family	medium	every closed-world call target is lvgl
0x00452314	0x00452314	0x00452334	32	32	lvgl	call-topology-single-family	medium	every closed-world call target is lvgl
0x00452334	0x00452334	0x00452340	12	12	lvgl	call-topology-single-family	medium	every closed-world call target is lvgl
0x00452340	0x00452340	0x0045234A	10	10	lvgl	call-topology-single-family	medium	every closed-world call target is lvgl
0x0045234A	0x0045234A	0x00452354	10	10	lvgl	call-topology-single-family	medium	every closed-world call target is lvgl
0x00452354	0x00452354	0x00452360	12	12	lvgl	call-topology-single-family	medium	every closed-world call target is lvgl
0x00452360	0x00452360	0x0045236C	12	12	lvgl	call-topology-single-family	medium	every closed-world call target is lvgl
0x0045236C	0x0045236C	0x00452376	10	10	lvgl	call-topology-single-family	medium	every closed-world call target is lvgl
0x00452376	0x00452376	0x00452380	10	10	lvgl	call-topology-single-family	medium	every closed-world call target is lvgl
0x00452380	0x00452380	0x0045238C	12	12	lvgl	call-topology-single-family	medium	every closed-world call target is lvgl
0x0045238C	0x0045238C	0x004523AC	32	32	lvgl	call-topology-single-family	medium	every closed-world call target is lvgl
0x004523AC	0x004523AC	0x004523B8	12	12	lvgl	call-topology-single-family	medium	every closed-world call target is lvgl
0x004523B8	0x004523B8	0x004523CE	22	22	lvgl	call-topology-single-family	medium	every closed-world call target is lvgl
0x004523CE	0x004523CE	0x004523EE	32	32	lvgl	call-topology-single-family	medium	every closed-world call target is lvgl
0x004523EE	0x004523EE	0x004523FA	12	12	lvgl	call-topology-single-family	medium	every closed-world call target is lvgl
0x004523FA	0x004523FA	0x00452404	10	10	lvgl	call-topology-single-family	medium	every closed-world call target is lvgl
0x00452404	0x00452404	0x00452410	12	12	lvgl	call-topology-single-family	medium	every closed-world call target is lvgl
0x00452410	0x00452410	0x0045241A	10	10	lvgl	call-topology-single-family	medium	every closed-world call target is lvgl
0x0045241A	0x0045241A	0x0045243A	32	32	lvgl	call-topology-single-family	medium	every closed-world call target is lvgl
0x0045243A	0x0045243A	0x00452446	12	12	lvgl	call-topology-single-family	medium	every closed-world call target is lvgl
0x00452446	0x00452446	0x00452450	10	10	lvgl	call-topology-single-family	medium	every closed-world call target is lvgl
0x00452450	0x00452450	0x0045245A	10	10	lvgl	call-topology-single-family	medium	every closed-world call target is lvgl
0x0045245A	0x0045245A	0x00452464	10	10	lvgl	call-topology-single-family	medium	every closed-world call target is lvgl
0x00452464	0x00452464	0x0045246E	10	10	lvgl	call-topology-single-family	medium	every closed-world call target is lvgl
0x0045246E	0x0045246E	0x00452478	10	10	lvgl	call-topology-single-family	medium	every closed-world call target is lvgl
0x00452478	0x00452478	0x00452498	32	32	lvgl	call-topology-single-family	medium	every closed-world call target is lvgl
0x00452498	0x00452498	0x004524A4	12	12	lvgl	call-topology-single-family	medium	every closed-world call target is lvgl
0x004524A4	0x004524A4	0x004524B0	12	12	lvgl	call-topology-single-family	medium	every closed-world call target is lvgl
0x004524B0	0x004524B0	0x004524D0	32	32	lvgl	call-topology-single-family	medium	every closed-world call target is lvgl
0x004524D0	0x004524D0	0x004524DC	12	12	lvgl	call-topology-single-family	medium	every closed-world call target is lvgl
0x004524DC	0x004524DC	0x004524E6	10	10	lvgl	call-topology-single-family	medium	every closed-world call target is lvgl
0x004524E6	0x004524E6	0x004524F0	10	10	lvgl	call-topology-single-family	medium	every closed-world call target is lvgl
0x004524F0	0x004524F0	0x004524FA	10	10	lvgl	call-topology-single-family	medium	every closed-world call target is lvgl
0x004524FA	0x004524FA	0x00452510	22	22	lvgl	call-topology-single-family	medium	every closed-world call target is lvgl
0x00452510	0x00452510	0x00452530	32	32	lvgl	call-topology-single-family	medium	every closed-world call target is lvgl
0x00452530	0x00452530	0x0045253C	12	12	lvgl	call-topology-single-family	medium	every closed-world call target is lvgl
0x0045253C	0x0045253C	0x00452546	10	10	lvgl	call-topology-single-family	medium	every closed-world call target is lvgl
0x00452546	0x00452546	0x0045255C	22	22	lvgl	call-topology-single-family	medium	every closed-world call target is lvgl
0x0045255C	0x0045255C	0x0045257C	32	32	lvgl	call-topology-single-family	medium	every closed-world call target is lvgl
0x0045257C	0x0045257C	0x00452588	12	12	lvgl	call-topology-single-family	medium	every closed-world call target is lvgl
0x00452588	0x00452588	0x00452592	10	10	lvgl	call-topology-single-family	medium	every closed-world call target is lvgl
0x00452592	0x00452592	0x004525B2	32	32	lvgl	call-topology-single-family	medium	every closed-world call target is lvgl
0x004525B2	0x004525B2	0x004525BE	12	12	lvgl	call-topology-single-family	medium	every closed-world call target is lvgl
0x004525BE	0x004525BE	0x004525C8	10	10	lvgl	call-topology-single-family	medium	every closed-world call target is lvgl
0x004525C8	0x004525C8	0x004525D2	10	10	lvgl	call-topology-single-family	medium	every closed-world call target is lvgl
0x004525D2	0x004525D2	0x004525DC	10	10	lvgl	call-topology-single-family	medium	every closed-world call target is lvgl
0x004525DC	0x004525DC	0x004525E8	12	12	lvgl	call-topology-single-family	medium	every closed-world call target is lvgl
0x004525E8	0x004525E8	0x004525F4	12	12	lvgl	call-topology-single-family	medium	every closed-world call target is lvgl
0x004525F4	0x004525F4	0x004525FE	10	10	lvgl	call-topology-single-family	medium	every closed-world call target is lvgl
0x004525FE	0x004525FE	0x0045260A	12	12	lvgl	call-topology-single-family	medium	every closed-world call target is lvgl
0x0045260A	0x0045260A	0x00452616	12	12	lvgl	call-topology-single-family	medium	every closed-world call target is lvgl
0x00452616	0x00452616	0x00452988	882	882	lvgl	link-order-sandwich	low	bracketed in link order by lvgl
0x00452988	0x00452988	0x00452A34	172	172	lvgl	link-order-sandwich	low	bracketed in link order by lvgl
0x00452A34	0x00452A34	0x00452B0E	218	218	lvgl	link-order-sandwich	low	bracketed in link order by lvgl
0x00452B0E	0x00452B0E	0x00452BCA	188	188	lvgl	link-order-sandwich	low	bracketed in link order by lvgl
0x00452BCA	0x00452BCA	0x00452C66	156	156	lvgl	link-order-sandwich	low	bracketed in link order by lvgl
0x00452C66	0x00452C66	0x00452D42	220	220	lvgl	link-order-sandwich	low	bracketed in link order by lvgl
0x00452DC8	0x00452DC8	0x00452DD8	16	16	lvgl	link-order-sandwich	low	bracketed in link order by lvgl
0x00452DD8	0x00452DD8	0x00452DF0	24	24	lvgl	link-order-sandwich	low	bracketed in link order by lvgl
0x00452DF0	0x00452DF0	0x00452E22	50	50	lvgl	link-order-sandwich	low	bracketed in link order by lvgl
0x00452E22	0x00452E22	0x00452E68	70	70	lvgl	link-order-sandwich	low	bracketed in link order by lvgl
0x00452E68	0x00452E68	0x00452ED0	104	104	lvgl	link-order-sandwich	low	bracketed in link order by lvgl
0x00452ED0	0x00452ED0	0x00452EDC	12	12	lvgl	link-order-sandwich	low	bracketed in link order by lvgl
0x00452EDC	0x00452EDC	0x00452EF8	28	28	lvgl	link-order-sandwich	low	bracketed in link order by lvgl
0x00452EF8	0x00452EF8	0x00452F00	8	8	lvgl	link-order-sandwich	low	bracketed in link order by lvgl
0x00452F00	0x00452F00	0x00452F0C	12	12	lvgl	link-order-sandwich	low	bracketed in link order by lvgl
0x00452F0C	0x00452F0C	0x00452F18	12	12	lvgl	link-order-sandwich	low	bracketed in link order by lvgl
0x00452F18	0x00452F18	0x00452F26	14	14	lvgl	link-order-sandwich	low	bracketed in link order by lvgl
0x00452F26	0x00452F26	0x00452F5E	56	56	lvgl	link-order-sandwich	low	bracketed in link order by lvgl
0x00452F5E	0x00452F5E	0x00452F8C	46	46	lvgl	link-order-sandwich	low	bracketed in link order by lvgl
0x00452F8C	0x00452F8C	0x00452FAE	34	34	lvgl	link-order-sandwich	low	bracketed in link order by lvgl
0x00452FAE	0x00452FAE	0x00452FCA	28	28	lvgl	link-order-sandwich	low	bracketed in link order by lvgl
0x00452FCA	0x00452FCA	0x00452FEC	34	34	lvgl	link-order-sandwich	low	bracketed in link order by lvgl
0x00452FEC	0x00452FEC	0x00452FFA	14	14	lvgl	link-order-sandwich	low	bracketed in link order by lvgl
0x00452FFA	0x00452FFA	0x00453002	8	8	lvgl	link-order-sandwich	low	bracketed in link order by lvgl
0x00453002	0x00453002	0x00453052	80	80	lvgl	link-order-sandwich	low	bracketed in link order by lvgl
0x0045305C	0x0045305C	0x004530F6	154	154	lvgl	call-topology-single-family	medium	every closed-world call target is lvgl
0x004530FC	0x004530FC	0x0045310E	18	18	lvgl	link-order-sandwich	low	bracketed in link order by lvgl
0x0045310E	0x0045310E	0x0045311A	12	12	lvgl	link-order-sandwich	low	bracketed in link order by lvgl
0x0045311A	0x0045311A	0x00453124	10	10	lvgl	call-topology-single-family	medium	every closed-world call target is lvgl
0x00453124	0x00453124	0x0045312E	10	10	lvgl	call-topology-single-family	medium	every closed-world call target is lvgl
0x0045312E	0x0045312E	0x00453138	10	10	lvgl	call-topology-single-family	medium	every closed-world call target is lvgl
0x00453138	0x00453138	0x00453142	10	10	lvgl	call-topology-single-family	medium	every closed-world call target is lvgl
0x00453142	0x00453142	0x0045314C	10	10	lvgl	call-topology-single-family	medium	every closed-world call target is lvgl
0x0045314C	0x0045314C	0x00453156	10	10	lvgl	call-topology-single-family	medium	every closed-world call target is lvgl
0x00453156	0x00453156	0x00453160	10	10	lvgl	call-topology-single-family	medium	every closed-world call target is lvgl
0x00453160	0x00453160	0x0045316A	10	10	lvgl	call-topology-single-family	medium	every closed-world call target is lvgl
0x0045316A	0x0045316A	0x00453180	22	22	lvgl	call-topology-single-family	medium	every closed-world call target is lvgl
0x00453180	0x00453180	0x0045318C	12	12	lvgl	call-topology-single-family	medium	every closed-world call target is lvgl
0x0045318C	0x0045318C	0x00453198	12	12	lvgl	call-topology-single-family	medium	every closed-world call target is lvgl
0x00453198	0x00453198	0x004531A4	12	12	lvgl	call-topology-single-family	medium	every closed-world call target is lvgl
0x004531A4	0x004531A4	0x004531AE	10	10	lvgl	call-topology-single-family	medium	every closed-world call target is lvgl
0x004531AE	0x004531AE	0x004534BE	784	784	lvgl	call-topology-single-family	medium	every closed-world call target is lvgl
0x00453604	0x00453604	0x0045360C	8	8	lvgl	link-order-sandwich	low	bracketed in link order by lvgl
0x0045377A	0x0045377A	0x0045383C	194	194	lvgl	link-order-sandwich	low	bracketed in link order by lvgl
0x0045383C	0x0045383C	0x004539B6	378	378	investigation-required-mixed	call-topology-mixed	none	call targets span first-party|lvgl
0x004539B6	0x004539B6	0x00453B78	450	450	lvgl	call-topology-single-family	medium	every closed-world call target is lvgl
0x00453E10	0x00453E10	0x00453F2E	286	286	lvgl	call-topology-single-family	medium	every closed-world call target is lvgl
0x00453F2E	0x00453F2E	0x00453FCE	160	160	lvgl	call-topology-single-family	medium	every closed-world call target is lvgl
0x00453FCE	0x00453FCE	0x00454074	166	166	lvgl	call-topology-single-family	medium	every closed-world call target is lvgl
0x0045417C	0x0045417C	0x004541B6	58	58	lvgl	call-topology-single-family	medium	every closed-world call target is lvgl
0x004541B6	0x004541B6	0x004544AE	760	760	lvgl	call-topology-single-family	medium	every closed-world call target is lvgl
0x00454574	0x00454574	0x00454612	158	158	investigation-required-no-evidence	none	none	no closed-world evidence
0x00454648	0x00454648	0x00454692	74	74	investigation-required-no-evidence	none	none	no closed-world evidence
0x00454692	0x00454692	0x004546CE	60	60	investigation-required-no-evidence	none	none	no closed-world evidence
0x004546D0	0x004546D0	0x004546DC	12	12	lvgl	call-topology-single-family	medium	every closed-world call target is lvgl
0x004546DC	0x004546DC	0x004546F4	24	24	investigation-required-no-evidence	none	none	no closed-world evidence
0x004546F4	0x004546F4	0x00454730	60	60	investigation-required-no-evidence	none	none	no closed-world evidence
0x00454738	0x00454738	0x00454746	14	14	investigation-required-no-evidence	none	none	no closed-world evidence
0x00454746	0x00454746	0x0045475A	20	20	investigation-required-no-evidence	none	none	no closed-world evidence
0x0045475A	0x0045475A	0x00454768	14	14	investigation-required-no-evidence	none	none	no closed-world evidence
0x00454768	0x00454768	0x00454770	8	8	investigation-required-no-evidence	none	none	no closed-world evidence
0x00454770	0x00454770	0x00454778	8	0	investigation-required-no-evidence	none	none	no closed-world evidence
0x00454778	0x00454778	0x004547AE	54	54	investigation-required-no-evidence	none	none	no closed-world evidence
0x004547AE	0x004547AE	0x004547B6	8	8	investigation-required-no-evidence	none	none	no closed-world evidence
0x004547B6	0x004547B6	0x004547BE	8	8	investigation-required-no-evidence	none	none	no closed-world evidence
0x004547BE	0x004547BE	0x004547C6	8	8	investigation-required-no-evidence	none	none	no closed-world evidence
0x004547C6	0x004547C6	0x004547F2	44	44	investigation-required-no-evidence	none	none	no closed-world evidence
0x004547F2	0x004547F2	0x00454820	46	46	investigation-required-no-evidence	none	none	no closed-world evidence
0x00454820	0x00454820	0x004548BA	154	154	investigation-required-no-evidence	none	none	no closed-world evidence
0x004548BA	0x004548BA	0x00454938	126	126	investigation-required-no-evidence	none	none	no closed-world evidence
0x00454938	0x00454938	0x004549FC	196	196	investigation-required-no-evidence	none	none	no closed-world evidence
0x004549FC	0x004549FC	0x00454AAE	178	178	investigation-required-no-evidence	none	none	no closed-world evidence
0x00454AAE	0x00454AAE	0x00454B4C	158	0	investigation-required-no-evidence	none	none	no closed-world evidence
0x00454B4C	0x00454B4C	0x00454B88	60	0	investigation-required-no-evidence	none	none	no closed-world evidence
0x00454B88	0x00454B88	0x00454C12	138	0	investigation-required-no-evidence	none	none	no closed-world evidence
0x00454C12	0x00454C12	0x00454CEC	218	0	investigation-required-no-evidence	none	none	no closed-world evidence
0x00454CEC	0x00454CEC	0x00454D7C	144	144	investigation-required-no-evidence	none	none	no closed-world evidence
0x00454D7C	0x00454D7C	0x00454D88	12	0	investigation-required-no-evidence	none	none	no closed-world evidence
0x00454D88	0x00454D88	0x00454DCC	68	68	investigation-required-no-evidence	none	none	no closed-world evidence
0x00454DCC	0x00454DCC	0x00454EFE	306	0	investigation-required-no-evidence	none	none	no closed-world evidence
0x00454EFE	0x00454EFE	0x00454F06	8	0	investigation-required-no-evidence	none	none	no closed-world evidence
0x00454F06	0x00454F06	0x00454F10	10	0	investigation-required-no-evidence	none	none	no closed-world evidence
0x00454F10	0x00454F10	0x00454F16	6	0	investigation-required-no-evidence	none	none	no closed-world evidence
0x00454F16	0x00454F16	0x00454F38	34	0	investigation-required-no-evidence	none	none	no closed-world evidence
0x00454F38	0x00454F38	0x00454FD8	160	160	investigation-required-no-evidence	none	none	no closed-world evidence
0x00454FD8	0x00454FD8	0x0045504C	116	116	investigation-required-no-evidence	none	none	no closed-world evidence
0x0045504C	0x0045504C	0x0045519E	338	0	investigation-required-no-evidence	none	none	no closed-world evidence
0x004551B4	0x004551B4	0x00455282	206	206	first-party	call-topology-single-family	medium	every closed-world call target is first-party
0x00455282	0x00455282	0x004552AE	44	0	investigation-required-no-evidence	none	none	no closed-world evidence
0x004552AE	0x004552AE	0x00455312	100	100	investigation-required-no-evidence	none	none	no closed-world evidence
0x00455320	0x00455320	0x00455370	80	80	investigation-required-no-evidence	none	none	no closed-world evidence
0x00455370	0x00455370	0x00455466	246	0	investigation-required-no-evidence	none	none	no closed-world evidence
0x0045547C	0x0045547C	0x00455556	218	0	investigation-required-no-evidence	none	none	no closed-world evidence
0x00455556	0x00455556	0x00455566	16	0	investigation-required-no-evidence	none	none	no closed-world evidence
0x00455566	0x00455566	0x004555E6	128	0	investigation-required-no-evidence	none	none	no closed-world evidence
0x004555E6	0x004555E6	0x004555F0	10	0	investigation-required-no-evidence	none	none	no closed-world evidence
0x00455648	0x00455648	0x0045568C	68	68	investigation-required-no-evidence	none	none	no closed-world evidence
0x0045568C	0x0045568C	0x004556E0	84	0	investigation-required-no-evidence	none	none	no closed-world evidence
0x004556E0	0x004556E0	0x0045571C	60	60	investigation-required-no-evidence	none	none	no closed-world evidence
0x00455728	0x00455728	0x004557A8	128	128	investigation-required-no-evidence	none	none	no closed-world evidence
0x004557B0	0x004557B0	0x00455820	112	112	investigation-required-no-evidence	none	none	no closed-world evidence
0x00455820	0x00455820	0x00455836	22	0	investigation-required-no-evidence	none	none	no closed-world evidence
0x00455836	0x00455836	0x00455876	64	0	investigation-required-no-evidence	none	none	no closed-world evidence
0x00455876	0x00455876	0x0045589C	38	0	investigation-required-no-evidence	none	none	no closed-world evidence
0x0045589C	0x0045589C	0x004558A4	8	0	investigation-required-no-evidence	none	none	no closed-world evidence
0x004558A4	0x004558A4	0x004558C4	32	0	investigation-required-no-evidence	none	none	no closed-world evidence
0x004558CC	0x004558CC	0x0045596E	162	162	investigation-required-no-evidence	none	none	no closed-world evidence
0x0045596E	0x0045596E	0x00455A12	164	0	investigation-required-no-evidence	none	none	no closed-world evidence
0x00455A1C	0x00455A1C	0x00455ACA	174	174	investigation-required-no-evidence	none	none	no closed-world evidence
0x00455ACA	0x00455ACA	0x00455AE0	22	0	investigation-required-no-evidence	none	none	no closed-world evidence
0x00455AE0	0x00455AE0	0x00455AF6	22	0	investigation-required-no-evidence	none	none	no closed-world evidence
0x00455AFC	0x00455AFC	0x00455B84	136	136	investigation-required-no-evidence	none	none	no closed-world evidence
0x00455B84	0x00455B84	0x00455C32	174	0	investigation-required-no-evidence	none	none	no closed-world evidence
0x00455C48	0x00455C48	0x00455DBA	370	2	investigation-required-no-evidence	none	none	no closed-world evidence
0x00455DC0	0x00455DC0	0x00455F5E	414	2	investigation-required-no-evidence	none	none	no closed-world evidence
0x00455F5E	0x00455F5E	0x00455FA8	74	74	investigation-required-no-evidence	none	none	no closed-world evidence
0x00455FA8	0x00455FA8	0x0045601E	118	0	investigation-required-no-evidence	none	none	no closed-world evidence
0x0045601E	0x0045601E	0x00456026	8	8	investigation-required-no-evidence	none	none	no closed-world evidence
0x00456026	0x00456026	0x0045602E	8	8	investigation-required-no-evidence	none	none	no closed-world evidence
0x0045602E	0x0045602E	0x00456036	8	8	investigation-required-no-evidence	none	none	no closed-world evidence
0x0045607C	0x0045607C	0x0045609A	30	0	investigation-required-no-evidence	none	none	no closed-world evidence
0x0045609A	0x0045609A	0x004560B2	24	0	investigation-required-no-evidence	none	none	no closed-world evidence
0x004560B2	0x004560B2	0x004560E8	54	0	investigation-required-no-evidence	none	none	no closed-world evidence
0x004560E8	0x004560E8	0x0045610E	38	0	investigation-required-no-evidence	none	none	no closed-world evidence
0x00456110	0x00456110	0x00456210	256	0	first-party	call-topology-single-family	medium	every closed-world call target is first-party
0x00456210	0x00456210	0x00456280	112	0	investigation-required-no-evidence	none	none	no closed-world evidence
0x00456280	0x00456280	0x004562DA	90	0	investigation-required-no-evidence	none	none	no closed-world evidence
0x004562DA	0x004562DA	0x00456338	94	0	investigation-required-no-evidence	none	none	no closed-world evidence
0x00456358	0x00456358	0x00456374	28	28	investigation-required-no-evidence	none	none	no closed-world evidence
0x00456374	0x00456374	0x00456390	28	28	investigation-required-no-evidence	none	none	no closed-world evidence
0x00456390	0x00456390	0x004563B4	36	36	investigation-required-no-evidence	none	none	no closed-world evidence
0x004563B4	0x004563B4	0x00456426	114	114	investigation-required-no-evidence	none	none	no closed-world evidence
0x00456426	0x00456426	0x0045643E	24	24	investigation-required-no-evidence	none	none	no closed-world evidence
0x0045643E	0x0045643E	0x00456496	88	88	investigation-required-no-evidence	none	none	no closed-world evidence
0x00456498	0x00456498	0x0045655C	196	196	first-party	call-topology-single-family	medium	every closed-world call target is first-party
0x00456580	0x00456580	0x00456606	134	134	investigation-required-no-evidence	none	none	no closed-world evidence
0x00456606	0x00456606	0x0045669A	148	148	investigation-required-no-evidence	none	none	no closed-world evidence
0x0045669A	0x0045669A	0x004566D8	62	62	investigation-required-no-evidence	none	none	no closed-world evidence
0x004566D8	0x004566D8	0x00456722	74	74	first-party	call-topology-single-family	medium	every closed-world call target is first-party
0x00458B60	0x00458B60	0x00458BAC	76	76	first-party	closed-module-manifest	high	function-map manifest g2-efs-service
0x00458BAC	0x00458BAC	0x00458BD2	38	38	first-party	closed-module-manifest	high	function-map manifest g2-efs-service
0x00458BD2	0x00458BD2	0x00458BF8	38	38	first-party	closed-module-manifest	high	function-map manifest g2-efs-service
0x00458BF8	0x00458BF8	0x00458C1E	38	38	first-party	closed-module-manifest	high	function-map manifest g2-efs-service
0x00458C1E	0x00458C1E	0x00458C30	18	18	first-party	closed-module-manifest	high	function-map manifest g2-efs-service
0x00458C48	0x00458C48	0x00458C5E	22	22	first-party	closed-module-manifest	high	function-map manifest g2-efs-service
0x00458DF0	0x00458DF0	0x00458E32	66	66	first-party	closed-module-manifest	high	function-map manifest g2-logger-setting
0x00458E32	0x00458E32	0x00458E48	22	22	first-party	closed-module-manifest	high	function-map manifest g2-logger-setting
0x0045A558	0x0045A558	0x0045A568	16	16	first-party	link-order-sandwich	low	bracketed in link order by first-party
0x0045A568	0x0045A568	0x0045A570	8	0	first-party	link-order-sandwich	low	bracketed in link order by first-party
0x0045A570	0x0045A570	0x0045A578	8	0	first-party	link-order-sandwich	low	bracketed in link order by first-party
0x0045BA3C	0x0045BA3C	0x0045BA46	10	10	first-party	closed-module-manifest	high	function-map manifest g2-sync-framework
0x0045BBB6	0x0045BBB6	0x0045BBD2	28	28	first-party	closed-module-manifest	high	function-map manifest g2-sync-framework
0x0045BBD2	0x0045BBD2	0x0045BBEE	28	28	first-party	closed-module-manifest	high	function-map manifest g2-sync-framework
0x0045BBF4	0x0045BBF4	0x0045BC06	18	18	first-party	closed-module-manifest	high	function-map manifest g2-sync-framework
0x0045D4B8	0x0045D4B8	0x0045D4D8	32	32	first-party	closed-module-manifest	high	function-map manifest g2-sync-framework
0x0045EC7C	0x0045EC7C	0x0045ECAE	50	50	first-party	closed-module-manifest	high	function-map manifest g2-page-manager
0x0045EF24	0x0045EF24	0x0045F15A	566	566	first-party	closed-module-manifest	high	function-map manifest g2-page-manager
0x0045F58C	0x0045F58C	0x0045F60E	130	130	first-party	closed-module-manifest	high	function-map manifest g2-page-manager
0x0045F60E	0x0045F60E	0x0045F66A	92	92	first-party	closed-module-manifest	high	function-map manifest g2-page-manager
0x0045F66A	0x0045F66A	0x0045F676	12	12	first-party	closed-module-manifest	high	function-map manifest g2-page-manager
0x0045F6A8	0x0045F6A8	0x0045F6B4	12	12	first-party	closed-module-manifest	high	function-map manifest g2-page-manager
0x0045F6B4	0x0045F6B4	0x0045F6C0	12	12	first-party	closed-module-manifest	high	function-map manifest g2-page-manager
0x0045F6C0	0x0045F6C0	0x0045F6DA	26	26	first-party	closed-module-manifest	high	function-map manifest g2-page-manager
0x0045F6DA	0x0045F6DA	0x0045F6EC	18	18	first-party	closed-module-manifest	high	function-map manifest g2-page-manager
0x0045F6EC	0x0045F6EC	0x0045F706	26	26	first-party	closed-module-manifest	high	function-map manifest g2-page-manager
0x0045F706	0x0045F706	0x0045F73A	52	52	first-party	closed-module-manifest	high	function-map manifest g2-page-manager
0x0045F73A	0x0045F73A	0x0045F7BE	132	132	first-party	closed-module-manifest	high	function-map manifest g2-page-manager
0x0045F7BE	0x0045F7BE	0x0045F840	130	130	first-party	closed-module-manifest	high	function-map manifest g2-page-manager
0x0045F840	0x0045F840	0x0045F876	54	54	first-party	closed-module-manifest	high	function-map manifest g2-page-manager
0x0045F876	0x0045F876	0x0045F8A4	46	46	first-party	closed-module-manifest	high	function-map manifest g2-page-manager
0x0045F8A4	0x0045F8A4	0x0045F8BA	22	22	first-party	closed-module-manifest	high	function-map manifest g2-page-manager
0x0045F8BA	0x0045F8BA	0x0045F8D0	22	22	first-party	closed-module-manifest	high	function-map manifest g2-page-manager
0x0045F8D0	0x0045F8D0	0x0045F8E6	22	22	first-party	closed-module-manifest	high	function-map manifest g2-page-manager
0x0045F8E6	0x0045F8E6	0x0045F8FC	22	22	first-party	closed-module-manifest	high	function-map manifest g2-page-manager
0x0045F8FC	0x0045F8FC	0x0045F910	20	20	first-party	closed-module-manifest	high	function-map manifest g2-page-manager
0x0045FAA8	0x0045FAA8	0x0045FB44	156	156	first-party	closed-module-manifest	high	function-map manifest g2-page-manager
0x0045FB44	0x0045FB44	0x0045FB7C	56	56	first-party	closed-module-manifest	high	function-map manifest g2-page-manager
0x0045FB7C	0x0045FB7C	0x0045FBA2	38	38	first-party	closed-module-manifest	high	function-map manifest g2-page-manager
0x0045FBA2	0x0045FBA2	0x0045FBAE	12	12	first-party	closed-module-manifest	high	function-map manifest g2-page-manager
0x0045FBAE	0x0045FBAE	0x0045FBBA	12	12	first-party	closed-module-manifest	high	function-map manifest g2-page-manager
0x0045FBBA	0x0045FBBA	0x0045FBD0	22	22	first-party	closed-module-manifest	high	function-map manifest g2-page-manager
0x0045FBD0	0x0045FBD0	0x0045FBE6	22	22	first-party	closed-module-manifest	high	function-map manifest g2-page-manager
0x0045FBE6	0x0045FBE6	0x0045FC5A	116	116	first-party	closed-module-manifest	high	function-map manifest g2-page-manager
0x0045FC5A	0x0045FC5A	0x0045FCB2	88	88	first-party	closed-module-manifest	high	function-map manifest g2-page-manager
0x0045FCB2	0x0045FCB2	0x0045FCD2	32	32	first-party	closed-module-manifest	high	function-map manifest g2-page-manager
0x0045FCD2	0x0045FCD2	0x0045FD06	52	52	first-party	closed-module-manifest	high	function-map manifest g2-page-manager
0x0045FD06	0x0045FD06	0x0045FE04	254	254	first-party	closed-module-manifest	high	function-map manifest g2-page-manager
0x0045FE10	0x0045FE10	0x0045FE32	34	34	first-party	closed-module-manifest	high	function-map manifest g2-page-manager
0x0045FFFE	0x0045FFFE	0x00460050	82	82	first-party	link-order-sandwich	low	bracketed in link order by first-party
0x00460050	0x00460050	0x00460084	52	52	first-party	link-order-sandwich	low	bracketed in link order by first-party
0x00460084	0x00460084	0x00460090	12	12	first-party	link-order-sandwich	low	bracketed in link order by first-party
0x00460090	0x00460090	0x004600B4	36	36	first-party	link-order-sandwich	low	bracketed in link order by first-party
0x004600B4	0x004600B4	0x00460106	82	82	first-party	link-order-sandwich	low	bracketed in link order by first-party
0x00460106	0x00460106	0x00460118	18	18	first-party	link-order-sandwich	low	bracketed in link order by first-party
0x0046015A	0x0046015A	0x00460178	30	30	first-party	link-order-sandwich	low	bracketed in link order by first-party
0x00460178	0x00460178	0x0046018E	22	22	cmsis-freertos	call-topology-single-family	medium	every closed-world call target is cmsis-freertos
0x004602B6	0x004602B6	0x004602CA	20	20	first-party	closed-module-manifest	high	function-map manifest g2-menu-page
0x004602CA	0x004602CA	0x00460344	122	122	first-party	closed-module-manifest	high	function-map manifest g2-menu-page
0x00460344	0x00460344	0x0046036A	38	38	first-party	closed-module-manifest	high	function-map manifest g2-menu-page
0x0046036A	0x0046036A	0x00460374	10	10	first-party	closed-module-manifest	high	function-map manifest g2-menu-page
0x00460424	0x00460424	0x00460450	44	44	first-party	closed-module-manifest	high	function-map manifest g2-menu-page
0x00460450	0x00460450	0x004604C2	114	114	first-party	closed-module-manifest	high	function-map manifest g2-menu-page
0x00460FC6	0x00460FC6	0x00461026	96	96	first-party	closed-module-manifest	high	function-map manifest g2-menu-page
0x004612F8	0x004612F8	0x00461348	80	80	first-party	closed-module-manifest	high	function-map manifest g2-menu-page
0x00462DB4	0x00462DB4	0x00462DB6	2	2	first-party	closed-module-manifest	high	function-map manifest g2-menu-page
0x00462DB6	0x00462DB6	0x00462E94	222	222	first-party	closed-module-manifest	high	function-map manifest g2-menu-page
0x00462F38	0x00462F38	0x0046300E	214	214	first-party	closed-module-manifest	high	function-map manifest g2-menu-page
0x00463E9A	0x00463E9A	0x00463EA6	12	12	first-party	closed-module-manifest	high	function-map manifest g2-generic-animation
0x00463EA6	0x00463EA6	0x00463EEE	72	72	first-party	closed-module-manifest	high	function-map manifest g2-generic-animation
0x00463EEE	0x00463EEE	0x00463F34	70	70	first-party	closed-module-manifest	high	function-map manifest g2-generic-animation
0x00463F34	0x00463F34	0x00463F5C	40	40	first-party	closed-module-manifest	high	function-map manifest g2-generic-animation
0x00463F5C	0x00463F5C	0x00463FA4	72	72	first-party	closed-module-manifest	high	function-map manifest g2-generic-animation
0x00463FA4	0x00463FA4	0x00463FB0	12	12	first-party	closed-module-manifest	high	function-map manifest g2-generic-animation
0x00463FB0	0x00463FB0	0x00464008	88	88	first-party	closed-module-manifest	high	function-map manifest g2-generic-animation
0x00464008	0x00464008	0x004640C0	184	184	first-party	closed-module-manifest	high	function-map manifest g2-generic-animation
0x0046410A	0x0046410A	0x00464152	72	72	first-party	closed-module-manifest	high	function-map manifest g2-generic-animation
0x00464152	0x00464152	0x0046415E	12	12	first-party	closed-module-manifest	high	function-map manifest g2-generic-animation
0x00464330	0x00464330	0x00464344	20	20	investigation-required-no-evidence	none	none	no closed-world evidence
0x004644EE	0x004644EE	0x0046450C	30	30	lvgl	link-order-sandwich	low	bracketed in link order by lvgl
0x004645D8	0x004645D8	0x004645EC	20	20	investigation-required-no-evidence	none	none	no closed-world evidence
0x004645EC	0x004645EC	0x00464604	24	24	investigation-required-no-evidence	none	none	no closed-world evidence
0x00464604	0x00464604	0x0046467C	120	120	lvgl	call-topology-single-family	medium	every closed-world call target is lvgl
0x0046467C	0x0046467C	0x00464696	26	26	investigation-required-no-evidence	none	none	no closed-world evidence
0x00464696	0x00464696	0x004646B4	30	30	investigation-required-no-evidence	none	none	no closed-world evidence
0x00466010	0x00466010	0x00466016	6	6	first-party	closed-module-manifest	high	function-map manifest g2-service-universal-setting
0x00466016	0x00466016	0x0046607C	102	102	first-party	closed-module-manifest	high	function-map manifest g2-service-universal-setting
0x0046636C	0x0046636C	0x00466412	166	166	first-party	closed-module-manifest	high	function-map manifest g2-service-universal-setting
0x00466500	0x00466500	0x00466506	6	6	first-party	closed-module-manifest	high	function-map manifest g2-service-universal-setting
0x0046650C	0x0046650C	0x00466512	6	6	first-party	closed-module-manifest	high	function-map manifest g2-service-universal-setting
0x00466512	0x00466512	0x00466518	6	6	first-party	closed-module-manifest	high	function-map manifest g2-service-universal-setting
0x00466518	0x00466518	0x0046651E	6	6	first-party	closed-module-manifest	high	function-map manifest g2-service-universal-setting
0x00467F08	0x00467F08	0x00467F0E	6	6	first-party	link-order-sandwich	low	bracketed in link order by first-party
0x00467FF0	0x00467FF0	0x00467FFE	14	14	first-party	closed-module-manifest	high	function-map manifest g2-onboarding-controller
0x00467FFE	0x00467FFE	0x0046800C	14	14	first-party	closed-module-manifest	high	function-map manifest g2-onboarding-controller
0x0046800C	0x0046800C	0x0046801E	18	18	first-party	closed-module-manifest	high	function-map manifest g2-onboarding-controller
0x0046801E	0x0046801E	0x00468034	22	22	first-party	closed-module-manifest	high	function-map manifest g2-onboarding-controller
0x00468034	0x00468034	0x0046805A	38	38	first-party	closed-module-manifest	high	function-map manifest g2-onboarding-controller
0x0046916C	0x0046916C	0x0046919E	50	50	first-party	closed-module-manifest	high	function-map manifest g2-silent-mode
0x0046919E	0x0046919E	0x004691BC	30	30	first-party	closed-module-manifest	high	function-map manifest g2-silent-mode
0x0046946E	0x0046946E	0x00469470	2	2	first-party	closed-module-manifest	high	function-map manifest g2-silent-mode
0x00469C98	0x00469C98	0x00469CAC	20	20	first-party	closed-module-manifest	high	function-map manifest g2-system-close
0x00469CAC	0x00469CAC	0x00469D24	120	120	first-party	closed-module-manifest	high	function-map manifest g2-system-close
0x00469D24	0x00469D24	0x00469D48	36	36	first-party	closed-module-manifest	high	function-map manifest g2-system-close
0x0046A4E2	0x0046A4E2	0x0046A53A	88	88	first-party	closed-module-manifest	high	function-map manifest g2-system-close
0x0046AE9C	0x0046AE9C	0x0046AEEA	78	78	first-party	closed-module-manifest	high	function-map manifest g2-system-close
0x0046B44C	0x0046B44C	0x0046B452	6	6	first-party	closed-module-manifest	high	function-map manifest g2-service-settings
0x0046B452	0x0046B452	0x0046B458	6	6	first-party	closed-module-manifest	high	function-map manifest g2-service-settings
0x0046BFE8	0x0046BFE8	0x0046BFF0	8	8	first-party	closed-module-manifest	high	function-map manifest g2-service-settings
0x0046C600	0x0046C600	0x0046C622	34	34	first-party	closed-module-manifest	high	function-map manifest g2-service-settings
0x0046C622	0x0046C622	0x0046C630	14	14	first-party	closed-module-manifest	high	function-map manifest g2-service-settings
0x0046C630	0x0046C630	0x0046C636	6	6	first-party	closed-module-manifest	high	function-map manifest g2-service-settings
0x0046C63C	0x0046C63C	0x0046C64E	18	18	first-party	closed-module-manifest	high	function-map manifest g2-service-settings
0x0046C984	0x0046C984	0x0046C9AA	38	38	investigation-required-mixed	call-topology-mixed	none	call targets span first-party|lvgl
0x0046C9AA	0x0046C9AA	0x0046C9D0	38	38	investigation-required-mixed	call-topology-mixed	none	call targets span first-party|lvgl
0x0046C9DC	0x0046C9DC	0x0046CA14	56	56	investigation-required-mixed	call-topology-mixed	none	call targets span first-party|lvgl
0x0046CA14	0x0046CA14	0x0046CA6E	90	90	first-party	call-topology-single-family	medium	every closed-world call target is first-party
0x0046CA6E	0x0046CA6E	0x0046CA72	4	4	first-party	link-order-sandwich	low	bracketed in link order by first-party
0x0046CACC	0x0046CACC	0x0046CADE	18	18	first-party	link-order-sandwich	low	bracketed in link order by first-party
0x0046D584	0x0046D584	0x0046D588	4	4	first-party	closed-module-manifest	high	function-map manifest g2-lvgl-font-manager
0x0046D67C	0x0046D67C	0x0046D69A	30	30	first-party	closed-module-manifest	high	function-map manifest g2-product-rtos
0x0046D69A	0x0046D69A	0x0046D6B6	28	28	first-party	closed-module-manifest	high	function-map manifest g2-product-rtos
0x0046D70E	0x0046D70E	0x0046D78C	126	126	first-party	closed-module-manifest	high	function-map manifest g2-product-rtos
0x0046D78C	0x0046D78C	0x0046D7E6	90	90	first-party	closed-module-manifest	high	function-map manifest g2-product-rtos
0x0046D7E6	0x0046D7E6	0x0046D816	48	48	first-party	closed-module-manifest	high	function-map manifest g2-product-rtos
0x0046D816	0x0046D816	0x0046D826	16	16	first-party	closed-module-manifest	high	function-map manifest g2-product-rtos
0x0046D826	0x0046D826	0x0046D836	16	16	first-party	closed-module-manifest	high	function-map manifest g2-product-rtos
0x0046D836	0x0046D836	0x0046D856	32	32	first-party	closed-module-manifest	high	function-map manifest g2-product-rtos
0x0046D856	0x0046D856	0x0046D85E	8	8	first-party	closed-module-manifest	high	function-map manifest g2-product-rtos
0x0046D85E	0x0046D85E	0x0046D868	10	10	first-party	closed-module-manifest	high	function-map manifest g2-product-rtos
0x0046D86C	0x0046D86C	0x0046D878	12	12	first-party	closed-module-manifest	high	function-map manifest g2-product-rtos
0x0046D898	0x0046D898	0x0046D8A0	8	8	first-party	closed-module-manifest	high	function-map manifest g2-product-rtos
0x0046D8A0	0x0046D8A0	0x0046D8C4	36	36	first-party	link-order-sandwich	low	bracketed in link order by first-party
0x0046D8C4	0x0046D8C4	0x0046D8E0	28	28	first-party	link-order-sandwich	low	bracketed in link order by first-party
0x0046D8E0	0x0046D8E0	0x0046D9AC	204	204	first-party	link-order-sandwich	low	bracketed in link order by first-party
0x0046D9AC	0x0046D9AC	0x0046D9C8	28	28	first-party	link-order-sandwich	low	bracketed in link order by first-party
0x0046D9C8	0x0046D9C8	0x0046DA92	202	202	first-party	link-order-sandwich	low	bracketed in link order by first-party
0x0046DA92	0x0046DA92	0x0046DACC	58	58	first-party	link-order-sandwich	low	bracketed in link order by first-party
0x0046DACC	0x0046DACC	0x0046DB04	56	56	first-party	link-order-sandwich	low	bracketed in link order by first-party
0x0046DC74	0x0046DC74	0x0046DCA4	48	48	first-party	closed-module-manifest	high	function-map manifest g2-app-ble-peripheral
0x0046DCA4	0x0046DCA4	0x0046DCCC	40	40	first-party	closed-module-manifest	high	function-map manifest g2-app-ble-peripheral
0x0046DCCC	0x0046DCCC	0x0046DD44	120	120	first-party	closed-module-manifest	high	function-map manifest g2-app-ble-peripheral
0x0046DFD0	0x0046DFD0	0x0046DFE8	24	24	first-party	closed-module-manifest	high	function-map manifest g2-app-ble-peripheral
0x0046EF60	0x0046EF60	0x0046EF68	8	8	first-party	closed-module-manifest	high	function-map manifest g2-app-ble-peripheral
0x0046EF74	0x0046EF74	0x0046EFCC	88	88	first-party	closed-module-manifest	high	function-map manifest g2-app-ble-peripheral
0x0046EFCC	0x0046EFCC	0x0046EFD4	8	8	first-party	closed-module-manifest	high	function-map manifest g2-app-ble-peripheral
0x0046EFD8	0x0046EFD8	0x0046EFE4	12	12	first-party	closed-module-manifest	high	function-map manifest g2-app-ble-peripheral
0x0046EFE4	0x0046EFE4	0x0046EFEC	8	8	first-party	closed-module-manifest	high	function-map manifest g2-app-ble-peripheral
0x0046EFEC	0x0046EFEC	0x0046EFF4	8	8	first-party	closed-module-manifest	high	function-map manifest g2-app-ble-peripheral
0x0046F2C6	0x0046F2C6	0x0046F2CE	8	8	first-party	closed-module-manifest	high	function-map manifest g2-app-ble-peripheral
0x0046F32C	0x0046F32C	0x0046F348	28	28	first-party	closed-module-manifest	high	function-map manifest g2-app-ble-peripheral
0x0046F4A4	0x0046F4A4	0x0046F4C2	30	30	first-party	closed-module-manifest	high	function-map manifest g2-drv-mx25u25643g
0x0046F4C2	0x0046F4C2	0x0046F4EA	40	40	first-party	closed-module-manifest	high	function-map manifest g2-drv-mx25u25643g
0x0046F4EA	0x0046F4EA	0x0046F50C	34	34	first-party	closed-module-manifest	high	function-map manifest g2-drv-mx25u25643g
0x0046F50C	0x0046F50C	0x0046F52C	32	32	first-party	closed-module-manifest	high	function-map manifest g2-drv-mx25u25643g
0x0046F52C	0x0046F52C	0x0046F546	26	26	first-party	closed-module-manifest	high	function-map manifest g2-drv-mx25u25643g
0x0046F65E	0x0046F65E	0x0046F674	22	22	first-party	closed-module-manifest	high	function-map manifest g2-drv-mx25u25643g
0x0046F674	0x0046F674	0x0046F68A	22	22	first-party	closed-module-manifest	high	function-map manifest g2-drv-mx25u25643g
0x0046F68A	0x0046F68A	0x0046F6A2	24	24	first-party	closed-module-manifest	high	function-map manifest g2-drv-mx25u25643g
0x0046F6A2	0x0046F6A2	0x0046F6BA	24	24	first-party	closed-module-manifest	high	function-map manifest g2-drv-mx25u25643g
0x0046F6BA	0x0046F6BA	0x0046F6E6	44	44	first-party	closed-module-manifest	high	function-map manifest g2-drv-mx25u25643g
0x0046F6E6	0x0046F6E6	0x0046F6FA	20	20	first-party	closed-module-manifest	high	function-map manifest g2-drv-mx25u25643g
0x0046F6FA	0x0046F6FA	0x0046F788	142	142	first-party	closed-module-manifest	high	function-map manifest g2-drv-mx25u25643g
0x00470168	0x00470168	0x00470214	172	172	first-party	closed-module-manifest	high	function-map manifest g2-drv-mx25u25643g
0x0047021C	0x0047021C	0x004702CC	176	176	first-party	closed-module-manifest	high	function-map manifest g2-drv-mx25u25643g
0x00470368	0x00470368	0x004703BA	82	82	first-party	closed-module-manifest	high	function-map manifest g2-drv-mx25u25643g
0x004703BA	0x004703BA	0x004703C6	12	12	first-party	closed-module-manifest	high	function-map manifest g2-drv-mx25u25643g
0x004708A8	0x004708A8	0x004709B2	266	266	first-party	closed-module-manifest	high	function-map manifest g2-drv-mx25u25643g
0x004709C0	0x004709C0	0x004709C8	8	8	first-party	closed-module-manifest	high	function-map manifest g2-drv-mx25u25643g
0x00471020	0x00471020	0x004710A2	130	130	first-party	closed-module-manifest	high	function-map manifest g2-drv-mx25u25643g
0x00471164	0x00471164	0x004711B2	78	78	first-party	closed-module-manifest	high	function-map manifest g2-general-configure
0x00471528	0x00471528	0x00471554	44	44	first-party	closed-module-manifest	high	function-map manifest g2-general-configure
0x00471B9C	0x00471B9C	0x00471BCA	46	46	first-party	link-order-sandwich	low	bracketed in link order by first-party
0x00471BCA	0x00471BCA	0x00471C9A	208	208	first-party	link-order-sandwich	low	bracketed in link order by first-party
0x00471C9A	0x00471C9A	0x00471CAE	20	20	first-party	link-order-sandwich	low	bracketed in link order by first-party
0x00471CAE	0x00471CAE	0x00471CD6	40	40	first-party	link-order-sandwich	low	bracketed in link order by first-party
0x00471CD6	0x00471CD6	0x00471D58	130	130	first-party	link-order-sandwich	low	bracketed in link order by first-party
0x00471D58	0x00471D58	0x00471DAC	84	84	first-party	link-order-sandwich	low	bracketed in link order by first-party
0x00471DAC	0x00471DAC	0x00471E20	116	116	first-party	link-order-sandwich	low	bracketed in link order by first-party
0x00471E20	0x00471E20	0x00471E5E	62	62	first-party	link-order-sandwich	low	bracketed in link order by first-party
0x00471E5E	0x00471E5E	0x00471E78	26	26	first-party	link-order-sandwich	low	bracketed in link order by first-party
0x00471E78	0x00471E78	0x00471E92	26	26	first-party	link-order-sandwich	low	bracketed in link order by first-party
0x00471E92	0x00471E92	0x00471E9E	12	12	first-party	link-order-sandwich	low	bracketed in link order by first-party
0x00471E9E	0x00471E9E	0x00471EBC	30	30	first-party	link-order-sandwich	low	bracketed in link order by first-party
0x00471EBC	0x00471EBC	0x00471EC8	12	12	first-party	link-order-sandwich	low	bracketed in link order by first-party
0x00472362	0x00472362	0x00472378	22	22	first-party	closed-module-manifest	high	function-map manifest g2-ring-service
0x00472378	0x00472378	0x004723D6	94	94	first-party	closed-module-manifest	high	function-map manifest g2-ring-service
0x004723D6	0x004723D6	0x00472426	80	80	first-party	closed-module-manifest	high	function-map manifest g2-ring-service
0x00472426	0x00472426	0x0047243A	20	20	first-party	closed-module-manifest	high	function-map manifest g2-ring-service
0x00472546	0x00472546	0x0047257C	54	54	first-party	closed-module-manifest	high	function-map manifest g2-ring-service
0x0047257C	0x0047257C	0x00472588	12	12	first-party	closed-module-manifest	high	function-map manifest g2-ring-service
0x00472588	0x00472588	0x00472596	14	14	first-party	closed-module-manifest	high	function-map manifest g2-ring-service
0x00472630	0x00472630	0x0047263C	12	12	first-party	closed-module-manifest	high	function-map manifest g2-ring-service
0x004728A0	0x004728A0	0x004728B2	18	18	first-party	closed-module-manifest	high	function-map manifest g2-ring-service
0x00472C7C	0x00472C7C	0x00472C84	8	0	investigation-required-no-evidence	none	none	no closed-world evidence
0x00472C84	0x00472C84	0x00472D40	188	0	investigation-required-no-evidence	none	none	references SRAM globals
0x00472D40	0x00472D40	0x00472D64	36	0	investigation-required-no-evidence	none	none	no closed-world evidence
0x00472D64	0x00472D64	0x00472D76	18	0	investigation-required-no-evidence	none	none	no closed-world evidence
0x00472D76	0x00472D76	0x00472D9C	38	0	investigation-required-no-evidence	none	none	no closed-world evidence
0x00472D9C	0x00472D9C	0x00472DE0	68	0	investigation-required-no-evidence	none	none	no closed-world evidence
0x00472DE0	0x00472DE0	0x00472E48	104	0	investigation-required-no-evidence	none	none	no closed-world evidence
0x00472E48	0x00472E48	0x00472EBC	116	0	investigation-required-no-evidence	none	none	no closed-world evidence
0x00472EBC	0x00472EBC	0x00472ED4	24	0	investigation-required-no-evidence	none	none	no closed-world evidence
0x00472ED4	0x00472ED4	0x00472EF6	34	0	investigation-required-no-evidence	none	none	no closed-world evidence
0x00472EF6	0x00472EF6	0x00473036	320	0	investigation-required-no-evidence	none	none	no closed-world evidence
0x00473036	0x00473036	0x004733EE	952	0	investigation-required-no-evidence	none	none	no closed-world evidence
0x004733EE	0x004733EE	0x0047341A	44	0	investigation-required-no-evidence	none	none	no closed-world evidence
0x00473474	0x00473474	0x00473482	14	0	investigation-required-no-evidence	none	none	no closed-world evidence
0x00473482	0x00473482	0x004734A0	30	0	investigation-required-no-evidence	none	none	no closed-world evidence
0x004734A0	0x004734A0	0x004734BC	28	0	investigation-required-no-evidence	none	none	no closed-world evidence
0x004734C0	0x004734C0	0x004734CC	12	0	investigation-required-no-evidence	none	none	no closed-world evidence
0x004736F4	0x004736F4	0x00473782	142	0	investigation-required-mixed	call-topology-mixed	none	call targets span first-party|lvgl
0x00473928	0x00473928	0x00473934	12	0	lvgl	call-topology-single-family	medium	every closed-world call target is lvgl
0x00473934	0x00473934	0x0047393C	8	0	investigation-required-no-evidence	none	none	no closed-world evidence
0x00473940	0x00473940	0x00473948	8	0	investigation-required-no-evidence	none	none	no closed-world evidence
0x0047394C	0x0047394C	0x00473952	6	0	investigation-required-no-evidence	none	none	no closed-world evidence
0x00473ABC	0x00473ABC	0x00473AC6	10	0	first-party	closed-module-manifest	high	function-map manifest g2-displaydrv-manager
0x00473AC6	0x00473AC6	0x00473AD0	10	0	first-party	closed-module-manifest	high	function-map manifest g2-displaydrv-manager
0x00473B34	0x00473B34	0x00473B46	18	0	first-party	closed-module-manifest	high	function-map manifest g2-displaydrv-manager
0x00473B46	0x00473B46	0x00473B54	14	0	first-party	closed-module-manifest	high	function-map manifest g2-displaydrv-manager
0x00474550	0x00474550	0x004745F4	164	0	first-party	closed-module-manifest	high	function-map manifest g2-file-runtime
0x004745F4	0x004745F4	0x00474634	64	0	first-party	closed-module-manifest	high	function-map manifest g2-file-runtime
0x00474634	0x00474634	0x00474682	78	0	first-party	closed-module-manifest	high	function-map manifest g2-file-runtime
0x00474814	0x00474814	0x00474870	92	0	first-party	closed-module-manifest	high	function-map manifest g2-file-runtime
0x00474870	0x00474870	0x004748B4	68	0	first-party	closed-module-manifest	high	function-map manifest g2-file-runtime
0x004748B4	0x004748B4	0x00474910	92	0	first-party	closed-module-manifest	high	function-map manifest g2-file-runtime
0x00474910	0x00474910	0x0047498C	124	0	first-party	closed-module-manifest	high	function-map manifest g2-file-runtime
0x0047498C	0x0047498C	0x00474A02	118	0	first-party	closed-module-manifest	high	function-map manifest g2-file-runtime
0x00474A02	0x00474A02	0x00474A76	116	0	first-party	closed-module-manifest	high	function-map manifest g2-file-runtime
0x00474A76	0x00474A76	0x00474B02	140	0	first-party	closed-module-manifest	high	function-map manifest g2-file-runtime
0x00474B02	0x00474B02	0x00474BB8	182	0	first-party	closed-module-manifest	high	function-map manifest g2-file-runtime
0x00474BB8	0x00474BB8	0x00474C66	174	0	first-party	closed-module-manifest	high	function-map manifest g2-file-runtime
0x00474C66	0x00474C66	0x00474CD2	108	0	first-party	closed-module-manifest	high	function-map manifest g2-file-runtime
0x00474EB4	0x00474EB4	0x00474EFA	70	0	first-party	link-order-sandwich	low	bracketed in link order by first-party
0x00474EFA	0x00474EFA	0x00474F32	56	0	first-party	link-order-sandwich	low	bracketed in link order by first-party
0x00474F32	0x00474F32	0x00475014	226	0	first-party	link-order-sandwich	low	bracketed in link order by first-party
0x00475014	0x00475014	0x0047510E	250	0	first-party	link-order-sandwich	low	bracketed in link order by first-party
0x0047510E	0x0047510E	0x00475194	134	0	first-party	link-order-sandwich	low	bracketed in link order by first-party
0x004751C8	0x004751C8	0x00475230	104	0	first-party	link-order-sandwich	low	bracketed in link order by first-party
0x00475230	0x00475230	0x00475286	86	0	first-party	link-order-sandwich	low	bracketed in link order by first-party
0x00475DE0	0x00475DE0	0x00475DFA	26	0	first-party	closed-module-manifest	high	function-map manifest g2-thread-ble-message
0x00475FC0	0x00475FC0	0x00475FE2	34	0	iar-dlib	call-topology-single-family	medium	every closed-world call target is iar-dlib
0x004763B8	0x004763B8	0x004763F0	56	0	first-party	call-topology-single-family	medium	every closed-world call target is first-party
0x004780DC	0x004780DC	0x004780F8	28	0	first-party	closed-module-manifest	high	function-map manifest g2-app-connect-params
0x004780F8	0x004780F8	0x0047810C	20	0	first-party	closed-module-manifest	high	function-map manifest g2-app-connect-params
0x00478110	0x00478110	0x0047814C	60	0	first-party	closed-module-manifest	high	function-map manifest g2-app-connect-params
0x00478252	0x00478252	0x0047826C	26	0	first-party	closed-module-manifest	high	function-map manifest g2-app-connect-params
0x0047A47C	0x0047A47C	0x0047A49C	32	0	cordio	call-topology-single-family	medium	every closed-world call target is cordio
0x0047A5C0	0x0047A5C0	0x0047A5D0	16	0	cordio	link-order-sandwich	low	bracketed in link order by cordio
0x0047A5D0	0x0047A5D0	0x0047A600	48	0	cordio	link-order-sandwich	low	bracketed in link order by cordio
0x0047A600	0x0047A600	0x0047A62C	44	0	cordio	link-order-sandwich	low	bracketed in link order by cordio
0x0047A630	0x0047A630	0x0047A676	70	0	cordio	link-order-sandwich	low	bracketed in link order by cordio
0x0047A676	0x0047A676	0x0047A6AC	54	0	cordio	link-order-sandwich	low	bracketed in link order by cordio
0x0047A6B4	0x0047A6B4	0x0047A700	76	0	cordio	link-order-sandwich	low	bracketed in link order by cordio
0x0047A85C	0x0047A85C	0x0047A892	54	0	cordio	call-topology-single-family	medium	every closed-world call target is cordio
0x0047AD74	0x0047AD74	0x0047ADC6	82	0	cordio	call-topology-single-family	medium	every closed-world call target is cordio
0x0047ADD4	0x0047ADD4	0x0047AE26	82	0	cordio	link-order-sandwich	low	bracketed in link order by cordio
0x0047AE78	0x0047AE78	0x0047AEC0	72	0	cordio	link-order-sandwich	low	bracketed in link order by cordio
0x0047AEC0	0x0047AEC0	0x0047AEC8	8	0	cordio	link-order-sandwich	low	bracketed in link order by cordio
0x0047AEC8	0x0047AEC8	0x0047AED4	12	0	cordio	link-order-sandwich	low	bracketed in link order by cordio
0x0047B3AE	0x0047B3AE	0x0047B3CC	30	0	cordio	call-topology-single-family	medium	every closed-world call target is cordio
0x0047B3CC	0x0047B3CC	0x0047B3E2	22	0	cordio	call-topology-single-family	medium	every closed-world call target is cordio
0x0047B3E2	0x0047B3E2	0x0047B40C	42	0	cordio	call-topology-single-family	medium	every closed-world call target is cordio
0x0047B40C	0x0047B40C	0x0047B418	12	0	cordio	link-order-sandwich	low	bracketed in link order by cordio
0x0047B418	0x0047B418	0x0047B438	32	0	cordio	link-order-sandwich	low	bracketed in link order by cordio
0x0047B438	0x0047B438	0x0047B45A	34	0	cordio	link-order-sandwich	low	bracketed in link order by cordio
0x0047B45A	0x0047B45A	0x0047B460	6	0	cordio	link-order-sandwich	low	bracketed in link order by cordio
0x0047B468	0x0047B468	0x0047B47E	22	0	cordio	link-order-sandwich	low	bracketed in link order by cordio
0x0047B488	0x0047B488	0x0047B48E	6	0	cordio	link-order-sandwich	low	bracketed in link order by cordio
0x0047B48E	0x0047B48E	0x0047B4AC	30	0	cordio	call-topology-single-family	medium	every closed-world call target is cordio
0x0047B4C8	0x0047B4C8	0x0047B4CE	6	0	cordio	link-order-sandwich	low	bracketed in link order by cordio
0x0047B4CE	0x0047B4CE	0x0047B4D4	6	0	cordio	link-order-sandwich	low	bracketed in link order by cordio
0x0047CBC4	0x0047CBC4	0x0047CBE8	36	0	investigation-required-no-evidence	none	none	no closed-world evidence
0x0047CBE8	0x0047CBE8	0x0047CC14	44	0	investigation-required-no-evidence	none	none	no closed-world evidence
0x0047CC1C	0x0047CC1C	0x0047CC5E	66	0	first-party	call-topology-single-family	medium	every closed-world call target is first-party
0x0047CC60	0x0047CC60	0x004D2B9A	352058	0	rejected-oversized-envelope	analyzer-artifact	high	envelope exceeds the 16,384-byte trust cap; mixed data region
0x0047CE90	0x0047CE90	0x0047CED6	70	0	first-party	closed-module-manifest	high	function-map manifest g2-ux-system
0x0047CED6	0x0047CED6	0x0047CF28	82	0	first-party	closed-module-manifest	high	function-map manifest g2-ux-system
0x0047CF28	0x0047CF28	0x0047CF60	56	0	first-party	closed-module-manifest	high	function-map manifest g2-ux-system
0x0047D870	0x0047D870	0x0047D8B8	72	0	first-party	closed-module-manifest	high	function-map manifest g2-ux-system
0x0047D8B8	0x0047D8B8	0x0047D8C2	10	0	first-party	closed-module-manifest	high	function-map manifest g2-ux-system
0x0047D8C2	0x0047D8C2	0x0047D8CE	12	0	first-party	closed-module-manifest	high	function-map manifest g2-ux-system
0x0047D8CE	0x0047D8CE	0x0047D8E4	22	0	first-party	closed-module-manifest	high	function-map manifest g2-ux-system
0x0047D8E4	0x0047D8E4	0x0047D8F0	12	0	first-party	closed-module-manifest	high	function-map manifest g2-ux-system
0x0047D8F0	0x0047D8F0	0x0047D8FC	12	0	first-party	closed-module-manifest	high	function-map manifest g2-ux-system
0x0047D9C4	0x0047D9C4	0x0047D9CC	8	0	first-party	call-topology-single-family	medium	every closed-world call target is first-party
0x0047D9CC	0x0047D9CC	0x0047D9FA	46	0	first-party	call-topology-single-family	medium	every closed-world call target is first-party
0x0047D9FC	0x0047D9FC	0x0047DA16	26	0	first-party	link-order-sandwich	low	bracketed in link order by first-party
0x0047DA16	0x0047DA16	0x0047DA58	66	0	first-party	link-order-sandwich	low	bracketed in link order by first-party
0x0047DA58	0x0047DA58	0x0047DA78	32	0	first-party	link-order-sandwich	low	bracketed in link order by first-party
0x0047DA78	0x0047DA78	0x0047DAC0	72	0	first-party	link-order-sandwich	low	bracketed in link order by first-party
0x0047DAC0	0x0047DAC0	0x0047DB02	66	0	first-party	link-order-sandwich	low	bracketed in link order by first-party
0x0047DB02	0x0047DB02	0x0047DC22	288	0	first-party	call-topology-single-family	medium	every closed-world call target is first-party
0x0047DC74	0x0047DC74	0x0047DCB4	64	0	first-party	call-topology-single-family	medium	every closed-world call target is first-party
0x0047DCB4	0x0047DCB4	0x0047DCE4	48	0	investigation-required-mixed	call-topology-mixed	none	call targets span cmsis-freertos|first-party
0x0047DCE4	0x0047DCE4	0x0047DCEC	8	0	first-party	link-order-sandwich	low	bracketed in link order by first-party
0x0047DCEC	0x0047DCEC	0x0047DD08	28	0	first-party	link-order-sandwich	low	bracketed in link order by first-party
0x0047DD08	0x0047DD08	0x0047DD62	90	0	first-party	link-order-sandwich	low	bracketed in link order by first-party
0x0047DD62	0x0047DD62	0x0047DD8A	40	0	first-party	call-topology-single-family	medium	every closed-world call target is first-party
0x0047DD92	0x0047DD92	0x0047DDAC	26	0	first-party	link-order-sandwich	low	bracketed in link order by first-party
0x0047DDAC	0x0047DDAC	0x0047DDFE	82	0	first-party	call-topology-single-family	medium	every closed-world call target is first-party
0x0047DDFE	0x0047DDFE	0x0047DE0A	12	0	first-party	link-order-sandwich	low	bracketed in link order by first-party
0x0047DE0A	0x0047DE0A	0x0047DE18	14	0	first-party	link-order-sandwich	low	bracketed in link order by first-party
0x0047DE18	0x0047DE18	0x0047DE7A	98	0	first-party	link-order-sandwich	low	bracketed in link order by first-party
0x0047DE7A	0x0047DE7A	0x0047DEB4	58	0	first-party	call-topology-single-family	medium	every closed-world call target is first-party
0x0047DEB4	0x0047DEB4	0x0047DF28	116	0	first-party	call-topology-single-family	medium	every closed-world call target is first-party
0x0047DF28	0x0047DF28	0x0047DF8A	98	0	first-party	call-topology-single-family	medium	every closed-world call target is first-party
0x0047DF8A	0x0047DF8A	0x0047DFEC	98	0	first-party	call-topology-single-family	medium	every closed-world call target is first-party
0x0047DFEC	0x0047DFEC	0x0047E06A	126	0	first-party	call-topology-single-family	medium	every closed-world call target is first-party
0x0047E06A	0x0047E06A	0x0047E080	22	0	first-party	call-topology-single-family	medium	every closed-world call target is first-party
0x0047E088	0x0047E088	0x0047E090	8	0	first-party	link-order-sandwich	low	bracketed in link order by first-party
0x0047E090	0x0047E090	0x0047E0C8	56	0	first-party	call-topology-single-family	medium	every closed-world call target is first-party
0x0047E0C8	0x0047E0C8	0x0047E13E	118	0	first-party	call-topology-single-family	medium	every closed-world call target is first-party
0x0047E144	0x0047E144	0x0047E172	46	0	first-party	call-topology-single-family	medium	every closed-world call target is first-party
0x0047E178	0x0047E178	0x0047E1EC	116	0	first-party	call-topology-single-family	medium	every closed-world call target is first-party
0x0047E1EC	0x0047E1EC	0x0047E220	52	0	first-party	link-order-sandwich	low	bracketed in link order by first-party
0x0047E220	0x0047E220	0x0047E232	18	0	first-party	call-topology-single-family	medium	every closed-world call target is first-party
0x0047E232	0x0047E232	0x0047E272	64	0	first-party	link-order-sandwich	low	bracketed in link order by first-party
0x0047E2D0	0x0047E2D0	0x0047E320	80	0	first-party	closed-module-manifest	high	function-map manifest g2-onboarding-data-manager
0x0047E470	0x0047E470	0x0047E4A6	54	0	first-party	closed-module-manifest	high	function-map manifest g2-onboarding-data-manager
0x0047E674	0x0047E674	0x0047E6DC	104	0	first-party	link-order-sandwich	low	bracketed in link order by first-party
0x0047E6DC	0x0047E6DC	0x0047E712	54	0	first-party	link-order-sandwich	low	bracketed in link order by first-party
0x0047E712	0x0047E712	0x0047E75A	72	0	first-party	link-order-sandwich	low	bracketed in link order by first-party
0x0047E75A	0x0047E75A	0x0047E7B0	86	0	first-party	link-order-sandwich	low	bracketed in link order by first-party
0x0047E7B0	0x0047E7B0	0x0047E812	98	0	first-party	link-order-sandwich	low	bracketed in link order by first-party
0x0047E812	0x0047E812	0x0047E83A	40	0	first-party	link-order-sandwich	low	bracketed in link order by first-party
0x0047E93C	0x0047E93C	0x0047E97A	62	0	first-party	link-order-sandwich	low	bracketed in link order by first-party
0x0047EAB8	0x0047EAB8	0x0047EAF6	62	0	first-party	link-order-sandwich	low	bracketed in link order by first-party
0x0047EAF6	0x0047EAF6	0x0047EB26	48	0	first-party	link-order-sandwich	low	bracketed in link order by first-party
0x0047EB26	0x0047EB26	0x0047EB4A	36	0	first-party	link-order-sandwich	low	bracketed in link order by first-party
0x0047EB4A	0x0047EB4A	0x0047EB6C	34	0	first-party	link-order-sandwich	low	bracketed in link order by first-party
0x0047EB94	0x0047EB94	0x0047EBD8	68	0	first-party	link-order-sandwich	low	bracketed in link order by first-party
0x0047EBD8	0x0047EBD8	0x0047EBF8	32	0	first-party	link-order-sandwich	low	bracketed in link order by first-party
0x0047EBF8	0x0047EBF8	0x0047ED10	280	0	first-party	link-order-sandwich	low	bracketed in link order by first-party
0x0047ED10	0x0047ED10	0x0047ED52	66	0	first-party	link-order-sandwich	low	bracketed in link order by first-party
0x0047ED52	0x0047ED52	0x0047ED64	18	0	first-party	link-order-sandwich	low	bracketed in link order by first-party
0x0047ED64	0x0047ED64	0x0047ED76	18	0	first-party	link-order-sandwich	low	bracketed in link order by first-party
0x0047ED76	0x0047ED76	0x0047EE1E	168	0	first-party	link-order-sandwich	low	bracketed in link order by first-party
0x0047EE30	0x0047EE30	0x0047EE4A	26	0	first-party	link-order-sandwich	low	bracketed in link order by first-party
0x0047EE4A	0x0047EE4A	0x0047EE5A	16	0	first-party	link-order-sandwich	low	bracketed in link order by first-party
0x0047EF10	0x0047EF10	0x0047EF18	8	0	investigation-required-no-evidence	none	none	no closed-world evidence
0x0047EF18	0x0047EF18	0x0047EF38	32	0	investigation-required-no-evidence	none	none	no closed-world evidence
0x0047EF38	0x0047EF38	0x0047EF74	60	0	investigation-required-no-evidence	none	none	no closed-world evidence
0x0047F108	0x0047F108	0x0047F11C	20	0	investigation-required-no-evidence	none	none	no closed-world evidence
0x0047F11C	0x0047F11C	0x0047F204	232	0	investigation-required-no-evidence	none	none	no closed-world evidence
0x0047F204	0x0047F204	0x0047F3C6	450	0	investigation-required-no-evidence	none	none	no closed-world evidence
0x0047F3C6	0x0047F3C6	0x0047F418	82	0	investigation-required-no-evidence	none	none	no closed-world evidence
0x0047F418	0x0047F418	0x0047F46A	82	0	investigation-required-no-evidence	none	none	no closed-world evidence
0x0047F46A	0x0047F46A	0x0047F56E	260	0	investigation-required-no-evidence	none	none	no closed-world evidence
0x0047F56E	0x0047F56E	0x0047F5B8	74	0	investigation-required-no-evidence	none	none	no closed-world evidence
0x0047F5B8	0x0047F5B8	0x0047F6F2	314	0	investigation-required-no-evidence	none	none	no closed-world evidence
0x0047F6F2	0x0047F6F2	0x0047F7AE	188	0	investigation-required-no-evidence	none	none	no closed-world evidence
0x0047F7AE	0x0047F7AE	0x0047F90C	350	0	investigation-required-no-evidence	none	none	no closed-world evidence
0x0047F90C	0x0047F90C	0x0047F942	54	0	investigation-required-no-evidence	none	none	no closed-world evidence
0x0047F954	0x0047F954	0x0047FAB4	352	0	investigation-required-no-evidence	none	none	no closed-world evidence
0x0047FAE8	0x0047FAE8	0x0047FE12	810	0	investigation-required-no-evidence	none	none	references peripheral registers
0x0047FE12	0x0047FE12	0x0047FE68	86	0	investigation-required-no-evidence	none	none	no closed-world evidence
0x0047FE6C	0x0047FE6C	0x0047FE94	40	0	investigation-required-no-evidence	none	none	no closed-world evidence
0x0047FEA0	0x0047FEA0	0x0047FFBA	282	0	investigation-required-no-evidence	none	none	no closed-world evidence
0x0047FFC4	0x0047FFC4	0x00480002	62	0	investigation-required-no-evidence	none	none	no closed-world evidence
0x00480008	0x00480008	0x00480028	32	0	investigation-required-no-evidence	none	none	no closed-world evidence
0x00480028	0x00480028	0x00480058	48	0	investigation-required-no-evidence	none	none	no closed-world evidence
0x00480058	0x00480058	0x0048009E	70	0	investigation-required-no-evidence	none	none	no closed-world evidence
0x0048009E	0x0048009E	0x004800DE	64	0	investigation-required-no-evidence	none	none	references peripheral registers
0x004800E4	0x004800E4	0x004800F4	16	0	investigation-required-no-evidence	none	none	no closed-world evidence
0x004801FC	0x004801FC	0x00480240	68	0	investigation-required-no-evidence	none	none	references peripheral registers
0x00480240	0x00480240	0x0048028A	74	0	investigation-required-no-evidence	none	none	no closed-world evidence
0x0048028A	0x0048028A	0x004802CE	68	0	investigation-required-no-evidence	none	none	no closed-world evidence
0x004802CE	0x004802CE	0x00480312	68	0	investigation-required-no-evidence	none	none	no closed-world evidence
0x00480312	0x00480312	0x0048032C	26	0	investigation-required-no-evidence	none	none	no closed-world evidence
0x0048032C	0x0048032C	0x00480342	22	0	investigation-required-no-evidence	none	none	no closed-world evidence
0x00480342	0x00480342	0x00480358	22	0	investigation-required-no-evidence	none	none	no closed-world evidence
0x00480358	0x00480358	0x0048036E	22	0	investigation-required-no-evidence	none	none	no closed-world evidence
0x0048036E	0x0048036E	0x00480384	22	0	investigation-required-no-evidence	none	none	no closed-world evidence
0x00480384	0x00480384	0x0048039A	22	0	investigation-required-no-evidence	none	none	no closed-world evidence
0x0048039A	0x0048039A	0x004803AC	18	0	investigation-required-no-evidence	none	none	no closed-world evidence
0x004803AC	0x004803AC	0x004803C2	22	0	investigation-required-no-evidence	none	none	no closed-world evidence
0x004803C2	0x004803C2	0x004803DC	26	0	investigation-required-no-evidence	none	none	no closed-world evidence
0x004803DC	0x004803DC	0x004803F2	22	0	investigation-required-no-evidence	none	none	no closed-world evidence
0x004803F2	0x004803F2	0x00480408	22	0	investigation-required-no-evidence	none	none	no closed-world evidence
0x00480408	0x00480408	0x0048041E	22	0	investigation-required-no-evidence	none	none	no closed-world evidence
0x0048041E	0x0048041E	0x00480434	22	0	investigation-required-no-evidence	none	none	no closed-world evidence
0x00480434	0x00480434	0x004806D0	668	0	investigation-required-no-evidence	none	none	no closed-world evidence
0x004807A0	0x004807A0	0x004807F0	80	0	investigation-required-no-evidence	none	none	no closed-world evidence
0x004807FC	0x004807FC	0x00480826	42	0	investigation-required-no-evidence	none	none	no closed-world evidence
0x00480826	0x00480826	0x0048086A	68	0	investigation-required-no-evidence	none	none	no closed-world evidence
0x0048086A	0x0048086A	0x00480872	8	0	investigation-required-no-evidence	none	none	no closed-world evidence
0x00480874	0x00480874	0x004809C4	336	0	nanopb	call-topology-single-family	medium	every closed-world call target is nanopb
0x004809C4	0x004809C4	0x00480C56	658	0	investigation-required-no-evidence	none	none	no closed-world evidence
0x00480C56	0x00480C56	0x00480C7C	38	0	investigation-required-no-evidence	none	none	no closed-world evidence
0x00480C7C	0x00480C7C	0x00480D72	246	0	investigation-required-no-evidence	none	none	no closed-world evidence
0x00480D72	0x00480D72	0x00480E6C	250	0	investigation-required-no-evidence	none	none	no closed-world evidence
0x00480ED8	0x00480ED8	0x00480EEE	22	0	investigation-required-no-evidence	none	none	no closed-world evidence
0x00480EEE	0x00480EEE	0x00480F0C	30	0	investigation-required-no-evidence	none	none	no closed-world evidence
0x00480F0C	0x00480F0C	0x00480F8A	126	0	investigation-required-no-evidence	none	none	no closed-world evidence
0x00480F8A	0x00480F8A	0x00480FD6	76	0	investigation-required-no-evidence	none	none	no closed-world evidence
0x00480FD6	0x00480FD6	0x004810B0	218	0	investigation-required-no-evidence	none	none	no closed-world evidence
0x004810B0	0x004810B0	0x004812F6	582	0	investigation-required-no-evidence	none	none	no closed-world evidence
0x004812F6	0x004812F6	0x00481468	370	0	investigation-required-no-evidence	none	none	no closed-world evidence
0x00481468	0x00481468	0x00481574	268	0	investigation-required-no-evidence	none	none	no closed-world evidence
0x00481574	0x00481574	0x004815F2	126	0	investigation-required-no-evidence	none	none	no closed-world evidence
0x004815F2	0x004815F2	0x0048162C	58	0	investigation-required-no-evidence	none	none	no closed-world evidence
0x0048162C	0x0048162C	0x004816C6	154	0	investigation-required-no-evidence	none	none	no closed-world evidence
0x004816C6	0x004816C6	0x0048173A	116	0	investigation-required-no-evidence	none	none	no closed-world evidence
0x00481818	0x00481818	0x0048182E	22	0	investigation-required-no-evidence	none	none	no closed-world evidence
0x00481830	0x00481830	0x00481836	6	0	investigation-required-no-evidence	none	none	no closed-world evidence
0x00481836	0x00481836	0x004824EE	3256	3256	iar-dlib	library-string-signature	high	references IAR DLIB printf_s/scanf_s/constraint diagnostics
0x00482518	0x00482518	0x0048262C	276	0	first-party	call-topology-single-family	medium	every closed-world call target is first-party
0x0048262C	0x0048262C	0x00482672	70	0	investigation-required-no-evidence	none	none	no closed-world evidence
0x00482684	0x00482684	0x004826B2	46	0	investigation-required-no-evidence	none	none	no closed-world evidence
0x004826FC	0x004826FC	0x00482708	12	0	investigation-required-no-evidence	none	none	no closed-world evidence
0x00482708	0x00482708	0x00482716	14	0	investigation-required-no-evidence	none	none	no closed-world evidence
0x00482716	0x00482716	0x0048277E	104	0	investigation-required-no-evidence	none	none	no closed-world evidence
0x0048277E	0x0048277E	0x0048278C	14	0	investigation-required-no-evidence	none	none	no closed-world evidence
0x0048278C	0x0048278C	0x00482796	10	0	investigation-required-no-evidence	none	none	no closed-world evidence
0x00482796	0x00482796	0x004827B0	26	0	investigation-required-no-evidence	none	none	no closed-world evidence
0x00482946	0x00482946	0x00482950	10	0	lvgl	link-order-sandwich	low	bracketed in link order by lvgl
0x00482950	0x00482950	0x0048297C	44	0	lvgl	link-order-sandwich	low	bracketed in link order by lvgl
0x0048297C	0x0048297C	0x00482A5A	222	0	lvgl	link-order-sandwich	low	bracketed in link order by lvgl
0x00482A5A	0x00482A5A	0x00482A6A	16	0	lvgl	link-order-sandwich	low	bracketed in link order by lvgl
0x00482A6A	0x00482A6A	0x00482AB2	72	0	lvgl	link-order-sandwich	low	bracketed in link order by lvgl
0x00482B00	0x00482B00	0x00482B12	18	0	lvgl	link-order-sandwich	low	bracketed in link order by lvgl
0x00482B12	0x00482B12	0x00482B56	68	0	lvgl	link-order-sandwich	low	bracketed in link order by lvgl
0x00482B56	0x00482B56	0x00482BCA	116	0	lvgl	link-order-sandwich	low	bracketed in link order by lvgl
0x00482BCA	0x00482BCA	0x00482C0E	68	0	lvgl	link-order-sandwich	low	bracketed in link order by lvgl
0x00482C0E	0x00482C0E	0x00482C9A	140	0	lvgl	link-order-sandwich	low	bracketed in link order by lvgl
0x00482C9A	0x00482C9A	0x00482CD8	62	0	lvgl	link-order-sandwich	low	bracketed in link order by lvgl
0x00482CD8	0x00482CD8	0x00482CE4	12	0	lvgl	link-order-sandwich	low	bracketed in link order by lvgl
0x00482CE4	0x00482CE4	0x00482CF0	12	0	lvgl	link-order-sandwich	low	bracketed in link order by lvgl
0x00482CF0	0x00482CF0	0x00482CFA	10	0	lvgl	link-order-sandwich	low	bracketed in link order by lvgl
0x00482CFA	0x00482CFA	0x00482D02	8	0	lvgl	link-order-sandwich	low	bracketed in link order by lvgl
0x00482D02	0x00482D02	0x00482D22	32	0	lvgl	link-order-sandwich	low	bracketed in link order by lvgl
0x00482D22	0x00482D22	0x00482D88	102	0	lvgl	link-order-sandwich	low	bracketed in link order by lvgl
0x00482D88	0x00482D88	0x00482DA4	28	0	lvgl	link-order-sandwich	low	bracketed in link order by lvgl
0x00482DA4	0x00482DA4	0x00482DAE	10	0	lvgl	link-order-sandwich	low	bracketed in link order by lvgl
0x00482DAE	0x00482DAE	0x00482DC2	20	0	lvgl	link-order-sandwich	low	bracketed in link order by lvgl
0x00482DC2	0x00482DC2	0x00482DD8	22	0	lvgl	link-order-sandwich	low	bracketed in link order by lvgl
0x00482DD8	0x00482DD8	0x00482E4C	116	0	lvgl	link-order-sandwich	low	bracketed in link order by lvgl
0x00482E4C	0x00482E4C	0x00482ED4	136	0	lvgl	link-order-sandwich	low	bracketed in link order by lvgl
0x00482EF6	0x00482EF6	0x00482F72	124	0	lvgl	link-order-sandwich	low	bracketed in link order by lvgl
0x00482F74	0x00482F74	0x00482F8A	22	0	lvgl	call-topology-single-family	medium	every closed-world call target is lvgl
0x00482F8A	0x00482F8A	0x00482FAA	32	0	lvgl	link-order-sandwich	low	bracketed in link order by lvgl
0x00482FAA	0x00482FAA	0x00482FCE	36	0	lvgl	call-topology-single-family	medium	every closed-world call target is lvgl
0x00482FCE	0x00482FCE	0x00482FF2	36	0	lvgl	link-order-sandwich	low	bracketed in link order by lvgl
0x00482FF2	0x00482FF2	0x00483028	54	0	lvgl	link-order-sandwich	low	bracketed in link order by lvgl
0x00483030	0x00483030	0x00483032	2	0	lvgl	link-order-sandwich	low	bracketed in link order by lvgl
0x00483032	0x00483032	0x00483044	18	0	lvgl	link-order-sandwich	low	bracketed in link order by lvgl
0x00483044	0x00483044	0x0048306C	40	0	lvgl	link-order-sandwich	low	bracketed in link order by lvgl
0x0048306C	0x0048306C	0x004830DA	110	0	lvgl	link-order-sandwich	low	bracketed in link order by lvgl
0x004830DA	0x004830DA	0x0048320A	304	0	lvgl	link-order-sandwich	low	bracketed in link order by lvgl
0x0048320A	0x0048320A	0x0048329C	146	0	lvgl	link-order-sandwich	low	bracketed in link order by lvgl
0x0048329C	0x0048329C	0x0048334E	178	0	first-party	call-topology-single-family	medium	every closed-world call target is first-party
0x00483350	0x00483350	0x00483612	706	0	lvgl	link-order-sandwich	low	bracketed in link order by lvgl
0x0048364C	0x0048364C	0x00483908	700	0	lvgl	link-order-sandwich	low	bracketed in link order by lvgl
0x00483960	0x00483960	0x00483FCC	1644	0	lvgl	link-order-sandwich	low	bracketed in link order by lvgl
0x00483FD0	0x00483FD0	0x00483FEA	26	0	lvgl	link-order-sandwich	low	bracketed in link order by lvgl
0x00483FEA	0x00483FEA	0x00483FFC	18	0	lvgl	link-order-sandwich	low	bracketed in link order by lvgl
0x00484014	0x00484014	0x00484052	62	0	lvgl	call-topology-single-family	medium	every closed-world call target is lvgl
0x00484052	0x00484052	0x004840AA	88	0	lvgl	link-order-sandwich	low	bracketed in link order by lvgl
0x004840C8	0x004840C8	0x0048413C	116	116	lvgl	link-order-sandwich	low	bracketed in link order by lvgl
0x0048413C	0x0048413C	0x00484180	68	0	lvgl	link-order-sandwich	low	bracketed in link order by lvgl
0x00484180	0x00484180	0x004841D8	88	0	lvgl	link-order-sandwich	low	bracketed in link order by lvgl
0x004841D8	0x004841D8	0x00484234	92	0	tlsf	call-topology-single-family	medium	every closed-world call target is tlsf
0x00484234	0x00484234	0x0048429E	106	0	tlsf	call-topology-single-family	medium	every closed-world call target is tlsf
0x0048429E	0x0048429E	0x004842E6	72	0	tlsf	call-topology-single-family	medium	every closed-world call target is tlsf
0x004842E6	0x004842E6	0x0048431E	56	56	lvgl	link-order-sandwich	low	bracketed in link order by lvgl
0x0048431E	0x0048431E	0x0048432A	12	0	lvgl	link-order-sandwich	low	bracketed in link order by lvgl
0x0048432A	0x0048432A	0x00484338	14	0	lvgl	link-order-sandwich	low	bracketed in link order by lvgl
0x00484338	0x00484338	0x00484344	12	0	lvgl	link-order-sandwich	low	bracketed in link order by lvgl
0x00484380	0x00484380	0x0048438C	12	12	lvgl	link-order-sandwich	low	bracketed in link order by lvgl
0x0048438C	0x0048438C	0x00484398	12	12	lvgl	link-order-sandwich	low	bracketed in link order by lvgl
0x00484528	0x00484528	0x00484548	32	32	lvgl	link-order-sandwich	low	bracketed in link order by lvgl
0x00484548	0x00484548	0x0048458E	70	70	lvgl	link-order-sandwich	low	bracketed in link order by lvgl
0x0048458E	0x0048458E	0x00484622	148	148	lvgl	call-topology-single-family	medium	every closed-world call target is lvgl
0x00484622	0x00484622	0x0048462E	12	12	lvgl	link-order-sandwich	low	bracketed in link order by lvgl
0x0048462E	0x0048462E	0x0048463A	12	12	lvgl	link-order-sandwich	low	bracketed in link order by lvgl
0x0048463A	0x0048463A	0x00484656	28	28	lvgl	link-order-sandwich	low	bracketed in link order by lvgl
0x00484656	0x00484656	0x004846DE	136	136	lvgl	link-order-sandwich	low	bracketed in link order by lvgl
0x004847C4	0x004847C4	0x00484836	114	114	lvgl	call-topology-single-family	medium	every closed-world call target is lvgl
0x004848B2	0x004848B2	0x004848E8	54	54	lvgl	link-order-sandwich	low	bracketed in link order by lvgl
0x004849FC	0x004849FC	0x00484A0E	18	18	lvgl	link-order-sandwich	low	bracketed in link order by lvgl
0x00484A10	0x00484A10	0x00484A26	22	22	lvgl	link-order-sandwich	low	bracketed in link order by lvgl
0x00484A26	0x00484A26	0x00484A4E	40	40	lvgl	link-order-sandwich	low	bracketed in link order by lvgl
0x00484A4E	0x00484A4E	0x00484A66	24	24	lvgl	link-order-sandwich	low	bracketed in link order by lvgl
0x00484A66	0x00484A66	0x00484A7E	24	24	lvgl	link-order-sandwich	low	bracketed in link order by lvgl
0x00484A7E	0x00484A7E	0x00484A96	24	24	lvgl	link-order-sandwich	low	bracketed in link order by lvgl
0x00484A98	0x00484A98	0x00487022	9610	9610	lvgl	call-topology-single-family	medium	every closed-world call target is lvgl
0x00487022	0x00487022	0x00487156	308	308	lvgl	link-order-sandwich	low	bracketed in link order by lvgl
0x00487156	0x00487156	0x0048716C	22	22	lvgl	link-order-sandwich	low	bracketed in link order by lvgl
0x0048716C	0x0048716C	0x00487180	20	20	lvgl	link-order-sandwich	low	bracketed in link order by lvgl
0x00488198	0x00488198	0x004881B4	28	28	lvgl	link-order-sandwich	low	bracketed in link order by lvgl
0x004883F0	0x004883F0	0x004883FC	12	12	lvgl	link-order-sandwich	low	bracketed in link order by lvgl
0x00488478	0x00488478	0x0048849C	36	36	lvgl	link-order-sandwich	low	bracketed in link order by lvgl
0x004885F0	0x004885F0	0x00488686	150	150	lvgl	link-order-sandwich	low	bracketed in link order by lvgl
0x00488686	0x00488686	0x0048869A	20	20	lvgl	link-order-sandwich	low	bracketed in link order by lvgl
0x0048869A	0x0048869A	0x004887BC	290	290	lvgl	link-order-sandwich	low	bracketed in link order by lvgl
0x004887BC	0x004887BC	0x0048886E	178	178	lvgl	link-order-sandwich	low	bracketed in link order by lvgl
0x004888B4	0x004888B4	0x004888F6	66	66	lvgl	link-order-sandwich	low	bracketed in link order by lvgl
0x004888F6	0x004888F6	0x004888FC	6	6	lvgl	link-order-sandwich	low	bracketed in link order by lvgl
0x0048890C	0x0048890C	0x00488918	12	12	lvgl	link-order-sandwich	low	bracketed in link order by lvgl
0x00488918	0x00488918	0x0048895E	70	70	lvgl	link-order-sandwich	low	bracketed in link order by lvgl
0x00488CB8	0x00488CB8	0x00488CDA	34	34	lvgl	link-order-sandwich	low	bracketed in link order by lvgl
0x00488CDA	0x00488CDA	0x00488F18	574	574	first-party	call-topology-single-family	medium	every closed-world call target is first-party
0x00488F40	0x00488F40	0x00488F4C	12	12	lvgl	link-order-sandwich	low	bracketed in link order by lvgl
0x00488F4C	0x00488F4C	0x00488F6A	30	30	lvgl	link-order-sandwich	low	bracketed in link order by lvgl
0x00488F6A	0x00488F6A	0x00488F9C	50	50	lvgl	call-topology-single-family	medium	every closed-world call target is lvgl
0x0048908C	0x0048908C	0x004890C8	60	60	lvgl	call-topology-single-family	medium	every closed-world call target is lvgl
0x0048911A	0x0048911A	0x00489168	78	78	lvgl	call-topology-single-family	medium	every closed-world call target is lvgl
0x004893E6	0x004893E6	0x00489418	50	50	lvgl	link-order-sandwich	low	bracketed in link order by lvgl
0x00489460	0x00489460	0x0048949A	58	58	lvgl	call-topology-single-family	medium	every closed-world call target is lvgl
0x0048949C	0x0048949C	0x004D558E	311538	0	rejected-oversized-envelope	analyzer-artifact	high	envelope exceeds the 16,384-byte trust cap; mixed data region
0x004894A4	0x004894A4	0x004894D0	44	44	lvgl	link-order-sandwich	low	bracketed in link order by lvgl
0x004894D0	0x004894D0	0x00489546	118	118	lvgl	link-order-sandwich	low	bracketed in link order by lvgl
0x00489652	0x00489652	0x00489698	70	70	lvgl	link-order-sandwich	low	bracketed in link order by lvgl
0x00489698	0x00489698	0x004897F6	350	350	lvgl	call-topology-single-family	medium	every closed-world call target is lvgl
0x004897FC	0x004897FC	0x00489934	312	312	lvgl	call-topology-single-family	medium	every closed-world call target is lvgl
0x00489934	0x00489934	0x004899A4	112	112	lvgl	call-topology-single-family	medium	every closed-world call target is lvgl
0x004899A4	0x004899A4	0x00489A38	148	148	lvgl	call-topology-single-family	medium	every closed-world call target is lvgl
0x00489A38	0x00489A38	0x00489A8C	84	84	lvgl	link-order-sandwich	low	bracketed in link order by lvgl
0x00489A8C	0x00489A8C	0x00489AD2	70	70	lvgl	link-order-sandwich	low	bracketed in link order by lvgl
0x00489B3C	0x00489B3C	0x00489B74	56	56	lvgl	link-order-sandwich	low	bracketed in link order by lvgl
0x00489B74	0x00489B74	0x00489BAC	56	56	lvgl	link-order-sandwich	low	bracketed in link order by lvgl
0x00489BAC	0x00489BAC	0x00489C5E	178	178	lvgl	link-order-sandwich	low	bracketed in link order by lvgl
0x00489C5E	0x00489C5E	0x00489DBC	350	350	lvgl	link-order-sandwich	low	bracketed in link order by lvgl
0x00489DBC	0x00489DBC	0x00489E14	88	88	lvgl	link-order-sandwich	low	bracketed in link order by lvgl
0x00489E14	0x00489E14	0x00489E4A	54	54	lvgl	link-order-sandwich	low	bracketed in link order by lvgl
0x00489E4A	0x00489E4A	0x00489E6E	36	36	lvgl	link-order-sandwich	low	bracketed in link order by lvgl
0x00489E6E	0x00489E6E	0x00489E92	36	36	lvgl	link-order-sandwich	low	bracketed in link order by lvgl
0x00489EC8	0x00489EC8	0x00489ED4	12	12	lvgl	link-order-sandwich	low	bracketed in link order by lvgl
0x00489ED4	0x00489ED4	0x00489EE0	12	12	lvgl	link-order-sandwich	low	bracketed in link order by lvgl
0x00489EE0	0x00489EE0	0x00489F5E	126	126	lvgl	link-order-sandwich	low	bracketed in link order by lvgl
0x00489F5E	0x00489F5E	0x00489FC8	106	106	lvgl	call-topology-single-family	medium	every closed-world call target is lvgl
0x00489FC8	0x00489FC8	0x00489FD6	14	14	lvgl	link-order-sandwich	low	bracketed in link order by lvgl
0x00489FD6	0x00489FD6	0x00489FE0	10	10	lvgl	link-order-sandwich	low	bracketed in link order by lvgl
0x0048A0BE	0x0048A0BE	0x0048A74A	1676	1676	lvgl	call-topology-single-family	medium	every closed-world call target is lvgl
0x0048A750	0x0048A750	0x0048A77E	46	46	lvgl	link-order-sandwich	low	bracketed in link order by lvgl
0x0048A978	0x0048A978	0x0048A984	12	12	lvgl	link-order-sandwich	low	bracketed in link order by lvgl
0x0048A984	0x0048A984	0x0048A98E	10	10	lvgl	link-order-sandwich	low	bracketed in link order by lvgl
0x0048AA54	0x0048AA54	0x0048AA60	12	12	lvgl	link-order-sandwich	low	bracketed in link order by lvgl
0x0048AA60	0x0048AA60	0x0048AA80	32	32	lvgl	link-order-sandwich	low	bracketed in link order by lvgl
0x0048AA80	0x0048AA80	0x0048AAA2	34	34	lvgl	link-order-sandwich	low	bracketed in link order by lvgl
0x0048AAA2	0x0048AAA2	0x0048AAD8	54	54	lvgl	link-order-sandwich	low	bracketed in link order by lvgl
0x0048AAD8	0x0048AAD8	0x0048AAEA	18	18	lvgl	link-order-sandwich	low	bracketed in link order by lvgl
0x0048AAEA	0x0048AAEA	0x0048AB04	26	26	lvgl	link-order-sandwich	low	bracketed in link order by lvgl
0x0048AB04	0x0048AB04	0x0048AB16	18	18	lvgl	link-order-sandwich	low	bracketed in link order by lvgl
0x0048AB16	0x0048AB16	0x0048AB30	26	26	lvgl	link-order-sandwich	low	bracketed in link order by lvgl
0x0048AFFA	0x0048AFFA	0x0048B010	22	22	lvgl	call-topology-single-family	medium	every closed-world call target is lvgl
0x0048B134	0x0048B134	0x0048B196	98	98	lvgl	call-topology-single-family	medium	every closed-world call target is lvgl
0x0048B196	0x0048B196	0x0048B216	128	128	lvgl	link-order-sandwich	low	bracketed in link order by lvgl
0x0048B73C	0x0048B73C	0x0048B750	20	20	lvgl	link-order-sandwich	low	bracketed in link order by lvgl
0x0048B750	0x0048B750	0x0048B762	18	18	lvgl	link-order-sandwich	low	bracketed in link order by lvgl
0x0048B762	0x0048B762	0x0048B7A6	68	68	lvgl	call-topology-single-family	medium	every closed-world call target is lvgl
0x0048B840	0x0048B840	0x0048B85A	26	26	lvgl	link-order-sandwich	low	bracketed in link order by lvgl
0x0048B85A	0x0048B85A	0x0048B86C	18	18	lvgl	link-order-sandwich	low	bracketed in link order by lvgl
0x0048B86C	0x0048B86C	0x0048B8D8	108	108	lvgl	link-order-sandwich	low	bracketed in link order by lvgl
0x0048B8D8	0x0048B8D8	0x0048B8F6	30	30	lvgl	link-order-sandwich	low	bracketed in link order by lvgl
0x0048B8F8	0x0048B8F8	0x0048B90A	18	18	lvgl	link-order-sandwich	low	bracketed in link order by lvgl
0x0048B90A	0x0048B90A	0x0048B914	10	10	lvgl	call-topology-single-family	medium	every closed-world call target is lvgl
0x0048B914	0x0048B914	0x0048B91E	10	10	lvgl	call-topology-single-family	medium	every closed-world call target is lvgl
0x0048B91E	0x0048B91E	0x0048B928	10	10	lvgl	call-topology-single-family	medium	every closed-world call target is lvgl
0x0048B928	0x0048B928	0x0048B932	10	10	lvgl	call-topology-single-family	medium	every closed-world call target is lvgl
0x0048B932	0x0048B932	0x0048B93C	10	10	lvgl	call-topology-single-family	medium	every closed-world call target is lvgl
0x0048B93C	0x0048B93C	0x0048B946	10	10	lvgl	call-topology-single-family	medium	every closed-world call target is lvgl
0x0048B946	0x0048B946	0x0048B950	10	10	lvgl	call-topology-single-family	medium	every closed-world call target is lvgl
0x0048B950	0x0048B950	0x0048B95A	10	10	lvgl	call-topology-single-family	medium	every closed-world call target is lvgl
0x0048B95A	0x0048B95A	0x0048B964	10	10	lvgl	call-topology-single-family	medium	every closed-world call target is lvgl
0x0048B964	0x0048B964	0x0048B96E	10	10	lvgl	call-topology-single-family	medium	every closed-world call target is lvgl
0x0048B96E	0x0048B96E	0x0048B978	10	10	lvgl	call-topology-single-family	medium	every closed-world call target is lvgl
0x0048B978	0x0048B978	0x0048B982	10	10	lvgl	call-topology-single-family	medium	every closed-world call target is lvgl
0x0048B982	0x0048B982	0x0048B98C	10	10	lvgl	call-topology-single-family	medium	every closed-world call target is lvgl
0x0048B98C	0x0048B98C	0x0048B996	10	10	lvgl	call-topology-single-family	medium	every closed-world call target is lvgl
0x0048B996	0x0048B996	0x0048B9A0	10	10	lvgl	call-topology-single-family	medium	every closed-world call target is lvgl
0x0048B9A0	0x0048B9A0	0x0048B9AA	10	10	lvgl	call-topology-single-family	medium	every closed-world call target is lvgl
0x0048B9AA	0x0048B9AA	0x0048B9B4	10	10	lvgl	call-topology-single-family	medium	every closed-world call target is lvgl
0x0048B9B4	0x0048B9B4	0x0048B9C0	12	12	lvgl	call-topology-single-family	medium	every closed-world call target is lvgl
0x0048B9C0	0x0048B9C0	0x0048B9CC	12	12	lvgl	call-topology-single-family	medium	every closed-world call target is lvgl
0x0048B9CC	0x0048B9CC	0x0048B9D8	12	12	lvgl	call-topology-single-family	medium	every closed-world call target is lvgl
0x0048B9D8	0x0048B9D8	0x0048B9E4	12	12	lvgl	call-topology-single-family	medium	every closed-world call target is lvgl
0x0048B9E4	0x0048B9E4	0x0048B9F0	12	12	lvgl	call-topology-single-family	medium	every closed-world call target is lvgl
0x0048B9F0	0x0048B9F0	0x0048B9FC	12	12	lvgl	call-topology-single-family	medium	every closed-world call target is lvgl
0x0048B9FC	0x0048B9FC	0x0048BA08	12	12	lvgl	call-topology-single-family	medium	every closed-world call target is lvgl
0x0048BA08	0x0048BA08	0x0048BA36	46	46	lvgl	link-order-sandwich	low	bracketed in link order by lvgl
0x0048BA36	0x0048BA36	0x0048BA64	46	46	lvgl	link-order-sandwich	low	bracketed in link order by lvgl
0x0048BA64	0x0048BA64	0x0048BA78	20	20	lvgl	link-order-sandwich	low	bracketed in link order by lvgl
0x0048BA78	0x0048BA78	0x0048BA92	26	26	lvgl	link-order-sandwich	low	bracketed in link order by lvgl
0x0048BA92	0x0048BA92	0x0048BAC8	54	54	lvgl	link-order-sandwich	low	bracketed in link order by lvgl
0x0048BAC8	0x0048BAC8	0x0048BAE2	26	26	lvgl	call-topology-single-family	medium	every closed-world call target is lvgl
0x0048BAE4	0x0048BAE4	0x0048BE22	830	830	lvgl	call-topology-single-family	medium	every closed-world call target is lvgl
0x0048C6D8	0x0048C6D8	0x0048C770	152	152	lvgl	link-order-sandwich	low	bracketed in link order by lvgl
0x0048C770	0x0048C770	0x0048C7B2	66	66	lvgl	link-order-sandwich	low	bracketed in link order by lvgl
0x0048C7B4	0x0048C7B4	0x0048C7D8	36	36	lvgl	call-topology-single-family	medium	every closed-world call target is lvgl
0x0048C7D8	0x0048C7D8	0x0048C7FC	36	36	lvgl	call-topology-single-family	medium	every closed-world call target is lvgl
0x0048C7FC	0x0048C7FC	0x0048C80E	18	18	lvgl	link-order-sandwich	low	bracketed in link order by lvgl
0x0048C80E	0x0048C80E	0x0048C81A	12	12	lvgl	link-order-sandwich	low	bracketed in link order by lvgl
0x0048C81A	0x0048C81A	0x0048C824	10	10	lvgl	call-topology-single-family	medium	every closed-world call target is lvgl
0x0048C824	0x0048C824	0x0048C82E	10	10	lvgl	call-topology-single-family	medium	every closed-world call target is lvgl
0x0048C82E	0x0048C82E	0x0048C838	10	10	lvgl	call-topology-single-family	medium	every closed-world call target is lvgl
0x0048C838	0x0048C838	0x0048C842	10	10	lvgl	call-topology-single-family	medium	every closed-world call target is lvgl
0x0048C842	0x0048C842	0x0048C84C	10	10	lvgl	call-topology-single-family	medium	every closed-world call target is lvgl
0x0048C84C	0x0048C84C	0x0048C856	10	10	lvgl	call-topology-single-family	medium	every closed-world call target is lvgl
0x0048C856	0x0048C856	0x0048C860	10	10	lvgl	call-topology-single-family	medium	every closed-world call target is lvgl
0x0048C860	0x0048C860	0x0048C86A	10	10	lvgl	call-topology-single-family	medium	every closed-world call target is lvgl
0x0048C86A	0x0048C86A	0x0048C874	10	10	lvgl	call-topology-single-family	medium	every closed-world call target is lvgl
0x0048C874	0x0048C874	0x0048C87E	10	10	lvgl	call-topology-single-family	medium	every closed-world call target is lvgl
0x0048C87E	0x0048C87E	0x0048C888	10	10	lvgl	call-topology-single-family	medium	every closed-world call target is lvgl
0x0048C888	0x0048C888	0x0048C892	10	10	lvgl	call-topology-single-family	medium	every closed-world call target is lvgl
0x0048C892	0x0048C892	0x0048C89C	10	10	lvgl	call-topology-single-family	medium	every closed-world call target is lvgl
0x0048C89C	0x0048C89C	0x0048C8A8	12	12	lvgl	call-topology-single-family	medium	every closed-world call target is lvgl
0x0048C8A8	0x0048C8A8	0x0048C8B4	12	12	lvgl	call-topology-single-family	medium	every closed-world call target is lvgl
0x0048C8B4	0x0048C8B4	0x0048C8BE	10	10	lvgl	call-topology-single-family	medium	every closed-world call target is lvgl
0x0048C8BE	0x0048C8BE	0x0048C8CA	12	12	lvgl	call-topology-single-family	medium	every closed-world call target is lvgl
0x0048C8CA	0x0048C8CA	0x0048C8D4	10	10	lvgl	call-topology-single-family	medium	every closed-world call target is lvgl
0x0048C8D4	0x0048C8D4	0x0048C8E0	12	12	lvgl	call-topology-single-family	medium	every closed-world call target is lvgl
0x0048C8E0	0x0048C8E0	0x0048C8EA	10	10	lvgl	call-topology-single-family	medium	every closed-world call target is lvgl
0x0048C8EA	0x0048C8EA	0x0048C8F6	12	12	lvgl	call-topology-single-family	medium	every closed-world call target is lvgl
0x0048C8F6	0x0048C8F6	0x0048C900	10	10	lvgl	call-topology-single-family	medium	every closed-world call target is lvgl
0x0048C900	0x0048C900	0x0048C90A	10	10	lvgl	call-topology-single-family	medium	every closed-world call target is lvgl
0x0048C90A	0x0048C90A	0x0048C916	12	12	lvgl	call-topology-single-family	medium	every closed-world call target is lvgl
0x0048C916	0x0048C916	0x0048C920	10	10	lvgl	call-topology-single-family	medium	every closed-world call target is lvgl
0x0048C920	0x0048C920	0x0048C94E	46	46	lvgl	link-order-sandwich	low	bracketed in link order by lvgl
0x0048C94E	0x0048C94E	0x0048C97C	46	46	lvgl	link-order-sandwich	low	bracketed in link order by lvgl
0x0048C97C	0x0048C97C	0x0048C986	10	10	lvgl	link-order-sandwich	low	bracketed in link order by lvgl
0x0048C986	0x0048C986	0x0048C990	10	10	lvgl	link-order-sandwich	low	bracketed in link order by lvgl
0x0048C990	0x0048C990	0x0048C99A	10	10	lvgl	link-order-sandwich	low	bracketed in link order by lvgl
0x0048C99A	0x0048C99A	0x0048C9A4	10	10	lvgl	link-order-sandwich	low	bracketed in link order by lvgl
0x0048C9A4	0x0048C9A4	0x0048C9AE	10	10	lvgl	link-order-sandwich	low	bracketed in link order by lvgl
0x0048C9AE	0x0048C9AE	0x0048C9B8	10	10	lvgl	link-order-sandwich	low	bracketed in link order by lvgl
0x0048C9B8	0x0048C9B8	0x0048C9C2	10	10	lvgl	link-order-sandwich	low	bracketed in link order by lvgl
0x0048C9C2	0x0048C9C2	0x0048C9CC	10	10	lvgl	link-order-sandwich	low	bracketed in link order by lvgl
0x0048C9CC	0x0048C9CC	0x0048C9D6	10	10	lvgl	link-order-sandwich	low	bracketed in link order by lvgl
0x0048C9D6	0x0048C9D6	0x0048C9E0	10	10	lvgl	link-order-sandwich	low	bracketed in link order by lvgl
0x0048C9E0	0x0048C9E0	0x0048C9FC	28	28	lvgl	link-order-sandwich	low	bracketed in link order by lvgl
0x0048C9FC	0x0048C9FC	0x0048CA18	28	28	lvgl	link-order-sandwich	low	bracketed in link order by lvgl
0x0048CA18	0x0048CA18	0x0048CA26	14	14	lvgl	link-order-sandwich	low	bracketed in link order by lvgl
0x0048CA26	0x0048CA26	0x0048CA3A	20	20	lvgl	link-order-sandwich	low	bracketed in link order by lvgl
0x0048CA3C	0x0048CA3C	0x0048CAD8	156	156	lvgl	call-topology-single-family	medium	every closed-world call target is lvgl
0x0048CAD8	0x0048CAD8	0x0048CBDA	258	258	lvgl	call-topology-single-family	medium	every closed-world call target is lvgl
0x0048CBDA	0x0048CBDA	0x0048CBF8	30	30	lvgl	link-order-sandwich	low	bracketed in link order by lvgl
0x0048CFE0	0x0048CFE0	0x0048D3A0	960	960	lvgl	call-topology-single-family	medium	every closed-world call target is lvgl
0x0048D3C8	0x0048D3C8	0x0048D4D0	264	264	investigation-required-no-evidence	none	none	no closed-world evidence
0x0048D4D0	0x0048D4D0	0x0048D4E6	22	22	investigation-required-no-evidence	none	none	no closed-world evidence
0x0048D4E8	0x0048D4E8	0x0048D53E	86	0	investigation-required-no-evidence	none	none	no closed-world evidence
0x0048D540	0x0048D540	0x0048D558	24	24	investigation-required-no-evidence	none	none	no closed-world evidence
0x0048D558	0x0048D558	0x0048D568	16	16	investigation-required-no-evidence	none	none	no closed-world evidence
0x0048D570	0x0048D570	0x0048D588	24	24	investigation-required-no-evidence	none	none	no closed-world evidence
0x0048D588	0x0048D588	0x0048D620	152	152	investigation-required-no-evidence	none	none	no closed-world evidence
0x0048D620	0x0048D620	0x0048D654	52	52	investigation-required-no-evidence	none	none	no closed-world evidence
0x0048D654	0x0048D654	0x0048D670	28	28	investigation-required-no-evidence	none	none	no closed-world evidence
0x0048D670	0x0048D670	0x0048D6DC	108	108	investigation-required-no-evidence	none	none	no closed-world evidence
0x0048D6DC	0x0048D6DC	0x0048D6E6	10	10	investigation-required-no-evidence	none	none	no closed-world evidence
0x0048D6E6	0x0048D6E6	0x0048D6F0	10	10	investigation-required-no-evidence	none	none	no closed-world evidence
0x0048D6F0	0x0048D6F0	0x0048D704	20	20	investigation-required-no-evidence	none	none	no closed-world evidence
0x0048D724	0x0048D724	0x0048D866	322	322	investigation-required-no-evidence	none	none	no closed-world evidence
0x0048D868	0x0048D868	0x0048D86A	2	2	investigation-required-no-evidence	none	none	linker veneer
0x0048D86C	0x0048D86C	0x0048D872	6	6	investigation-required-no-evidence	none	none	no closed-world evidence
0x0048D874	0x0048D874	0x0048D87A	6	6	investigation-required-no-evidence	none	none	no closed-world evidence
0x0048E0A8	0x0048E0A8	0x0048E0AC	4	4	first-party	closed-module-manifest	high	function-map manifest g2-ota-transport
0x0048E1CC	0x0048E1CC	0x0048E1CE	2	2	first-party	closed-module-manifest	high	function-map manifest g2-thread-notification
0x0048E1CE	0x0048E1CE	0x0048E1F6	40	40	first-party	closed-module-manifest	high	function-map manifest g2-thread-notification
0x0048E1F6	0x0048E1F6	0x0048E1FE	8	8	first-party	closed-module-manifest	high	function-map manifest g2-thread-notification
0x0048E1FE	0x0048E1FE	0x0048E208	10	10	first-party	closed-module-manifest	high	function-map manifest g2-thread-notification
0x0048E208	0x0048E208	0x0048E212	10	10	first-party	closed-module-manifest	high	function-map manifest g2-thread-notification
0x0048E25E	0x0048E25E	0x0048E2B8	90	90	first-party	closed-module-manifest	high	function-map manifest g2-thread-notification
0x0048E8D4	0x0048E8D4	0x0048E8E2	14	14	first-party	link-order-sandwich	low	bracketed in link order by first-party
0x0048E8E2	0x0048E8E2	0x0048E8F0	14	14	first-party	link-order-sandwich	low	bracketed in link order by first-party
0x0048E8F0	0x0048E8F0	0x0048E900	16	16	first-party	link-order-sandwich	low	bracketed in link order by first-party
0x0048E900	0x0048E900	0x0048E99C	156	156	first-party	link-order-sandwich	low	bracketed in link order by first-party
0x0048E99C	0x0048E99C	0x0048E9BE	34	34	first-party	link-order-sandwich	low	bracketed in link order by first-party
0x0048E9BE	0x0048E9BE	0x0048EA66	168	168	first-party	link-order-sandwich	low	bracketed in link order by first-party
0x0048EA66	0x0048EA66	0x0048EAC8	98	98	first-party	link-order-sandwich	low	bracketed in link order by first-party
0x0048EAC8	0x0048EAC8	0x0048EB32	106	106	first-party	link-order-sandwich	low	bracketed in link order by first-party
0x0048EB32	0x0048EB32	0x0048EB90	94	94	first-party	link-order-sandwich	low	bracketed in link order by first-party
0x0048EB90	0x0048EB90	0x0048EC9E	270	270	first-party	link-order-sandwich	low	bracketed in link order by first-party
0x0048EC9E	0x0048EC9E	0x0048ECAE	16	16	first-party	link-order-sandwich	low	bracketed in link order by first-party
0x0048ECAE	0x0048ECAE	0x0048ECE2	52	52	first-party	link-order-sandwich	low	bracketed in link order by first-party
0x0048ECE2	0x0048ECE2	0x0048ECEC	10	10	first-party	link-order-sandwich	low	bracketed in link order by first-party
0x0048ECEC	0x0048ECEC	0x0048ED00	20	20	first-party	link-order-sandwich	low	bracketed in link order by first-party
0x0048ED00	0x0048ED00	0x0048ED74	116	116	first-party	link-order-sandwich	low	bracketed in link order by first-party
0x0048EE28	0x0048EE28	0x0048EE2A	2	2	first-party	closed-module-manifest	high	function-map manifest g2-thread-ble-message
0x0048EE2A	0x0048EE2A	0x0048EE52	40	40	first-party	closed-module-manifest	high	function-map manifest g2-thread-ble-message
0x0048EE52	0x0048EE52	0x0048EE54	2	2	first-party	closed-module-manifest	high	function-map manifest g2-thread-ble-message
0x0048EE54	0x0048EE54	0x0048EE5E	10	10	first-party	closed-module-manifest	high	function-map manifest g2-thread-ble-message
0x0048EE5E	0x0048EE5E	0x0048EE68	10	10	first-party	closed-module-manifest	high	function-map manifest g2-thread-ble-message
0x0048EEAC	0x0048EEAC	0x0048EFAC	256	256	first-party	closed-module-manifest	high	function-map manifest g2-thread-ble-message
0x0048EFAC	0x0048EFAC	0x0048EFC2	22	22	first-party	closed-module-manifest	high	function-map manifest g2-thread-ble-message
0x0048F3BE	0x0048F3BE	0x0048F454	150	0	nanopb	documented-family-evidence	medium	docs/upstream-inventory.md nanopb row: runtime at 0x0048F000-0x00491400 compatible with pristine upstream 0.4.7-0.4.9.1
0x0048F454	0x0048F454	0x0048F49C	72	0	nanopb	documented-family-evidence	medium	docs/upstream-inventory.md nanopb row: runtime at 0x0048F000-0x00491400 compatible with pristine upstream 0.4.7-0.4.9.1
0x0048F49C	0x0048F49C	0x0048F4B8	28	0	nanopb	documented-family-evidence	medium	docs/upstream-inventory.md nanopb row: runtime at 0x0048F000-0x00491400 compatible with pristine upstream 0.4.7-0.4.9.1
0x0048F4B8	0x0048F4B8	0x0048F5AE	246	0	nanopb	documented-family-evidence	medium	docs/upstream-inventory.md nanopb row: runtime at 0x0048F000-0x00491400 compatible with pristine upstream 0.4.7-0.4.9.1
0x0048F5AE	0x0048F5AE	0x0048F5B8	10	0	nanopb	documented-family-evidence	medium	docs/upstream-inventory.md nanopb row: runtime at 0x0048F000-0x00491400 compatible with pristine upstream 0.4.7-0.4.9.1
0x0048F5B8	0x0048F5B8	0x0048F628	112	0	nanopb	documented-family-evidence	medium	docs/upstream-inventory.md nanopb row: runtime at 0x0048F000-0x00491400 compatible with pristine upstream 0.4.7-0.4.9.1
0x0048F628	0x0048F628	0x0048F64C	36	0	nanopb	documented-family-evidence	medium	docs/upstream-inventory.md nanopb row: runtime at 0x0048F000-0x00491400 compatible with pristine upstream 0.4.7-0.4.9.1
0x0048F64C	0x0048F64C	0x0048F66C	32	0	nanopb	documented-family-evidence	medium	docs/upstream-inventory.md nanopb row: runtime at 0x0048F000-0x00491400 compatible with pristine upstream 0.4.7-0.4.9.1
0x0048F66C	0x0048F66C	0x0048F6A0	52	0	nanopb	documented-family-evidence	medium	docs/upstream-inventory.md nanopb row: runtime at 0x0048F000-0x00491400 compatible with pristine upstream 0.4.7-0.4.9.1
0x0048F6A0	0x0048F6A0	0x0048F6EA	74	0	nanopb	documented-family-evidence	medium	docs/upstream-inventory.md nanopb row: runtime at 0x0048F000-0x00491400 compatible with pristine upstream 0.4.7-0.4.9.1
0x0048F6EA	0x0048F6EA	0x0048F77E	148	0	nanopb	documented-family-evidence	medium	docs/upstream-inventory.md nanopb row: runtime at 0x0048F000-0x00491400 compatible with pristine upstream 0.4.7-0.4.9.1
0x0048F77E	0x0048F77E	0x0048F7CA	76	0	nanopb	documented-family-evidence	medium	docs/upstream-inventory.md nanopb row: runtime at 0x0048F000-0x00491400 compatible with pristine upstream 0.4.7-0.4.9.1
0x0048F7CA	0x0048F7CA	0x0048F7F4	42	0	nanopb	documented-family-evidence	medium	docs/upstream-inventory.md nanopb row: runtime at 0x0048F000-0x00491400 compatible with pristine upstream 0.4.7-0.4.9.1
0x0048F7F4	0x0048F7F4	0x0048F968	372	0	nanopb	documented-family-evidence	medium	docs/upstream-inventory.md nanopb row: runtime at 0x0048F000-0x00491400 compatible with pristine upstream 0.4.7-0.4.9.1
0x0048F968	0x0048F968	0x0048FB1C	436	0	nanopb	documented-family-evidence	medium	docs/upstream-inventory.md nanopb row: runtime at 0x0048F000-0x00491400 compatible with pristine upstream 0.4.7-0.4.9.1
0x0048FB1C	0x0048FB1C	0x0048FB30	20	0	nanopb	documented-family-evidence	medium	docs/upstream-inventory.md nanopb row: runtime at 0x0048F000-0x00491400 compatible with pristine upstream 0.4.7-0.4.9.1
0x0048FB30	0x0048FB30	0x0048FBE4	180	0	nanopb	documented-family-evidence	medium	docs/upstream-inventory.md nanopb row: runtime at 0x0048F000-0x00491400 compatible with pristine upstream 0.4.7-0.4.9.1
0x0048FBE4	0x0048FBE4	0x0048FC26	66	0	nanopb	documented-family-evidence	medium	docs/upstream-inventory.md nanopb row: runtime at 0x0048F000-0x00491400 compatible with pristine upstream 0.4.7-0.4.9.1
0x0048FC26	0x0048FC26	0x0048FC78	82	0	nanopb	documented-family-evidence	medium	docs/upstream-inventory.md nanopb row: runtime at 0x0048F000-0x00491400 compatible with pristine upstream 0.4.7-0.4.9.1
0x0048FC88	0x0048FC88	0x0048FCE2	90	0	nanopb	documented-family-evidence	medium	docs/upstream-inventory.md nanopb row: runtime at 0x0048F000-0x00491400 compatible with pristine upstream 0.4.7-0.4.9.1
0x0048FCE2	0x0048FCE2	0x0048FDF2	272	0	nanopb	documented-family-evidence	medium	docs/upstream-inventory.md nanopb row: runtime at 0x0048F000-0x00491400 compatible with pristine upstream 0.4.7-0.4.9.1
0x0048FDF2	0x0048FDF2	0x0048FE98	166	0	nanopb	documented-family-evidence	medium	docs/upstream-inventory.md nanopb row: runtime at 0x0048F000-0x00491400 compatible with pristine upstream 0.4.7-0.4.9.1
0x0048FE98	0x0048FE98	0x00490112	634	0	nanopb	documented-family-evidence	medium	docs/upstream-inventory.md nanopb row: runtime at 0x0048F000-0x00491400 compatible with pristine upstream 0.4.7-0.4.9.1
0x00490120	0x00490120	0x0049012C	12	12	nanopb	documented-family-evidence	medium	docs/upstream-inventory.md nanopb row: runtime at 0x0048F000-0x00491400 compatible with pristine upstream 0.4.7-0.4.9.1
0x0049012C	0x0049012C	0x00490150	36	0	nanopb	documented-family-evidence	medium	docs/upstream-inventory.md nanopb row: runtime at 0x0048F000-0x00491400 compatible with pristine upstream 0.4.7-0.4.9.1
0x00490150	0x00490150	0x00490190	64	0	nanopb	documented-family-evidence	medium	docs/upstream-inventory.md nanopb row: runtime at 0x0048F000-0x00491400 compatible with pristine upstream 0.4.7-0.4.9.1
0x00490190	0x00490190	0x004901AC	28	0	nanopb	documented-family-evidence	medium	docs/upstream-inventory.md nanopb row: runtime at 0x0048F000-0x00491400 compatible with pristine upstream 0.4.7-0.4.9.1
0x004901AC	0x004901AC	0x004901CC	32	0	nanopb	documented-family-evidence	medium	docs/upstream-inventory.md nanopb row: runtime at 0x0048F000-0x00491400 compatible with pristine upstream 0.4.7-0.4.9.1
0x004901CC	0x004901CC	0x004901D6	10	0	nanopb	documented-family-evidence	medium	docs/upstream-inventory.md nanopb row: runtime at 0x0048F000-0x00491400 compatible with pristine upstream 0.4.7-0.4.9.1
0x004901D6	0x004901D6	0x00490352	380	0	nanopb	documented-family-evidence	medium	docs/upstream-inventory.md nanopb row: runtime at 0x0048F000-0x00491400 compatible with pristine upstream 0.4.7-0.4.9.1
0x00490358	0x00490358	0x004903EA	146	0	nanopb	documented-family-evidence	medium	docs/upstream-inventory.md nanopb row: runtime at 0x0048F000-0x00491400 compatible with pristine upstream 0.4.7-0.4.9.1
0x004903EA	0x004903EA	0x00490488	158	0	nanopb	documented-family-evidence	medium	docs/upstream-inventory.md nanopb row: runtime at 0x0048F000-0x00491400 compatible with pristine upstream 0.4.7-0.4.9.1
0x0049048C	0x0049048C	0x00490538	172	0	nanopb	documented-family-evidence	medium	docs/upstream-inventory.md nanopb row: runtime at 0x0048F000-0x00491400 compatible with pristine upstream 0.4.7-0.4.9.1
0x0049053C	0x0049053C	0x004905A8	108	0	nanopb	documented-family-evidence	medium	docs/upstream-inventory.md nanopb row: runtime at 0x0048F000-0x00491400 compatible with pristine upstream 0.4.7-0.4.9.1
0x004905E0	0x004905E0	0x004905F4	20	20	nanopb	documented-family-evidence	medium	docs/upstream-inventory.md nanopb row: runtime at 0x0048F000-0x00491400 compatible with pristine upstream 0.4.7-0.4.9.1
0x004905F4	0x004905F4	0x00490616	34	34	nanopb	documented-family-evidence	medium	docs/upstream-inventory.md nanopb row: runtime at 0x0048F000-0x00491400 compatible with pristine upstream 0.4.7-0.4.9.1
0x00490616	0x00490616	0x00490678	98	0	nanopb	documented-family-evidence	medium	docs/upstream-inventory.md nanopb row: runtime at 0x0048F000-0x00491400 compatible with pristine upstream 0.4.7-0.4.9.1
0x00490678	0x00490678	0x00490690	24	0	nanopb	documented-family-evidence	medium	docs/upstream-inventory.md nanopb row: runtime at 0x0048F000-0x00491400 compatible with pristine upstream 0.4.7-0.4.9.1
0x00490690	0x00490690	0x0049087A	490	0	nanopb	documented-family-evidence	medium	docs/upstream-inventory.md nanopb row: runtime at 0x0048F000-0x00491400 compatible with pristine upstream 0.4.7-0.4.9.1
0x0049087A	0x0049087A	0x00490A46	460	0	nanopb	documented-family-evidence	medium	docs/upstream-inventory.md nanopb row: runtime at 0x0048F000-0x00491400 compatible with pristine upstream 0.4.7-0.4.9.1
0x00490A46	0x00490A46	0x00490AEA	164	0	nanopb	documented-family-evidence	medium	docs/upstream-inventory.md nanopb row: runtime at 0x0048F000-0x00491400 compatible with pristine upstream 0.4.7-0.4.9.1
0x00490AEA	0x00490AEA	0x00490B1E	52	0	nanopb	documented-family-evidence	medium	docs/upstream-inventory.md nanopb row: runtime at 0x0048F000-0x00491400 compatible with pristine upstream 0.4.7-0.4.9.1
0x00490B1E	0x00490B1E	0x00490BC8	170	0	nanopb	documented-family-evidence	medium	docs/upstream-inventory.md nanopb row: runtime at 0x0048F000-0x00491400 compatible with pristine upstream 0.4.7-0.4.9.1
0x00490BC8	0x00490BC8	0x00490BF8	48	0	nanopb	documented-family-evidence	medium	docs/upstream-inventory.md nanopb row: runtime at 0x0048F000-0x00491400 compatible with pristine upstream 0.4.7-0.4.9.1
0x00490BF8	0x00490BF8	0x00490C32	58	0	nanopb	documented-family-evidence	medium	docs/upstream-inventory.md nanopb row: runtime at 0x0048F000-0x00491400 compatible with pristine upstream 0.4.7-0.4.9.1
0x00490C32	0x00490C32	0x00490C84	82	0	nanopb	documented-family-evidence	medium	docs/upstream-inventory.md nanopb row: runtime at 0x0048F000-0x00491400 compatible with pristine upstream 0.4.7-0.4.9.1
0x00490C84	0x00490C84	0x00490CE0	92	0	nanopb	documented-family-evidence	medium	docs/upstream-inventory.md nanopb row: runtime at 0x0048F000-0x00491400 compatible with pristine upstream 0.4.7-0.4.9.1
0x00490CE0	0x00490CE0	0x00490D08	40	0	nanopb	documented-family-evidence	medium	docs/upstream-inventory.md nanopb row: runtime at 0x0048F000-0x00491400 compatible with pristine upstream 0.4.7-0.4.9.1
0x00490D08	0x00490D08	0x00490D36	46	0	nanopb	documented-family-evidence	medium	docs/upstream-inventory.md nanopb row: runtime at 0x0048F000-0x00491400 compatible with pristine upstream 0.4.7-0.4.9.1
0x00490D36	0x00490D36	0x00490D40	10	0	nanopb	documented-family-evidence	medium	docs/upstream-inventory.md nanopb row: runtime at 0x0048F000-0x00491400 compatible with pristine upstream 0.4.7-0.4.9.1
0x00490D40	0x00490D40	0x00490D4A	10	0	nanopb	documented-family-evidence	medium	docs/upstream-inventory.md nanopb row: runtime at 0x0048F000-0x00491400 compatible with pristine upstream 0.4.7-0.4.9.1
0x00490D4A	0x00490D4A	0x00490D66	28	0	nanopb	documented-family-evidence	medium	docs/upstream-inventory.md nanopb row: runtime at 0x0048F000-0x00491400 compatible with pristine upstream 0.4.7-0.4.9.1
0x00490D66	0x00490D66	0x00490DB6	80	0	nanopb	documented-family-evidence	medium	docs/upstream-inventory.md nanopb row: runtime at 0x0048F000-0x00491400 compatible with pristine upstream 0.4.7-0.4.9.1
0x00490DB6	0x00490DB6	0x00490DDC	38	0	nanopb	documented-family-evidence	medium	docs/upstream-inventory.md nanopb row: runtime at 0x0048F000-0x00491400 compatible with pristine upstream 0.4.7-0.4.9.1
0x00490DDC	0x00490DDC	0x00490E90	180	0	nanopb	documented-family-evidence	medium	docs/upstream-inventory.md nanopb row: runtime at 0x0048F000-0x00491400 compatible with pristine upstream 0.4.7-0.4.9.1
0x00490E90	0x00490E90	0x00490EAE	30	0	nanopb	documented-family-evidence	medium	docs/upstream-inventory.md nanopb row: runtime at 0x0048F000-0x00491400 compatible with pristine upstream 0.4.7-0.4.9.1
0x00490EAE	0x00490EAE	0x00490F72	196	0	nanopb	documented-family-evidence	medium	docs/upstream-inventory.md nanopb row: runtime at 0x0048F000-0x00491400 compatible with pristine upstream 0.4.7-0.4.9.1
0x00490F72	0x00490F72	0x00490FA2	48	0	nanopb	documented-family-evidence	medium	docs/upstream-inventory.md nanopb row: runtime at 0x0048F000-0x00491400 compatible with pristine upstream 0.4.7-0.4.9.1
0x00490FA2	0x00490FA2	0x00490FE4	66	0	nanopb	documented-family-evidence	medium	docs/upstream-inventory.md nanopb row: runtime at 0x0048F000-0x00491400 compatible with pristine upstream 0.4.7-0.4.9.1
0x00490FE4	0x00490FE4	0x0049104C	104	0	nanopb	documented-family-evidence	medium	docs/upstream-inventory.md nanopb row: runtime at 0x0048F000-0x00491400 compatible with pristine upstream 0.4.7-0.4.9.1
0x0049104C	0x0049104C	0x004910A4	88	0	nanopb	documented-family-evidence	medium	docs/upstream-inventory.md nanopb row: runtime at 0x0048F000-0x00491400 compatible with pristine upstream 0.4.7-0.4.9.1
0x004910E8	0x004910E8	0x004910F4	12	0	nanopb	documented-family-evidence	medium	docs/upstream-inventory.md nanopb row: runtime at 0x0048F000-0x00491400 compatible with pristine upstream 0.4.7-0.4.9.1
0x004910F4	0x004910F4	0x00491102	14	0	nanopb	documented-family-evidence	medium	docs/upstream-inventory.md nanopb row: runtime at 0x0048F000-0x00491400 compatible with pristine upstream 0.4.7-0.4.9.1
0x00491102	0x00491102	0x0049110A	8	0	nanopb	documented-family-evidence	medium	docs/upstream-inventory.md nanopb row: runtime at 0x0048F000-0x00491400 compatible with pristine upstream 0.4.7-0.4.9.1
0x004916B8	0x004916B8	0x004916C8	16	16	investigation-required-no-evidence	none	none	no closed-world evidence
0x00491722	0x00491722	0x0049172C	10	10	tinyframe	link-order-sandwich	low	bracketed in link order by tinyframe
0x0049172C	0x0049172C	0x00491730	4	4	tinyframe	link-order-sandwich	low	bracketed in link order by tinyframe
0x00491730	0x00491730	0x0049174E	30	30	tinyframe	link-order-sandwich	low	bracketed in link order by tinyframe
0x0049174E	0x0049174E	0x00491752	4	4	tinyframe	link-order-sandwich	low	bracketed in link order by tinyframe
0x00491838	0x00491838	0x0049183E	6	6	tinyframe	link-order-sandwich	low	bracketed in link order by tinyframe
0x0049183E	0x0049183E	0x0049188E	80	80	tinyframe	link-order-sandwich	low	bracketed in link order by tinyframe
0x0049188E	0x0049188E	0x004918A8	26	26	tinyframe	link-order-sandwich	low	bracketed in link order by tinyframe
0x004918A8	0x004918A8	0x004918C2	26	26	tinyframe	link-order-sandwich	low	bracketed in link order by tinyframe
0x00491B9A	0x00491B9A	0x00491BB6	28	0	tinyframe	call-topology-single-family	medium	every closed-world call target is tinyframe
0x00491BB6	0x00491BB6	0x00491BE4	46	46	tinyframe	link-order-sandwich	low	bracketed in link order by tinyframe
0x00491F54	0x00491F54	0x00492032	222	222	investigation-required-no-evidence	none	none	no closed-world evidence
0x00492032	0x00492032	0x0049207A	72	72	investigation-required-no-evidence	none	none	no closed-world evidence
0x0049207A	0x0049207A	0x004920AA	48	48	investigation-required-no-evidence	none	none	no closed-world evidence
0x004920AA	0x004920AA	0x00492114	106	106	tinyframe	call-topology-single-family	medium	every closed-world call target is tinyframe
0x00492114	0x00492114	0x00492198	132	132	investigation-required-no-evidence	none	none	no closed-world evidence
0x00492198	0x00492198	0x00492200	104	104	investigation-required-no-evidence	none	none	no closed-world evidence
0x00492200	0x00492200	0x0049223C	60	60	investigation-required-no-evidence	none	none	no closed-world evidence
0x0049223C	0x0049223C	0x0049224C	16	16	investigation-required-no-evidence	none	none	no closed-world evidence
0x0049224C	0x0049224C	0x0049225A	14	14	investigation-required-no-evidence	none	none	no closed-world evidence
0x0049225A	0x0049225A	0x00492266	12	0	investigation-required-no-evidence	none	none	no closed-world evidence
0x00492266	0x00492266	0x00492278	18	0	investigation-required-no-evidence	none	none	no closed-world evidence
0x00492278	0x00492278	0x00492280	8	0	investigation-required-no-evidence	none	none	no closed-world evidence
0x00492280	0x00492280	0x00492288	8	0	investigation-required-no-evidence	none	none	no closed-world evidence
0x00492288	0x00492288	0x004922F6	110	0	investigation-required-no-evidence	none	none	no closed-world evidence
0x0049240E	0x0049240E	0x00492422	20	20	first-party	closed-module-manifest	high	function-map manifest g2-kvdb-module-configure
0x004924F6	0x004924F6	0x00492508	18	18	first-party	closed-module-manifest	high	function-map manifest g2-kvdb-module-configure
0x00492CB4	0x00492CB4	0x00492CE6	50	50	first-party	closed-module-manifest	high	function-map manifest g2-evenhub-loading-page
0x00492CE6	0x00492CE6	0x00492CEE	8	8	first-party	closed-module-manifest	high	function-map manifest g2-evenhub-loading-page
0x004935FE	0x004935FE	0x00493606	8	8	first-party	closed-module-manifest	high	function-map manifest g2-evenhub-ui
0x0049729C	0x0049729C	0x004972A2	6	6	first-party	closed-module-manifest	high	function-map manifest g2-service-ancc
0x004972A2	0x004972A2	0x004972AA	8	8	first-party	closed-module-manifest	high	function-map manifest g2-service-ancc
0x004972AA	0x004972AA	0x004972B2	8	8	first-party	closed-module-manifest	high	function-map manifest g2-service-ancc
0x004972B2	0x004972B2	0x004972BA	8	8	first-party	closed-module-manifest	high	function-map manifest g2-service-ancc
0x004972BA	0x004972BA	0x004972C2	8	8	first-party	closed-module-manifest	high	function-map manifest g2-service-ancc
0x00497CF0	0x00497CF0	0x00497D24	52	52	first-party	closed-module-manifest	high	function-map manifest g2-service-ancc
0x00497DE6	0x00497DE6	0x00497E08	34	34	first-party	closed-module-manifest	high	function-map manifest g2-service-even-ai
0x00497EA2	0x00497EA2	0x00498092	496	496	first-party	closed-module-manifest	high	function-map manifest g2-service-even-ai
0x00498310	0x00498310	0x0049832E	30	30	first-party	closed-module-manifest	high	function-map manifest g2-service-even-ai
0x00498634	0x00498634	0x00498640	12	12	lvgl	call-topology-single-family	medium	every closed-world call target is lvgl
0x00498640	0x00498640	0x0049864A	10	10	lvgl	call-topology-single-family	medium	every closed-world call target is lvgl
0x0049864A	0x0049864A	0x00498654	10	10	lvgl	call-topology-single-family	medium	every closed-world call target is lvgl
0x00498654	0x00498654	0x0049865E	10	10	lvgl	call-topology-single-family	medium	every closed-world call target is lvgl
0x0049865E	0x0049865E	0x00498668	10	10	lvgl	call-topology-single-family	medium	every closed-world call target is lvgl
0x00498668	0x00498668	0x00498680	24	24	lvgl	call-topology-single-family	medium	every closed-world call target is lvgl
0x00498C9C	0x00498C9C	0x00498EB4	536	536	lvgl	call-topology-single-family	medium	every closed-world call target is lvgl
0x004991E0	0x004991E0	0x004992CC	236	236	lvgl	call-topology-single-family	medium	every closed-world call target is lvgl
0x004992CC	0x004992CC	0x00499352	134	134	lvgl	call-topology-single-family	medium	every closed-world call target is lvgl
0x00499354	0x00499354	0x00499360	12	12	lvgl	link-order-sandwich	low	bracketed in link order by lvgl
0x00499360	0x00499360	0x0049936A	10	10	lvgl	call-topology-single-family	medium	every closed-world call target is lvgl
0x0049936A	0x0049936A	0x00499374	10	10	lvgl	call-topology-single-family	medium	every closed-world call target is lvgl
0x00499374	0x00499374	0x0049937E	10	10	lvgl	call-topology-single-family	medium	every closed-world call target is lvgl
0x0049937E	0x0049937E	0x00499388	10	10	lvgl	call-topology-single-family	medium	every closed-world call target is lvgl
0x00499388	0x00499388	0x00499392	10	10	lvgl	call-topology-single-family	medium	every closed-world call target is lvgl
0x00499392	0x00499392	0x004993A0	14	14	lvgl	call-topology-single-family	medium	every closed-world call target is lvgl
0x004993A0	0x004993A0	0x004993C0	32	32	lvgl	call-topology-single-family	medium	every closed-world call target is lvgl
0x004993C0	0x004993C0	0x004993CA	10	10	lvgl	call-topology-single-family	medium	every closed-world call target is lvgl
0x004993CA	0x004993CA	0x004993D4	10	10	lvgl	call-topology-single-family	medium	every closed-world call target is lvgl
0x004993D4	0x004993D4	0x004993DE	10	10	lvgl	call-topology-single-family	medium	every closed-world call target is lvgl
0x004993DE	0x004993DE	0x004993EC	14	14	lvgl	call-topology-single-family	medium	every closed-world call target is lvgl
0x004993EC	0x004993EC	0x004993F6	10	10	lvgl	call-topology-single-family	medium	every closed-world call target is lvgl
0x004993F6	0x004993F6	0x00499402	12	12	lvgl	call-topology-single-family	medium	every closed-world call target is lvgl
0x00499402	0x00499402	0x0049940C	10	10	lvgl	call-topology-single-family	medium	every closed-world call target is lvgl
0x0049940C	0x0049940C	0x00499416	10	10	lvgl	call-topology-single-family	medium	every closed-world call target is lvgl
0x00499416	0x00499416	0x0049942E	24	24	lvgl	call-topology-single-family	medium	every closed-world call target is lvgl
0x0049A16E	0x0049A16E	0x0049A2F0	386	386	lvgl	call-topology-single-family	medium	every closed-world call target is lvgl
0x0049A31C	0x0049A31C	0x0049A5C0	676	676	lvgl	call-topology-single-family	medium	every closed-world call target is lvgl
0x0049A5C0	0x0049A5C0	0x0049A602	66	66	lvgl	link-order-sandwich	low	bracketed in link order by lvgl
0x0049A602	0x0049A602	0x0049AACC	1226	1226	lvgl	call-topology-single-family	medium	every closed-world call target is lvgl
0x0049AACC	0x0049AACC	0x0049AB06	58	58	lvgl	link-order-sandwich	low	bracketed in link order by lvgl
0x0049ABD4	0x0049ABD4	0x0049ABE0	12	12	investigation-required-no-evidence	none	none	no closed-world evidence
0x0049ABE0	0x0049ABE0	0x0049ABEA	10	10	investigation-required-no-evidence	none	none	no closed-world evidence
0x0049ABEA	0x0049ABEA	0x0049AC4A	96	96	investigation-required-no-evidence	none	none	no closed-world evidence
0x0049AC4A	0x0049AC4A	0x0049ACAE	100	100	investigation-required-no-evidence	none	none	no closed-world evidence
0x0049ACB0	0x0049ACB0	0x0049ACBA	10	10	investigation-required-no-evidence	none	none	no closed-world evidence
0x0049ACBA	0x0049ACBA	0x0049ACC4	10	10	lvgl	call-topology-single-family	medium	every closed-world call target is lvgl
0x0049ACC4	0x0049ACC4	0x0049ACCE	10	10	lvgl	call-topology-single-family	medium	every closed-world call target is lvgl
0x0049ACD4	0x0049ACD4	0x0049AD08	52	52	investigation-required-no-evidence	none	none	no closed-world evidence
0x0049AD0C	0x0049AD0C	0x0049AD20	20	20	first-party	closed-module-manifest	high	function-map manifest g2-kvdb-universal-setting
0x0049C5BC	0x0049C5BC	0x0049C5C4	8	8	first-party	closed-module-manifest	high	function-map manifest g2-dashboard
0x0049EAD8	0x0049EAD8	0x0049EAE2	10	10	first-party	closed-module-manifest	high	function-map manifest g2-ux-wear-detect
0x0049EAE2	0x0049EAE2	0x0049EB1E	60	60	first-party	closed-module-manifest	high	function-map manifest g2-ux-wear-detect
0x0049EB8E	0x0049EB8E	0x0049EB96	8	8	first-party	closed-module-manifest	high	function-map manifest g2-ux-wear-detect
0x0049EB96	0x0049EB96	0x0049EBB6	32	32	first-party	closed-module-manifest	high	function-map manifest g2-ux-wear-detect
0x0049F020	0x0049F020	0x0049F028	8	8	first-party	closed-module-manifest	high	function-map manifest g2-ring-connect-policy
0x0049F028	0x0049F028	0x0049F040	24	24	first-party	closed-module-manifest	high	function-map manifest g2-ring-connect-policy
0x0049F040	0x0049F040	0x0049F05C	28	28	first-party	closed-module-manifest	high	function-map manifest g2-ring-connect-policy
0x0049F828	0x0049F828	0x0049F870	72	72	first-party	closed-module-manifest	high	function-map manifest g2-app-ble-central
0x0049F97C	0x0049F97C	0x0049F994	24	24	first-party	closed-module-manifest	high	function-map manifest g2-app-ble-central
0x0049F994	0x0049F994	0x0049F9B4	32	32	first-party	closed-module-manifest	high	function-map manifest g2-app-ble-central
0x004A04FA	0x004A04FA	0x004A0512	24	24	first-party	closed-module-manifest	high	function-map manifest g2-app-ble-central
0x004A153C	0x004A153C	0x004A1546	10	10	first-party	closed-module-manifest	high	function-map manifest g2-app-ble-central
0x004A17F4	0x004A17F4	0x004A1814	32	32	first-party	closed-module-manifest	high	function-map manifest g2-app-ble-central
0x004A19C0	0x004A19C0	0x004A19DC	28	28	first-party	closed-module-manifest	high	function-map manifest g2-app-ble-central
0x004A2168	0x004A2168	0x004A218A	34	34	first-party	closed-module-manifest	high	function-map manifest g2-app-ble-central
0x004A2190	0x004A2190	0x004A21BC	44	44	first-party	closed-module-manifest	high	function-map manifest g2-app-ble-central
0x004A22E8	0x004A22E8	0x004A22F2	10	10	first-party	closed-module-manifest	high	function-map manifest g2-app-ble-central
0x004A2618	0x004A2618	0x004A2644	44	44	first-party	closed-module-manifest	high	function-map manifest g2-app-ble-central
0x004A26E8	0x004A26E8	0x004A271E	54	54	first-party	closed-module-manifest	high	function-map manifest g2-app-ble-central
0x004A2864	0x004A2864	0x004A28CC	104	104	first-party	closed-module-manifest	high	function-map manifest g2-app-ble-central
0x004A2914	0x004A2914	0x004A2948	52	52	first-party	closed-module-manifest	high	function-map manifest g2-app-ble-central
0x004A3648	0x004A3648	0x004A36AE	102	102	first-party	closed-module-manifest	high	function-map manifest g2-imu-icm45608
0x004A460C	0x004A460C	0x004A46B0	164	164	first-party	closed-module-manifest	high	function-map manifest g2-imu-icm45608
0x004A4822	0x004A4822	0x004A482A	8	8	first-party	closed-module-manifest	high	function-map manifest g2-imu-icm45608
0x004A4E8C	0x004A4E8C	0x004A4EC0	52	52	first-party	closed-module-manifest	high	function-map manifest g2-imu-icm45608
0x004A4EC0	0x004A4EC0	0x004A4ED0	16	16	first-party	closed-module-manifest	high	function-map manifest g2-imu-icm45608
0x004A4ED4	0x004A4ED4	0x004A4EFE	42	42	first-party	closed-module-manifest	high	function-map manifest g2-imu-icm45608
0x004A5308	0x004A5308	0x004A5374	108	108	first-party	closed-module-manifest	high	function-map manifest g2-imu-icm45608
0x004A54A0	0x004A54A0	0x004A5534	148	148	first-party	closed-module-manifest	high	function-map manifest g2-imu-icm45608
0x004A5534	0x004A5534	0x004A5576	66	66	first-party	closed-module-manifest	high	function-map manifest g2-imu-icm45608
0x004A5578	0x004A5578	0x004A5698	288	288	first-party	closed-module-manifest	high	function-map manifest g2-imu-icm45608
0x004A5B90	0x004A5B90	0x004A5CE2	338	338	first-party	closed-module-manifest	high	function-map manifest g2-imu-icm45608
0x004A5D16	0x004A5D16	0x004A5D20	10	10	first-party	closed-module-manifest	high	function-map manifest g2-imu-icm45608
0x004A5D38	0x004A5D38	0x004A5E12	218	218	first-party	closed-module-manifest	high	function-map manifest g2-imu-icm45608
0x004A5E1C	0x004A5E1C	0x004A5E44	40	40	first-party	closed-module-manifest	high	function-map manifest g2-imu-icm45608
0x004A6562	0x004A6562	0x004A6568	6	6	first-party	closed-module-manifest	high	function-map manifest g2-imu-icm45608
0x004A6988	0x004A6988	0x004A6998	16	16	first-party	closed-module-manifest	high	function-map manifest g2-sensor-hub
0x004A6D50	0x004A6D50	0x004A6D58	8	8	first-party	closed-module-manifest	high	function-map manifest g2-sensor-hub
0x004A7820	0x004A7820	0x004A7832	18	18	first-party	closed-module-manifest	high	function-map manifest g2-kvdb-onboarding-config
0x004A7832	0x004A7832	0x004A7838	6	6	first-party	closed-module-manifest	high	function-map manifest g2-kvdb-onboarding-config
0x004A7838	0x004A7838	0x004A7846	14	14	first-party	closed-module-manifest	high	function-map manifest g2-kvdb-onboarding-config
0x004A8560	0x004A8560	0x004A856C	12	12	first-party	closed-module-manifest	high	function-map manifest g2-onboarding-main-page
0x004A856C	0x004A856C	0x004A859E	50	50	first-party	closed-module-manifest	high	function-map manifest g2-onboarding-main-page
0x004A859E	0x004A859E	0x004A8610	114	114	first-party	closed-module-manifest	high	function-map manifest g2-onboarding-main-page
0x004A8610	0x004A8610	0x004A865E	78	78	first-party	closed-module-manifest	high	function-map manifest g2-onboarding-main-page
0x004A8670	0x004A8670	0x004A86C6	86	86	first-party	closed-module-manifest	high	function-map manifest g2-onboarding-main-page
0x004A86D2	0x004A86D2	0x004A8720	78	78	first-party	closed-module-manifest	high	function-map manifest g2-onboarding-main-page
0x004A87D8	0x004A87D8	0x004A8826	78	78	first-party	closed-module-manifest	high	function-map manifest g2-onboarding-main-page
0x004A8826	0x004A8826	0x004A88AA	132	132	first-party	closed-module-manifest	high	function-map manifest g2-onboarding-main-page
0x004A8A24	0x004A8A24	0x004A8A82	94	94	first-party	closed-module-manifest	high	function-map manifest g2-onboarding-main-page
0x004A8A82	0x004A8A82	0x004A8B30	174	174	first-party	closed-module-manifest	high	function-map manifest g2-onboarding-main-page
0x004A8B30	0x004A8B30	0x004A8B90	96	96	first-party	closed-module-manifest	high	function-map manifest g2-onboarding-main-page
0x004A8B90	0x004A8B90	0x004A8C20	144	144	first-party	closed-module-manifest	high	function-map manifest g2-onboarding-main-page
0x004A8C20	0x004A8C20	0x004A8D96	374	374	first-party	closed-module-manifest	high	function-map manifest g2-onboarding-main-page
0x004A9198	0x004A9198	0x004A91BA	34	34	first-party	closed-module-manifest	high	function-map manifest g2-onboarding-main-page
0x004A93B0	0x004A93B0	0x004A95E6	566	566	first-party	closed-module-manifest	high	function-map manifest g2-onboarding-main-page
0x004A95E8	0x004A95E8	0x004A9648	96	96	first-party	closed-module-manifest	high	function-map manifest g2-onboarding-main-page
0x004A9648	0x004A9648	0x004A96C0	120	120	first-party	closed-module-manifest	high	function-map manifest g2-onboarding-main-page
0x004A96DC	0x004A96DC	0x004A979C	192	192	first-party	closed-module-manifest	high	function-map manifest g2-onboarding-main-page
0x004A979C	0x004A979C	0x004A97EA	78	78	first-party	closed-module-manifest	high	function-map manifest g2-onboarding-main-page
0x004A97EA	0x004A97EA	0x004A99C8	478	478	first-party	closed-module-manifest	high	function-map manifest g2-onboarding-main-page
0x004A9D70	0x004A9D70	0x004A9DD6	102	102	first-party	closed-module-manifest	high	function-map manifest g2-onboarding-main-page
0x004A9DE0	0x004A9DE0	0x004A9DE8	8	8	first-party	closed-module-manifest	high	function-map manifest g2-onboarding-main-page
0x004A9DE8	0x004A9DE8	0x004A9E40	88	88	first-party	closed-module-manifest	high	function-map manifest g2-onboarding-main-page
0x004A9E48	0x004A9E48	0x004A9ED0	136	136	first-party	closed-module-manifest	high	function-map manifest g2-onboarding-main-page
0x004AA048	0x004AA048	0x004AA0BC	116	116	first-party	closed-module-manifest	high	function-map manifest g2-onboarding-main-page
0x004AA0C8	0x004AA0C8	0x004AA14C	132	132	first-party	closed-module-manifest	high	function-map manifest g2-onboarding-main-page
0x004AA16C	0x004AA16C	0x004AA1F6	138	138	first-party	closed-module-manifest	high	function-map manifest g2-onboarding-main-page
0x004AAA4C	0x004AAA4C	0x004AAA9C	80	80	first-party	closed-module-manifest	high	function-map manifest g2-onboarding-main-page
0x004AAAA8	0x004AAAA8	0x004AAB46	158	158	first-party	closed-module-manifest	high	function-map manifest g2-onboarding-main-page
0x004AAB4C	0x004AAB4C	0x004AAB5E	18	18	first-party	closed-module-manifest	high	function-map manifest g2-onboarding-main-page
0x004AAB90	0x004AAB90	0x004AAE20	656	656	investigation-required-mixed	call-topology-mixed	none	call targets span first-party|lvgl
0x004AB004	0x004AB004	0x004AB062	94	94	lvgl	call-topology-single-family	medium	every closed-world call target is lvgl
0x004AB08C	0x004AB08C	0x004AB6B6	1578	1578	investigation-required-mixed	call-topology-mixed	none	call targets span first-party|lvgl
0x004ABD60	0x004ABD60	0x004ABD6E	14	14	first-party	closed-module-manifest	high	function-map manifest g2-cb-ble-status
0x004ABE60	0x004ABE60	0x004ABE66	6	6	first-party	closed-module-manifest	high	function-map manifest g2-nvdb-product-mode
0x004ABE66	0x004ABE66	0x004ABE8C	38	38	first-party	closed-module-manifest	high	function-map manifest g2-nvdb-product-mode
0x004ABE8C	0x004ABE8C	0x004ABE9E	18	18	first-party	closed-module-manifest	high	function-map manifest g2-nvdb-product-mode
0x004ABF86	0x004ABF86	0x004ABFAC	38	38	first-party	closed-module-manifest	high	function-map manifest g2-service-box-detect
0x004ABFAC	0x004ABFAC	0x004ABFBA	14	14	first-party	closed-module-manifest	high	function-map manifest g2-service-box-detect
0x004AC130	0x004AC130	0x004AC154	36	36	first-party	closed-module-manifest	high	function-map manifest g2-service-box-detect
0x004AC154	0x004AC154	0x004AC16C	24	24	first-party	closed-module-manifest	high	function-map manifest g2-service-box-detect
0x004AC16C	0x004AC16C	0x004AC19C	48	48	first-party	closed-module-manifest	high	function-map manifest g2-service-box-detect
0x004AC59A	0x004AC59A	0x004AC5A2	8	8	first-party	closed-module-manifest	high	function-map manifest g2-service-box-detect
0x004AC718	0x004AC718	0x004AC726	14	14	first-party	closed-module-manifest	high	function-map manifest g2-service-box-detect
0x004AC726	0x004AC726	0x004AC72E	8	8	first-party	closed-module-manifest	high	function-map manifest g2-service-box-detect
0x004AC72E	0x004AC72E	0x004AC73C	14	14	first-party	closed-module-manifest	high	function-map manifest g2-service-box-detect
0x004AC73C	0x004AC73C	0x004AC744	8	8	first-party	closed-module-manifest	high	function-map manifest g2-service-box-detect
0x004AC744	0x004AC744	0x004AC752	14	14	first-party	closed-module-manifest	high	function-map manifest g2-service-box-detect
0x004AC752	0x004AC752	0x004AC75A	8	8	first-party	closed-module-manifest	high	function-map manifest g2-service-box-detect
0x004AC75A	0x004AC75A	0x004AC776	28	28	first-party	closed-module-manifest	high	function-map manifest g2-service-box-detect
0x004AC776	0x004AC776	0x004AC798	34	34	first-party	closed-module-manifest	high	function-map manifest g2-service-box-detect
0x004AC798	0x004AC798	0x004AC80C	116	116	first-party	closed-module-manifest	high	function-map manifest g2-service-box-detect
0x004AC828	0x004AC828	0x004AC890	104	104	first-party	closed-module-manifest	high	function-map manifest g2-service-box-detect
0x004ACAA0	0x004ACAA0	0x004ACAA8	8	8	first-party	closed-module-manifest	high	function-map manifest g2-service-box-detect
0x004ACAAC	0x004ACAAC	0x004ACAB4	8	8	first-party	closed-module-manifest	high	function-map manifest g2-service-box-detect
0x004ACAB4	0x004ACAB4	0x004ACABC	8	8	first-party	closed-module-manifest	high	function-map manifest g2-service-box-detect
0x004ACAC0	0x004ACAC0	0x004ACAC6	6	6	first-party	closed-module-manifest	high	function-map manifest g2-service-box-detect
0x004ACAD0	0x004ACAD0	0x004ACAF8	40	40	first-party	closed-module-manifest	high	function-map manifest g2-service-box-detect
0x004ACE10	0x004ACE10	0x004ACE1E	14	14	first-party	closed-module-manifest	high	function-map manifest g2-charger-common
0x004ACE1E	0x004ACE1E	0x004ACE2C	14	14	first-party	closed-module-manifest	high	function-map manifest g2-charger-common
0x004AD880	0x004AD880	0x004AD8FA	122	122	first-party	closed-module-manifest	high	function-map manifest g2-charger-common
0x004AD8FA	0x004AD8FA	0x004AD900	6	6	first-party	closed-module-manifest	high	function-map manifest g2-charger-common
0x004AD9B8	0x004AD9B8	0x004AD9E2	42	42	first-party	closed-module-manifest	high	function-map manifest g2-als
0x004AD9E2	0x004AD9E2	0x004AD9EA	8	8	first-party	closed-module-manifest	high	function-map manifest g2-als
0x004AD9EA	0x004AD9EA	0x004ADA02	24	24	first-party	closed-module-manifest	high	function-map manifest g2-als
0x004ADA02	0x004ADA02	0x004ADA30	46	46	first-party	closed-module-manifest	high	function-map manifest g2-als
0x004ADA30	0x004ADA30	0x004ADA5E	46	46	first-party	closed-module-manifest	high	function-map manifest g2-als
0x004ADA5E	0x004ADA5E	0x004ADA80	34	34	first-party	closed-module-manifest	high	function-map manifest g2-als
0x004ADA80	0x004ADA80	0x004ADAB8	56	56	first-party	closed-module-manifest	high	function-map manifest g2-als
0x004ADB60	0x004ADB60	0x004ADB9A	58	58	first-party	closed-module-manifest	high	function-map manifest g2-als
0x004ADC84	0x004ADC84	0x004ADCD8	84	84	first-party	closed-module-manifest	high	function-map manifest g2-als
0x004ADCD8	0x004ADCD8	0x004ADD02	42	42	first-party	closed-module-manifest	high	function-map manifest g2-als
0x004ADD02	0x004ADD02	0x004ADD24	34	34	first-party	closed-module-manifest	high	function-map manifest g2-als
0x004ADD24	0x004ADD24	0x004ADD30	12	12	first-party	closed-module-manifest	high	function-map manifest g2-als
0x004ADD30	0x004ADD30	0x004ADD3C	12	12	first-party	closed-module-manifest	high	function-map manifest g2-als
0x004ADD3C	0x004ADD3C	0x004ADD6A	46	46	first-party	closed-module-manifest	high	function-map manifest g2-als
0x004ADD6A	0x004ADD6A	0x004ADD8C	34	34	first-party	closed-module-manifest	high	function-map manifest g2-als
0x004ADD8C	0x004ADD8C	0x004ADDB6	42	42	first-party	closed-module-manifest	high	function-map manifest g2-als
0x004ADEC4	0x004ADEC4	0x004ADF04	64	64	first-party	closed-module-manifest	high	function-map manifest g2-als
0x004ADF04	0x004ADF04	0x004ADF34	48	48	first-party	closed-module-manifest	high	function-map manifest g2-als
0x004ADF34	0x004ADF34	0x004ADF74	64	64	first-party	closed-module-manifest	high	function-map manifest g2-als
0x004AE282	0x004AE282	0x004AE2B6	52	52	first-party	closed-module-manifest	high	function-map manifest g2-als
0x004AEA40	0x004AEA40	0x004AEA4C	12	12	first-party	closed-module-manifest	high	function-map manifest g2-callback-facades
0x004AEAF0	0x004AEAF0	0x004AEAFE	14	14	first-party	closed-module-manifest	high	function-map manifest g2-callback-facades
0x004AF73A	0x004AF73A	0x004AF7B8	126	126	first-party	closed-module-manifest	high	function-map manifest g2-nvdb-sys-dt
0x004AFBBC	0x004AFBBC	0x004AFBCE	18	18	first-party	closed-module-manifest	high	function-map manifest g2-nvdb-sys-dt
0x004AFBCE	0x004AFBCE	0x004AFBE4	22	22	first-party	closed-module-manifest	high	function-map manifest g2-nvdb-sys-dt
0x004AFBE4	0x004AFBE4	0x004AFC0C	40	40	first-party	closed-module-manifest	high	function-map manifest g2-nvdb-sys-dt
0x004AFC10	0x004AFC10	0x004AFC64	84	84	first-party	closed-module-manifest	high	function-map manifest g2-nvdb-sys-dt
0x004AFC68	0x004AFC68	0x004AFCA2	58	58	first-party	closed-module-manifest	high	function-map manifest g2-nvdb-sys-dt
0x004B03E0	0x004B03E0	0x004B03F4	20	20	first-party	closed-module-manifest	high	function-map manifest g2-kvdb-terminal-mode
0x004B0560	0x004B0560	0x004B0584	36	36	investigation-required-no-evidence	none	none	no closed-world evidence
0x004B0584	0x004B0584	0x004B0594	16	16	investigation-required-no-evidence	none	none	no closed-world evidence
0x004B0594	0x004B0594	0x004B05A4	16	16	investigation-required-no-evidence	none	none	no closed-world evidence
0x004B05A4	0x004B05A4	0x004B064E	170	170	investigation-required-no-evidence	none	none	no closed-world evidence
0x004B064E	0x004B064E	0x004B06A8	90	90	investigation-required-no-evidence	none	none	no closed-world evidence
0x004B06A8	0x004B06A8	0x004B06C0	24	24	investigation-required-no-evidence	none	none	no closed-world evidence
0x004B06C0	0x004B06C0	0x004B0730	112	112	investigation-required-no-evidence	none	none	no closed-world evidence
0x004B0730	0x004B0730	0x004B0748	24	24	investigation-required-no-evidence	none	none	no closed-world evidence
0x004B0748	0x004B0748	0x004B075E	22	22	investigation-required-no-evidence	none	none	no closed-world evidence
0x004B075E	0x004B075E	0x004B077E	32	32	investigation-required-no-evidence	none	none	no closed-world evidence
0x004B077E	0x004B077E	0x004B07DE	96	96	investigation-required-no-evidence	none	none	no closed-world evidence
0x004B0D38	0x004B0D38	0x004B0EA6	366	366	lvgl	link-order-sandwich	low	bracketed in link order by lvgl
0x004B10C0	0x004B10C0	0x004B11B0	240	240	first-party	call-topology-single-family	medium	every closed-world call target is first-party
0x004B11B0	0x004B11B0	0x004B127C	204	204	first-party	call-topology-single-family	medium	every closed-world call target is first-party
0x004B127C	0x004B127C	0x004B128A	14	14	lvgl	link-order-sandwich	low	bracketed in link order by lvgl
0x004B128A	0x004B128A	0x004B1298	14	14	lvgl	link-order-sandwich	low	bracketed in link order by lvgl
0x004B1298	0x004B1298	0x004B146C	468	468	lvgl	link-order-sandwich	low	bracketed in link order by lvgl
0x004B146C	0x004B146C	0x004B1474	8	8	lvgl	link-order-sandwich	low	bracketed in link order by lvgl
0x004B1474	0x004B1474	0x004B1488	20	20	lvgl	link-order-sandwich	low	bracketed in link order by lvgl
0x004B1488	0x004B1488	0x004B14CA	66	66	lvgl	link-order-sandwich	low	bracketed in link order by lvgl
0x004B14CA	0x004B14CA	0x004B14FE	52	52	lvgl	link-order-sandwich	low	bracketed in link order by lvgl
0x004B14FE	0x004B14FE	0x004B1516	24	24	lvgl	link-order-sandwich	low	bracketed in link order by lvgl
0x004B1516	0x004B1516	0x004B1548	50	50	lvgl	link-order-sandwich	low	bracketed in link order by lvgl
0x004B1548	0x004B1548	0x004B1588	64	64	lvgl	link-order-sandwich	low	bracketed in link order by lvgl
0x004B1588	0x004B1588	0x004B15A6	30	30	lvgl	link-order-sandwich	low	bracketed in link order by lvgl
0x004B15A6	0x004B15A6	0x004B15B4	14	14	lvgl	link-order-sandwich	low	bracketed in link order by lvgl
0x004B15B4	0x004B15B4	0x004B1606	82	82	lvgl	link-order-sandwich	low	bracketed in link order by lvgl
0x004B1608	0x004B1608	0x004B178C	388	388	lvgl	link-order-sandwich	low	bracketed in link order by lvgl
0x004B1794	0x004B1794	0x004B199C	520	520	lvgl	link-order-sandwich	low	bracketed in link order by lvgl
0x004B199C	0x004B199C	0x004B1A78	220	220	lvgl	link-order-sandwich	low	bracketed in link order by lvgl
0x004B1A78	0x004B1A78	0x004B1AAA	50	50	lvgl	link-order-sandwich	low	bracketed in link order by lvgl
0x004B1AB0	0x004B1AB0	0x004B1AD4	36	36	lvgl	link-order-sandwich	low	bracketed in link order by lvgl
0x004B1AD4	0x004B1AD4	0x004B1B0E	58	58	lvgl	link-order-sandwich	low	bracketed in link order by lvgl
0x004B1B0E	0x004B1B0E	0x004B1B48	58	58	lvgl	link-order-sandwich	low	bracketed in link order by lvgl
0x004B1B48	0x004B1B48	0x004B1B84	60	60	lvgl	link-order-sandwich	low	bracketed in link order by lvgl
0x004B1B8C	0x004B1B8C	0x004B1B98	12	12	lvgl	link-order-sandwich	low	bracketed in link order by lvgl
0x004B1FCC	0x004B1FCC	0x004B1FD4	8	8	lvgl	link-order-sandwich	low	bracketed in link order by lvgl
0x004B201E	0x004B201E	0x004B202C	14	14	lvgl	link-order-sandwich	low	bracketed in link order by lvgl
0x004B20AA	0x004B20AA	0x004B20D4	42	42	lvgl	call-topology-single-family	medium	every closed-world call target is lvgl
0x004B26A4	0x004B26A4	0x004B2774	208	208	investigation-required-no-evidence	none	none	no closed-world evidence
0x004B2774	0x004B2774	0x004B28EE	378	378	investigation-required-no-evidence	none	none	no closed-world evidence
0x004B28EE	0x004B28EE	0x004B29A0	178	178	investigation-required-no-evidence	none	none	no closed-world evidence
0x004B29F8	0x004B29F8	0x004B2A02	10	10	investigation-required-no-evidence	none	none	no closed-world evidence
0x004B2A04	0x004B2A04	0x004B2A92	142	142	ambiqsuite	closed-module-manifest	high	function-map manifest ambiqsuite-cordio-app-framework
0x004B2A92	0x004B2A92	0x004B2AAA	24	24	ambiqsuite	closed-module-manifest	high	function-map manifest ambiqsuite-cordio-app-framework
0x004B2AAA	0x004B2AAA	0x004B2AFE	84	84	ambiqsuite	closed-module-manifest	high	function-map manifest ambiqsuite-cordio-app-framework
0x004B2CEC	0x004B2CEC	0x004B2D22	54	54	ambiqsuite	closed-module-manifest	high	function-map manifest ambiqsuite-cordio-app-framework
0x004B2D22	0x004B2D22	0x004B2D62	64	64	ambiqsuite	closed-module-manifest	high	function-map manifest ambiqsuite-cordio-app-framework
0x004B2D62	0x004B2D62	0x004B2D7C	26	26	ambiqsuite	closed-module-manifest	high	function-map manifest ambiqsuite-cordio-app-framework
0x004B2D7C	0x004B2D7C	0x004B2DBC	64	64	ambiqsuite	closed-module-manifest	high	function-map manifest ambiqsuite-cordio-app-framework
0x004B2DF8	0x004B2DF8	0x004B2E28	48	48	cordio	closed-module-manifest	high	function-map manifest packetcraft-cordio-dm-dev
0x004B2E28	0x004B2E28	0x004B2E3A	18	18	cordio	closed-module-manifest	high	function-map manifest packetcraft-cordio-dm-dev
0x004B2E3A	0x004B2E3A	0x004B2E48	14	14	cordio	closed-module-manifest	high	function-map manifest packetcraft-cordio-dm-dev
0x004B2E48	0x004B2E48	0x004B2E56	14	14	cordio	closed-module-manifest	high	function-map manifest packetcraft-cordio-dm-dev
0x004B2E56	0x004B2E56	0x004B2E64	14	14	cordio	closed-module-manifest	high	function-map manifest packetcraft-cordio-dm-dev
0x004B2E94	0x004B2E94	0x004B2EA6	18	18	cordio	closed-module-manifest	high	function-map manifest packetcraft-cordio-dm-dev
0x004B3008	0x004B3008	0x004B3026	30	30	cordio	closed-module-manifest	high	function-map manifest packetcraft-cordio-dm-dev
0x004B3026	0x004B3026	0x004B304C	38	38	cordio	closed-module-manifest	high	function-map manifest packetcraft-cordio-dm-dev
0x004B304C	0x004B304C	0x004B3060	20	20	cordio	closed-module-manifest	high	function-map manifest packetcraft-cordio-dm-dev
0x004B3098	0x004B3098	0x004B30E4	76	76	cordio	closed-module-manifest	high	function-map manifest packetcraft-cordio-dm-adv
0x004B30E4	0x004B30E4	0x004B310A	38	38	cordio	closed-module-manifest	high	function-map manifest packetcraft-cordio-dm-adv
0x004B3166	0x004B3166	0x004B319E	56	56	cordio	closed-module-manifest	high	function-map manifest packetcraft-cordio-dm-adv
0x004B319E	0x004B319E	0x004B31EA	76	76	cordio	closed-module-manifest	high	function-map manifest packetcraft-cordio-dm-adv
0x004B31EA	0x004B31EA	0x004B3250	102	102	cordio	closed-module-manifest	high	function-map manifest packetcraft-cordio-dm-adv
0x004B3250	0x004B3250	0x004B3292	66	66	cordio	closed-module-manifest	high	function-map manifest packetcraft-cordio-dm-adv
0x004B3292	0x004B3292	0x004B32B8	38	38	cordio	closed-module-manifest	high	function-map manifest packetcraft-cordio-dm-adv
0x004B32B8	0x004B32B8	0x004B32CA	18	18	cordio	closed-module-manifest	high	function-map manifest packetcraft-cordio-dm-adv
0x004B32D4	0x004B32D4	0x004B32E2	14	14	cordio	link-order-sandwich	low	bracketed in link order by cordio
0x004B32E2	0x004B32E2	0x004B334C	106	106	cordio	link-order-sandwich	low	bracketed in link order by cordio
0x004B334C	0x004B334C	0x004B33D2	134	134	cordio	link-order-sandwich	low	bracketed in link order by cordio
0x004B33D2	0x004B33D2	0x004B3416	68	68	cordio	link-order-sandwich	low	bracketed in link order by cordio
0x004B3416	0x004B3416	0x004B3514	254	254	cordio	call-topology-single-family	medium	every closed-world call target is cordio
0x004B3514	0x004B3514	0x004B35F0	220	220	cordio	link-order-sandwich	low	bracketed in link order by cordio
0x004B35F0	0x004B35F0	0x004B3606	22	22	ambiqsuite	call-topology-single-family	medium	every closed-world call target is ambiqsuite
0x004B36B2	0x004B36B2	0x004B36FC	74	74	cordio	call-topology-single-family	medium	every closed-world call target is cordio
0x004B36FC	0x004B36FC	0x004B3720	36	36	cordio	call-topology-single-family	medium	every closed-world call target is cordio
0x004B3720	0x004B3720	0x004B3746	38	38	cordio	link-order-sandwich	low	bracketed in link order by cordio
0x004B3746	0x004B3746	0x004B374C	6	6	cordio	link-order-sandwich	low	bracketed in link order by cordio
0x004B374C	0x004B374C	0x004B3792	70	70	cordio	link-order-sandwich	low	bracketed in link order by cordio
0x004B38F2	0x004B38F2	0x004B3944	82	82	cordio	call-topology-single-family	medium	every closed-world call target is cordio
0x004B3944	0x004B3944	0x004B39DE	154	154	cordio	call-topology-single-family	medium	every closed-world call target is cordio
0x004B39DE	0x004B39DE	0x004B39F6	24	24	cordio	link-order-sandwich	low	bracketed in link order by cordio
0x004B39F6	0x004B39F6	0x004B3A86	144	144	cordio	call-topology-single-family	medium	every closed-world call target is cordio
0x004B3A86	0x004B3A86	0x004B3AA8	34	34	cordio	call-topology-single-family	medium	every closed-world call target is cordio
0x004B3AA8	0x004B3AA8	0x004B3AEA	66	66	cordio	call-topology-single-family	medium	every closed-world call target is cordio
0x004B3AEA	0x004B3AEA	0x004B3AEC	2	2	cordio	link-order-sandwich	low	bracketed in link order by cordio
0x004B3AEC	0x004B3AEC	0x004B3B4C	96	96	cordio	call-topology-single-family	medium	every closed-world call target is cordio
0x004B3B4C	0x004B3B4C	0x004B3BA0	84	84	cordio	link-order-sandwich	low	bracketed in link order by cordio
0x004B3BA0	0x004B3BA0	0x004B3BB4	20	20	cordio	call-topology-single-family	medium	every closed-world call target is cordio
0x004B3BB4	0x004B3BB4	0x004B3BD2	30	30	cordio	link-order-sandwich	low	bracketed in link order by cordio
0x004B3BD2	0x004B3BD2	0x004B3BEC	26	26	cordio	link-order-sandwich	low	bracketed in link order by cordio
0x004B3C02	0x004B3C02	0x004B3C8A	136	136	cordio	call-topology-single-family	medium	every closed-world call target is cordio
0x004B4240	0x004B4240	0x004B42E4	164	164	investigation-required-no-evidence	none	none	no closed-world evidence
0x004B42F0	0x004B42F0	0x004B43F8	264	264	investigation-required-mixed	call-topology-mixed	none	call targets span cordio|first-party
0x004B43FC	0x004B43FC	0x004B446A	110	110	cordio	call-topology-single-family	medium	every closed-world call target is cordio
0x004B446A	0x004B446A	0x004B4502	152	152	investigation-required-no-evidence	none	none	no closed-world evidence
0x004B4510	0x004B4510	0x004B45AA	154	154	cordio	call-topology-single-family	medium	every closed-world call target is cordio
0x004B45B0	0x004B45B0	0x004B467C	204	204	investigation-required-no-evidence	none	none	no closed-world evidence
0x004B467C	0x004B467C	0x004B4684	8	8	investigation-required-no-evidence	none	none	no closed-world evidence
0x004B4684	0x004B4684	0x004B46A4	32	32	cordio	call-topology-single-family	medium	every closed-world call target is cordio
0x004B46A8	0x004B46A8	0x004B46CE	38	38	investigation-required-no-evidence	none	none	no closed-world evidence
0x004B46CE	0x004B46CE	0x004B46EC	30	30	cordio	call-topology-single-family	medium	every closed-world call target is cordio
0x004B4720	0x004B4720	0x004B4728	8	8	cordio	call-topology-single-family	medium	every closed-world call target is cordio
0x004B4728	0x004B4728	0x004B4762	58	58	iar-dlib	call-topology-single-family	medium	every closed-world call target is iar-dlib
0x004B4768	0x004B4768	0x004B4786	30	30	investigation-required-no-evidence	none	none	no closed-world evidence
0x004B4786	0x004B4786	0x004B47AE	40	40	investigation-required-no-evidence	none	none	no closed-world evidence
0x004B47AE	0x004B47AE	0x004B47CC	30	30	ambiqsuite	closed-module-manifest	high	function-map manifest ambiq-cordio-hci-driver
0x004B47CC	0x004B47CC	0x004B480A	62	62	ambiqsuite	link-order-sandwich	low	bracketed in link order by ambiqsuite
0x004B480A	0x004B480A	0x004B4888	126	126	ambiqsuite	link-order-sandwich	low	bracketed in link order by ambiqsuite
0x004B4888	0x004B4888	0x004B48A6	30	30	ambiqsuite	call-topology-single-family	medium	every closed-world call target is ambiqsuite
0x004B48A6	0x004B48A6	0x004B49CE	296	296	ambiqsuite	closed-module-manifest	high	function-map manifest ambiq-cordio-hci-driver
0x004B49CE	0x004B49CE	0x004B4A02	52	52	ambiqsuite	closed-module-manifest	high	function-map manifest ambiq-cordio-hci-driver
0x004B4A02	0x004B4A02	0x004B4A7C	122	122	ambiqsuite	closed-module-manifest	high	function-map manifest ambiq-cordio-hci-driver
0x004B4AB2	0x004B4AB2	0x004B4C8A	472	472	ambiqsuite	closed-module-manifest	high	function-map manifest ambiq-cordio-hci-driver
0x004B4C8A	0x004B4C8A	0x004B4CB2	40	40	ambiqsuite	closed-module-manifest	high	function-map manifest ambiq-cordio-hci-driver
0x004B4CB2	0x004B4CB2	0x004B4CD2	32	32	ambiqsuite	closed-module-manifest	high	function-map manifest ambiq-cordio-hci-driver
0x004B4CD2	0x004B4CD2	0x004B4D08	54	54	ambiqsuite	closed-module-manifest	high	function-map manifest ambiq-cordio-hci-driver
0x004B4D08	0x004B4D08	0x004B4D18	16	16	ambiqsuite	closed-module-manifest	high	function-map manifest ambiq-cordio-hci-driver
0x004B4D18	0x004B4D18	0x004B4D2C	20	20	ambiqsuite	closed-module-manifest	high	function-map manifest ambiq-cordio-hci-driver
0x004B5014	0x004B5014	0x004B5036	34	34	cordio	closed-module-manifest	high	function-map manifest packetcraft-cordio-att-main
0x004B503C	0x004B503C	0x004B5074	56	56	cordio	closed-module-manifest	high	function-map manifest packetcraft-cordio-att-main
0x004B5074	0x004B5074	0x004B50AE	58	58	cordio	closed-module-manifest	high	function-map manifest packetcraft-cordio-att-main
0x004B50AE	0x004B50AE	0x004B50BA	12	12	cordio	closed-module-manifest	high	function-map manifest packetcraft-cordio-att-main
0x004B50BA	0x004B50BA	0x004B50EA	48	48	cordio	closed-module-manifest	high	function-map manifest packetcraft-cordio-att-main
0x004B50F0	0x004B50F0	0x004B50FE	14	14	cordio	closed-module-manifest	high	function-map manifest packetcraft-cordio-att-main
0x004B50FE	0x004B50FE	0x004B511E	32	32	cordio	closed-module-manifest	high	function-map manifest packetcraft-cordio-att-main
0x004B5204	0x004B5204	0x004B5210	12	12	cordio	closed-module-manifest	high	function-map manifest packetcraft-cordio-att-main
0x004B5210	0x004B5210	0x004B522E	30	30	cordio	closed-module-manifest	high	function-map manifest packetcraft-cordio-att-main
0x004B53E4	0x004B53E4	0x004B5448	100	100	cordio	closed-module-manifest	high	function-map manifest packetcraft-cordio-attc-proc
0x004B5448	0x004B5448	0x004B557A	306	306	cordio	closed-module-manifest	high	function-map manifest packetcraft-cordio-attc-proc
0x004B557A	0x004B557A	0x004B5640	198	198	cordio	closed-module-manifest	high	function-map manifest packetcraft-cordio-attc-proc
0x004B5640	0x004B5640	0x004B571E	222	222	cordio	closed-module-manifest	high	function-map manifest packetcraft-cordio-attc-proc
0x004B571E	0x004B571E	0x004B575A	60	60	cordio	closed-module-manifest	high	function-map manifest packetcraft-cordio-attc-proc
0x004B575A	0x004B575A	0x004B579C	66	66	cordio	closed-module-manifest	high	function-map manifest packetcraft-cordio-attc-proc
0x004B579C	0x004B579C	0x004B57FA	94	94	cordio	closed-module-manifest	high	function-map manifest packetcraft-cordio-attc-proc
0x004B57FA	0x004B57FA	0x004B5838	62	62	cordio	closed-module-manifest	high	function-map manifest packetcraft-cordio-attc-proc
0x004B5A1E	0x004B5A1E	0x004B5A3A	28	28	cordio	closed-module-manifest	high	function-map manifest packetcraft-cordio-gatt-profile
0x004B5A44	0x004B5A44	0x004B5ABA	118	118	cordio	closed-module-manifest	high	function-map manifest packetcraft-cordio-gatt-profile
0x004B62A8	0x004B62A8	0x004B62CA	34	34	cordio	closed-module-manifest	high	function-map manifest packetcraft-cordio-dm-conn
0x004B62CA	0x004B62CA	0x004B62EA	32	32	cordio	closed-module-manifest	high	function-map manifest packetcraft-cordio-dm-conn
0x004B62EA	0x004B62EA	0x004B6320	54	54	cordio	closed-module-manifest	high	function-map manifest packetcraft-cordio-dm-conn
0x004B6324	0x004B6324	0x004B63CA	166	166	cordio	closed-module-manifest	high	function-map manifest packetcraft-cordio-dm-conn
0x004B63D8	0x004B63D8	0x004B6484	172	172	cordio	closed-module-manifest	high	function-map manifest packetcraft-cordio-dm-conn
0x004B6488	0x004B6488	0x004B64CE	70	70	cordio	closed-module-manifest	high	function-map manifest packetcraft-cordio-dm-conn
0x004B68A4	0x004B68A4	0x004B6914	112	112	cordio	closed-module-manifest	high	function-map manifest packetcraft-cordio-dm-conn
0x004B6A38	0x004B6A38	0x004B6A6E	54	54	cordio	closed-module-manifest	high	function-map manifest packetcraft-cordio-dm-conn
0x004B6A6E	0x004B6A6E	0x004B6AB0	66	66	cordio	closed-module-manifest	high	function-map manifest packetcraft-cordio-dm-conn
0x004B6AB8	0x004B6AB8	0x004B6AFA	66	66	cordio	closed-module-manifest	high	function-map manifest packetcraft-cordio-dm-conn
0x004B6AFA	0x004B6AFA	0x004B6B28	46	46	cordio	closed-module-manifest	high	function-map manifest packetcraft-cordio-dm-conn
0x004B6B28	0x004B6B28	0x004B6B50	40	40	cordio	closed-module-manifest	high	function-map manifest packetcraft-cordio-dm-conn
0x004B6B50	0x004B6B50	0x004B6BA6	86	86	cordio	closed-module-manifest	high	function-map manifest packetcraft-cordio-dm-conn
0x004B6BAC	0x004B6BAC	0x004B6BEE	66	66	cordio	closed-module-manifest	high	function-map manifest packetcraft-cordio-dm-conn
0x004B6BEE	0x004B6BEE	0x004B6C24	54	54	cordio	closed-module-manifest	high	function-map manifest packetcraft-cordio-dm-conn
0x004B6C82	0x004B6C82	0x004B6CB0	46	46	cordio	closed-module-manifest	high	function-map manifest packetcraft-cordio-dm-conn
0x004B6CB0	0x004B6CB0	0x004B6D26	118	118	cordio	closed-module-manifest	high	function-map manifest packetcraft-cordio-dm-conn
0x004B6D26	0x004B6D26	0x004B6D68	66	66	cordio	closed-module-manifest	high	function-map manifest packetcraft-cordio-dm-conn
0x004B6D68	0x004B6D68	0x004B6D96	46	46	cordio	closed-module-manifest	high	function-map manifest packetcraft-cordio-dm-conn
0x004B6D96	0x004B6D96	0x004B6DCA	52	52	cordio	closed-module-manifest	high	function-map manifest packetcraft-cordio-dm-conn
0x004B6DD4	0x004B6DD4	0x004B6DE6	18	18	cordio	closed-module-manifest	high	function-map manifest packetcraft-cordio-dm-conn
0x004B6DE6	0x004B6DE6	0x004B6DF2	12	12	cordio	closed-module-manifest	high	function-map manifest packetcraft-cordio-dm-conn
0x004B6DF2	0x004B6DF2	0x004B6E14	34	34	cordio	closed-module-manifest	high	function-map manifest packetcraft-cordio-dm-conn
0x004B6E14	0x004B6E14	0x004B6E46	50	50	cordio	closed-module-manifest	high	function-map manifest packetcraft-cordio-dm-conn
0x004B6E46	0x004B6E46	0x004B6E6C	38	38	cordio	closed-module-manifest	high	function-map manifest packetcraft-cordio-dm-conn
0x004B6E6C	0x004B6E6C	0x004B6E96	42	42	cordio	closed-module-manifest	high	function-map manifest packetcraft-cordio-dm-conn
0x004B6E96	0x004B6E96	0x004B6EC6	48	48	cordio	closed-module-manifest	high	function-map manifest packetcraft-cordio-dm-conn
0x004B6EC6	0x004B6EC6	0x004B6ED8	18	18	cordio	closed-module-manifest	high	function-map manifest packetcraft-cordio-dm-conn
0x004B6ED8	0x004B6ED8	0x004B6EEA	18	18	cordio	closed-module-manifest	high	function-map manifest packetcraft-cordio-dm-conn
0x004B6EEA	0x004B6EEA	0x004B6EFA	16	16	cordio	closed-module-manifest	high	function-map manifest packetcraft-cordio-dm-conn
0x004B6EFA	0x004B6EFA	0x004B6F0C	18	18	cordio	closed-module-manifest	high	function-map manifest packetcraft-cordio-dm-conn
0x004B6F0C	0x004B6F0C	0x004B6F1C	16	16	cordio	closed-module-manifest	high	function-map manifest packetcraft-cordio-dm-conn
0x004B71B2	0x004B71B2	0x004B71C2	16	16	cordio	closed-module-manifest	high	function-map manifest packetcraft-cordio-dm-conn
0x004B73A2	0x004B73A2	0x004B73C4	34	34	cordio	closed-module-manifest	high	function-map manifest packetcraft-cordio-dm-conn
0x004B73C4	0x004B73C4	0x004B73E8	36	36	cordio	closed-module-manifest	high	function-map manifest packetcraft-cordio-dm-conn
0x004B73E8	0x004B73E8	0x004B7426	62	62	cordio	closed-module-manifest	high	function-map manifest packetcraft-cordio-dm-conn
0x004B7478	0x004B7478	0x004B748C	20	20	first-party	closed-module-manifest	high	function-map manifest g2-app-ble-startup
0x004B748C	0x004B748C	0x004B74F0	100	100	first-party	closed-module-manifest	high	function-map manifest g2-app-ble-startup
0x004B7E74	0x004B7E74	0x004B7EC2	78	78	first-party	closed-module-manifest	high	function-map manifest g2-app-ble-startup
0x004B80BE	0x004B80BE	0x004B80EA	44	44	first-party	closed-module-manifest	high	function-map manifest g2-app-ble-startup
0x004B8122	0x004B8122	0x004B8128	6	6	first-party	link-order-sandwich	low	bracketed in link order by first-party
0x004B8128	0x004B8128	0x004B8130	8	8	first-party	link-order-sandwich	low	bracketed in link order by first-party
0x004B8204	0x004B8204	0x004B820A	6	6	first-party	link-order-sandwich	low	bracketed in link order by first-party
0x004B8390	0x004B8390	0x004B8436	166	166	first-party	link-order-sandwich	low	bracketed in link order by first-party
0x004B848C	0x004B848C	0x004B871E	658	658	first-party	link-order-sandwich	low	bracketed in link order by first-party
0x004B8BA2	0x004B8BA2	0x004B8BDC	58	58	first-party	closed-module-manifest	high	function-map manifest g2-transport-protocol
0x004B8BDC	0x004B8BDC	0x004B8C14	56	56	first-party	closed-module-manifest	high	function-map manifest g2-transport-protocol
0x004B8C14	0x004B8C14	0x004B8C44	48	48	first-party	closed-module-manifest	high	function-map manifest g2-transport-protocol
0x004B8C44	0x004B8C44	0x004B8C6C	40	40	first-party	closed-module-manifest	high	function-map manifest g2-transport-protocol
0x004B9984	0x004B9984	0x004B99B6	50	50	first-party	closed-module-manifest	high	function-map manifest g2-transport-protocol
0x004B9A80	0x004B9A80	0x004B9AC0	64	64	cordio	closed-module-manifest	high	function-map manifest packetcraft-cordio-dm-adv-leg
0x004BAC4E	0x004BAC4E	0x004BAC64	22	22	cordio	link-order-sandwich	low	bracketed in link order by cordio
0x004BACC8	0x004BACC8	0x004BACF0	40	40	cordio	call-topology-single-family	medium	every closed-world call target is cordio
0x004BACF0	0x004BACF0	0x004BAD26	54	54	cordio	call-topology-single-family	medium	every closed-world call target is cordio
0x004BAFDA	0x004BAFDA	0x004BB030	86	86	cordio	call-topology-single-family	medium	every closed-world call target is cordio
0x004BB030	0x004BB030	0x004BB04A	26	26	cordio	call-topology-single-family	medium	every closed-world call target is cordio
0x004BB04A	0x004BB04A	0x004BB05A	16	16	cordio	call-topology-single-family	medium	every closed-world call target is cordio
0x004BB05A	0x004BB05A	0x004BB07C	34	34	cordio	link-order-sandwich	low	bracketed in link order by cordio
0x004BB07C	0x004BB07C	0x004BB08E	18	18	cordio	link-order-sandwich	low	bracketed in link order by cordio
0x004BB21C	0x004BB21C	0x004BB25C	64	64	cordio	call-topology-single-family	medium	every closed-world call target is cordio
0x004BB9B4	0x004BB9B4	0x004BB9BC	8	8	first-party	closed-module-manifest	high	function-map manifest g2-pb-service-pair-mgr
0x004BB9BC	0x004BB9BC	0x004BB9C4	8	8	first-party	closed-module-manifest	high	function-map manifest g2-pb-service-pair-mgr
0x004BBF38	0x004BBF38	0x004BBF44	12	12	first-party	closed-module-manifest	high	function-map manifest g2-pb-service-pair-mgr
0x004BDA34	0x004BDA34	0x004BDA44	16	16	investigation-required-no-evidence	none	none	no closed-world evidence
0x004BDC0C	0x004BDC0C	0x004BDC9C	144	144	first-party	closed-module-manifest	high	function-map manifest g2-ble-ota-ring-profiles
0x004BDD00	0x004BDD00	0x004BDD18	24	24	first-party	closed-module-manifest	high	function-map manifest g2-ble-ota-ring-profiles
0x004BDD70	0x004BDD70	0x004BDD7E	14	14	first-party	closed-module-manifest	high	function-map manifest g2-ble-ota-ring-profiles
0x004BDED6	0x004BDED6	0x004BDF3C	102	102	first-party	closed-module-manifest	high	function-map manifest g2-ble-transport-profiles
0x004BDFE6	0x004BDFE6	0x004BDFF4	14	14	first-party	closed-module-manifest	high	function-map manifest g2-ble-transport-profiles
0x004BE228	0x004BE228	0x004BE24E	38	38	first-party	closed-module-manifest	high	function-map manifest g2-ble-transport-profiles
0x004BE24E	0x004BE24E	0x004BE2B4	102	102	first-party	closed-module-manifest	high	function-map manifest g2-ble-transport-profiles
0x004BE2D6	0x004BE2D6	0x004BE2E8	18	18	first-party	closed-module-manifest	high	function-map manifest g2-ble-transport-profiles
0x004BE2E8	0x004BE2E8	0x004BE2F6	14	14	first-party	closed-module-manifest	high	function-map manifest g2-ble-transport-profiles
0x004BE420	0x004BE420	0x004BE486	102	102	first-party	closed-module-manifest	high	function-map manifest g2-ble-transport-profiles
0x004BE572	0x004BE572	0x004BE580	14	14	first-party	closed-module-manifest	high	function-map manifest g2-ble-transport-profiles
0x004BE76C	0x004BE76C	0x004BE7D2	102	102	first-party	closed-module-manifest	high	function-map manifest g2-ble-transport-profiles
0x004BE848	0x004BE848	0x004BE856	14	14	first-party	closed-module-manifest	high	function-map manifest g2-ble-transport-profiles
0x004BEA04	0x004BEA04	0x004BEA14	16	16	ambiqsuite-ancc	closed-module-manifest	high	function-map manifest ambiqsuite-ancc-profile
0x004BEA14	0x004BEA14	0x004BEA24	16	16	ambiqsuite-ancc	closed-module-manifest	high	function-map manifest ambiqsuite-ancc-profile
0x004BEA24	0x004BEA24	0x004BEA36	18	18	ambiqsuite-ancc	closed-module-manifest	high	function-map manifest ambiqsuite-ancc-profile
0x004BEA36	0x004BEA36	0x004BEA7A	68	68	ambiqsuite-ancc	closed-module-manifest	high	function-map manifest ambiqsuite-ancc-profile
0x004BEAE8	0x004BEAE8	0x004BEB82	154	154	ambiqsuite-ancc	closed-module-manifest	high	function-map manifest ambiqsuite-ancc-profile
0x004BEB82	0x004BEB82	0x004BEBC4	66	66	ambiqsuite-ancc	closed-module-manifest	high	function-map manifest ambiqsuite-ancc-profile
0x004BEBC4	0x004BEBC4	0x004BEC20	92	92	ambiqsuite-ancc	closed-module-manifest	high	function-map manifest ambiqsuite-ancc-profile
0x004BEC20	0x004BEC20	0x004BED0E	238	238	ambiqsuite-ancc	closed-module-manifest	high	function-map manifest ambiqsuite-ancc-profile
0x004BF742	0x004BF742	0x004BF780	62	62	ambiqsuite-ancc	closed-module-manifest	high	function-map manifest ambiqsuite-ancc-profile
0x004BF780	0x004BF780	0x004BF81A	154	154	ambiqsuite-ancc	closed-module-manifest	high	function-map manifest ambiqsuite-ancc-profile
0x004BF8AC	0x004BF8AC	0x004BF8B0	4	4	ambiqsuite-ancc	closed-module-manifest	high	function-map manifest ambiqsuite-ancc-profile
0x004BF990	0x004BF990	0x004BF99E	14	14	cordio	closed-module-manifest	high	function-map manifest packetcraft-cordio-wsf-msg
0x004BF99E	0x004BF99E	0x004BF9B0	18	18	cordio	closed-module-manifest	high	function-map manifest packetcraft-cordio-wsf-msg
0x004BF9B0	0x004BF9B0	0x004BF9BA	10	10	cordio	closed-module-manifest	high	function-map manifest packetcraft-cordio-wsf-msg
0x004BF9BA	0x004BF9BA	0x004BF9DE	36	36	cordio	closed-module-manifest	high	function-map manifest packetcraft-cordio-wsf-msg
0x004BF9DE	0x004BF9DE	0x004BF9EC	14	14	cordio	closed-module-manifest	high	function-map manifest packetcraft-cordio-wsf-msg
0x004BF9EC	0x004BF9EC	0x004BFA00	20	20	cordio	closed-module-manifest	high	function-map manifest packetcraft-cordio-wsf-msg
0x004BFA00	0x004BFA00	0x004BFA0E	14	14	cordio	closed-module-manifest	high	function-map manifest packetcraft-cordio-wsf-msg
0x004BFA10	0x004BFA10	0x004BFA3C	44	44	investigation-required-no-evidence	none	none	no closed-world evidence
0x004BFA3C	0x004BFA3C	0x004BFB72	310	310	investigation-required-no-evidence	none	none	no closed-world evidence
0x004BFB72	0x004BFB72	0x004BFBBC	74	74	investigation-required-no-evidence	none	none	no closed-world evidence
0x004BFBBC	0x004BFBBC	0x004BFC5A	158	158	investigation-required-no-evidence	none	none	no closed-world evidence
0x004BFC5A	0x004BFC5A	0x004BFC86	44	44	investigation-required-no-evidence	none	none	no closed-world evidence
0x004BFC86	0x004BFC86	0x004BFCC0	58	58	investigation-required-no-evidence	none	none	no closed-world evidence
0x004BFCC0	0x004BFCC0	0x004BFD44	132	132	investigation-required-no-evidence	none	none	no closed-world evidence
0x004BFD44	0x004BFD44	0x004BFD62	30	30	investigation-required-no-evidence	none	none	no closed-world evidence
0x004BFD62	0x004BFD62	0x004BFD6E	12	12	investigation-required-no-evidence	none	none	no closed-world evidence
0x004BFD6E	0x004BFD6E	0x004BFDF4	134	134	investigation-required-no-evidence	none	none	no closed-world evidence
0x004BFDF4	0x004BFDF4	0x004BFE60	108	108	investigation-required-no-evidence	none	none	no closed-world evidence
0x004BFE60	0x004BFE60	0x004BFED6	118	118	investigation-required-no-evidence	none	none	no closed-world evidence
0x004BFED6	0x004BFED6	0x004C0644	1902	1902	investigation-required-no-evidence	none	none	no closed-world evidence
0x004C0644	0x004C0644	0x004C072C	232	232	investigation-required-no-evidence	none	none	no closed-world evidence
0x004C0758	0x004C0758	0x004C07D0	120	120	investigation-required-no-evidence	none	none	no closed-world evidence
0x004C07D0	0x004C07D0	0x004C0812	66	66	investigation-required-no-evidence	none	none	no closed-world evidence
0x004C0812	0x004C0812	0x004C08A2	144	144	investigation-required-no-evidence	none	none	no closed-world evidence
0x004C08A8	0x004C08A8	0x004C098C	228	228	investigation-required-no-evidence	none	none	no closed-world evidence
0x004C099C	0x004C099C	0x004C0E1E	1154	1154	investigation-required-no-evidence	none	none	references peripheral registers
0x004C0E1E	0x004C0E1E	0x004C0EA8	138	138	investigation-required-no-evidence	none	none	no closed-world evidence
0x004C0EA8	0x004C0EA8	0x004C0F1E	118	118	investigation-required-no-evidence	none	none	no closed-world evidence
0x004C0F24	0x004C0F24	0x004C0F5C	56	56	investigation-required-no-evidence	none	none	no closed-world evidence
0x004C0F78	0x004C0F78	0x004C2098	4384	4384	investigation-required-no-evidence	none	none	references peripheral registers
0x004C2098	0x004C2098	0x004C2204	364	364	investigation-required-no-evidence	none	none	no closed-world evidence
0x004C2208	0x004C2208	0x004C2328	288	288	investigation-required-no-evidence	none	none	no closed-world evidence
0x004C2328	0x004C2328	0x004C235C	52	52	investigation-required-no-evidence	none	none	no closed-world evidence
0x004C235C	0x004C235C	0x004C2392	54	54	investigation-required-no-evidence	none	none	no closed-world evidence
0x004C2392	0x004C2392	0x004C23DE	76	76	investigation-required-no-evidence	none	none	no closed-world evidence
0x004C23DE	0x004C23DE	0x004C240E	48	0	investigation-required-no-evidence	none	none	no closed-world evidence
0x004C240E	0x004C240E	0x004C26D6	712	712	investigation-required-no-evidence	none	none	references peripheral registers
0x004C26E0	0x004C26E0	0x004C2AD6	1014	1014	investigation-required-no-evidence	none	none	no closed-world evidence
0x004C2AE8	0x004C2AE8	0x004C2B30	72	72	investigation-required-no-evidence	none	none	references peripheral registers
0x004C2B30	0x004C2B30	0x004C2B68	56	56	investigation-required-no-evidence	none	none	no closed-world evidence
0x004C2B68	0x004C2B68	0x004C2E30	712	712	investigation-required-no-evidence	none	none	no closed-world evidence
0x004C2E30	0x004C2E30	0x004C306A	570	570	investigation-required-no-evidence	none	none	no closed-world evidence
0x004C32B4	0x004C32B4	0x004C34CE	538	538	investigation-required-no-evidence	none	none	no closed-world evidence
0x004C3500	0x004C3500	0x004C36A4	420	420	investigation-required-no-evidence	none	none	no closed-world evidence
0x004C3750	0x004C3750	0x004C377A	42	42	investigation-required-no-evidence	none	none	references peripheral registers
0x004C377A	0x004C377A	0x004C37A8	46	46	investigation-required-no-evidence	none	none	no closed-world evidence
0x004C37A8	0x004C37A8	0x004C37CA	34	34	investigation-required-no-evidence	none	none	no closed-world evidence
0x004C37CA	0x004C37CA	0x004C37FE	52	52	investigation-required-no-evidence	none	none	no closed-world evidence
0x004C37FE	0x004C37FE	0x004C387E	128	128	investigation-required-no-evidence	none	none	no closed-world evidence
0x004C387E	0x004C387E	0x004C38A0	34	34	investigation-required-no-evidence	none	none	no closed-world evidence
0x004C38A0	0x004C38A0	0x004C399E	254	254	investigation-required-no-evidence	none	none	no closed-world evidence
0x004C399E	0x004C399E	0x004C3B44	422	422	investigation-required-no-evidence	none	none	no closed-world evidence
0x004C3B44	0x004C3B44	0x004C3BFC	184	184	investigation-required-no-evidence	none	none	no closed-world evidence
0x004C3BFC	0x004C3BFC	0x004C3C2E	50	50	investigation-required-no-evidence	none	none	no closed-world evidence
0x004C3C2E	0x004C3C2E	0x004C3C60	50	50	investigation-required-no-evidence	none	none	no closed-world evidence
0x004C3C60	0x004C3C60	0x004C3CA2	66	66	investigation-required-no-evidence	none	none	no closed-world evidence
0x004C3CA2	0x004C3CA2	0x004C3CD4	50	50	investigation-required-no-evidence	none	none	no closed-world evidence
0x004C3CD4	0x004C3CD4	0x004C3D28	84	84	investigation-required-no-evidence	none	none	no closed-world evidence
0x004C3D28	0x004C3D28	0x004C3D70	72	72	investigation-required-no-evidence	none	none	no closed-world evidence
0x004C3D70	0x004C3D70	0x004C3D9E	46	46	investigation-required-no-evidence	none	none	no closed-world evidence
0x004C3D9E	0x004C3D9E	0x004C3E9A	252	252	investigation-required-no-evidence	none	none	no closed-world evidence
0x004C3E9A	0x004C3E9A	0x004C3EF4	90	90	investigation-required-no-evidence	none	none	no closed-world evidence
0x004C3EF4	0x004C3EF4	0x004C3F2A	54	54	investigation-required-no-evidence	none	none	no closed-world evidence
0x004C3F2A	0x004C3F2A	0x004C4016	236	236	investigation-required-no-evidence	none	none	no closed-world evidence
0x004C4016	0x004C4016	0x004C4058	66	66	investigation-required-no-evidence	none	none	no closed-world evidence
0x004C4058	0x004C4058	0x004C4086	46	46	investigation-required-no-evidence	none	none	no closed-world evidence
0x004C4086	0x004C4086	0x004C420C	390	390	investigation-required-no-evidence	none	none	no closed-world evidence
0x004C420C	0x004C420C	0x004C427E	114	114	investigation-required-no-evidence	none	none	no closed-world evidence
0x004C427E	0x004C427E	0x004C43DA	348	348	investigation-required-no-evidence	none	none	no closed-world evidence
0x004C43EC	0x004C43EC	0x004C445A	110	110	investigation-required-no-evidence	none	none	no closed-world evidence
0x004C446C	0x004C446C	0x004C449E	50	50	investigation-required-no-evidence	none	none	no closed-world evidence
0x004C44BC	0x004C44BC	0x004C4530	116	116	investigation-required-no-evidence	none	none	no closed-world evidence
0x004C4530	0x004C4530	0x004C45A4	116	116	investigation-required-no-evidence	none	none	no closed-world evidence
0x004C45A4	0x004C45A4	0x004C45E2	62	62	investigation-required-no-evidence	none	none	no closed-world evidence
0x004C45E2	0x004C45E2	0x004C45FC	26	26	investigation-required-no-evidence	none	none	no closed-world evidence
0x004C46C0	0x004C46C0	0x004C46D0	16	16	first-party	closed-module-manifest	high	function-map manifest g2-ble-ota-ring-profiles
0x004C487C	0x004C487C	0x004C48AC	48	48	first-party	closed-module-manifest	high	function-map manifest g2-ble-ota-ring-profiles
0x004C4D64	0x004C4D64	0x004C4D66	2	2	first-party	closed-module-manifest	high	function-map manifest g2-thread-ring
0x004C4D66	0x004C4D66	0x004C4D8E	40	40	first-party	closed-module-manifest	high	function-map manifest g2-thread-ring
0x004C4D8E	0x004C4D8E	0x004C4D90	2	2	first-party	closed-module-manifest	high	function-map manifest g2-thread-ring
0x004C4D90	0x004C4D90	0x004C4D9A	10	10	first-party	closed-module-manifest	high	function-map manifest g2-thread-ring
0x004C4D9A	0x004C4D9A	0x004C4DA4	10	10	first-party	closed-module-manifest	high	function-map manifest g2-thread-ring
0x004C548C	0x004C548C	0x004C549C	16	16	first-party	closed-module-manifest	high	function-map manifest g2-thread-ring
0x004C5774	0x004C5774	0x004C57AE	58	58	cordio	closed-module-manifest	high	function-map manifest packetcraft-cordio-dm-phy
0x004C57AE	0x004C57AE	0x004C57D6	40	40	cordio	closed-module-manifest	high	function-map manifest packetcraft-cordio-dm-phy
0x004C57D6	0x004C57D6	0x004C5810	58	58	cordio	closed-module-manifest	high	function-map manifest packetcraft-cordio-dm-phy
0x004C5810	0x004C5810	0x004C584A	58	58	cordio	closed-module-manifest	high	function-map manifest packetcraft-cordio-dm-phy
0x004C5886	0x004C5886	0x004C5892	12	12	first-party	closed-module-manifest	high	function-map manifest g2-service-input-manager
0x004C5892	0x004C5892	0x004C58EE	92	92	first-party	closed-module-manifest	high	function-map manifest g2-service-input-manager
0x004C58EE	0x004C58EE	0x004C5916	40	40	first-party	closed-module-manifest	high	function-map manifest g2-service-input-manager
0x004C5C30	0x004C5C30	0x004C5C4C	28	28	first-party	closed-module-manifest	high	function-map manifest g2-service-input-manager
0x004C5C4C	0x004C5C4C	0x004C5C6E	34	34	first-party	closed-module-manifest	high	function-map manifest g2-service-input-manager
0x004C6D80	0x004C6D80	0x004C6D8C	12	12	lvgl	link-order-sandwich	low	bracketed in link order by lvgl
0x004C6D8C	0x004C6D8C	0x004C6D9A	14	14	lvgl	link-order-sandwich	low	bracketed in link order by lvgl
0x004C6EE0	0x004C6EE0	0x004C6F46	102	102	lvgl	link-order-sandwich	low	bracketed in link order by lvgl
0x004C6F46	0x004C6F46	0x004C6FBA	116	116	lvgl	call-topology-single-family	medium	every closed-world call target is lvgl
0x004C6FBA	0x004C6FBA	0x004C7018	94	94	lvgl	link-order-sandwich	low	bracketed in link order by lvgl
0x004C7018	0x004C7018	0x004C7064	76	76	lvgl	link-order-sandwich	low	bracketed in link order by lvgl
0x004C7064	0x004C7064	0x004C706E	10	10	lvgl	link-order-sandwich	low	bracketed in link order by lvgl
0x004C70B4	0x004C70B4	0x004C70E4	48	48	lvgl	link-order-sandwich	low	bracketed in link order by lvgl
0x004C70E4	0x004C70E4	0x004C7116	50	50	lvgl	link-order-sandwich	low	bracketed in link order by lvgl
0x004C7116	0x004C7116	0x004C713C	38	38	lvgl	link-order-sandwich	low	bracketed in link order by lvgl
0x004C7364	0x004C7364	0x004C73C2	94	94	lvgl	link-order-sandwich	low	bracketed in link order by lvgl
0x004C73C4	0x004C73C4	0x004C73D6	18	18	lvgl	link-order-sandwich	low	bracketed in link order by lvgl
0x004C752E	0x004C752E	0x004C7548	26	26	lvgl	link-order-sandwich	low	bracketed in link order by lvgl
0x004C7548	0x004C7548	0x004C76A6	350	350	lvgl	link-order-sandwich	low	bracketed in link order by lvgl
0x004C7752	0x004C7752	0x004C791A	456	456	lvgl	call-topology-single-family	medium	every closed-world call target is lvgl
0x004C791A	0x004C791A	0x004C7920	6	6	lvgl	link-order-sandwich	low	bracketed in link order by lvgl
0x004C7940	0x004C7940	0x004C794C	12	12	lvgl	link-order-sandwich	low	bracketed in link order by lvgl
0x004C8210	0x004C8210	0x004C8256	70	70	lvgl	call-topology-single-family	medium	every closed-world call target is lvgl
0x004C884A	0x004C884A	0x004C887C	50	50	lvgl	link-order-sandwich	low	bracketed in link order by lvgl
0x004C8C94	0x004C8C94	0x004C8D3C	168	168	lvgl	link-order-sandwich	low	bracketed in link order by lvgl
0x004C8D3C	0x004C8D3C	0x004C8D8C	80	80	lvgl	link-order-sandwich	low	bracketed in link order by lvgl
0x004C8EFC	0x004C8EFC	0x004C8F0A	14	14	lvgl	link-order-sandwich	low	bracketed in link order by lvgl
0x004C8F0A	0x004C8F0A	0x004C8F56	76	76	lvgl	call-topology-single-family	medium	every closed-world call target is lvgl
0x004C8FD8	0x004C8FD8	0x004C8FEE	22	22	littlefs	call-topology-single-family	medium	every closed-world call target is littlefs
0x004C9104	0x004C9104	0x004C9176	114	114	lvgl	link-order-sandwich	low	bracketed in link order by lvgl
0x004C91A8	0x004C91A8	0x004C91DE	54	54	lvgl	call-topology-single-family	medium	every closed-world call target is lvgl
0x004C93A0	0x004C93A0	0x004C947C	220	220	lvgl	call-topology-single-family	medium	every closed-world call target is lvgl
0x004C94C8	0x004C94C8	0x004C9508	64	64	first-party	closed-module-manifest	high	function-map manifest g2-thread-manager
0x004C9508	0x004C9508	0x004C951C	20	20	first-party	closed-module-manifest	high	function-map manifest g2-thread-manager
0x004C951C	0x004C951C	0x004C953E	34	34	first-party	closed-module-manifest	high	function-map manifest g2-thread-manager
0x004C953E	0x004C953E	0x004C95BC	126	126	first-party	closed-module-manifest	high	function-map manifest g2-thread-manager
0x004C963A	0x004C963A	0x004C96B6	124	124	first-party	closed-module-manifest	high	function-map manifest g2-thread-manager
0x004C96B6	0x004C96B6	0x004C9778	194	194	first-party	closed-module-manifest	high	function-map manifest g2-thread-manager
0x004C9B1A	0x004C9B1A	0x004C9B48	46	46	first-party	closed-module-manifest	high	function-map manifest g2-thread-manager
0x004C9C3C	0x004C9C3C	0x004C9C50	20	20	first-party	closed-module-manifest	high	function-map manifest g2-thread-manager
0x004C9C50	0x004C9C50	0x004C9C56	6	6	first-party	closed-module-manifest	high	function-map manifest g2-thread-manager
0x004CA6F8	0x004CA6F8	0x004CA700	8	0	investigation-required-no-evidence	none	none	no closed-world evidence
0x004CA700	0x004CA700	0x004CA708	8	0	investigation-required-no-evidence	none	none	no closed-world evidence
0x004CA708	0x004CA708	0x004CA714	12	0	investigation-required-no-evidence	none	none	no closed-world evidence
0x004CA714	0x004CA714	0x004CA720	12	0	investigation-required-no-evidence	none	none	no closed-world evidence
0x004CA720	0x004CA720	0x004CA77A	90	0	investigation-required-no-evidence	none	none	no closed-world evidence
0x004CA77A	0x004CA77A	0x004CA78A	16	0	investigation-required-no-evidence	none	none	no closed-world evidence
0x004CA78A	0x004CA78A	0x004CA7B2	40	0	investigation-required-no-evidence	none	none	references peripheral registers
0x004CA7B2	0x004CA7B2	0x004CA7B6	4	0	investigation-required-no-evidence	none	none	no closed-world evidence
0x004CA7B6	0x004CA7B6	0x004CA7D8	34	0	investigation-required-no-evidence	none	none	no closed-world evidence
0x004CA7D8	0x004CA7D8	0x004CA7E0	8	0	investigation-required-no-evidence	none	none	no closed-world evidence
0x004CA7E0	0x004CA7E0	0x004CA802	34	0	investigation-required-no-evidence	none	none	no closed-world evidence
0x004CA802	0x004CA802	0x004CA80A	8	0	investigation-required-no-evidence	none	none	no closed-world evidence
0x004CA80A	0x004CA80A	0x004CA812	8	8	first-party	call-topology-single-family	medium	every closed-world call target is first-party
0x004CA812	0x004CA812	0x004CA81A	8	8	first-party	call-topology-single-family	medium	every closed-world call target is first-party
0x004CA81A	0x004CA81A	0x004CA822	8	8	investigation-required-no-evidence	none	none	no closed-world evidence
0x004CA822	0x004CA822	0x004CA83C	26	26	investigation-required-no-evidence	none	none	no closed-world evidence
0x004CAA04	0x004CAA04	0x004CAA88	132	132	littlefs	call-topology-single-family	medium	every closed-world call target is littlefs
0x004CAA88	0x004CAA88	0x004CAAFA	114	114	littlefs	call-topology-single-family	medium	every closed-world call target is littlefs
0x004CAD76	0x004CAD76	0x004CAD80	10	10	littlefs	link-order-sandwich	low	bracketed in link order by littlefs
0x004CAD80	0x004CAD80	0x004CADA8	40	40	littlefs	link-order-sandwich	low	bracketed in link order by littlefs
0x004CADAC	0x004CADAC	0x004CADC6	26	26	littlefs	link-order-sandwich	low	bracketed in link order by littlefs
0x004CADC6	0x004CADC6	0x004CADD0	10	10	littlefs	link-order-sandwich	low	bracketed in link order by littlefs
0x004CADD0	0x004CADD0	0x004CADEA	26	26	littlefs	link-order-sandwich	low	bracketed in link order by littlefs
0x004CADEA	0x004CADEA	0x004CAE14	42	42	littlefs	link-order-sandwich	low	bracketed in link order by littlefs
0x004CAE14	0x004CAE14	0x004CAE3E	42	42	littlefs	link-order-sandwich	low	bracketed in link order by littlefs
0x004CAE3E	0x004CAE3E	0x004CAE54	22	22	littlefs	link-order-sandwich	low	bracketed in link order by littlefs
0x004CAE54	0x004CAE54	0x004CAE6A	22	22	littlefs	link-order-sandwich	low	bracketed in link order by littlefs
0x004CAE6A	0x004CAE6A	0x004CAE74	10	0	littlefs	link-order-sandwich	low	bracketed in link order by littlefs
0x004CAE74	0x004CAE74	0x004CAE88	20	20	littlefs	link-order-sandwich	low	bracketed in link order by littlefs
0x004CAE88	0x004CAE88	0x004CAE90	8	0	littlefs	link-order-sandwich	low	bracketed in link order by littlefs
0x004CAE90	0x004CAE90	0x004CAE98	8	0	littlefs	link-order-sandwich	low	bracketed in link order by littlefs
0x004CAE98	0x004CAE98	0x004CAEA0	8	0	littlefs	link-order-sandwich	low	bracketed in link order by littlefs
0x004CAEA0	0x004CAEA0	0x004CAEA6	6	0	littlefs	link-order-sandwich	low	bracketed in link order by littlefs
0x004CAEA6	0x004CAEA6	0x004CAEB0	10	10	littlefs	link-order-sandwich	low	bracketed in link order by littlefs
0x004CAEB0	0x004CAEB0	0x004CAEB8	8	0	littlefs	link-order-sandwich	low	bracketed in link order by littlefs
0x004CAEB8	0x004CAEB8	0x004CAEBE	6	0	littlefs	link-order-sandwich	low	bracketed in link order by littlefs
0x004CAEBE	0x004CAEBE	0x004CAED4	22	22	littlefs	link-order-sandwich	low	bracketed in link order by littlefs
0x004CAED4	0x004CAED4	0x004CAEF2	30	30	littlefs	link-order-sandwich	low	bracketed in link order by littlefs
0x004CAEF2	0x004CAEF2	0x004CAF0C	26	26	littlefs	link-order-sandwich	low	bracketed in link order by littlefs
0x004CAF0C	0x004CAF0C	0x004CAF22	22	22	littlefs	link-order-sandwich	low	bracketed in link order by littlefs
0x004CAF22	0x004CAF22	0x004CAF2E	12	12	littlefs	link-order-sandwich	low	bracketed in link order by littlefs
0x004CAF2E	0x004CAF2E	0x004CAF44	22	22	littlefs	link-order-sandwich	low	bracketed in link order by littlefs
0x004CAF44	0x004CAF44	0x004CAF5C	24	24	littlefs	link-order-sandwich	low	bracketed in link order by littlefs
0x004CAF5C	0x004CAF5C	0x004CAF82	38	38	littlefs	link-order-sandwich	low	bracketed in link order by littlefs
0x004CAF82	0x004CAF82	0x004CAFA0	30	30	littlefs	link-order-sandwich	low	bracketed in link order by littlefs
0x004CAFA0	0x004CAFA0	0x004CAFBE	30	30	littlefs	link-order-sandwich	low	bracketed in link order by littlefs
0x004CAFBE	0x004CAFBE	0x004CAFD4	22	22	littlefs	link-order-sandwich	low	bracketed in link order by littlefs
0x004CAFD4	0x004CAFD4	0x004CAFEA	22	22	littlefs	link-order-sandwich	low	bracketed in link order by littlefs
0x004CAFEA	0x004CAFEA	0x004CB000	22	22	littlefs	link-order-sandwich	low	bracketed in link order by littlefs
0x004CB000	0x004CB000	0x004CB016	22	22	littlefs	link-order-sandwich	low	bracketed in link order by littlefs
0x004CB016	0x004CB016	0x004CB04C	54	54	littlefs	link-order-sandwich	low	bracketed in link order by littlefs
0x004CB04C	0x004CB04C	0x004CB082	54	54	littlefs	link-order-sandwich	low	bracketed in link order by littlefs
0x004CB082	0x004CB082	0x004CB0A0	30	0	littlefs	link-order-sandwich	low	bracketed in link order by littlefs
0x004CB0A0	0x004CB0A0	0x004CB0BC	28	0	littlefs	link-order-sandwich	low	bracketed in link order by littlefs
0x004CB0BC	0x004CB0BC	0x004CB0C4	8	0	littlefs	link-order-sandwich	low	bracketed in link order by littlefs
0x004CB0C4	0x004CB0C4	0x004CB0CA	6	0	littlefs	link-order-sandwich	low	bracketed in link order by littlefs
0x004CB0CA	0x004CB0CA	0x004CB0D6	12	0	littlefs	link-order-sandwich	low	bracketed in link order by littlefs
0x004CB0D6	0x004CB0D6	0x004CB0E0	10	0	littlefs	link-order-sandwich	low	bracketed in link order by littlefs
0x004CB0E0	0x004CB0E0	0x004CB0E6	6	0	littlefs	link-order-sandwich	low	bracketed in link order by littlefs
0x004CB0E6	0x004CB0E6	0x004CB0F6	16	0	littlefs	link-order-sandwich	low	bracketed in link order by littlefs
0x004CB12E	0x004CB12E	0x004CB186	88	88	littlefs	link-order-sandwich	low	bracketed in link order by littlefs
0x004CB23A	0x004CB23A	0x004CB3C2	392	392	littlefs	call-topology-single-family	medium	every closed-world call target is littlefs
0x004CB3C8	0x004CB3C8	0x004CB3F0	40	40	littlefs	link-order-sandwich	low	bracketed in link order by littlefs
0x004CB3F0	0x004CB3F0	0x004CB514	292	292	littlefs	link-order-sandwich	low	bracketed in link order by littlefs
0x004CB514	0x004CB514	0x004CB592	126	126	littlefs	link-order-sandwich	low	bracketed in link order by littlefs
0x004CBEDC	0x004CBEDC	0x004CBEFC	32	32	littlefs	call-topology-single-family	medium	every closed-world call target is littlefs
0x004CBEFC	0x004CBEFC	0x004CBF32	54	54	littlefs	link-order-sandwich	low	bracketed in link order by littlefs
0x004CBF38	0x004CBF38	0x004CBFDE	166	166	littlefs	link-order-sandwich	low	bracketed in link order by littlefs
0x004CC04A	0x004CC04A	0x004CC1D2	392	392	littlefs	call-topology-single-family	medium	every closed-world call target is littlefs
0x004CC200	0x004CC200	0x004CC23C	60	60	littlefs	call-topology-single-family	medium	every closed-world call target is littlefs
0x004CC23C	0x004CC23C	0x004CC2F2	182	182	littlefs	call-topology-single-family	medium	every closed-world call target is littlefs
0x004CC2F2	0x004CC2F2	0x004CC502	528	528	littlefs	call-topology-single-family	medium	every closed-world call target is littlefs
0x004CC502	0x004CC502	0x004CC5A2	160	160	littlefs	call-topology-single-family	medium	every closed-world call target is littlefs
0x004CC5A2	0x004CC5A2	0x004CC5FA	88	88	littlefs	link-order-sandwich	low	bracketed in link order by littlefs
0x004CC600	0x004CC600	0x004CC67A	122	122	littlefs	call-topology-single-family	medium	every closed-world call target is littlefs
0x004CC67A	0x004CC67A	0x004CC68E	20	20	littlefs	link-order-sandwich	low	bracketed in link order by littlefs
0x004CC69E	0x004CC69E	0x004CC6CA	44	44	littlefs	link-order-sandwich	low	bracketed in link order by littlefs
0x004CD388	0x004CD388	0x004CD3AA	34	34	littlefs	call-topology-single-family	medium	every closed-world call target is littlefs
0x004CD3AA	0x004CD3AA	0x004CD550	422	422	investigation-required-mixed	call-topology-mixed	none	call targets span first-party|littlefs
0x004CD558	0x004CD558	0x004CD5FE	166	166	littlefs	link-order-sandwich	low	bracketed in link order by littlefs
0x004CD604	0x004CD604	0x004CD60E	10	10	littlefs	link-order-sandwich	low	bracketed in link order by littlefs
0x004CD60E	0x004CD60E	0x004CD6BA	172	172	littlefs	link-order-sandwich	low	bracketed in link order by littlefs
0x004CD6E4	0x004CD6E4	0x004CD728	68	68	littlefs	link-order-sandwich	low	bracketed in link order by littlefs
0x004CD728	0x004CD728	0x004CD7D2	170	170	littlefs	call-topology-single-family	medium	every closed-world call target is littlefs
0x004CD974	0x004CD974	0x004CDA36	194	194	littlefs	call-topology-single-family	medium	every closed-world call target is littlefs
0x004CDA36	0x004CDA36	0x004CDCC8	658	658	first-party	call-topology-single-family	medium	every closed-world call target is first-party
0x004CDCC8	0x004CDCC8	0x004CDCD6	14	14	littlefs	link-order-sandwich	low	bracketed in link order by littlefs
0x004CDCE4	0x004CDCE4	0x004CDD0E	42	42	littlefs	link-order-sandwich	low	bracketed in link order by littlefs
0x004CDE2C	0x004CDE2C	0x004CDE54	40	40	littlefs	call-topology-single-family	medium	every closed-world call target is littlefs
0x004CDF74	0x004CDF74	0x004CE042	206	206	littlefs	call-topology-single-family	medium	every closed-world call target is littlefs
0x004CE042	0x004CE042	0x004CE154	274	274	littlefs	call-topology-single-family	medium	every closed-world call target is littlefs
0x004CE1A0	0x004CE1A0	0x004CE308	360	360	littlefs	call-topology-single-family	medium	every closed-world call target is littlefs
0x004CE3BC	0x004CE3BC	0x004CE45C	160	160	littlefs	call-topology-single-family	medium	every closed-world call target is littlefs
0x004CE45C	0x004CE45C	0x004CE460	4	0	littlefs	link-order-sandwich	low	bracketed in link order by littlefs
0x004CE460	0x004CE460	0x004CE472	18	0	littlefs	link-order-sandwich	low	bracketed in link order by littlefs
0x004CE472	0x004CE472	0x004CE48A	24	0	littlefs	link-order-sandwich	low	bracketed in link order by littlefs
0x004CE48A	0x004CE48A	0x004CE4DC	82	82	littlefs	link-order-sandwich	low	bracketed in link order by littlefs
0x004CE4DC	0x004CE4DC	0x004CE600	292	292	littlefs	call-topology-single-family	medium	every closed-world call target is littlefs
0x004CE614	0x004CE614	0x004CE904	752	752	investigation-required-mixed	call-topology-mixed	none	call targets span first-party|littlefs
0x004CEDF8	0x004CEDF8	0x004CEE2A	50	50	littlefs	link-order-sandwich	low	bracketed in link order by littlefs
0x004CF274	0x004CF274	0x004CF27C	8	8	littlefs	link-order-sandwich	low	bracketed in link order by littlefs
0x004CF284	0x004CF284	0x004CF40A	390	390	littlefs	call-topology-single-family	medium	every closed-world call target is littlefs
0x004CF40A	0x004CF40A	0x004CF474	106	106	littlefs	call-topology-single-family	medium	every closed-world call target is littlefs
0x004CF494	0x004CF494	0x004CF4DA	70	70	littlefs	call-topology-single-family	medium	every closed-world call target is littlefs
0x004CF4DA	0x004CF4DA	0x004CF554	122	122	littlefs	call-topology-single-family	medium	every closed-world call target is littlefs
0x004CF564	0x004CF564	0x004CF570	12	12	littlefs	link-order-sandwich	low	bracketed in link order by littlefs
0x004CF5EC	0x004CF5EC	0x004CF63A	78	78	littlefs	link-order-sandwich	low	bracketed in link order by littlefs
0x004CF9E0	0x004CF9E0	0x004CFA08	40	40	littlefs	call-topology-single-family	medium	every closed-world call target is littlefs
0x004CFA12	0x004CFA12	0x004CFA2C	26	26	littlefs	link-order-sandwich	low	bracketed in link order by littlefs
0x004CFA58	0x004CFA58	0x004CFA62	10	10	littlefs	call-topology-single-family	medium	every closed-world call target is littlefs
0x004CFA62	0x004CFA62	0x004CFA6C	10	10	littlefs	call-topology-single-family	medium	every closed-world call target is littlefs
0x004CFA6C	0x004CFA6C	0x004CFA76	10	10	littlefs	link-order-sandwich	low	bracketed in link order by littlefs
0x004CFA76	0x004CFA76	0x004CFA80	10	10	littlefs	link-order-sandwich	low	bracketed in link order by littlefs
0x004CFA80	0x004CFA80	0x004CFA8A	10	10	littlefs	link-order-sandwich	low	bracketed in link order by littlefs
0x004CFA8A	0x004CFA8A	0x004CFA94	10	10	littlefs	link-order-sandwich	low	bracketed in link order by littlefs
0x004CFC24	0x004CFC24	0x004CFC2E	10	10	littlefs	link-order-sandwich	low	bracketed in link order by littlefs
0x004CFC5C	0x004CFC5C	0x004CFC66	10	10	littlefs	link-order-sandwich	low	bracketed in link order by littlefs
0x004CFCF8	0x004CFCF8	0x004CFD02	10	10	investigation-required-no-evidence	none	none	no closed-world evidence
0x004CFD02	0x004CFD02	0x004CFD0C	10	10	investigation-required-no-evidence	none	none	no closed-world evidence
0x004CFD0C	0x004CFD0C	0x004CFD16	10	10	investigation-required-no-evidence	none	none	no closed-world evidence
0x004CFD18	0x004CFD18	0x004CFD56	62	62	investigation-required-no-evidence	none	none	no closed-world evidence
0x004CFD56	0x004CFD56	0x004CFD66	16	16	investigation-required-no-evidence	none	none	no closed-world evidence
0x004CFD66	0x004CFD66	0x004CFD70	10	10	investigation-required-no-evidence	none	none	no closed-world evidence
0x004CFD70	0x004CFD70	0x004CFD84	20	20	investigation-required-no-evidence	none	none	no closed-world evidence
0x004CFD84	0x004CFD84	0x004CFDA0	28	28	investigation-required-no-evidence	none	none	no closed-world evidence
0x004CFDA0	0x004CFDA0	0x004CFDB4	20	20	investigation-required-no-evidence	none	none	no closed-world evidence
0x004CFDB4	0x004CFDB4	0x004CFDC0	12	12	investigation-required-no-evidence	none	none	no closed-world evidence
0x004CFDC0	0x004CFDC0	0x004CFDCE	14	14	investigation-required-no-evidence	none	none	no closed-world evidence
0x004CFDCE	0x004CFDCE	0x004CFDDC	14	14	investigation-required-no-evidence	none	none	no closed-world evidence
0x004CFDDC	0x004CFDDC	0x004CFDE8	12	12	investigation-required-no-evidence	none	none	no closed-world evidence
0x004CFDE8	0x004CFDE8	0x004CFDF6	14	14	investigation-required-no-evidence	none	none	no closed-world evidence
0x004CFDF6	0x004CFDF6	0x004CFE04	14	14	investigation-required-no-evidence	none	none	no closed-world evidence
0x004CFE04	0x004CFE04	0x004CFE10	12	12	investigation-required-no-evidence	none	none	no closed-world evidence
0x004CFE10	0x004CFE10	0x004CFE1A	10	10	investigation-required-no-evidence	none	none	no closed-world evidence
0x004CFE1A	0x004CFE1A	0x004CFE1E	4	4	investigation-required-no-evidence	none	none	no closed-world evidence
0x004CFE88	0x004CFE88	0x004CFE96	14	14	tlsf	call-topology-single-family	medium	every closed-world call target is tlsf
0x004CFE96	0x004CFE96	0x004CFEAC	22	22	tlsf	link-order-sandwich	low	bracketed in link order by tlsf
0x004CFEAC	0x004CFEAC	0x004CFEC2	22	22	tlsf	call-topology-single-family	medium	every closed-world call target is tlsf
0x004CFF42	0x004CFF42	0x004CFF6C	42	42	tlsf	call-topology-single-family	medium	every closed-world call target is tlsf
0x004CFF6C	0x004CFF6C	0x004CFF9A	46	46	tlsf	link-order-sandwich	low	bracketed in link order by tlsf
0x004CFF9A	0x004CFF9A	0x004CFFC2	40	40	tlsf	link-order-sandwich	low	bracketed in link order by tlsf
0x004D0178	0x004D0178	0x004D019A	34	34	tlsf	call-topology-single-family	medium	every closed-world call target is tlsf
0x004D019A	0x004D019A	0x004D01BC	34	34	tlsf	call-topology-single-family	medium	every closed-world call target is tlsf
0x004D01BC	0x004D01BC	0x004D01D4	24	24	tlsf	link-order-sandwich	low	bracketed in link order by tlsf
0x004D0444	0x004D0444	0x004D0484	64	64	tlsf	call-topology-single-family	medium	every closed-world call target is tlsf
0x004D0524	0x004D0524	0x004D0554	48	48	tlsf	link-order-sandwich	low	bracketed in link order by tlsf
0x004D0554	0x004D0554	0x004D0580	44	44	tlsf	link-order-sandwich	low	bracketed in link order by tlsf
0x004D0580	0x004D0580	0x004D05E4	100	0	tlsf	call-topology-single-family	medium	every closed-world call target is tlsf
0x004D05E4	0x004D05E4	0x004D05FA	22	0	tlsf	link-order-sandwich	low	bracketed in link order by tlsf
0x004D05FA	0x004D05FA	0x004D0604	10	0	tlsf	link-order-sandwich	low	bracketed in link order by tlsf
0x004D0608	0x004D0608	0x004D06AC	164	164	tlsf	call-topology-single-family	medium	every closed-world call target is tlsf
0x004D06B4	0x004D06B4	0x004D06D6	34	34	tlsf	link-order-sandwich	low	bracketed in link order by tlsf
0x004D06EC	0x004D06EC	0x004D0716	42	0	tlsf	link-order-sandwich	low	bracketed in link order by tlsf
0x004D0716	0x004D0716	0x004D0722	12	0	tlsf	link-order-sandwich	low	bracketed in link order by tlsf
0x004D0722	0x004D0722	0x004D0744	34	0	tlsf	call-topology-single-family	medium	every closed-world call target is tlsf
0x004D09B4	0x004D09B4	0x004D09D2	30	30	investigation-required-no-evidence	none	none	no closed-world evidence
0x004D09D8	0x004D09D8	0x004D0A2C	84	84	investigation-required-no-evidence	none	none	no closed-world evidence
0x004D0A2C	0x004D0A2C	0x004D0A46	26	26	investigation-required-no-evidence	none	none	no closed-world evidence
0x004D0B36	0x004D0B36	0x004D0B64	46	46	first-party	closed-module-manifest	high	function-map manifest g2-thread-ble-wsf
0x004D15E8	0x004D15E8	0x004D15FA	18	18	investigation-required-no-evidence	none	none	no closed-world evidence
0x004D15FA	0x004D15FA	0x004D161C	34	34	investigation-required-no-evidence	none	none	no closed-world evidence
0x004D161C	0x004D161C	0x004D1636	26	26	investigation-required-no-evidence	none	none	no closed-world evidence
0x004D1638	0x004D1638	0x004D2112	2778	2778	iar-dlib	library-string-signature	high	references IAR DLIB printf_s/scanf_s/constraint diagnostics
0x004D2112	0x004D2112	0x004D2158	70	70	iar-dlib	link-order-sandwich	low	bracketed in link order by iar-dlib
0x004D2158	0x004D2158	0x004D22FC	420	420	iar-dlib	library-string-signature	high	references IAR DLIB printf_s/scanf_s/constraint diagnostics
0x004D24A8	0x004D24A8	0x004D24D4	44	44	cordio	closed-module-manifest	high	function-map manifest packetcraft-cordio-dm-sec
0x004D24D4	0x004D24D4	0x004D250C	56	56	cordio	closed-module-manifest	high	function-map manifest packetcraft-cordio-dm-sec
0x004D251E	0x004D251E	0x004D2524	6	6	cordio	closed-module-manifest	high	function-map manifest packetcraft-cordio-dm-sec
0x004D2524	0x004D2524	0x004D252A	6	6	cordio	closed-module-manifest	high	function-map manifest packetcraft-cordio-dm-sec
0x004D27A0	0x004D27A0	0x004D27AE	14	14	cordio	closed-module-manifest	high	function-map manifest packetcraft-cordio-dm-priv
0x004D27AE	0x004D27AE	0x004D27C0	18	18	cordio	closed-module-manifest	high	function-map manifest packetcraft-cordio-dm-priv
0x004D27CE	0x004D27CE	0x004D27E0	18	18	cordio	closed-module-manifest	high	function-map manifest packetcraft-cordio-dm-priv
0x004D27F6	0x004D27F6	0x004D282E	56	56	cordio	closed-module-manifest	high	function-map manifest packetcraft-cordio-dm-priv
0x004D282E	0x004D282E	0x004D2880	82	82	cordio	closed-module-manifest	high	function-map manifest packetcraft-cordio-dm-priv
0x004D2880	0x004D2880	0x004D28B0	48	48	cordio	closed-module-manifest	high	function-map manifest packetcraft-cordio-dm-priv
0x004D28B0	0x004D28B0	0x004D28CC	28	28	cordio	closed-module-manifest	high	function-map manifest packetcraft-cordio-dm-priv
0x004D28CC	0x004D28CC	0x004D28F0	36	36	cordio	closed-module-manifest	high	function-map manifest packetcraft-cordio-dm-priv
0x004D28F0	0x004D28F0	0x004D2920	48	48	cordio	closed-module-manifest	high	function-map manifest packetcraft-cordio-dm-priv
0x004D293C	0x004D293C	0x004D294A	14	14	cordio	link-order-sandwich	low	bracketed in link order by cordio
0x004D294A	0x004D294A	0x004D2960	22	22	cordio	link-order-sandwich	low	bracketed in link order by cordio
0x004D2960	0x004D2960	0x004D2974	20	20	cordio	link-order-sandwich	low	bracketed in link order by cordio
0x004D2974	0x004D2974	0x004D299C	40	40	cordio	link-order-sandwich	low	bracketed in link order by cordio
0x004D299C	0x004D299C	0x004D29BE	34	34	cordio	closed-module-manifest	high	function-map manifest packetcraft-cordio-dm-main
0x004D2A06	0x004D2A06	0x004D2A46	64	64	cordio	closed-module-manifest	high	function-map manifest packetcraft-cordio-dm-main
0x004D2A46	0x004D2A46	0x004D2A5C	22	22	cordio	closed-module-manifest	high	function-map manifest packetcraft-cordio-dm-main
0x004D2A7E	0x004D2A7E	0x004D2A84	6	6	cordio	closed-module-manifest	high	function-map manifest packetcraft-cordio-dm-main
0x004D2A84	0x004D2A84	0x004D2AA8	36	36	cordio	closed-module-manifest	high	function-map manifest packetcraft-cordio-dm-main
0x004D2AA8	0x004D2AA8	0x004D2ACC	36	36	cordio	closed-module-manifest	high	function-map manifest packetcraft-cordio-dm-main
0x004D2ACC	0x004D2ACC	0x004D2AE8	28	28	cordio	closed-module-manifest	high	function-map manifest packetcraft-cordio-dm-main
0x004D2B00	0x004D2B00	0x004D2B3E	62	62	cordio	closed-module-manifest	high	function-map manifest packetcraft-cordio-dm-main
0x004D2B3E	0x004D2B3E	0x004D2B4C	14	14	cordio	closed-module-manifest	high	function-map manifest packetcraft-cordio-dm-main
0x004D2B4C	0x004D2B4C	0x004D2B8A	62	62	cordio	closed-module-manifest	high	function-map manifest packetcraft-cordio-dm-main
0x004D2B8A	0x004D2B8A	0x004D2B98	14	14	cordio	closed-module-manifest	high	function-map manifest packetcraft-cordio-dm-main
0x004D34C4	0x004D34C4	0x004D34F8	52	52	investigation-required-no-evidence	none	none	no closed-world evidence
0x004D34F8	0x004D34F8	0x004D352C	52	52	investigation-required-no-evidence	none	none	no closed-world evidence
0x004D3534	0x004D3534	0x004D3554	32	32	investigation-required-no-evidence	none	none	no closed-world evidence
0x004D3554	0x004D3554	0x004D35FE	170	170	investigation-required-no-evidence	none	none	no closed-world evidence
0x004D3610	0x004D3610	0x004D3620	16	16	investigation-required-no-evidence	none	none	no closed-world evidence
0x004D38EA	0x004D38EA	0x004D3914	42	42	investigation-required-no-evidence	none	none	no closed-world evidence
0x004D3914	0x004D3914	0x004D391E	10	10	investigation-required-no-evidence	none	none	no closed-world evidence
0x004D391E	0x004D391E	0x004D3938	26	26	investigation-required-no-evidence	none	none	no closed-world evidence
0x004D3938	0x004D3938	0x004D3944	12	12	investigation-required-no-evidence	none	none	no closed-world evidence
0x004D3944	0x004D3944	0x004D3952	14	14	investigation-required-no-evidence	none	none	no closed-world evidence
0x004D3952	0x004D3952	0x004D3992	64	64	investigation-required-no-evidence	none	none	no closed-world evidence
0x004D3992	0x004D3992	0x004D39E4	82	82	investigation-required-no-evidence	none	none	no closed-world evidence
0x004D39E4	0x004D39E4	0x004D39F2	14	14	investigation-required-no-evidence	none	none	no closed-world evidence
0x004D3A20	0x004D3A20	0x004D3A38	24	24	investigation-required-no-evidence	none	none	no closed-world evidence
0x004D3A38	0x004D3A38	0x004D3A58	32	32	investigation-required-no-evidence	none	none	no closed-world evidence
0x004D3A58	0x004D3A58	0x004D3ACC	116	116	investigation-required-no-evidence	none	none	no closed-world evidence
0x004D3ADC	0x004D3ADC	0x004D3B9A	190	190	investigation-required-no-evidence	none	none	no closed-world evidence
0x004D3B9A	0x004D3B9A	0x004D3C0A	112	112	investigation-required-no-evidence	none	none	no closed-world evidence
0x004D3C0A	0x004D3C0A	0x004D3CAE	164	164	investigation-required-no-evidence	none	none	no closed-world evidence
0x004D3CF8	0x004D3CF8	0x004D3DC4	204	204	investigation-required-no-evidence	none	none	no closed-world evidence
0x004D3DCC	0x004D3DCC	0x004D3DCE	2	2	investigation-required-no-evidence	none	none	no closed-world evidence
0x004D3DCE	0x004D3DCE	0x004D3DDA	12	12	investigation-required-no-evidence	none	none	no closed-world evidence
0x004D3DDA	0x004D3DDA	0x004D3F3C	354	354	investigation-required-no-evidence	none	none	references peripheral registers
0x004D3F3C	0x004D3F3C	0x004D3F62	38	38	investigation-required-no-evidence	none	none	no closed-world evidence
0x004D3F78	0x004D3F78	0x004D3FC2	74	74	investigation-required-no-evidence	none	none	no closed-world evidence
0x004D3FC2	0x004D3FC2	0x004D403E	124	124	investigation-required-no-evidence	none	none	no closed-world evidence
0x004D403E	0x004D403E	0x004D4084	70	70	investigation-required-no-evidence	none	none	no closed-world evidence
0x004D40A0	0x004D40A0	0x004D40BC	28	28	iar-dlib	library-string-signature	high	references IAR DLIB printf_s/scanf_s/constraint diagnostics
0x004D40E0	0x004D40E0	0x004D4138	88	88	investigation-required-no-evidence	none	none	no closed-world evidence
0x004D4138	0x004D4138	0x004D414E	22	22	investigation-required-no-evidence	none	none	no closed-world evidence
0x004D4150	0x004D4150	0x004D415C	12	12	investigation-required-no-evidence	none	none	no closed-world evidence
0x004D415C	0x004D415C	0x004D41C0	100	100	investigation-required-no-evidence	none	none	no closed-world evidence
0x004D41C0	0x004D41C0	0x004D41F4	52	52	investigation-required-no-evidence	none	none	no closed-world evidence
0x004D41F4	0x004D41F4	0x004D4206	18	18	investigation-required-no-evidence	none	none	no closed-world evidence
0x004D4208	0x004D4208	0x004D42F8	240	240	investigation-required-no-evidence	none	none	no closed-world evidence
0x004D42F8	0x004D42F8	0x004D4306	14	14	investigation-required-no-evidence	none	none	no closed-world evidence
0x004D4306	0x004D4306	0x004D4314	14	14	investigation-required-no-evidence	none	none	no closed-world evidence
0x004D4314	0x004D4314	0x004D4326	18	18	investigation-required-no-evidence	none	none	no closed-world evidence
0x004D4326	0x004D4326	0x004D4338	18	18	investigation-required-no-evidence	none	none	no closed-world evidence
0x004D4338	0x004D4338	0x004D4346	14	14	investigation-required-no-evidence	none	none	no closed-world evidence
0x004D4346	0x004D4346	0x004D4354	14	14	investigation-required-no-evidence	none	none	no closed-world evidence
0x004D4354	0x004D4354	0x004D4366	18	18	investigation-required-no-evidence	none	none	no closed-world evidence
0x004D43A4	0x004D43A4	0x004D43A8	4	4	investigation-required-no-evidence	none	none	no closed-world evidence
0x004D43A8	0x004D43A8	0x004D43AC	4	4	investigation-required-no-evidence	none	none	no closed-world evidence
0x004D43B4	0x004D43B4	0x004D43D4	32	32	investigation-required-no-evidence	none	none	no closed-world evidence
0x004D43D4	0x004D43D4	0x004D43F6	34	34	investigation-required-no-evidence	none	none	no closed-world evidence
0x004D43F6	0x004D43F6	0x004D4434	62	62	investigation-required-no-evidence	none	none	no closed-world evidence
0x004D4434	0x004D4434	0x004D4446	18	18	investigation-required-no-evidence	none	none	no closed-world evidence
0x004D4446	0x004D4446	0x004D445E	24	24	investigation-required-no-evidence	none	none	no closed-world evidence
0x004D445E	0x004D445E	0x004D44D2	116	116	investigation-required-no-evidence	none	none	no closed-world evidence
0x004D44D2	0x004D44D2	0x004D44E2	16	16	investigation-required-no-evidence	none	none	no closed-world evidence
0x004D44E2	0x004D44E2	0x004D44EC	10	10	investigation-required-no-evidence	none	none	no closed-world evidence
0x004D44EC	0x004D44EC	0x004D450C	32	32	investigation-required-no-evidence	none	none	no closed-world evidence
0x004D450C	0x004D450C	0x004D4596	138	138	investigation-required-no-evidence	none	none	no closed-world evidence
0x004D4596	0x004D4596	0x004D4602	108	108	investigation-required-no-evidence	none	none	no closed-world evidence
0x004D4650	0x004D4650	0x004D465C	12	12	lvgl	link-order-sandwich	low	bracketed in link order by lvgl
0x004D465C	0x004D465C	0x004D4666	10	10	lvgl	link-order-sandwich	low	bracketed in link order by lvgl
0x004D46C2	0x004D46C2	0x004D46DE	28	28	lvgl	link-order-sandwich	low	bracketed in link order by lvgl
0x004D46DE	0x004D46DE	0x004D46E8	10	10	lvgl	link-order-sandwich	low	bracketed in link order by lvgl
0x004D46E8	0x004D46E8	0x004D4724	60	60	lvgl	link-order-sandwich	low	bracketed in link order by lvgl
0x004D4724	0x004D4724	0x004D475C	56	56	lvgl	link-order-sandwich	low	bracketed in link order by lvgl
0x004D475C	0x004D475C	0x004D4768	12	12	lvgl	link-order-sandwich	low	bracketed in link order by lvgl
0x004D4768	0x004D4768	0x004D477A	18	18	lvgl	link-order-sandwich	low	bracketed in link order by lvgl
0x004D47CC	0x004D47CC	0x004D47EC	32	32	lvgl	call-topology-single-family	medium	every closed-world call target is lvgl
0x004D47EC	0x004D47EC	0x004D47FA	14	14	lvgl	link-order-sandwich	low	bracketed in link order by lvgl
0x004D47FA	0x004D47FA	0x004D481A	32	32	lvgl	link-order-sandwich	low	bracketed in link order by lvgl
0x004D481A	0x004D481A	0x004D4826	12	12	lvgl	call-topology-single-family	medium	every closed-world call target is lvgl
0x004D4826	0x004D4826	0x004D4832	12	12	lvgl	call-topology-single-family	medium	every closed-world call target is lvgl
0x004D4832	0x004D4832	0x004D483E	12	12	lvgl	call-topology-single-family	medium	every closed-world call target is lvgl
0x004D483E	0x004D483E	0x004D484A	12	12	lvgl	call-topology-single-family	medium	every closed-world call target is lvgl
0x004D484A	0x004D484A	0x004D4856	12	12	lvgl	call-topology-single-family	medium	every closed-world call target is lvgl
0x004D4856	0x004D4856	0x004D4862	12	12	lvgl	call-topology-single-family	medium	every closed-world call target is lvgl
0x004D4862	0x004D4862	0x004D486E	12	12	lvgl	call-topology-single-family	medium	every closed-world call target is lvgl
0x004D486E	0x004D486E	0x004D487A	12	12	lvgl	call-topology-single-family	medium	every closed-world call target is lvgl
0x004D487A	0x004D487A	0x004D4886	12	12	lvgl	call-topology-single-family	medium	every closed-world call target is lvgl
0x004D4886	0x004D4886	0x004D4892	12	12	lvgl	call-topology-single-family	medium	every closed-world call target is lvgl
0x004D4892	0x004D4892	0x004D489E	12	12	lvgl	call-topology-single-family	medium	every closed-world call target is lvgl
0x004D489E	0x004D489E	0x004D48AA	12	12	lvgl	call-topology-single-family	medium	every closed-world call target is lvgl
0x004D48AA	0x004D48AA	0x004D48C4	26	26	lvgl	call-topology-single-family	medium	every closed-world call target is lvgl
0x004D48C4	0x004D48C4	0x004D48D2	14	14	lvgl	call-topology-single-family	medium	every closed-world call target is lvgl
0x004D48D2	0x004D48D2	0x004D48EC	26	26	lvgl	call-topology-single-family	medium	every closed-world call target is lvgl
0x004D48EC	0x004D48EC	0x004D48F8	12	12	lvgl	call-topology-single-family	medium	every closed-world call target is lvgl
0x004D48F8	0x004D48F8	0x004D4912	26	26	lvgl	call-topology-single-family	medium	every closed-world call target is lvgl
0x004D4912	0x004D4912	0x004D4920	14	14	lvgl	call-topology-single-family	medium	every closed-world call target is lvgl
0x004D4920	0x004D4920	0x004D492C	12	12	lvgl	call-topology-single-family	medium	every closed-world call target is lvgl
0x004D492C	0x004D492C	0x004D493A	14	14	lvgl	call-topology-single-family	medium	every closed-world call target is lvgl
0x004D493A	0x004D493A	0x004D4948	14	14	lvgl	call-topology-single-family	medium	every closed-world call target is lvgl
0x004D4948	0x004D4948	0x004D4954	12	12	lvgl	call-topology-single-family	medium	every closed-world call target is lvgl
0x004D4954	0x004D4954	0x004D496E	26	26	lvgl	call-topology-single-family	medium	every closed-world call target is lvgl
0x004D496E	0x004D496E	0x004D497C	14	14	lvgl	call-topology-single-family	medium	every closed-world call target is lvgl
0x004D497C	0x004D497C	0x004D4988	12	12	lvgl	call-topology-single-family	medium	every closed-world call target is lvgl
0x004D4988	0x004D4988	0x004D4994	12	12	lvgl	call-topology-single-family	medium	every closed-world call target is lvgl
0x004D4994	0x004D4994	0x004D49A0	12	12	lvgl	call-topology-single-family	medium	every closed-world call target is lvgl
0x004D49A0	0x004D49A0	0x004D49AC	12	12	lvgl	call-topology-single-family	medium	every closed-world call target is lvgl
0x004D49AC	0x004D49AC	0x004D49C6	26	26	lvgl	call-topology-single-family	medium	every closed-world call target is lvgl
0x004D49C6	0x004D49C6	0x004D49D4	14	14	lvgl	call-topology-single-family	medium	every closed-world call target is lvgl
0x004D49D4	0x004D49D4	0x004D49E0	12	12	lvgl	call-topology-single-family	medium	every closed-world call target is lvgl
0x004D49E0	0x004D49E0	0x004D49FA	26	26	lvgl	call-topology-single-family	medium	every closed-world call target is lvgl
0x004D49FA	0x004D49FA	0x004D4A06	12	12	lvgl	call-topology-single-family	medium	every closed-world call target is lvgl
0x004D4A06	0x004D4A06	0x004D4A14	14	14	lvgl	call-topology-single-family	medium	every closed-world call target is lvgl
0x004D4A14	0x004D4A14	0x004D4A2E	26	26	lvgl	call-topology-single-family	medium	every closed-world call target is lvgl
0x004D4A2E	0x004D4A2E	0x004D4A48	26	26	lvgl	call-topology-single-family	medium	every closed-world call target is lvgl
0x004D4A48	0x004D4A48	0x004D4A54	12	12	lvgl	call-topology-single-family	medium	every closed-world call target is lvgl
0x004D4A54	0x004D4A54	0x004D4A60	12	12	lvgl	call-topology-single-family	medium	every closed-world call target is lvgl
0x004D4A60	0x004D4A60	0x004D4A6E	14	14	lvgl	call-topology-single-family	medium	every closed-world call target is lvgl
0x004D4A6E	0x004D4A6E	0x004D4A7A	12	12	lvgl	call-topology-single-family	medium	every closed-world call target is lvgl
0x004D4A7A	0x004D4A7A	0x004D4A88	14	14	lvgl	call-topology-single-family	medium	every closed-world call target is lvgl
0x004D4A88	0x004D4A88	0x004D4AA2	26	26	lvgl	call-topology-single-family	medium	every closed-world call target is lvgl
0x004D4AA2	0x004D4AA2	0x004D4AB0	14	14	lvgl	call-topology-single-family	medium	every closed-world call target is lvgl
0x004D4AB0	0x004D4AB0	0x004D4ABC	12	12	lvgl	call-topology-single-family	medium	every closed-world call target is lvgl
0x004D4ABC	0x004D4ABC	0x004D4AC8	12	12	lvgl	call-topology-single-family	medium	every closed-world call target is lvgl
0x004D4AC8	0x004D4AC8	0x004D4AD4	12	12	lvgl	call-topology-single-family	medium	every closed-world call target is lvgl
0x004D4AD4	0x004D4AD4	0x004D4B24	80	80	lvgl	call-topology-single-family	medium	every closed-world call target is lvgl
0x004D4B24	0x004D4B24	0x004D4B32	14	14	lvgl	link-order-sandwich	low	bracketed in link order by lvgl
0x004D4B32	0x004D4B32	0x004D4B94	98	98	lvgl	link-order-sandwich	low	bracketed in link order by lvgl
0x004D4B94	0x004D4B94	0x004D4BA4	16	16	lvgl	link-order-sandwich	low	bracketed in link order by lvgl
0x004D4BDC	0x004D4BDC	0x004D4C2C	80	80	lvgl	call-topology-single-family	medium	every closed-world call target is lvgl
0x004D4C2C	0x004D4C2C	0x004D4C3A	14	14	lvgl	link-order-sandwich	low	bracketed in link order by lvgl
0x004D4C3A	0x004D4C3A	0x004D4C9C	98	98	lvgl	link-order-sandwich	low	bracketed in link order by lvgl
0x004D4C9C	0x004D4C9C	0x004D4CAC	16	16	lvgl	link-order-sandwich	low	bracketed in link order by lvgl
0x004D4CCC	0x004D4CCC	0x004D4CD2	6	6	lvgl	link-order-sandwich	low	bracketed in link order by lvgl
0x004D5104	0x004D5104	0x004D5114	16	16	lvgl	link-order-sandwich	low	bracketed in link order by lvgl
0x004D5114	0x004D5114	0x004D511C	8	8	lvgl	link-order-sandwich	low	bracketed in link order by lvgl
0x004D511C	0x004D511C	0x004D5172	86	86	lvgl	call-topology-single-family	medium	every closed-world call target is lvgl
0x004D5590	0x004D5590	0x004D559C	12	12	lvgl	link-order-sandwich	low	bracketed in link order by lvgl
0x004D559C	0x004D559C	0x004D5612	118	118	lvgl	link-order-sandwich	low	bracketed in link order by lvgl
0x004D5888	0x004D5888	0x004D58A4	28	28	investigation-required-no-evidence	none	none	no closed-world evidence
0x004D58A6	0x004D58A6	0x004D58AE	8	8	investigation-required-no-evidence	none	none	no closed-world evidence
0x004D58AE	0x004D58AE	0x004D58C2	20	20	investigation-required-no-evidence	none	none	no closed-world evidence
0x004D58C2	0x004D58C2	0x004D58D6	20	20	investigation-required-no-evidence	none	none	no closed-world evidence
0x004D58D8	0x004D58D8	0x004D5916	62	62	investigation-required-no-evidence	none	none	no closed-world evidence
0x004D5930	0x004D5930	0x004D597A	74	74	first-party	closed-module-manifest	high	function-map manifest g2-service-whitelist
0x004D6A20	0x004D6A20	0x004D6A3E	30	30	first-party	closed-module-manifest	high	function-map manifest g2-service-whitelist
0x004D798C	0x004D798C	0x004D79DA	78	78	cjson	closed-module-manifest	high	function-map manifest g2-json-parser
0x004D79DA	0x004D79DA	0x004D79FA	32	32	cjson	closed-module-manifest	high	function-map manifest g2-json-parser
0x004D79FA	0x004D79FA	0x004D7A54	90	90	cjson	closed-module-manifest	high	function-map manifest g2-json-parser
0x004D7A54	0x004D7A54	0x004D7A58	4	4	cjson	closed-module-manifest	high	function-map manifest g2-json-parser
0x004D7A5C	0x004D7A5C	0x004D7B36	218	218	cjson	closed-module-manifest	high	function-map manifest g2-json-parser
0x004D7B50	0x004D7B50	0x004D7B9A	74	74	cjson	closed-module-manifest	high	function-map manifest g2-json-parser
0x004D7B9A	0x004D7B9A	0x004D7C90	246	246	cjson	closed-module-manifest	high	function-map manifest g2-json-parser
0x004D7C90	0x004D7C90	0x004D7E1E	398	398	cjson	closed-module-manifest	high	function-map manifest g2-json-parser
0x004D7E1E	0x004D7E1E	0x004D7E58	58	58	cjson	closed-module-manifest	high	function-map manifest g2-json-parser
0x004D7E58	0x004D7E58	0x004D7E9A	66	66	cjson	closed-module-manifest	high	function-map manifest g2-json-parser
0x004D7E9A	0x004D7E9A	0x004D7F7C	226	226	cjson	closed-module-manifest	high	function-map manifest g2-json-parser
0x004D7F7E	0x004D7F7E	0x004D7F8A	12	12	cjson	closed-module-manifest	high	function-map manifest g2-json-parser
0x004D7F98	0x004D7F98	0x004D80CE	310	310	cjson	closed-module-manifest	high	function-map manifest g2-json-parser
0x004D80D8	0x004D80D8	0x004D81CC	244	244	cjson	closed-module-manifest	high	function-map manifest g2-json-parser
0x004D81CC	0x004D81CC	0x004D830C	320	320	cjson	closed-module-manifest	high	function-map manifest g2-json-parser
0x004D830C	0x004D830C	0x004D8328	28	28	cjson	closed-module-manifest	high	function-map manifest g2-json-parser
0x004D8328	0x004D8328	0x004D8344	28	28	cjson	closed-module-manifest	high	function-map manifest g2-json-parser
0x004D8344	0x004D8344	0x004D8354	16	16	cjson	closed-module-manifest	high	function-map manifest g2-json-parser
0x004D8354	0x004D8354	0x004D83AA	86	86	cjson	closed-module-manifest	high	function-map manifest g2-json-parser
0x004D83AA	0x004D83AA	0x004D83B4	10	10	cjson	closed-module-manifest	high	function-map manifest g2-json-parser
0x004D83BC	0x004D83BC	0x004D83D8	28	28	cjson	closed-module-manifest	high	function-map manifest g2-json-parser
0x004D8FF6	0x004D8FF6	0x004D900C	22	22	first-party	closed-module-manifest	high	function-map manifest g2-app-ble-peer-manager
0x004D900C	0x004D900C	0x004D9010	4	4	first-party	closed-module-manifest	high	function-map manifest g2-app-ble-peer-manager
0x004D914C	0x004D914C	0x004D916E	34	34	first-party	link-order-sandwich	low	bracketed in link order by first-party
0x004D916E	0x004D916E	0x004D930A	412	412	first-party	link-order-sandwich	low	bracketed in link order by first-party
0x004D930A	0x004D930A	0x004D9384	122	122	first-party	link-order-sandwich	low	bracketed in link order by first-party
0x004D9384	0x004D9384	0x004D93A4	32	0	first-party	link-order-sandwich	low	bracketed in link order by first-party
0x004D93A4	0x004D93A4	0x004D93D8	52	0	first-party	link-order-sandwich	low	bracketed in link order by first-party
0x004D93D8	0x004D93D8	0x004D93F8	32	0	first-party	link-order-sandwich	low	bracketed in link order by first-party
0x004D93F8	0x004D93F8	0x004D946E	118	0	first-party	link-order-sandwich	low	bracketed in link order by first-party
0x004D946E	0x004D946E	0x004D94B8	74	0	first-party	link-order-sandwich	low	bracketed in link order by first-party
0x004D94B8	0x004D94B8	0x004D94BA	2	2	first-party	link-order-sandwich	low	bracketed in link order by first-party
0x004D94BA	0x004D94BA	0x004D94D2	24	0	first-party	link-order-sandwich	low	bracketed in link order by first-party
0x004D94D2	0x004D94D2	0x004D94E6	20	0	first-party	link-order-sandwich	low	bracketed in link order by first-party
0x004D94E6	0x004D94E6	0x004D9522	60	0	first-party	link-order-sandwich	low	bracketed in link order by first-party
0x004D9522	0x004D9522	0x004D9530	14	14	first-party	call-topology-single-family	medium	every closed-world call target is first-party
0x004D9530	0x004D9530	0x004D956C	60	60	first-party	closed-module-manifest	high	function-map manifest g2-service-kvdb
0x004D956C	0x004D956C	0x004D957E	18	18	first-party	closed-module-manifest	high	function-map manifest g2-service-kvdb
0x004D957E	0x004D957E	0x004D9590	18	18	first-party	closed-module-manifest	high	function-map manifest g2-service-kvdb
0x004D9590	0x004D9590	0x004D959C	12	12	first-party	closed-module-manifest	high	function-map manifest g2-service-kvdb
0x004D9A84	0x004D9A84	0x004D9A98	20	20	first-party	closed-module-manifest	high	function-map manifest g2-service-kvdb
0x004D9B34	0x004D9B34	0x004D9B4A	22	22	first-party	closed-module-manifest	high	function-map manifest g2-evenhub-data-parser
0x004D9BFE	0x004D9BFE	0x004D9C86	136	136	first-party	closed-module-manifest	high	function-map manifest g2-evenhub-data-parser
0x004DA4A4	0x004DA4A4	0x004DA56E	202	202	first-party	closed-module-manifest	high	function-map manifest g2-evenhub-data-parser
0x004DA56E	0x004DA56E	0x004DA5F0	130	130	first-party	closed-module-manifest	high	function-map manifest g2-evenhub-data-parser
0x004DA6D4	0x004DA6D4	0x004DA720	76	76	first-party	closed-module-manifest	high	function-map manifest g2-evenhub-data-parser
0x004DCC98	0x004DCC98	0x004DCCD6	62	62	first-party	closed-module-manifest	high	function-map manifest g2-common-image-container
0x004DCCD8	0x004DCCD8	0x004DCD0A	50	50	first-party	closed-module-manifest	high	function-map manifest g2-common-list-container
0x004DCD0A	0x004DCD0A	0x004DCD32	40	40	first-party	closed-module-manifest	high	function-map manifest g2-common-list-container
0x004DCD92	0x004DCD92	0x004DCDBE	44	44	first-party	closed-module-manifest	high	function-map manifest g2-common-list-container
0x004DCDBE	0x004DCDBE	0x004DCEB0	242	242	first-party	closed-module-manifest	high	function-map manifest g2-common-list-container
0x004DCEB0	0x004DCEB0	0x004DCEC8	24	24	first-party	closed-module-manifest	high	function-map manifest g2-common-list-container
0x004DCEC8	0x004DCEC8	0x004DCED2	10	10	first-party	closed-module-manifest	high	function-map manifest g2-common-list-container
0x004DCFE6	0x004DCFE6	0x004DD052	108	108	first-party	closed-module-manifest	high	function-map manifest g2-common-list-container
0x004DD414	0x004DD414	0x004DD462	78	78	first-party	closed-module-manifest	high	function-map manifest g2-common-list-container
0x004DF97C	0x004DF97C	0x004DF9A2	38	38	first-party	closed-module-manifest	high	function-map manifest g2-common-text-container
0x004E0CA0	0x004E0CA0	0x004E0CAA	10	0	first-party	link-order-sandwich	low	bracketed in link order by first-party
0x004E1406	0x004E1406	0x004E1442	60	0	first-party	closed-module-manifest	high	function-map manifest g2-evenhub-main
0x004E1A48	0x004E1A48	0x004E1A54	12	12	first-party	closed-module-manifest	high	function-map manifest g2-callback-facades
0x004E1AF8	0x004E1AF8	0x004E1B06	14	14	first-party	closed-module-manifest	high	function-map manifest g2-callback-facades
0x004E1B28	0x004E1B28	0x004E1B30	8	8	first-party	link-order-sandwich	low	bracketed in link order by first-party
0x004E1FA6	0x004E1FA6	0x004E1FBE	24	24	cmsis-freertos	call-topology-single-family	medium	every closed-world call target is cmsis-freertos
0x004E1FBE	0x004E1FBE	0x004E1FD2	20	20	cmsis-freertos	call-topology-single-family	medium	every closed-world call target is cmsis-freertos
0x004E304C	0x004E304C	0x004E306E	34	34	first-party	closed-module-manifest	high	function-map manifest g2-even-ai-timer
0x004E54FA	0x004E54FA	0x004E5502	8	8	first-party	closed-module-manifest	high	function-map manifest g2-ui-even-ai
0x004E5502	0x004E5502	0x004E550A	8	8	first-party	closed-module-manifest	high	function-map manifest g2-ui-even-ai
0x004E550A	0x004E550A	0x004E551E	20	20	first-party	closed-module-manifest	high	function-map manifest g2-ui-even-ai
0x004E5672	0x004E5672	0x004E5678	6	6	first-party	closed-module-manifest	high	function-map manifest g2-ui-even-ai
0x004E5A0E	0x004E5A0E	0x004E5B48	314	314	first-party	closed-module-manifest	high	function-map manifest g2-ui-even-ai
0x004E5B48	0x004E5B48	0x004E5C1C	212	212	first-party	closed-module-manifest	high	function-map manifest g2-ui-even-ai
0x004E5D3E	0x004E5D3E	0x004E5D54	22	22	first-party	closed-module-manifest	high	function-map manifest g2-ui-even-ai
0x004E5D54	0x004E5D54	0x004E5D94	64	64	first-party	closed-module-manifest	high	function-map manifest g2-ui-even-ai
0x004E5D94	0x004E5D94	0x004E5E12	126	126	first-party	closed-module-manifest	high	function-map manifest g2-ui-even-ai
0x004E5E12	0x004E5E12	0x004E5E92	128	128	first-party	closed-module-manifest	high	function-map manifest g2-ui-even-ai
0x004E5E92	0x004E5E92	0x004E5F20	142	142	first-party	closed-module-manifest	high	function-map manifest g2-ui-even-ai
0x004E5F20	0x004E5F20	0x004E5F84	100	100	first-party	closed-module-manifest	high	function-map manifest g2-ui-even-ai
0x004E68A2	0x004E68A2	0x004E6956	180	180	first-party	closed-module-manifest	high	function-map manifest g2-ui-even-ai
0x004E7CC0	0x004E7CC0	0x004E7D20	96	96	first-party	closed-module-manifest	high	function-map manifest g2-dashboard-main-screen
0x004E80E8	0x004E80E8	0x004E8132	74	74	first-party	closed-module-manifest	high	function-map manifest g2-dashboard-main-screen
0x004E814C	0x004E814C	0x004E82A6	346	346	first-party	closed-module-manifest	high	function-map manifest g2-dashboard-main-screen
0x004E83C8	0x004E83C8	0x004E842A	98	98	first-party	closed-module-manifest	high	function-map manifest g2-dashboard-main-screen
0x004E8970	0x004E8970	0x004E8A60	240	240	first-party	closed-module-manifest	high	function-map manifest g2-dashboard-main-screen
0x004E92F4	0x004E92F4	0x004E934E	90	90	first-party	closed-module-manifest	high	function-map manifest g2-dashboard-main-screen
0x004E9DD4	0x004E9DD4	0x004E9E06	50	50	first-party	closed-module-manifest	high	function-map manifest g2-ui-stock-page
0x004E9E06	0x004E9E06	0x004E9E32	44	44	first-party	closed-module-manifest	high	function-map manifest g2-ui-stock-page
0x004E9FD6	0x004E9FD6	0x004E9FDE	8	8	first-party	closed-module-manifest	high	function-map manifest g2-ui-stock-page
0x004E9FDE	0x004E9FDE	0x004EA00A	44	44	first-party	closed-module-manifest	high	function-map manifest g2-ui-stock-page
0x004EAC40	0x004EAC40	0x004EAC50	16	16	first-party	closed-module-manifest	high	function-map manifest g2-ui-stock-page
0x004EAC60	0x004EAC60	0x004EACB6	86	86	first-party	closed-module-manifest	high	function-map manifest g2-ui-stock-page
0x004EACC0	0x004EACC0	0x004EACF0	48	48	first-party	closed-module-manifest	high	function-map manifest g2-ui-stock-page
0x004EB1B2	0x004EB1B2	0x004EB1C0	14	14	first-party	closed-module-manifest	high	function-map manifest g2-ui-stock-page
0x004EBF20	0x004EBF20	0x004EBF26	6	6	first-party	closed-module-manifest	high	function-map manifest g2-ui-stock-page
0x004ECEC4	0x004ECEC4	0x004ECEE2	30	30	first-party	closed-module-manifest	high	function-map manifest g2-ui-stock-page
0x004ECEE8	0x004ECEE8	0x004ECF3A	82	82	first-party	closed-module-manifest	high	function-map manifest g2-ui-stock-page
0x004ECF3C	0x004ECF3C	0x004ECFAE	114	114	first-party	closed-module-manifest	high	function-map manifest g2-ui-stock-page
0x004ED0EC	0x004ED0EC	0x004ED0F4	8	8	first-party	closed-module-manifest	high	function-map manifest g2-ui-stock-page
0x004ED7D8	0x004ED7D8	0x004ED80A	50	50	first-party	closed-module-manifest	high	function-map manifest g2-ui-calendar-page
0x004ED80A	0x004ED80A	0x004ED81C	18	18	first-party	closed-module-manifest	high	function-map manifest g2-ui-calendar-page
0x004ED824	0x004ED824	0x004ED868	68	68	first-party	closed-module-manifest	high	function-map manifest g2-ui-calendar-page
0x004ED868	0x004ED868	0x004ED882	26	26	first-party	closed-module-manifest	high	function-map manifest g2-ui-calendar-page
0x004EDAC4	0x004EDAC4	0x004EEAA6	4066	4066	first-party	closed-module-manifest	high	function-map manifest g2-ui-calendar-page
0x004EEADC	0x004EEADC	0x004EEBDC	256	256	first-party	closed-module-manifest	high	function-map manifest g2-ui-calendar-page
0x004EEF7C	0x004EEF7C	0x004EF988	2572	2572	first-party	closed-module-manifest	high	function-map manifest g2-ui-calendar-page
0x004EFF94	0x004EFF94	0x004EFF9E	10	10	first-party	closed-module-manifest	high	function-map manifest g2-ui-widget-news-page
0x004EFF9E	0x004EFF9E	0x004EFFA8	10	10	first-party	closed-module-manifest	high	function-map manifest g2-ui-widget-news-page
0x004EFFA8	0x004EFFA8	0x004EFFDA	50	50	first-party	closed-module-manifest	high	function-map manifest g2-ui-widget-news-page
0x004EFFDA	0x004EFFDA	0x004EFFFC	34	34	first-party	closed-module-manifest	high	function-map manifest g2-ui-widget-news-page
0x004F0998	0x004F0998	0x004F0CAA	786	786	first-party	closed-module-manifest	high	function-map manifest g2-ui-widget-news-page
0x004F0CC0	0x004F0CC0	0x004F0DFC	316	316	first-party	closed-module-manifest	high	function-map manifest g2-ui-widget-news-page
0x004F2210	0x004F2210	0x004F225C	76	76	first-party	closed-module-manifest	high	function-map manifest g2-ui-widget-news-page
0x004F2ACC	0x004F2ACC	0x004F2B30	100	100	first-party	closed-module-manifest	high	function-map manifest g2-ui-widget-news-page
0x004F2B30	0x004F2B30	0x004F2B94	100	100	first-party	closed-module-manifest	high	function-map manifest g2-ui-widget-news-page
0x004F5050	0x004F5050	0x004F505C	12	12	lvgl	call-topology-single-family	medium	every closed-world call target is lvgl
0x004F505C	0x004F505C	0x004F5068	12	12	lvgl	call-topology-single-family	medium	every closed-world call target is lvgl
0x004F5068	0x004F5068	0x004F509A	50	50	first-party	link-order-sandwich	low	bracketed in link order by first-party
0x004F509A	0x004F509A	0x004F50D6	60	60	first-party	call-topology-single-family	medium	every closed-world call target is first-party
0x004F50D6	0x004F50D6	0x004F517C	166	166	lvgl	call-topology-single-family	medium	every closed-world call target is lvgl
0x004F517C	0x004F517C	0x004F51AA	46	46	first-party	link-order-sandwich	low	bracketed in link order by first-party
0x004F51AA	0x004F51AA	0x004F5366	444	444	first-party	link-order-sandwich	low	bracketed in link order by first-party
0x004F5366	0x004F5366	0x004F5596	560	560	first-party	call-topology-single-family	medium	every closed-world call target is first-party
0x004F5596	0x004F5596	0x004F55E0	74	74	first-party	closed-module-manifest	high	function-map manifest g2-ui-quicklist-page
0x004F55E0	0x004F55E0	0x004F5636	86	86	first-party	closed-module-manifest	high	function-map manifest g2-ui-quicklist-page
0x004F5636	0x004F5636	0x004F5662	44	44	first-party	closed-module-manifest	high	function-map manifest g2-ui-quicklist-page
0x004F5662	0x004F5662	0x004F570E	172	172	first-party	closed-module-manifest	high	function-map manifest g2-ui-quicklist-page
0x004F61A0	0x004F61A0	0x004F61EE	78	78	first-party	closed-module-manifest	high	function-map manifest g2-ui-quicklist-page
0x004F6F9C	0x004F6F9C	0x004F6FAC	16	16	first-party	closed-module-manifest	high	function-map manifest g2-ui-quicklist-page
0x004F6FC4	0x004F6FC4	0x004F70A4	224	224	first-party	closed-module-manifest	high	function-map manifest g2-ui-quicklist-page
0x004F74F8	0x004F74F8	0x004F7586	142	142	first-party	closed-module-manifest	high	function-map manifest g2-ui-quicklist-page
0x004F7634	0x004F7634	0x004F76A2	110	110	first-party	closed-module-manifest	high	function-map manifest g2-ui-quicklist-page
0x004F76B6	0x004F76B6	0x004F770C	86	86	first-party	closed-module-manifest	high	function-map manifest g2-ui-quicklist-page
0x004F7860	0x004F7860	0x004F78BE	94	94	first-party	closed-module-manifest	high	function-map manifest g2-ui-quicklist-page
0x004F7C10	0x004F7C10	0x004F7C88	120	120	first-party	closed-module-manifest	high	function-map manifest g2-ui-quicklist-page
0x004F8298	0x004F8298	0x004F82D0	56	56	first-party	closed-module-manifest	high	function-map manifest g2-ui-quicklist-page
0x004F82D0	0x004F82D0	0x004F82E4	20	20	first-party	closed-module-manifest	high	function-map manifest g2-ui-quicklist-page
0x004F82E4	0x004F82E4	0x004F82F8	20	20	first-party	closed-module-manifest	high	function-map manifest g2-ui-quicklist-page
0x004F92F0	0x004F92F0	0x004F9342	82	82	first-party	closed-module-manifest	high	function-map manifest g2-ui-quicklist-page
0x004F9368	0x004F9368	0x004F9468	256	256	first-party	closed-module-manifest	high	function-map manifest g2-ui-quicklist-page
0x004F9484	0x004F9484	0x004F9AF0	1644	1644	first-party	closed-module-manifest	high	function-map manifest g2-ui-quicklist-page
0x004FAF20	0x004FAF20	0x004FAF84	100	100	first-party	closed-module-manifest	high	function-map manifest g2-ui-quicklist-page
0x004FB1A4	0x004FB1A4	0x004FB1BE	26	26	first-party	closed-module-manifest	high	function-map manifest g2-ui-quicklist-page
0x004FB1C0	0x004FB1C0	0x004FB1F2	50	50	first-party	link-order-sandwich	low	bracketed in link order by first-party
0x004FB568	0x004FB568	0x004FB5E6	126	126	first-party	closed-module-manifest	high	function-map manifest g2-ui-health-page
0x004FB760	0x004FB760	0x004FC1B6	2646	2646	first-party	closed-module-manifest	high	function-map manifest g2-ui-health-page
0x004FC644	0x004FC644	0x004FD786	4418	4418	first-party	closed-module-manifest	high	function-map manifest g2-ui-health-page
0x004FD840	0x004FD840	0x004FD870	48	48	first-party	closed-module-manifest	high	function-map manifest g2-ui-health-page
0x004FDD6E	0x004FDD6E	0x004FDF08	410	410	first-party	link-order-sandwich	low	bracketed in link order by first-party
0x004FF214	0x004FF214	0x004FF278	100	100	first-party	closed-module-manifest	high	function-map manifest g2-dashboard-data-process
0x004FF280	0x004FF280	0x004FF2B4	52	52	first-party	closed-module-manifest	high	function-map manifest g2-dashboard-data-process
0x004FF2B8	0x004FF2B8	0x004FF30A	82	82	first-party	closed-module-manifest	high	function-map manifest g2-dashboard-data-process
0x004FF96C	0x004FF96C	0x004FF98A	30	30	first-party	closed-module-manifest	high	function-map manifest g2-service-ring-battery
0x004FF98A	0x004FF98A	0x004FF994	10	10	first-party	closed-module-manifest	high	function-map manifest g2-service-ring-battery
0x004FF994	0x004FF994	0x004FF99A	6	6	first-party	closed-module-manifest	high	function-map manifest g2-service-ring-battery
0x004FFB26	0x004FFB26	0x004FFB38	18	18	first-party	closed-module-manifest	high	function-map manifest g2-quicklist
0x004FFC90	0x004FFC90	0x004FFCA2	18	18	first-party	closed-module-manifest	high	function-map manifest g2-health
0x004FFEB4	0x004FFEB4	0x004FFEF8	68	68	first-party	closed-module-manifest	high	function-map manifest g2-page-state-sync
0x005003E4	0x005003E4	0x005003F2	14	14	first-party	closed-module-manifest	high	function-map manifest g2-cb-ring-battery
0x0050062C	0x0050062C	0x00500646	26	26	first-party	closed-module-manifest	high	function-map manifest g2-dashboard-watchface-manager
0x00500646	0x00500646	0x00500660	26	26	first-party	closed-module-manifest	high	function-map manifest g2-dashboard-watchface-manager
0x0050067A	0x0050067A	0x00500696	28	28	first-party	closed-module-manifest	high	function-map manifest g2-dashboard-watchface-manager
0x005006F8	0x005006F8	0x00500712	26	26	first-party	closed-module-manifest	high	function-map manifest g2-dashboard-watchface-manager
0x00500712	0x00500712	0x0050072C	26	26	first-party	closed-module-manifest	high	function-map manifest g2-dashboard-watchface-manager
0x0050072C	0x0050072C	0x00500746	26	26	first-party	closed-module-manifest	high	function-map manifest g2-dashboard-watchface-manager
0x00500746	0x00500746	0x00500760	26	26	first-party	closed-module-manifest	high	function-map manifest g2-dashboard-watchface-manager
0x00500760	0x00500760	0x0050077A	26	26	first-party	closed-module-manifest	high	function-map manifest g2-dashboard-watchface-manager
0x00500824	0x00500824	0x0050083E	26	26	first-party	link-order-sandwich	low	bracketed in link order by first-party
0x00500A02	0x00500A02	0x00500A0C	10	10	first-party	closed-module-manifest	high	function-map manifest g2-dashboard-ext
0x00500A0C	0x00500A0C	0x00500A16	10	10	first-party	closed-module-manifest	high	function-map manifest g2-dashboard-ext
0x00501108	0x00501108	0x00501166	94	94	first-party	closed-module-manifest	high	function-map manifest g2-dashboard-ext
0x005020F0	0x005020F0	0x00502102	18	18	first-party	closed-module-manifest	high	function-map manifest g2-dashboard-ext
0x00502108	0x00502108	0x0050211A	18	18	first-party	closed-module-manifest	high	function-map manifest g2-dashboard-ext
0x005026BC	0x005026BC	0x0050276E	178	178	first-party	closed-module-manifest	high	function-map manifest g2-drv-buzzer
0x0050276E	0x0050276E	0x0050277E	16	16	first-party	closed-module-manifest	high	function-map manifest g2-drv-buzzer
0x0050277E	0x0050277E	0x0050278E	16	16	first-party	closed-module-manifest	high	function-map manifest g2-drv-buzzer
0x00502790	0x00502790	0x005027FC	108	108	first-party	closed-module-manifest	high	function-map manifest g2-drv-buzzer
0x005027FC	0x005027FC	0x0050280A	14	14	first-party	closed-module-manifest	high	function-map manifest g2-drv-buzzer
0x0050280A	0x0050280A	0x00502826	28	28	first-party	closed-module-manifest	high	function-map manifest g2-drv-buzzer
0x00502AC4	0x00502AC4	0x00502AE8	36	36	first-party	closed-module-manifest	high	function-map manifest g2-drv-buzzer
0x00502B4A	0x00502B4A	0x00502B5A	16	16	first-party	closed-module-manifest	high	function-map manifest g2-drv-buzzer
0x00502BF0	0x00502BF0	0x00502BF8	8	8	first-party	closed-module-manifest	high	function-map manifest g2-drv-buzzer
0x00502C88	0x00502C88	0x00502CA8	32	32	first-party	closed-module-manifest	high	function-map manifest g2-drv-buzzer
0x00502D4C	0x00502D4C	0x00502D56	10	10	first-party	closed-module-manifest	high	function-map manifest g2-drv-buzzer
0x00502DAE	0x00502DAE	0x00502DB6	8	8	first-party	closed-module-manifest	high	function-map manifest g2-service-gesture-processor
0x0050337C	0x0050337C	0x005033B2	54	54	ambiqsuite	closed-module-manifest	high	function-map manifest ambiqsuite-cordio-app-framework
0x005033B2	0x005033B2	0x005033CA	24	24	ambiqsuite	closed-module-manifest	high	function-map manifest ambiqsuite-cordio-app-framework
0x00503498	0x00503498	0x00503540	168	168	cordio	call-topology-single-family	medium	every closed-world call target is cordio
0x00503540	0x00503540	0x00503568	40	40	cordio	link-order-sandwich	low	bracketed in link order by cordio
0x00503568	0x00503568	0x0050361C	180	180	cordio	link-order-sandwich	low	bracketed in link order by cordio
0x0050361C	0x0050361C	0x0050366E	82	82	cordio	link-order-sandwich	low	bracketed in link order by cordio
0x0050366E	0x0050366E	0x0050367C	14	14	cordio	link-order-sandwich	low	bracketed in link order by cordio
0x005037BC	0x005037BC	0x005037C4	8	8	cordio	link-order-sandwich	low	bracketed in link order by cordio
0x005037C4	0x005037C4	0x005037D0	12	12	cordio	call-topology-single-family	medium	every closed-world call target is cordio
0x005037D0	0x005037D0	0x005037EA	26	26	cordio	link-order-sandwich	low	bracketed in link order by cordio
0x005037EA	0x005037EA	0x00503810	38	38	cordio	link-order-sandwich	low	bracketed in link order by cordio
0x00503810	0x00503810	0x00503820	16	16	cordio	link-order-sandwich	low	bracketed in link order by cordio
0x00503820	0x00503820	0x00503860	64	64	cordio	call-topology-single-family	medium	every closed-world call target is cordio
0x0050386C	0x0050386C	0x00503880	20	20	cordio	call-topology-single-family	medium	every closed-world call target is cordio
0x00503880	0x00503880	0x0050389E	30	30	cordio	link-order-sandwich	low	bracketed in link order by cordio
0x0050389E	0x0050389E	0x005038B8	26	26	cordio	link-order-sandwich	low	bracketed in link order by cordio
0x005038B8	0x005038B8	0x005038DA	34	34	cordio	call-topology-single-family	medium	every closed-world call target is cordio
0x005038DA	0x005038DA	0x0050390C	50	50	cordio	call-topology-single-family	medium	every closed-world call target is cordio
0x0050390C	0x0050390C	0x0050391C	16	16	cordio	link-order-sandwich	low	bracketed in link order by cordio
0x0050391C	0x0050391C	0x00503936	26	26	cordio	link-order-sandwich	low	bracketed in link order by cordio
0x00503B24	0x00503B24	0x00503B76	82	82	cordio	call-topology-single-family	medium	every closed-world call target is cordio
0x00503B76	0x00503B76	0x00503B92	28	28	cordio	link-order-sandwich	low	bracketed in link order by cordio
0x00503B92	0x00503B92	0x00503C32	160	160	cordio	call-topology-single-family	medium	every closed-world call target is cordio
0x00503C32	0x00503C32	0x00503D14	226	226	investigation-required-mixed	call-topology-mixed	none	call targets span ambiqsuite|cordio
0x00503D14	0x00503D14	0x00503D1E	10	10	cordio	link-order-sandwich	low	bracketed in link order by cordio
0x00503FFC	0x00503FFC	0x005040BA	190	190	cordio	call-topology-single-family	medium	every closed-world call target is cordio
0x0050412C	0x0050412C	0x0050414A	30	30	first-party	closed-module-manifest	high	function-map manifest g2-hal-i2c
0x0050414A	0x0050414A	0x005041C6	124	124	first-party	closed-module-manifest	high	function-map manifest g2-hal-i2c
0x005041C6	0x005041C6	0x0050423A	116	116	first-party	closed-module-manifest	high	function-map manifest g2-hal-i2c
0x0050436E	0x0050436E	0x00504488	282	282	first-party	closed-module-manifest	high	function-map manifest g2-hal-i2c
0x00504488	0x00504488	0x005044B4	44	44	first-party	closed-module-manifest	high	function-map manifest g2-hal-i2c
0x005044B4	0x005044B4	0x005045C0	268	268	first-party	closed-module-manifest	high	function-map manifest g2-hal-i2c
0x005045C0	0x005045C0	0x0050468E	206	206	first-party	closed-module-manifest	high	function-map manifest g2-hal-i2c
0x0050468E	0x0050468E	0x0050475C	206	206	first-party	closed-module-manifest	high	function-map manifest g2-hal-i2c
0x00504D2C	0x00504D2C	0x00505692	2406	2406	first-party	link-order-sandwich	low	bracketed in link order by first-party
0x00505692	0x00505692	0x005056D2	64	64	first-party	link-order-sandwich	low	bracketed in link order by first-party
0x005056D2	0x005056D2	0x00505888	438	438	first-party	link-order-sandwich	low	bracketed in link order by first-party
0x00505888	0x00505888	0x005058B2	42	42	first-party	link-order-sandwich	low	bracketed in link order by first-party
0x0050594A	0x0050594A	0x005059C0	118	118	first-party	link-order-sandwich	low	bracketed in link order by first-party
0x005059C0	0x005059C0	0x00505AA2	226	226	first-party	link-order-sandwich	low	bracketed in link order by first-party
0x00505AA2	0x00505AA2	0x00505E2E	908	908	first-party	link-order-sandwich	low	bracketed in link order by first-party
0x00505E2E	0x00505E2E	0x00505EA8	122	122	first-party	link-order-sandwich	low	bracketed in link order by first-party
0x00505EA8	0x00505EA8	0x00505ED6	46	46	first-party	link-order-sandwich	low	bracketed in link order by first-party
0x00505F10	0x00505F10	0x00505F22	18	18	first-party	link-order-sandwich	low	bracketed in link order by first-party
0x00505FBE	0x00505FBE	0x00505FCC	14	14	first-party	link-order-sandwich	low	bracketed in link order by first-party
0x00505FCC	0x00505FCC	0x00506008	60	60	first-party	link-order-sandwich	low	bracketed in link order by first-party
0x005062C8	0x005062C8	0x0050633A	114	114	first-party	link-order-sandwich	low	bracketed in link order by first-party
0x0050633A	0x0050633A	0x0050637C	66	66	first-party	link-order-sandwich	low	bracketed in link order by first-party
0x0050637C	0x0050637C	0x0050649A	286	286	first-party	link-order-sandwich	low	bracketed in link order by first-party
0x0050649A	0x0050649A	0x0050655C	194	194	first-party	link-order-sandwich	low	bracketed in link order by first-party
0x005065CC	0x005065CC	0x0050668E	194	194	first-party	link-order-sandwich	low	bracketed in link order by first-party
0x0050668E	0x0050668E	0x005066B6	40	40	first-party	link-order-sandwich	low	bracketed in link order by first-party
0x00507576	0x00507576	0x005075D6	96	96	first-party	link-order-sandwich	low	bracketed in link order by first-party
0x005075D6	0x005075D6	0x00507694	190	190	first-party	link-order-sandwich	low	bracketed in link order by first-party
0x00507694	0x00507694	0x005076DC	72	72	first-party	link-order-sandwich	low	bracketed in link order by first-party
0x00507C10	0x00507C10	0x00507C94	132	132	first-party	link-order-sandwich	low	bracketed in link order by first-party
0x00507C94	0x00507C94	0x005080BE	1066	1066	first-party	link-order-sandwich	low	bracketed in link order by first-party
0x00508868	0x00508868	0x005088BE	86	86	first-party	link-order-sandwich	low	bracketed in link order by first-party
0x005088BE	0x005088BE	0x00508910	82	82	first-party	link-order-sandwich	low	bracketed in link order by first-party
0x00508910	0x00508910	0x00508954	68	68	first-party	link-order-sandwich	low	bracketed in link order by first-party
0x00508954	0x00508954	0x00508A4E	250	250	first-party	link-order-sandwich	low	bracketed in link order by first-party
0x00508A4E	0x00508A4E	0x00508A70	34	34	first-party	link-order-sandwich	low	bracketed in link order by first-party
0x00508E5C	0x00508E5C	0x00508E74	24	24	first-party	link-order-sandwich	low	bracketed in link order by first-party
0x00508E74	0x00508E74	0x00508E8A	22	22	first-party	link-order-sandwich	low	bracketed in link order by first-party
0x00508E92	0x00508E92	0x00508E9A	8	8	first-party	link-order-sandwich	low	bracketed in link order by first-party
0x00508E9A	0x00508E9A	0x00508EB6	28	28	first-party	link-order-sandwich	low	bracketed in link order by first-party
0x00508EB6	0x00508EB6	0x00508ED2	28	28	first-party	link-order-sandwich	low	bracketed in link order by first-party
0x00508ED2	0x00508ED2	0x00508F34	98	98	first-party	link-order-sandwich	low	bracketed in link order by first-party
0x00508F34	0x00508F34	0x00508FA6	114	114	first-party	link-order-sandwich	low	bracketed in link order by first-party
0x00508FA6	0x00508FA6	0x00509024	126	126	first-party	link-order-sandwich	low	bracketed in link order by first-party
0x00509024	0x00509024	0x00509132	270	270	first-party	link-order-sandwich	low	bracketed in link order by first-party
0x00509132	0x00509132	0x00509134	2	2	first-party	link-order-sandwich	low	bracketed in link order by first-party
0x00509134	0x00509134	0x0050938E	602	602	first-party	link-order-sandwich	low	bracketed in link order by first-party
0x0050938E	0x0050938E	0x005093AC	30	30	first-party	link-order-sandwich	low	bracketed in link order by first-party
0x005093AC	0x005093AC	0x005093D0	36	36	first-party	call-topology-single-family	medium	every closed-world call target is first-party
0x0050968C	0x005094C0	0x00509690	464	464	first-party	link-order-sandwich	low	bracketed in link order by first-party
0x00509690	0x00509690	0x00509694	4	4	first-party	link-order-sandwich	low	bracketed in link order by first-party
0x00509694	0x00509694	0x0050969C	8	8	first-party	link-order-sandwich	low	bracketed in link order by first-party
0x0050969C	0x0050969C	0x00509706	106	106	first-party	link-order-sandwich	low	bracketed in link order by first-party
0x00509708	0x00509708	0x0055EA06	348926	0	rejected-oversized-envelope	analyzer-artifact	high	envelope exceeds the 16,384-byte trust cap; mixed data region
0x0050990C	0x0050990C	0x00509984	120	120	first-party	closed-module-manifest	high	function-map manifest g2-nvdb-sensor-caldata
0x00509984	0x00509984	0x0050999A	22	22	first-party	closed-module-manifest	high	function-map manifest g2-nvdb-sensor-caldata
0x0050999E	0x0050999E	0x005099F8	90	90	first-party	closed-module-manifest	high	function-map manifest g2-nvdb-sensor-caldata
0x005099F8	0x005099F8	0x00509A3E	70	70	first-party	closed-module-manifest	high	function-map manifest g2-nvdb-sensor-caldata
0x00509C96	0x00509C96	0x00509CA2	12	12	first-party	closed-module-manifest	high	function-map manifest g2-ui-common-api
0x00509DFA	0x00509DFA	0x00509E14	26	26	first-party	closed-module-manifest	high	function-map manifest g2-ui-common-api
0x00509F52	0x00509F52	0x00509F7A	40	40	first-party	closed-module-manifest	high	function-map manifest g2-ui-common-api
0x00509F7A	0x00509F7A	0x00509F86	12	12	first-party	closed-module-manifest	high	function-map manifest g2-ui-common-api
0x00509F86	0x00509F86	0x00509F8E	8	8	first-party	closed-module-manifest	high	function-map manifest g2-ui-common-api
0x00509F8E	0x00509F8E	0x00509F98	10	10	first-party	closed-module-manifest	high	function-map manifest g2-ui-common-api
0x00509FDC	0x00509FDC	0x0050A00E	50	50	first-party	link-order-sandwich	low	bracketed in link order by first-party
0x0050A010	0x0050A010	0x0050A07E	110	110	first-party	link-order-sandwich	low	bracketed in link order by first-party
0x0050A07E	0x0050A07E	0x0050A090	18	18	first-party	link-order-sandwich	low	bracketed in link order by first-party
0x0050A4EE	0x0050A4EE	0x0050A670	386	386	first-party	closed-module-manifest	high	function-map manifest g2-onboarding-news-page
0x0050A9C2	0x0050A9C2	0x0050AAF0	302	302	first-party	closed-module-manifest	high	function-map manifest g2-onboarding-news-page
0x0050B168	0x0050B168	0x0050B180	24	24	first-party	closed-module-manifest	high	function-map manifest g2-onboarding-news-page
0x0050B180	0x0050B180	0x0050B18C	12	12	first-party	closed-module-manifest	high	function-map manifest g2-onboarding-news-page
0x0050B18C	0x0050B18C	0x0050B19A	14	14	first-party	closed-module-manifest	high	function-map manifest g2-onboarding-news-page
0x0050B19A	0x0050B19A	0x0050B1AC	18	18	first-party	closed-module-manifest	high	function-map manifest g2-onboarding-news-page
0x0050B1AC	0x0050B1AC	0x0050B1B8	12	12	first-party	closed-module-manifest	high	function-map manifest g2-onboarding-news-page
0x0050B1BC	0x0050B1BC	0x0050B428	620	620	first-party	closed-module-manifest	high	function-map manifest g2-onboarding-news-page
0x0050BD1C	0x0050BD1C	0x0050BE4C	304	304	first-party	closed-module-manifest	high	function-map manifest g2-onboarding-news-page
0x0050C3C0	0x0050C3C0	0x0050C3E8	40	40	first-party	closed-module-manifest	high	function-map manifest g2-onboarding-news-page
0x0050C476	0x0050C476	0x0050C4A2	44	44	first-party	closed-module-manifest	high	function-map manifest g2-onboarding-news-page
0x0050C4AC	0x0050C4AC	0x0050C51A	110	110	first-party	closed-module-manifest	high	function-map manifest g2-onboarding-news-page
0x0050C6CC	0x0050C6CC	0x0050C6E2	22	22	first-party	closed-module-manifest	high	function-map manifest g2-onboarding-news-page
0x0050C7A8	0x0050C7A8	0x0050C862	186	186	first-party	closed-module-manifest	high	function-map manifest g2-onboarding-news-page
0x0050C868	0x0050C868	0x0050C8CC	100	100	first-party	closed-module-manifest	high	function-map manifest g2-onboarding-news-page
0x0050C8CC	0x0050C8CC	0x0050C95E	146	146	first-party	closed-module-manifest	high	function-map manifest g2-onboarding-news-page
0x0050CA24	0x0050CA24	0x0050CA56	50	50	first-party	closed-module-manifest	high	function-map manifest g2-onboarding-stock-page
0x0050CB28	0x0050CB28	0x0050CB30	8	8	first-party	closed-module-manifest	high	function-map manifest g2-onboarding-stock-page
0x0050D532	0x0050D532	0x0050D542	16	16	first-party	closed-module-manifest	high	function-map manifest g2-onboarding-stock-page
0x0050DAB8	0x0050DAB8	0x0050DB1C	100	100	first-party	closed-module-manifest	high	function-map manifest g2-onboarding-stock-page
0x0050E468	0x0050E468	0x0050E48A	34	34	first-party	closed-module-manifest	high	function-map manifest g2-onboarding-stock-page
0x0050E534	0x0050E534	0x0050E71A	486	486	first-party	closed-module-manifest	high	function-map manifest g2-onboarding-stock-page
0x0050E728	0x0050E728	0x0050E7DE	182	182	first-party	closed-module-manifest	high	function-map manifest g2-onboarding-stock-page
0x0050E990	0x0050E990	0x0050E99A	10	10	lvgl	call-topology-single-family	medium	every closed-world call target is lvgl
0x0050E9CC	0x0050E9CC	0x0050E9D6	10	10	lvgl	call-topology-single-family	medium	every closed-world call target is lvgl
0x0050E9D6	0x0050E9D6	0x0050E9E0	10	10	lvgl	call-topology-single-family	medium	every closed-world call target is lvgl
0x0050E9E0	0x0050E9E0	0x0050E9EA	10	10	lvgl	call-topology-single-family	medium	every closed-world call target is lvgl
0x0050E9EA	0x0050E9EA	0x0050E9F4	10	10	lvgl	call-topology-single-family	medium	every closed-world call target is lvgl
0x0050E9F4	0x0050E9F4	0x0050EA02	14	14	investigation-required-no-evidence	none	none	no closed-world evidence
0x0050EA10	0x0050EA10	0x0050EA28	24	24	lvgl	call-topology-single-family	medium	every closed-world call target is lvgl
0x0050F1D6	0x0050F1D6	0x0050F30E	312	312	lvgl	call-topology-single-family	medium	every closed-world call target is lvgl
0x0050F30E	0x0050F30E	0x0050F386	120	120	lvgl	call-topology-single-family	medium	every closed-world call target is lvgl
0x0050F386	0x0050F386	0x0050F4BC	310	310	lvgl	call-topology-single-family	medium	every closed-world call target is lvgl
0x0050F678	0x0050F678	0x0050F710	152	152	lvgl	call-topology-single-family	medium	every closed-world call target is lvgl
0x0050F710	0x0050F710	0x0050F71A	10	10	lvgl	call-topology-single-family	medium	every closed-world call target is lvgl
0x0050F71A	0x0050F71A	0x0050F76E	84	84	lvgl	call-topology-single-family	medium	every closed-world call target is lvgl
0x0050F770	0x0050F770	0x0050F77E	14	14	lvgl	call-topology-single-family	medium	every closed-world call target is lvgl
0x0050F810	0x0050F810	0x0050F88A	122	122	investigation-required-no-evidence	none	none	no closed-world evidence
0x0050FE0E	0x0050FE0E	0x0050FE56	72	72	first-party	closed-module-manifest	high	function-map manifest g2-onboarding-animation
0x0050FE56	0x0050FE56	0x0050FE7A	36	36	first-party	closed-module-manifest	high	function-map manifest g2-onboarding-animation
0x0050FEF8	0x0050FEF8	0x0050FF0E	22	22	first-party	closed-module-manifest	high	function-map manifest g2-onboarding-animation
0x0050FF0E	0x0050FF0E	0x0050FF72	100	100	first-party	closed-module-manifest	high	function-map manifest g2-onboarding-animation
0x005100FC	0x005100FC	0x00510108	12	12	first-party	closed-module-manifest	high	function-map manifest g2-callback-manager
0x00510218	0x00510218	0x00510240	40	40	first-party	closed-module-manifest	high	function-map manifest g2-callback-manager
0x005105BC	0x005105BC	0x005105EE	50	50	first-party	closed-module-manifest	high	function-map manifest g2-callback-manager
0x005105F0	0x005105F0	0x00510602	18	18	first-party	closed-module-manifest	high	function-map manifest g2-service-nvdb
0x00510602	0x00510602	0x00510614	18	18	first-party	closed-module-manifest	high	function-map manifest g2-service-nvdb
0x00510614	0x00510614	0x00510620	12	12	first-party	closed-module-manifest	high	function-map manifest g2-service-nvdb
0x00510FE2	0x00510FE2	0x00511002	32	32	first-party	link-order-sandwich	low	bracketed in link order by first-party
0x005118E0	0x005118E0	0x005118E8	8	8	first-party	closed-module-manifest	high	function-map manifest g2-npmx-main-driver
0x00511B74	0x00511B74	0x00511BC0	76	76	first-party	closed-module-manifest	high	function-map manifest g2-npmx-main-driver
0x005128A0	0x005128A0	0x005128F4	84	84	first-party	closed-module-manifest	high	function-map manifest g2-npmx-main-driver
0x00512C84	0x00512C84	0x00512CA6	34	34	first-party	closed-module-manifest	high	function-map manifest g2-thread-input
0x00512CA8	0x00512CA8	0x00512CB2	10	10	first-party	closed-module-manifest	high	function-map manifest g2-thread-input
0x00512CB2	0x00512CB2	0x00512CBC	10	10	first-party	closed-module-manifest	high	function-map manifest g2-thread-input
0x0051301C	0x0051301C	0x00513056	58	58	first-party	closed-module-manifest	high	function-map manifest g2-thread-input
0x00513056	0x00513056	0x00513070	26	26	first-party	closed-module-manifest	high	function-map manifest g2-thread-input
0x00513070	0x00513070	0x0051308A	26	26	first-party	closed-module-manifest	high	function-map manifest g2-thread-input
0x0051308A	0x0051308A	0x005130A6	28	28	first-party	closed-module-manifest	high	function-map manifest g2-thread-input
0x005130A6	0x005130A6	0x005130C0	26	26	first-party	closed-module-manifest	high	function-map manifest g2-thread-input
0x005130C0	0x005130C0	0x005130DC	28	28	first-party	closed-module-manifest	high	function-map manifest g2-thread-input
0x005133DA	0x005133DA	0x00513404	42	42	first-party	closed-module-manifest	high	function-map manifest g2-thread-input
0x00513404	0x00513404	0x0051341A	22	22	first-party	closed-module-manifest	high	function-map manifest g2-thread-input
0x0051357C	0x0051357C	0x005135D2	86	86	first-party	link-order-sandwich	low	bracketed in link order by first-party
0x005135D2	0x005135D2	0x005135E0	14	14	first-party	link-order-sandwich	low	bracketed in link order by first-party
0x00513748	0x00513748	0x00513780	56	56	first-party	call-topology-single-family	medium	every closed-world call target is first-party
0x00513780	0x00513780	0x005137B8	56	56	first-party	call-topology-single-family	medium	every closed-world call target is first-party
0x005137B8	0x005137B8	0x005137C2	10	10	investigation-required-no-evidence	none	none	no closed-world evidence
0x005137C4	0x005137C4	0x005137DE	26	26	investigation-required-no-evidence	none	none	no closed-world evidence
0x005137DE	0x005137DE	0x0051381A	60	60	investigation-required-no-evidence	none	none	no closed-world evidence
0x0051381A	0x0051381A	0x00513850	54	54	investigation-required-no-evidence	none	none	references peripheral registers
0x00513850	0x00513850	0x0051388E	62	62	investigation-required-no-evidence	none	none	no closed-world evidence
0x005138A4	0x005138A4	0x00513924	128	128	investigation-required-no-evidence	none	none	no closed-world evidence
0x00513924	0x00513924	0x00513E2E	1290	1290	investigation-required-no-evidence	none	none	no closed-world evidence
0x00513E2E	0x00513E2E	0x0052296A	60220	0	rejected-oversized-envelope	analyzer-artifact	high	envelope exceeds the 16,384-byte trust cap; mixed data region
0x00513E4C	0x00513E4C	0x00513E56	10	10	investigation-required-no-evidence	none	none	no closed-world evidence
0x00513E56	0x00513E56	0x00513E6E	24	24	investigation-required-no-evidence	none	none	no closed-world evidence
0x00513ED0	0x00513ED0	0x00513EEE	30	30	investigation-required-no-evidence	none	none	no closed-world evidence
0x00513EEE	0x00513EEE	0x00513F0C	30	30	investigation-required-no-evidence	none	none	no closed-world evidence
0x00513F0C	0x00513F0C	0x00513F34	40	40	investigation-required-no-evidence	none	none	no closed-world evidence
0x00513F34	0x00513F34	0x00513F92	94	94	investigation-required-no-evidence	none	none	no closed-world evidence
0x00513F92	0x00513F92	0x00513F9C	10	10	investigation-required-no-evidence	none	none	no closed-world evidence
0x00513F9C	0x00513F9C	0x0051400A	110	110	investigation-required-no-evidence	none	none	no closed-world evidence
0x0051400A	0x0051400A	0x00514026	28	28	investigation-required-no-evidence	none	none	no closed-world evidence
0x00514026	0x00514026	0x0051403C	22	22	investigation-required-no-evidence	none	none	no closed-world evidence
0x0051403C	0x0051403C	0x00514046	10	10	investigation-required-no-evidence	none	none	no closed-world evidence
0x00514046	0x00514046	0x00514050	10	10	investigation-required-no-evidence	none	none	no closed-world evidence
0x00514050	0x00514050	0x00514070	32	32	investigation-required-no-evidence	none	none	no closed-world evidence
0x00514070	0x00514070	0x005140C6	86	86	investigation-required-no-evidence	none	none	no closed-world evidence
0x005140C6	0x005140C6	0x005140EA	36	36	investigation-required-no-evidence	none	none	no closed-world evidence
0x005140EA	0x005140EA	0x0051411A	48	48	investigation-required-no-evidence	none	none	no closed-world evidence
0x0051411A	0x0051411A	0x00514148	46	46	investigation-required-no-evidence	none	none	no closed-world evidence
0x00514148	0x00514148	0x0051416C	36	36	investigation-required-no-evidence	none	none	no closed-world evidence
0x0051416C	0x0051416C	0x00514178	12	12	investigation-required-no-evidence	none	none	no closed-world evidence
0x00514178	0x00514178	0x00514184	12	12	investigation-required-no-evidence	none	none	no closed-world evidence
0x00514184	0x00514184	0x0051418E	10	10	investigation-required-no-evidence	none	none	no closed-world evidence
0x0051418E	0x0051418E	0x00514194	6	6	investigation-required-no-evidence	none	none	no closed-world evidence
0x00514194	0x00514194	0x0051419A	6	6	investigation-required-no-evidence	none	none	no closed-world evidence
0x0051419A	0x0051419A	0x00514238	158	158	investigation-required-no-evidence	none	none	no closed-world evidence
0x00514278	0x00514278	0x005142EE	118	118	investigation-required-no-evidence	none	none	no closed-world evidence
0x005142F0	0x005142F0	0x00514382	146	146	investigation-required-no-evidence	none	none	no closed-world evidence
0x00514384	0x00514384	0x005143D4	80	80	investigation-required-no-evidence	none	none	no closed-world evidence
0x005143D4	0x005143D4	0x005144BA	230	230	investigation-required-no-evidence	none	none	no closed-world evidence
0x005144BA	0x005144BA	0x005144FA	64	64	investigation-required-no-evidence	none	none	no closed-world evidence
0x005144FA	0x005144FA	0x00514504	10	10	investigation-required-no-evidence	none	none	no closed-world evidence
0x00514504	0x00514504	0x005147B0	684	684	investigation-required-no-evidence	none	none	no closed-world evidence
0x005147B0	0x005147B0	0x00514846	150	150	investigation-required-no-evidence	none	none	no closed-world evidence
0x00514846	0x00514846	0x00514AEC	678	678	investigation-required-no-evidence	none	none	no closed-world evidence
0x00514AEC	0x00514AEC	0x00514B76	138	138	investigation-required-no-evidence	none	none	no closed-world evidence
0x00514B7C	0x00514B7C	0x00514CF2	374	374	investigation-required-no-evidence	none	none	no closed-world evidence
0x00514CF2	0x00514CF2	0x00514D00	14	14	investigation-required-no-evidence	none	none	no closed-world evidence
0x00514D00	0x00514D00	0x00514D2C	44	44	investigation-required-no-evidence	none	none	no closed-world evidence
0x00514D2C	0x00514D2C	0x00514D92	102	102	investigation-required-no-evidence	none	none	no closed-world evidence
0x00514D98	0x00514D98	0x00514E0A	114	114	investigation-required-no-evidence	none	none	no closed-world evidence
0x00514E0C	0x00514E0C	0x00514E50	68	68	investigation-required-no-evidence	none	none	no closed-world evidence
0x00514E50	0x00514E50	0x00514EBA	106	106	investigation-required-no-evidence	none	none	no closed-world evidence
0x00514EBC	0x00514EBC	0x00514F34	120	120	investigation-required-no-evidence	none	none	no closed-world evidence
0x00514F3C	0x00514F3C	0x00563954	322072	0	rejected-oversized-envelope	analyzer-artifact	high	envelope exceeds the 16,384-byte trust cap; mixed data region
0x00514F60	0x00514F60	0x00515046	230	230	investigation-required-no-evidence	none	none	no closed-world evidence
0x00515048	0x00515048	0x00515096	78	78	investigation-required-no-evidence	none	none	no closed-world evidence
0x00515096	0x00515096	0x005150EA	84	84	investigation-required-no-evidence	none	none	no closed-world evidence
0x005150EA	0x005150EA	0x0051510E	36	36	investigation-required-no-evidence	none	none	no closed-world evidence
0x0051510E	0x0051510E	0x00515136	40	40	investigation-required-no-evidence	none	none	no closed-world evidence
0x00515136	0x00515136	0x00515146	16	16	investigation-required-no-evidence	none	none	no closed-world evidence
0x00515148	0x00515148	0x0051520C	196	196	investigation-required-no-evidence	none	none	no closed-world evidence
0x0051520C	0x0051520C	0x005152FE	242	242	investigation-required-no-evidence	none	none	no closed-world evidence
0x00515304	0x00515304	0x005155D6	722	722	investigation-required-no-evidence	none	none	references peripheral registers
0x005155D6	0x005155D6	0x005155DC	6	6	investigation-required-no-evidence	none	none	no closed-world evidence
0x005155DC	0x005155DC	0x005155E4	8	8	investigation-required-no-evidence	none	none	no closed-world evidence
0x005155E4	0x005155E4	0x0051562E	74	74	investigation-required-no-evidence	none	none	no closed-world evidence
0x0051562E	0x0051562E	0x00515634	6	6	investigation-required-no-evidence	none	none	no closed-world evidence
0x00515634	0x00515634	0x00515640	12	12	investigation-required-no-evidence	none	none	no closed-world evidence
0x00515640	0x00515640	0x0051564C	12	12	investigation-required-no-evidence	none	none	no closed-world evidence
0x0051564C	0x0051564C	0x0051565C	16	16	investigation-required-no-evidence	none	none	no closed-world evidence
0x0051565C	0x0051565C	0x0051566C	16	16	investigation-required-no-evidence	none	none	no closed-world evidence
0x0051566C	0x0051566C	0x00515676	10	10	investigation-required-no-evidence	none	none	no closed-world evidence
0x00515676	0x00515676	0x005156AA	52	52	investigation-required-no-evidence	none	none	no closed-world evidence
0x005156B8	0x005156B8	0x00516B34	5244	5244	investigation-required-no-evidence	none	none	no closed-world evidence
0x00516B34	0x00516B34	0x00516BDE	170	170	investigation-required-no-evidence	none	none	no closed-world evidence
0x00516BDE	0x00516BDE	0x00516C82	164	164	investigation-required-no-evidence	none	none	no closed-world evidence
0x00516C82	0x00516C82	0x00516CF8	118	118	investigation-required-no-evidence	none	none	no closed-world evidence
0x00516CF8	0x00516CF8	0x00516E0A	274	274	investigation-required-no-evidence	none	none	no closed-world evidence
0x00516E0C	0x00516E0C	0x005171EA	990	990	first-party	call-topology-single-family	medium	every closed-world call target is first-party
0x005171F8	0x005171F8	0x00517788	1424	1424	first-party	call-topology-single-family	medium	every closed-world call target is first-party
0x0051778C	0x0051778C	0x00517796	10	10	investigation-required-no-evidence	none	none	no closed-world evidence
0x00517796	0x00517796	0x005177A0	10	10	investigation-required-no-evidence	none	none	no closed-world evidence
0x005177A4	0x005177A4	0x00517850	172	172	investigation-required-no-evidence	none	none	no closed-world evidence
0x0051785C	0x0051785C	0x005179D0	372	372	investigation-required-no-evidence	none	none	no closed-world evidence
0x005179D0	0x005179D0	0x00517E00	1072	1072	investigation-required-no-evidence	none	none	no closed-world evidence
0x00517E18	0x00517E18	0x00519280	5224	5224	investigation-required-no-evidence	none	none	no closed-world evidence
0x00519290	0x00519290	0x0051A650	5056	5056	investigation-required-no-evidence	none	none	no closed-world evidence
0x0051A660	0x0051A660	0x0051A692	50	50	investigation-required-no-evidence	none	none	no closed-world evidence
0x0051A694	0x0051A694	0x0051A8D6	578	578	investigation-required-no-evidence	none	none	no closed-world evidence
0x0051A8EC	0x0051A8EC	0x0051B116	2090	2090	investigation-required-no-evidence	none	none	no closed-world evidence
0x0051B140	0x0051B140	0x0051B8EA	1962	1962	investigation-required-no-evidence	none	none	no closed-world evidence
0x0051B8F0	0x0051B8F0	0x0051BF74	1668	1668	investigation-required-no-evidence	none	none	no closed-world evidence
0x0051BF7C	0x0051BF7C	0x0051C5E4	1640	1640	investigation-required-no-evidence	none	none	no closed-world evidence
0x0051C5EC	0x0051C5EC	0x0051D2D6	3306	3306	investigation-required-no-evidence	none	none	no closed-world evidence
0x0051D2E0	0x0051D2E0	0x0051F78E	9390	9390	first-party	call-topology-single-family	medium	every closed-world call target is first-party
0x0051F798	0x0051F798	0x005202D0	2872	2872	first-party	call-topology-single-family	medium	every closed-world call target is first-party
0x005202EC	0x005202EC	0x005223A2	8374	8374	investigation-required-no-evidence	none	none	references peripheral registers
0x005223A2	0x005223A2	0x005223FA	88	88	investigation-required-no-evidence	none	none	no closed-world evidence
0x00522400	0x00522400	0x005224B6	182	182	investigation-required-no-evidence	none	none	no closed-world evidence
0x005224B6	0x005224B6	0x0052250C	86	86	investigation-required-no-evidence	none	none	no closed-world evidence
0x005225FC	0x005225FC	0x00522602	6	6	investigation-required-no-evidence	none	none	no closed-world evidence
0x00522602	0x00522602	0x0052261A	24	24	investigation-required-no-evidence	none	none	no closed-world evidence
0x0052261A	0x0052261A	0x00522622	8	8	investigation-required-no-evidence	none	none	no closed-world evidence
0x00522622	0x00522622	0x0052262E	12	12	investigation-required-no-evidence	none	none	no closed-world evidence
0x0052262E	0x0052262E	0x0052264E	32	32	investigation-required-no-evidence	none	none	references peripheral registers
0x0052264E	0x0052264E	0x0052266E	32	32	investigation-required-no-evidence	none	none	no closed-world evidence
0x0052266E	0x0052266E	0x005226B2	68	68	investigation-required-no-evidence	none	none	no closed-world evidence
0x005226B2	0x005226B2	0x005226D6	36	36	investigation-required-no-evidence	none	none	no closed-world evidence
0x005226D6	0x005226D6	0x005226E8	18	18	investigation-required-no-evidence	none	none	no closed-world evidence
0x005226E8	0x005226E8	0x00522848	352	352	investigation-required-no-evidence	none	none	no closed-world evidence
0x00522848	0x00522848	0x005228B0	104	104	investigation-required-no-evidence	none	none	no closed-world evidence
0x005228B0	0x005228B0	0x00522916	102	102	investigation-required-no-evidence	none	none	no closed-world evidence
0x00522920	0x00522920	0x0052294C	44	44	investigation-required-no-evidence	none	none	no closed-world evidence
0x0052294C	0x0052294C	0x00522956	10	10	investigation-required-no-evidence	none	none	no closed-world evidence
0x00522956	0x00522956	0x00522960	10	10	investigation-required-no-evidence	none	none	no closed-world evidence
0x0052296A	0x0052296A	0x00522974	10	10	investigation-required-no-evidence	none	none	no closed-world evidence
0x00522974	0x00522974	0x00522A16	162	162	investigation-required-no-evidence	none	none	no closed-world evidence
0x00522A16	0x00522A16	0x00522A20	10	10	investigation-required-no-evidence	none	none	no closed-world evidence
0x00522A24	0x00522A24	0x00522AE0	188	188	investigation-required-no-evidence	none	none	no closed-world evidence
0x00522AE0	0x00522AE0	0x00522B30	80	80	investigation-required-no-evidence	none	none	no closed-world evidence
0x00522B30	0x00522B30	0x00522DB4	644	644	investigation-required-no-evidence	none	none	no closed-world evidence
0x00522DB4	0x00522DB4	0x00522E94	224	224	investigation-required-no-evidence	none	none	no closed-world evidence
0x00522E9C	0x00522E9C	0x00522F16	122	122	investigation-required-no-evidence	none	none	no closed-world evidence
0x00522F1C	0x00522F1C	0x00522F4E	50	50	investigation-required-no-evidence	none	none	no closed-world evidence
0x00522F50	0x00522F50	0x00522FB4	100	100	investigation-required-no-evidence	none	none	no closed-world evidence
0x00522FB4	0x00522FB4	0x00523280	716	716	investigation-required-no-evidence	none	none	no closed-world evidence
0x00523284	0x00523284	0x005232C2	62	62	investigation-required-no-evidence	none	none	no closed-world evidence
0x00523304	0x00523304	0x0052330C	8	8	investigation-required-no-evidence	none	none	no closed-world evidence
0x0052330C	0x0052330C	0x00523662	854	854	investigation-required-no-evidence	none	none	no closed-world evidence
0x00523674	0x00523674	0x00523A20	940	940	investigation-required-no-evidence	none	none	no closed-world evidence
0x00523A34	0x00523A34	0x00523A3A	6	6	investigation-required-no-evidence	none	none	no closed-world evidence
0x00523A3A	0x00523A3A	0x00523BEE	436	436	investigation-required-no-evidence	none	none	no closed-world evidence
0x00523BF8	0x00523BF8	0x00523C88	144	144	investigation-required-no-evidence	none	none	no closed-world evidence
0x00523C88	0x00523C88	0x00523CE0	88	88	investigation-required-no-evidence	none	none	no closed-world evidence
0x00523CE0	0x00523CE0	0x00523DBA	218	218	investigation-required-no-evidence	none	none	no closed-world evidence
0x00523DBA	0x00523DBA	0x00523E92	216	216	investigation-required-no-evidence	none	none	no closed-world evidence
0x00523E92	0x00523E92	0x00523F0E	124	124	investigation-required-no-evidence	none	none	no closed-world evidence
0x00523F10	0x00523F10	0x0052404A	314	314	investigation-required-no-evidence	none	none	no closed-world evidence
0x0052405C	0x0052405C	0x00524126	202	202	investigation-required-no-evidence	none	none	no closed-world evidence
0x00524130	0x00524130	0x005241F6	198	198	investigation-required-no-evidence	none	none	no closed-world evidence
0x00524218	0x00524218	0x00524258	64	64	investigation-required-no-evidence	none	none	no closed-world evidence
0x00524260	0x00524260	0x005242CC	108	108	investigation-required-no-evidence	none	none	no closed-world evidence
0x005242CC	0x005242CC	0x005242E2	22	22	investigation-required-no-evidence	none	none	no closed-world evidence
0x005242FC	0x005242FC	0x00524318	28	28	investigation-required-no-evidence	none	none	no closed-world evidence
0x0052431C	0x0052431C	0x00524354	56	56	investigation-required-no-evidence	none	none	no closed-world evidence
0x00524354	0x00524354	0x00524398	68	68	investigation-required-no-evidence	none	none	no closed-world evidence
0x00524398	0x00524398	0x00524412	122	122	investigation-required-no-evidence	none	none	no closed-world evidence
0x00524412	0x00524412	0x005244EE	220	220	investigation-required-no-evidence	none	none	no closed-world evidence
0x005244EE	0x005244EE	0x00524506	24	24	investigation-required-no-evidence	none	none	no closed-world evidence
0x00524506	0x00524506	0x0052453C	54	54	investigation-required-no-evidence	none	none	no closed-world evidence
0x0052453C	0x0052453C	0x0052454A	14	14	investigation-required-no-evidence	none	none	no closed-world evidence
0x0052454A	0x0052454A	0x00524588	62	62	investigation-required-no-evidence	none	none	no closed-world evidence
0x00524588	0x00524588	0x005245E0	88	88	investigation-required-no-evidence	none	none	no closed-world evidence
0x005245E0	0x005245E0	0x00524606	38	38	investigation-required-no-evidence	none	none	no closed-world evidence
0x00524606	0x00524606	0x00524690	138	138	investigation-required-no-evidence	none	none	no closed-world evidence
0x00524690	0x00524690	0x005246F8	104	104	investigation-required-no-evidence	none	none	no closed-world evidence
0x005246F8	0x005246F8	0x00524754	92	92	investigation-required-no-evidence	none	none	no closed-world evidence
0x00524754	0x00524754	0x005247C6	114	114	investigation-required-no-evidence	none	none	no closed-world evidence
0x005247C6	0x005247C6	0x00524820	90	90	investigation-required-no-evidence	none	none	no closed-world evidence
0x00524820	0x00524820	0x005248AE	142	142	investigation-required-no-evidence	none	none	no closed-world evidence
0x005248AE	0x005248AE	0x00524902	84	84	investigation-required-no-evidence	none	none	no closed-world evidence
0x00524902	0x00524902	0x00524A30	302	302	investigation-required-no-evidence	none	none	no closed-world evidence
0x00524A30	0x00524A30	0x00524AD6	166	166	investigation-required-no-evidence	none	none	no closed-world evidence
0x00524AD6	0x00524AD6	0x00524B64	142	142	investigation-required-no-evidence	none	none	no closed-world evidence
0x00524B64	0x00524B64	0x00524B88	36	36	investigation-required-no-evidence	none	none	no closed-world evidence
0x00524B88	0x00524B88	0x00524BA8	32	32	investigation-required-no-evidence	none	none	no closed-world evidence
0x00524BA8	0x00524BA8	0x00524BC4	28	28	investigation-required-no-evidence	none	none	no closed-world evidence
0x00524BC4	0x00524BC4	0x00524C1E	90	90	investigation-required-no-evidence	none	none	no closed-world evidence
0x00524C1E	0x00524C1E	0x00524C3A	28	28	investigation-required-no-evidence	none	none	no closed-world evidence
0x00524C3A	0x00524C3A	0x00524C88	78	78	investigation-required-no-evidence	none	none	no closed-world evidence
0x00524C88	0x00524C88	0x00524CC4	60	60	investigation-required-no-evidence	none	none	no closed-world evidence
0x00524CC4	0x00524CC4	0x00524CD6	18	18	investigation-required-no-evidence	none	none	no closed-world evidence
0x00524CD6	0x00524CD6	0x00524E08	306	306	investigation-required-no-evidence	none	none	no closed-world evidence
0x00524E08	0x00524E08	0x00524E58	80	80	investigation-required-no-evidence	none	none	no closed-world evidence
0x00524E58	0x00524E58	0x00524E7A	34	34	investigation-required-no-evidence	none	none	no closed-world evidence
0x00524E7A	0x00524E7A	0x00524EC6	76	76	investigation-required-no-evidence	none	none	no closed-world evidence
0x00524EC6	0x00524EC6	0x00524F0A	68	68	investigation-required-no-evidence	none	none	no closed-world evidence
0x00524F18	0x00524F18	0x00524F2E	22	22	investigation-required-no-evidence	none	none	no closed-world evidence
0x00524F2E	0x00524F2E	0x00524F36	8	8	investigation-required-no-evidence	none	none	no closed-world evidence
0x00524F36	0x00524F36	0x00524F44	14	14	investigation-required-no-evidence	none	none	no closed-world evidence
0x00524F44	0x00524F44	0x00524F70	44	44	investigation-required-no-evidence	none	none	no closed-world evidence
0x00524F70	0x00524F70	0x00524F84	20	20	investigation-required-no-evidence	none	none	no closed-world evidence
0x00524F84	0x00524F84	0x00524F96	18	18	investigation-required-no-evidence	none	none	no closed-world evidence
0x00524F96	0x00524F96	0x0052502A	148	148	lvgl	call-topology-single-family	medium	every closed-world call target is lvgl
0x0052502A	0x0052502A	0x0052504C	34	34	investigation-required-no-evidence	none	none	no closed-world evidence
0x0052504C	0x0052504C	0x005250A2	86	86	investigation-required-no-evidence	none	none	no closed-world evidence
0x005250A2	0x005250A2	0x005250DE	60	60	investigation-required-no-evidence	none	none	no closed-world evidence
0x005250DE	0x005250DE	0x0052525C	382	382	investigation-required-no-evidence	none	none	no closed-world evidence
0x0052525C	0x0052525C	0x0052526C	16	16	investigation-required-no-evidence	none	none	no closed-world evidence
0x0052526C	0x0052526C	0x005252BC	80	80	investigation-required-no-evidence	none	none	no closed-world evidence
0x005252BC	0x005252BC	0x00525334	120	120	investigation-required-no-evidence	none	none	no closed-world evidence
0x00525334	0x00525334	0x00525386	82	82	investigation-required-no-evidence	none	none	no closed-world evidence
0x00525386	0x00525386	0x005253F4	110	110	investigation-required-no-evidence	none	none	no closed-world evidence
0x005253F4	0x005253F4	0x00525444	80	80	investigation-required-no-evidence	none	none	no closed-world evidence
0x00525444	0x00525444	0x005254C8	132	132	investigation-required-no-evidence	none	none	no closed-world evidence
0x005254C8	0x005254C8	0x00525574	172	172	investigation-required-no-evidence	none	none	no closed-world evidence
0x00525574	0x00525574	0x00525832	702	702	investigation-required-no-evidence	none	none	no closed-world evidence
0x00525832	0x00525832	0x0052586E	60	60	investigation-required-no-evidence	none	none	no closed-world evidence
0x0052586E	0x0052586E	0x005258A8	58	58	investigation-required-no-evidence	none	none	no closed-world evidence
0x005258A8	0x005258A8	0x00525936	142	142	investigation-required-no-evidence	none	none	no closed-world evidence
0x00525936	0x00525936	0x0052594A	20	20	investigation-required-no-evidence	none	none	no closed-world evidence
0x0052594A	0x0052594A	0x005259BE	116	116	investigation-required-no-evidence	none	none	no closed-world evidence
0x005259BE	0x005259BE	0x00525ADE	288	288	investigation-required-no-evidence	none	none	no closed-world evidence
0x00525ADE	0x00525ADE	0x00525B02	36	36	investigation-required-no-evidence	none	none	no closed-world evidence
0x00525B02	0x00525B02	0x00525B20	30	30	investigation-required-no-evidence	none	none	no closed-world evidence
0x00525B20	0x00525B20	0x00525B6E	78	78	investigation-required-no-evidence	none	none	no closed-world evidence
0x00525B6E	0x00525B6E	0x00525C08	154	154	investigation-required-no-evidence	none	none	no closed-world evidence
0x00525C08	0x00525C08	0x00525D32	298	298	investigation-required-no-evidence	none	none	no closed-world evidence
0x00525D32	0x00525D32	0x00525E16	228	228	investigation-required-no-evidence	none	none	no closed-world evidence
0x00525E16	0x00525E16	0x0052609C	646	646	investigation-required-no-evidence	none	none	no closed-world evidence
0x005260A4	0x005260A4	0x005261A8	260	260	investigation-required-no-evidence	none	none	no closed-world evidence
0x005261AC	0x005261AC	0x0052628A	222	222	investigation-required-no-evidence	none	none	no closed-world evidence
0x005262AC	0x005262AC	0x00526356	170	170	investigation-required-no-evidence	none	none	no closed-world evidence
0x00526356	0x00526356	0x00526452	252	252	investigation-required-no-evidence	none	none	no closed-world evidence
0x00526452	0x00526452	0x005264A6	84	84	investigation-required-no-evidence	none	none	no closed-world evidence
0x005264A6	0x005264A6	0x005267EE	840	840	freetype	call-topology-single-family	medium	every closed-world call target is freetype
0x00526814	0x00526814	0x0052687E	106	106	freetype	documented-family-evidence	high	docs/research/freetype-recovery-audit.md: exact FT_Done_Face at [0x00526814,0x0052687E)
0x0052687E	0x0052687E	0x00526944	198	198	investigation-required-no-evidence	none	none	no closed-world evidence
0x00526944	0x00526944	0x00526A02	190	190	investigation-required-no-evidence	none	none	no closed-world evidence
0x00526A02	0x00526A02	0x00526A4E	76	76	investigation-required-no-evidence	none	none	no closed-world evidence
0x00526A4E	0x00526A4E	0x00526A9C	78	78	investigation-required-no-evidence	none	none	no closed-world evidence
0x00526A9C	0x00526A9C	0x00526B04	104	104	investigation-required-no-evidence	none	none	no closed-world evidence
0x00526B04	0x00526B04	0x00526CA8	420	420	investigation-required-no-evidence	none	none	no closed-world evidence
0x00526CA8	0x00526CA8	0x00526CE4	60	60	investigation-required-no-evidence	none	none	no closed-world evidence
0x00526CE4	0x00526CE4	0x00526D54	112	112	investigation-required-no-evidence	none	none	no closed-world evidence
0x00526D54	0x00526D54	0x00526DA2	78	78	investigation-required-no-evidence	none	none	no closed-world evidence
0x00526DA2	0x00526DA2	0x00526DEE	76	76	investigation-required-no-evidence	none	none	no closed-world evidence
0x00526DEE	0x00526DEE	0x00526E38	74	74	investigation-required-no-evidence	none	none	no closed-world evidence
0x00526E38	0x00526E38	0x00526E5A	34	34	investigation-required-no-evidence	none	none	no closed-world evidence
0x00526E5A	0x00526E5A	0x00526F10	182	182	investigation-required-no-evidence	none	none	no closed-world evidence
0x00526F10	0x00526F10	0x00526F32	34	34	investigation-required-no-evidence	none	none	no closed-world evidence
0x00526F32	0x00526F32	0x00526F74	66	66	investigation-required-no-evidence	none	none	no closed-world evidence
0x00526F74	0x00526F74	0x0052700A	150	150	investigation-required-no-evidence	none	none	no closed-world evidence
0x0052700A	0x0052700A	0x0052705A	80	80	investigation-required-no-evidence	none	none	no closed-world evidence
0x0052705A	0x0052705A	0x00527096	60	60	investigation-required-no-evidence	none	none	no closed-world evidence
0x00527096	0x00527096	0x005270BC	38	38	investigation-required-no-evidence	none	none	no closed-world evidence
0x005270BC	0x005270BC	0x005270D2	22	22	investigation-required-no-evidence	none	none	no closed-world evidence
0x005270D2	0x005270D2	0x0052716C	154	154	investigation-required-no-evidence	none	none	no closed-world evidence
0x0052716C	0x0052716C	0x005271C0	84	84	investigation-required-no-evidence	none	none	no closed-world evidence
0x005271C0	0x005271C0	0x00527228	104	104	investigation-required-no-evidence	none	none	no closed-world evidence
0x00527228	0x00527228	0x0052724C	36	36	investigation-required-no-evidence	none	none	no closed-world evidence
0x0052724C	0x0052724C	0x0052729C	80	80	investigation-required-no-evidence	none	none	no closed-world evidence
0x0052729C	0x0052729C	0x005273B2	278	278	investigation-required-no-evidence	none	none	no closed-world evidence
0x005273B8	0x005273B8	0x005273F2	58	58	investigation-required-no-evidence	none	none	no closed-world evidence
0x005273F2	0x005273F2	0x00527406	20	20	investigation-required-no-evidence	none	none	no closed-world evidence
0x00527406	0x00527406	0x00527466	96	96	investigation-required-no-evidence	none	none	no closed-world evidence
0x00527466	0x00527466	0x005274B2	76	76	investigation-required-no-evidence	none	none	no closed-world evidence
0x005274B2	0x005274B2	0x005274F6	68	68	investigation-required-no-evidence	none	none	no closed-world evidence
0x00527508	0x00527508	0x005278C2	954	954	investigation-required-no-evidence	none	none	no closed-world evidence
0x005278C2	0x005278C2	0x0052797A	184	184	first-party	call-topology-single-family	medium	every closed-world call target is first-party
0x0052797A	0x0052797A	0x0052798C	18	18	investigation-required-no-evidence	none	none	no closed-world evidence
0x0052798C	0x0052798C	0x005279E0	84	84	investigation-required-no-evidence	none	none	no closed-world evidence
0x005279E0	0x005279E0	0x00527A70	144	144	investigation-required-no-evidence	none	none	no closed-world evidence
0x00527A70	0x00527A70	0x00527ABC	76	76	first-party	call-topology-single-family	medium	every closed-world call target is first-party
0x00527ABC	0x00527ABC	0x00527ACE	18	18	investigation-required-no-evidence	none	none	no closed-world evidence
0x00527ACE	0x00527ACE	0x00527B2E	96	96	investigation-required-no-evidence	none	none	no closed-world evidence
0x00527B2E	0x00527B2E	0x00527B5A	44	44	investigation-required-no-evidence	none	none	no closed-world evidence
0x00527B60	0x00527B60	0x00527BA0	64	64	investigation-required-no-evidence	none	none	no closed-world evidence
0x00527BA0	0x00527BA0	0x00527BCA	42	42	investigation-required-no-evidence	none	none	no closed-world evidence
0x00527BCA	0x00527BCA	0x00527BD6	12	12	investigation-required-no-evidence	none	none	no closed-world evidence
0x00527BD6	0x00527BD6	0x00527E08	562	562	investigation-required-no-evidence	none	none	no closed-world evidence
0x00527E0A	0x00527E0A	0x00527F0A	256	256	investigation-required-no-evidence	none	none	no closed-world evidence
0x00527F0A	0x00527F0A	0x00527FF2	232	232	investigation-required-no-evidence	none	none	no closed-world evidence
0x00527FF2	0x00527FF2	0x00528064	114	114	investigation-required-no-evidence	none	none	no closed-world evidence
0x00528064	0x00528064	0x00528272	526	526	investigation-required-no-evidence	none	none	no closed-world evidence
0x00528298	0x00528298	0x00528470	472	472	investigation-required-no-evidence	none	none	no closed-world evidence
0x00528470	0x00528470	0x005284DE	110	110	investigation-required-no-evidence	none	none	no closed-world evidence
0x005284DE	0x005284DE	0x005284F4	22	22	investigation-required-no-evidence	none	none	no closed-world evidence
0x005284F4	0x005284F4	0x00528508	20	20	investigation-required-no-evidence	none	none	no closed-world evidence
0x00528508	0x00528508	0x00528524	28	28	investigation-required-no-evidence	none	none	no closed-world evidence
0x00528524	0x00528524	0x00528540	28	28	investigation-required-no-evidence	none	none	no closed-world evidence
0x00528540	0x00528540	0x0052857E	62	62	investigation-required-no-evidence	none	none	no closed-world evidence
0x005285D4	0x005285D4	0x0052862C	88	88	investigation-required-no-evidence	none	none	no closed-world evidence
0x0052862C	0x0052862C	0x00528650	36	36	investigation-required-no-evidence	none	none	no closed-world evidence
0x00528720	0x00528720	0x00528802	226	226	investigation-required-no-evidence	none	none	no closed-world evidence
0x00528802	0x00528802	0x00528842	64	64	investigation-required-no-evidence	none	none	no closed-world evidence
0x00528842	0x00528842	0x005288B8	118	118	investigation-required-no-evidence	none	none	no closed-world evidence
0x005288B8	0x005288B8	0x005288CE	22	22	investigation-required-no-evidence	none	none	no closed-world evidence
0x005288CE	0x005288CE	0x005288E0	18	18	investigation-required-no-evidence	none	none	no closed-world evidence
0x005288E0	0x005288E0	0x00528914	52	52	investigation-required-no-evidence	none	none	no closed-world evidence
0x00528914	0x00528914	0x00528928	20	20	investigation-required-no-evidence	none	none	no closed-world evidence
0x00528928	0x00528928	0x00528936	14	14	investigation-required-no-evidence	none	none	no closed-world evidence
0x00528936	0x00528936	0x00528992	92	92	investigation-required-no-evidence	none	none	no closed-world evidence
0x00528992	0x00528992	0x005289B0	30	30	investigation-required-no-evidence	none	none	no closed-world evidence
0x005289B0	0x005289B0	0x005289D0	32	32	investigation-required-no-evidence	none	none	no closed-world evidence
0x005289D0	0x005289D0	0x00528A66	150	150	investigation-required-no-evidence	none	none	no closed-world evidence
0x00528A66	0x00528A66	0x00528A86	32	32	investigation-required-no-evidence	none	none	no closed-world evidence
0x00528A86	0x00528A86	0x00528AA0	26	26	investigation-required-no-evidence	none	none	no closed-world evidence
0x00528AA0	0x00528AA0	0x00528AC6	38	38	investigation-required-no-evidence	none	none	no closed-world evidence
0x00528AC6	0x00528AC6	0x00528AFA	52	52	investigation-required-no-evidence	none	none	no closed-world evidence
0x00528AFA	0x00528AFA	0x00528B4A	80	80	investigation-required-no-evidence	none	none	no closed-world evidence
0x00528B4A	0x00528B4A	0x00528BA8	94	94	investigation-required-no-evidence	none	none	no closed-world evidence
0x00528BA8	0x00528BA8	0x00528C14	108	108	investigation-required-no-evidence	none	none	no closed-world evidence
0x00528C14	0x00528C14	0x00528DB8	420	420	investigation-required-no-evidence	none	none	no closed-world evidence
0x00528DB8	0x00528DB8	0x00528E18	96	96	investigation-required-no-evidence	none	none	references peripheral registers
0x00528E18	0x00528E18	0x00528E5A	66	66	investigation-required-no-evidence	none	none	no closed-world evidence
0x00528E5A	0x00528E5A	0x00528ED4	122	122	investigation-required-no-evidence	none	none	no closed-world evidence
0x00528EE4	0x00528EE4	0x00528F86	162	162	investigation-required-no-evidence	none	none	no closed-world evidence
0x00528F8C	0x00528F8C	0x00528F9A	14	14	investigation-required-no-evidence	none	none	no closed-world evidence
0x00528F9A	0x00528F9A	0x00528FA8	14	14	investigation-required-no-evidence	none	none	no closed-world evidence
0x00528FA8	0x00528FA8	0x00528FBC	20	20	investigation-required-no-evidence	none	none	no closed-world evidence
0x00528FBC	0x00528FBC	0x00528FDE	34	34	investigation-required-no-evidence	none	none	no closed-world evidence
0x00528FDE	0x00528FDE	0x00529006	40	40	investigation-required-no-evidence	none	none	no closed-world evidence
0x00529006	0x00529006	0x00529086	128	128	investigation-required-no-evidence	none	none	no closed-world evidence
0x00529086	0x00529086	0x005290FA	116	116	investigation-required-no-evidence	none	none	no closed-world evidence
0x005290FA	0x005290FA	0x0052910E	20	20	investigation-required-no-evidence	none	none	no closed-world evidence
0x0052910E	0x0052910E	0x0052912A	28	28	investigation-required-no-evidence	none	none	no closed-world evidence
0x00529148	0x00529148	0x00529176	46	46	investigation-required-no-evidence	none	none	no closed-world evidence
0x00529176	0x00529176	0x0052919C	38	38	investigation-required-no-evidence	none	none	no closed-world evidence
0x0052919C	0x0052919C	0x005291E4	72	72	investigation-required-no-evidence	none	none	no closed-world evidence
0x005291E4	0x005291E4	0x00529256	114	114	investigation-required-no-evidence	none	none	no closed-world evidence
0x00529256	0x00529256	0x00529262	12	12	investigation-required-no-evidence	none	none	no closed-world evidence
0x00529262	0x00529262	0x00529296	52	52	investigation-required-no-evidence	none	none	no closed-world evidence
0x00529296	0x00529296	0x005292BC	38	38	investigation-required-no-evidence	none	none	no closed-world evidence
0x005292BC	0x005292BC	0x005292BE	2	2	investigation-required-no-evidence	none	none	linker veneer
0x005292C8	0x005292BE	0x005292E6	40	40	investigation-required-no-evidence	none	none	no closed-world evidence
0x005292E6	0x005292E6	0x00529304	30	30	investigation-required-no-evidence	none	none	no closed-world evidence
0x00529304	0x00529304	0x00529324	32	32	investigation-required-no-evidence	none	none	no closed-world evidence
0x00529324	0x00529324	0x00529348	36	36	investigation-required-no-evidence	none	none	no closed-world evidence
0x00529348	0x00529348	0x00529378	48	48	investigation-required-no-evidence	none	none	no closed-world evidence
0x00529378	0x00529378	0x005293BE	70	70	investigation-required-no-evidence	none	none	no closed-world evidence
0x005293C0	0x005293C0	0x00529406	70	70	lvgl	call-topology-single-family	medium	every closed-world call target is lvgl
0x005297B8	0x005297B8	0x005297F8	64	64	lvgl	call-topology-single-family	medium	every closed-world call target is lvgl
0x00529AE4	0x00529AE4	0x00529AEE	10	10	lvgl	call-topology-single-family	medium	every closed-world call target is lvgl
0x00529B2C	0x00529B2C	0x00529B38	12	12	lvgl	link-order-sandwich	low	bracketed in link order by lvgl
0x00529B38	0x00529B38	0x00529B7E	70	70	lvgl	call-topology-single-family	medium	every closed-world call target is lvgl
0x00529BF2	0x00529BF2	0x00529BFE	12	12	lvgl	link-order-sandwich	low	bracketed in link order by lvgl
0x00529CF8	0x00529CF8	0x00529D40	72	72	lvgl	call-topology-single-family	medium	every closed-world call target is lvgl
0x00529D40	0x00529D40	0x00529D50	16	16	lvgl	link-order-sandwich	low	bracketed in link order by lvgl
0x00529E88	0x00529E88	0x00529EA2	26	26	lvgl	link-order-sandwich	low	bracketed in link order by lvgl
0x00529EE8	0x00529EE8	0x00529F36	78	78	lvgl	call-topology-single-family	medium	every closed-world call target is lvgl
0x00529F36	0x00529F36	0x00529F4C	22	22	lvgl	link-order-sandwich	low	bracketed in link order by lvgl
0x00529F4C	0x00529F4C	0x00529F62	22	22	lvgl	link-order-sandwich	low	bracketed in link order by lvgl
0x0052A264	0x0052A264	0x0052A284	32	32	lvgl	call-topology-single-family	medium	every closed-world call target is lvgl
0x0052A284	0x0052A284	0x0052A2D6	82	82	investigation-required-no-evidence	none	none	no closed-world evidence
0x0052A3DA	0x0052A3DA	0x0052A3EE	20	20	investigation-required-no-evidence	none	none	no closed-world evidence
0x0052A3FC	0x0052A3FC	0x0052A424	40	40	ambiqsuite	closed-module-manifest	high	function-map manifest ambiqsuite-cordio-wsf-timer
0x0052A424	0x0052A424	0x0052A468	68	68	ambiqsuite	closed-module-manifest	high	function-map manifest ambiqsuite-cordio-wsf-timer
0x0052A468	0x0052A468	0x0052A474	12	12	ambiqsuite	closed-module-manifest	high	function-map manifest ambiqsuite-cordio-wsf-timer
0x0052A4B8	0x0052A4B8	0x0052A4C4	12	12	ambiqsuite	closed-module-manifest	high	function-map manifest ambiqsuite-cordio-wsf-timer
0x0052A4C4	0x0052A4C4	0x0052A4D2	14	14	ambiqsuite	closed-module-manifest	high	function-map manifest ambiqsuite-cordio-wsf-timer
0x0052A4D2	0x0052A4D2	0x0052A4E6	20	20	ambiqsuite	closed-module-manifest	high	function-map manifest ambiqsuite-cordio-wsf-timer
0x0052A4E6	0x0052A4E6	0x0052A51A	52	52	ambiqsuite	closed-module-manifest	high	function-map manifest ambiqsuite-cordio-wsf-timer
0x0052A67C	0x0052A67C	0x0052A6B0	52	52	ambiqsuite	closed-module-manifest	high	function-map manifest ambiq-cordio-hci-core
0x0052A6B0	0x0052A6B0	0x0052A704	84	84	ambiqsuite	closed-module-manifest	high	function-map manifest ambiq-cordio-hci-core
0x0052A704	0x0052A704	0x0052A72E	42	42	ambiqsuite	closed-module-manifest	high	function-map manifest ambiq-cordio-hci-core
0x0052A72E	0x0052A72E	0x0052A758	42	42	ambiqsuite	closed-module-manifest	high	function-map manifest ambiq-cordio-hci-core
0x0052A758	0x0052A758	0x0052A762	10	10	ambiqsuite	closed-module-manifest	high	function-map manifest ambiq-cordio-hci-core
0x0052A762	0x0052A762	0x0052A76C	10	10	ambiqsuite	closed-module-manifest	high	function-map manifest ambiq-cordio-hci-core
0x0052A76C	0x0052A76C	0x0052A79E	50	50	ambiqsuite	closed-module-manifest	high	function-map manifest ambiq-cordio-hci-core
0x0052A79E	0x0052A79E	0x0052A850	178	178	ambiqsuite	closed-module-manifest	high	function-map manifest ambiq-cordio-hci-core
0x0052A850	0x0052A850	0x0052A8B0	96	96	ambiqsuite	closed-module-manifest	high	function-map manifest ambiq-cordio-hci-core
0x0052A8B0	0x0052A8B0	0x0052A936	134	134	ambiqsuite	closed-module-manifest	high	function-map manifest ambiq-cordio-hci-core
0x0052A936	0x0052A936	0x0052A962	44	44	ambiqsuite	closed-module-manifest	high	function-map manifest ambiq-cordio-hci-core
0x0052A962	0x0052A962	0x0052AC02	672	672	ambiqsuite	closed-module-manifest	high	function-map manifest ambiq-cordio-hci-core
0x0052AC6A	0x0052AC6A	0x0052ACCE	100	100	ambiqsuite	closed-module-manifest	high	function-map manifest ambiq-cordio-hci-core
0x0052AD04	0x0052AD04	0x0052AD9C	152	152	ambiqsuite	closed-module-manifest	high	function-map manifest ambiq-cordio-hci-core
0x0052AD9C	0x0052AD9C	0x0052ADC2	38	38	ambiqsuite	closed-module-manifest	high	function-map manifest ambiq-cordio-hci-core
0x0052ADC2	0x0052ADC2	0x0052ADEC	42	42	ambiqsuite	closed-module-manifest	high	function-map manifest ambiq-cordio-hci-core
0x0052ADEC	0x0052ADEC	0x0052AE14	40	40	ambiqsuite	closed-module-manifest	high	function-map manifest ambiq-cordio-hci-core
0x0052AE24	0x0052AE24	0x0052AE2E	10	10	ambiqsuite	closed-module-manifest	high	function-map manifest ambiq-cordio-hci-core
0x0052AE2E	0x0052AE2E	0x0052AE38	10	10	ambiqsuite	closed-module-manifest	high	function-map manifest ambiq-cordio-hci-core
0x0052AE38	0x0052AE38	0x0052AE5E	38	38	ambiqsuite	closed-module-manifest	high	function-map manifest ambiq-cordio-hci-cmd
0x0052AE5E	0x0052AE5E	0x0052AEC6	104	104	ambiqsuite	closed-module-manifest	high	function-map manifest ambiq-cordio-hci-cmd
0x0052AEE6	0x0052AEE6	0x0052AEF8	18	18	ambiqsuite	closed-module-manifest	high	function-map manifest ambiq-cordio-hci-cmd
0x0052AEF8	0x0052AEF8	0x0052AF10	24	24	ambiqsuite	closed-module-manifest	high	function-map manifest ambiq-cordio-hci-cmd
0x0052AF10	0x0052AF10	0x0052AF40	48	48	ambiqsuite	closed-module-manifest	high	function-map manifest ambiq-cordio-hci-cmd
0x0052AF40	0x0052AF40	0x0052AFCC	140	140	ambiqsuite	closed-module-manifest	high	function-map manifest ambiq-cordio-hci-cmd
0x0052AFCC	0x0052AFCC	0x0052B0A4	216	216	ambiqsuite	closed-module-manifest	high	function-map manifest ambiq-cordio-hci-cmd
0x0052B0A4	0x0052B0A4	0x0052B0BE	26	26	ambiqsuite	closed-module-manifest	high	function-map manifest ambiq-cordio-hci-cmd
0x0052B0BE	0x0052B0BE	0x0052B146	136	136	ambiqsuite	closed-module-manifest	high	function-map manifest ambiq-cordio-hci-cmd
0x0052B146	0x0052B146	0x0052B176	48	48	ambiqsuite	closed-module-manifest	high	function-map manifest ambiq-cordio-hci-cmd
0x0052B176	0x0052B176	0x0052B1BC	70	70	ambiqsuite	closed-module-manifest	high	function-map manifest ambiq-cordio-hci-cmd
0x0052B1BC	0x0052B1BC	0x0052B1F4	56	56	ambiqsuite	closed-module-manifest	high	function-map manifest ambiq-cordio-hci-cmd
0x0052B1F4	0x0052B1F4	0x0052B20E	26	26	ambiqsuite	closed-module-manifest	high	function-map manifest ambiq-cordio-hci-cmd
0x0052B20E	0x0052B20E	0x0052B24C	62	62	ambiqsuite	closed-module-manifest	high	function-map manifest ambiq-cordio-hci-cmd
0x0052B24C	0x0052B24C	0x0052B266	26	26	ambiqsuite	closed-module-manifest	high	function-map manifest ambiq-cordio-hci-cmd
0x0052B266	0x0052B266	0x0052B2A4	62	62	ambiqsuite	closed-module-manifest	high	function-map manifest ambiq-cordio-hci-cmd
0x0052B2A4	0x0052B2A4	0x0052B2CE	42	42	ambiqsuite	closed-module-manifest	high	function-map manifest ambiq-cordio-hci-cmd
0x0052B2CE	0x0052B2CE	0x0052B304	54	54	ambiqsuite	closed-module-manifest	high	function-map manifest ambiq-cordio-hci-cmd
0x0052B304	0x0052B304	0x0052B31E	26	26	ambiqsuite	closed-module-manifest	high	function-map manifest ambiq-cordio-hci-cmd
0x0052B31E	0x0052B31E	0x0052B338	26	26	ambiqsuite	closed-module-manifest	high	function-map manifest ambiq-cordio-hci-cmd
0x0052B338	0x0052B338	0x0052B352	26	26	ambiqsuite	closed-module-manifest	high	function-map manifest ambiq-cordio-hci-cmd
0x0052B352	0x0052B352	0x0052B37C	42	42	ambiqsuite	closed-module-manifest	high	function-map manifest ambiq-cordio-hci-cmd
0x0052B37C	0x0052B37C	0x0052B396	26	26	ambiqsuite	closed-module-manifest	high	function-map manifest ambiq-cordio-hci-cmd
0x0052B396	0x0052B396	0x0052B3B0	26	26	ambiqsuite	closed-module-manifest	high	function-map manifest ambiq-cordio-hci-cmd
0x0052B3B0	0x0052B3B0	0x0052B3D2	34	34	ambiqsuite	closed-module-manifest	high	function-map manifest ambiq-cordio-hci-cmd
0x0052B3D2	0x0052B3D2	0x0052B420	78	78	ambiqsuite	closed-module-manifest	high	function-map manifest ambiq-cordio-hci-cmd
0x0052B420	0x0052B420	0x0052B492	114	114	ambiqsuite	closed-module-manifest	high	function-map manifest ambiq-cordio-hci-cmd
0x0052B492	0x0052B492	0x0052B4BA	40	40	ambiqsuite	closed-module-manifest	high	function-map manifest ambiq-cordio-hci-cmd
0x0052B4BA	0x0052B4BA	0x0052B4E2	40	40	ambiqsuite	closed-module-manifest	high	function-map manifest ambiq-cordio-hci-cmd
0x0052B4E2	0x0052B4E2	0x0052B50A	40	40	ambiqsuite	closed-module-manifest	high	function-map manifest ambiq-cordio-hci-cmd
0x0052B50A	0x0052B50A	0x0052B554	74	74	ambiqsuite	closed-module-manifest	high	function-map manifest ambiq-cordio-hci-cmd
0x0052B554	0x0052B554	0x0052B5A2	78	78	ambiqsuite	closed-module-manifest	high	function-map manifest ambiq-cordio-hci-cmd
0x0052B5A2	0x0052B5A2	0x0052B606	100	100	ambiqsuite	closed-module-manifest	high	function-map manifest ambiq-cordio-hci-cmd
0x0052B606	0x0052B606	0x0052B620	26	26	ambiqsuite	closed-module-manifest	high	function-map manifest ambiq-cordio-hci-cmd
0x0052B620	0x0052B620	0x0052B63A	26	26	ambiqsuite	closed-module-manifest	high	function-map manifest ambiq-cordio-hci-cmd
0x0052B63A	0x0052B63A	0x0052B664	42	42	ambiqsuite	closed-module-manifest	high	function-map manifest ambiq-cordio-hci-cmd
0x0052B664	0x0052B664	0x0052B682	30	30	ambiqsuite	closed-module-manifest	high	function-map manifest ambiq-cordio-hci-cmd
0x0052B682	0x0052B682	0x0052B6AE	44	44	ambiqsuite	closed-module-manifest	high	function-map manifest ambiq-cordio-hci-cmd
0x0052B6BC	0x0052B6BC	0x0052B6E4	40	40	ambiqsuite	closed-module-manifest	high	function-map manifest ambiq-cordio-hci-cmd
0x0052B6E4	0x0052B6E4	0x0052B70C	40	40	ambiqsuite	closed-module-manifest	high	function-map manifest ambiq-cordio-hci-cmd
0x0052B70C	0x0052B70C	0x0052B744	56	56	ambiqsuite	closed-module-manifest	high	function-map manifest ambiq-cordio-hci-cmd
0x0052B744	0x0052B744	0x0052B794	80	80	ambiqsuite	closed-module-manifest	high	function-map manifest ambiq-cordio-hci-cmd
0x0052B794	0x0052B794	0x0052B7C2	46	46	ambiqsuite	closed-module-manifest	high	function-map manifest ambiq-cordio-hci-cmd
0x0052B7C2	0x0052B7C2	0x0052B7DC	26	26	ambiqsuite	closed-module-manifest	high	function-map manifest ambiq-cordio-hci-cmd
0x0052B7DC	0x0052B7DC	0x0052B7F6	26	26	ambiqsuite	closed-module-manifest	high	function-map manifest ambiq-cordio-hci-cmd
0x0052B7F6	0x0052B7F6	0x0052B818	34	34	ambiqsuite	closed-module-manifest	high	function-map manifest ambiq-cordio-hci-cmd
0x0052B818	0x0052B818	0x0052B84C	52	52	ambiqsuite	closed-module-manifest	high	function-map manifest ambiq-cordio-hci-cmd
0x0052B84C	0x0052B84C	0x0052B87A	46	46	ambiqsuite	closed-module-manifest	high	function-map manifest ambiq-cordio-hci-cmd
0x0052B87A	0x0052B87A	0x0052B8A4	42	42	ambiqsuite	closed-module-manifest	high	function-map manifest ambiq-cordio-hci-cmd
0x0052B8A4	0x0052B8A4	0x0052B8B6	18	18	ambiqsuite	closed-module-manifest	high	function-map manifest ambiqsuite-cordio-wsf-os
0x0052B8B6	0x0052B8B6	0x0052B8C8	18	18	ambiqsuite	closed-module-manifest	high	function-map manifest ambiqsuite-cordio-wsf-os
0x0052B8C8	0x0052B8C8	0x0052B8D0	8	8	ambiqsuite	closed-module-manifest	high	function-map manifest ambiqsuite-cordio-wsf-os
0x0052B8D0	0x0052B8D0	0x0052B8D8	8	8	ambiqsuite	closed-module-manifest	high	function-map manifest ambiqsuite-cordio-wsf-os
0x0052B8D8	0x0052B8D8	0x0052B91E	70	70	ambiqsuite	closed-module-manifest	high	function-map manifest ambiqsuite-cordio-wsf-os
0x0052B91E	0x0052B91E	0x0052B95E	64	64	ambiqsuite	closed-module-manifest	high	function-map manifest ambiqsuite-cordio-wsf-os
0x0052B95E	0x0052B95E	0x0052B97C	30	30	ambiqsuite	closed-module-manifest	high	function-map manifest ambiqsuite-cordio-wsf-os
0x0052B97C	0x0052B97C	0x0052B980	4	4	ambiqsuite	closed-module-manifest	high	function-map manifest ambiqsuite-cordio-wsf-os
0x0052BACC	0x0052BACC	0x0052BB00	52	52	cordio	closed-module-manifest	high	function-map manifest packetcraft-cordio-dm-sec-slave
0x0052BB00	0x0052BB00	0x0052BB20	32	32	cordio	closed-module-manifest	high	function-map manifest packetcraft-cordio-dm-sec-slave
0x0052BB20	0x0052BB20	0x0052BB60	64	64	cordio	closed-module-manifest	high	function-map manifest packetcraft-cordio-dm-sec-slave
0x0052BB64	0x0052BB64	0x0052BB8A	38	38	cordio	closed-module-manifest	high	function-map manifest packetcraft-cordio-atts-ccc
0x0052BF8E	0x0052BF8E	0x0052BFF0	98	98	cordio	closed-module-manifest	high	function-map manifest packetcraft-cordio-atts-ccc
0x0052BFF0	0x0052BFF0	0x0052C09E	174	174	cordio	closed-module-manifest	high	function-map manifest packetcraft-cordio-atts-ccc
0x0052C5F2	0x0052C5F2	0x0052C60E	28	28	cordio	closed-module-manifest	high	function-map manifest packetcraft-cordio-atts-ccc
0x0052C60E	0x0052C60E	0x0052C628	26	26	cordio	closed-module-manifest	high	function-map manifest packetcraft-cordio-atts-ccc
0x0052C628	0x0052C628	0x0052C660	56	56	cordio	closed-module-manifest	high	function-map manifest packetcraft-cordio-atts-ccc
0x0052C664	0x0052C664	0x0052C66A	6	6	cordio	closed-module-manifest	high	function-map manifest packetcraft-cordio-atts-ccc
0x0052C914	0x0052C914	0x0052C91C	8	8	cordio	closed-module-manifest	high	function-map manifest packetcraft-cordio-atts-csf
0x0052D4E0	0x0052D4E0	0x0052D4E8	8	8	cordio	closed-module-manifest	high	function-map manifest packetcraft-cordio-atts-csf
0x0052DBB8	0x0052DBB8	0x0052DBD6	30	30	cordio	closed-module-manifest	high	function-map manifest packetcraft-cordio-atts-sign
0x0052DBD6	0x0052DBD6	0x0052DBE4	14	14	cordio	closed-module-manifest	high	function-map manifest packetcraft-cordio-atts-sign
0x0052DBE4	0x0052DBE4	0x0052DBF0	12	12	cordio	closed-module-manifest	high	function-map manifest packetcraft-cordio-atts-sign
0x0052DC24	0x0052DC24	0x0052DC2A	6	6	investigation-required-no-evidence	none	none	no closed-world evidence
0x0052DC40	0x0052DC40	0x0052DC98	88	88	investigation-required-no-evidence	none	none	no closed-world evidence
0x0052DC98	0x0052DC98	0x0052DCDE	70	70	investigation-required-no-evidence	none	none	references SRAM globals
0x0052DCDE	0x0052DCDE	0x0052DD1C	62	62	investigation-required-no-evidence	none	none	references SRAM globals
0x0052DD1C	0x0052DD1C	0x0052DD24	8	8	investigation-required-no-evidence	none	none	no closed-world evidence
0x0052DD24	0x0052DD24	0x0052DD58	52	52	investigation-required-no-evidence	none	none	no closed-world evidence
0x0052DD58	0x0052DD58	0x0052DD6A	18	18	investigation-required-no-evidence	none	none	no closed-world evidence
0x0052DD6A	0x0052DD6A	0x0052DD7C	18	18	investigation-required-no-evidence	none	none	no closed-world evidence
0x0052DD7C	0x0052DD7C	0x0052DD94	24	24	investigation-required-no-evidence	none	none	no closed-world evidence
0x0052DD94	0x0052DD94	0x0052DEE6	338	338	investigation-required-no-evidence	none	none	no closed-world evidence
0x0052DEE6	0x0052DEE6	0x0052DEEE	8	8	investigation-required-no-evidence	none	none	no closed-world evidence
0x0052DEEE	0x0052DEEE	0x0052DF12	36	36	investigation-required-no-evidence	none	none	no closed-world evidence
0x0052DF12	0x0052DF12	0x0052DF50	62	62	investigation-required-no-evidence	none	none	no closed-world evidence
0x0052DF50	0x0052DF50	0x0052E058	264	264	nanopb	call-topology-single-family	medium	every closed-world call target is nanopb
0x0052E058	0x0052E058	0x0052E072	26	26	nanopb	call-topology-single-family	medium	every closed-world call target is nanopb
0x0052E072	0x0052E072	0x0052E0A2	48	48	investigation-required-no-evidence	none	none	no closed-world evidence
0x0052E0A2	0x0052E0A2	0x0052E0D2	48	48	investigation-required-no-evidence	none	none	no closed-world evidence
0x0052E0D2	0x0052E0D2	0x0052E1EA	280	280	investigation-required-no-evidence	none	none	no closed-world evidence
0x0052E1EA	0x0052E1EA	0x0052E49A	688	688	investigation-required-no-evidence	none	none	no closed-world evidence
0x0052E49A	0x0052E49A	0x0052E4B4	26	26	investigation-required-no-evidence	none	none	no closed-world evidence
0x0052E4B4	0x0052E4B4	0x0052E5CE	282	282	investigation-required-mixed	call-topology-mixed	none	call targets span first-party|nanopb
0x0052E5CE	0x0052E5CE	0x0052E5F2	36	36	investigation-required-no-evidence	none	none	no closed-world evidence
0x0052E5F2	0x0052E5F2	0x0052E612	32	32	investigation-required-no-evidence	none	none	no closed-world evidence
0x0052E612	0x0052E612	0x0052E6A2	144	144	nanopb	call-topology-single-family	medium	every closed-world call target is nanopb
0x0052E6AC	0x0052E6AC	0x0052E782	214	214	first-party	call-topology-single-family	medium	every closed-world call target is first-party
0x0052E788	0x0052E788	0x0052E7BA	50	50	investigation-required-no-evidence	none	none	no closed-world evidence
0x0052E7C0	0x0052E7C0	0x0052E84C	140	140	investigation-required-no-evidence	none	none	no closed-world evidence
0x0052E854	0x0052E854	0x0052E8A2	78	78	nanopb	call-topology-single-family	medium	every closed-world call target is nanopb
0x0052E8A4	0x0052E8A4	0x0052E8BE	26	26	nanopb	call-topology-single-family	medium	every closed-world call target is nanopb
0x0052E8BE	0x0052E8BE	0x0052E936	120	120	first-party	call-topology-single-family	medium	every closed-world call target is first-party
0x0052E948	0x0052E948	0x0052E9B4	108	108	first-party	call-topology-single-family	medium	every closed-world call target is first-party
0x0052E9B4	0x0052E9B4	0x0052EA1C	104	104	first-party	call-topology-single-family	medium	every closed-world call target is first-party
0x0052EA28	0x0052EA28	0x0052EAE6	190	190	first-party	call-topology-single-family	medium	every closed-world call target is first-party
0x0052EAF8	0x0052EAF8	0x0052EB9E	166	166	first-party	call-topology-single-family	medium	every closed-world call target is first-party
0x0052EBA8	0x0052EBA8	0x0052EBCA	34	34	investigation-required-no-evidence	none	none	no closed-world evidence
0x0052EBCA	0x0052EBCA	0x0052EC7E	180	180	investigation-required-no-evidence	none	none	no closed-world evidence
0x0052EC84	0x0052EC84	0x0052ED30	172	172	investigation-required-no-evidence	none	none	no closed-world evidence
0x0052ED34	0x0052ED34	0x0052EDD8	164	164	investigation-required-no-evidence	none	none	no closed-world evidence
0x0052EDD8	0x0052EDD8	0x0052EDE0	8	8	investigation-required-no-evidence	none	none	no closed-world evidence
0x0052EDF0	0x0052EDF0	0x0052EECE	222	222	investigation-required-no-evidence	none	none	no closed-world evidence
0x0052EECE	0x0052EECE	0x0052EEEA	28	28	investigation-required-no-evidence	none	none	no closed-world evidence
0x0052EEEA	0x0052EEEA	0x0052EEFA	16	16	investigation-required-no-evidence	none	none	no closed-world evidence
0x0052EEFA	0x0052EEFA	0x0052EF74	122	122	investigation-required-no-evidence	none	none	no closed-world evidence
0x0052EF74	0x0052EF74	0x0052EFBA	70	70	first-party	call-topology-single-family	medium	every closed-world call target is first-party
0x0052EFBA	0x0052EFBA	0x0052EFEC	50	50	first-party	call-topology-single-family	medium	every closed-world call target is first-party
0x0052EFEC	0x0052EFEC	0x0052F08E	162	162	first-party	call-topology-single-family	medium	every closed-world call target is first-party
0x0052F094	0x0052F094	0x0052F0DA	70	70	first-party	call-topology-single-family	medium	every closed-world call target is first-party
0x0052F0F8	0x0052F0F8	0x0052F1F8	256	256	investigation-required-no-evidence	none	none	no closed-world evidence
0x0052F38C	0x0052F38C	0x0052F3A0	20	20	first-party	call-topology-single-family	medium	every closed-world call target is first-party
0x0052F3A0	0x0052F3A0	0x0052F3DE	62	62	investigation-required-no-evidence	none	none	no closed-world evidence
0x0052F3F8	0x0052F3F8	0x0052F442	74	74	first-party	call-topology-single-family	medium	every closed-world call target is first-party
0x0052F86A	0x0052F86A	0x0052F87C	18	18	first-party	closed-module-manifest	high	function-map manifest g2-service-em9305-dfu
0x0053006C	0x0053006C	0x00530084	24	24	investigation-required-no-evidence	none	none	no closed-world evidence
0x00530084	0x00530084	0x005300E2	94	0	investigation-required-no-evidence	none	none	no closed-world evidence
0x005300E2	0x005300E2	0x0053013C	90	0	investigation-required-no-evidence	none	none	no closed-world evidence
0x0053013C	0x0053013C	0x00530166	42	42	ambiqsuite	closed-module-manifest	high	function-map manifest ambiq-cordio-hci-tr
0x00530166	0x00530166	0x00530186	32	32	ambiqsuite	closed-module-manifest	high	function-map manifest ambiq-cordio-hci-tr
0x00530186	0x00530186	0x00530348	450	450	ambiqsuite	closed-module-manifest	high	function-map manifest ambiq-cordio-hci-tr
0x005304D4	0x005304D4	0x00530512	62	62	ambiqsuite	closed-module-manifest	high	function-map manifest ambiqsuite-cordio-wsf-buf
0x00530AE0	0x00530AE0	0x00530B28	72	72	cordio	closed-module-manifest	high	function-map manifest packetcraft-cordio-l2c-main
0x00530B28	0x00530B28	0x00530B34	12	12	cordio	closed-module-manifest	high	function-map manifest packetcraft-cordio-l2c-main
0x00530BBC	0x00530BBC	0x00530BFE	66	66	cordio	closed-module-manifest	high	function-map manifest packetcraft-cordio-l2c-main
0x00530C08	0x00530C08	0x00530C88	128	128	ambiqsuite	closed-module-manifest	high	function-map manifest ambiq-cordio-hci-core-ps
0x00530C88	0x00530C88	0x00530CB2	42	42	ambiqsuite	closed-module-manifest	high	function-map manifest ambiq-cordio-hci-core-ps
0x00530CB2	0x00530CB2	0x00530D30	126	126	ambiqsuite	closed-module-manifest	high	function-map manifest ambiq-cordio-hci-core-ps
0x00530D30	0x00530D30	0x00530D34	4	4	ambiqsuite	closed-module-manifest	high	function-map manifest ambiq-cordio-hci-core-ps
0x00530D34	0x00530D34	0x00530D3C	8	8	ambiqsuite	closed-module-manifest	high	function-map manifest ambiq-cordio-hci-core-ps
0x00530D3C	0x00530D3C	0x00530D4C	16	16	ambiqsuite	closed-module-manifest	high	function-map manifest ambiq-cordio-hci-core-ps
0x00530D4C	0x00530D4C	0x00530D54	8	8	ambiqsuite	closed-module-manifest	high	function-map manifest ambiq-cordio-hci-core-ps
0x00530D54	0x00530D54	0x00530D68	20	20	ambiqsuite	closed-module-manifest	high	function-map manifest ambiq-cordio-hci-core-ps
0x00530D74	0x00530D74	0x00530DBE	74	74	cordio	closed-module-manifest	high	function-map manifest packetcraft-cordio-attc-main
0x00530DBE	0x00530DBE	0x00530DE6	40	40	cordio	closed-module-manifest	high	function-map manifest packetcraft-cordio-attc-main
0x00530DE6	0x00530DE6	0x00530E30	74	74	cordio	closed-module-manifest	high	function-map manifest packetcraft-cordio-attc-main
0x00530E30	0x00530E30	0x00530E64	52	52	cordio	closed-module-manifest	high	function-map manifest packetcraft-cordio-attc-main
0x00531144	0x00531144	0x00531154	16	16	cordio	closed-module-manifest	high	function-map manifest packetcraft-cordio-attc-main
0x00531160	0x00531160	0x0053119C	60	60	cordio	closed-module-manifest	high	function-map manifest packetcraft-cordio-attc-main
0x00531A7C	0x00531A7C	0x00531AAA	46	46	cordio	closed-module-manifest	high	function-map manifest packetcraft-cordio-attc-main
0x00531AC0	0x00531AC0	0x00531AD6	22	22	cordio	closed-module-manifest	high	function-map manifest packetcraft-cordio-attc-main
0x00531AD6	0x00531AD6	0x00531AF2	28	28	cordio	closed-module-manifest	high	function-map manifest packetcraft-cordio-attc-main
0x00531AF2	0x00531AF2	0x00531B16	36	36	cordio	closed-module-manifest	high	function-map manifest packetcraft-cordio-attc-main
0x005320C2	0x005320C2	0x00532124	98	98	cordio	call-topology-single-family	medium	every closed-world call target is cordio
0x00532124	0x00532124	0x0053216E	74	74	investigation-required-mixed	call-topology-mixed	none	call targets span ambiqsuite|cordio
0x00532174	0x00532174	0x00532236	194	194	cordio	call-topology-single-family	medium	every closed-world call target is cordio
0x0053223C	0x0053223C	0x0053228E	82	82	cordio	call-topology-single-family	medium	every closed-world call target is cordio
0x0053228E	0x0053228E	0x005322B8	42	42	cordio	call-topology-single-family	medium	every closed-world call target is cordio
0x005322BC	0x005322BC	0x005322F6	58	58	cordio	link-order-sandwich	low	bracketed in link order by cordio
0x00532E52	0x00532E52	0x00532E7C	42	42	cordio	link-order-sandwich	low	bracketed in link order by cordio
0x00533630	0x00533630	0x005336C0	144	144	cordio	call-topology-single-family	medium	every closed-world call target is cordio
0x005338AC	0x005338AC	0x0053390E	98	98	cordio	closed-module-manifest	high	function-map manifest packetcraft-cordio-atts-ind
0x0053390E	0x0053390E	0x00533934	38	38	cordio	closed-module-manifest	high	function-map manifest packetcraft-cordio-atts-ind
0x00533934	0x00533934	0x0053394C	24	24	cordio	closed-module-manifest	high	function-map manifest packetcraft-cordio-atts-ind
0x0053394C	0x0053394C	0x005339AC	96	96	cordio	closed-module-manifest	high	function-map manifest packetcraft-cordio-atts-ind
0x005339AC	0x005339AC	0x00533A40	148	148	cordio	closed-module-manifest	high	function-map manifest packetcraft-cordio-atts-ind
0x00533C6C	0x00533C6C	0x00533DD2	358	358	cordio	closed-module-manifest	high	function-map manifest packetcraft-cordio-atts-ind
0x00533EBC	0x00533EBC	0x00533ED8	28	28	cordio	closed-module-manifest	high	function-map manifest packetcraft-cordio-atts-ind
0x00533ED8	0x00533ED8	0x00533EF4	28	28	cordio	closed-module-manifest	high	function-map manifest packetcraft-cordio-atts-ind
0x0053456C	0x0053456C	0x005345AA	62	62	cordio	call-topology-single-family	medium	every closed-world call target is cordio
0x0053480C	0x0053480C	0x0053482C	32	32	cordio	link-order-sandwich	low	bracketed in link order by cordio
0x0053484C	0x0053484C	0x00534866	26	26	cordio	call-topology-single-family	medium	every closed-world call target is cordio
0x00534866	0x00534866	0x00534870	10	10	cordio	call-topology-single-family	medium	every closed-world call target is cordio
0x005348EC	0x005348EC	0x005348FC	16	16	cordio	closed-module-manifest	high	function-map manifest packetcraft-cordio-dm-sec-lesc
0x005348FC	0x005348FC	0x0053490C	16	16	cordio	closed-module-manifest	high	function-map manifest packetcraft-cordio-dm-sec-lesc
0x00534910	0x00534910	0x00534948	56	56	cordio	closed-module-manifest	high	function-map manifest packetcraft-cordio-dm-sec-lesc
0x00534948	0x00534948	0x0053496A	34	34	cordio	closed-module-manifest	high	function-map manifest packetcraft-cordio-dm-sec-lesc
0x00534C9A	0x00534C9A	0x00534CDE	68	68	cordio	closed-module-manifest	high	function-map manifest packetcraft-cordio-atts-main
0x00534CDE	0x00534CDE	0x00534D06	40	40	cordio	closed-module-manifest	high	function-map manifest packetcraft-cordio-atts-main
0x00534D06	0x00534D06	0x00534D46	64	64	cordio	closed-module-manifest	high	function-map manifest packetcraft-cordio-atts-main
0x00534D46	0x00534D46	0x00534DD0	138	138	cordio	closed-module-manifest	high	function-map manifest packetcraft-cordio-atts-main
0x00534DD8	0x00534DD8	0x00534EA8	208	208	cordio	closed-module-manifest	high	function-map manifest packetcraft-cordio-atts-main
0x00534EA8	0x00534EA8	0x00534F0E	102	102	cordio	closed-module-manifest	high	function-map manifest packetcraft-cordio-atts-main
0x005351A8	0x005351A8	0x005351D6	46	46	cordio	closed-module-manifest	high	function-map manifest packetcraft-cordio-atts-main
0x0053525C	0x0053525C	0x00535276	26	26	cordio	closed-module-manifest	high	function-map manifest packetcraft-cordio-atts-main
0x0053527C	0x0053527C	0x005353AE	306	306	cordio	closed-module-manifest	high	function-map manifest packetcraft-cordio-atts-main
0x005353AE	0x005353AE	0x005353E8	58	58	cordio	closed-module-manifest	high	function-map manifest packetcraft-cordio-atts-main
0x005353E8	0x005353E8	0x00535440	88	88	cordio	closed-module-manifest	high	function-map manifest packetcraft-cordio-atts-main
0x00535488	0x00535488	0x005354C2	58	58	investigation-required-no-evidence	none	none	no closed-world evidence
0x0053634E	0x0053634E	0x005363AE	96	96	ambiqsuite	call-topology-single-family	medium	every closed-world call target is ambiqsuite
0x005363AE	0x005363AE	0x005363E4	54	54	investigation-required-mixed	call-topology-mixed	none	call targets span ambiqsuite|cordio
0x005363FC	0x005363FC	0x00536426	42	42	investigation-required-no-evidence	none	none	no closed-world evidence
0x00536426	0x00536426	0x00536470	74	74	investigation-required-mixed	call-topology-mixed	none	call targets span ambiqsuite|cordio
0x00536470	0x00536470	0x0053648E	30	30	cordio	call-topology-single-family	medium	every closed-world call target is cordio
0x0053653A	0x0053653A	0x0053655C	34	34	investigation-required-no-evidence	none	none	no closed-world evidence
0x0053665C	0x0053665C	0x005366CC	112	112	cordio	call-topology-single-family	medium	every closed-world call target is cordio
0x0053673E	0x0053673E	0x00536774	54	54	investigation-required-mixed	call-topology-mixed	none	call targets span ambiqsuite|cordio
0x00536774	0x00536774	0x005367CA	86	86	investigation-required-mixed	call-topology-mixed	none	call targets span ambiqsuite|cordio
0x005367E4	0x005367E4	0x005367EA	6	6	investigation-required-no-evidence	none	none	no closed-world evidence
0x00536896	0x00536896	0x005368AE	24	24	ambiqsuite	call-topology-single-family	medium	every closed-world call target is ambiqsuite
0x005368B6	0x005368B6	0x00536918	98	98	cordio	call-topology-single-family	medium	every closed-world call target is cordio
0x00536918	0x00536918	0x0053694C	52	52	ambiqsuite	call-topology-single-family	medium	every closed-world call target is ambiqsuite
0x005369D8	0x005369D8	0x005369EA	18	18	investigation-required-no-evidence	none	none	no closed-world evidence
0x00536A00	0x00536A00	0x00536A14	20	20	investigation-required-no-evidence	none	none	no closed-world evidence
0x00536A28	0x00536A28	0x00536A86	94	94	cordio	closed-module-manifest	high	function-map manifest packetcraft-cordio-dm-conn-master-leg
0x00536EA4	0x00536EA4	0x00536F6A	198	198	cordio	closed-module-manifest	high	function-map manifest packetcraft-cordio-l2c-slave
0x00537230	0x00537230	0x00537278	72	72	cordio	closed-module-manifest	high	function-map manifest packetcraft-cordio-l2c-master
0x0053749C	0x0053749C	0x00537502	102	102	cordio	closed-module-manifest	high	function-map manifest packetcraft-cordio-smp-main
0x00537502	0x00537502	0x005375C8	198	198	cordio	closed-module-manifest	high	function-map manifest packetcraft-cordio-smp-main
0x005375C8	0x005375C8	0x005375EE	38	38	cordio	closed-module-manifest	high	function-map manifest packetcraft-cordio-smp-main
0x00537742	0x00537742	0x00537862	288	288	cordio	closed-module-manifest	high	function-map manifest packetcraft-cordio-smp-main
0x0053786C	0x0053786C	0x00537998	300	300	cordio	closed-module-manifest	high	function-map manifest packetcraft-cordio-smp-main
0x00537998	0x00537998	0x005379F0	88	88	cordio	closed-module-manifest	high	function-map manifest packetcraft-cordio-smp-main
0x005379F4	0x005379F4	0x00537A5A	102	102	cordio	closed-module-manifest	high	function-map manifest packetcraft-cordio-smp-main
0x00537BB8	0x00537BB8	0x00537BCA	18	18	cordio	closed-module-manifest	high	function-map manifest packetcraft-cordio-smp-main
0x00537BCA	0x00537BCA	0x00537BD6	12	12	cordio	closed-module-manifest	high	function-map manifest packetcraft-cordio-smp-main
0x00537BD6	0x00537BD6	0x00537BE6	16	16	cordio	closed-module-manifest	high	function-map manifest packetcraft-cordio-smp-main
0x00537BE6	0x00537BE6	0x00537C00	26	26	cordio	closed-module-manifest	high	function-map manifest packetcraft-cordio-smp-main
0x00537C00	0x00537C00	0x00537C30	48	48	cordio	closed-module-manifest	high	function-map manifest packetcraft-cordio-smp-main
0x00537C30	0x00537C30	0x00537C4C	28	28	cordio	closed-module-manifest	high	function-map manifest packetcraft-cordio-smp-main
0x00537C4C	0x00537C4C	0x00537CB2	102	102	cordio	closed-module-manifest	high	function-map manifest packetcraft-cordio-smp-main
0x00537F24	0x00537F24	0x00538038	276	276	cordio	closed-module-manifest	high	function-map manifest packetcraft-cordio-smp-sc-sm
0x00538114	0x00538114	0x00538236	290	290	cordio	closed-module-manifest	high	function-map manifest packetcraft-cordio-smp-sc-sm
0x0053835C	0x0053835C	0x0053835E	2	2	first-party	closed-module-manifest	high	function-map manifest g2-thread-ble-production
0x0053835E	0x0053835E	0x005383A8	74	74	first-party	closed-module-manifest	high	function-map manifest g2-thread-ble-production
0x005383A8	0x005383A8	0x005383AA	2	2	first-party	closed-module-manifest	high	function-map manifest g2-thread-ble-production
0x005383AA	0x005383AA	0x005383B4	10	10	first-party	closed-module-manifest	high	function-map manifest g2-thread-ble-production
0x005383B4	0x005383B4	0x005383BE	10	10	first-party	closed-module-manifest	high	function-map manifest g2-thread-ble-production
0x00538C24	0x00538C24	0x00538C4A	38	38	ambiqsuite	closed-module-manifest	high	function-map manifest ambiqsuite-cordio-wsf-queue
0x00538C4A	0x00538C4A	0x00538C6E	36	36	ambiqsuite	closed-module-manifest	high	function-map manifest ambiqsuite-cordio-wsf-queue
0x00538C6E	0x00538C6E	0x00538C8C	30	30	ambiqsuite	closed-module-manifest	high	function-map manifest ambiqsuite-cordio-wsf-queue
0x00538C8C	0x00538C8C	0x00538CC8	60	60	ambiqsuite	closed-module-manifest	high	function-map manifest ambiqsuite-cordio-wsf-queue
0x00538CC8	0x00538CC8	0x00538CF6	46	46	ambiqsuite	closed-module-manifest	high	function-map manifest ambiqsuite-cordio-wsf-queue
0x00538CF6	0x00538CF6	0x00538D16	32	32	ambiqsuite	closed-module-manifest	high	function-map manifest ambiqsuite-cordio-wsf-queue
0x00538D18	0x00538D18	0x00538D58	64	64	investigation-required-no-evidence	none	none	no closed-world evidence
0x00538D58	0x00538D58	0x00538E3C	228	228	investigation-required-no-evidence	none	none	no closed-world evidence
0x00538E3C	0x00538E3C	0x00538E8C	80	80	investigation-required-no-evidence	none	none	no closed-world evidence
0x00538E8C	0x00538E8C	0x00538ECE	66	66	investigation-required-no-evidence	none	none	no closed-world evidence
0x00538ECE	0x00538ECE	0x00538F82	180	180	investigation-required-no-evidence	none	none	no closed-world evidence
0x00538F82	0x00538F82	0x00538FB4	50	50	investigation-required-no-evidence	none	none	no closed-world evidence
0x00538FB4	0x00538FB4	0x0053901A	102	102	investigation-required-no-evidence	none	none	no closed-world evidence
0x0053901A	0x0053901A	0x0053909A	128	128	investigation-required-no-evidence	none	none	no closed-world evidence
0x0053909A	0x0053909A	0x005390FC	98	98	investigation-required-no-evidence	none	none	no closed-world evidence
0x005390FC	0x005390FC	0x0053916E	114	114	investigation-required-no-evidence	none	none	no closed-world evidence
0x0053916E	0x0053916E	0x005391D6	104	104	investigation-required-no-evidence	none	none	no closed-world evidence
0x005391D6	0x005391D6	0x00539244	110	110	investigation-required-no-evidence	none	none	no closed-world evidence
0x00539254	0x00539254	0x0053928C	56	56	investigation-required-no-evidence	none	none	no closed-world evidence
0x0053928C	0x0053928C	0x005392AE	34	34	investigation-required-no-evidence	none	none	no closed-world evidence
0x005392AE	0x005392AE	0x005392CE	32	32	investigation-required-no-evidence	none	none	no closed-world evidence
0x005392D4	0x005392D4	0x005392F8	36	36	investigation-required-no-evidence	none	none	references SRAM globals
0x005392F8	0x005392F8	0x00539302	10	10	investigation-required-no-evidence	none	none	no closed-world evidence
0x00539304	0x00539304	0x00539340	60	60	investigation-required-no-evidence	none	none	no closed-world evidence
0x00539348	0x00539348	0x00539352	10	10	investigation-required-no-evidence	none	none	no closed-world evidence
0x00539352	0x00539352	0x0053935C	10	10	investigation-required-no-evidence	none	none	no closed-world evidence
0x0053935C	0x0053935C	0x00539372	22	22	investigation-required-no-evidence	none	none	no closed-world evidence
0x00539372	0x00539372	0x0053937C	10	10	investigation-required-no-evidence	none	none	no closed-world evidence
0x0053937C	0x0053937C	0x005393E6	106	106	investigation-required-no-evidence	none	none	no closed-world evidence
0x005393E8	0x005393E8	0x005394E0	248	248	investigation-required-no-evidence	none	none	no closed-world evidence
0x005394E0	0x005394E0	0x0053959E	190	190	investigation-required-no-evidence	none	none	no closed-world evidence
0x005395A0	0x005395A0	0x00539666	198	198	investigation-required-no-evidence	none	none	no closed-world evidence
0x00539674	0x00539674	0x00539780	268	268	investigation-required-no-evidence	none	none	no closed-world evidence
0x00539794	0x00539794	0x005398E0	332	332	investigation-required-no-evidence	none	none	no closed-world evidence
0x005398E0	0x005398E0	0x0053993C	92	92	investigation-required-no-evidence	none	none	no closed-world evidence
0x00539944	0x00539944	0x00539994	80	80	investigation-required-no-evidence	none	none	no closed-world evidence
0x00539994	0x00539994	0x00539A10	124	124	investigation-required-no-evidence	none	none	references SRAM globals
0x00539A10	0x00539A10	0x00539A40	48	48	investigation-required-no-evidence	none	none	no closed-world evidence
0x00539A40	0x00539A40	0x00539B56	278	278	investigation-required-no-evidence	none	none	no closed-world evidence
0x00539B56	0x00539B56	0x00539BBC	102	102	investigation-required-no-evidence	none	none	no closed-world evidence
0x00539BBC	0x00539BBC	0x00539C9A	222	222	investigation-required-no-evidence	none	none	no closed-world evidence
0x00539C9A	0x00539C9A	0x00539D76	220	220	investigation-required-no-evidence	none	none	no closed-world evidence
0x00539DEA	0x00539DEA	0x00539E48	94	94	cordio	closed-module-manifest	high	function-map manifest packetcraft-cordio-attc-write
0x00539E48	0x00539E48	0x00539E92	74	74	cordio	closed-module-manifest	high	function-map manifest cordio-hci-cmd-phy
0x0053A414	0x0053A414	0x0053A430	28	28	investigation-required-no-evidence	none	none	no closed-world evidence
0x0053A430	0x0053A430	0x0053A454	36	36	investigation-required-no-evidence	none	none	no closed-world evidence
0x0053A454	0x0053A454	0x0053A590	316	316	first-party	call-topology-single-family	medium	every closed-world call target is first-party
0x0053A590	0x0053A590	0x0053A5BE	46	46	investigation-required-no-evidence	none	none	no closed-world evidence
0x0053A5BE	0x0053A5BE	0x0053A5E0	34	34	investigation-required-no-evidence	none	none	no closed-world evidence
0x0053A5E0	0x0053A5E0	0x0053A606	38	38	investigation-required-no-evidence	none	none	no closed-world evidence
0x0053A606	0x0053A606	0x0053A62C	38	38	investigation-required-no-evidence	none	none	no closed-world evidence
0x0053A62C	0x0053A62C	0x0053A652	38	38	investigation-required-no-evidence	none	none	no closed-world evidence
0x0053A670	0x0053A670	0x0053A694	36	36	first-party	closed-module-manifest	high	function-map manifest g2-chg-bq25180
0x0053A694	0x0053A694	0x0053A6B6	34	34	first-party	closed-module-manifest	high	function-map manifest g2-chg-bq25180
0x0053A6B6	0x0053A6B6	0x0053A6E8	50	50	first-party	closed-module-manifest	high	function-map manifest g2-chg-bq25180
0x0053A6E8	0x0053A6E8	0x0053A7C0	216	216	first-party	closed-module-manifest	high	function-map manifest g2-chg-bq25180
0x0053A7C0	0x0053A7C0	0x0053A7CC	12	12	first-party	closed-module-manifest	high	function-map manifest g2-chg-bq25180
0x0053AA84	0x0053AA84	0x0053AAA0	28	28	first-party	closed-module-manifest	high	function-map manifest g2-chg-bq25180
0x0053AAA0	0x0053AAA0	0x0053AAB2	18	18	first-party	closed-module-manifest	high	function-map manifest g2-chg-bq25180
0x0053AAB2	0x0053AAB2	0x0053AAC4	18	18	first-party	closed-module-manifest	high	function-map manifest g2-chg-bq25180
0x0053AAC4	0x0053AAC4	0x0053AAD6	18	18	first-party	closed-module-manifest	high	function-map manifest g2-chg-bq25180
0x0053AB50	0x0053AB50	0x0053AB62	18	18	first-party	closed-module-manifest	high	function-map manifest g2-chg-bq25180
0x0053AC20	0x0053AC20	0x0053AC3E	30	30	first-party	closed-module-manifest	high	function-map manifest g2-chg-bq25180
0x0053AC3E	0x0053AC3E	0x0053AC5C	30	30	first-party	closed-module-manifest	high	function-map manifest g2-chg-bq25180
0x0053ACE2	0x0053ACE2	0x0053AD14	50	50	first-party	closed-module-manifest	high	function-map manifest g2-chg-bq25180
0x0053AD14	0x0053AD14	0x0053AD26	18	18	first-party	closed-module-manifest	high	function-map manifest g2-chg-bq25180
0x0053AD26	0x0053AD26	0x0053AD42	28	28	first-party	closed-module-manifest	high	function-map manifest g2-chg-bq25180
0x0053AD42	0x0053AD42	0x0053ADB0	110	110	first-party	closed-module-manifest	high	function-map manifest g2-chg-bq25180
0x0053ADB0	0x0053ADB0	0x0053ADC2	18	18	first-party	closed-module-manifest	high	function-map manifest g2-chg-bq25180
0x0053ADC2	0x0053ADC2	0x0053ADD4	18	18	first-party	closed-module-manifest	high	function-map manifest g2-chg-bq25180
0x0053ADD4	0x0053ADD4	0x0053ADE6	18	18	first-party	closed-module-manifest	high	function-map manifest g2-chg-bq25180
0x0053ADE6	0x0053ADE6	0x0053AE66	128	128	first-party	closed-module-manifest	high	function-map manifest g2-chg-bq25180
0x0053AE66	0x0053AE66	0x0053AE7E	24	24	first-party	closed-module-manifest	high	function-map manifest g2-chg-bq25180
0x0053AFC0	0x0053AFC0	0x0053B032	114	114	first-party	closed-module-manifest	high	function-map manifest g2-chg-bq27427
0x0053B032	0x0053B032	0x0053B076	68	68	first-party	closed-module-manifest	high	function-map manifest g2-chg-bq27427
0x0053B076	0x0053B076	0x0053B08E	24	24	first-party	closed-module-manifest	high	function-map manifest g2-chg-bq27427
0x0053B2D8	0x0053B2D8	0x0053B2E2	10	10	first-party	closed-module-manifest	high	function-map manifest g2-chg-bq27427
0x0053B2E2	0x0053B2E2	0x0053B2EC	10	10	first-party	closed-module-manifest	high	function-map manifest g2-chg-bq27427
0x0053B2EC	0x0053B2EC	0x0053B2F6	10	10	first-party	closed-module-manifest	high	function-map manifest g2-chg-bq27427
0x0053B2F6	0x0053B2F6	0x0053B300	10	10	first-party	closed-module-manifest	high	function-map manifest g2-chg-bq27427
0x0053B3B8	0x0053B3B8	0x0053B3C2	10	10	first-party	closed-module-manifest	high	function-map manifest g2-chg-bq27427
0x0053B3C2	0x0053B3C2	0x0053B3CC	10	10	first-party	closed-module-manifest	high	function-map manifest g2-chg-bq27427
0x0053B3CC	0x0053B3CC	0x0053B3D6	10	10	first-party	closed-module-manifest	high	function-map manifest g2-chg-bq27427
0x0053B3D6	0x0053B3D6	0x0053B3E0	10	10	first-party	closed-module-manifest	high	function-map manifest g2-chg-bq27427
0x0053B3E0	0x0053B3E0	0x0053B3EA	10	10	first-party	closed-module-manifest	high	function-map manifest g2-chg-bq27427
0x0053B3EA	0x0053B3EA	0x0053B3F4	10	10	first-party	closed-module-manifest	high	function-map manifest g2-chg-bq27427
0x0053BA16	0x0053BA16	0x0053BA32	28	28	first-party	closed-module-manifest	high	function-map manifest g2-chg-bq27427
0x0053BB8C	0x0053BB8C	0x0053BCDA	334	334	first-party	closed-module-manifest	high	function-map manifest g2-chg-bq27427
0x0053C0F4	0x0053C0F4	0x0053C0FE	10	10	first-party	closed-module-manifest	high	function-map manifest g2-chg-bq27427
0x0053C2A4	0x0053C2A4	0x0053C2BE	26	26	first-party	call-topology-single-family	medium	every closed-world call target is first-party
0x0053C6B2	0x0053C6B2	0x0053C6D2	32	32	first-party	closed-module-manifest	high	function-map manifest g2-thread-audio
0x0053C6D2	0x0053C6D2	0x0053C6F2	32	32	first-party	closed-module-manifest	high	function-map manifest g2-thread-audio
0x0053C776	0x0053C776	0x0053C7B0	58	58	first-party	closed-module-manifest	high	function-map manifest g2-thread-audio
0x0053C9FA	0x0053C9FA	0x0053CA10	22	22	first-party	closed-module-manifest	high	function-map manifest g2-thread-audio
0x0053CA10	0x0053CA10	0x0053CA32	34	34	first-party	closed-module-manifest	high	function-map manifest g2-thread-audio
0x0053CA32	0x0053CA32	0x0053CA54	34	34	first-party	closed-module-manifest	high	function-map manifest g2-thread-audio
0x0053CC8C	0x0053CC8C	0x0053CCA6	26	26	first-party	closed-module-manifest	high	function-map manifest g2-thread-audio
0x0053CD40	0x0053CD40	0x0053CD62	34	34	first-party	closed-module-manifest	high	function-map manifest g2-thread-audio
0x0053CD62	0x0053CD62	0x0053CD8C	42	42	first-party	closed-module-manifest	high	function-map manifest g2-thread-audio
0x0053CF78	0x0053CF78	0x0053CF8A	18	18	investigation-required-no-evidence	none	none	no closed-world evidence
0x0053D0B6	0x0053D0B6	0x0053D25A	420	420	investigation-required-mixed	call-topology-mixed	none	call targets span first-party|lvgl
0x0053D5DA	0x0053D5DA	0x0053D65C	130	130	lvgl	link-order-sandwich	low	bracketed in link order by lvgl
0x0053D6CC	0x0053D6CC	0x0053D6D0	4	4	lvgl	link-order-sandwich	low	bracketed in link order by lvgl
0x0053D6D0	0x0053D6D0	0x0053D6DA	10	10	lvgl	call-topology-single-family	medium	every closed-world call target is lvgl
0x0053D6DA	0x0053D6DA	0x0053D6EA	16	16	lvgl	link-order-sandwich	low	bracketed in link order by lvgl
0x0053D6EA	0x0053D6EA	0x0053D706	28	28	lvgl	call-topology-single-family	medium	every closed-world call target is lvgl
0x0053D708	0x0053D708	0x0053D82C	292	292	lvgl	call-topology-single-family	medium	every closed-world call target is lvgl
0x0053DC24	0x0053DC24	0x0053DC36	18	18	lvgl	link-order-sandwich	low	bracketed in link order by lvgl
0x0053DF00	0x0053DF00	0x0053E710	2064	2064	lvgl	link-order-sandwich	low	bracketed in link order by lvgl
0x0053EBBC	0x0053EBBC	0x0053ECF8	316	316	lvgl	link-order-sandwich	low	bracketed in link order by lvgl
0x0053ECFC	0x0053ECFC	0x0053F082	902	902	lvgl	link-order-sandwich	low	bracketed in link order by lvgl
0x0053F400	0x0053F400	0x0053F42A	42	42	lvgl	call-topology-single-family	medium	every closed-world call target is lvgl
0x0053FA94	0x0053FA94	0x0053FAA6	18	18	lvgl	link-order-sandwich	low	bracketed in link order by lvgl
0x0053FAA6	0x0053FAA6	0x0053FABA	20	20	lvgl	link-order-sandwich	low	bracketed in link order by lvgl
0x00540024	0x00540024	0x00540036	18	18	lvgl	link-order-sandwich	low	bracketed in link order by lvgl
0x005409DC	0x005409DC	0x005409EE	18	18	lvgl	link-order-sandwich	low	bracketed in link order by lvgl
0x00540ED0	0x00540ED0	0x00540ED4	4	4	first-party	closed-module-manifest	high	function-map manifest g2-service-db-api
0x005411F2	0x005411F2	0x00541232	64	64	first-party	closed-module-manifest	high	function-map manifest g2-service-db-api
0x00541232	0x00541232	0x00541240	14	14	first-party	closed-module-manifest	high	function-map manifest g2-service-db-api
0x00541240	0x00541240	0x0054125C	28	28	first-party	closed-module-manifest	high	function-map manifest g2-service-db-api
0x005412E0	0x005412E0	0x00541302	34	34	first-party	closed-module-manifest	high	function-map manifest g2-at-core
0x00541430	0x00541430	0x005414BA	138	138	first-party	closed-module-manifest	high	function-map manifest g2-at-core
0x005414BA	0x005414BA	0x0054157A	192	192	first-party	closed-module-manifest	high	function-map manifest g2-at-core
0x005415B4	0x005415B4	0x005415C2	14	14	first-party	link-order-sandwich	low	bracketed in link order by first-party
0x005415C2	0x005415C2	0x005415D8	22	0	first-party	link-order-sandwich	low	bracketed in link order by first-party
0x005415D8	0x005415D8	0x005415E6	14	14	first-party	link-order-sandwich	low	bracketed in link order by first-party
0x0054171C	0x0054171C	0x0054176A	78	78	cmsis-freertos	call-topology-single-family	medium	every closed-world call target is cmsis-freertos
0x00541790	0x00541790	0x005417A4	20	20	first-party	closed-module-manifest	high	function-map manifest g2-uart-sync
0x005417A4	0x005417A4	0x005417C4	32	32	first-party	closed-module-manifest	high	function-map manifest g2-uart-sync
0x005417C4	0x005417C4	0x005417D6	18	18	first-party	closed-module-manifest	high	function-map manifest g2-uart-sync
0x00541AF8	0x00541AF8	0x00541B2C	52	52	investigation-required-no-evidence	none	none	no closed-world evidence
0x00541B30	0x00541B30	0x00541B52	34	34	investigation-required-no-evidence	none	none	no closed-world evidence
0x00541B52	0x00541B52	0x00541B74	34	34	investigation-required-no-evidence	none	none	no closed-world evidence
0x00541B74	0x00541B74	0x00585130	275900	0	rejected-oversized-envelope	analyzer-artifact	high	envelope exceeds the 16,384-byte trust cap; mixed data region
0x00541B7C	0x00541B7C	0x00541B9A	30	30	investigation-required-no-evidence	none	none	no closed-world evidence
0x00541BA8	0x00541BA8	0x00541BBC	20	20	investigation-required-no-evidence	none	none	no closed-world evidence
0x00541BC2	0x00541BBC	0x00541BCA	14	14	investigation-required-no-evidence	none	none	no closed-world evidence
0x00541BCA	0x00541BCA	0x00541BD8	14	14	investigation-required-no-evidence	none	none	no closed-world evidence
0x00541BD8	0x00541BD8	0x00541D84	428	428	first-party	call-topology-single-family	medium	every closed-world call target is first-party
0x00541D84	0x00541D84	0x00541D8A	6	6	investigation-required-no-evidence	none	none	no closed-world evidence
0x00541E2C	0x00541D8C	0x00541E32	166	166	investigation-required-no-evidence	none	none	no closed-world evidence
0x00541E34	0x00541E34	0x00541E50	28	28	cordio	closed-module-manifest	high	function-map manifest packetcraft-cordio-smp-db
0x00541E50	0x00541E50	0x00541E72	34	34	cordio	closed-module-manifest	high	function-map manifest packetcraft-cordio-smp-db
0x00542288	0x00542288	0x005422C0	56	56	cordio	closed-module-manifest	high	function-map manifest packetcraft-cordio-smp-db
0x00542960	0x00542960	0x005429F2	146	146	cordio	closed-module-manifest	high	function-map manifest packetcraft-cordio-smp-db
0x00542A44	0x00542A44	0x00542A52	14	14	investigation-required-no-evidence	none	none	no closed-world evidence
0x00542A52	0x00542A52	0x00542A60	14	14	investigation-required-no-evidence	none	none	no closed-world evidence
0x00542A80	0x00542A80	0x00542C1A	410	410	investigation-required-no-evidence	none	none	no closed-world evidence
0x00542C20	0x00542C20	0x00542D0C	236	236	iar-dlib	call-topology-single-family	medium	every closed-world call target is iar-dlib
0x00542D48	0x00542D44	0x00542D4C	8	8	investigation-required-no-evidence	none	none	no closed-world evidence
0x00543C48	0x00543C48	0x00543CC0	120	120	first-party	link-order-sandwich	low	bracketed in link order by first-party
0x00543CC0	0x00543CC0	0x00543CEC	44	44	first-party	link-order-sandwich	low	bracketed in link order by first-party
0x00543CEC	0x00543CEC	0x00543D0C	32	32	first-party	link-order-sandwich	low	bracketed in link order by first-party
0x00543D0C	0x00543D0C	0x00543D1C	16	16	first-party	link-order-sandwich	low	bracketed in link order by first-party
0x00543D1C	0x00543D1C	0x00543E28	268	268	first-party	link-order-sandwich	low	bracketed in link order by first-party
0x00543E28	0x00543E28	0x00543EE8	192	192	first-party	link-order-sandwich	low	bracketed in link order by first-party
0x00543EE8	0x00543EE8	0x00543F8C	164	164	first-party	link-order-sandwich	low	bracketed in link order by first-party
0x00543F8C	0x00543F8C	0x00544000	116	116	first-party	link-order-sandwich	low	bracketed in link order by first-party
0x00544000	0x00544000	0x0054418E	398	398	first-party	link-order-sandwich	low	bracketed in link order by first-party
0x0054418E	0x0054418E	0x00544374	486	486	first-party	link-order-sandwich	low	bracketed in link order by first-party
0x00544374	0x00544374	0x005443B0	60	60	first-party	link-order-sandwich	low	bracketed in link order by first-party
0x005443B0	0x005443B0	0x0054443A	138	138	first-party	link-order-sandwich	low	bracketed in link order by first-party
0x0054443A	0x0054443A	0x0054447A	64	64	first-party	link-order-sandwich	low	bracketed in link order by first-party
0x0054447A	0x0054447A	0x0054449A	32	32	first-party	link-order-sandwich	low	bracketed in link order by first-party
0x0054449A	0x0054449A	0x005444F4	90	90	first-party	link-order-sandwich	low	bracketed in link order by first-party
0x005444F4	0x005444F4	0x0054454A	86	86	first-party	link-order-sandwich	low	bracketed in link order by first-party
0x0054454A	0x0054454A	0x005445B2	104	104	first-party	link-order-sandwich	low	bracketed in link order by first-party
0x005445B2	0x005445B2	0x005445F2	64	64	first-party	link-order-sandwich	low	bracketed in link order by first-party
0x005445F2	0x005445F2	0x005446B8	198	198	first-party	link-order-sandwich	low	bracketed in link order by first-party
0x005446B8	0x005446B8	0x00544736	126	126	first-party	link-order-sandwich	low	bracketed in link order by first-party
0x00544736	0x00544736	0x005447B6	128	128	first-party	link-order-sandwich	low	bracketed in link order by first-party
0x00544814	0x00544814	0x005448B0	156	156	first-party	link-order-sandwich	low	bracketed in link order by first-party
0x005448B4	0x005448B4	0x005449C0	268	268	first-party	call-topology-single-family	medium	every closed-world call target is first-party
0x005449C0	0x005449C0	0x00544AF2	306	306	first-party	link-order-sandwich	low	bracketed in link order by first-party
0x00544AF2	0x00544AF2	0x00544B6A	120	120	first-party	link-order-sandwich	low	bracketed in link order by first-party
0x00544B78	0x00544B78	0x00544B84	12	12	first-party	link-order-sandwich	low	bracketed in link order by first-party
0x00544B98	0x00544B98	0x00544C78	224	224	first-party	link-order-sandwich	low	bracketed in link order by first-party
0x00544C78	0x00544C78	0x00544CD4	92	92	first-party	link-order-sandwich	low	bracketed in link order by first-party
0x00544CEC	0x00544CEC	0x00544CF6	10	10	first-party	link-order-sandwich	low	bracketed in link order by first-party
0x00544CF6	0x00544CF6	0x00544D60	106	106	first-party	link-order-sandwich	low	bracketed in link order by first-party
0x00544D60	0x00544D60	0x00544F68	520	520	first-party	link-order-sandwich	low	bracketed in link order by first-party
0x00544F6C	0x00544F6C	0x0054503A	206	206	first-party	link-order-sandwich	low	bracketed in link order by first-party
0x0054503A	0x0054503A	0x0054509E	100	100	first-party	link-order-sandwich	low	bracketed in link order by first-party
0x005450A4	0x005450A4	0x0054516C	200	200	first-party	link-order-sandwich	low	bracketed in link order by first-party
0x00545264	0x00545264	0x0054531A	182	182	first-party	link-order-sandwich	low	bracketed in link order by first-party
0x00545320	0x00545320	0x005453FE	222	222	first-party	link-order-sandwich	low	bracketed in link order by first-party
0x005453FE	0x005453FE	0x0054552C	302	302	first-party	link-order-sandwich	low	bracketed in link order by first-party
0x00545588	0x00545588	0x00545594	12	12	first-party	closed-module-manifest	high	function-map manifest g2-navigation-ui
0x00545594	0x00545594	0x005455C6	50	50	first-party	closed-module-manifest	high	function-map manifest g2-navigation-ui
0x005455C6	0x005455C6	0x005455E4	30	30	first-party	closed-module-manifest	high	function-map manifest g2-navigation-ui
0x005456D6	0x005456D6	0x005456F6	32	32	first-party	closed-module-manifest	high	function-map manifest g2-navigation-ui
0x00545868	0x00545868	0x005458A2	58	58	first-party	closed-module-manifest	high	function-map manifest g2-navigation-ui
0x005464B8	0x005464B8	0x00546608	336	336	first-party	closed-module-manifest	high	function-map manifest g2-navigation-ui
0x0054853A	0x0054853A	0x00548542	8	8	first-party	closed-module-manifest	high	function-map manifest g2-navigation-ui
0x00548542	0x00548542	0x0054854A	8	8	first-party	closed-module-manifest	high	function-map manifest g2-navigation-ui
0x0054CBAA	0x0054CBAA	0x0054CC00	86	86	first-party	closed-module-manifest	high	function-map manifest g2-navigation-ui
0x0054CECE	0x0054CECE	0x0054CF2C	94	94	first-party	closed-module-manifest	high	function-map manifest g2-navigation-ui
0x0054D948	0x0054D948	0x0054D97C	52	52	first-party	closed-module-manifest	high	function-map manifest g2-navigation-ui
0x0054D9A4	0x0054D9A4	0x0054DABC	280	280	first-party	closed-module-manifest	high	function-map manifest g2-navigation-ui
0x0054DAD8	0x0054DAD8	0x0054DAEA	18	18	first-party	closed-module-manifest	high	function-map manifest g2-navigation-ui
0x0054DAEA	0x0054DAEA	0x0054DAF4	10	10	first-party	closed-module-manifest	high	function-map manifest g2-navigation-ui
0x0054DAF4	0x0054DAF4	0x0054DB1E	42	42	first-party	closed-module-manifest	high	function-map manifest g2-navigation-ui
0x0054DB30	0x0054DB30	0x0054DBFC	204	204	first-party	closed-module-manifest	high	function-map manifest g2-navigation-ui
0x0054EE18	0x0054EE18	0x0054EE2A	18	18	investigation-required-no-evidence	none	none	no closed-world evidence
0x0054EE2A	0x0054EE2A	0x0054EE3E	20	20	investigation-required-no-evidence	none	none	no closed-world evidence
0x0054EE3E	0x0054EE3E	0x0054EE4E	16	16	investigation-required-no-evidence	none	none	no closed-world evidence
0x0054EE4E	0x0054EE4E	0x0054EE6E	32	32	investigation-required-no-evidence	none	none	no closed-world evidence
0x0054EE6E	0x0054EE6E	0x0054EE8C	30	30	investigation-required-no-evidence	none	none	no closed-world evidence
0x0054EE90	0x0054EE90	0x0054EF06	118	118	lz4	documented-family-evidence	high	docs/upstream-inventory.md LZ4 row: read_variable_length 0x0054EE90, LZ4_decompress_generic 0x0054EF08, LZ4_decompress_safe 0x0054F338
0x0054EF08	0x0054EF08	0x0054F338	1072	1072	lz4	documented-family-evidence	high	docs/upstream-inventory.md LZ4 row: read_variable_length 0x0054EE90, LZ4_decompress_generic 0x0054EF08, LZ4_decompress_safe 0x0054F338
0x0054F338	0x0054F338	0x0054F356	30	0	lz4	documented-family-evidence	high	docs/upstream-inventory.md LZ4 row: read_variable_length 0x0054EE90, LZ4_decompress_generic 0x0054EF08, LZ4_decompress_safe 0x0054F338
0x0054F364	0x0054F364	0x0054F380	28	28	first-party	closed-module-manifest	high	function-map manifest g2-service-audio-manager
0x0054FA24	0x0054FA24	0x0054FA56	50	50	first-party	link-order-sandwich	low	bracketed in link order by first-party
0x0054FA56	0x0054FA56	0x0054FB46	240	240	first-party	link-order-sandwich	low	bracketed in link order by first-party
0x0054FB46	0x0054FB46	0x0054FB82	60	60	first-party	call-topology-single-family	medium	every closed-world call target is first-party
0x0054FB84	0x0054FB84	0x0054FF36	946	946	first-party	call-topology-single-family	medium	every closed-world call target is first-party
0x0054FF36	0x0054FF36	0x0054FF48	18	18	first-party	closed-module-manifest	high	function-map manifest g2-ui-msg-notif-list
0x0054FF48	0x0054FF48	0x0054FF5A	18	18	first-party	closed-module-manifest	high	function-map manifest g2-ui-msg-notif-list
0x0054FF64	0x0054FF64	0x0054FFB4	80	80	first-party	closed-module-manifest	high	function-map manifest g2-ui-msg-notif-list
0x00550334	0x00550334	0x00550432	254	254	first-party	closed-module-manifest	high	function-map manifest g2-ui-msg-notif-list
0x00550694	0x00550694	0x005506EC	88	88	first-party	closed-module-manifest	high	function-map manifest g2-ui-msg-notif-list
0x00550D3C	0x00550D3C	0x00550E2E	242	242	first-party	closed-module-manifest	high	function-map manifest g2-ui-msg-notif-list
0x00550E2E	0x00550E2E	0x00550EB6	136	136	first-party	closed-module-manifest	high	function-map manifest g2-ui-msg-notif-list
0x00550EDA	0x00550EDA	0x00550EF4	26	26	first-party	closed-module-manifest	high	function-map manifest g2-ui-msg-notif-list
0x00550EF4	0x00550EF4	0x00550F7C	136	136	first-party	closed-module-manifest	high	function-map manifest g2-ui-msg-notif-list
0x00550F8C	0x00550F8C	0x00550FF0	100	100	first-party	closed-module-manifest	high	function-map manifest g2-ui-msg-notif-list
0x005511BC	0x005511BC	0x005511CE	18	18	first-party	closed-module-manifest	high	function-map manifest g2-ui-msg-notif-list
0x0055141C	0x0055141C	0x00551432	22	22	first-party	closed-module-manifest	high	function-map manifest g2-ui-msg-notif-list
0x00551432	0x00551432	0x00551448	22	22	first-party	closed-module-manifest	high	function-map manifest g2-ui-msg-notif-list
0x00551448	0x00551448	0x0055145E	22	22	first-party	closed-module-manifest	high	function-map manifest g2-ui-msg-notif-list
0x00551464	0x00551464	0x00551488	36	36	first-party	closed-module-manifest	high	function-map manifest g2-ui-msg-notif-list
0x00551494	0x00551494	0x005514B8	36	36	first-party	closed-module-manifest	high	function-map manifest g2-ui-msg-notif-list
0x005514BC	0x005514BC	0x005514D2	22	22	first-party	closed-module-manifest	high	function-map manifest g2-ui-msg-notif-list
0x00551ABC	0x00551ABC	0x00551E54	920	920	first-party	closed-module-manifest	high	function-map manifest g2-ui-msg-notif-list
0x00551E5C	0x00551E5C	0x00551E9A	62	62	first-party	closed-module-manifest	high	function-map manifest g2-ui-msg-notif-list
0x00552CDC	0x00552CDC	0x00552CE8	12	12	first-party	closed-module-manifest	high	function-map manifest g2-text-stream-service
0x00552CE8	0x00552CE8	0x00552CF4	12	12	first-party	closed-module-manifest	high	function-map manifest g2-text-stream-service
0x00552CF8	0x00552CF8	0x00552D04	12	12	first-party	closed-module-manifest	high	function-map manifest g2-text-stream-service
0x00552D04	0x00552D04	0x00552D10	12	12	first-party	closed-module-manifest	high	function-map manifest g2-text-stream-service
0x00552D10	0x00552D10	0x00552D40	48	48	first-party	closed-module-manifest	high	function-map manifest g2-text-stream-service
0x00552D40	0x00552D40	0x00552D74	52	52	first-party	closed-module-manifest	high	function-map manifest g2-text-stream-service
0x00553274	0x00553274	0x005532F8	132	132	first-party	closed-module-manifest	high	function-map manifest g2-text-stream-service
0x0055389A	0x0055389A	0x005538D8	62	62	first-party	closed-module-manifest	high	function-map manifest g2-even-ai-animation
0x00554080	0x00554080	0x005540B2	50	50	first-party	link-order-sandwich	low	bracketed in link order by first-party
0x005540B2	0x005540B2	0x005540BC	10	10	first-party	link-order-sandwich	low	bracketed in link order by first-party
0x005540BC	0x005540BC	0x005540D6	26	26	first-party	link-order-sandwich	low	bracketed in link order by first-party
0x005540D6	0x005540D6	0x005540F0	26	26	first-party	link-order-sandwich	low	bracketed in link order by first-party
0x0055468C	0x0055468C	0x005546BE	50	50	first-party	closed-module-manifest	high	function-map manifest g2-teleprompt-ui
0x005548C4	0x005548C4	0x00554968	164	164	first-party	closed-module-manifest	high	function-map manifest g2-teleprompt-ui
0x00554968	0x00554968	0x005549E6	126	126	first-party	closed-module-manifest	high	function-map manifest g2-teleprompt-ui
0x00555514	0x00555514	0x0055553C	40	40	first-party	closed-module-manifest	high	function-map manifest g2-teleprompt-ui
0x0055553C	0x0055553C	0x00555590	84	84	first-party	closed-module-manifest	high	function-map manifest g2-teleprompt-ui
0x005574B0	0x005574B0	0x005574C2	18	18	investigation-required-no-evidence	none	none	no closed-world evidence
0x005574C2	0x005574C2	0x005574CC	10	10	lvgl	call-topology-single-family	medium	every closed-world call target is lvgl
0x005574CC	0x005574CC	0x005574D6	10	10	lvgl	call-topology-single-family	medium	every closed-world call target is lvgl
0x005574D6	0x005574D6	0x005574E0	10	10	lvgl	call-topology-single-family	medium	every closed-world call target is lvgl
0x005574E0	0x005574E0	0x005574EA	10	10	lvgl	call-topology-single-family	medium	every closed-world call target is lvgl
0x005574EA	0x005574EA	0x005574F4	10	10	lvgl	call-topology-single-family	medium	every closed-world call target is lvgl
0x005574F4	0x005574F4	0x005574FE	10	10	lvgl	call-topology-single-family	medium	every closed-world call target is lvgl
0x005574FE	0x005574FE	0x00557508	10	10	lvgl	call-topology-single-family	medium	every closed-world call target is lvgl
0x00557508	0x00557508	0x00557512	10	10	lvgl	call-topology-single-family	medium	every closed-world call target is lvgl
0x00557512	0x00557512	0x0055751E	12	12	lvgl	call-topology-single-family	medium	every closed-world call target is lvgl
0x0055751E	0x0055751E	0x00557536	24	24	lvgl	call-topology-single-family	medium	every closed-world call target is lvgl
0x00557802	0x00557802	0x00557876	116	116	lvgl	call-topology-single-family	medium	every closed-world call target is lvgl
0x00557890	0x00557890	0x00557E34	1444	1444	lvgl	call-topology-single-family	medium	every closed-world call target is lvgl
0x00557E34	0x00557E34	0x00557EFC	200	200	lvgl	call-topology-single-family	medium	every closed-world call target is lvgl
0x00557F1C	0x00557F1C	0x00557F4A	46	46	lvgl	call-topology-single-family	medium	every closed-world call target is lvgl
0x00557F4A	0x00557F4A	0x00557FEA	160	160	lvgl	call-topology-single-family	medium	every closed-world call target is lvgl
0x0055801C	0x0055801C	0x0055802E	18	18	investigation-required-no-evidence	none	none	no closed-world evidence
0x00558142	0x00558142	0x00558148	6	6	first-party	closed-module-manifest	high	function-map manifest g2-dashboard-layout
0x005597F0	0x005597F0	0x00559836	70	70	first-party	closed-module-manifest	high	function-map manifest g2-health-data-manager
0x00559836	0x00559836	0x00559854	30	30	first-party	closed-module-manifest	high	function-map manifest g2-health-data-manager
0x00559854	0x00559854	0x005598AE	90	90	first-party	closed-module-manifest	high	function-map manifest g2-health-data-manager
0x005598AE	0x005598AE	0x005598C4	22	22	first-party	closed-module-manifest	high	function-map manifest g2-health-data-manager
0x0055B2A4	0x0055B2A4	0x0055B2EC	72	72	first-party	link-order-sandwich	low	bracketed in link order by first-party
0x0055B2EC	0x0055B2EC	0x0055B304	24	24	first-party	closed-module-manifest	high	function-map manifest g2-drv-cy8c4046fni
0x0055B304	0x0055B304	0x0055B31C	24	24	first-party	closed-module-manifest	high	function-map manifest g2-drv-cy8c4046fni
0x0055B340	0x0055B340	0x0055B35A	26	26	first-party	closed-module-manifest	high	function-map manifest g2-drv-cy8c4046fni
0x0055B35A	0x0055B35A	0x0055B374	26	26	first-party	closed-module-manifest	high	function-map manifest g2-drv-cy8c4046fni
0x0055B374	0x0055B374	0x0055B38E	26	26	first-party	closed-module-manifest	high	function-map manifest g2-drv-cy8c4046fni
0x0055B38E	0x0055B38E	0x0055B3A8	26	26	first-party	closed-module-manifest	high	function-map manifest g2-drv-cy8c4046fni
0x0055B3A8	0x0055B3A8	0x0055B3EA	66	66	first-party	closed-module-manifest	high	function-map manifest g2-drv-cy8c4046fni
0x0055B3EA	0x0055B3EA	0x0055B400	22	22	first-party	closed-module-manifest	high	function-map manifest g2-drv-cy8c4046fni
0x0055B5CA	0x0055B5CA	0x0055B5E4	26	26	first-party	closed-module-manifest	high	function-map manifest g2-drv-cy8c4046fni
0x0055B64A	0x0055B64A	0x0055B66A	32	32	first-party	closed-module-manifest	high	function-map manifest g2-drv-cy8c4046fni
0x0055B66A	0x0055B66A	0x0055B676	12	12	first-party	closed-module-manifest	high	function-map manifest g2-drv-cy8c4046fni
0x0055B6A8	0x0055B6A8	0x0055B6DC	52	52	first-party	closed-module-manifest	high	function-map manifest g2-drv-cy8c4046fni
0x0055B6DC	0x0055B6DC	0x0055B730	84	84	first-party	closed-module-manifest	high	function-map manifest g2-drv-cy8c4046fni
0x0055BA70	0x0055BA70	0x0055BAAE	62	62	investigation-required-no-evidence	none	none	no closed-world evidence
0x0055BAAE	0x0055BAAE	0x0055BB1E	112	112	cordio	call-topology-single-family	medium	every closed-world call target is cordio
0x0055BB1E	0x0055BB1E	0x0055BB3A	28	28	cordio	call-topology-single-family	medium	every closed-world call target is cordio
0x0055BB3A	0x0055BB3A	0x0055BB68	46	46	investigation-required-mixed	call-topology-mixed	none	call targets span ambiqsuite|cordio
0x0055BB68	0x0055BB68	0x0055BBBA	82	82	investigation-required-no-evidence	none	none	no closed-world evidence
0x0055BBC4	0x0055BBC4	0x0055BBEA	38	38	cordio	closed-module-manifest	high	function-map manifest packetcraft-cordio-dm-sec-master
0x0055BBEA	0x0055BBEA	0x0055BC1E	52	52	cordio	closed-module-manifest	high	function-map manifest packetcraft-cordio-dm-sec-master
0x0055BC1E	0x0055BC1E	0x0055BC54	54	54	cordio	closed-module-manifest	high	function-map manifest packetcraft-cordio-dm-sec-master
0x0055BC96	0x0055BC96	0x0055BCC0	42	42	cordio	closed-module-manifest	high	function-map manifest packetcraft-cordio-dm-conn-master
0x0055BCC0	0x0055BCC0	0x0055BCE6	38	38	cordio	closed-module-manifest	high	function-map manifest packetcraft-cordio-dm-conn-master
0x0055BCE8	0x0055BCE8	0x0055BD2E	70	70	investigation-required-no-evidence	none	none	no closed-world evidence
0x0055BD2E	0x0055BD2E	0x0055BD70	66	66	investigation-required-no-evidence	none	none	no closed-world evidence
0x0055BD70	0x0055BD70	0x0055BDAC	60	60	investigation-required-no-evidence	none	none	no closed-world evidence
0x0055BDAC	0x0055BDAC	0x0055BF1C	368	368	investigation-required-no-evidence	none	none	no closed-world evidence
0x0055BF1C	0x0055BF1C	0x0055BF50	52	52	investigation-required-no-evidence	none	none	no closed-world evidence
0x0055BF50	0x0055BF50	0x0055BF64	20	20	investigation-required-no-evidence	none	none	no closed-world evidence
0x0055BF64	0x0055BF64	0x0055C0DC	376	376	investigation-required-no-evidence	none	none	no closed-world evidence
0x0055C0DC	0x0055C0DC	0x0055C11A	62	62	investigation-required-no-evidence	none	none	no closed-world evidence
0x0055C11A	0x0055C11A	0x0055C13A	32	32	investigation-required-no-evidence	none	none	no closed-world evidence
0x0055C13A	0x0055C13A	0x0055C168	46	46	investigation-required-no-evidence	none	none	no closed-world evidence
0x0055C168	0x0055C168	0x0055C174	12	12	investigation-required-no-evidence	none	none	no closed-world evidence
0x0055C174	0x0055C174	0x0055C1E0	108	108	investigation-required-no-evidence	none	none	no closed-world evidence
0x0055C1E0	0x0055C1E0	0x0055C286	166	166	investigation-required-no-evidence	none	none	no closed-world evidence
0x0055C286	0x0055C286	0x0055C2BC	54	54	investigation-required-no-evidence	none	none	no closed-world evidence
0x0055C2BC	0x0055C2BC	0x0055C32E	114	114	investigation-required-no-evidence	none	none	no closed-world evidence
0x0055C32E	0x0055C32E	0x0055C430	258	258	investigation-required-no-evidence	none	none	no closed-world evidence
0x0055C430	0x0055C430	0x0055C498	104	104	investigation-required-no-evidence	none	none	no closed-world evidence
0x0055C498	0x0055C498	0x0055C4D0	56	56	investigation-required-no-evidence	none	none	no closed-world evidence
0x0055C4D0	0x0055C4D0	0x0055C514	68	68	investigation-required-no-evidence	none	none	no closed-world evidence
0x0055C518	0x0055C518	0x0055C546	46	46	investigation-required-no-evidence	none	none	no closed-world evidence
0x0055C558	0x0055C558	0x0055C7E0	648	648	investigation-required-no-evidence	none	none	no closed-world evidence
0x0055C7E8	0x0055C7E8	0x0055CA94	684	684	investigation-required-no-evidence	none	none	no closed-world evidence
0x0055CA94	0x0055CA94	0x0055CC10	380	380	investigation-required-no-evidence	none	none	no closed-world evidence
0x0055CC1C	0x0055CC1C	0x0055CF2E	786	786	investigation-required-no-evidence	none	none	no closed-world evidence
0x0055CF40	0x0055CF40	0x0055D246	774	774	investigation-required-no-evidence	none	none	no closed-world evidence
0x0055D280	0x0055D280	0x0055D2C2	66	66	investigation-required-no-evidence	none	none	no closed-world evidence
0x0055D2C2	0x0055D2C2	0x0055D472	432	432	investigation-required-no-evidence	none	none	no closed-world evidence
0x0055D478	0x0055D478	0x0055D510	152	152	investigation-required-no-evidence	none	none	no closed-world evidence
0x0055D510	0x0055D510	0x0055D560	80	80	investigation-required-no-evidence	none	none	no closed-world evidence
0x0055D560	0x0055D560	0x0055D588	40	40	investigation-required-no-evidence	none	none	no closed-world evidence
0x0055D588	0x0055D588	0x0055D5E2	90	90	investigation-required-no-evidence	none	none	no closed-world evidence
0x0055D5E2	0x0055D5E2	0x0055D63C	90	90	investigation-required-no-evidence	none	none	no closed-world evidence
0x0055D63C	0x0055D63C	0x0055D644	8	8	nanopb	call-topology-single-family	medium	every closed-world call target is nanopb
0x0055D644	0x0055D644	0x0055D666	34	34	investigation-required-no-evidence	none	none	no closed-world evidence
0x0055D666	0x0055D666	0x0055D67A	20	20	investigation-required-no-evidence	none	none	no closed-world evidence
0x0055D67A	0x0055D67A	0x0055D6D8	94	94	investigation-required-no-evidence	none	none	no closed-world evidence
0x0055D6D8	0x0055D6D8	0x0055D794	188	188	investigation-required-no-evidence	none	none	no closed-world evidence
0x0055D794	0x0055D794	0x0055D7B4	32	32	investigation-required-no-evidence	none	none	no closed-world evidence
0x0055D7B4	0x0055D7B4	0x0055D7D8	36	36	investigation-required-no-evidence	none	none	no closed-world evidence
0x0055D7D8	0x0055D7D8	0x0055D7FA	34	34	investigation-required-no-evidence	none	none	no closed-world evidence
0x0055D94C	0x0055D94C	0x0055DAAE	354	354	investigation-required-no-evidence	none	none	no closed-world evidence
0x0055DAAE	0x0055DAAE	0x0055DAE4	54	54	investigation-required-no-evidence	none	none	no closed-world evidence
0x0055DAE4	0x0055DAE4	0x0055DB72	142	142	investigation-required-no-evidence	none	none	no closed-world evidence
0x0055DB72	0x0055DB72	0x0055DBF0	126	126	investigation-required-no-evidence	none	none	no closed-world evidence
0x0055DBF0	0x0055DBF0	0x0055DC26	54	54	investigation-required-no-evidence	none	none	no closed-world evidence
0x0055DC26	0x0055DC26	0x0055DC5E	56	56	investigation-required-no-evidence	none	none	no closed-world evidence
0x0055DC5E	0x0055DC5E	0x0055DC88	42	42	investigation-required-no-evidence	none	none	no closed-world evidence
0x0055DC88	0x0055DC88	0x0055DDDC	340	340	investigation-required-no-evidence	none	none	no closed-world evidence
0x0055DDDC	0x0055DDDC	0x0055DE1C	64	64	investigation-required-no-evidence	none	none	no closed-world evidence
0x0055DE1C	0x0055DE1C	0x0055DE72	86	86	investigation-required-no-evidence	none	none	no closed-world evidence
0x0055DE7C	0x0055DE7C	0x0055DEE8	108	108	investigation-required-no-evidence	none	none	no closed-world evidence
0x0055DEEC	0x0055DEEC	0x0055E070	388	388	investigation-required-no-evidence	none	none	no closed-world evidence
0x0055E070	0x0055E070	0x0055E090	32	32	investigation-required-no-evidence	none	none	no closed-world evidence
0x0055E09C	0x0055E09C	0x0055E1CA	302	302	investigation-required-no-evidence	none	none	no closed-world evidence
0x0055E244	0x0055E244	0x0055E262	30	30	investigation-required-no-evidence	none	none	no closed-world evidence
0x0055E288	0x0055E288	0x0055E2A6	30	30	investigation-required-no-evidence	none	none	no closed-world evidence
0x0055E2A6	0x0055E2A6	0x0055E2CE	40	40	investigation-required-no-evidence	none	none	no closed-world evidence
0x0055E2CE	0x0055E2CE	0x0055E346	120	120	investigation-required-no-evidence	none	none	no closed-world evidence
0x0055E346	0x0055E346	0x0055E35C	22	22	investigation-required-no-evidence	none	none	no closed-world evidence
0x0055E35C	0x0055E35C	0x0055E372	22	22	investigation-required-no-evidence	none	none	no closed-world evidence
0x0055E372	0x0055E372	0x0055E388	22	22	investigation-required-no-evidence	none	none	no closed-world evidence
0x0055E388	0x0055E388	0x0055E4EC	356	356	investigation-required-no-evidence	none	none	no closed-world evidence
0x0055E4EC	0x0055E4EC	0x0055E5BC	208	208	investigation-required-no-evidence	none	none	no closed-world evidence
0x0055E5BC	0x0055E5BC	0x0055E630	116	116	investigation-required-no-evidence	none	none	no closed-world evidence
0x0055E630	0x0055E630	0x0055E68E	94	94	investigation-required-no-evidence	none	none	no closed-world evidence
0x0055E68E	0x0055E68E	0x0055E75A	204	204	nanopb	call-topology-single-family	medium	every closed-world call target is nanopb
0x0055E7FA	0x0055E7FA	0x0055E898	158	0	investigation-required-mixed	call-topology-mixed	none	call targets span first-party|nanopb
0x0055E898	0x0055E898	0x0055E8F0	88	88	investigation-required-no-evidence	none	none	no closed-world evidence
0x0055E8F0	0x0055E8F0	0x0055E90C	28	28	investigation-required-no-evidence	none	none	no closed-world evidence
0x0055E90C	0x0055E90C	0x0055E956	74	74	investigation-required-no-evidence	none	none	no closed-world evidence
0x0055EA40	0x0055EA40	0x0055EA4A	10	10	investigation-required-no-evidence	none	none	no closed-world evidence
0x0055EA4A	0x0055EA4A	0x0055EA54	10	10	investigation-required-no-evidence	none	none	no closed-world evidence
0x0055EA54	0x0055EA54	0x0055EA60	12	12	investigation-required-no-evidence	none	none	no closed-world evidence
0x0055EA6C	0x0055EA6C	0x0055EA78	12	12	investigation-required-no-evidence	none	none	no closed-world evidence
0x0055EA78	0x0055EA78	0x0055EA94	28	28	investigation-required-no-evidence	none	none	no closed-world evidence
0x0055EA94	0x0055EA94	0x0055EAAE	26	26	investigation-required-no-evidence	none	none	no closed-world evidence
0x0055EAAE	0x0055EAAE	0x0055EB3E	144	144	investigation-required-no-evidence	none	none	no closed-world evidence
0x0055EB3E	0x0055EB3E	0x0055ED9A	604	604	investigation-required-no-evidence	none	none	no closed-world evidence
0x0055EDA4	0x0055EDA4	0x0055EDAC	8	8	investigation-required-no-evidence	none	none	no closed-world evidence
0x0055EDAC	0x0055EDAC	0x0055EDCA	30	30	investigation-required-no-evidence	none	none	no closed-world evidence
0x0055EDCA	0x0055EDCA	0x0055EE04	58	58	investigation-required-no-evidence	none	none	no closed-world evidence
0x0055EE8C	0x0055EE8C	0x0055EE96	10	10	investigation-required-no-evidence	none	none	no closed-world evidence
0x0055EF02	0x0055EF02	0x0055EF1E	28	28	investigation-required-no-evidence	none	none	no closed-world evidence
0x0055EF3C	0x0055EF3C	0x0055EF4E	18	18	investigation-required-no-evidence	none	none	no closed-world evidence
0x0055EF50	0x0055EF50	0x0055EF6C	28	28	investigation-required-no-evidence	none	none	no closed-world evidence
0x0055EF6C	0x0055EF6C	0x0055EF76	10	10	investigation-required-no-evidence	none	none	no closed-world evidence
0x0055EF76	0x0055EF76	0x0055EF80	10	10	investigation-required-no-evidence	none	none	no closed-world evidence
0x0055EF80	0x0055EF80	0x0055EFE6	102	102	investigation-required-no-evidence	none	none	no closed-world evidence
0x0055EFF0	0x0055EFF0	0x0055EFFA	10	10	investigation-required-no-evidence	none	none	no closed-world evidence
0x0055F07A	0x0055F07A	0x0055F0D6	92	92	investigation-required-no-evidence	none	none	no closed-world evidence
0x0055F0D8	0x0055F0D8	0x0055F134	92	92	investigation-required-no-evidence	none	none	no closed-world evidence
0x0055F134	0x0055F134	0x0055F180	76	76	investigation-required-no-evidence	none	none	no closed-world evidence
0x0055F180	0x0055F180	0x0055F1B8	56	56	investigation-required-no-evidence	none	none	no closed-world evidence
0x0055F218	0x0055F218	0x0055F25C	68	68	investigation-required-no-evidence	none	none	no closed-world evidence
0x0055F294	0x0055F294	0x0055F2A8	20	20	investigation-required-no-evidence	none	none	no closed-world evidence
0x0055F2B0	0x0055F2B0	0x0055F2D0	32	32	investigation-required-no-evidence	none	none	no closed-world evidence
0x0055F2D0	0x0055F2D0	0x0055F2DA	10	10	investigation-required-no-evidence	none	none	no closed-world evidence
0x0055F2DA	0x0055F2DA	0x0055F2EA	16	16	investigation-required-no-evidence	none	none	no closed-world evidence
0x0055F2EA	0x0055F2EA	0x0055F2F4	10	10	investigation-required-no-evidence	none	none	no closed-world evidence
0x0055F2F4	0x0055F2F4	0x0055F304	16	16	investigation-required-no-evidence	none	none	no closed-world evidence
0x0055F304	0x0055F304	0x0055F30E	10	10	investigation-required-no-evidence	none	none	no closed-world evidence
0x0055F30E	0x0055F30E	0x0055F318	10	10	investigation-required-no-evidence	none	none	no closed-world evidence
0x0055F32A	0x0055F32A	0x0055F350	38	38	investigation-required-no-evidence	none	none	no closed-world evidence
0x0055F4B8	0x0055F4B8	0x0055F4F2	58	58	investigation-required-no-evidence	none	none	no closed-world evidence
0x0055F4F2	0x0055F4F2	0x0055F4FE	12	12	investigation-required-no-evidence	none	none	no closed-world evidence
0x0055F544	0x0055F544	0x0055F54E	10	10	investigation-required-no-evidence	none	none	no closed-world evidence
0x0055F54E	0x0055F54E	0x0055F58A	60	60	investigation-required-no-evidence	none	none	no closed-world evidence
0x0055F5FE	0x0055F5FE	0x0055F654	86	86	investigation-required-no-evidence	none	none	no closed-world evidence
0x0055F654	0x0055F654	0x0055F6F0	156	156	investigation-required-no-evidence	none	none	no closed-world evidence
0x0055F6F0	0x0055F6F0	0x0055F718	40	40	investigation-required-no-evidence	none	none	no closed-world evidence
0x0055F74C	0x0055F74C	0x0055F842	246	246	investigation-required-no-evidence	none	none	no closed-world evidence
0x0055F848	0x0055F848	0x0055F974	300	300	investigation-required-no-evidence	none	none	no closed-world evidence
0x0055F994	0x0055F994	0x0058EAC2	192814	0	rejected-oversized-envelope	analyzer-artifact	high	envelope exceeds the 16,384-byte trust cap; mixed data region
0x0055F9A0	0x0055F9A0	0x0055F9DC	60	60	investigation-required-no-evidence	none	none	no closed-world evidence
0x0055F9E8	0x0055F9E8	0x0055FA0E	38	38	investigation-required-no-evidence	none	none	no closed-world evidence
0x0055FA0E	0x0055FA0E	0x0055FA18	10	10	investigation-required-no-evidence	none	none	no closed-world evidence
0x0055FA18	0x0055FA18	0x0055FA22	10	10	investigation-required-no-evidence	none	none	no closed-world evidence
0x0055FA22	0x0055FA22	0x0055FA40	30	30	investigation-required-no-evidence	none	none	no closed-world evidence
0x0055FA40	0x0055FA40	0x0055FA94	84	84	investigation-required-no-evidence	none	none	no closed-world evidence
0x0055FAA8	0x0055FAA8	0x0055FACE	38	38	investigation-required-no-evidence	none	none	no closed-world evidence
0x0055FACE	0x0055FACE	0x0055FAD8	10	10	investigation-required-no-evidence	none	none	no closed-world evidence
0x0055FAD8	0x0055FAD8	0x0055FAE2	10	10	investigation-required-no-evidence	none	none	no closed-world evidence
0x0055FAE2	0x0055FAE2	0x0055FB7C	154	154	investigation-required-no-evidence	none	none	no closed-world evidence
0x0055FB7C	0x0055FB7C	0x0055FBE4	104	104	investigation-required-no-evidence	none	none	no closed-world evidence
0x0055FC2C	0x0055FC2C	0x0055FC38	12	12	investigation-required-no-evidence	none	none	no closed-world evidence
0x0055FC38	0x0055FC38	0x0055FC44	12	12	investigation-required-no-evidence	none	none	no closed-world evidence
0x0055FC44	0x0055FC44	0x0055FC60	28	28	investigation-required-no-evidence	none	none	no closed-world evidence
0x0055FC60	0x0055FC60	0x0055FC6A	10	10	investigation-required-no-evidence	none	none	no closed-world evidence
0x0055FC74	0x0055FC74	0x0055FCAC	56	56	investigation-required-no-evidence	none	none	no closed-world evidence
0x0055FCB4	0x0055FCB4	0x0055FCC8	20	20	first-party	closed-module-manifest	high	function-map manifest g2-service-touch-dfu
0x0055FCC8	0x0055FCC8	0x0055FCDC	20	20	first-party	closed-module-manifest	high	function-map manifest g2-service-touch-dfu
0x0055FCDC	0x0055FCDC	0x0055FCE0	4	4	first-party	closed-module-manifest	high	function-map manifest g2-service-touch-dfu
0x0055FCE0	0x0055FCE0	0x0055FCE4	4	4	first-party	closed-module-manifest	high	function-map manifest g2-service-touch-dfu
0x0055FCE4	0x0055FCE4	0x0055FCE8	4	4	first-party	closed-module-manifest	high	function-map manifest g2-service-touch-dfu
0x0055FCE8	0x0055FCE8	0x0055FCF2	10	10	first-party	closed-module-manifest	high	function-map manifest g2-service-touch-dfu
0x0055FCF2	0x0055FCF2	0x0055FD04	18	18	first-party	closed-module-manifest	high	function-map manifest g2-service-touch-dfu
0x0055FD04	0x0055FD04	0x0055FD1C	24	24	first-party	closed-module-manifest	high	function-map manifest g2-service-touch-dfu
0x0055FD1C	0x0055FD1C	0x0055FD22	6	6	first-party	closed-module-manifest	high	function-map manifest g2-service-touch-dfu
0x0055FD22	0x0055FD22	0x0055FD26	4	4	first-party	closed-module-manifest	high	function-map manifest g2-service-touch-dfu
0x0055FD26	0x0055FD26	0x0055FD32	12	12	first-party	closed-module-manifest	high	function-map manifest g2-service-touch-dfu
0x0055FD32	0x0055FD32	0x0055FD4A	24	24	first-party	closed-module-manifest	high	function-map manifest g2-service-touch-dfu
0x0055FD4A	0x0055FD4A	0x0055FD5A	16	16	first-party	closed-module-manifest	high	function-map manifest g2-service-touch-dfu
0x0055FD5A	0x0055FD5A	0x0055FD76	28	28	first-party	closed-module-manifest	high	function-map manifest g2-service-touch-dfu
0x0055FD76	0x0055FD76	0x0055FDF2	124	124	first-party	closed-module-manifest	high	function-map manifest g2-service-touch-dfu
0x0055FDF2	0x0055FDF2	0x0055FE3A	72	72	first-party	closed-module-manifest	high	function-map manifest g2-service-touch-dfu
0x0055FE3A	0x0055FE3A	0x0055FE74	58	58	first-party	closed-module-manifest	high	function-map manifest g2-service-touch-dfu
0x0055FE74	0x0055FE74	0x0055FED6	98	98	first-party	closed-module-manifest	high	function-map manifest g2-service-touch-dfu
0x00560EA8	0x00560EA8	0x00560ED4	44	44	first-party	closed-module-manifest	high	function-map manifest g2-service-touch-dfu
0x00561036	0x00561036	0x00561078	66	66	first-party	closed-module-manifest	high	function-map manifest g2-service-touch-dfu
0x00561810	0x00561810	0x00561830	32	32	investigation-required-no-evidence	none	none	no closed-world evidence
0x00561830	0x00561830	0x00561856	38	38	investigation-required-no-evidence	none	none	no closed-world evidence
0x00561856	0x00561856	0x005618B8	98	98	investigation-required-no-evidence	none	none	no closed-world evidence
0x005618B8	0x005618B8	0x00561902	74	74	investigation-required-no-evidence	none	none	no closed-world evidence
0x00561902	0x00561902	0x00561964	98	98	investigation-required-no-evidence	none	none	no closed-world evidence
0x00561964	0x00561964	0x005619F2	142	142	investigation-required-no-evidence	none	none	no closed-world evidence
0x005619F2	0x005619F2	0x00561AD4	226	226	investigation-required-no-evidence	none	none	no closed-world evidence
0x00561AD4	0x00561AD4	0x00561B36	98	98	investigation-required-no-evidence	none	none	no closed-world evidence
0x00561B38	0x00561B38	0x00561C64	300	300	investigation-required-no-evidence	none	none	no closed-world evidence
0x0056395C	0x0056395C	0x005639E6	138	138	investigation-required-no-evidence	none	none	no closed-world evidence
0x005639E8	0x005639E8	0x00563F3C	1364	1364	investigation-required-no-evidence	none	none	no closed-world evidence
0x00563F40	0x00563F40	0x005640AE	366	366	investigation-required-no-evidence	none	none	no closed-world evidence
0x005640E4	0x005640E4	0x0056496E	2186	2186	investigation-required-no-evidence	none	none	no closed-world evidence
0x00564974	0x00564974	0x0056539A	2598	2598	investigation-required-no-evidence	none	none	no closed-world evidence
0x005653A0	0x005653A0	0x005657D4	1076	1076	investigation-required-no-evidence	none	none	no closed-world evidence
0x005657D8	0x005657D8	0x0056722A	6738	6738	first-party	call-topology-single-family	medium	every closed-world call target is first-party
0x00567230	0x00567230	0x00567592	866	866	investigation-required-no-evidence	none	none	no closed-world evidence
0x005675A8	0x005675A8	0x005675B2	10	10	investigation-required-no-evidence	none	none	no closed-world evidence
0x005675B4	0x005675B4	0x005675E2	46	46	investigation-required-no-evidence	none	none	no closed-world evidence
0x005676A0	0x005676A0	0x005676C6	38	38	investigation-required-no-evidence	none	none	no closed-world evidence
0x005676C6	0x005676C6	0x005676D2	12	12	investigation-required-no-evidence	none	none	no closed-world evidence
0x005676EC	0x005676EC	0x005676F6	10	10	investigation-required-no-evidence	none	none	no closed-world evidence
0x0056777C	0x0056777C	0x0056778E	18	18	investigation-required-no-evidence	none	none	no closed-world evidence
0x00567790	0x00567790	0x005677A8	24	24	investigation-required-no-evidence	none	none	no closed-world evidence
0x005677A8	0x005677A8	0x005677FE	86	86	investigation-required-no-evidence	none	none	no closed-world evidence
0x005677FE	0x005677FE	0x0056786C	110	110	investigation-required-no-evidence	none	none	no closed-world evidence
0x0056786C	0x0056786C	0x005678B6	74	74	investigation-required-no-evidence	none	none	no closed-world evidence
0x005678B6	0x005678B6	0x00567906	80	80	investigation-required-no-evidence	none	none	no closed-world evidence
0x00567906	0x00567906	0x0056798C	134	134	investigation-required-no-evidence	none	none	no closed-world evidence
0x0056798C	0x0056798C	0x00567C4C	704	704	investigation-required-no-evidence	none	none	no closed-world evidence
0x00567C4C	0x00567C4C	0x00567C64	24	24	investigation-required-no-evidence	none	none	no closed-world evidence
0x00567C64	0x00567C64	0x00567C80	28	28	investigation-required-no-evidence	none	none	no closed-world evidence
0x00567C80	0x00567C80	0x00567C9E	30	30	investigation-required-no-evidence	none	none	no closed-world evidence
0x00567CA0	0x00567CA0	0x00567D06	102	102	investigation-required-no-evidence	none	none	no closed-world evidence
0x00567D06	0x00567D06	0x00567D22	28	28	investigation-required-no-evidence	none	none	no closed-world evidence
0x00567D22	0x00567D22	0x00567D32	16	16	investigation-required-no-evidence	none	none	no closed-world evidence
0x00567E24	0x00567E24	0x00567E52	46	46	investigation-required-no-evidence	none	none	no closed-world evidence
0x00567E52	0x00567E52	0x00567EC8	118	118	investigation-required-no-evidence	none	none	no closed-world evidence
0x00567EC8	0x00567EC8	0x00567F6E	166	166	investigation-required-no-evidence	none	none	no closed-world evidence
0x00567F88	0x00567F88	0x00567FAE	38	38	investigation-required-no-evidence	none	none	no closed-world evidence
0x00567FB0	0x00567FB0	0x00567FC6	22	22	investigation-required-no-evidence	none	none	no closed-world evidence
0x00567FC6	0x00567FC6	0x00567FCE	8	8	investigation-required-no-evidence	none	none	no closed-world evidence
0x00567FCE	0x00567FCE	0x00568020	82	82	investigation-required-no-evidence	none	none	no closed-world evidence
0x00568020	0x00568020	0x005680CE	174	174	investigation-required-no-evidence	none	none	no closed-world evidence
0x005680CE	0x005680CE	0x00568160	146	146	investigation-required-no-evidence	none	none	no closed-world evidence
0x00568160	0x00568160	0x00568176	22	22	investigation-required-no-evidence	none	none	no closed-world evidence
0x00568176	0x00568176	0x005682DE	360	360	investigation-required-no-evidence	none	none	no closed-world evidence
0x005682DE	0x005682DE	0x0056834A	108	108	investigation-required-no-evidence	none	none	no closed-world evidence
0x0056834A	0x0056834A	0x005683F2	168	168	investigation-required-no-evidence	none	none	no closed-world evidence
0x005683F2	0x005683F2	0x0056847A	136	136	investigation-required-no-evidence	none	none	no closed-world evidence
0x0056847A	0x0056847A	0x005684C2	72	72	investigation-required-no-evidence	none	none	no closed-world evidence
0x005684C2	0x005684C2	0x0056851E	92	92	investigation-required-no-evidence	none	none	no closed-world evidence
0x0056851E	0x0056851E	0x00568636	280	280	investigation-required-no-evidence	none	none	no closed-world evidence
0x00568636	0x00568636	0x0056865E	40	40	investigation-required-no-evidence	none	none	no closed-world evidence
0x0056865E	0x0056865E	0x0056867C	30	30	investigation-required-no-evidence	none	none	no closed-world evidence
0x0056867C	0x0056867C	0x0056868C	16	16	investigation-required-no-evidence	none	none	no closed-world evidence
0x0056868C	0x0056868C	0x005686BE	50	50	investigation-required-no-evidence	none	none	no closed-world evidence
0x005686BE	0x005686BE	0x00568728	106	106	investigation-required-no-evidence	none	none	no closed-world evidence
0x00568728	0x00568728	0x005687B6	142	142	investigation-required-no-evidence	none	none	no closed-world evidence
0x005687B6	0x005687B6	0x005687FE	72	72	investigation-required-no-evidence	none	none	no closed-world evidence
0x005687FE	0x005687FE	0x0056882A	44	44	investigation-required-no-evidence	none	none	no closed-world evidence
0x0056882A	0x0056882A	0x00568844	26	26	investigation-required-no-evidence	none	none	no closed-world evidence
0x00568844	0x00568844	0x00568870	44	44	investigation-required-no-evidence	none	none	no closed-world evidence
0x00568870	0x00568870	0x005688B8	72	72	investigation-required-no-evidence	none	none	no closed-world evidence
0x005688B8	0x005688B8	0x005689E6	302	302	investigation-required-no-evidence	none	none	no closed-world evidence
0x005689E6	0x005689E6	0x00568ABE	216	216	investigation-required-no-evidence	none	none	no closed-world evidence
0x00568ABE	0x00568ABE	0x00568CE2	548	548	investigation-required-no-evidence	none	none	no closed-world evidence
0x00568CE2	0x00568CE2	0x00568D2A	72	72	investigation-required-no-evidence	none	none	no closed-world evidence
0x00568D2A	0x00568D2A	0x00568D86	92	92	investigation-required-no-evidence	none	none	no closed-world evidence
0x00568D86	0x00568D86	0x00568E52	204	204	investigation-required-no-evidence	none	none	no closed-world evidence
0x00568E52	0x00568E52	0x00569156	772	772	investigation-required-no-evidence	none	none	no closed-world evidence
0x00569160	0x00569160	0x005694DA	890	890	investigation-required-no-evidence	none	none	no closed-world evidence
0x005694E0	0x005694E0	0x00569532	82	82	investigation-required-no-evidence	none	none	no closed-world evidence
0x00569532	0x00569532	0x005695F8	198	198	investigation-required-no-evidence	none	none	no closed-world evidence
0x005695F8	0x005695F8	0x005696D4	220	220	investigation-required-no-evidence	none	none	no closed-world evidence
0x005696D4	0x005696D4	0x00569716	66	66	investigation-required-no-evidence	none	none	no closed-world evidence
0x00569716	0x00569716	0x00569748	50	50	investigation-required-no-evidence	none	none	no closed-world evidence
0x00569748	0x00569748	0x00569954	524	524	investigation-required-no-evidence	none	none	no closed-world evidence
0x00569954	0x00569954	0x00569A34	224	224	investigation-required-no-evidence	none	none	no closed-world evidence
0x00569B04	0x00569B04	0x00569B2A	38	38	ambiqsuite	closed-module-manifest	high	function-map manifest ambiq-cordio-hci-vs
0x00569B2A	0x00569B2A	0x00569B4A	32	32	ambiqsuite	closed-module-manifest	high	function-map manifest ambiq-cordio-hci-vs
0x00569B4A	0x00569B4A	0x00569B56	12	12	ambiqsuite	closed-module-manifest	high	function-map manifest ambiq-cordio-hci-vs
0x00569B56	0x00569B56	0x00569D26	464	464	ambiqsuite	closed-module-manifest	high	function-map manifest ambiq-cordio-hci-vs
0x0056A070	0x0056A070	0x0056A0AA	58	58	ambiqsuite	closed-module-manifest	high	function-map manifest ambiq-cordio-hci-evt
0x0056A0AA	0x0056A0AA	0x0056A0C8	30	30	ambiqsuite	closed-module-manifest	high	function-map manifest ambiq-cordio-hci-evt
0x0056A398	0x0056A398	0x0056A430	152	152	ambiqsuite	closed-module-manifest	high	function-map manifest ambiq-cordio-hci-evt
0x0056A430	0x0056A430	0x0056A528	248	248	ambiqsuite	closed-module-manifest	high	function-map manifest ambiq-cordio-hci-evt
0x0056A5BE	0x0056A5BE	0x0056A636	120	120	ambiqsuite	closed-module-manifest	high	function-map manifest ambiq-cordio-hci-evt
0x0056AB50	0x0056AB50	0x0056ABCE	126	126	ambiqsuite	closed-module-manifest	high	function-map manifest ambiq-cordio-hci-evt
0x0056AE3A	0x0056AE3A	0x0056AEBA	128	128	ambiqsuite	closed-module-manifest	high	function-map manifest ambiq-cordio-hci-evt
0x0056B100	0x0056B100	0x0056B13E	62	62	ambiqsuite	closed-module-manifest	high	function-map manifest ambiq-cordio-hci-evt
0x0056B150	0x0056B150	0x0056B182	50	50	ambiqsuite	closed-module-manifest	high	function-map manifest ambiq-cordio-hci-evt
0x0056B182	0x0056B182	0x0056B37C	506	506	ambiqsuite	closed-module-manifest	high	function-map manifest ambiq-cordio-hci-evt
0x0056B7EC	0x0056B7EC	0x0056B834	72	72	cordio	closed-module-manifest	high	function-map manifest packetcraft-cordio-attc-disc
0x0056B834	0x0056B834	0x0056B86A	54	54	cordio	closed-module-manifest	high	function-map manifest packetcraft-cordio-attc-disc
0x0056B86A	0x0056B86A	0x0056B8FA	144	144	cordio	closed-module-manifest	high	function-map manifest packetcraft-cordio-attc-disc
0x0056BA82	0x0056BA82	0x0056BB1A	152	152	cordio	closed-module-manifest	high	function-map manifest packetcraft-cordio-attc-disc
0x0056BE30	0x0056BE30	0x0056BEB6	134	134	cordio	closed-module-manifest	high	function-map manifest packetcraft-cordio-attc-disc
0x0056BEB6	0x0056BEB6	0x0056BF12	92	92	cordio	closed-module-manifest	high	function-map manifest packetcraft-cordio-attc-disc
0x0056BF12	0x0056BF12	0x0056BF32	32	32	cordio	closed-module-manifest	high	function-map manifest packetcraft-cordio-attc-disc
0x0056C1B8	0x0056C1B8	0x0056C1DA	34	34	cordio	closed-module-manifest	high	function-map manifest packetcraft-cordio-attc-disc
0x0056C388	0x0056C388	0x0056C396	14	14	cordio	closed-module-manifest	high	function-map manifest packetcraft-cordio-attc-disc
0x0056C396	0x0056C396	0x0056C3A6	16	16	cordio	closed-module-manifest	high	function-map manifest packetcraft-cordio-attc-disc
0x0056C3A6	0x0056C3A6	0x0056C3B0	10	10	cordio	closed-module-manifest	high	function-map manifest packetcraft-cordio-attc-disc
0x0056C3B0	0x0056C3B0	0x0056C454	164	164	cordio	closed-module-manifest	high	function-map manifest packetcraft-cordio-attc-read
0x0056C454	0x0056C454	0x0056C47E	42	42	cordio	closed-module-manifest	high	function-map manifest packetcraft-cordio-attc-read
0x0056C47E	0x0056C47E	0x0056C4EE	112	112	cordio	closed-module-manifest	high	function-map manifest packetcraft-cordio-attc-read
0x0056C4EE	0x0056C4EE	0x0056C54E	96	96	cordio	closed-module-manifest	high	function-map manifest packetcraft-cordio-attc-read
0x0056C550	0x0056C550	0x0056C5AA	90	90	cordio	closed-module-manifest	high	function-map manifest packetcraft-cordio-atts-proc
0x0056C5AA	0x0056C5AA	0x0056C5D4	42	42	cordio	closed-module-manifest	high	function-map manifest packetcraft-cordio-atts-proc
0x0056C5D4	0x0056C5D4	0x0056C610	60	60	cordio	closed-module-manifest	high	function-map manifest packetcraft-cordio-atts-proc
0x0056C610	0x0056C610	0x0056C66A	90	90	cordio	closed-module-manifest	high	function-map manifest packetcraft-cordio-atts-proc
0x0056C66A	0x0056C66A	0x0056C6FC	146	146	cordio	closed-module-manifest	high	function-map manifest packetcraft-cordio-atts-proc
0x0056CAA8	0x0056CAA8	0x0056CBCA	290	290	cordio	closed-module-manifest	high	function-map manifest packetcraft-cordio-atts-proc
0x0056CBCA	0x0056CBCA	0x0056CD96	460	460	cordio	closed-module-manifest	high	function-map manifest packetcraft-cordio-atts-proc
0x0056CE4E	0x0056CE4E	0x0056CEC2	116	116	cordio	closed-module-manifest	high	function-map manifest packetcraft-cordio-smp-sc-main
0x0056CEC2	0x0056CEC2	0x0056CF04	66	66	cordio	closed-module-manifest	high	function-map manifest packetcraft-cordio-smp-sc-main
0x0056CF04	0x0056CF04	0x0056CF2C	40	40	cordio	closed-module-manifest	high	function-map manifest packetcraft-cordio-smp-sc-main
0x0056CF2C	0x0056CF2C	0x0056CF74	72	72	cordio	closed-module-manifest	high	function-map manifest packetcraft-cordio-smp-sc-main
0x0056CFC2	0x0056CFC2	0x0056CFDC	26	26	cordio	closed-module-manifest	high	function-map manifest packetcraft-cordio-smp-sc-main
0x0056CFDC	0x0056CFDC	0x0056CFEC	16	16	cordio	closed-module-manifest	high	function-map manifest packetcraft-cordio-smp-sc-main
0x0056CFEC	0x0056CFEC	0x0056D054	104	104	cordio	closed-module-manifest	high	function-map manifest packetcraft-cordio-smp-sc-main
0x0056D054	0x0056D054	0x0056D0A8	84	84	cordio	closed-module-manifest	high	function-map manifest packetcraft-cordio-smp-sc-main
0x0056D0A8	0x0056D0A8	0x0056D0FC	84	84	cordio	closed-module-manifest	high	function-map manifest packetcraft-cordio-smp-sc-main
0x0056D0FC	0x0056D0FC	0x0056D150	84	84	cordio	closed-module-manifest	high	function-map manifest packetcraft-cordio-smp-sc-main
0x0056D150	0x0056D150	0x0056D188	56	56	cordio	closed-module-manifest	high	function-map manifest packetcraft-cordio-smp-sc-main
0x0056D304	0x0056D304	0x0056D31E	26	26	cordio	closed-module-manifest	high	function-map manifest packetcraft-cordio-smp-sc-main
0x0056D31E	0x0056D31E	0x0056D454	310	310	cordio	closed-module-manifest	high	function-map manifest packetcraft-cordio-smp-sc-main
0x0056D454	0x0056D454	0x0056D474	32	32	cordio	closed-module-manifest	high	function-map manifest packetcraft-cordio-smp-sc-main
0x0056D8C4	0x0056D8C4	0x0056D8F0	44	44	cordio	closed-module-manifest	high	function-map manifest cordio-wstr
0x0056D8F0	0x0056D8F0	0x0056D93A	74	74	cordio	closed-module-manifest	high	function-map manifest cordio-wstr
0x0056D93C	0x0056D93C	0x0056D9EC	176	176	cordio	closed-module-manifest	high	function-map manifest packetcraft-cordio-atts-read
0x0056D9EC	0x0056D9EC	0x0056DA9E	178	178	cordio	closed-module-manifest	high	function-map manifest packetcraft-cordio-atts-read
0x0056DA9E	0x0056DA9E	0x0056DC04	358	358	cordio	closed-module-manifest	high	function-map manifest packetcraft-cordio-atts-read
0x0056DC04	0x0056DC04	0x0056DD9C	408	408	cordio	closed-module-manifest	high	function-map manifest packetcraft-cordio-atts-read
0x0056DD9C	0x0056DD9C	0x0056E0DE	834	834	cordio	closed-module-manifest	high	function-map manifest packetcraft-cordio-atts-read
0x0056E0DE	0x0056E0DE	0x0056E26C	398	398	cordio	closed-module-manifest	high	function-map manifest packetcraft-cordio-atts-read
0x0056E26C	0x0056E26C	0x0056E4E4	632	632	cordio	closed-module-manifest	high	function-map manifest packetcraft-cordio-atts-read
0x0056E4F8	0x0056E4F8	0x0056E526	46	46	cordio	closed-module-manifest	high	function-map manifest packetcraft-cordio-dm-conn-slave
0x0056E526	0x0056E526	0x0056E564	62	62	cordio	closed-module-manifest	high	function-map manifest packetcraft-cordio-dm-conn-slave
0x0056E580	0x0056E580	0x0056E5A4	36	36	cordio	closed-module-manifest	high	function-map manifest packetcraft-cordio-dm-conn-slave
0x0056E5A4	0x0056E5A4	0x0056E5C6	34	34	cordio	closed-module-manifest	high	function-map manifest packetcraft-cordio-dm-conn-slave
0x0056E5CC	0x0056E5CC	0x0056E5DE	18	18	cordio	closed-module-manifest	high	function-map manifest packetcraft-cordio-smp-act
0x0056E5E0	0x0056E5E0	0x0056E622	66	66	cordio	closed-module-manifest	high	function-map manifest packetcraft-cordio-smp-act
0x0056E622	0x0056E622	0x0056E62A	8	8	cordio	closed-module-manifest	high	function-map manifest packetcraft-cordio-smp-act
0x0056E62A	0x0056E62A	0x0056E652	40	40	cordio	closed-module-manifest	high	function-map manifest packetcraft-cordio-smp-act
0x0056E652	0x0056E652	0x0056E676	36	36	cordio	closed-module-manifest	high	function-map manifest packetcraft-cordio-smp-act
0x0056E6A0	0x0056E6A0	0x0056E6B8	24	24	cordio	closed-module-manifest	high	function-map manifest packetcraft-cordio-smp-act
0x0056E6B8	0x0056E6B8	0x0056E6E0	40	40	cordio	closed-module-manifest	high	function-map manifest packetcraft-cordio-smp-act
0x0056E84C	0x0056E84C	0x0056E8A6	90	90	cordio	closed-module-manifest	high	function-map manifest packetcraft-cordio-smp-act
0x0056E8A6	0x0056E8A6	0x0056E8CA	36	36	cordio	closed-module-manifest	high	function-map manifest packetcraft-cordio-smp-act
0x0056E8CA	0x0056E8CA	0x0056E8D6	12	12	cordio	closed-module-manifest	high	function-map manifest packetcraft-cordio-smp-act
0x0056E944	0x0056E944	0x0056E950	12	12	cordio	closed-module-manifest	high	function-map manifest packetcraft-cordio-smp-act
0x0056EC94	0x0056EC94	0x0056EDAE	282	282	cordio	closed-module-manifest	high	function-map manifest packetcraft-cordio-smp-act
0x0056EDAE	0x0056EDAE	0x0056EDD6	40	40	cordio	closed-module-manifest	high	function-map manifest packetcraft-cordio-smp-act
0x0056EDDE	0x0056EDDE	0x0056EDF0	18	18	cordio	closed-module-manifest	high	function-map manifest packetcraft-cordio-smp-act
0x0056F42A	0x0056F42A	0x0056F46A	64	64	first-party	closed-module-manifest	high	function-map manifest g2-pt-protocol
0x0056F46A	0x0056F46A	0x0056F4A0	54	54	first-party	closed-module-manifest	high	function-map manifest g2-pt-protocol
0x00575428	0x00575428	0x00575470	72	72	first-party	closed-module-manifest	high	function-map manifest g2-pt-protocol
0x00577C4C	0x00577C34	0x00577D08	212	212	first-party	link-order-sandwich	low	bracketed in link order by first-party
0x00577C3C	0x00577C3C	0x00577C4C	16	0	first-party	link-order-sandwich	low	bracketed in link order by first-party
0x00577D08	0x00577D08	0x00577D18	16	16	first-party	link-order-sandwich	low	bracketed in link order by first-party
0x00577D18	0x00577D18	0x00577D40	40	40	first-party	link-order-sandwich	low	bracketed in link order by first-party
0x00577D40	0x00577D40	0x00577D50	16	16	first-party	link-order-sandwich	low	bracketed in link order by first-party
0x00577D50	0x00577D50	0x00577D7C	44	44	first-party	link-order-sandwich	low	bracketed in link order by first-party
0x00578530	0x00578530	0x0057856C	60	60	first-party	closed-module-manifest	high	function-map manifest g2-service-codec-dfu
0x0057856C	0x0057856C	0x005785A2	54	54	first-party	closed-module-manifest	high	function-map manifest g2-service-codec-dfu
0x005785A2	0x005785A2	0x005785CA	40	40	first-party	closed-module-manifest	high	function-map manifest g2-service-codec-dfu
0x00578A6C	0x00578A6C	0x00578A86	26	26	first-party	closed-module-manifest	high	function-map manifest g2-service-codec-dfu
0x00578AAC	0x00578AAC	0x00578AC8	28	28	first-party	closed-module-manifest	high	function-map manifest g2-service-codec-dfu
0x00578AC8	0x00578AC8	0x00578AE0	24	24	first-party	closed-module-manifest	high	function-map manifest g2-service-codec-dfu
0x00578AE0	0x00578AE0	0x00578B70	144	144	first-party	closed-module-manifest	high	function-map manifest g2-service-codec-dfu
0x0057A4D8	0x0057A4D8	0x0057A508	48	48	first-party	closed-module-manifest	high	function-map manifest g2-drv-gx8002b
0x0057A7E0	0x0057A7E0	0x0057A80E	46	46	first-party	closed-module-manifest	high	function-map manifest g2-drv-gx8002b
0x0057A900	0x0057A900	0x0057A926	38	38	first-party	closed-module-manifest	high	function-map manifest g2-service-audio
0x0057A926	0x0057A926	0x0057A940	26	26	first-party	closed-module-manifest	high	function-map manifest g2-service-audio
0x0057AF8C	0x0057AF8C	0x0057AFBA	46	46	first-party	closed-module-manifest	high	function-map manifest g2-service-audio
0x0057AFBA	0x0057AFBA	0x0057AFC6	12	12	first-party	closed-module-manifest	high	function-map manifest g2-service-audio
0x0057B12C	0x0057B12C	0x0057B1F0	196	196	first-party	closed-module-manifest	high	function-map manifest g2-service-audio
0x0057B312	0x0057B312	0x0057B352	64	64	first-party	closed-module-manifest	high	function-map manifest g2-service-audio
0x0057B352	0x0057B352	0x0057B378	38	38	first-party	closed-module-manifest	high	function-map manifest g2-service-audio
0x0057B640	0x0057B640	0x0057B6A6	102	102	first-party	closed-module-manifest	high	function-map manifest g2-drv-pdm-production
0x0057B940	0x0057B940	0x0057B9BA	122	122	first-party	closed-module-manifest	high	function-map manifest g2-drv-pdm
0x0057B9BA	0x0057B9BA	0x0057BA1E	100	100	first-party	closed-module-manifest	high	function-map manifest g2-drv-pdm
0x0057BAEC	0x0057BAEC	0x0057BAF4	8	8	first-party	closed-module-manifest	high	function-map manifest g2-service-codec-host
0x0057BAF4	0x0057BAF4	0x0057BB0A	22	22	first-party	closed-module-manifest	high	function-map manifest g2-service-codec-host
0x0057C640	0x0057C640	0x0057C664	36	36	first-party	closed-module-manifest	high	function-map manifest g2-service-codec-host
0x0057DC40	0x0057DC40	0x0057DC54	20	20	investigation-required-no-evidence	none	none	no closed-world evidence
0x0057DC54	0x0057DC54	0x0057DDFC	424	424	investigation-required-no-evidence	none	none	no closed-world evidence
0x0057DDFC	0x0057DDFC	0x0057DE0A	14	14	first-party	call-topology-single-family	medium	every closed-world call target is first-party
0x0057DE0A	0x0057DE0A	0x0057DE74	106	106	investigation-required-no-evidence	none	none	no closed-world evidence
0x0057DEB0	0x0057DEB0	0x0057DEE8	56	56	investigation-required-no-evidence	none	none	no closed-world evidence
0x0057DEEA	0x0057DEEA	0x0057DF7C	146	146	investigation-required-no-evidence	none	none	no closed-world evidence
0x0057DF7C	0x0057DF7C	0x0057E028	172	172	investigation-required-no-evidence	none	none	no closed-world evidence
0x0057E028	0x0057E028	0x0057E05E	54	54	investigation-required-no-evidence	none	none	no closed-world evidence
0x0057E05E	0x0057E05E	0x0057E0F0	146	146	investigation-required-no-evidence	none	none	no closed-world evidence
0x0057E0F0	0x0057E0F0	0x0057E136	70	70	investigation-required-no-evidence	none	none	no closed-world evidence
0x0057E136	0x0057E136	0x0057E220	234	234	investigation-required-no-evidence	none	none	no closed-world evidence
0x0057E220	0x0057E220	0x0057E268	72	72	investigation-required-no-evidence	none	none	no closed-world evidence
0x0057E268	0x0057E268	0x0057E2F6	142	142	investigation-required-no-evidence	none	none	no closed-world evidence
0x0057E2F6	0x0057E2F6	0x0057E38C	150	150	investigation-required-no-evidence	none	none	no closed-world evidence
0x0057E38C	0x0057E38C	0x0057E3A4	24	24	investigation-required-no-evidence	none	none	no closed-world evidence
0x0057E3A4	0x0057E3A4	0x0057E3D8	52	52	investigation-required-no-evidence	none	none	no closed-world evidence
0x0057E3D8	0x0057E3D8	0x0057E3E6	14	14	investigation-required-no-evidence	none	none	no closed-world evidence
0x0057E626	0x0057E626	0x0057E666	64	64	investigation-required-no-evidence	none	none	no closed-world evidence
0x0057E810	0x0057E810	0x0057E826	22	22	investigation-required-no-evidence	none	none	no closed-world evidence
0x0057F550	0x0057F550	0x0057F684	308	308	investigation-required-no-evidence	none	none	no closed-world evidence
0x0057FF40	0x0057FF40	0x0057FF9E	94	94	investigation-required-no-evidence	none	none	no closed-world evidence
0x00580392	0x00580392	0x005803EA	88	88	investigation-required-no-evidence	none	none	no closed-world evidence
0x005807C0	0x005807C0	0x005807D6	22	22	investigation-required-no-evidence	none	none	no closed-world evidence
0x00580C04	0x00580C04	0x00580C0E	10	10	investigation-required-no-evidence	none	none	no closed-world evidence
0x00580FEC	0x00580FEC	0x00580FFC	16	16	investigation-required-no-evidence	none	none	no closed-world evidence
0x005810D8	0x005810D8	0x005810E2	10	10	investigation-required-no-evidence	none	none	no closed-world evidence
0x00581136	0x00581136	0x00581140	10	10	investigation-required-no-evidence	none	none	no closed-world evidence
0x0058143A	0x0058143A	0x00581462	40	40	investigation-required-no-evidence	none	none	no closed-world evidence
0x00581462	0x00581462	0x005814D4	114	114	investigation-required-no-evidence	none	none	no closed-world evidence
0x005814D4	0x005814D4	0x00581552	126	126	first-party	call-topology-single-family	medium	every closed-world call target is first-party
0x00581552	0x00581552	0x00581564	18	18	investigation-required-no-evidence	none	none	no closed-world evidence
0x00581644	0x00581644	0x0058167E	58	58	investigation-required-no-evidence	none	none	no closed-world evidence
0x0058183A	0x0058183A	0x00581844	10	10	investigation-required-no-evidence	none	none	no closed-world evidence
0x00581960	0x00581960	0x00581970	16	16	investigation-required-no-evidence	none	none	no closed-world evidence
0x00581D60	0x00581D60	0x00581D70	16	16	investigation-required-no-evidence	none	none	no closed-world evidence
0x00581DE0	0x00581DE0	0x00581E6A	138	138	investigation-required-mixed	call-topology-mixed	none	call targets span first-party|nanopb
0x00581E6A	0x00581E6A	0x00581ECE	100	100	investigation-required-no-evidence	none	none	no closed-world evidence
0x00581ED0	0x00581ED0	0x005822E6	1046	1046	first-party	call-topology-single-family	medium	every closed-world call target is first-party
0x005822E6	0x005822E6	0x0058237A	148	148	first-party	call-topology-single-family	medium	every closed-world call target is first-party
0x0058237A	0x0058237A	0x005823F6	124	124	investigation-required-mixed	call-topology-mixed	none	call targets span first-party|nanopb
0x005823F6	0x005823F6	0x00582442	76	76	investigation-required-no-evidence	none	none	no closed-world evidence
0x005827D0	0x005827D0	0x005827EC	28	28	investigation-required-no-evidence	none	none	no closed-world evidence
0x005828F8	0x005828F8	0x00582924	44	44	investigation-required-no-evidence	none	none	no closed-world evidence
0x00582924	0x00582924	0x00582942	30	30	investigation-required-no-evidence	none	none	no closed-world evidence
0x00582942	0x00582942	0x00582960	30	30	investigation-required-no-evidence	none	none	no closed-world evidence
0x00582960	0x00582960	0x005829E0	128	128	investigation-required-mixed	call-topology-mixed	none	call targets span first-party|nanopb
0x005829E0	0x005829E0	0x00582A1A	58	58	investigation-required-no-evidence	none	none	no closed-world evidence
0x00582A1A	0x00582A1A	0x00582A48	46	46	investigation-required-no-evidence	none	none	no closed-world evidence
0x00582A48	0x00582A48	0x00582ABE	118	118	investigation-required-no-evidence	none	none	no closed-world evidence
0x00582B0C	0x00582B0C	0x005836B0	2980	2980	first-party	call-topology-single-family	medium	every closed-world call target is first-party
0x005836B8	0x005836B8	0x005836C2	10	10	investigation-required-no-evidence	none	none	no closed-world evidence
0x00583CEC	0x00583CEC	0x00583CF6	10	10	investigation-required-no-evidence	none	none	no closed-world evidence
0x00583F74	0x00583F74	0x00583F7E	10	10	investigation-required-no-evidence	none	none	no closed-world evidence
0x005840F4	0x005840F4	0x005840FE	10	10	investigation-required-no-evidence	none	none	no closed-world evidence
0x005841EE	0x005841EE	0x005841F8	10	10	investigation-required-no-evidence	none	none	no closed-world evidence
0x00584320	0x00584320	0x0058432A	10	10	investigation-required-no-evidence	none	none	no closed-world evidence
0x00584430	0x00584430	0x0058443A	10	10	investigation-required-no-evidence	none	none	no closed-world evidence
0x00584702	0x00584702	0x0058470C	10	10	investigation-required-no-evidence	none	none	no closed-world evidence
0x005847AC	0x005847AC	0x005847FE	82	82	investigation-required-no-evidence	none	none	no closed-world evidence
0x005847FE	0x005847FE	0x005848FC	254	254	investigation-required-no-evidence	none	none	no closed-world evidence
0x005848FC	0x005848FC	0x00584960	100	0	investigation-required-no-evidence	none	none	no closed-world evidence
0x00584960	0x00584960	0x0058498E	46	46	investigation-required-no-evidence	none	none	no closed-world evidence
0x005849A8	0x005849A8	0x005849D4	44	44	investigation-required-no-evidence	none	none	no closed-world evidence
0x005849D4	0x005849D4	0x005849F2	30	30	investigation-required-no-evidence	none	none	no closed-world evidence
0x005849F2	0x005849F2	0x00584A10	30	30	investigation-required-no-evidence	none	none	no closed-world evidence
0x00584A10	0x00584A10	0x00584A38	40	40	investigation-required-no-evidence	none	none	no closed-world evidence
0x00584A38	0x00584A38	0x00584A64	44	44	investigation-required-no-evidence	none	none	no closed-world evidence
0x00584A64	0x00584A64	0x00584A7C	24	24	investigation-required-no-evidence	none	none	no closed-world evidence
0x00584A7C	0x00584A7C	0x00584B3C	192	192	cmsis-freertos	call-topology-single-family	medium	every closed-world call target is cmsis-freertos
0x00584B3C	0x00584B3C	0x00584BC0	132	132	investigation-required-no-evidence	none	none	no closed-world evidence
0x00584BC0	0x00584BC0	0x00584C8C	204	204	cmsis-freertos	call-topology-single-family	medium	every closed-world call target is cmsis-freertos
0x00584C8C	0x00584C8C	0x00584C98	12	12	investigation-required-no-evidence	none	none	no closed-world evidence
0x00584C98	0x00584C98	0x00584DB6	286	286	investigation-required-mixed	call-topology-mixed	none	call targets span cmsis-freertos|nanopb
0x00584DB6	0x00584DB6	0x00584DF4	62	62	investigation-required-no-evidence	none	none	no closed-world evidence
0x00584DF4	0x00584DF4	0x00584E32	62	62	investigation-required-no-evidence	none	none	no closed-world evidence
0x00584E94	0x00584E94	0x00584EE4	80	80	first-party	call-topology-single-family	medium	every closed-world call target is first-party
0x00585134	0x00585134	0x00585256	290	290	investigation-required-no-evidence	none	none	no closed-world evidence
0x00585258	0x00585258	0x0058540A	434	434	investigation-required-no-evidence	none	none	no closed-world evidence
0x00585410	0x00585410	0x005855E2	466	466	iar-dlib	library-string-signature	high	references IAR DLIB printf_s/scanf_s/constraint diagnostics
0x00585840	0x00585840	0x00585870	48	48	first-party	link-order-sandwich	low	bracketed in link order by first-party
0x00585870	0x00585870	0x005858A8	56	56	first-party	link-order-sandwich	low	bracketed in link order by first-party
0x005858A8	0x005858A8	0x005858D8	48	48	first-party	link-order-sandwich	low	bracketed in link order by first-party
0x005858D8	0x005858D8	0x00585948	112	112	first-party	link-order-sandwich	low	bracketed in link order by first-party
0x00585948	0x00585948	0x0058597E	54	54	first-party	link-order-sandwich	low	bracketed in link order by first-party
0x005859A0	0x005859A0	0x00585A12	114	114	first-party	link-order-sandwich	low	bracketed in link order by first-party
0x00585A12	0x00585A12	0x00585A32	32	32	first-party	link-order-sandwich	low	bracketed in link order by first-party
0x00585A32	0x00585A32	0x00585A52	32	32	first-party	link-order-sandwich	low	bracketed in link order by first-party
0x00585A52	0x00585A52	0x00585A72	32	32	first-party	link-order-sandwich	low	bracketed in link order by first-party
0x00585A74	0x00585A74	0x00585BC8	340	340	first-party	link-order-sandwich	low	bracketed in link order by first-party
0x00585BC8	0x00585BC8	0x00585C46	126	126	first-party	link-order-sandwich	low	bracketed in link order by first-party
0x00585C94	0x00585C94	0x00585CA4	16	16	first-party	link-order-sandwich	low	bracketed in link order by first-party
0x00585CA4	0x00585CA4	0x00585CBA	22	22	cmsis-freertos	call-topology-single-family	medium	every closed-world call target is cmsis-freertos
0x00586938	0x00586938	0x005869B4	124	124	first-party	closed-module-manifest	high	function-map manifest g2-navigation-data-handler
0x005869B4	0x005869B4	0x00586A30	124	124	first-party	closed-module-manifest	high	function-map manifest g2-navigation-data-handler
0x00586A30	0x00586A30	0x00586AAC	124	124	first-party	closed-module-manifest	high	function-map manifest g2-navigation-data-handler
0x00586AAC	0x00586AAC	0x00586B28	124	124	first-party	closed-module-manifest	high	function-map manifest g2-navigation-data-handler
0x00586B28	0x00586B28	0x00586BA4	124	124	first-party	closed-module-manifest	high	function-map manifest g2-navigation-data-handler
0x00586BA4	0x00586BA4	0x00586C20	124	124	first-party	closed-module-manifest	high	function-map manifest g2-navigation-data-handler
0x00586C20	0x00586C20	0x00586C9E	126	126	first-party	closed-module-manifest	high	function-map manifest g2-navigation-data-handler
0x00586C9E	0x00586C9E	0x00586D64	198	198	first-party	closed-module-manifest	high	function-map manifest g2-navigation-data-handler
0x00587186	0x00587186	0x00587238	178	178	first-party	closed-module-manifest	high	function-map manifest g2-navigation-data-handler
0x00587240	0x00587240	0x005872B8	120	120	first-party	closed-module-manifest	high	function-map manifest g2-navigation-data-handler
0x00588388	0x00588388	0x00588486	254	254	first-party	closed-module-manifest	high	function-map manifest g2-navigation-data-handler
0x00588514	0x00588514	0x00588550	60	60	first-party	closed-module-manifest	high	function-map manifest g2-navigation-data-handler
0x00588550	0x00588550	0x0058858C	60	60	first-party	closed-module-manifest	high	function-map manifest g2-navigation-data-handler
0x00588598	0x00588598	0x005885B4	28	28	first-party	closed-module-manifest	high	function-map manifest g2-navigation-data-handler
0x005890AE	0x005890AE	0x005890EA	60	60	first-party	closed-module-manifest	high	function-map manifest g2-teleprompt-timer-mgr
0x005890EA	0x005890EA	0x005890F6	12	12	first-party	closed-module-manifest	high	function-map manifest g2-teleprompt-timer-mgr
0x005890F6	0x005890F6	0x00589152	92	92	first-party	closed-module-manifest	high	function-map manifest g2-teleprompt-timer-mgr
0x0058930A	0x0058930A	0x0058934E	68	68	first-party	closed-module-manifest	high	function-map manifest g2-teleprompt-timer-mgr
0x005893F0	0x005893F0	0x005893FE	14	14	first-party	closed-module-manifest	high	function-map manifest g2-list-anim
0x0058949E	0x0058949E	0x005894D6	56	56	first-party	closed-module-manifest	high	function-map manifest g2-list-anim
0x005894D6	0x005894D6	0x0058956E	152	152	first-party	closed-module-manifest	high	function-map manifest g2-list-anim
0x005897E0	0x005897E0	0x005897EE	14	14	first-party	closed-module-manifest	high	function-map manifest g2-list-anim
0x00589CB4	0x00589CB4	0x00589CCA	22	22	first-party	closed-module-manifest	high	function-map manifest g2-teleprompt-controller
0x0058A948	0x0058A948	0x0058A95C	20	20	first-party	closed-module-manifest	high	function-map manifest g2-teleprompt-page-data
0x0058AA12	0x0058AA12	0x0058AA1E	12	12	first-party	closed-module-manifest	high	function-map manifest g2-teleprompt-page-data
0x0058AA1E	0x0058AA1E	0x0058AA4A	44	44	first-party	closed-module-manifest	high	function-map manifest g2-teleprompt-page-data
0x0058AA4A	0x0058AA4A	0x0058AA70	38	38	first-party	closed-module-manifest	high	function-map manifest g2-teleprompt-page-data
0x0058AEE8	0x0058AEE8	0x0058AF20	56	56	first-party	closed-module-manifest	high	function-map manifest g2-teleprompt-page-data
0x0058AF20	0x0058AF20	0x0058AF4E	46	46	first-party	closed-module-manifest	high	function-map manifest g2-teleprompt-page-data
0x0058AF4E	0x0058AF4E	0x0058AFA0	82	82	first-party	closed-module-manifest	high	function-map manifest g2-teleprompt-page-data
0x0058AFA0	0x0058AFA0	0x0058B008	104	104	first-party	closed-module-manifest	high	function-map manifest g2-teleprompt-page-data
0x0058B008	0x0058B008	0x0058B056	78	78	first-party	closed-module-manifest	high	function-map manifest g2-teleprompt-page-data
0x0058B1AC	0x0058B1AC	0x0058B1C0	20	20	first-party	closed-module-manifest	high	function-map manifest g2-teleprompt-page-data
0x0058BD74	0x0058BD74	0x0058BD86	18	18	first-party	closed-module-manifest	high	function-map manifest g2-teleprompt-file-list
0x0058C138	0x0058C138	0x0058C230	248	248	first-party	closed-module-manifest	high	function-map manifest g2-fade-anim
0x0058C6C4	0x0058C6C4	0x0058C72A	102	102	first-party	closed-module-manifest	high	function-map manifest g2-fade-anim
0x0058C836	0x0058C836	0x0058C84E	24	24	first-party	closed-module-manifest	high	function-map manifest g2-teleprompt-fsm
0x0058C84E	0x0058C84E	0x0058C872	36	36	first-party	closed-module-manifest	high	function-map manifest g2-teleprompt-fsm
0x0058C882	0x0058C882	0x0058C892	16	16	first-party	closed-module-manifest	high	function-map manifest g2-teleprompt-fsm
0x0058C892	0x0058C892	0x0058C89E	12	12	first-party	closed-module-manifest	high	function-map manifest g2-teleprompt-fsm
0x0058DAE4	0x0058DAE4	0x0058DBB8	212	212	first-party	link-order-sandwich	low	bracketed in link order by first-party
0x0058DBB8	0x0058DBB8	0x0058DD30	376	376	first-party	link-order-sandwich	low	bracketed in link order by first-party
0x0058DD30	0x0058DD30	0x0058DD5C	44	0	first-party	link-order-sandwich	low	bracketed in link order by first-party
0x0058DD5C	0x0058DD5C	0x0058DD8A	46	0	first-party	link-order-sandwich	low	bracketed in link order by first-party
0x0058DD8A	0x0058DD8A	0x0058DDD6	76	0	first-party	link-order-sandwich	low	bracketed in link order by first-party
0x0058DDD6	0x0058DDD6	0x0058DE38	98	98	first-party	link-order-sandwich	low	bracketed in link order by first-party
0x0058DE38	0x0058DE38	0x0058DEF2	186	186	first-party	call-topology-single-family	medium	every closed-world call target is first-party
0x0058DEF2	0x0058DEF2	0x0058DF5C	106	0	first-party	link-order-sandwich	low	bracketed in link order by first-party
0x0058DF5C	0x0058DF5C	0x0058DFB2	86	0	first-party	link-order-sandwich	low	bracketed in link order by first-party
0x0058DFB2	0x0058DFB2	0x0058DFEE	60	0	first-party	link-order-sandwich	low	bracketed in link order by first-party
0x0058DFEE	0x0058DFEE	0x0058E09E	176	0	first-party	link-order-sandwich	low	bracketed in link order by first-party
0x0058E09E	0x0058E09E	0x0058E2D8	570	570	first-party	link-order-sandwich	low	bracketed in link order by first-party
0x0058E2D8	0x0058E2D8	0x0058E31E	70	0	first-party	link-order-sandwich	low	bracketed in link order by first-party
0x0058E31E	0x0058E31E	0x0058E352	52	0	first-party	link-order-sandwich	low	bracketed in link order by first-party
0x0058E352	0x0058E352	0x0058E360	14	0	first-party	link-order-sandwich	low	bracketed in link order by first-party
0x0058E360	0x0058E360	0x0058E3A0	64	0	first-party	link-order-sandwich	low	bracketed in link order by first-party
0x0058E3A0	0x0058E3A0	0x0058E3F0	80	0	first-party	link-order-sandwich	low	bracketed in link order by first-party
0x0058E3F8	0x0058E3F8	0x0058E440	72	0	first-party	link-order-sandwich	low	bracketed in link order by first-party
0x0058E454	0x0058E454	0x0058E49E	74	0	first-party	link-order-sandwich	low	bracketed in link order by first-party
0x0058E49E	0x0058E49E	0x0058E4E8	74	0	first-party	link-order-sandwich	low	bracketed in link order by first-party
0x0058E4E8	0x0058E4E8	0x0058E50A	34	0	first-party	link-order-sandwich	low	bracketed in link order by first-party
0x0058E50A	0x0058E50A	0x0058E534	42	0	first-party	link-order-sandwich	low	bracketed in link order by first-party
0x0058E534	0x0058E534	0x0058E618	228	0	first-party	link-order-sandwich	low	bracketed in link order by first-party
0x0058E618	0x0058E618	0x0058E6DE	198	0	first-party	link-order-sandwich	low	bracketed in link order by first-party
0x0058E754	0x0058E754	0x0058E782	46	46	first-party	link-order-sandwich	low	bracketed in link order by first-party
0x0058E782	0x0058E782	0x0058E7AE	44	44	first-party	link-order-sandwich	low	bracketed in link order by first-party
0x0058E7E4	0x0058E7E4	0x0058E80E	42	42	first-party	link-order-sandwich	low	bracketed in link order by first-party
0x0058E80E	0x0058E80E	0x0058E848	58	58	first-party	link-order-sandwich	low	bracketed in link order by first-party
0x0058E860	0x0058E860	0x0058E910	176	0	first-party	link-order-sandwich	low	bracketed in link order by first-party
0x0058EA08	0x0058EA08	0x0058EA12	10	10	first-party	link-order-sandwich	low	bracketed in link order by first-party
0x0058EA68	0x0058EA68	0x0058EAA8	64	64	first-party	link-order-sandwich	low	bracketed in link order by first-party
0x0058EAB0	0x0058EAB0	0x0058EABA	10	10	first-party	link-order-sandwich	low	bracketed in link order by first-party
0x0058EAC4	0x0058EAC4	0x0058EC6C	424	424	first-party	link-order-sandwich	low	bracketed in link order by first-party
0x0058EC74	0x0058EC74	0x0058ECB8	68	68	first-party	link-order-sandwich	low	bracketed in link order by first-party
0x0058ECBC	0x0058ECBC	0x0058ED1A	94	94	first-party	link-order-sandwich	low	bracketed in link order by first-party
0x0058ED20	0x0058ED20	0x0058ED2E	14	14	first-party	call-topology-single-family	medium	every closed-world call target is first-party
0x0058ED2E	0x0058ED2E	0x0058EE58	298	298	first-party	link-order-sandwich	low	bracketed in link order by first-party
0x0058EE58	0x0058EE58	0x0058EE9E	70	70	first-party	link-order-sandwich	low	bracketed in link order by first-party
0x0058EE9E	0x0058EE9E	0x0058F156	696	696	first-party	link-order-sandwich	low	bracketed in link order by first-party
0x0058F156	0x0058F156	0x0058F182	44	44	first-party	call-topology-single-family	medium	every closed-world call target is first-party
0x0058F182	0x0058F182	0x0058F1EC	106	106	first-party	link-order-sandwich	low	bracketed in link order by first-party
0x0058F8CC	0x0058F8CC	0x0058F8D8	12	12	first-party	link-order-sandwich	low	bracketed in link order by first-party
0x0058F8D8	0x0058F8D8	0x0058F8E4	12	12	first-party	link-order-sandwich	low	bracketed in link order by first-party
0x0058F8E4	0x0058F8E4	0x0058F922	62	62	first-party	link-order-sandwich	low	bracketed in link order by first-party
0x0058F922	0x0058F922	0x0058F92C	10	10	first-party	link-order-sandwich	low	bracketed in link order by first-party
0x0058F92C	0x0058F92C	0x0058F936	10	10	first-party	link-order-sandwich	low	bracketed in link order by first-party
0x0058F936	0x0058F936	0x0058F950	26	26	cmsis-freertos	call-topology-single-family	medium	every closed-world call target is cmsis-freertos
0x0058F950	0x0058F950	0x0058F964	20	20	first-party	link-order-sandwich	low	bracketed in link order by first-party
0x0058F970	0x0058F970	0x0058F980	16	16	first-party	link-order-sandwich	low	bracketed in link order by first-party
0x0058F980	0x0058F980	0x0058F9D2	82	82	first-party	link-order-sandwich	low	bracketed in link order by first-party
0x0058FA60	0x0058FA60	0x0058FA66	6	6	first-party	closed-module-manifest	high	function-map manifest g2-nvdb-buzzer
0x0058FA66	0x0058FA66	0x0058FA6C	6	6	first-party	closed-module-manifest	high	function-map manifest g2-nvdb-buzzer
0x0058FA6C	0x0058FA6C	0x0058FA90	36	36	first-party	closed-module-manifest	high	function-map manifest g2-nvdb-buzzer
0x0058FAAC	0x0058FAAC	0x0058FAB6	10	10	first-party	link-order-sandwich	low	bracketed in link order by first-party
0x0058FAB6	0x0058FAB6	0x0058FAC8	18	18	first-party	link-order-sandwich	low	bracketed in link order by first-party
0x0058FAC8	0x0058FAC8	0x0058FAD2	10	10	cmsis-freertos	call-topology-single-family	medium	every closed-world call target is cmsis-freertos
0x0058FAD2	0x0058FAD2	0x0058FB1C	74	74	cmsis-freertos	call-topology-single-family	medium	every closed-world call target is cmsis-freertos
0x0058FB1C	0x0058FB1C	0x0058FB2A	14	14	first-party	link-order-sandwich	low	bracketed in link order by first-party
0x0058FB2A	0x0058FB2A	0x0058FB38	14	14	first-party	link-order-sandwich	low	bracketed in link order by first-party
0x0058FB38	0x0058FB38	0x0058FB52	26	26	first-party	link-order-sandwich	low	bracketed in link order by first-party
0x0058FCF0	0x0058FCF0	0x0058FD18	40	40	investigation-required-no-evidence	none	none	no closed-world evidence
0x0058FD1C	0x0058FD1C	0x0058FD7E	98	98	investigation-required-no-evidence	none	none	no closed-world evidence
0x0058FD7E	0x0058FD7E	0x0058FDBC	62	62	investigation-required-no-evidence	none	none	no closed-world evidence
0x0058FDBC	0x0058FDBC	0x0059005E	674	674	investigation-required-no-evidence	none	none	no closed-world evidence
0x00590104	0x00590104	0x005904CE	970	970	investigation-required-no-evidence	none	none	no closed-world evidence
0x005904CE	0x005904CE	0x0059063E	368	368	investigation-required-no-evidence	none	none	no closed-world evidence
0x00590818	0x00590818	0x00590848	48	48	investigation-required-no-evidence	none	none	no closed-world evidence
0x00590848	0x00590848	0x0059089A	82	82	investigation-required-no-evidence	none	none	no closed-world evidence
0x005908A0	0x005908A0	0x005909B6	278	278	investigation-required-no-evidence	none	none	no closed-world evidence
0x005909B6	0x005909B6	0x00590A16	96	96	investigation-required-no-evidence	none	none	no closed-world evidence
0x00590B6C	0x00590B6C	0x00590B92	38	38	investigation-required-no-evidence	none	none	no closed-world evidence
0x00590B92	0x00590B92	0x00590C62	208	208	investigation-required-no-evidence	none	none	no closed-world evidence
0x00590CF4	0x00590CF4	0x00590D2E	58	58	investigation-required-no-evidence	none	none	no closed-world evidence
0x00590D3C	0x00590D3C	0x00590D74	56	56	investigation-required-no-evidence	none	none	no closed-world evidence
0x00590D74	0x00590D74	0x00590DC8	84	84	investigation-required-no-evidence	none	none	no closed-world evidence
0x00590E64	0x00590DC8	0x00590E6C	164	164	liblc3	documented-family-evidence	high	liblc3 public entry lc3_frame_samples (g2-liblc3-public-entry-map.tsv)
0x00590E6C	0x00590E6C	0x00590F68	252	252	liblc3	link-order-sandwich	low	bracketed in link order by liblc3
0x00590F68	0x00590F68	0x00590F78	16	16	liblc3	link-order-sandwich	low	bracketed in link order by liblc3
0x00590F78	0x00590F78	0x00590F84	12	12	liblc3	documented-family-evidence	high	liblc3 public entry lc3_frame_bytes (g2-liblc3-public-entry-map.tsv)
0x00590F84	0x00590F84	0x00591060	220	220	liblc3	link-order-sandwich	low	bracketed in link order by liblc3
0x00591060	0x00591060	0x0059112E	206	206	liblc3	link-order-sandwich	low	bracketed in link order by liblc3
0x0059112E	0x0059112E	0x005911AE	128	128	liblc3	link-order-sandwich	low	bracketed in link order by liblc3
0x005911B0	0x005911B0	0x0059123A	138	138	liblc3	link-order-sandwich	low	bracketed in link order by liblc3
0x0059123A	0x0059123A	0x00591374	314	314	first-party	call-topology-single-family	medium	every closed-world call target is first-party
0x00591374	0x00591374	0x0059138A	22	22	liblc3	documented-family-evidence	high	liblc3 public entry lc3_setup_encoder (g2-liblc3-public-entry-map.tsv)
0x0059138A	0x0059138A	0x005915A2	536	536	liblc3	documented-family-evidence	high	liblc3 public entry lc3_encode (g2-liblc3-public-entry-map.tsv)
0x005915DC	0x005915DC	0x005915EA	14	14	first-party	closed-module-manifest	high	function-map manifest g2-service-algo
0x0059187A	0x0059187A	0x0059188E	20	20	first-party	closed-module-manifest	high	function-map manifest g2-service-algo
0x0059188E	0x0059188E	0x005918B0	34	34	first-party	closed-module-manifest	high	function-map manifest g2-service-algo
0x005918B0	0x005918B0	0x005918CC	28	28	first-party	closed-module-manifest	high	function-map manifest g2-service-algo
0x005918CC	0x005918CC	0x00591BA4	728	728	first-party	closed-module-manifest	high	function-map manifest g2-service-algo
0x00591BA4	0x00591BA4	0x00591BFC	88	88	first-party	closed-module-manifest	high	function-map manifest g2-service-algo
0x00591BFC	0x00591BFC	0x00591C26	42	42	first-party	closed-module-manifest	high	function-map manifest g2-service-algo
0x00591C26	0x00591C26	0x00591C8C	102	102	first-party	closed-module-manifest	high	function-map manifest g2-service-algo
0x0059243E	0x0059243E	0x00592462	36	36	first-party	link-order-sandwich	low	bracketed in link order by first-party
0x00592484	0x00592484	0x00592556	210	210	first-party	link-order-sandwich	low	bracketed in link order by first-party
0x00592556	0x00592556	0x00592584	46	46	first-party	link-order-sandwich	low	bracketed in link order by first-party
0x00592584	0x00592584	0x005925B4	48	48	first-party	link-order-sandwich	low	bracketed in link order by first-party
0x005925B4	0x005925B4	0x005925E0	44	44	first-party	link-order-sandwich	low	bracketed in link order by first-party
0x005925E0	0x005925E0	0x0059262C	76	76	first-party	link-order-sandwich	low	bracketed in link order by first-party
0x0059262C	0x0059262C	0x0059263C	16	16	first-party	link-order-sandwich	low	bracketed in link order by first-party
0x005926B4	0x005926B4	0x005926EE	58	58	first-party	closed-module-manifest	high	function-map manifest g2-uled-jbd4010
0x005926EE	0x005926EE	0x0059271E	48	48	first-party	closed-module-manifest	high	function-map manifest g2-uled-jbd4010
0x0059271E	0x0059271E	0x0059275E	64	64	first-party	closed-module-manifest	high	function-map manifest g2-uled-jbd4010
0x0059275E	0x0059275E	0x00592792	52	52	first-party	closed-module-manifest	high	function-map manifest g2-uled-jbd4010
0x00592792	0x00592792	0x005927CA	56	56	first-party	closed-module-manifest	high	function-map manifest g2-uled-jbd4010
0x00592C78	0x00592C78	0x00592CB4	60	60	first-party	closed-module-manifest	high	function-map manifest g2-uled-jbd4010
0x005931C0	0x005931C0	0x005931FA	58	58	first-party	closed-module-manifest	high	function-map manifest g2-uled-jbd4010
0x00593200	0x00593200	0x00593288	136	136	first-party	closed-module-manifest	high	function-map manifest g2-uled-jbd4010
0x0059328C	0x0059328C	0x005932F8	108	108	first-party	closed-module-manifest	high	function-map manifest g2-uled-jbd4010
0x00593660	0x00593660	0x005936A4	68	68	first-party	closed-module-manifest	high	function-map manifest g2-uled-jbd4010
0x005939A0	0x005939A0	0x005939A6	6	6	first-party	link-order-sandwich	low	bracketed in link order by first-party
0x005939A8	0x005939A8	0x005939AC	4	4	first-party	link-order-sandwich	low	bracketed in link order by first-party
0x00593A38	0x00593A38	0x00593A78	64	64	first-party	link-order-sandwich	low	bracketed in link order by first-party
0x00593A78	0x00593A78	0x00593AF6	126	126	first-party	link-order-sandwich	low	bracketed in link order by first-party
0x00593AF6	0x00593AF6	0x00593AFE	8	0	first-party	link-order-sandwich	low	bracketed in link order by first-party
0x00593AFE	0x00593AFE	0x00593BF8	250	250	first-party	link-order-sandwich	low	bracketed in link order by first-party
0x00593BF8	0x00593BF8	0x00593C30	56	56	first-party	link-order-sandwich	low	bracketed in link order by first-party
0x00593C34	0x00593C34	0x00593D4A	278	278	first-party	link-order-sandwich	low	bracketed in link order by first-party
0x00593D4A	0x00593D4A	0x00593E08	190	190	first-party	link-order-sandwich	low	bracketed in link order by first-party
0x00593E0C	0x00593E0C	0x005942AA	1182	1182	first-party	link-order-sandwich	low	bracketed in link order by first-party
0x005942AA	0x005942AA	0x005942C8	30	30	first-party	link-order-sandwich	low	bracketed in link order by first-party
0x005942C8	0x005942C8	0x00594300	56	56	first-party	link-order-sandwich	low	bracketed in link order by first-party
0x00594334	0x00594334	0x00594486	338	338	first-party	link-order-sandwich	low	bracketed in link order by first-party
0x005944BC	0x005944BC	0x005947B0	756	756	first-party	link-order-sandwich	low	bracketed in link order by first-party
0x00595984	0x00595984	0x005959A2	30	30	first-party	link-order-sandwich	low	bracketed in link order by first-party
0x005959A2	0x005959A2	0x00595A2E	140	140	first-party	link-order-sandwich	low	bracketed in link order by first-party
0x00595A2E	0x00595A2E	0x00595A32	4	4	first-party	link-order-sandwich	low	bracketed in link order by first-party
0x00595A34	0x00595A34	0x00595A56	34	34	iar-dlib	call-topology-single-family	medium	every closed-world call target is iar-dlib
0x00596094	0x00596094	0x005960C2	46	46	first-party	closed-module-manifest	high	function-map manifest g2-conversate-tag-data
0x00596188	0x00596188	0x0059619E	22	22	first-party	closed-module-manifest	high	function-map manifest g2-conversate-tag-data
0x00596B00	0x00596B00	0x00596B0C	12	12	first-party	closed-module-manifest	high	function-map manifest g2-translate-fsm
0x005970A8	0x005970A8	0x005970C0	24	24	first-party	closed-module-manifest	high	function-map manifest g2-terminal-data
0x005970C0	0x005970C0	0x005970F0	48	48	first-party	closed-module-manifest	high	function-map manifest g2-terminal-data
0x005970F0	0x005970F0	0x00597108	24	24	first-party	closed-module-manifest	high	function-map manifest g2-terminal-data
0x00597108	0x00597108	0x00597110	8	8	first-party	closed-module-manifest	high	function-map manifest g2-terminal-data
0x00597110	0x00597110	0x00597124	20	20	first-party	closed-module-manifest	high	function-map manifest g2-terminal-data
0x00597124	0x00597124	0x00597138	20	20	first-party	closed-module-manifest	high	function-map manifest g2-terminal-data
0x00597138	0x00597138	0x00597188	80	80	first-party	closed-module-manifest	high	function-map manifest g2-terminal-data
0x00597188	0x00597188	0x005971CC	68	68	first-party	closed-module-manifest	high	function-map manifest g2-terminal-data
0x005971CC	0x005971CC	0x005971F6	42	42	first-party	closed-module-manifest	high	function-map manifest g2-terminal-data
0x005971F6	0x005971F6	0x0059722C	54	54	first-party	closed-module-manifest	high	function-map manifest g2-terminal-data
0x0059722C	0x0059722C	0x0059726E	66	66	first-party	closed-module-manifest	high	function-map manifest g2-terminal-data
0x0059726E	0x0059726E	0x005972CE	96	96	first-party	closed-module-manifest	high	function-map manifest g2-terminal-data
0x005972CE	0x005972CE	0x00597318	74	74	first-party	closed-module-manifest	high	function-map manifest g2-terminal-data
0x00597318	0x00597318	0x0059731E	6	6	first-party	closed-module-manifest	high	function-map manifest g2-terminal-data
0x0059731E	0x0059731E	0x00597324	6	6	first-party	closed-module-manifest	high	function-map manifest g2-terminal-data
0x00597324	0x00597324	0x0059732A	6	6	first-party	closed-module-manifest	high	function-map manifest g2-terminal-data
0x0059732A	0x0059732A	0x00597344	26	26	first-party	closed-module-manifest	high	function-map manifest g2-terminal-data
0x00597344	0x00597344	0x0059734A	6	6	first-party	closed-module-manifest	high	function-map manifest g2-terminal-data
0x0059734A	0x0059734A	0x00597350	6	6	first-party	closed-module-manifest	high	function-map manifest g2-terminal-data
0x00597350	0x00597350	0x0059737C	44	44	first-party	closed-module-manifest	high	function-map manifest g2-terminal-data
0x0059737C	0x0059737C	0x005973AA	46	46	first-party	closed-module-manifest	high	function-map manifest g2-terminal-data
0x005973AA	0x005973AA	0x005973B2	8	8	first-party	closed-module-manifest	high	function-map manifest g2-terminal-data
0x005973B2	0x005973B2	0x005973D4	34	34	first-party	closed-module-manifest	high	function-map manifest g2-terminal-data
0x005973D4	0x005973D4	0x005973DC	8	8	first-party	closed-module-manifest	high	function-map manifest g2-terminal-data
0x005973DC	0x005973DC	0x005973E4	8	8	first-party	closed-module-manifest	high	function-map manifest g2-terminal-data
0x005973E4	0x005973E4	0x00597446	98	98	first-party	closed-module-manifest	high	function-map manifest g2-terminal-data
0x00597446	0x00597446	0x00597452	12	12	first-party	closed-module-manifest	high	function-map manifest g2-terminal-data
0x00597464	0x00597464	0x005974D4	112	112	first-party	closed-module-manifest	high	function-map manifest g2-terminal-data
0x00597544	0x00597544	0x00597572	46	46	first-party	closed-module-manifest	high	function-map manifest g2-terminal-data
0x00597572	0x00597572	0x0059758E	28	28	first-party	closed-module-manifest	high	function-map manifest g2-terminal-data
0x0059758E	0x0059758E	0x00597596	8	8	first-party	closed-module-manifest	high	function-map manifest g2-terminal-data
0x00597652	0x00597652	0x00597664	18	18	first-party	closed-module-manifest	high	function-map manifest g2-terminal-data
0x00597664	0x00597664	0x0059769C	56	56	first-party	closed-module-manifest	high	function-map manifest g2-terminal-data
0x0059769C	0x0059769C	0x005976D8	60	60	first-party	closed-module-manifest	high	function-map manifest g2-terminal-data
0x005976D8	0x005976D8	0x005977CE	246	246	first-party	closed-module-manifest	high	function-map manifest g2-terminal-data
0x005977CE	0x005977CE	0x005978EE	288	288	first-party	closed-module-manifest	high	function-map manifest g2-terminal-data
0x005979B2	0x005979B2	0x005979CE	28	28	first-party	closed-module-manifest	high	function-map manifest g2-terminal-data
0x005979CE	0x005979CE	0x00597A96	200	200	first-party	closed-module-manifest	high	function-map manifest g2-terminal-data
0x00597BE4	0x00597BE4	0x00597C02	30	30	first-party	closed-module-manifest	high	function-map manifest g2-terminal-data
0x00597C6C	0x00597C6C	0x00597CAE	66	66	investigation-required-no-evidence	none	none	no closed-world evidence
0x00597CAE	0x00597CAE	0x00597CDE	48	48	investigation-required-no-evidence	none	none	no closed-world evidence
0x00597CDE	0x00597CDE	0x00597D10	50	50	investigation-required-no-evidence	none	none	no closed-world evidence
0x00597D10	0x00597D10	0x00597D20	16	16	investigation-required-no-evidence	none	none	no closed-world evidence
0x00597D34	0x00597D34	0x00597D72	62	62	investigation-required-no-evidence	none	none	no closed-world evidence
0x00597D72	0x00597D72	0x00597DB0	62	62	investigation-required-no-evidence	none	none	no closed-world evidence
0x00597DB0	0x00597DB0	0x00597DEA	58	58	investigation-required-no-evidence	none	none	no closed-world evidence
0x00597DEC	0x00597DEC	0x00597E18	44	44	investigation-required-no-evidence	none	none	no closed-world evidence
0x00597E1C	0x00597E1C	0x00597E54	56	56	investigation-required-no-evidence	none	none	no closed-world evidence
0x00597E54	0x00597E54	0x00597E82	46	46	investigation-required-no-evidence	none	none	no closed-world evidence
0x00597E90	0x00597E90	0x00597EA6	22	22	lvgl	call-topology-single-family	medium	every closed-world call target is lvgl
0x00598074	0x00598074	0x0059812E	186	186	investigation-required-no-evidence	none	none	no closed-world evidence
0x00598134	0x00598134	0x00598146	18	0	investigation-required-no-evidence	none	none	no closed-world evidence
0x00598146	0x00598146	0x00598160	26	0	investigation-required-no-evidence	none	none	no closed-world evidence
0x00598198	0x00598198	0x005981C4	44	0	investigation-required-no-evidence	none	none	no closed-world evidence
0x005981C4	0x005981C4	0x005981E0	28	0	investigation-required-no-evidence	none	none	no closed-world evidence
0x005981E0	0x005981E0	0x0059820A	42	0	investigation-required-no-evidence	none	none	no closed-world evidence
0x0059820A	0x0059820A	0x0059823C	50	0	investigation-required-no-evidence	none	none	no closed-world evidence
0x0059823C	0x0059823C	0x00598282	70	70	investigation-required-no-evidence	none	none	no closed-world evidence
0x00598284	0x00598284	0x00598458	468	468	investigation-required-no-evidence	none	none	no closed-world evidence
0x0059845C	0x0059845C	0x0059898A	1326	1326	investigation-required-no-evidence	none	none	no closed-world evidence
0x0059898C	0x0059898C	0x00598994	8	8	investigation-required-no-evidence	none	none	no closed-world evidence
0x00598994	0x00598994	0x00598AB8	292	292	investigation-required-no-evidence	none	none	no closed-world evidence
0x00598AB8	0x00598AB8	0x00598DCC	788	788	investigation-required-no-evidence	none	none	no closed-world evidence
0x00598DEC	0x00598DEC	0x00598EFA	270	270	investigation-required-no-evidence	none	none	no closed-world evidence
0x00598F14	0x00598F14	0x00599046	306	306	investigation-required-no-evidence	none	none	no closed-world evidence
0x00599050	0x00599050	0x00599080	48	48	investigation-required-no-evidence	none	none	no closed-world evidence
0x00599080	0x00599080	0x005990BC	60	60	investigation-required-no-evidence	none	none	no closed-world evidence
0x005990CC	0x005990CC	0x005990F0	36	36	investigation-required-no-evidence	none	none	no closed-world evidence
0x005990F0	0x005990F0	0x00599290	416	416	investigation-required-no-evidence	none	none	no closed-world evidence
0x00599290	0x00599290	0x00599324	148	148	investigation-required-no-evidence	none	none	no closed-world evidence
0x00599328	0x00599328	0x005996C0	920	920	investigation-required-no-evidence	none	none	no closed-world evidence
0x00599714	0x00599714	0x0059A910	4604	4604	investigation-required-no-evidence	none	none	no closed-world evidence
0x0059A910	0x0059A910	0x0059A9A8	152	152	investigation-required-no-evidence	none	none	no closed-world evidence
0x0059A9C8	0x0059A9C8	0x0059AA00	56	56	investigation-required-no-evidence	none	none	no closed-world evidence
0x0059AA00	0x0059AA00	0x0059AA06	6	6	investigation-required-no-evidence	none	none	no closed-world evidence
0x0059AA06	0x0059AA06	0x0059AA84	126	126	investigation-required-no-evidence	none	none	no closed-world evidence
0x0059AA84	0x0059AA84	0x0059B4B6	2610	2610	first-party	call-topology-single-family	medium	every closed-world call target is first-party
0x0059B4B8	0x0059B4B8	0x0059B5BA	258	258	investigation-required-no-evidence	none	none	no closed-world evidence
0x0059B5C4	0x0059B5C4	0x0059B688	196	196	investigation-required-no-evidence	none	none	no closed-world evidence
0x0059B6A0	0x0059B6A0	0x0059B6AC	12	12	investigation-required-no-evidence	none	none	no closed-world evidence
0x0059B6AC	0x0059B6AC	0x0059B6D0	36	36	investigation-required-no-evidence	none	none	no closed-world evidence
0x0059B6D0	0x0059B6D0	0x0059B712	66	66	investigation-required-no-evidence	none	none	no closed-world evidence
0x0059B714	0x0059B714	0x0059B76A	86	86	investigation-required-no-evidence	none	none	no closed-world evidence
0x0059B76C	0x0059B76C	0x0059B808	156	156	investigation-required-no-evidence	none	none	no closed-world evidence
0x0059B80C	0x0059B80C	0x0059B852	70	70	investigation-required-no-evidence	none	none	no closed-world evidence
0x0059B852	0x0059B852	0x0059BA96	580	580	investigation-required-no-evidence	none	none	no closed-world evidence
0x0059BA96	0x0059BA96	0x0059BAE4	78	78	investigation-required-no-evidence	none	none	no closed-world evidence
0x0059BAE4	0x0059BAE4	0x0059C166	1666	1666	investigation-required-no-evidence	none	none	references peripheral registers
0x0059C1C4	0x0059C1C4	0x0059C202	62	62	investigation-required-no-evidence	none	none	no closed-world evidence
0x0059C204	0x0059C204	0x0059C78C	1416	1416	investigation-required-no-evidence	none	none	no closed-world evidence
0x0059C7AC	0x0059C7AC	0x0059C800	84	84	investigation-required-no-evidence	none	none	references peripheral registers
0x0059C800	0x0059C800	0x0059C81C	28	28	investigation-required-no-evidence	none	none	no closed-world evidence
0x0059C820	0x0059C820	0x0059C83E	30	30	first-party	closed-module-manifest	high	function-map manifest g2-uled-mspi-common
0x0059C83E	0x0059C83E	0x0059C866	40	40	first-party	closed-module-manifest	high	function-map manifest g2-uled-mspi-common
0x0059C866	0x0059C866	0x0059C876	16	16	first-party	closed-module-manifest	high	function-map manifest g2-uled-mspi-common
0x0059CAFC	0x0059CAFC	0x0059CB42	70	70	first-party	closed-module-manifest	high	function-map manifest g2-uled-mspi-common
0x0059D380	0x0059D380	0x0059D3B2	50	50	first-party	closed-module-manifest	high	function-map manifest g2-translate-ui
0x0059DB5C	0x0059DB5C	0x0059DB66	10	10	first-party	closed-module-manifest	high	function-map manifest g2-translate-ui
0x0059DB66	0x0059DB66	0x0059DB80	26	26	first-party	closed-module-manifest	high	function-map manifest g2-translate-ui
0x0059DB80	0x0059DB80	0x0059DB9A	26	26	first-party	closed-module-manifest	high	function-map manifest g2-translate-ui
0x0059E1D0	0x0059E1D0	0x0059E1EA	26	26	first-party	closed-module-manifest	high	function-map manifest g2-translate-ui
0x0059E9E2	0x0059E9E2	0x0059EA10	46	46	first-party	closed-module-manifest	high	function-map manifest g2-translate
0x0059ED06	0x0059ED06	0x0059ED1C	22	22	first-party	closed-module-manifest	high	function-map manifest g2-translate
0x0059F510	0x0059F510	0x0059F520	16	16	first-party	link-order-sandwich	low	bracketed in link order by first-party
0x0059F520	0x0059F520	0x0059F53C	28	28	first-party	link-order-sandwich	low	bracketed in link order by first-party
0x0059FAE0	0x0059FAE0	0x0059FB62	130	130	first-party	call-topology-single-family	medium	every closed-world call target is first-party
0x0059FB70	0x0059FB70	0x0059FBAC	60	60	first-party	link-order-sandwich	low	bracketed in link order by first-party
0x0059FBAC	0x0059FBAC	0x0059FCA2	246	246	first-party	link-order-sandwich	low	bracketed in link order by first-party
0x0059FCA2	0x0059FCA2	0x0059FD36	148	148	first-party	link-order-sandwich	low	bracketed in link order by first-party
0x0059FD36	0x0059FD36	0x0059FD82	76	76	first-party	link-order-sandwich	low	bracketed in link order by first-party
0x0059FE5A	0x0059FE5A	0x0059FF98	318	318	first-party	link-order-sandwich	low	bracketed in link order by first-party
0x005A0018	0x005A0018	0x005A001C	4	4	first-party	link-order-sandwich	low	bracketed in link order by first-party
0x005A001C	0x005A001C	0x005A00C8	172	172	first-party	link-order-sandwich	low	bracketed in link order by first-party
0x005A00C8	0x005A00C8	0x005A00FC	52	52	first-party	link-order-sandwich	low	bracketed in link order by first-party
0x005A00FC	0x005A00FC	0x005A0204	264	264	first-party	link-order-sandwich	low	bracketed in link order by first-party
0x005A0204	0x005A0204	0x005A0316	274	274	first-party	link-order-sandwich	low	bracketed in link order by first-party
0x005A0328	0x005A0328	0x005A05E0	696	696	first-party	link-order-sandwich	low	bracketed in link order by first-party
0x005A05E0	0x005A05E0	0x005A0786	422	422	first-party	link-order-sandwich	low	bracketed in link order by first-party
0x005A0786	0x005A0786	0x005A07E6	96	96	first-party	link-order-sandwich	low	bracketed in link order by first-party
0x005A08E4	0x005A08E4	0x005A09C2	222	222	first-party	link-order-sandwich	low	bracketed in link order by first-party
0x005A0A70	0x005A0A70	0x005A0AE8	120	120	first-party	link-order-sandwich	low	bracketed in link order by first-party
0x005A0AE8	0x005A0AE8	0x005A0B54	108	108	first-party	link-order-sandwich	low	bracketed in link order by first-party
0x005A0B54	0x005A0B54	0x005A0B9C	72	72	first-party	link-order-sandwich	low	bracketed in link order by first-party
0x005A0B9C	0x005A0B9C	0x005A0BCC	48	48	first-party	link-order-sandwich	low	bracketed in link order by first-party
0x005A0BCC	0x005A0BCC	0x005A0C1C	80	80	first-party	link-order-sandwich	low	bracketed in link order by first-party
0x005A0C20	0x005A0C20	0x005A0D40	288	288	first-party	link-order-sandwich	low	bracketed in link order by first-party
0x005A0D44	0x005A0D44	0x005A0D98	84	84	first-party	link-order-sandwich	low	bracketed in link order by first-party
0x005A0D9C	0x005A0D9C	0x005A0FC4	552	552	first-party	link-order-sandwich	low	bracketed in link order by first-party
0x005A0FC4	0x005A0FC4	0x005A13CC	1032	1032	first-party	link-order-sandwich	low	bracketed in link order by first-party
0x005A13E8	0x005A13E8	0x005A16EA	770	770	first-party	link-order-sandwich	low	bracketed in link order by first-party
0x005A1738	0x005A1738	0x005A1BB6	1150	1150	first-party	link-order-sandwich	low	bracketed in link order by first-party
0x005A1C18	0x005A1C18	0x005A1DA4	396	396	first-party	link-order-sandwich	low	bracketed in link order by first-party
0x005A1DA4	0x005A1DA4	0x005A1DF4	80	80	first-party	link-order-sandwich	low	bracketed in link order by first-party
0x005A1E8C	0x005A1E8C	0x005A1F04	120	120	first-party	link-order-sandwich	low	bracketed in link order by first-party
0x005A1F04	0x005A1F04	0x005A20DA	470	470	first-party	link-order-sandwich	low	bracketed in link order by first-party
0x005A22C0	0x005A22C0	0x005A23F8	312	312	first-party	link-order-sandwich	low	bracketed in link order by first-party
0x005A23F8	0x005A23F8	0x005A2462	106	106	first-party	link-order-sandwich	low	bracketed in link order by first-party
0x005A2462	0x005A2462	0x005A2586	292	292	first-party	link-order-sandwich	low	bracketed in link order by first-party
0x005A2586	0x005A2586	0x005A26BE	312	312	first-party	link-order-sandwich	low	bracketed in link order by first-party
0x005A26BE	0x005A26BE	0x005A28C0	514	514	first-party	link-order-sandwich	low	bracketed in link order by first-party
0x005A28C0	0x005A28C0	0x005A299E	222	222	first-party	link-order-sandwich	low	bracketed in link order by first-party
0x005A2B14	0x005A2B14	0x005A2C28	276	276	first-party	link-order-sandwich	low	bracketed in link order by first-party
0x005A2C30	0x005A2C30	0x005A2D04	212	212	first-party	link-order-sandwich	low	bracketed in link order by first-party
0x005A2D24	0x005A2D24	0x005A2E10	236	236	first-party	link-order-sandwich	low	bracketed in link order by first-party
0x005A2E10	0x005A2E10	0x005A2EEA	218	218	first-party	link-order-sandwich	low	bracketed in link order by first-party
0x005A2EEA	0x005A2EEA	0x005A3122	568	568	first-party	link-order-sandwich	low	bracketed in link order by first-party
0x005A3122	0x005A3122	0x005A3260	318	318	first-party	link-order-sandwich	low	bracketed in link order by first-party
0x005A326C	0x005A326C	0x005A34CA	606	606	first-party	link-order-sandwich	low	bracketed in link order by first-party
0x005A34CA	0x005A34CA	0x005A359C	210	210	first-party	link-order-sandwich	low	bracketed in link order by first-party
0x005A35A4	0x005A35A4	0x005A36A4	256	256	first-party	link-order-sandwich	low	bracketed in link order by first-party
0x005A36AC	0x005A36AC	0x005A3780	212	212	first-party	link-order-sandwich	low	bracketed in link order by first-party
0x005A3798	0x005A3798	0x005A38CE	310	310	first-party	link-order-sandwich	low	bracketed in link order by first-party
0x005A38CE	0x005A38CE	0x005A3A9E	464	464	first-party	link-order-sandwich	low	bracketed in link order by first-party
0x005A3AB0	0x005A3AB0	0x005A3BCC	284	284	first-party	link-order-sandwich	low	bracketed in link order by first-party
0x005A3BCC	0x005A3BCC	0x005A3CC6	250	250	first-party	link-order-sandwich	low	bracketed in link order by first-party
0x005A3CC6	0x005A3CC6	0x005A3E1E	344	344	first-party	link-order-sandwich	low	bracketed in link order by first-party
0x005A3E24	0x005A3E24	0x005A3E76	82	82	first-party	link-order-sandwich	low	bracketed in link order by first-party
0x005A3FE8	0x005A3FE8	0x005A40B0	200	200	first-party	link-order-sandwich	low	bracketed in link order by first-party
0x005A40CA	0x005A40CA	0x005A40F8	46	46	first-party	link-order-sandwich	low	bracketed in link order by first-party
0x005A410C	0x005A410C	0x005A421C	272	272	first-party	link-order-sandwich	low	bracketed in link order by first-party
0x005A421C	0x005A421C	0x005A4232	22	22	first-party	link-order-sandwich	low	bracketed in link order by first-party
0x005A423C	0x005A423C	0x005A4324	232	232	first-party	link-order-sandwich	low	bracketed in link order by first-party
0x005A4334	0x005A4334	0x005A44BA	390	390	first-party	link-order-sandwich	low	bracketed in link order by first-party
0x005A44BA	0x005A44BA	0x005A453C	130	130	first-party	link-order-sandwich	low	bracketed in link order by first-party
0x005A453C	0x005A453C	0x005A45C6	138	138	first-party	link-order-sandwich	low	bracketed in link order by first-party
0x005A45D0	0x005A45D0	0x005A48DE	782	782	first-party	link-order-sandwich	low	bracketed in link order by first-party
0x005A490C	0x005A490C	0x005A4D00	1012	1012	first-party	link-order-sandwich	low	bracketed in link order by first-party
0x005A4D48	0x005A4D48	0x005A4E08	192	192	first-party	link-order-sandwich	low	bracketed in link order by first-party
0x005A4E0C	0x005A4E0C	0x005A4E5C	80	80	first-party	link-order-sandwich	low	bracketed in link order by first-party
0x005A55A0	0x005A55A0	0x005A567A	218	218	first-party	closed-module-manifest	high	function-map manifest g2-at-fs
0x005A567A	0x005A567A	0x005A56A0	38	38	first-party	closed-module-manifest	high	function-map manifest g2-at-fs
0x005A5D94	0x005A5D94	0x005A5E3A	166	166	cordio	closed-module-manifest	high	function-map manifest packetcraft-cordio-atts-write
0x005A5E3A	0x005A5E3A	0x005A5FC2	392	392	cordio	closed-module-manifest	high	function-map manifest packetcraft-cordio-atts-write
0x005A5FC2	0x005A5FC2	0x005A6170	430	430	cordio	closed-module-manifest	high	function-map manifest packetcraft-cordio-atts-write
0x005A6170	0x005A6170	0x005A6258	232	232	cordio	closed-module-manifest	high	function-map manifest packetcraft-cordio-atts-write
0x005A6260	0x005A6260	0x005A62A2	66	66	investigation-required-no-evidence	none	none	no closed-world evidence
0x005A62A2	0x005A62A2	0x005A63C8	294	294	investigation-required-no-evidence	none	none	no closed-world evidence
0x005A63C8	0x005A63C8	0x005A65DE	534	534	investigation-required-no-evidence	none	none	no closed-world evidence
0x005A65DE	0x005A65DE	0x005A6856	632	632	investigation-required-no-evidence	none	none	no closed-world evidence
0x005A6856	0x005A6856	0x005A68DE	136	136	investigation-required-no-evidence	none	none	no closed-world evidence
0x005A6A80	0x005A6A80	0x005A6AE8	104	104	investigation-required-no-evidence	none	none	no closed-world evidence
0x005A6AE8	0x005A6AE8	0x005A6D10	552	552	investigation-required-no-evidence	none	none	no closed-world evidence
0x005A6D10	0x005A6D10	0x005A6FB2	674	674	investigation-required-no-evidence	none	none	no closed-world evidence
0x005A6FB2	0x005A6FB2	0x005A6FDC	42	42	investigation-required-no-evidence	none	none	no closed-world evidence
0x005A6FDC	0x005A6FDC	0x005A710A	302	302	investigation-required-no-evidence	none	none	no closed-world evidence
0x005A710A	0x005A710A	0x005A719E	148	148	investigation-required-no-evidence	none	none	no closed-world evidence
0x005A719E	0x005A719E	0x005A71EC	78	78	investigation-required-no-evidence	none	none	no closed-world evidence
0x005A71EC	0x005A71EC	0x005A731E	306	306	investigation-required-no-evidence	none	none	no closed-world evidence
0x005A731E	0x005A731E	0x005A733E	32	32	investigation-required-no-evidence	none	none	no closed-world evidence
0x005A733E	0x005A733E	0x005A734C	14	14	investigation-required-no-evidence	none	none	no closed-world evidence
0x005A734C	0x005A734C	0x005A74AA	350	350	investigation-required-no-evidence	none	none	no closed-world evidence
0x005A74AA	0x005A74AA	0x005A77C4	794	794	investigation-required-no-evidence	none	none	no closed-world evidence
0x005A77C4	0x005A77C4	0x005A7896	210	210	investigation-required-no-evidence	none	none	no closed-world evidence
0x005A7896	0x005A7896	0x005A798C	246	246	investigation-required-no-evidence	none	none	no closed-world evidence
0x005A798C	0x005A798C	0x005A79AE	34	34	investigation-required-no-evidence	none	none	no closed-world evidence
0x005A79CE	0x005A79CE	0x005A7C2A	604	604	investigation-required-no-evidence	none	none	no closed-world evidence
0x005A7C2A	0x005A7C2A	0x005A7CA4	122	122	investigation-required-no-evidence	none	none	no closed-world evidence
0x005A7CA4	0x005A7CA4	0x005A7D02	94	94	investigation-required-no-evidence	none	none	no closed-world evidence
0x005A7D02	0x005A7D02	0x005A7DC0	190	190	investigation-required-no-evidence	none	none	no closed-world evidence
0x005A7DC0	0x005A7DC0	0x005A7DCE	14	14	investigation-required-no-evidence	none	none	no closed-world evidence
0x005A7DCE	0x005A7DCE	0x005A7E86	184	184	investigation-required-no-evidence	none	none	no closed-world evidence
0x005A7E86	0x005A7E86	0x005A7FA4	286	286	investigation-required-no-evidence	none	none	no closed-world evidence
0x005A7FB4	0x005A7FB4	0x005A7FFA	70	70	investigation-required-no-evidence	none	none	no closed-world evidence
0x005A7FFA	0x005A7FFA	0x005A8012	24	24	investigation-required-no-evidence	none	none	no closed-world evidence
0x005A8012	0x005A8012	0x005A80BA	168	168	investigation-required-no-evidence	none	none	no closed-world evidence
0x005A80BA	0x005A80BA	0x005A80C6	12	12	investigation-required-no-evidence	none	none	no closed-world evidence
0x005A80C6	0x005A80C6	0x005A85BC	1270	1270	investigation-required-no-evidence	none	none	no closed-world evidence
0x005A85BC	0x005A85BC	0x005A8602	70	70	investigation-required-no-evidence	none	none	no closed-world evidence
0x005A8602	0x005A8602	0x005A8672	112	112	investigation-required-no-evidence	none	none	no closed-world evidence
0x005A8672	0x005A8672	0x005A87F0	382	382	investigation-required-no-evidence	none	none	no closed-world evidence
0x005A87F0	0x005A87F0	0x005A8820	48	48	investigation-required-no-evidence	none	none	no closed-world evidence
0x005A8820	0x005A8820	0x005A88B8	152	152	investigation-required-no-evidence	none	none	no closed-world evidence
0x005A88B8	0x005A88B8	0x005A89BE	262	262	investigation-required-no-evidence	none	none	no closed-world evidence
0x005A89BE	0x005A89BE	0x005A8A04	70	70	investigation-required-no-evidence	none	none	no closed-world evidence
0x005A8A78	0x005A8A78	0x005A8C8A	530	530	investigation-required-no-evidence	none	none	no closed-world evidence
0x005A8C8A	0x005A8C8A	0x005A8D06	124	124	investigation-required-no-evidence	none	none	no closed-world evidence
0x005A8D06	0x005A8D06	0x005A9628	2338	2338	investigation-required-no-evidence	none	none	no closed-world evidence
0x005A9628	0x005A9628	0x005A96B2	138	138	investigation-required-no-evidence	none	none	no closed-world evidence
0x005A9700	0x005A9700	0x005A99A8	680	680	investigation-required-no-evidence	none	none	no closed-world evidence
0x005A99E8	0x005A99E8	0x005A9F92	1450	1450	investigation-required-no-evidence	none	none	no closed-world evidence
0x005A9F98	0x005A9F98	0x005AA0E2	330	330	investigation-required-no-evidence	none	none	no closed-world evidence
0x005AA0E2	0x005AA0E2	0x005AA3F4	786	786	investigation-required-no-evidence	none	none	no closed-world evidence
0x005AA3FC	0x005AA3FC	0x005AA42E	50	50	investigation-required-no-evidence	none	none	no closed-world evidence
0x005AA42E	0x005AA42E	0x005AA582	340	340	investigation-required-no-evidence	none	none	no closed-world evidence
0x005AA582	0x005AA582	0x005AA62E	172	172	investigation-required-no-evidence	none	none	no closed-world evidence
0x005AA62E	0x005AA62E	0x005AA67C	78	78	investigation-required-no-evidence	none	none	no closed-world evidence
0x005AA67C	0x005AA67C	0x005AA80A	398	398	investigation-required-no-evidence	none	none	no closed-world evidence
0x005AA80A	0x005AA80A	0x005AA832	40	40	investigation-required-no-evidence	none	none	no closed-world evidence
0x005AA832	0x005AA832	0x005AA840	14	14	investigation-required-no-evidence	none	none	no closed-world evidence
0x005AA840	0x005AA840	0x005AAE7C	1596	1596	investigation-required-no-evidence	none	none	no closed-world evidence
0x005AAE7C	0x005AAE7C	0x005AAF8C	272	272	investigation-required-no-evidence	none	none	no closed-world evidence
0x005AAF8C	0x005AAF8C	0x005AAFA2	22	22	investigation-required-no-evidence	none	none	no closed-world evidence
0x005AAFA2	0x005AAFA2	0x005AAFD0	46	46	investigation-required-no-evidence	none	none	no closed-world evidence
0x005AAFDE	0x005AAFDE	0x005AB144	358	358	investigation-required-no-evidence	none	none	no closed-world evidence
0x005AB148	0x005AB148	0x005AB58E	1094	1094	investigation-required-no-evidence	none	none	no closed-world evidence
0x005AB58E	0x005AB58E	0x005AB71E	400	400	investigation-required-no-evidence	none	none	no closed-world evidence
0x005AB71E	0x005AB71E	0x005AB758	58	58	investigation-required-no-evidence	none	none	no closed-world evidence
0x005AB758	0x005AB758	0x005AB896	318	318	investigation-required-no-evidence	none	none	no closed-world evidence
0x005AB896	0x005AB896	0x005AB98C	246	246	investigation-required-no-evidence	none	none	no closed-world evidence
0x005AB98C	0x005AB98C	0x005AB996	10	10	investigation-required-no-evidence	none	none	no closed-world evidence
0x005ABA26	0x005ABA26	0x005ABA34	14	14	investigation-required-no-evidence	none	none	no closed-world evidence
0x005ABA34	0x005ABA34	0x005ABA40	12	12	investigation-required-no-evidence	none	none	no closed-world evidence
0x005ABA40	0x005ABA40	0x005ABAF8	184	184	investigation-required-no-evidence	none	none	no closed-world evidence
0x005ABAF8	0x005ABAF8	0x005ABB1C	36	36	investigation-required-no-evidence	none	none	no closed-world evidence
0x005ABB1C	0x005ABB1C	0x005ABC2A	270	270	investigation-required-no-evidence	none	none	no closed-world evidence
0x005ABC64	0x005ABC64	0x005ABEF8	660	660	investigation-required-no-evidence	none	none	no closed-world evidence
0x005ABFB0	0x005ABFB0	0x005ABFC2	18	18	investigation-required-no-evidence	none	none	no closed-world evidence
0x005ABFC2	0x005ABFC2	0x005ABFD4	18	18	investigation-required-no-evidence	none	none	no closed-world evidence
0x005ABFF2	0x005ABFF2	0x005AC02A	56	56	investigation-required-no-evidence	none	none	no closed-world evidence
0x005AC02A	0x005AC02A	0x005AC140	278	278	investigation-required-no-evidence	none	none	no closed-world evidence
0x005AC140	0x005AC140	0x005AC1BC	124	124	investigation-required-no-evidence	none	none	no closed-world evidence
0x005AC1BC	0x005AC1BC	0x005AC26A	174	174	investigation-required-no-evidence	none	none	no closed-world evidence
0x005AC5F0	0x005AC5F0	0x005AC634	68	68	investigation-required-no-evidence	none	none	no closed-world evidence
0x005AC634	0x005AC634	0x005AC66E	58	58	investigation-required-no-evidence	none	none	no closed-world evidence
0x005AC66E	0x005AC66E	0x005ACD02	1684	1684	investigation-required-no-evidence	none	none	no closed-world evidence
0x005ACD08	0x005ACD08	0x005ACD72	106	106	investigation-required-no-evidence	none	none	no closed-world evidence
0x005ACD72	0x005ACD72	0x005ACD86	20	20	investigation-required-no-evidence	none	none	no closed-world evidence
0x005ACD86	0x005ACD86	0x005ACDFE	120	120	investigation-required-no-evidence	none	none	no closed-world evidence
0x005ACE10	0x005ACE10	0x005AD080	624	624	investigation-required-no-evidence	none	none	no closed-world evidence
0x005AD090	0x005AD090	0x005AD0DA	74	74	investigation-required-no-evidence	none	none	no closed-world evidence
0x005AD0DA	0x005AD0DA	0x005AD150	118	118	investigation-required-no-evidence	none	none	no closed-world evidence
0x005AD150	0x005AD150	0x005AD15A	10	10	investigation-required-no-evidence	none	none	no closed-world evidence
0x005AD15A	0x005AD15A	0x005AD162	8	8	investigation-required-no-evidence	none	none	no closed-world evidence
0x005AD162	0x005AD162	0x005AD1E4	130	130	investigation-required-no-evidence	none	none	no closed-world evidence
0x005AD564	0x005AD564	0x005AD74A	486	486	investigation-required-no-evidence	none	none	no closed-world evidence
0x005AD778	0x005AD778	0x005AD7AC	52	52	investigation-required-no-evidence	none	none	no closed-world evidence
0x005AD7AC	0x005AD7AC	0x005AD8C0	276	276	investigation-required-no-evidence	none	none	no closed-world evidence
0x005AD8C0	0x005AD8C0	0x005AD8F6	54	54	investigation-required-no-evidence	none	none	no closed-world evidence
0x005AD8F6	0x005AD8F6	0x005AD9FE	264	264	investigation-required-no-evidence	none	none	no closed-world evidence
0x005AD9FE	0x005AD9FE	0x005ADB46	328	328	investigation-required-no-evidence	none	none	no closed-world evidence
0x005ADB46	0x005ADB46	0x005ADC4E	264	264	investigation-required-no-evidence	none	none	no closed-world evidence
0x005ADC4E	0x005ADC4E	0x005ADC5E	16	16	investigation-required-no-evidence	none	none	no closed-world evidence
0x005ADC5E	0x005ADC5E	0x005ADCC6	104	104	investigation-required-no-evidence	none	none	no closed-world evidence
0x005ADCC6	0x005ADCC6	0x005ADCDC	22	22	investigation-required-no-evidence	none	none	no closed-world evidence
0x005ADCDC	0x005ADCDC	0x005ADD1A	62	62	investigation-required-no-evidence	none	none	no closed-world evidence
0x005ADD1A	0x005ADD1A	0x005ADD3C	34	34	investigation-required-no-evidence	none	none	no closed-world evidence
0x005ADD3C	0x005ADD3C	0x005ADDB8	124	124	investigation-required-no-evidence	none	none	no closed-world evidence
0x005ADDB8	0x005ADDB8	0x005ADE30	120	120	investigation-required-no-evidence	none	none	no closed-world evidence
0x005ADE30	0x005ADE30	0x005ADEA4	116	116	investigation-required-no-evidence	none	none	no closed-world evidence
0x005ADEA4	0x005ADEA4	0x005ADEB6	18	18	investigation-required-no-evidence	none	none	no closed-world evidence
0x005ADEB6	0x005ADEB6	0x005ADECC	22	22	investigation-required-no-evidence	none	none	no closed-world evidence
0x005ADECC	0x005ADECC	0x005ADEF0	36	36	investigation-required-no-evidence	none	none	no closed-world evidence
0x005ADEF0	0x005ADEF0	0x005AE110	544	544	investigation-required-no-evidence	none	none	no closed-world evidence
0x005AE118	0x005AE118	0x005AE188	112	112	investigation-required-no-evidence	none	none	no closed-world evidence
0x005AE188	0x005AE188	0x005AE42C	676	676	investigation-required-no-evidence	none	none	no closed-world evidence
0x005AE42C	0x005AE42C	0x005AE43C	16	16	investigation-required-no-evidence	none	none	no closed-world evidence
0x005AE43C	0x005AE43C	0x005AE5F0	436	436	investigation-required-no-evidence	none	none	no closed-world evidence
0x005AE5F0	0x005AE5F0	0x005AE7BC	460	460	investigation-required-no-evidence	none	none	no closed-world evidence
0x005AE7FA	0x005AE7FA	0x005AE80A	16	16	investigation-required-no-evidence	none	none	no closed-world evidence
0x005AE80A	0x005AE80A	0x005AE818	14	14	investigation-required-no-evidence	none	none	no closed-world evidence
0x005AE818	0x005AE818	0x005AEA90	632	632	investigation-required-no-evidence	none	none	no closed-world evidence
0x005AEA90	0x005AEA90	0x005AEBE6	342	342	investigation-required-no-evidence	none	none	no closed-world evidence
0x005AEBF4	0x005AEBF4	0x005AEE28	564	564	investigation-required-no-evidence	none	none	no closed-world evidence
0x005AEE28	0x005AEE28	0x005AEE7C	84	84	investigation-required-no-evidence	none	none	no closed-world evidence
0x005AEE7C	0x005AEE7C	0x005AF2D8	1116	1116	investigation-required-no-evidence	none	none	no closed-world evidence
0x005AF2D8	0x005AF2D8	0x005AF3E6	270	270	investigation-required-no-evidence	none	none	no closed-world evidence
0x005AF3E6	0x005AF3E6	0x005AF418	50	50	investigation-required-no-evidence	none	none	no closed-world evidence
0x005AF468	0x005AF468	0x005AF576	270	270	investigation-required-no-evidence	none	none	no closed-world evidence
0x005AF576	0x005AF576	0x005AF616	160	160	investigation-required-no-evidence	none	none	no closed-world evidence
0x005AF616	0x005AF616	0x005AF6A8	146	146	investigation-required-no-evidence	none	none	no closed-world evidence
0x005AF6A8	0x005AF6A8	0x005AF766	190	190	investigation-required-no-evidence	none	none	no closed-world evidence
0x005AF7B4	0x005AF7B4	0x005AF7CC	24	24	investigation-required-no-evidence	none	none	no closed-world evidence
0x005AF7CC	0x005AF7CC	0x005AF828	92	92	investigation-required-no-evidence	none	none	no closed-world evidence
0x005AF828	0x005AF828	0x005AF88C	100	100	investigation-required-no-evidence	none	none	no closed-world evidence
0x005AF88C	0x005AF88C	0x005B0004	1912	1912	investigation-required-no-evidence	none	none	no closed-world evidence
0x005B03C2	0x005B03C2	0x005B03D8	22	22	first-party	closed-module-manifest	high	function-map manifest g2-conversate-controller
0x005B05D0	0x005B05D0	0x005B06AA	218	218	first-party	closed-module-manifest	high	function-map manifest g2-conversate-controller
0x005B0C18	0x005B0C18	0x005B0C30	24	24	first-party	closed-module-manifest	high	function-map manifest g2-conversate-ui
0x005B16D0	0x005B16D0	0x005B16D8	8	8	first-party	closed-module-manifest	high	function-map manifest g2-conversate-ui
0x005B16DC	0x005B16DC	0x005B16F6	26	26	first-party	closed-module-manifest	high	function-map manifest g2-conversate-ui
0x005B16FC	0x005B16FC	0x005B1716	26	26	first-party	closed-module-manifest	high	function-map manifest g2-conversate-ui
0x005B2642	0x005B2642	0x005B2652	16	16	first-party	closed-module-manifest	high	function-map manifest g2-conversate-ui-main-page
0x005B3628	0x005B3628	0x005B3648	32	32	first-party	closed-module-manifest	high	function-map manifest g2-conversate-timer-mgr
0x005B3A5A	0x005B3A5A	0x005B3A88	46	46	first-party	closed-module-manifest	high	function-map manifest g2-conversate-timer-mgr
0x005B3EF8	0x005B3EF8	0x005B3F94	156	156	first-party	closed-module-manifest	high	function-map manifest g2-conversate-comm-data
0x005B3F94	0x005B3F94	0x005B4000	108	108	first-party	closed-module-manifest	high	function-map manifest g2-conversate-comm-data
0x005B43E8	0x005B43E8	0x005B43EE	6	6	first-party	closed-module-manifest	high	function-map manifest g2-conversate-comm-data
0x005B476A	0x005B476A	0x005B4770	6	6	first-party	closed-module-manifest	high	function-map manifest g2-conversate-comm-data
0x005B4770	0x005B4770	0x005B4776	6	6	first-party	closed-module-manifest	high	function-map manifest g2-conversate-comm-data
0x005B4776	0x005B4776	0x005B4846	208	208	first-party	closed-module-manifest	high	function-map manifest g2-conversate-comm-data
0x005B48F8	0x005B48F8	0x005B4904	12	12	first-party	closed-module-manifest	high	function-map manifest g2-conversate-pb-msg-handler
0x005B5752	0x005B5752	0x005B577C	42	42	first-party	closed-module-manifest	high	function-map manifest g2-conversate-pb-msg-handler
0x005B577C	0x005B577C	0x005B57AC	48	48	first-party	closed-module-manifest	high	function-map manifest g2-conversate-pb-msg-handler
0x005B5886	0x005B5886	0x005B58E8	98	98	first-party	closed-module-manifest	high	function-map manifest g2-conversate-ui-menu-page
0x005B664C	0x005B664C	0x005B6688	60	60	first-party	closed-module-manifest	high	function-map manifest g2-conversate-ui-tag-page
0x005B69D4	0x005B69D4	0x005B6A06	50	50	first-party	closed-module-manifest	high	function-map manifest g2-conversate-ui-prep-note-page
0x005B6A06	0x005B6A06	0x005B6A3A	52	52	first-party	closed-module-manifest	high	function-map manifest g2-conversate-ui-prep-note-page
0x005B6A3A	0x005B6A3A	0x005B6A52	24	24	first-party	closed-module-manifest	high	function-map manifest g2-conversate-ui-prep-note-page
0x005B6A52	0x005B6A52	0x005B6A7E	44	44	first-party	closed-module-manifest	high	function-map manifest g2-conversate-ui-prep-note-page
0x005B6A7E	0x005B6A7E	0x005B6AC0	66	66	first-party	closed-module-manifest	high	function-map manifest g2-conversate-ui-prep-note-page
0x005B6AC0	0x005B6AC0	0x005B6B58	152	152	first-party	closed-module-manifest	high	function-map manifest g2-conversate-ui-prep-note-page
0x005B6B58	0x005B6B58	0x005B6C48	240	240	first-party	closed-module-manifest	high	function-map manifest g2-conversate-ui-prep-note-page
0x005B7934	0x005B7934	0x005B7966	50	50	first-party	closed-module-manifest	high	function-map manifest g2-dashboard-watchface-layout1
0x005B7A02	0x005B7A02	0x005B7A4C	74	74	first-party	closed-module-manifest	high	function-map manifest g2-dashboard-watchface-layout1
0x005B7A4C	0x005B7A4C	0x005B7ABA	110	110	first-party	closed-module-manifest	high	function-map manifest g2-dashboard-watchface-layout1
0x005B7ABA	0x005B7ABA	0x005B7B60	166	166	first-party	closed-module-manifest	high	function-map manifest g2-dashboard-watchface-layout1
0x005B82E4	0x005B82E4	0x005B8402	286	286	first-party	closed-module-manifest	high	function-map manifest g2-dashboard-watchface-layout1
0x005B8402	0x005B8402	0x005B845C	90	90	first-party	closed-module-manifest	high	function-map manifest g2-dashboard-watchface-layout1
0x005B845C	0x005B845C	0x005B8494	56	56	first-party	closed-module-manifest	high	function-map manifest g2-dashboard-watchface-layout1
0x005B873C	0x005B873C	0x005B87B8	124	124	investigation-required-mixed	call-topology-mixed	none	call targets span first-party|lvgl
0x005B87BC	0x005B87BC	0x005B87CC	16	16	first-party	link-order-sandwich	low	bracketed in link order by first-party
0x005B89F0	0x005B89F0	0x005B8A6A	122	122	first-party	link-order-sandwich	low	bracketed in link order by first-party
0x005B8A6A	0x005B8A6A	0x005B8A9A	48	48	first-party	link-order-sandwich	low	bracketed in link order by first-party
0x005B8A9C	0x005B8A9C	0x005B8BC6	298	298	first-party	link-order-sandwich	low	bracketed in link order by first-party
0x005B8BC8	0x005B8BC8	0x005B8D1C	340	340	first-party	call-topology-single-family	medium	every closed-world call target is first-party
0x005B8D20	0x005B8D20	0x005B8D60	64	64	lvgl	call-topology-single-family	medium	every closed-world call target is lvgl
0x005B8DD0	0x005B8DD0	0x005B8E02	50	50	first-party	link-order-sandwich	low	bracketed in link order by first-party
0x005B8E02	0x005B8E02	0x005B8E1A	24	24	first-party	link-order-sandwich	low	bracketed in link order by first-party
0x005B8E1A	0x005B8E1A	0x005B8E4A	48	48	lvgl	call-topology-single-family	medium	every closed-world call target is lvgl
0x005B8E4A	0x005B8E4A	0x005B8E5E	20	20	first-party	link-order-sandwich	low	bracketed in link order by first-party
0x005B8E5E	0x005B8E5E	0x005B8E72	20	20	first-party	link-order-sandwich	low	bracketed in link order by first-party
0x005B8E72	0x005B8E72	0x005B8E84	18	18	first-party	link-order-sandwich	low	bracketed in link order by first-party
0x005B8E84	0x005B8E84	0x005B8ECE	74	74	first-party	link-order-sandwich	low	bracketed in link order by first-party
0x005B8ECE	0x005B8ECE	0x005B8F18	74	74	first-party	link-order-sandwich	low	bracketed in link order by first-party
0x005B8F18	0x005B8F18	0x005B90AE	406	406	lvgl	call-topology-single-family	medium	every closed-world call target is lvgl
0x005B90AE	0x005B90AE	0x005B90E8	58	58	first-party	link-order-sandwich	low	bracketed in link order by first-party
0x005B97FA	0x005B97FA	0x005B9860	102	102	first-party	closed-module-manifest	high	function-map manifest g2-dashboard-watchface-layout2
0x005B9860	0x005B9860	0x005B987E	30	30	first-party	closed-module-manifest	high	function-map manifest g2-dashboard-watchface-layout2
0x005B987E	0x005B987E	0x005B98AA	44	44	first-party	closed-module-manifest	high	function-map manifest g2-dashboard-watchface-layout2
0x005B9B04	0x005B9B04	0x005B9B9A	150	150	first-party	closed-module-manifest	high	function-map manifest g2-dashboard-watchface-layout2
0x005B9BC0	0x005B9BC0	0x005B9C32	114	114	first-party	closed-module-manifest	high	function-map manifest g2-dashboard-watchface-layout2
0x005B9CEC	0x005B9CEC	0x005B9D1E	50	50	first-party	closed-module-manifest	high	function-map manifest g2-dashboard-watchface-layout3
0x005B9D1E	0x005B9D1E	0x005B9D36	24	24	first-party	closed-module-manifest	high	function-map manifest g2-dashboard-watchface-layout3
0x005B9D36	0x005B9D36	0x005B9D66	48	48	first-party	closed-module-manifest	high	function-map manifest g2-dashboard-watchface-layout3
0x005B9D66	0x005B9D66	0x005B9DB0	74	74	first-party	closed-module-manifest	high	function-map manifest g2-dashboard-watchface-layout3
0x005B9DB0	0x005B9DB0	0x005B9DFA	74	74	first-party	closed-module-manifest	high	function-map manifest g2-dashboard-watchface-layout3
0x005B9DFA	0x005B9DFA	0x005B9E7E	132	132	first-party	closed-module-manifest	high	function-map manifest g2-dashboard-watchface-layout3
0x005B9E7E	0x005B9E7E	0x005B9F06	136	136	first-party	closed-module-manifest	high	function-map manifest g2-dashboard-watchface-layout3
0x005B9F06	0x005B9F06	0x005B9F56	80	80	first-party	closed-module-manifest	high	function-map manifest g2-dashboard-watchface-layout3
0x005B9F58	0x005B9F58	0x005B9FD6	126	126	first-party	closed-module-manifest	high	function-map manifest g2-dashboard-watchface-layout3
0x005B9FD6	0x005B9FD6	0x005BA068	146	146	first-party	closed-module-manifest	high	function-map manifest g2-dashboard-watchface-layout3
0x005BAB2C	0x005BAB2C	0x005BAB5E	50	50	first-party	link-order-sandwich	low	bracketed in link order by first-party
0x005BAB5E	0x005BAB5E	0x005BAB76	24	24	first-party	link-order-sandwich	low	bracketed in link order by first-party
0x005BAB76	0x005BAB76	0x005BABA6	48	48	lvgl	call-topology-single-family	medium	every closed-world call target is lvgl
0x005BAC42	0x005BAC42	0x005BAC8C	74	74	first-party	closed-module-manifest	high	function-map manifest g2-dashboard-watchface-layout4
0x005BAC8C	0x005BAC8C	0x005BAD10	132	132	first-party	closed-module-manifest	high	function-map manifest g2-dashboard-watchface-layout4
0x005BAD10	0x005BAD10	0x005BAD98	136	136	first-party	closed-module-manifest	high	function-map manifest g2-dashboard-watchface-layout4
0x005BAD98	0x005BAD98	0x005BADF4	92	92	first-party	closed-module-manifest	high	function-map manifest g2-dashboard-watchface-layout4
0x005BADF4	0x005BADF4	0x005BAE2E	58	58	first-party	closed-module-manifest	high	function-map manifest g2-dashboard-watchface-layout4
0x005BAE2E	0x005BAE2E	0x005BAE52	36	36	first-party	closed-module-manifest	high	function-map manifest g2-dashboard-watchface-layout4
0x005BAE52	0x005BAE52	0x005BAEEE	156	156	first-party	closed-module-manifest	high	function-map manifest g2-dashboard-watchface-layout4
0x005BAEF0	0x005BAEF0	0x005BAFAA	186	186	first-party	closed-module-manifest	high	function-map manifest g2-dashboard-watchface-layout4
0x005BB1CC	0x005BB1CC	0x005BB1FC	48	48	first-party	closed-module-manifest	high	function-map manifest g2-dashboard-watchface-layout4
0x005BB208	0x005BB208	0x005BB2C6	190	190	first-party	closed-module-manifest	high	function-map manifest g2-dashboard-watchface-layout4
0x005BBDA4	0x005BBDA4	0x005BBDF0	76	76	first-party	closed-module-manifest	high	function-map manifest g2-uled-a6ng
0x005BBDF0	0x005BBDF0	0x005BBE3E	78	78	first-party	closed-module-manifest	high	function-map manifest g2-uled-a6ng
0x005BBE3E	0x005BBE3E	0x005BBE80	66	66	first-party	closed-module-manifest	high	function-map manifest g2-uled-a6ng
0x005BC690	0x005BC690	0x005BC6AE	30	30	first-party	closed-module-manifest	high	function-map manifest g2-uled-a6ng
0x005BCB28	0x005BCB28	0x005BCB64	60	60	first-party	closed-module-manifest	high	function-map manifest g2-uled-a6ng
0x005BCB6C	0x005BCB6C	0x005BCBB0	68	68	first-party	closed-module-manifest	high	function-map manifest g2-uled-a6ng
0x005BCBB4	0x005BCBB4	0x005BCBFE	74	74	first-party	closed-module-manifest	high	function-map manifest g2-uled-a6ng
0x005BCF68	0x005BCF68	0x005BD014	172	172	first-party	closed-module-manifest	high	function-map manifest g2-uled-a6ng
0x005BD3A0	0x005BD3A0	0x005BD738	920	920	first-party	link-order-sandwich	low	bracketed in link order by first-party
0x005BD738	0x005BD738	0x005BD7B8	128	128	first-party	link-order-sandwich	low	bracketed in link order by first-party
0x005BD7B8	0x005BD7B8	0x005BD8D2	282	282	first-party	link-order-sandwich	low	bracketed in link order by first-party
0x005BD8D2	0x005BD8D2	0x005BD8F6	36	36	first-party	link-order-sandwich	low	bracketed in link order by first-party
0x005BD8F6	0x005BD8F6	0x005BD9CC	214	214	first-party	link-order-sandwich	low	bracketed in link order by first-party
0x005BD9CC	0x005BD9CC	0x005BD9F4	40	40	first-party	link-order-sandwich	low	bracketed in link order by first-party
0x005BD9F4	0x005BD9F4	0x005BDF72	1406	1406	first-party	link-order-sandwich	low	bracketed in link order by first-party
0x005BDFBC	0x005BDFBC	0x005BDFCA	14	14	first-party	link-order-sandwich	low	bracketed in link order by first-party
0x005BDFCA	0x005BDFCA	0x005BE024	90	90	first-party	link-order-sandwich	low	bracketed in link order by first-party
0x005BE024	0x005BE024	0x005BE0A0	124	124	first-party	link-order-sandwich	low	bracketed in link order by first-party
0x005BE0A0	0x005BE0A0	0x005BEA1A	2426	2426	first-party	link-order-sandwich	low	bracketed in link order by first-party
0x005BEA1A	0x005BEA1A	0x005BEA46	44	44	first-party	link-order-sandwich	low	bracketed in link order by first-party
0x005BEA46	0x005BEA46	0x005BEA86	64	64	first-party	link-order-sandwich	low	bracketed in link order by first-party
0x005BEA86	0x005BEA86	0x005BEAC2	60	60	first-party	link-order-sandwich	low	bracketed in link order by first-party
0x005BEAC2	0x005BEAC2	0x005BEB90	206	206	first-party	link-order-sandwich	low	bracketed in link order by first-party
0x005BEB90	0x005BEB90	0x005BEEF4	868	868	first-party	link-order-sandwich	low	bracketed in link order by first-party
0x005BEFBC	0x005BEFBC	0x005BEFDA	30	30	first-party	link-order-sandwich	low	bracketed in link order by first-party
0x005BEFDA	0x005BEFDA	0x005BEFE4	10	10	first-party	link-order-sandwich	low	bracketed in link order by first-party
0x005BEFE4	0x005BEFE4	0x005BEFEC	8	8	first-party	link-order-sandwich	low	bracketed in link order by first-party
0x005BF004	0x005BF004	0x005BF092	142	142	first-party	link-order-sandwich	low	bracketed in link order by first-party
0x005BF114	0x005BF114	0x005BF146	50	50	first-party	link-order-sandwich	low	bracketed in link order by first-party
0x005BF146	0x005BF146	0x005BF24A	260	260	first-party	call-topology-single-family	medium	every closed-world call target is first-party
0x005BF24E	0x005BF24E	0x005BF298	74	74	lvgl	call-topology-single-family	medium	every closed-world call target is lvgl
0x005BF298	0x005BF298	0x005BF2F8	96	96	lvgl	call-topology-single-family	medium	every closed-world call target is lvgl
0x005BF2F8	0x005BF2F8	0x005BF332	58	58	lvgl	call-topology-single-family	medium	every closed-world call target is lvgl
0x005BF332	0x005BF332	0x005BF7B8	1158	1158	lvgl	call-topology-single-family	medium	every closed-world call target is lvgl
0x005BFA70	0x005BFA70	0x005BFA7A	10	10	lvgl	call-topology-single-family	medium	every closed-world call target is lvgl
0x005BFA7A	0x005BFA7A	0x005BFA84	10	10	lvgl	call-topology-single-family	medium	every closed-world call target is lvgl
0x005BFA84	0x005BFA84	0x005BFA8E	10	10	lvgl	call-topology-single-family	medium	every closed-world call target is lvgl
0x005BFA8E	0x005BFA8E	0x005BFA98	10	10	lvgl	call-topology-single-family	medium	every closed-world call target is lvgl
0x005BFA98	0x005BFA98	0x005BFAA2	10	10	lvgl	call-topology-single-family	medium	every closed-world call target is lvgl
0x005C0A90	0x005C0A90	0x005C0B28	152	152	lvgl	call-topology-single-family	medium	every closed-world call target is lvgl
0x005C1048	0x005C1048	0x005C1054	12	12	investigation-required-no-evidence	none	none	no closed-world evidence
0x005C1054	0x005C1054	0x005C1082	46	46	investigation-required-no-evidence	none	none	no closed-world evidence
0x005C1138	0x005C1138	0x005C15B4	1148	1148	lvgl	link-order-sandwich	low	bracketed in link order by lvgl
0x005C15B4	0x005C15B4	0x005C15CA	22	22	lvgl	call-topology-single-family	medium	every closed-world call target is lvgl
0x005C15E8	0x005C15E8	0x005C15FA	18	18	lvgl	link-order-sandwich	low	bracketed in link order by lvgl
0x005C15FA	0x005C15FA	0x005C1606	12	12	lvgl	link-order-sandwich	low	bracketed in link order by lvgl
0x005C1606	0x005C1606	0x005C1610	10	10	lvgl	call-topology-single-family	medium	every closed-world call target is lvgl
0x005C1610	0x005C1610	0x005C161A	10	10	lvgl	call-topology-single-family	medium	every closed-world call target is lvgl
0x005C161A	0x005C161A	0x005C1624	10	10	lvgl	call-topology-single-family	medium	every closed-world call target is lvgl
0x005C1624	0x005C1624	0x005C162E	10	10	lvgl	call-topology-single-family	medium	every closed-world call target is lvgl
0x005C162E	0x005C162E	0x005C1638	10	10	lvgl	call-topology-single-family	medium	every closed-world call target is lvgl
0x005C1638	0x005C1638	0x005C1642	10	10	lvgl	call-topology-single-family	medium	every closed-world call target is lvgl
0x005C1642	0x005C1642	0x005C164C	10	10	lvgl	call-topology-single-family	medium	every closed-world call target is lvgl
0x005C164C	0x005C164C	0x005C1658	12	12	lvgl	call-topology-single-family	medium	every closed-world call target is lvgl
0x005C1658	0x005C1658	0x005C1664	12	12	lvgl	call-topology-single-family	medium	every closed-world call target is lvgl
0x005C1664	0x005C1664	0x005C1692	46	46	lvgl	link-order-sandwich	low	bracketed in link order by lvgl
0x005C1692	0x005C1692	0x005C16C0	46	46	lvgl	link-order-sandwich	low	bracketed in link order by lvgl
0x005C16C0	0x005C16C0	0x005C16D8	24	24	lvgl	call-topology-single-family	medium	every closed-world call target is lvgl
0x005C1A44	0x005C1A44	0x005C1A7E	58	58	lvgl	call-topology-single-family	medium	every closed-world call target is lvgl
0x005C1AAE	0x005C1AAE	0x005C213C	1678	1678	lvgl	call-topology-single-family	medium	every closed-world call target is lvgl
0x005C215C	0x005C215C	0x005C24BE	866	866	lvgl	call-topology-single-family	medium	every closed-world call target is lvgl
0x005C25C8	0x005C25C8	0x005C25D6	14	14	lvgl	link-order-sandwich	low	bracketed in link order by lvgl
0x005C25D6	0x005C25D6	0x005C25E0	10	10	lvgl	link-order-sandwich	low	bracketed in link order by lvgl
0x005C25E0	0x005C25E0	0x005C25EA	10	10	lvgl	link-order-sandwich	low	bracketed in link order by lvgl
0x005C25EA	0x005C25EA	0x005C25F4	10	10	lvgl	link-order-sandwich	low	bracketed in link order by lvgl
0x005C25F4	0x005C25F4	0x005C25FE	10	10	lvgl	link-order-sandwich	low	bracketed in link order by lvgl
0x005C25FE	0x005C25FE	0x005C2608	10	10	lvgl	link-order-sandwich	low	bracketed in link order by lvgl
0x005C2608	0x005C2608	0x005C2612	10	10	lvgl	link-order-sandwich	low	bracketed in link order by lvgl
0x005C2612	0x005C2612	0x005C2618	6	6	lvgl	link-order-sandwich	low	bracketed in link order by lvgl
0x005C2618	0x005C2618	0x005C2622	10	10	lvgl	link-order-sandwich	low	bracketed in link order by lvgl
0x005C2622	0x005C2622	0x005C27B8	406	406	lvgl	call-topology-single-family	medium	every closed-world call target is lvgl
0x005C27B8	0x005C27B8	0x005C287C	196	196	lvgl	call-topology-single-family	medium	every closed-world call target is lvgl
0x005C287C	0x005C287C	0x005C28AE	50	50	lvgl	call-topology-single-family	medium	every closed-world call target is lvgl
0x005C28AE	0x005C28AE	0x005C28FA	76	76	lvgl	link-order-sandwich	low	bracketed in link order by lvgl
0x005C28FA	0x005C28FA	0x005C2904	10	10	lvgl	link-order-sandwich	low	bracketed in link order by lvgl
0x005C2904	0x005C2904	0x005C2AB0	428	428	lvgl	call-topology-single-family	medium	every closed-world call target is lvgl
0x005C2AC8	0x005C2AC8	0x005C2AF2	42	42	lvgl	link-order-sandwich	low	bracketed in link order by lvgl
0x005C2AF4	0x005C2AF4	0x005C2B00	12	12	lvgl	link-order-sandwich	low	bracketed in link order by lvgl
0x005C2BE4	0x005C2BE4	0x005C2BEE	10	10	lvgl	link-order-sandwich	low	bracketed in link order by lvgl
0x005C341C	0x005C341C	0x005C3428	12	12	lvgl	link-order-sandwich	low	bracketed in link order by lvgl
0x005C3600	0x005C3600	0x005C36C8	200	200	lvgl	call-topology-single-family	medium	every closed-world call target is lvgl
0x005C3798	0x005C3798	0x005C379A	2	2	lvgl	link-order-sandwich	low	bracketed in link order by lvgl
0x005C379C	0x005C379A	0x005C37A4	10	10	lvgl	link-order-sandwich	low	bracketed in link order by lvgl
0x005C3838	0x005C3838	0x005C3860	40	40	lvgl	link-order-sandwich	low	bracketed in link order by lvgl
0x005C3860	0x005C3860	0x005C3896	54	54	lvgl	link-order-sandwich	low	bracketed in link order by lvgl
0x005C3896	0x005C3896	0x005C38CC	54	54	lvgl	link-order-sandwich	low	bracketed in link order by lvgl
0x005C38CC	0x005C38CC	0x005C3976	170	170	lvgl	link-order-sandwich	low	bracketed in link order by lvgl
0x005C459C	0x005C459C	0x005C45A6	10	10	lvgl	call-topology-single-family	medium	every closed-world call target is lvgl
0x005C45A6	0x005C45A6	0x005C45B0	10	10	lvgl	call-topology-single-family	medium	every closed-world call target is lvgl
0x005C45B0	0x005C45B0	0x005C45BA	10	10	lvgl	call-topology-single-family	medium	every closed-world call target is lvgl
0x005C45BA	0x005C45BA	0x005C45C4	10	10	lvgl	call-topology-single-family	medium	every closed-world call target is lvgl
0x005C45C4	0x005C45C4	0x005C45CE	10	10	lvgl	call-topology-single-family	medium	every closed-world call target is lvgl
0x005C45CE	0x005C45CE	0x005C45D8	10	10	lvgl	call-topology-single-family	medium	every closed-world call target is lvgl
0x005C45D8	0x005C45D8	0x005C45E2	10	10	lvgl	call-topology-single-family	medium	every closed-world call target is lvgl
0x005C45E2	0x005C45E2	0x005C45EC	10	10	lvgl	call-topology-single-family	medium	every closed-world call target is lvgl
0x005C45EC	0x005C45EC	0x005C45F8	12	12	lvgl	call-topology-single-family	medium	every closed-world call target is lvgl
0x005C4CE4	0x005C4CE4	0x005C4CFC	24	24	lvgl	call-topology-single-family	medium	every closed-world call target is lvgl
0x005C5044	0x005C5044	0x005C52A0	604	604	lvgl	call-topology-single-family	medium	every closed-world call target is lvgl
0x005C52A0	0x005C52A0	0x005C5370	208	208	lvgl	call-topology-single-family	medium	every closed-world call target is lvgl
0x005C5370	0x005C5370	0x005C5440	208	208	lvgl	call-topology-single-family	medium	every closed-world call target is lvgl
0x005C5440	0x005C5440	0x005C5530	240	240	lvgl	call-topology-single-family	medium	every closed-world call target is lvgl
0x005C5530	0x005C5530	0x005C55B2	130	130	lvgl	call-topology-single-family	medium	every closed-world call target is lvgl
0x005C55B2	0x005C55B2	0x005C5640	142	142	lvgl	call-topology-single-family	medium	every closed-world call target is lvgl
0x005C5640	0x005C5640	0x005C5682	66	66	lvgl	call-topology-single-family	medium	every closed-world call target is lvgl
0x005C5682	0x005C5682	0x005C56CA	72	72	lvgl	link-order-sandwich	low	bracketed in link order by lvgl
0x005C56CA	0x005C56CA	0x005C5722	88	88	lvgl	call-topology-single-family	medium	every closed-world call target is lvgl
0x005C5722	0x005C5722	0x005C5738	22	22	lvgl	call-topology-single-family	medium	every closed-world call target is lvgl
0x005C5738	0x005C5738	0x005C574A	18	18	lvgl	link-order-sandwich	low	bracketed in link order by lvgl
0x005C574A	0x005C574A	0x005C5754	10	10	lvgl	call-topology-single-family	medium	every closed-world call target is lvgl
0x005C5754	0x005C5754	0x005C575E	10	10	lvgl	call-topology-single-family	medium	every closed-world call target is lvgl
0x005C575E	0x005C575E	0x005C5768	10	10	lvgl	call-topology-single-family	medium	every closed-world call target is lvgl
0x005C5768	0x005C5768	0x005C5772	10	10	lvgl	call-topology-single-family	medium	every closed-world call target is lvgl
0x005C5772	0x005C5772	0x005C577C	10	10	lvgl	call-topology-single-family	medium	every closed-world call target is lvgl
0x005C577C	0x005C577C	0x005C5786	10	10	lvgl	call-topology-single-family	medium	every closed-world call target is lvgl
0x005C5786	0x005C5786	0x005C5790	10	10	lvgl	call-topology-single-family	medium	every closed-world call target is lvgl
0x005C5790	0x005C5790	0x005C579C	12	12	lvgl	call-topology-single-family	medium	every closed-world call target is lvgl
0x005C579C	0x005C579C	0x005C57A6	10	10	lvgl	call-topology-single-family	medium	every closed-world call target is lvgl
0x005C57A6	0x005C57A6	0x005C57B2	12	12	lvgl	call-topology-single-family	medium	every closed-world call target is lvgl
0x005C57B2	0x005C57B2	0x005C57BC	10	10	lvgl	call-topology-single-family	medium	every closed-world call target is lvgl
0x005C5CF0	0x005C5CF0	0x005C5F38	584	584	lvgl	call-topology-single-family	medium	every closed-world call target is lvgl
0x005C5F38	0x005C5F38	0x005C6414	1244	1244	lvgl	call-topology-single-family	medium	every closed-world call target is lvgl
0x005C6414	0x005C6414	0x005C6814	1024	1024	lvgl	call-topology-single-family	medium	every closed-world call target is lvgl
0x005C681C	0x005C681C	0x005C6A6C	592	592	lvgl	call-topology-single-family	medium	every closed-world call target is lvgl
0x005C6CDC	0x005C6CDC	0x005C6E04	296	296	lvgl	call-topology-single-family	medium	every closed-world call target is lvgl
0x005C6E04	0x005C6E04	0x005C6F9A	406	406	lvgl	call-topology-single-family	medium	every closed-world call target is lvgl
0x005C6FB0	0x005C6FB0	0x005C6FBC	12	12	lvgl	link-order-sandwich	low	bracketed in link order by lvgl
0x005C6FBC	0x005C6FBC	0x005C6FEA	46	46	lvgl	link-order-sandwich	low	bracketed in link order by lvgl
0x005C7138	0x005C7138	0x005C714A	18	18	lvgl	link-order-sandwich	low	bracketed in link order by lvgl
0x005C714A	0x005C714A	0x005C7154	10	10	lvgl	call-topology-single-family	medium	every closed-world call target is lvgl
0x005C7154	0x005C7154	0x005C715E	10	10	lvgl	call-topology-single-family	medium	every closed-world call target is lvgl
0x005C715E	0x005C715E	0x005C7168	10	10	lvgl	call-topology-single-family	medium	every closed-world call target is lvgl
0x005C7168	0x005C7168	0x005C7172	10	10	lvgl	call-topology-single-family	medium	every closed-world call target is lvgl
0x005C7172	0x005C7172	0x005C717C	10	10	lvgl	call-topology-single-family	medium	every closed-world call target is lvgl
0x005C717C	0x005C717C	0x005C7186	10	10	lvgl	call-topology-single-family	medium	every closed-world call target is lvgl
0x005C7186	0x005C7186	0x005C7190	10	10	lvgl	call-topology-single-family	medium	every closed-world call target is lvgl
0x005C7190	0x005C7190	0x005C719A	10	10	lvgl	call-topology-single-family	medium	every closed-world call target is lvgl
0x005C719A	0x005C719A	0x005C71A4	10	10	lvgl	call-topology-single-family	medium	every closed-world call target is lvgl
0x005C71A4	0x005C71A4	0x005C71AE	10	10	lvgl	call-topology-single-family	medium	every closed-world call target is lvgl
0x005C71AE	0x005C71AE	0x005C71B8	10	10	lvgl	call-topology-single-family	medium	every closed-world call target is lvgl
0x005C71B8	0x005C71B8	0x005C71C4	12	12	lvgl	call-topology-single-family	medium	every closed-world call target is lvgl
0x005C71C4	0x005C71C4	0x005C71FA	54	54	lvgl	call-topology-single-family	medium	every closed-world call target is lvgl
0x005C7212	0x005C7212	0x005C7320	270	270	lvgl	call-topology-single-family	medium	every closed-world call target is lvgl
0x005C732C	0x005C732C	0x005C752E	514	514	lvgl	call-topology-single-family	medium	every closed-world call target is lvgl
0x005C77EC	0x005C77EC	0x005C7856	106	106	lvgl	call-topology-single-family	medium	every closed-world call target is lvgl
0x005C78A4	0x005C78A4	0x005C78B6	18	18	lvgl	link-order-sandwich	low	bracketed in link order by lvgl
0x005C78B6	0x005C78B6	0x005C78C0	10	10	lvgl	call-topology-single-family	medium	every closed-world call target is lvgl
0x005C78C0	0x005C78C0	0x005C78CA	10	10	lvgl	call-topology-single-family	medium	every closed-world call target is lvgl
0x005C78CA	0x005C78CA	0x005C78D4	10	10	lvgl	call-topology-single-family	medium	every closed-world call target is lvgl
0x005C78D4	0x005C78D4	0x005C78DE	10	10	lvgl	call-topology-single-family	medium	every closed-world call target is lvgl
0x005C78DE	0x005C78DE	0x005C78E8	10	10	lvgl	call-topology-single-family	medium	every closed-world call target is lvgl
0x005C78E8	0x005C78E8	0x005C78F6	14	14	lvgl	call-topology-single-family	medium	every closed-world call target is lvgl
0x005C78F6	0x005C78F6	0x005C7900	10	10	lvgl	call-topology-single-family	medium	every closed-world call target is lvgl
0x005C7900	0x005C7900	0x005C790A	10	10	lvgl	call-topology-single-family	medium	every closed-world call target is lvgl
0x005C790A	0x005C790A	0x005C7914	10	10	lvgl	call-topology-single-family	medium	every closed-world call target is lvgl
0x005C8770	0x005C8770	0x005C877A	10	10	lvgl	link-order-sandwich	low	bracketed in link order by lvgl
0x005C877A	0x005C877A	0x005C8804	138	138	lvgl	call-topology-single-family	medium	every closed-world call target is lvgl
0x005C8808	0x005C8808	0x005C8862	90	90	lvgl	call-topology-single-family	medium	every closed-world call target is lvgl
0x005C8864	0x005C8864	0x005C88E4	128	128	lvgl	call-topology-single-family	medium	every closed-world call target is lvgl
0x005C88EC	0x005C88EC	0x005C8AEE	514	514	lvgl	call-topology-single-family	medium	every closed-world call target is lvgl
0x005C8B04	0x005C8B04	0x005C8CDC	472	472	lvgl	call-topology-single-family	medium	every closed-world call target is lvgl
0x005C8CDC	0x005C8CDC	0x005C8D26	74	74	lvgl	call-topology-single-family	medium	every closed-world call target is lvgl
0x005C8D38	0x005C8D38	0x005C8E1E	230	230	lvgl	call-topology-single-family	medium	every closed-world call target is lvgl
0x005C8E1E	0x005C8E1E	0x005C8F4E	304	304	lvgl	call-topology-single-family	medium	every closed-world call target is lvgl
0x005C8F54	0x005C8F54	0x005C8FA8	84	84	lvgl	call-topology-single-family	medium	every closed-world call target is lvgl
0x005C8FA8	0x005C8FA8	0x005C8FB2	10	10	lvgl	link-order-sandwich	low	bracketed in link order by lvgl
0x005C8FE8	0x005C8FE8	0x005C8FFC	20	20	lvgl	link-order-sandwich	low	bracketed in link order by lvgl
0x005C8FFC	0x005C8FFC	0x005C901C	32	32	lvgl	link-order-sandwich	low	bracketed in link order by lvgl
0x005C9314	0x005C9314	0x005C931E	10	10	lvgl	call-topology-single-family	medium	every closed-world call target is lvgl
0x005C931E	0x005C931E	0x005C9344	38	38	lvgl	call-topology-single-family	medium	every closed-world call target is lvgl
0x005C9344	0x005C9344	0x005C9484	320	320	lvgl	link-order-sandwich	low	bracketed in link order by lvgl
0x005C9484	0x005C9484	0x005C9716	658	658	lvgl	call-topology-single-family	medium	every closed-world call target is lvgl
0x005C9D84	0x005C9D84	0x005C9D8E	10	10	lvgl	call-topology-single-family	medium	every closed-world call target is lvgl
0x005C9D8E	0x005C9D8E	0x005C9D98	10	10	lvgl	call-topology-single-family	medium	every closed-world call target is lvgl
0x005C9D98	0x005C9D98	0x005C9DA2	10	10	lvgl	call-topology-single-family	medium	every closed-world call target is lvgl
0x005C9DA2	0x005C9DA2	0x005C9DAC	10	10	lvgl	call-topology-single-family	medium	every closed-world call target is lvgl
0x005C9DAC	0x005C9DAC	0x005C9DB6	10	10	lvgl	call-topology-single-family	medium	every closed-world call target is lvgl
0x005C9DB6	0x005C9DB6	0x005C9DC0	10	10	lvgl	call-topology-single-family	medium	every closed-world call target is lvgl
0x005C9DC0	0x005C9DC0	0x005C9DCA	10	10	lvgl	call-topology-single-family	medium	every closed-world call target is lvgl
0x005C9DCA	0x005C9DCA	0x005C9DD4	10	10	lvgl	call-topology-single-family	medium	every closed-world call target is lvgl
0x005C9DD4	0x005C9DD4	0x005C9DDE	10	10	lvgl	call-topology-single-family	medium	every closed-world call target is lvgl
0x005C9DDE	0x005C9DDE	0x005C9DE8	10	10	lvgl	call-topology-single-family	medium	every closed-world call target is lvgl
0x005C9DE8	0x005C9DE8	0x005C9DF2	10	10	lvgl	call-topology-single-family	medium	every closed-world call target is lvgl
0x005C9DF2	0x005C9DF2	0x005C9DFC	10	10	lvgl	call-topology-single-family	medium	every closed-world call target is lvgl
0x005C9DFC	0x005C9DFC	0x005C9E0A	14	14	lvgl	call-topology-single-family	medium	every closed-world call target is lvgl
0x005C9E0A	0x005C9E0A	0x005C9E16	12	12	lvgl	call-topology-single-family	medium	every closed-world call target is lvgl
0x005C9E16	0x005C9E16	0x005C9E20	10	10	lvgl	call-topology-single-family	medium	every closed-world call target is lvgl
0x005C9E20	0x005C9E20	0x005C9E36	22	22	lvgl	call-topology-single-family	medium	every closed-world call target is lvgl
0x005C9E36	0x005C9E36	0x005C9E44	14	14	lvgl	call-topology-single-family	medium	every closed-world call target is lvgl
0x005C9E44	0x005C9E44	0x005C9E50	12	12	lvgl	call-topology-single-family	medium	every closed-world call target is lvgl
0x005C9E50	0x005C9E50	0x005C9E5A	10	10	lvgl	call-topology-single-family	medium	every closed-world call target is lvgl
0x005C9E5A	0x005C9E5A	0x005C9E68	14	14	lvgl	call-topology-single-family	medium	every closed-world call target is lvgl
0x005C9E68	0x005C9E68	0x005C9E74	12	12	lvgl	call-topology-single-family	medium	every closed-world call target is lvgl
0x005C9E74	0x005C9E74	0x005C9E7E	10	10	lvgl	call-topology-single-family	medium	every closed-world call target is lvgl
0x005C9E7E	0x005C9E7E	0x005C9E88	10	10	lvgl	call-topology-single-family	medium	every closed-world call target is lvgl
0x005C9E88	0x005C9E88	0x005C9E92	10	10	lvgl	call-topology-single-family	medium	every closed-world call target is lvgl
0x005C9E92	0x005C9E92	0x005C9F00	110	110	lvgl	call-topology-single-family	medium	every closed-world call target is lvgl
0x005C9FEC	0x005C9FEC	0x005CA1E2	502	502	lvgl	call-topology-single-family	medium	every closed-world call target is lvgl
0x005CA1E2	0x005CA1E2	0x005CA482	672	672	lvgl	call-topology-single-family	medium	every closed-world call target is lvgl
0x005CA488	0x005CA488	0x005CA5AC	292	292	lvgl	link-order-sandwich	low	bracketed in link order by lvgl
0x005CA5AC	0x005CA5AC	0x005CA934	904	904	lvgl	call-topology-single-family	medium	every closed-world call target is lvgl
0x005CA934	0x005CA934	0x005CA9CC	152	152	lvgl	call-topology-single-family	medium	every closed-world call target is lvgl
0x005CA9CC	0x005CA9CC	0x005CAD90	964	964	lvgl	call-topology-single-family	medium	every closed-world call target is lvgl
0x005CAD90	0x005CAD90	0x005CAEDE	334	334	lvgl	call-topology-single-family	medium	every closed-world call target is lvgl
0x005CAEDE	0x005CAEDE	0x005CAF94	182	182	lvgl	link-order-sandwich	low	bracketed in link order by lvgl
0x005CAF94	0x005CAF94	0x005CB0BA	294	294	lvgl	link-order-sandwich	low	bracketed in link order by lvgl
0x005CB0BA	0x005CB0BA	0x005CB1A8	238	238	lvgl	link-order-sandwich	low	bracketed in link order by lvgl
0x005CB1A8	0x005CB1A8	0x005CB252	170	170	lvgl	link-order-sandwich	low	bracketed in link order by lvgl
0x005CB252	0x005CB252	0x005CB2C8	118	118	lvgl	link-order-sandwich	low	bracketed in link order by lvgl
0x005CB2C8	0x005CB2C8	0x005CB310	72	72	lvgl	link-order-sandwich	low	bracketed in link order by lvgl
0x005CB310	0x005CB310	0x005CB402	242	242	lvgl	link-order-sandwich	low	bracketed in link order by lvgl
0x005CB402	0x005CB402	0x005CB428	38	38	lvgl	link-order-sandwich	low	bracketed in link order by lvgl
0x005CB43A	0x005CB43A	0x005CB444	10	10	lvgl	call-topology-single-family	medium	every closed-world call target is lvgl
0x005CB444	0x005CB444	0x005CB44E	10	10	lvgl	call-topology-single-family	medium	every closed-world call target is lvgl
0x005CB44E	0x005CB44E	0x005CB458	10	10	lvgl	call-topology-single-family	medium	every closed-world call target is lvgl
0x005CB458	0x005CB458	0x005CB462	10	10	lvgl	call-topology-single-family	medium	every closed-world call target is lvgl
0x005CB462	0x005CB462	0x005CB46C	10	10	lvgl	call-topology-single-family	medium	every closed-world call target is lvgl
0x005CB46C	0x005CB46C	0x005CB476	10	10	lvgl	call-topology-single-family	medium	every closed-world call target is lvgl
0x005CB476	0x005CB476	0x005CB482	12	12	lvgl	call-topology-single-family	medium	every closed-world call target is lvgl
0x005CBAB8	0x005CBAB8	0x005CBB72	186	186	lvgl	link-order-sandwich	low	bracketed in link order by lvgl
0x005CBB72	0x005CBB72	0x005CBBB8	70	70	lvgl	call-topology-single-family	medium	every closed-world call target is lvgl
0x005CC6E8	0x005CC6E8	0x005CC6FA	18	18	lvgl	link-order-sandwich	low	bracketed in link order by lvgl
0x005CC6FA	0x005CC6FA	0x005CC704	10	10	lvgl	call-topology-single-family	medium	every closed-world call target is lvgl
0x005CC704	0x005CC704	0x005CC70E	10	10	lvgl	call-topology-single-family	medium	every closed-world call target is lvgl
0x005CC70E	0x005CC70E	0x005CC718	10	10	lvgl	call-topology-single-family	medium	every closed-world call target is lvgl
0x005CC718	0x005CC718	0x005CC722	10	10	lvgl	call-topology-single-family	medium	every closed-world call target is lvgl
0x005CC722	0x005CC722	0x005CC72C	10	10	lvgl	call-topology-single-family	medium	every closed-world call target is lvgl
0x005CC72C	0x005CC72C	0x005CC738	12	12	lvgl	call-topology-single-family	medium	every closed-world call target is lvgl
0x005CC738	0x005CC738	0x005CC76C	52	52	lvgl	call-topology-single-family	medium	every closed-world call target is lvgl
0x005CC76C	0x005CC76C	0x005CC778	12	12	lvgl	link-order-sandwich	low	bracketed in link order by lvgl
0x005CC778	0x005CC778	0x005CC85E	230	230	lvgl	call-topology-single-family	medium	every closed-world call target is lvgl
0x005CC85E	0x005CC85E	0x005CCA30	466	466	lvgl	call-topology-single-family	medium	every closed-world call target is lvgl
0x005CCA30	0x005CCA30	0x005CCA3A	10	10	lvgl	call-topology-single-family	medium	every closed-world call target is lvgl
0x005CCA3A	0x005CCA3A	0x005CCA4A	16	16	lvgl	call-topology-single-family	medium	every closed-world call target is lvgl
0x005CCB24	0x005CCB24	0x005CCB36	18	18	lvgl	link-order-sandwich	low	bracketed in link order by lvgl
0x005CCB36	0x005CCB36	0x005CCB40	10	10	lvgl	call-topology-single-family	medium	every closed-world call target is lvgl
0x005CCB40	0x005CCB40	0x005CCB4A	10	10	lvgl	call-topology-single-family	medium	every closed-world call target is lvgl
0x005CCB4A	0x005CCB4A	0x005CCB54	10	10	lvgl	call-topology-single-family	medium	every closed-world call target is lvgl
0x005CCB54	0x005CCB54	0x005CCB5E	10	10	lvgl	call-topology-single-family	medium	every closed-world call target is lvgl
0x005CCB5E	0x005CCB5E	0x005CCB68	10	10	lvgl	call-topology-single-family	medium	every closed-world call target is lvgl
0x005CCB68	0x005CCB68	0x005CCB72	10	10	lvgl	call-topology-single-family	medium	every closed-world call target is lvgl
0x005CCB72	0x005CCB72	0x005CCB7C	10	10	lvgl	call-topology-single-family	medium	every closed-world call target is lvgl
0x005CCB7C	0x005CCB7C	0x005CCB86	10	10	lvgl	call-topology-single-family	medium	every closed-world call target is lvgl
0x005CCB86	0x005CCB86	0x005CCB90	10	10	lvgl	call-topology-single-family	medium	every closed-world call target is lvgl
0x005CCB90	0x005CCB90	0x005CCB9A	10	10	lvgl	call-topology-single-family	medium	every closed-world call target is lvgl
0x005CCB9A	0x005CCB9A	0x005CCBA6	12	12	lvgl	call-topology-single-family	medium	every closed-world call target is lvgl
0x005CCBA6	0x005CCBA6	0x005CCBB4	14	14	lvgl	link-order-sandwich	low	bracketed in link order by lvgl
0x005CCBB4	0x005CCBB4	0x005CCC00	76	76	lvgl	call-topology-single-family	medium	every closed-world call target is lvgl
0x005CCC00	0x005CCC00	0x005CCC78	120	120	lvgl	link-order-sandwich	low	bracketed in link order by lvgl
0x005CCE68	0x005CCE68	0x005CD33C	1236	1236	lvgl	call-topology-single-family	medium	every closed-world call target is lvgl
0x005CD33C	0x005CD33C	0x005CD412	214	214	lvgl	call-topology-single-family	medium	every closed-world call target is lvgl
0x005CD412	0x005CD412	0x005CD520	270	270	lvgl	call-topology-single-family	medium	every closed-world call target is lvgl
0x005CD520	0x005CD520	0x005CD638	280	280	lvgl	link-order-sandwich	low	bracketed in link order by lvgl
0x005CD638	0x005CD638	0x005CD728	240	240	lvgl	call-topology-single-family	medium	every closed-world call target is lvgl
0x005CD728	0x005CD728	0x005CD7AC	132	132	lvgl	call-topology-single-family	medium	every closed-world call target is lvgl
0x005CD7AC	0x005CD7AC	0x005CD7B6	10	10	lvgl	call-topology-single-family	medium	every closed-world call target is lvgl
0x005CD7B6	0x005CD7B6	0x005CD7C0	10	10	lvgl	call-topology-single-family	medium	every closed-world call target is lvgl
0x005CD7C0	0x005CD7C0	0x005CD7CC	12	12	lvgl	call-topology-single-family	medium	every closed-world call target is lvgl
0x005CDAC6	0x005CDAC6	0x005CDAD0	10	10	lvgl	call-topology-single-family	medium	every closed-world call target is lvgl
0x005CDAD0	0x005CDAD0	0x005CDADA	10	10	lvgl	call-topology-single-family	medium	every closed-world call target is lvgl
0x005CDADA	0x005CDADA	0x005CDB46	108	108	lvgl	call-topology-single-family	medium	every closed-world call target is lvgl
0x005CF2B4	0x005CF2B4	0x005CF2E6	50	50	first-party	closed-module-manifest	high	function-map manifest g2-pdt-distortion-test
0x005CF330	0x005CF330	0x005CF606	726	726	first-party	closed-module-manifest	high	function-map manifest g2-pdt-distortion-test
0x005CF67E	0x005CF67E	0x005CF788	266	266	first-party	closed-module-manifest	high	function-map manifest g2-pdt-gray-screen
0x005CF8E4	0x005CF8E4	0x005CF938	84	84	investigation-required-no-evidence	none	none	no closed-world evidence
0x005CF938	0x005CF938	0x005CF99A	98	98	investigation-required-no-evidence	none	none	no closed-world evidence
0x005CF99A	0x005CF99A	0x005CF9E8	78	78	investigation-required-no-evidence	none	none	no closed-world evidence
0x005CF9E8	0x005CF9E8	0x005CFAF4	268	268	investigation-required-no-evidence	none	none	no closed-world evidence
0x005CFAF4	0x005CFAF4	0x005CFB62	110	110	investigation-required-no-evidence	none	none	no closed-world evidence
0x005CFB62	0x005CFB62	0x005CFBB4	82	82	investigation-required-no-evidence	none	none	no closed-world evidence
0x005CFBB4	0x005CFBB4	0x005CFBF2	62	62	investigation-required-no-evidence	none	none	no closed-world evidence
0x005CFBF2	0x005CFBF2	0x005CFC04	18	18	investigation-required-no-evidence	none	none	no closed-world evidence
0x005CFC04	0x005CFC04	0x005CFC26	34	34	investigation-required-no-evidence	none	none	no closed-world evidence
0x005CFC26	0x005CFC26	0x005CFD12	236	236	investigation-required-no-evidence	none	none	no closed-world evidence
0x005CFD38	0x005CFD38	0x005CFE54	284	284	investigation-required-no-evidence	none	none	no closed-world evidence
0x005CFE54	0x005CFE54	0x005CFEAA	86	86	investigation-required-no-evidence	none	none	no closed-world evidence
0x005CFEAA	0x005CFEAA	0x005CFEFA	80	80	investigation-required-no-evidence	none	none	no closed-world evidence
0x005CFEFA	0x005CFEFA	0x005D008E	404	404	investigation-required-no-evidence	none	none	no closed-world evidence
0x005D008E	0x005D008E	0x005D018A	252	252	investigation-required-no-evidence	none	none	no closed-world evidence
0x005D018A	0x005D018A	0x005D01DE	84	84	investigation-required-no-evidence	none	none	no closed-world evidence
0x005D01DE	0x005D01DE	0x005D0414	566	566	investigation-required-no-evidence	none	none	no closed-world evidence
0x005D0414	0x005D0414	0x005D049E	138	138	investigation-required-no-evidence	none	none	no closed-world evidence
0x005D049E	0x005D049E	0x005D04E8	74	74	investigation-required-no-evidence	none	none	no closed-world evidence
0x005D04E8	0x005D04E8	0x005D0570	136	136	investigation-required-no-evidence	none	none	no closed-world evidence
0x005D0574	0x005D0574	0x005D0596	34	34	investigation-required-no-evidence	none	none	no closed-world evidence
0x005D0596	0x005D0596	0x005D05E6	80	80	investigation-required-no-evidence	none	none	no closed-world evidence
0x005D05E6	0x005D05E6	0x005D0682	156	156	investigation-required-no-evidence	none	none	no closed-world evidence
0x005D0682	0x005D0682	0x005D06C6	68	68	investigation-required-no-evidence	none	none	no closed-world evidence
0x005D071C	0x005D071C	0x005D0736	26	26	investigation-required-no-evidence	none	none	no closed-world evidence
0x005D0736	0x005D0736	0x005D0794	94	94	investigation-required-no-evidence	none	none	no closed-world evidence
0x005D0794	0x005D0794	0x005D0814	128	128	investigation-required-no-evidence	none	none	no closed-world evidence
0x005D0814	0x005D0814	0x005D087C	104	104	investigation-required-no-evidence	none	none	no closed-world evidence
0x005D087C	0x005D087C	0x005D08F6	122	122	investigation-required-no-evidence	none	none	no closed-world evidence
0x005D08F6	0x005D08F6	0x005D0A68	370	370	investigation-required-no-evidence	none	none	no closed-world evidence
0x005D0A68	0x005D0A68	0x005D0A72	10	10	investigation-required-no-evidence	none	none	no closed-world evidence
0x005D0A72	0x005D0A72	0x005D0B7C	266	266	investigation-required-no-evidence	none	none	no closed-world evidence
0x005D0B7C	0x005D0B7C	0x005D0C04	136	136	investigation-required-no-evidence	none	none	no closed-world evidence
0x005D0C04	0x005D0C04	0x005D0CC2	190	190	investigation-required-no-evidence	none	none	no closed-world evidence
0x005D0CC2	0x005D0CC2	0x005D0D84	194	194	investigation-required-no-evidence	none	none	no closed-world evidence
0x005D0D84	0x005D0D84	0x005D0DE0	92	92	investigation-required-no-evidence	none	none	no closed-world evidence
0x005D0DE0	0x005D0DE0	0x005D10C4	740	740	investigation-required-no-evidence	none	none	no closed-world evidence
0x005D10C4	0x005D10C4	0x005D1190	204	204	investigation-required-no-evidence	none	none	no closed-world evidence
0x005D1190	0x005D1190	0x005D11A4	20	20	investigation-required-no-evidence	none	none	no closed-world evidence
0x005D11A4	0x005D11A4	0x005D121A	118	118	investigation-required-no-evidence	none	none	no closed-world evidence
0x005D128C	0x005D128C	0x005D1306	122	122	investigation-required-no-evidence	none	none	no closed-world evidence
0x005D1306	0x005D1306	0x005D131C	22	22	investigation-required-no-evidence	none	none	no closed-world evidence
0x005D131C	0x005D131C	0x005D1348	44	44	investigation-required-no-evidence	none	none	no closed-world evidence
0x005D1348	0x005D1348	0x005D139E	86	86	investigation-required-no-evidence	none	none	no closed-world evidence
0x005D139E	0x005D139E	0x005D13C4	38	38	investigation-required-no-evidence	none	none	no closed-world evidence
0x005D13C4	0x005D13C4	0x005D142E	106	106	investigation-required-no-evidence	none	none	no closed-world evidence
0x005D142E	0x005D142E	0x005D1460	50	50	investigation-required-no-evidence	none	none	no closed-world evidence
0x005D1512	0x005D1512	0x005D159A	136	136	investigation-required-no-evidence	none	none	no closed-world evidence
0x005D15B0	0x005D15B0	0x005D15DC	44	44	investigation-required-no-evidence	none	none	no closed-world evidence
0x005D15DC	0x005D15DC	0x005D161A	62	62	investigation-required-no-evidence	none	none	no closed-world evidence
0x005D161A	0x005D161A	0x005D1640	38	38	investigation-required-no-evidence	none	none	no closed-world evidence
0x005D1640	0x005D1640	0x005D16A2	98	98	investigation-required-no-evidence	none	none	no closed-world evidence
0x005D16A2	0x005D16A2	0x005D16D0	46	46	investigation-required-no-evidence	none	none	no closed-world evidence
0x005D176A	0x005D176A	0x005D1848	222	222	investigation-required-no-evidence	none	none	no closed-world evidence
0x005D185E	0x005D185E	0x005D188A	44	44	investigation-required-no-evidence	none	none	no closed-world evidence
0x005D188A	0x005D188A	0x005D18C8	62	62	investigation-required-no-evidence	none	none	no closed-world evidence
0x005D18C8	0x005D18C8	0x005D18EE	38	38	investigation-required-no-evidence	none	none	no closed-world evidence
0x005D18EE	0x005D18EE	0x005D1958	106	106	investigation-required-no-evidence	none	none	no closed-world evidence
0x005D1958	0x005D1958	0x005D1986	46	46	investigation-required-no-evidence	none	none	no closed-world evidence
0x005D1986	0x005D1986	0x005D1A38	178	178	investigation-required-no-evidence	none	none	no closed-world evidence
0x005D1A38	0x005D1A38	0x005D1B4A	274	274	investigation-required-no-evidence	none	none	no closed-world evidence
0x005D1D1C	0x005D1D1C	0x005D1D2A	14	14	investigation-required-no-evidence	none	none	no closed-world evidence
0x005D1D2A	0x005D1D2A	0x005D1D52	40	40	investigation-required-no-evidence	none	none	no closed-world evidence
0x005D1D64	0x005D1D64	0x005D1DAA	70	70	investigation-required-no-evidence	none	none	no closed-world evidence
0x005D1DAA	0x005D1DAA	0x005D1DD4	42	42	investigation-required-no-evidence	none	none	no closed-world evidence
0x005D1EB4	0x005D1EB4	0x005D1EC2	14	14	investigation-required-no-evidence	none	none	no closed-world evidence
0x005D1EC2	0x005D1EC2	0x005D1ED0	14	14	investigation-required-no-evidence	none	none	no closed-world evidence
0x005D1ED0	0x005D1ED0	0x005D1F26	86	86	investigation-required-no-evidence	none	none	no closed-world evidence
0x005D1F26	0x005D1F26	0x005D20BC	406	406	investigation-required-no-evidence	none	none	no closed-world evidence
0x005D20BC	0x005D20BC	0x005D2138	124	124	investigation-required-no-evidence	none	none	no closed-world evidence
0x005D2170	0x005D2170	0x005D2196	38	38	investigation-required-no-evidence	none	none	no closed-world evidence
0x005D2196	0x005D2196	0x005D21E4	78	78	investigation-required-no-evidence	none	none	no closed-world evidence
0x005D21E4	0x005D21E4	0x005D2250	108	108	investigation-required-no-evidence	none	none	no closed-world evidence
0x005D2250	0x005D2250	0x005D22F2	162	162	investigation-required-no-evidence	none	none	no closed-world evidence
0x005D22F2	0x005D22F2	0x005D230E	28	28	investigation-required-no-evidence	none	none	no closed-world evidence
0x005D230E	0x005D230E	0x005D232C	30	30	investigation-required-no-evidence	none	none	no closed-world evidence
0x005D232C	0x005D232C	0x005D2390	100	100	investigation-required-no-evidence	none	none	no closed-world evidence
0x005D2390	0x005D2390	0x005D23AC	28	28	investigation-required-no-evidence	none	none	no closed-world evidence
0x005D23AC	0x005D23AC	0x005D23B2	6	6	investigation-required-no-evidence	none	none	no closed-world evidence
0x005D23B2	0x005D23B2	0x005D23B6	4	4	investigation-required-no-evidence	none	none	no closed-world evidence
0x005D23B6	0x005D23B6	0x005D23BA	4	4	investigation-required-no-evidence	none	none	no closed-world evidence
0x005D23BA	0x005D23BA	0x005D23DA	32	32	investigation-required-no-evidence	none	none	no closed-world evidence
0x005D23DA	0x005D23DA	0x005D2418	62	62	investigation-required-no-evidence	none	none	no closed-world evidence
0x005D2418	0x005D2418	0x005D280E	1014	1014	investigation-required-no-evidence	none	none	no closed-world evidence
0x005D2828	0x005D2828	0x005D2A0A	482	482	investigation-required-no-evidence	none	none	no closed-world evidence
0x005D2A0A	0x005D2A0A	0x005D2A18	14	14	investigation-required-no-evidence	none	none	no closed-world evidence
0x005D2A18	0x005D2A18	0x005D2BAE	406	406	investigation-required-no-evidence	none	none	no closed-world evidence
0x005D2E0C	0x005D2E0C	0x005D2EA8	156	156	cordio	call-topology-single-family	medium	every closed-world call target is cordio
0x005D2EA8	0x005D2EA8	0x005D2EE4	60	60	investigation-required-no-evidence	none	none	no closed-world evidence
0x005D2EE4	0x005D2EE4	0x005D2EFE	26	26	investigation-required-no-evidence	none	none	no closed-world evidence
0x005D2EFE	0x005D2EFE	0x005D2F22	36	36	investigation-required-no-evidence	none	none	no closed-world evidence
0x005D2F22	0x005D2F22	0x005D2F34	18	18	investigation-required-no-evidence	none	none	no closed-world evidence
0x005D2FEE	0x005D2FEE	0x005D3014	38	38	investigation-required-no-evidence	none	none	no closed-world evidence
0x005D3018	0x005D3018	0x005D3060	72	72	investigation-required-no-evidence	none	none	no closed-world evidence
0x005D3060	0x005D3060	0x005D3068	8	8	investigation-required-no-evidence	none	none	no closed-world evidence
0x005D3068	0x005D3068	0x005D3228	448	448	investigation-required-no-evidence	none	none	no closed-world evidence
0x005D3238	0x005D3238	0x005D323E	6	6	investigation-required-no-evidence	none	none	no closed-world evidence
0x005D323E	0x005D323E	0x005D3248	10	10	investigation-required-no-evidence	none	none	no closed-world evidence
0x005D3248	0x005D3248	0x005D3252	10	10	investigation-required-no-evidence	none	none	no closed-world evidence
0x005D3252	0x005D3252	0x005D3268	22	22	investigation-required-no-evidence	none	none	no closed-world evidence
0x005D3268	0x005D3268	0x005D3272	10	10	investigation-required-no-evidence	none	none	no closed-world evidence
0x005D3272	0x005D3272	0x005D327E	12	12	investigation-required-no-evidence	none	none	no closed-world evidence
0x005D327E	0x005D327E	0x005D328A	12	12	investigation-required-no-evidence	none	none	no closed-world evidence
0x005D328A	0x005D328A	0x005D32C0	54	54	investigation-required-no-evidence	none	none	no closed-world evidence
0x005D32C0	0x005D32C0	0x005D32D4	20	20	investigation-required-no-evidence	none	none	no closed-world evidence
0x005D32D4	0x005D32D4	0x005D32E8	20	20	investigation-required-no-evidence	none	none	no closed-world evidence
0x005D32E8	0x005D32E8	0x005D32FE	22	22	investigation-required-no-evidence	none	none	no closed-world evidence
0x005D32FE	0x005D32FE	0x005D3314	22	22	investigation-required-no-evidence	none	none	no closed-world evidence
0x005D3314	0x005D3314	0x005D331E	10	10	investigation-required-no-evidence	none	none	no closed-world evidence
0x005D331E	0x005D331E	0x005D3362	68	68	investigation-required-no-evidence	none	none	no closed-world evidence
0x005D3362	0x005D3362	0x005D33BE	92	92	investigation-required-no-evidence	none	none	no closed-world evidence
0x005D33BE	0x005D33BE	0x005D33D4	22	22	investigation-required-no-evidence	none	none	no closed-world evidence
0x005D33D4	0x005D33D4	0x005D3434	96	96	investigation-required-no-evidence	none	none	no closed-world evidence
0x005D3434	0x005D3434	0x005D3466	50	50	investigation-required-no-evidence	none	none	no closed-world evidence
0x005D3466	0x005D3466	0x005D34F4	142	142	investigation-required-no-evidence	none	none	no closed-world evidence
0x005D34F4	0x005D34F4	0x005D3500	12	12	investigation-required-no-evidence	none	none	no closed-world evidence
0x005D3500	0x005D3500	0x005D350C	12	12	investigation-required-no-evidence	none	none	no closed-world evidence
0x005D350C	0x005D350C	0x005D351C	16	16	investigation-required-no-evidence	none	none	no closed-world evidence
0x005D351C	0x005D351C	0x005D352E	18	18	investigation-required-no-evidence	none	none	no closed-world evidence
0x005D352E	0x005D352E	0x005D3544	22	22	investigation-required-no-evidence	none	none	no closed-world evidence
0x005D3544	0x005D3544	0x005D3634	240	240	investigation-required-no-evidence	none	none	no closed-world evidence
0x005D3634	0x005D3634	0x005D3644	16	16	investigation-required-no-evidence	none	none	no closed-world evidence
0x005D3644	0x005D3644	0x005D3654	16	16	investigation-required-no-evidence	none	none	no closed-world evidence
0x005D3654	0x005D3654	0x005D3666	18	18	investigation-required-no-evidence	none	none	no closed-world evidence
0x005D3666	0x005D3666	0x005D3672	12	12	investigation-required-no-evidence	none	none	no closed-world evidence
0x005D3672	0x005D3672	0x005D3684	18	18	investigation-required-no-evidence	none	none	no closed-world evidence
0x005D3684	0x005D3684	0x005D3696	18	18	investigation-required-no-evidence	none	none	no closed-world evidence
0x005D3696	0x005D3696	0x005D36A2	12	12	investigation-required-no-evidence	none	none	no closed-world evidence
0x005D36A2	0x005D36A2	0x005D36AE	12	12	investigation-required-no-evidence	none	none	no closed-world evidence
0x005D36AE	0x005D36AE	0x005D36B8	10	10	investigation-required-no-evidence	none	none	no closed-world evidence
0x005D36B8	0x005D36B8	0x005D36EA	50	50	investigation-required-no-evidence	none	none	no closed-world evidence
0x005D36EA	0x005D36EA	0x005D36EE	4	4	investigation-required-no-evidence	none	none	no closed-world evidence
0x005D36EE	0x005D36EE	0x005D36F0	2	2	investigation-required-no-evidence	none	none	no closed-world evidence
0x005D36F0	0x005D36F0	0x005D377C	140	140	investigation-required-no-evidence	none	none	no closed-world evidence
0x005D377C	0x005D377C	0x005D3A2A	686	686	investigation-required-no-evidence	none	none	no closed-world evidence
0x005D3A2A	0x005D3A2A	0x005D3C0A	480	480	investigation-required-no-evidence	none	none	no closed-world evidence
0x005D3C0A	0x005D3C0A	0x005D3ED0	710	710	investigation-required-no-evidence	none	none	no closed-world evidence
0x005D3ED0	0x005D3ED0	0x005D4032	354	354	investigation-required-no-evidence	none	none	no closed-world evidence
0x005D4032	0x005D4032	0x005D4040	14	14	investigation-required-no-evidence	none	none	no closed-world evidence
0x005D4040	0x005D4040	0x005D40C0	128	128	investigation-required-no-evidence	none	none	no closed-world evidence
0x005D40C0	0x005D40C0	0x005D431E	606	606	investigation-required-no-evidence	none	none	no closed-world evidence
0x005D431E	0x005D431E	0x005D4510	498	498	investigation-required-no-evidence	none	none	no closed-world evidence
0x005D4510	0x005D4510	0x005D4582	114	114	investigation-required-no-evidence	none	none	no closed-world evidence
0x005D4582	0x005D4582	0x005D474A	456	456	investigation-required-no-evidence	none	none	no closed-world evidence
0x005D4754	0x005D4754	0x005D47D4	128	128	investigation-required-no-evidence	none	none	no closed-world evidence
0x005D47D4	0x005D47D4	0x005D4912	318	318	investigation-required-no-evidence	none	none	no closed-world evidence
0x005D4912	0x005D4912	0x005D4A94	386	386	investigation-required-no-evidence	none	none	no closed-world evidence
0x005D4A94	0x005D4A94	0x005D4AFE	106	106	investigation-required-no-evidence	none	none	no closed-world evidence
0x005D4AFE	0x005D4AFE	0x005D4B14	22	22	investigation-required-no-evidence	none	none	no closed-world evidence
0x005D4B14	0x005D4B14	0x005D4B18	4	4	investigation-required-no-evidence	none	none	no closed-world evidence
0x005D4B18	0x005D4B18	0x005D4B1C	4	4	investigation-required-no-evidence	none	none	no closed-world evidence
0x005D4B1C	0x005D4B1C	0x005D4B20	4	4	investigation-required-no-evidence	none	none	no closed-world evidence
0x005D4B20	0x005D4B20	0x005D4B24	4	4	investigation-required-no-evidence	none	none	no closed-world evidence
0x005D4B24	0x005D4B24	0x005D4B4C	40	40	investigation-required-no-evidence	none	none	no closed-world evidence
0x005D4B4C	0x005D4B4C	0x005D4B78	44	44	investigation-required-no-evidence	none	none	no closed-world evidence
0x005D4B78	0x005D4B78	0x005D4BBA	66	66	investigation-required-no-evidence	none	none	no closed-world evidence
0x005D4BBA	0x005D4BBA	0x005D4C88	206	206	investigation-required-no-evidence	none	none	no closed-world evidence
0x005D4C88	0x005D4C88	0x005D4E40	440	440	investigation-required-no-evidence	none	none	no closed-world evidence
0x005D4E40	0x005D4E40	0x005D4ECE	142	142	investigation-required-no-evidence	none	none	no closed-world evidence
0x005D4ED0	0x005D4ED0	0x005D6D98	7880	7880	investigation-required-no-evidence	none	none	no closed-world evidence
0x005D6D98	0x005D6D98	0x005D6DB8	32	32	investigation-required-no-evidence	none	none	no closed-world evidence
0x005D6DB8	0x005D6DB8	0x005D6DCA	18	18	investigation-required-no-evidence	none	none	no closed-world evidence
0x005D6DCA	0x005D6DCA	0x005D6E22	88	88	investigation-required-no-evidence	none	none	no closed-world evidence
0x005D6E22	0x005D6E22	0x005D6E44	34	34	investigation-required-no-evidence	none	none	no closed-world evidence
0x005D6E44	0x005D6E44	0x005D6E50	12	12	investigation-required-no-evidence	none	none	no closed-world evidence
0x005D6E50	0x005D6E50	0x005D6E7C	44	44	investigation-required-no-evidence	none	none	no closed-world evidence
0x005D6E7C	0x005D6E7C	0x005D6EA8	44	44	investigation-required-no-evidence	none	none	no closed-world evidence
0x005D6EA8	0x005D6EA8	0x005D6EE0	56	56	investigation-required-no-evidence	none	none	no closed-world evidence
0x005D6EE0	0x005D6EE0	0x005D6F38	88	88	investigation-required-no-evidence	none	none	no closed-world evidence
0x005D6F38	0x005D6F38	0x005D6F9E	102	102	investigation-required-no-evidence	none	none	no closed-world evidence
0x005D6F9E	0x005D6F9E	0x005D6FCC	46	46	investigation-required-no-evidence	none	none	no closed-world evidence
0x005D6FCC	0x005D6FCC	0x005D6FF2	38	38	investigation-required-no-evidence	none	none	no closed-world evidence
0x005D6FF2	0x005D6FF2	0x005D7096	164	164	investigation-required-no-evidence	none	none	no closed-world evidence
0x005D709C	0x005D709C	0x005D70A2	6	6	investigation-required-no-evidence	none	none	no closed-world evidence
0x005D70A4	0x005D70A4	0x005D70C6	34	34	investigation-required-no-evidence	none	none	no closed-world evidence
0x005D70C6	0x005D70C6	0x005D7106	64	64	investigation-required-no-evidence	none	none	no closed-world evidence
0x005D7106	0x005D7106	0x005D7124	30	30	investigation-required-no-evidence	none	none	no closed-world evidence
0x005D7124	0x005D7124	0x005D718A	102	102	investigation-required-no-evidence	none	none	no closed-world evidence
0x005D718A	0x005D718A	0x005D71C4	58	58	investigation-required-no-evidence	none	none	no closed-world evidence
0x005D71C4	0x005D71C4	0x005D72A8	228	228	investigation-required-no-evidence	none	none	no closed-world evidence
0x005D72A8	0x005D72A8	0x005D7340	152	152	investigation-required-no-evidence	none	none	no closed-world evidence
0x005D7340	0x005D7340	0x005D739C	92	92	investigation-required-no-evidence	none	none	no closed-world evidence
0x005D739C	0x005D739C	0x005D73D0	52	52	investigation-required-no-evidence	none	none	no closed-world evidence
0x005D73D0	0x005D73D0	0x005D75EE	542	542	investigation-required-no-evidence	none	none	no closed-world evidence
0x005D75EE	0x005D75EE	0x005D761A	44	44	investigation-required-no-evidence	none	none	no closed-world evidence
0x005D761A	0x005D761A	0x005D7742	296	296	investigation-required-no-evidence	none	none	no closed-world evidence
0x005D7742	0x005D7742	0x005D7782	64	64	investigation-required-no-evidence	none	none	no closed-world evidence
0x005D7782	0x005D7782	0x005D77CA	72	72	investigation-required-no-evidence	none	none	no closed-world evidence
0x005D77CA	0x005D77CA	0x005D7802	56	56	investigation-required-no-evidence	none	none	no closed-world evidence
0x005D7802	0x005D7802	0x005D784A	72	72	investigation-required-no-evidence	none	none	no closed-world evidence
0x005D784A	0x005D784A	0x005D7A6C	546	546	investigation-required-no-evidence	none	none	no closed-world evidence
0x005D7A6C	0x005D7A6C	0x005D7B62	246	246	investigation-required-no-evidence	none	none	no closed-world evidence
0x005D7B62	0x005D7B62	0x005D7D1C	442	442	investigation-required-no-evidence	none	none	no closed-world evidence
0x005D7D1C	0x005D7D1C	0x005D7E1A	254	254	investigation-required-no-evidence	none	none	no closed-world evidence
0x005D7E1A	0x005D7E1A	0x005D7F04	234	234	investigation-required-no-evidence	none	none	no closed-world evidence
0x005D7F04	0x005D7F04	0x005D7F90	140	140	investigation-required-no-evidence	none	none	no closed-world evidence
0x005D7F90	0x005D7F90	0x005D816C	476	476	investigation-required-no-evidence	none	none	no closed-world evidence
0x005D816C	0x005D816C	0x005D82C8	348	348	investigation-required-no-evidence	none	none	no closed-world evidence
0x005D82C8	0x005D82C8	0x005D843A	370	370	investigation-required-no-evidence	none	none	no closed-world evidence
0x005D843A	0x005D843A	0x005D849A	96	96	investigation-required-no-evidence	none	none	no closed-world evidence
0x005D849A	0x005D849A	0x005D857C	226	226	investigation-required-no-evidence	none	none	no closed-world evidence
0x005D857C	0x005D857C	0x005D868A	270	270	investigation-required-no-evidence	none	none	no closed-world evidence
0x005D868A	0x005D868A	0x005D87FA	368	368	investigation-required-no-evidence	none	none	no closed-world evidence
0x005D87FA	0x005D87FA	0x005D8828	46	46	investigation-required-no-evidence	none	none	no closed-world evidence
0x005D8828	0x005D8828	0x005D88D4	172	172	investigation-required-no-evidence	none	none	no closed-world evidence
0x005D88D4	0x005D88D4	0x005D8908	52	52	investigation-required-no-evidence	none	none	no closed-world evidence
0x005D8A48	0x005D8A48	0x005D8AA4	92	92	investigation-required-no-evidence	none	none	no closed-world evidence
0x005D8AA4	0x005D8AA4	0x005D8AB8	20	20	investigation-required-no-evidence	none	none	no closed-world evidence
0x005D8B10	0x005D8B10	0x005D8B2A	26	26	investigation-required-no-evidence	none	none	no closed-world evidence
0x005D8B2A	0x005D8B2A	0x005D8B60	54	54	investigation-required-no-evidence	none	none	no closed-world evidence
0x005D8B60	0x005D8B60	0x005D8BA2	66	66	investigation-required-no-evidence	none	none	no closed-world evidence
0x005D8BA2	0x005D8BA2	0x005D8BC0	30	30	investigation-required-no-evidence	none	none	no closed-world evidence
0x005D8BC0	0x005D8BC0	0x005D8C00	64	64	investigation-required-no-evidence	none	none	no closed-world evidence
0x005D8C00	0x005D8C00	0x005D8C1E	30	30	investigation-required-no-evidence	none	none	no closed-world evidence
0x005D8C1E	0x005D8C1E	0x005D8C3E	32	32	investigation-required-no-evidence	none	none	no closed-world evidence
0x005D8C3E	0x005D8C3E	0x005D8C76	56	56	investigation-required-no-evidence	none	none	no closed-world evidence
0x005D8C76	0x005D8C76	0x005D8CA8	50	50	investigation-required-no-evidence	none	none	no closed-world evidence
0x005D8CA8	0x005D8CA8	0x005D8CDE	54	54	investigation-required-no-evidence	none	none	no closed-world evidence
0x005D8CDE	0x005D8CDE	0x005D8D18	58	58	investigation-required-no-evidence	none	none	no closed-world evidence
0x005D8D18	0x005D8D18	0x005D8D44	44	44	investigation-required-no-evidence	none	none	no closed-world evidence
0x005D8D44	0x005D8D44	0x005D8DB4	112	112	investigation-required-no-evidence	none	none	no closed-world evidence
0x005D8DB4	0x005D8DB4	0x005D8E02	78	78	investigation-required-no-evidence	none	none	no closed-world evidence
0x005D8E02	0x005D8E02	0x005D8ED0	206	206	investigation-required-no-evidence	none	none	no closed-world evidence
0x005D8ED0	0x005D8ED0	0x005D8F1C	76	76	investigation-required-no-evidence	none	none	no closed-world evidence
0x005D8F1C	0x005D8F1C	0x005D8F40	36	36	investigation-required-no-evidence	none	none	no closed-world evidence
0x005D8F40	0x005D8F40	0x005D8F4E	14	14	investigation-required-no-evidence	none	none	no closed-world evidence
0x005D8F4E	0x005D8F4E	0x005D8F60	18	18	investigation-required-no-evidence	none	none	no closed-world evidence
0x005D8F60	0x005D8F60	0x005D8F7A	26	26	investigation-required-no-evidence	none	none	no closed-world evidence
0x005D8F7A	0x005D8F7A	0x005D8FAE	52	52	investigation-required-no-evidence	none	none	no closed-world evidence
0x005D8FAE	0x005D8FAE	0x005D905C	174	174	investigation-required-no-evidence	none	none	no closed-world evidence
0x005D905C	0x005D905C	0x005D9100	164	164	investigation-required-no-evidence	none	none	no closed-world evidence
0x005D9100	0x005D9100	0x005D9118	24	24	investigation-required-no-evidence	none	none	no closed-world evidence
0x005D9118	0x005D9118	0x005D913C	36	36	investigation-required-no-evidence	none	none	no closed-world evidence
0x005D913C	0x005D913C	0x005D9152	22	22	investigation-required-no-evidence	none	none	no closed-world evidence
0x005D9152	0x005D9152	0x005D916E	28	28	investigation-required-no-evidence	none	none	no closed-world evidence
0x005D916E	0x005D916E	0x005D91BC	78	78	investigation-required-no-evidence	none	none	no closed-world evidence
0x005D91BC	0x005D91BC	0x005D9254	152	152	investigation-required-no-evidence	none	none	no closed-world evidence
0x005D9296	0x005D9296	0x005D92F0	90	90	investigation-required-no-evidence	none	none	no closed-world evidence
0x005D92F0	0x005D92F0	0x005D934A	90	90	investigation-required-no-evidence	none	none	no closed-world evidence
0x005D93AC	0x005D93AC	0x005D93D6	42	42	investigation-required-no-evidence	none	none	no closed-world evidence
0x005D9462	0x005D9462	0x005D948C	42	42	investigation-required-no-evidence	none	none	no closed-world evidence
0x005D94C0	0x005D94C0	0x005D9580	192	192	investigation-required-no-evidence	none	none	no closed-world evidence
0x005D9580	0x005D9580	0x005D9672	242	242	investigation-required-no-evidence	none	none	no closed-world evidence
0x005D96B6	0x005D96B6	0x005D96F8	66	66	investigation-required-no-evidence	none	none	no closed-world evidence
0x005D96F8	0x005D96F8	0x005D9716	30	30	investigation-required-no-evidence	none	none	no closed-world evidence
0x005D9716	0x005D9716	0x005D9840	298	298	investigation-required-no-evidence	none	none	no closed-world evidence
0x005D9840	0x005D9840	0x005D9890	80	80	investigation-required-no-evidence	none	none	no closed-world evidence
0x005D9890	0x005D9890	0x005D98F6	102	102	investigation-required-no-evidence	none	none	no closed-world evidence
0x005D9950	0x005D9950	0x005D99C0	112	112	investigation-required-no-evidence	none	none	no closed-world evidence
0x005D99C0	0x005D99C0	0x005D9A44	132	132	investigation-required-no-evidence	none	none	no closed-world evidence
0x005D9A44	0x005D9A44	0x005D9AA2	94	94	investigation-required-no-evidence	none	none	no closed-world evidence
0x005D9AA2	0x005D9AA2	0x005D9ABC	26	26	investigation-required-no-evidence	none	none	no closed-world evidence
0x005D9ABC	0x005D9ABC	0x005D9B28	108	108	investigation-required-no-evidence	none	none	no closed-world evidence
0x005D9B28	0x005D9B28	0x005D9B58	48	48	investigation-required-no-evidence	none	none	no closed-world evidence
0x005D9ED0	0x005D9ED0	0x005D9EE4	20	20	first-party	closed-module-manifest	high	function-map manifest g2-nvdb-adv-magic
0x005D9EE4	0x005D9EE4	0x005D9F1C	56	56	first-party	closed-module-manifest	high	function-map manifest g2-nvdb-adv-magic
0x005D9F1C	0x005D9F1C	0x005D9F3E	34	34	first-party	closed-module-manifest	high	function-map manifest g2-nvdb-adv-magic
0x005DA034	0x005DA034	0x005DA060	44	44	first-party	closed-module-manifest	high	function-map manifest g2-nvdb-mac
0x005DA1E8	0x005DA1E8	0x005DA202	26	26	investigation-required-no-evidence	none	none	no closed-world evidence
0x005DA202	0x005DA202	0x005DA446	580	580	investigation-required-no-evidence	none	none	no closed-world evidence
0x005DA446	0x005DA446	0x005DA518	210	210	investigation-required-no-evidence	none	none	no closed-world evidence
0x005DA518	0x005DA518	0x005DA5D6	190	190	investigation-required-no-evidence	none	none	no closed-world evidence
0x005DA5D6	0x005DA5D6	0x005DA656	128	128	investigation-required-no-evidence	none	none	no closed-world evidence
0x005DA656	0x005DA656	0x005DA73A	228	228	investigation-required-no-evidence	none	none	no closed-world evidence
0x005DA73A	0x005DA73A	0x005DAA9C	866	866	investigation-required-no-evidence	none	none	no closed-world evidence
0x005DAA9C	0x005DAA9C	0x005DAB3A	158	158	investigation-required-no-evidence	none	none	no closed-world evidence
0x005DAB8E	0x005DAB8E	0x005DABEE	96	96	investigation-required-no-evidence	none	none	no closed-world evidence
0x005DABEE	0x005DABEE	0x005DAC40	82	82	investigation-required-no-evidence	none	none	no closed-world evidence
0x005DAC40	0x005DAC40	0x005DADEE	430	430	investigation-required-no-evidence	none	none	no closed-world evidence
0x005DADF8	0x005DADF8	0x005DAE28	48	48	investigation-required-no-evidence	none	none	no closed-world evidence
0x005DAE90	0x005DAE90	0x005DB3DE	1358	1358	investigation-required-no-evidence	none	none	no closed-world evidence
0x005DB3EC	0x005DB3EC	0x005DB562	374	374	investigation-required-no-evidence	none	none	no closed-world evidence
0x005DB578	0x005DB578	0x005DB92A	946	946	investigation-required-no-evidence	none	none	no closed-world evidence
0x005DC266	0x005DC266	0x005DC290	42	42	investigation-required-no-evidence	none	none	no closed-world evidence
0x005DC542	0x005DC542	0x005DC5B4	114	114	investigation-required-no-evidence	none	none	no closed-world evidence
0x005DC600	0x005DC600	0x005DC790	400	400	investigation-required-no-evidence	none	none	no closed-world evidence
0x005DC790	0x005DC790	0x005DC7E2	82	82	investigation-required-no-evidence	none	none	no closed-world evidence
0x005DC99C	0x005DC99C	0x005DCA46	170	170	investigation-required-no-evidence	none	none	no closed-world evidence
0x005DCA46	0x005DCA46	0x005DCB16	208	208	investigation-required-no-evidence	none	none	no closed-world evidence
0x005DCB16	0x005DCB16	0x005DCE22	780	780	investigation-required-no-evidence	none	none	no closed-world evidence
0x005DCE22	0x005DCE22	0x005DCFF6	468	468	investigation-required-no-evidence	none	none	no closed-world evidence
0x005DCFF6	0x005DCFF6	0x005DD39E	936	936	investigation-required-no-evidence	none	none	no closed-world evidence
0x005DD39E	0x005DD39E	0x005DD3C6	40	40	investigation-required-no-evidence	none	none	no closed-world evidence
0x005DD584	0x005DD584	0x005DD780	508	508	investigation-required-no-evidence	none	none	no closed-world evidence
0x005DD780	0x005DD780	0x005DD832	178	178	investigation-required-no-evidence	none	none	no closed-world evidence
0x005DD832	0x005DD832	0x005DD934	258	258	investigation-required-no-evidence	none	none	no closed-world evidence
0x005DDB3A	0x005DDB3A	0x005DDC74	314	314	investigation-required-no-evidence	none	none	no closed-world evidence
0x005DDC74	0x005DDC74	0x005DDD38	196	196	investigation-required-no-evidence	none	none	no closed-world evidence
0x005DDEF8	0x005DDEF8	0x005DE026	302	302	investigation-required-no-evidence	none	none	no closed-world evidence
0x005DE026	0x005DE026	0x005DE0CA	164	164	investigation-required-no-evidence	none	none	no closed-world evidence
0x005DE270	0x005DE270	0x005DE2A8	56	56	investigation-required-no-evidence	none	none	no closed-world evidence
0x005DE2CE	0x005DE2CE	0x005DE576	680	680	investigation-required-no-evidence	none	none	no closed-world evidence
0x005DE590	0x005DE590	0x005DE5EE	94	94	investigation-required-no-evidence	none	none	no closed-world evidence
0x005DE5EE	0x005DE5EE	0x005DE652	100	100	investigation-required-no-evidence	none	none	no closed-world evidence
0x005DE652	0x005DE652	0x005DE6AC	90	90	investigation-required-no-evidence	none	none	no closed-world evidence
0x005DE6AC	0x005DE6AC	0x005DE72A	126	126	investigation-required-no-evidence	none	none	no closed-world evidence
0x005DE8C2	0x005DE8C2	0x005DE8F6	52	52	investigation-required-no-evidence	none	none	no closed-world evidence
0x005DE8F6	0x005DE8F6	0x005DE970	122	122	investigation-required-no-evidence	none	none	no closed-world evidence
0x005DE970	0x005DE970	0x005DE9D2	98	98	investigation-required-no-evidence	none	none	no closed-world evidence
0x005DE9D2	0x005DE9D2	0x005DEC32	608	608	investigation-required-no-evidence	none	none	no closed-world evidence
0x005DEC32	0x005DEC32	0x005DEC3E	12	12	investigation-required-no-evidence	none	none	no closed-world evidence
0x005DEC3E	0x005DEC3E	0x005DEC5C	30	30	investigation-required-no-evidence	none	none	no closed-world evidence
0x005DEC5C	0x005DEC5C	0x005DEC74	24	24	investigation-required-no-evidence	none	none	no closed-world evidence
0x005DEC74	0x005DEC74	0x005DEC82	14	14	investigation-required-no-evidence	none	none	no closed-world evidence
0x005DEC82	0x005DEC82	0x005DEC90	14	14	investigation-required-no-evidence	none	none	no closed-world evidence
0x005DEC90	0x005DEC90	0x005DEE14	388	388	investigation-required-no-evidence	none	none	no closed-world evidence
0x005DEFB6	0x005DEFB6	0x005DEFDE	40	40	investigation-required-no-evidence	none	none	no closed-world evidence
0x005DEFDE	0x005DEFDE	0x005DF158	378	378	investigation-required-no-evidence	none	none	no closed-world evidence
0x005DF158	0x005DF158	0x005DF182	42	42	investigation-required-no-evidence	none	none	no closed-world evidence
0x005DF182	0x005DF182	0x005DF1AE	44	44	investigation-required-no-evidence	none	none	no closed-world evidence
0x005DF1AE	0x005DF1AE	0x005DF2F2	324	324	investigation-required-no-evidence	none	none	no closed-world evidence
0x005DF2F2	0x005DF2F2	0x005DF484	402	402	investigation-required-no-evidence	none	none	no closed-world evidence
0x005DF484	0x005DF484	0x005DF4D4	80	80	investigation-required-no-evidence	none	none	no closed-world evidence
0x005DF4D4	0x005DF4D4	0x005DF504	48	48	investigation-required-no-evidence	none	none	no closed-world evidence
0x005DF504	0x005DF504	0x005DF510	12	12	investigation-required-no-evidence	none	none	no closed-world evidence
0x005DF5B6	0x005DF5B6	0x005DF832	636	636	investigation-required-no-evidence	none	none	no closed-world evidence
0x005DFB9C	0x005DFB9C	0x005DFD20	388	388	investigation-required-no-evidence	none	none	no closed-world evidence
0x005DFD20	0x005DFD20	0x005DFF5A	570	570	investigation-required-no-evidence	none	none	no closed-world evidence
0x005DFF5A	0x005DFF5A	0x005E0002	168	168	investigation-required-no-evidence	none	none	no closed-world evidence
0x005E0002	0x005E0002	0x005E0068	102	102	investigation-required-no-evidence	none	none	no closed-world evidence
0x005E010E	0x005E010E	0x005E01EA	220	220	investigation-required-no-evidence	none	none	no closed-world evidence
0x005E01EA	0x005E01EA	0x005E04AA	704	704	investigation-required-no-evidence	none	none	no closed-world evidence
0x005E0512	0x005E0512	0x005E072A	536	536	investigation-required-no-evidence	none	none	no closed-world evidence
0x005E072A	0x005E072A	0x005E0816	236	236	investigation-required-no-evidence	none	none	no closed-world evidence
0x005E0816	0x005E0816	0x005E0818	2	2	investigation-required-no-evidence	none	none	no closed-world evidence
0x005E0818	0x005E0818	0x005E08D0	184	184	investigation-required-no-evidence	none	none	no closed-world evidence
0x005E08D0	0x005E08D0	0x005E093A	106	106	investigation-required-no-evidence	none	none	no closed-world evidence
0x005E093A	0x005E093A	0x005E0A70	310	310	investigation-required-no-evidence	none	none	no closed-world evidence
0x005E0C48	0x005E0C48	0x005E0D30	232	232	investigation-required-no-evidence	none	none	no closed-world evidence
0x005E0D30	0x005E0D30	0x005E0E98	360	360	investigation-required-no-evidence	none	none	no closed-world evidence
0x005E0EB4	0x005E0EB4	0x005E12C8	1044	1044	investigation-required-no-evidence	none	none	no closed-world evidence
0x005E12C8	0x005E12C8	0x005E1482	442	442	investigation-required-no-evidence	none	none	no closed-world evidence
0x005E14A4	0x005E14A4	0x005E1594	240	240	investigation-required-no-evidence	none	none	no closed-world evidence
0x005E1594	0x005E1594	0x005E1618	132	132	investigation-required-no-evidence	none	none	no closed-world evidence
0x005E1618	0x005E1618	0x005E1686	110	110	investigation-required-no-evidence	none	none	no closed-world evidence
0x005E1686	0x005E1686	0x005E17C2	316	316	investigation-required-no-evidence	none	none	no closed-world evidence
0x005E17C2	0x005E17C2	0x005E19EA	552	552	investigation-required-no-evidence	none	none	no closed-world evidence
0x005E19EA	0x005E19EA	0x005E1A3C	82	82	investigation-required-no-evidence	none	none	no closed-world evidence
0x005E1A3C	0x005E1A3C	0x005E1B4C	272	272	investigation-required-no-evidence	none	none	no closed-world evidence
0x005E1B4C	0x005E1B4C	0x005E1BDE	146	146	investigation-required-no-evidence	none	none	no closed-world evidence
0x005E1BDE	0x005E1BDE	0x005E1D6C	398	398	investigation-required-no-evidence	none	none	no closed-world evidence
0x005E1DCE	0x005E1DCE	0x005E1E7E	176	176	investigation-required-no-evidence	none	none	no closed-world evidence
0x005E1E7E	0x005E1E7E	0x005E1F0A	140	140	investigation-required-no-evidence	none	none	no closed-world evidence
0x005E1F0A	0x005E1F0A	0x005E1F44	58	58	investigation-required-no-evidence	none	none	no closed-world evidence
0x005E1F44	0x005E1F44	0x005E2052	270	270	investigation-required-no-evidence	none	none	no closed-world evidence
0x005E2052	0x005E2052	0x005E2224	466	466	investigation-required-no-evidence	none	none	no closed-world evidence
0x005E2224	0x005E2224	0x005E2248	36	36	investigation-required-no-evidence	none	none	no closed-world evidence
0x005E2248	0x005E2248	0x005E2256	14	14	investigation-required-no-evidence	none	none	no closed-world evidence
0x005E22E0	0x005E22E0	0x005E2636	854	854	investigation-required-no-evidence	none	none	no closed-world evidence
0x005E267C	0x005E267C	0x005E2700	132	132	cordio	closed-module-manifest	high	function-map manifest packetcraft-cordio-smp-sc-act
0x005E2700	0x005E2700	0x005E2784	132	132	cordio	closed-module-manifest	high	function-map manifest packetcraft-cordio-smp-sc-act
0x005E2B2C	0x005E2B2C	0x005E2B3E	18	18	cordio	closed-module-manifest	high	function-map manifest packetcraft-cordio-smp-sc-act
0x005E2B3E	0x005E2B3E	0x005E2B56	24	24	cordio	closed-module-manifest	high	function-map manifest packetcraft-cordio-smp-sc-act
0x005E2B6E	0x005E2B6E	0x005E2BDE	112	112	cordio	closed-module-manifest	high	function-map manifest packetcraft-cordio-smp-sc-act
0x005E2BDE	0x005E2BDE	0x005E2C14	54	54	cordio	closed-module-manifest	high	function-map manifest packetcraft-cordio-smp-sc-act
0x005E2C14	0x005E2C14	0x005E2CBA	166	166	cordio	closed-module-manifest	high	function-map manifest packetcraft-cordio-smp-sc-act
0x005E2CBA	0x005E2CBA	0x005E2D20	102	102	cordio	closed-module-manifest	high	function-map manifest packetcraft-cordio-smp-sc-act
0x005E2D20	0x005E2D20	0x005E2D80	96	96	cordio	closed-module-manifest	high	function-map manifest packetcraft-cordio-smp-sc-act
0x005E2D80	0x005E2D80	0x005E2DC6	70	70	cordio	closed-module-manifest	high	function-map manifest packetcraft-cordio-smp-sc-act
0x005E2E10	0x005E2E10	0x005E2E72	98	98	cordio	closed-module-manifest	high	function-map manifest packetcraft-cordio-smp-sc-act
0x005E2E72	0x005E2E72	0x005E2EDA	104	104	cordio	closed-module-manifest	high	function-map manifest packetcraft-cordio-smp-sc-act
0x005E2EDA	0x005E2EDA	0x005E2F60	134	134	cordio	closed-module-manifest	high	function-map manifest packetcraft-cordio-smp-sc-act
0x005E3B1C	0x005E3B1C	0x005E3B3C	32	32	cordio	closed-module-manifest	high	function-map manifest packetcraft-cordio-smpr-act
0x005E3CA2	0x005E3CA2	0x005E3D2C	138	138	cordio	closed-module-manifest	high	function-map manifest packetcraft-cordio-smpr-act
0x005E3D7C	0x005E3D7C	0x005E3DCE	82	82	cordio	closed-module-manifest	high	function-map manifest packetcraft-cordio-smpr-sc-act
0x005E3DCE	0x005E3DCE	0x005E3DE6	24	24	cordio	closed-module-manifest	high	function-map manifest packetcraft-cordio-smpr-sc-act
0x005E3E9A	0x005E3E9A	0x005E3EAE	20	20	cordio	closed-module-manifest	high	function-map manifest packetcraft-cordio-smpr-sc-act
0x005E3EDE	0x005E3EDE	0x005E3F2A	76	76	cordio	closed-module-manifest	high	function-map manifest packetcraft-cordio-smpr-sc-act
0x005E40E6	0x005E40E6	0x005E4100	26	26	cordio	closed-module-manifest	high	function-map manifest packetcraft-cordio-smpr-sc-act
0x005E4232	0x005E4232	0x005E4234	2	2	investigation-required-no-evidence	none	none	no closed-world evidence
0x005E4250	0x005E4250	0x005E4252	2	2	investigation-required-no-evidence	none	none	no closed-world evidence
0x005E47CC	0x005E47CC	0x005E47FE	50	50	first-party	closed-module-manifest	high	function-map manifest g2-terminal-ui
0x005E47FE	0x005E47FE	0x005E482A	44	44	first-party	closed-module-manifest	high	function-map manifest g2-terminal-ui
0x005E482A	0x005E482A	0x005E4878	78	78	first-party	closed-module-manifest	high	function-map manifest g2-terminal-ui
0x005E4878	0x005E4878	0x005E4894	28	28	first-party	closed-module-manifest	high	function-map manifest g2-terminal-ui
0x005E4894	0x005E4894	0x005E48B8	36	36	first-party	closed-module-manifest	high	function-map manifest g2-terminal-ui
0x005E48B8	0x005E48B8	0x005E4902	74	74	first-party	closed-module-manifest	high	function-map manifest g2-terminal-ui
0x005E4902	0x005E4902	0x005E4920	30	30	first-party	closed-module-manifest	high	function-map manifest g2-terminal-ui
0x005E49B0	0x005E49B0	0x005E4A6E	190	190	first-party	closed-module-manifest	high	function-map manifest g2-terminal-ui
0x005E4C84	0x005E4C84	0x005E4CB6	50	50	first-party	closed-module-manifest	high	function-map manifest g2-terminal-ui
0x005E4DD8	0x005E4DD8	0x005E4E06	46	46	first-party	closed-module-manifest	high	function-map manifest g2-terminal-ui
0x005E4E32	0x005E4E32	0x005E4EEC	186	186	first-party	closed-module-manifest	high	function-map manifest g2-terminal-ui
0x005E4F54	0x005E4F54	0x005E505A	262	262	first-party	closed-module-manifest	high	function-map manifest g2-terminal-ui
0x005E505A	0x005E505A	0x005E50EA	144	144	first-party	closed-module-manifest	high	function-map manifest g2-terminal-ui
0x005E50EA	0x005E50EA	0x005E5166	124	124	first-party	closed-module-manifest	high	function-map manifest g2-terminal-ui
0x005E5166	0x005E5166	0x005E51B0	74	74	first-party	closed-module-manifest	high	function-map manifest g2-terminal-ui
0x005E51B0	0x005E51B0	0x005E51BA	10	10	first-party	closed-module-manifest	high	function-map manifest g2-terminal-ui
0x005E5484	0x005E5484	0x005E5490	12	12	first-party	closed-module-manifest	high	function-map manifest g2-terminal-ui
0x005E5490	0x005E5490	0x005E5498	8	8	first-party	closed-module-manifest	high	function-map manifest g2-terminal-ui
0x005E5498	0x005E5498	0x005E54A2	10	10	first-party	closed-module-manifest	high	function-map manifest g2-terminal-ui
0x005E57C6	0x005E57C6	0x005E583C	118	118	first-party	closed-module-manifest	high	function-map manifest g2-terminal-ui
0x005E583C	0x005E583C	0x005E58BA	126	126	first-party	closed-module-manifest	high	function-map manifest g2-terminal-ui
0x005E8178	0x005E8178	0x005E818A	18	18	first-party	closed-module-manifest	high	function-map manifest g2-terminal-pb-msg-handler
0x005E8276	0x005E8276	0x005E8294	30	30	first-party	closed-module-manifest	high	function-map manifest g2-terminal-pb-msg-handler
0x005E8294	0x005E8294	0x005E82A4	16	16	first-party	closed-module-manifest	high	function-map manifest g2-terminal-pb-msg-handler
0x005E82A4	0x005E82A4	0x005E82E6	66	66	first-party	closed-module-manifest	high	function-map manifest g2-terminal-pb-msg-handler
0x005E82E6	0x005E82E6	0x005E830C	38	38	first-party	closed-module-manifest	high	function-map manifest g2-terminal-pb-msg-handler
0x005E830C	0x005E830C	0x005E8346	58	58	first-party	closed-module-manifest	high	function-map manifest g2-terminal-pb-msg-handler
0x005EA224	0x005EA224	0x005EA256	50	50	first-party	link-order-sandwich	low	bracketed in link order by first-party
0x005EA256	0x005EA256	0x005EA270	26	26	first-party	link-order-sandwich	low	bracketed in link order by first-party
0x005EA270	0x005EA270	0x005EA2A8	56	56	lvgl	call-topology-single-family	medium	every closed-world call target is lvgl
0x005EA2A8	0x005EA2A8	0x005EA2B0	8	8	first-party	link-order-sandwich	low	bracketed in link order by first-party
0x005EA2B0	0x005EA2B0	0x005EA2C2	18	18	first-party	link-order-sandwich	low	bracketed in link order by first-party
0x005EA2C2	0x005EA2C2	0x005EA2D4	18	18	first-party	link-order-sandwich	low	bracketed in link order by first-party
0x005EA2D4	0x005EA2D4	0x005EA2F2	30	30	first-party	link-order-sandwich	low	bracketed in link order by first-party
0x005EA2F2	0x005EA2F2	0x005EA30C	26	26	first-party	link-order-sandwich	low	bracketed in link order by first-party
0x005EA30C	0x005EA30C	0x005EA342	54	54	lvgl	call-topology-single-family	medium	every closed-world call target is lvgl
0x005EA342	0x005EA342	0x005EA4F0	430	430	lvgl	call-topology-single-family	medium	every closed-world call target is lvgl
0x005EA4F0	0x005EA4F0	0x005EA524	52	52	first-party	call-topology-single-family	medium	every closed-world call target is first-party
0x005EA524	0x005EA524	0x005EA564	64	64	first-party	link-order-sandwich	low	bracketed in link order by first-party
0x005EA564	0x005EA564	0x005EA67A	278	278	lvgl	call-topology-single-family	medium	every closed-world call target is lvgl
0x005EA67A	0x005EA67A	0x005EA6DA	96	96	lvgl	call-topology-single-family	medium	every closed-world call target is lvgl
0x005EA6DA	0x005EA6DA	0x005EA768	142	142	investigation-required-mixed	call-topology-mixed	none	call targets span first-party|lvgl
0x005EA768	0x005EA768	0x005EA7DC	116	116	investigation-required-mixed	call-topology-mixed	none	call targets span first-party|lvgl
0x005EA7DC	0x005EA7DC	0x005EA810	52	52	lvgl	call-topology-single-family	medium	every closed-world call target is lvgl
0x005EA810	0x005EA810	0x005EA868	88	88	investigation-required-mixed	call-topology-mixed	none	call targets span first-party|lvgl
0x005EA868	0x005EA868	0x005EA8CE	102	102	first-party	call-topology-single-family	medium	every closed-world call target is first-party
0x005EA8CE	0x005EA8CE	0x005EA926	88	88	first-party	call-topology-single-family	medium	every closed-world call target is first-party
0x005EA926	0x005EA926	0x005EA96E	72	72	first-party	call-topology-single-family	medium	every closed-world call target is first-party
0x005EA992	0x005EA992	0x005EA9F6	100	100	investigation-required-mixed	call-topology-mixed	none	call targets span first-party|lvgl
0x005EA9F6	0x005EA9F6	0x005EAA54	94	94	lvgl	call-topology-single-family	medium	every closed-world call target is lvgl
0x005EAA54	0x005EAA54	0x005EAA96	66	66	first-party	link-order-sandwich	low	bracketed in link order by first-party
0x005EAA96	0x005EAA96	0x005EAAD4	62	62	first-party	link-order-sandwich	low	bracketed in link order by first-party
0x005EAAD4	0x005EAAD4	0x005EAB8E	186	186	first-party	call-topology-single-family	medium	every closed-world call target is first-party
0x005EAB8E	0x005EAB8E	0x005EABDE	80	80	first-party	call-topology-single-family	medium	every closed-world call target is first-party
0x005EABDE	0x005EABDE	0x005EACA0	194	194	first-party	call-topology-single-family	medium	every closed-world call target is first-party
0x005EACA0	0x005EACA0	0x005EADAC	268	268	first-party	call-topology-single-family	medium	every closed-world call target is first-party
0x005EADD4	0x005EADD4	0x005EAE1E	74	74	first-party	link-order-sandwich	low	bracketed in link order by first-party
0x005EAE1E	0x005EAE1E	0x005EAE2C	14	14	first-party	link-order-sandwich	low	bracketed in link order by first-party
0x005EAE2C	0x005EAE2C	0x005EAE3A	14	14	first-party	link-order-sandwich	low	bracketed in link order by first-party
0x005EB2BC	0x005EB2BC	0x005EB2EE	50	50	first-party	link-order-sandwich	low	bracketed in link order by first-party
0x005EB2EE	0x005EB2EE	0x005EB30C	30	30	first-party	link-order-sandwich	low	bracketed in link order by first-party
0x005EB30C	0x005EB30C	0x005EB322	22	22	first-party	call-topology-single-family	medium	every closed-world call target is first-party
0x005EB322	0x005EB322	0x005EB3C6	164	164	lvgl	call-topology-single-family	medium	every closed-world call target is lvgl
0x005EB3C6	0x005EB3C6	0x005EB438	114	114	lvgl	call-topology-single-family	medium	every closed-world call target is lvgl
0x005EB8DA	0x005EB8DA	0x005EBB96	700	700	investigation-required-mixed	call-topology-mixed	none	call targets span first-party|lvgl
0x005EBB96	0x005EBB96	0x005EBBC6	48	48	first-party	call-topology-single-family	medium	every closed-world call target is first-party
0x005EBBC6	0x005EBBC6	0x005EBC2A	100	100	investigation-required-mixed	call-topology-mixed	none	call targets span first-party|lvgl
0x005EBC5C	0x005EBC5C	0x005EBC8E	50	50	first-party	link-order-sandwich	low	bracketed in link order by first-party
0x005EBC9E	0x005EBC9E	0x005EBD0E	112	112	lvgl	call-topology-single-family	medium	every closed-world call target is lvgl
0x005EBD0E	0x005EBD0E	0x005EBFAE	672	672	investigation-required-mixed	call-topology-mixed	none	call targets span first-party|lvgl
0x005EC268	0x005EC268	0x005EC2DE	118	118	investigation-required-mixed	call-topology-mixed	none	call targets span first-party|lvgl
0x005EC770	0x005EC770	0x005EC7CE	94	94	investigation-required-mixed	call-topology-mixed	none	call targets span first-party|lvgl
0x005EC9C0	0x005EC9C0	0x005EC9E8	40	40	lvgl	call-topology-single-family	medium	every closed-world call target is lvgl
0x005ECA00	0x005ECA00	0x005ECA32	50	50	first-party	link-order-sandwich	low	bracketed in link order by first-party
0x005ECA44	0x005ECA44	0x005ECA48	4	4	first-party	link-order-sandwich	low	bracketed in link order by first-party
0x005ECA48	0x005ECA48	0x005ECA64	28	28	first-party	call-topology-single-family	medium	every closed-world call target is first-party
0x005ECA64	0x005ECA64	0x005ECA84	32	32	first-party	link-order-sandwich	low	bracketed in link order by first-party
0x005ECA84	0x005ECA84	0x005ECAAC	40	40	first-party	call-topology-single-family	medium	every closed-world call target is first-party
0x005ECAAC	0x005ECAAC	0x005ECAFA	78	78	first-party	call-topology-single-family	medium	every closed-world call target is first-party
0x005ECAFA	0x005ECAFA	0x005ECB08	14	14	first-party	link-order-sandwich	low	bracketed in link order by first-party
0x005ECB08	0x005ECB08	0x005ECB52	74	74	first-party	call-topology-single-family	medium	every closed-world call target is first-party
0x005ECB52	0x005ECB52	0x005ECB88	54	54	first-party	link-order-sandwich	low	bracketed in link order by first-party
0x005ECB88	0x005ECB88	0x005ECBEA	98	98	first-party	link-order-sandwich	low	bracketed in link order by first-party
0x005ECBEA	0x005ECBEA	0x005ECC1A	48	48	first-party	call-topology-single-family	medium	every closed-world call target is first-party
0x005ECC1A	0x005ECC1A	0x005ECC74	90	90	first-party	call-topology-single-family	medium	every closed-world call target is first-party
0x005ECC74	0x005ECC74	0x005ECCC2	78	78	first-party	link-order-sandwich	low	bracketed in link order by first-party
0x005ECCC2	0x005ECCC2	0x005ECD06	68	68	first-party	call-topology-single-family	medium	every closed-world call target is first-party
0x005ECD06	0x005ECD06	0x005ECE4C	326	326	lvgl	call-topology-single-family	medium	every closed-world call target is lvgl
0x005ECE4C	0x005ECE4C	0x005ECEB2	102	102	investigation-required-mixed	call-topology-mixed	none	call targets span first-party|lvgl
0x005ECEB2	0x005ECEB2	0x005ECEF6	68	68	lvgl	call-topology-single-family	medium	every closed-world call target is lvgl
0x005ECEF6	0x005ECEF6	0x005ED0B4	446	446	investigation-required-mixed	call-topology-mixed	none	call targets span first-party|lvgl
0x005ED1D6	0x005ED1D6	0x005ED1EC	22	22	lvgl	call-topology-single-family	medium	every closed-world call target is lvgl
0x005EDADC	0x005EDADC	0x005EDAF0	20	20	first-party	closed-module-manifest	high	function-map manifest g2-tracepoint-setting
0x005EDAF0	0x005EDAF0	0x005EDB68	120	120	first-party	closed-module-manifest	high	function-map manifest g2-tracepoint-setting
0x005EDB68	0x005EDB68	0x005EDBA2	58	58	first-party	closed-module-manifest	high	function-map manifest g2-tracepoint-setting
0x005EDBA2	0x005EDBA2	0x005EDBB0	14	14	first-party	closed-module-manifest	high	function-map manifest g2-tracepoint-setting
0x005EDDC8	0x005EDDC8	0x005EDDF6	46	46	first-party	closed-module-manifest	high	function-map manifest g2-tracepoint-setting
0x005EDDF6	0x005EDDF6	0x005EDE2A	52	52	first-party	closed-module-manifest	high	function-map manifest g2-tracepoint-setting
0x005EDE30	0x005EDE30	0x005EDED0	160	160	first-party	closed-module-manifest	high	function-map manifest g2-tracepoint-setting
0x005EE10A	0x005EE10A	0x005EE134	42	42	first-party	closed-module-manifest	high	function-map manifest g2-tracepoint-setting
0x005EF1BC	0x005EF1BC	0x005EF1FC	64	64	first-party	link-order-sandwich	low	bracketed in link order by first-party
0x005EF1FC	0x005EF1FC	0x005EF280	132	132	first-party	link-order-sandwich	low	bracketed in link order by first-party
0x005EF342	0x005EF342	0x005EF356	20	20	first-party	link-order-sandwich	low	bracketed in link order by first-party
0x005EF356	0x005EF356	0x005EF3DE	136	136	first-party	link-order-sandwich	low	bracketed in link order by first-party
0x005EF3DE	0x005EF3DE	0x005EF474	150	150	first-party	link-order-sandwich	low	bracketed in link order by first-party
0x005EF474	0x005EF474	0x005EF4F8	132	132	first-party	link-order-sandwich	low	bracketed in link order by first-party
0x005EF4F8	0x005EF4F8	0x005EF532	58	58	first-party	link-order-sandwich	low	bracketed in link order by first-party
0x005EF532	0x005EF532	0x005EF53C	10	10	first-party	link-order-sandwich	low	bracketed in link order by first-party
0x005EF5B0	0x005EF5B0	0x005EF8D6	806	806	first-party	link-order-sandwich	low	bracketed in link order by first-party
0x005EF8D6	0x005EF8D6	0x005EFAD0	506	506	first-party	link-order-sandwich	low	bracketed in link order by first-party
0x005EFAD0	0x005EFAD0	0x005EFAFA	42	42	first-party	link-order-sandwich	low	bracketed in link order by first-party
0x005EFB04	0x005EFB04	0x005EFB40	60	60	first-party	link-order-sandwich	low	bracketed in link order by first-party
0x005EFB40	0x005EFB40	0x005EFD2A	490	490	first-party	link-order-sandwich	low	bracketed in link order by first-party
0x005EFD2A	0x005EFD2A	0x005EFF30	518	518	first-party	link-order-sandwich	low	bracketed in link order by first-party
0x005EFF4C	0x005EFF4C	0x005F006A	286	286	first-party	link-order-sandwich	low	bracketed in link order by first-party
0x005F006A	0x005F006A	0x005F0252	488	488	first-party	link-order-sandwich	low	bracketed in link order by first-party
0x005F0252	0x005F0252	0x005F02FE	172	172	first-party	link-order-sandwich	low	bracketed in link order by first-party
0x005F02FE	0x005F02FE	0x005F031C	30	30	first-party	link-order-sandwich	low	bracketed in link order by first-party
0x005F031C	0x005F031C	0x005F0B22	2054	2054	first-party	link-order-sandwich	low	bracketed in link order by first-party
0x005F0B28	0x005F0B28	0x005F0CDA	434	434	first-party	link-order-sandwich	low	bracketed in link order by first-party
0x005F0CDA	0x005F0CDA	0x005F0D78	158	158	first-party	link-order-sandwich	low	bracketed in link order by first-party
0x005F0D78	0x005F0D78	0x005F0FAC	564	564	first-party	link-order-sandwich	low	bracketed in link order by first-party
0x005F125C	0x005F125C	0x005F1362	262	262	first-party	link-order-sandwich	low	bracketed in link order by first-party
0x005F1362	0x005F1362	0x005F142C	202	202	first-party	link-order-sandwich	low	bracketed in link order by first-party
0x005F142C	0x005F142C	0x005F1556	298	298	first-party	link-order-sandwich	low	bracketed in link order by first-party
0x005F1564	0x005F1564	0x005F1908	932	932	first-party	link-order-sandwich	low	bracketed in link order by first-party
0x005F1908	0x005F1908	0x005F1A32	298	298	first-party	link-order-sandwich	low	bracketed in link order by first-party
0x005F1A32	0x005F1A32	0x005F1BA0	366	366	first-party	link-order-sandwich	low	bracketed in link order by first-party
0x005F1BAC	0x005F1BAC	0x005F1D02	342	342	first-party	link-order-sandwich	low	bracketed in link order by first-party
0x005F1D02	0x005F1D02	0x005F1DD0	206	206	first-party	link-order-sandwich	low	bracketed in link order by first-party
0x005F1DE4	0x005F1DE4	0x005F2092	686	686	first-party	link-order-sandwich	low	bracketed in link order by first-party
0x005F2098	0x005F2098	0x005F2250	440	440	first-party	link-order-sandwich	low	bracketed in link order by first-party
0x005F2250	0x005F2250	0x005F225E	14	14	first-party	link-order-sandwich	low	bracketed in link order by first-party
0x005F225E	0x005F225E	0x005F233E	224	224	first-party	link-order-sandwich	low	bracketed in link order by first-party
0x005F233E	0x005F233E	0x005F2524	486	486	first-party	link-order-sandwich	low	bracketed in link order by first-party
0x005F2560	0x005F2560	0x005F265E	254	254	first-party	link-order-sandwich	low	bracketed in link order by first-party
0x005F265E	0x005F265E	0x005F278E	304	304	first-party	link-order-sandwich	low	bracketed in link order by first-party
0x005F278E	0x005F278E	0x005F289E	272	272	first-party	link-order-sandwich	low	bracketed in link order by first-party
0x005F289E	0x005F289E	0x005F2D8E	1264	1264	first-party	link-order-sandwich	low	bracketed in link order by first-party
0x005F2D94	0x005F2D94	0x005F2FD8	580	580	first-party	link-order-sandwich	low	bracketed in link order by first-party
0x005F309E	0x005F309E	0x005F3234	406	406	first-party	link-order-sandwich	low	bracketed in link order by first-party
0x005F32CC	0x005F32CC	0x005F336C	160	160	first-party	link-order-sandwich	low	bracketed in link order by first-party
0x005F336C	0x005F336C	0x005F3716	938	938	first-party	link-order-sandwich	low	bracketed in link order by first-party
0x005F3748	0x005F3748	0x005F37C2	122	122	first-party	link-order-sandwich	low	bracketed in link order by first-party
0x005F37C2	0x005F37C2	0x005F3890	206	206	first-party	link-order-sandwich	low	bracketed in link order by first-party
0x005F3890	0x005F3890	0x005F3960	208	208	first-party	link-order-sandwich	low	bracketed in link order by first-party
0x005F3960	0x005F3960	0x005F3FF0	1680	1680	first-party	link-order-sandwich	low	bracketed in link order by first-party
0x005F3FF0	0x005F3FF0	0x005F404E	94	94	first-party	link-order-sandwich	low	bracketed in link order by first-party
0x005F404E	0x005F404E	0x005F40D6	136	136	first-party	link-order-sandwich	low	bracketed in link order by first-party
0x005F40D6	0x005F40D6	0x005F421A	324	324	first-party	link-order-sandwich	low	bracketed in link order by first-party
0x005F421A	0x005F421A	0x005F423C	34	34	first-party	link-order-sandwich	low	bracketed in link order by first-party
0x005F423C	0x005F423C	0x005F4252	22	22	first-party	link-order-sandwich	low	bracketed in link order by first-party
0x005F4252	0x005F4252	0x005F4268	22	22	first-party	link-order-sandwich	low	bracketed in link order by first-party
0x005F4268	0x005F4268	0x005F42D0	104	104	first-party	link-order-sandwich	low	bracketed in link order by first-party
0x005F42D0	0x005F42D0	0x005F4334	100	100	first-party	link-order-sandwich	low	bracketed in link order by first-party
0x005F4334	0x005F4334	0x005F436E	58	58	first-party	link-order-sandwich	low	bracketed in link order by first-party
0x005F436E	0x005F436E	0x005F44EA	380	380	first-party	link-order-sandwich	low	bracketed in link order by first-party
0x005F44EA	0x005F44EA	0x005F452E	68	68	first-party	link-order-sandwich	low	bracketed in link order by first-party
0x005F452E	0x005F452E	0x005F45C0	146	146	first-party	link-order-sandwich	low	bracketed in link order by first-party
0x005F45C0	0x005F45C0	0x005F45FA	58	58	first-party	link-order-sandwich	low	bracketed in link order by first-party
0x005F45FA	0x005F45FA	0x005F4638	62	62	first-party	link-order-sandwich	low	bracketed in link order by first-party
0x005F4638	0x005F4638	0x005F46B8	128	128	first-party	link-order-sandwich	low	bracketed in link order by first-party
0x005F46B8	0x005F46B8	0x005F4714	92	92	first-party	link-order-sandwich	low	bracketed in link order by first-party
0x005F47BE	0x005F47BE	0x005F47EE	48	48	first-party	link-order-sandwich	low	bracketed in link order by first-party
0x005F47EE	0x005F47EE	0x005F483C	78	78	first-party	link-order-sandwich	low	bracketed in link order by first-party
0x005F483C	0x005F483C	0x005F4922	230	230	first-party	link-order-sandwich	low	bracketed in link order by first-party
0x005F4A6E	0x005F4A6E	0x005F4A88	26	26	first-party	link-order-sandwich	low	bracketed in link order by first-party
0x005F4C14	0x005F4C14	0x005F4C82	110	110	first-party	link-order-sandwich	low	bracketed in link order by first-party
0x005F4C82	0x005F4C82	0x005F4D5A	216	216	first-party	link-order-sandwich	low	bracketed in link order by first-party
0x005F4D5A	0x005F4D5A	0x005F4D70	22	22	first-party	link-order-sandwich	low	bracketed in link order by first-party
0x005F4D8E	0x005F4D8E	0x005F4EB2	292	292	first-party	link-order-sandwich	low	bracketed in link order by first-party
0x005F4EB2	0x005F4EB2	0x005F4EE4	50	50	first-party	link-order-sandwich	low	bracketed in link order by first-party
0x005F4EE4	0x005F4EE4	0x005F4EF2	14	14	first-party	link-order-sandwich	low	bracketed in link order by first-party
0x005F4EF2	0x005F4EF2	0x005F4F12	32	32	first-party	link-order-sandwich	low	bracketed in link order by first-party
0x005F4F12	0x005F4F12	0x005F4F18	6	6	first-party	link-order-sandwich	low	bracketed in link order by first-party
0x005F4F18	0x005F4F18	0x005F4F1A	2	2	first-party	link-order-sandwich	low	bracketed in link order by first-party
0x005F4F1A	0x005F4F1A	0x005F4F20	6	6	first-party	link-order-sandwich	low	bracketed in link order by first-party
0x005F4F20	0x005F4F20	0x005F4F2A	10	10	first-party	link-order-sandwich	low	bracketed in link order by first-party
0x005F4F2A	0x005F4F2A	0x005F4F30	6	6	first-party	link-order-sandwich	low	bracketed in link order by first-party
0x005F4F30	0x005F4F30	0x005F4F44	20	20	first-party	link-order-sandwich	low	bracketed in link order by first-party
0x005F4F44	0x005F4F44	0x005F4F58	20	20	first-party	link-order-sandwich	low	bracketed in link order by first-party
0x005F4F58	0x005F4F58	0x005F4F6C	20	20	first-party	link-order-sandwich	low	bracketed in link order by first-party
0x005F4F6C	0x005F4F6C	0x005F4F80	20	20	first-party	link-order-sandwich	low	bracketed in link order by first-party
0x005F4F80	0x005F4F80	0x005F4F94	20	20	first-party	link-order-sandwich	low	bracketed in link order by first-party
0x005F4F94	0x005F4F94	0x005F4FA8	20	20	first-party	link-order-sandwich	low	bracketed in link order by first-party
0x005F4FA8	0x005F4FA8	0x005F4FCA	34	34	first-party	link-order-sandwich	low	bracketed in link order by first-party
0x005F4FCA	0x005F4FCA	0x005F4FEA	32	32	first-party	link-order-sandwich	low	bracketed in link order by first-party
0x005F4FEA	0x005F4FEA	0x005F5002	24	24	first-party	link-order-sandwich	low	bracketed in link order by first-party
0x005F5002	0x005F5002	0x005F501A	24	24	first-party	link-order-sandwich	low	bracketed in link order by first-party
0x005F501A	0x005F501A	0x005F502C	18	18	first-party	link-order-sandwich	low	bracketed in link order by first-party
0x005F502C	0x005F502C	0x005F5036	10	10	first-party	link-order-sandwich	low	bracketed in link order by first-party
0x005F5036	0x005F5036	0x005F5040	10	10	first-party	link-order-sandwich	low	bracketed in link order by first-party
0x005F5040	0x005F5040	0x005F505E	30	30	first-party	link-order-sandwich	low	bracketed in link order by first-party
0x005F505E	0x005F505E	0x005F5070	18	18	first-party	link-order-sandwich	low	bracketed in link order by first-party
0x005F5070	0x005F5070	0x005F507E	14	14	first-party	link-order-sandwich	low	bracketed in link order by first-party
0x005F507E	0x005F507E	0x005F5086	8	8	first-party	link-order-sandwich	low	bracketed in link order by first-party
0x005F5086	0x005F5086	0x005F5090	10	10	first-party	link-order-sandwich	low	bracketed in link order by first-party
0x005F5090	0x005F5090	0x005F509C	12	12	first-party	link-order-sandwich	low	bracketed in link order by first-party
0x005F509C	0x005F509C	0x005F50C6	42	42	first-party	link-order-sandwich	low	bracketed in link order by first-party
0x005F50C6	0x005F50C6	0x005F50EA	36	36	first-party	link-order-sandwich	low	bracketed in link order by first-party
0x005F50EA	0x005F50EA	0x005F5110	38	38	first-party	link-order-sandwich	low	bracketed in link order by first-party
0x005F5110	0x005F5110	0x005F5142	50	50	first-party	link-order-sandwich	low	bracketed in link order by first-party
0x005F5142	0x005F5142	0x005F516E	44	44	first-party	link-order-sandwich	low	bracketed in link order by first-party
0x005F516E	0x005F516E	0x005F5170	2	2	first-party	link-order-sandwich	low	bracketed in link order by first-party
0x005F5170	0x005F5170	0x005F5176	6	6	first-party	link-order-sandwich	low	bracketed in link order by first-party
0x005F5176	0x005F5176	0x005F5192	28	28	first-party	link-order-sandwich	low	bracketed in link order by first-party
0x005F5192	0x005F5192	0x005F51AC	26	26	first-party	link-order-sandwich	low	bracketed in link order by first-party
0x005F51AC	0x005F51AC	0x005F51BA	14	14	first-party	link-order-sandwich	low	bracketed in link order by first-party
0x005F51BA	0x005F51BA	0x005F51C8	14	14	first-party	link-order-sandwich	low	bracketed in link order by first-party
0x005F51C8	0x005F51C8	0x005F521E	86	86	first-party	link-order-sandwich	low	bracketed in link order by first-party
0x005F521E	0x005F521E	0x005F524A	44	44	first-party	link-order-sandwich	low	bracketed in link order by first-party
0x005F524A	0x005F524A	0x005F5258	14	14	first-party	link-order-sandwich	low	bracketed in link order by first-party
0x005F5258	0x005F5258	0x005F527A	34	34	first-party	link-order-sandwich	low	bracketed in link order by first-party
0x005F527A	0x005F527A	0x005F52FE	132	132	first-party	link-order-sandwich	low	bracketed in link order by first-party
0x005F5338	0x005F5338	0x005F538A	82	82	first-party	link-order-sandwich	low	bracketed in link order by first-party
0x005F538A	0x005F538A	0x005F53B6	44	44	first-party	link-order-sandwich	low	bracketed in link order by first-party
0x005F53B6	0x005F53B6	0x005F53B8	2	2	first-party	link-order-sandwich	low	bracketed in link order by first-party
0x005F53B8	0x005F53B8	0x005F542E	118	118	first-party	link-order-sandwich	low	bracketed in link order by first-party
0x005F542E	0x005F542E	0x005F543C	14	14	first-party	link-order-sandwich	low	bracketed in link order by first-party
0x005F543C	0x005F543C	0x005F544A	14	14	first-party	link-order-sandwich	low	bracketed in link order by first-party
0x005F544A	0x005F544A	0x005F54FE	180	180	first-party	link-order-sandwich	low	bracketed in link order by first-party
0x005F54FE	0x005F54FE	0x005F5554	86	86	first-party	link-order-sandwich	low	bracketed in link order by first-party
0x005F5554	0x005F5554	0x005F55FE	170	170	first-party	link-order-sandwich	low	bracketed in link order by first-party
0x005F55FE	0x005F55FE	0x005F56CC	206	206	first-party	link-order-sandwich	low	bracketed in link order by first-party
0x005F56CC	0x005F56CC	0x005F577C	176	176	first-party	link-order-sandwich	low	bracketed in link order by first-party
0x005F577C	0x005F577C	0x005F57DA	94	94	first-party	link-order-sandwich	low	bracketed in link order by first-party
0x005F57DA	0x005F57DA	0x005F583C	98	98	first-party	link-order-sandwich	low	bracketed in link order by first-party
0x005F583C	0x005F583C	0x005F588C	80	80	first-party	link-order-sandwich	low	bracketed in link order by first-party
0x005F588C	0x005F588C	0x005F58E2	86	86	first-party	link-order-sandwich	low	bracketed in link order by first-party
0x005F58E2	0x005F58E2	0x005F5952	112	112	first-party	link-order-sandwich	low	bracketed in link order by first-party
0x005F5952	0x005F5952	0x005F5990	62	62	first-party	link-order-sandwich	low	bracketed in link order by first-party
0x005F5990	0x005F5990	0x005F59C2	50	50	first-party	link-order-sandwich	low	bracketed in link order by first-party
0x005F59C2	0x005F59C2	0x005F59E8	38	38	first-party	link-order-sandwich	low	bracketed in link order by first-party
0x005F59E8	0x005F59E8	0x005F59FC	20	20	first-party	link-order-sandwich	low	bracketed in link order by first-party
0x005F59FC	0x005F59FC	0x005F5A26	42	42	first-party	link-order-sandwich	low	bracketed in link order by first-party
0x005F5A26	0x005F5A26	0x005F5A44	30	30	first-party	link-order-sandwich	low	bracketed in link order by first-party
0x005F5A44	0x005F5A44	0x005F5A52	14	14	first-party	link-order-sandwich	low	bracketed in link order by first-party
0x005F5A52	0x005F5A52	0x005F5A60	14	14	first-party	link-order-sandwich	low	bracketed in link order by first-party
0x005F5A60	0x005F5A60	0x005F5A68	8	8	first-party	link-order-sandwich	low	bracketed in link order by first-party
0x005F5A68	0x005F5A68	0x005F5A70	8	8	first-party	link-order-sandwich	low	bracketed in link order by first-party
0x005F5A70	0x005F5A70	0x005F5A78	8	8	first-party	link-order-sandwich	low	bracketed in link order by first-party
0x005F5A78	0x005F5A78	0x005F5A80	8	8	first-party	link-order-sandwich	low	bracketed in link order by first-party
0x005F5A80	0x005F5A80	0x005F5A88	8	8	first-party	link-order-sandwich	low	bracketed in link order by first-party
0x005F5A88	0x005F5A88	0x005F5A90	8	8	first-party	link-order-sandwich	low	bracketed in link order by first-party
0x005F5A90	0x005F5A90	0x005F5AA6	22	22	first-party	link-order-sandwich	low	bracketed in link order by first-party
0x005F5AA6	0x005F5AA6	0x005F5AAE	8	8	first-party	link-order-sandwich	low	bracketed in link order by first-party
0x005F5AAE	0x005F5AAE	0x005F5AB6	8	8	first-party	link-order-sandwich	low	bracketed in link order by first-party
0x005F5AB6	0x005F5AB6	0x005F5AB8	2	2	first-party	link-order-sandwich	low	bracketed in link order by first-party
0x005F5AB8	0x005F5AB8	0x005F5AC0	8	8	first-party	link-order-sandwich	low	bracketed in link order by first-party
0x005F5AC0	0x005F5AC0	0x005F5AD4	20	20	first-party	link-order-sandwich	low	bracketed in link order by first-party
0x005F5AD4	0x005F5AD4	0x005F5AE2	14	14	first-party	link-order-sandwich	low	bracketed in link order by first-party
0x005F5AEC	0x005F5AEC	0x005F5AFA	14	14	first-party	link-order-sandwich	low	bracketed in link order by first-party
0x005F5B00	0x005F5B00	0x005F5B0E	14	14	first-party	link-order-sandwich	low	bracketed in link order by first-party
0x005F5B14	0x005F5B14	0x005F5B22	14	14	first-party	link-order-sandwich	low	bracketed in link order by first-party
0x005F5B22	0x005F5B22	0x005F5B30	14	14	first-party	link-order-sandwich	low	bracketed in link order by first-party
0x005F5B30	0x005F5B30	0x005F5B3E	14	14	first-party	link-order-sandwich	low	bracketed in link order by first-party
0x005F5B3E	0x005F5B3E	0x005F5B5C	30	30	first-party	link-order-sandwich	low	bracketed in link order by first-party
0x005F5B5C	0x005F5B5C	0x005F5B7A	30	30	first-party	link-order-sandwich	low	bracketed in link order by first-party
0x005F5BA0	0x005F5BA0	0x005F5BF4	84	84	first-party	link-order-sandwich	low	bracketed in link order by first-party
0x005F5BF4	0x005F5BF4	0x005F5C6E	122	122	first-party	link-order-sandwich	low	bracketed in link order by first-party
0x005F5C6E	0x005F5C6E	0x005F5D7C	270	270	first-party	link-order-sandwich	low	bracketed in link order by first-party
0x005F5D7C	0x005F5D7C	0x005F5E3A	190	190	first-party	link-order-sandwich	low	bracketed in link order by first-party
0x005F5E3A	0x005F5E3A	0x005F5E80	70	70	first-party	link-order-sandwich	low	bracketed in link order by first-party
0x005F5E80	0x005F5E80	0x005F5EC6	70	70	first-party	link-order-sandwich	low	bracketed in link order by first-party
0x005F5EC6	0x005F5EC6	0x005F5F0C	70	70	first-party	link-order-sandwich	low	bracketed in link order by first-party
0x005F5F0C	0x005F5F0C	0x005F5F7A	110	110	first-party	link-order-sandwich	low	bracketed in link order by first-party
0x005F5F7A	0x005F5F7A	0x005F5FEA	112	112	first-party	link-order-sandwich	low	bracketed in link order by first-party
0x005F5FEA	0x005F5FEA	0x005F6082	152	152	first-party	link-order-sandwich	low	bracketed in link order by first-party
0x005F6082	0x005F6082	0x005F6092	16	16	first-party	link-order-sandwich	low	bracketed in link order by first-party
0x005F6092	0x005F6092	0x005F6128	150	150	first-party	link-order-sandwich	low	bracketed in link order by first-party
0x005F6128	0x005F6128	0x005F61A2	122	122	first-party	link-order-sandwich	low	bracketed in link order by first-party
0x005F61A2	0x005F61A2	0x005F621C	122	122	first-party	link-order-sandwich	low	bracketed in link order by first-party
0x005F621C	0x005F621C	0x005F62EA	206	206	first-party	link-order-sandwich	low	bracketed in link order by first-party
0x005F62EA	0x005F62EA	0x005F63A2	184	184	first-party	link-order-sandwich	low	bracketed in link order by first-party
0x005F63A2	0x005F63A2	0x005F642C	138	138	first-party	link-order-sandwich	low	bracketed in link order by first-party
0x005F642C	0x005F642C	0x005F64EE	194	194	first-party	link-order-sandwich	low	bracketed in link order by first-party
0x005F64EE	0x005F64EE	0x005F658C	158	158	first-party	link-order-sandwich	low	bracketed in link order by first-party
0x005F658C	0x005F658C	0x005F6692	262	262	first-party	link-order-sandwich	low	bracketed in link order by first-party
0x005F6692	0x005F6692	0x005F677A	232	232	first-party	link-order-sandwich	low	bracketed in link order by first-party
0x005F677A	0x005F677A	0x005F67F0	118	118	first-party	link-order-sandwich	low	bracketed in link order by first-party
0x005F67F0	0x005F67F0	0x005F68E2	242	242	first-party	link-order-sandwich	low	bracketed in link order by first-party
0x005F68E2	0x005F68E2	0x005F6AC4	482	482	first-party	link-order-sandwich	low	bracketed in link order by first-party
0x005F6AC4	0x005F6AC4	0x005F6CF2	558	558	first-party	link-order-sandwich	low	bracketed in link order by first-party
0x005F6CF2	0x005F6CF2	0x005F6DA8	182	182	first-party	link-order-sandwich	low	bracketed in link order by first-party
0x005F6DA8	0x005F6DA8	0x005F700A	610	610	first-party	link-order-sandwich	low	bracketed in link order by first-party
0x005F700A	0x005F700A	0x005F709C	146	146	first-party	link-order-sandwich	low	bracketed in link order by first-party
0x005F709C	0x005F709C	0x005F734E	690	690	first-party	link-order-sandwich	low	bracketed in link order by first-party
0x005F734E	0x005F734E	0x005F7398	74	74	first-party	link-order-sandwich	low	bracketed in link order by first-party
0x005F7398	0x005F7398	0x005F73DE	70	70	first-party	link-order-sandwich	low	bracketed in link order by first-party
0x005F73DE	0x005F73DE	0x005F74E8	266	266	first-party	link-order-sandwich	low	bracketed in link order by first-party
0x005F74E8	0x005F74E8	0x005F763A	338	338	first-party	link-order-sandwich	low	bracketed in link order by first-party
0x005F763A	0x005F763A	0x005F7740	262	262	first-party	link-order-sandwich	low	bracketed in link order by first-party
0x005F7740	0x005F7740	0x005F77F2	178	178	first-party	link-order-sandwich	low	bracketed in link order by first-party
0x005F77F2	0x005F77F2	0x005F78AE	188	188	first-party	link-order-sandwich	low	bracketed in link order by first-party
0x005F78AE	0x005F78AE	0x005F78FE	80	80	first-party	link-order-sandwich	low	bracketed in link order by first-party
0x005F78FE	0x005F78FE	0x005F7904	6	6	first-party	link-order-sandwich	low	bracketed in link order by first-party
0x005F7904	0x005F7904	0x005F7980	124	124	first-party	link-order-sandwich	low	bracketed in link order by first-party
0x005F7980	0x005F7980	0x005F83EC	2668	2668	first-party	link-order-sandwich	low	bracketed in link order by first-party
0x005F83EC	0x005F83EC	0x005F8448	92	92	first-party	link-order-sandwich	low	bracketed in link order by first-party
0x005F8448	0x005F8448	0x005F8518	208	208	first-party	link-order-sandwich	low	bracketed in link order by first-party
0x005F8518	0x005F8518	0x005F8544	44	44	first-party	link-order-sandwich	low	bracketed in link order by first-party
0x005F8568	0x005F8568	0x005F85B4	76	76	first-party	link-order-sandwich	low	bracketed in link order by first-party
0x005F85B4	0x005F85B4	0x005F85FA	70	70	first-party	link-order-sandwich	low	bracketed in link order by first-party
0x005F85FA	0x005F85FA	0x005F8766	364	364	first-party	link-order-sandwich	low	bracketed in link order by first-party
0x005F876C	0x005F876C	0x005F879E	50	50	first-party	link-order-sandwich	low	bracketed in link order by first-party
0x005F879E	0x005F879E	0x005F881C	126	126	first-party	link-order-sandwich	low	bracketed in link order by first-party
0x005F881C	0x005F881C	0x005F89BC	416	416	first-party	link-order-sandwich	low	bracketed in link order by first-party
0x005F89BC	0x005F89BC	0x005F8A38	124	124	first-party	link-order-sandwich	low	bracketed in link order by first-party
0x005F8A38	0x005F8A38	0x005F8AFA	194	194	first-party	link-order-sandwich	low	bracketed in link order by first-party
0x005F8AFA	0x005F8AFA	0x005F8BCA	208	208	first-party	link-order-sandwich	low	bracketed in link order by first-party
0x005F8BCA	0x005F8BCA	0x005F8C6C	162	162	first-party	link-order-sandwich	low	bracketed in link order by first-party
0x005F8C6C	0x005F8C6C	0x005F8E40	468	468	first-party	link-order-sandwich	low	bracketed in link order by first-party
0x005F8E40	0x005F8E40	0x005F8F04	196	196	first-party	link-order-sandwich	low	bracketed in link order by first-party
0x005F8F32	0x005F8F32	0x005F903C	266	266	first-party	link-order-sandwich	low	bracketed in link order by first-party
0x005F9058	0x005F9058	0x005F9194	316	316	first-party	link-order-sandwich	low	bracketed in link order by first-party
0x005F919C	0x005F919C	0x005F9292	246	246	first-party	link-order-sandwich	low	bracketed in link order by first-party
0x005F9292	0x005F9292	0x005F92A8	22	22	first-party	link-order-sandwich	low	bracketed in link order by first-party
0x005F92A8	0x005F92A8	0x005F9352	170	170	first-party	link-order-sandwich	low	bracketed in link order by first-party
0x005F935C	0x005F935C	0x005F93A0	68	68	first-party	link-order-sandwich	low	bracketed in link order by first-party
0x005F93A4	0x005F93A4	0x005F93E8	68	68	first-party	link-order-sandwich	low	bracketed in link order by first-party
0x005F93E8	0x005F93E8	0x005F94EC	260	260	first-party	link-order-sandwich	low	bracketed in link order by first-party
0x005F952C	0x005F952C	0x005F954E	34	34	first-party	link-order-sandwich	low	bracketed in link order by first-party
0x005F954E	0x005F954E	0x005F958A	60	60	first-party	link-order-sandwich	low	bracketed in link order by first-party
0x005F9F14	0x005F9F14	0x005F9FA2	142	142	investigation-required-no-evidence	none	none	no closed-world evidence
0x005F9FA4	0x005F9FA4	0x005F9FDC	56	56	investigation-required-no-evidence	none	none	no closed-world evidence
0x005F9FE8	0x005F9FE8	0x005F9FF8	16	16	investigation-required-no-evidence	none	none	no closed-world evidence
0x005F9FF8	0x005F9FF8	0x005FA008	16	16	first-party	call-topology-single-family	medium	every closed-world call target is first-party
0x005FA058	0x005FA058	0x005FA060	8	0	investigation-required-no-evidence	none	none	no closed-world evidence
0x005FA08C	0x005FA08C	0x005FA0A4	24	0	investigation-required-no-evidence	none	none	no closed-world evidence
0x005FA0A4	0x005FA0A4	0x005FA0BA	22	0	investigation-required-no-evidence	none	none	no closed-world evidence
0x005FA0BA	0x005FA0BA	0x005FA0C8	14	0	investigation-required-no-evidence	none	none	no closed-world evidence
0x005FA0C8	0x005FA0C8	0x005FA0D6	14	0	investigation-required-no-evidence	none	none	no closed-world evidence
0x005FA13C	0x005FA13C	0x005FA216	218	218	investigation-required-no-evidence	none	none	references peripheral registers
0x005FA21C	0x005FA21C	0x005FA236	26	26	investigation-required-no-evidence	none	none	no closed-world evidence
0x005FA238	0x005FA238	0x005FA7C0	1416	1416	investigation-required-no-evidence	none	none	no closed-world evidence
0x005FA7C0	0x005FA7C0	0x005FA84A	138	138	investigation-required-no-evidence	none	none	no closed-world evidence
