entry	size	instructions	callees	datarefs	scalars
0x080000c0	4	2	0x0800a598	0x080000c4,0x0800a598,0x0800a599	
0x080000cc	34	14		0x080000f0,0x20000128	0x00000000,0x00000002,0x0000000f,0x00000020
0x080000f4	8	3			
0x080000fc	6	2			
0x08000102	62	28	0x0800c390	0x08000140,0x0800c390,0x20000128	0x00000000,0x00000010,0x00000020
0x08000144	8	4	0x080000b8,0x080084ae	0x080000b8,0x08000158,0x0800015c,0x080084ae,0x080084af	
0x08000156	2	1		0x08000156	
0x08000160	44	22	0x0800016e,0x08000182	0x0800016e,0x08000182	0x00000000,0x00000001,0x00000020
0x0800018c	40	19	0x08000160,0x0800019a,0x080001a2,0x080001ac,0x080001b2	0x08000160,0x0800019a,0x080001a2,0x080001ac,0x080001b2	0x00000000,0x00000001
0x080001b4	36	18	0x080001be,0x080001c4,0x080001ca,0x080001d2	0x080001be,0x080001c4,0x080001ca,0x080001d2	0x00000000,0x00000001,0x00000004,0x0000001e
0x080001d8	14	7	0x080001dc,0x080001e0	0x080001dc,0x080001e0	0x00000000,0x00000001
0x080001e6	4	2	0x080001d8	0x080001d8	0x00000000
0x080001ea	18	8	0x080001d8	0x080001d8	
0x080001fc	20	10	0x08000200	0x08000200	0x00000000,0x00000001,0x00000003,0x00000004,0x00000008
0x08000210	96	45	0x08000224,0x0800025c,0x08000294,0x080002b4	0x08000224,0x0800025c,0x08000294,0x080002b4	0x00000000,0x00000001,0x00000004,0x00000008,0x00000010,0x00000014,0x0000001c,0x00000040
0x08000270	36	17	0x080000c0,0x08000278,0x08000284,0x080002d6,0x08000308,0x0800034c	0x080000c0,0x08000278,0x08000284,0x0800028c,0x08000290,0x080002d6,0x080002d7,0x08000308,0x0800034c,0x0800d93c,0x0800d940,0x0800d944,0x0800d948,0x0800d95c,0x20000000	0x00000001,0x0000000c,0x00000010
0x08000294	32	16	0x080002a4	0x0800028d,0x080002a4,0x0800d94c	0x00000000,0x00000020
0x080002b4	34	17	0x080002c4	0x080002c4	0x00000000,0x00000020
0x080002d6	58	29	0x080002da,0x080002e8,0x080002f2,0x080002fa,0x08000300,0x08000304	0x080002da,0x080002e8,0x080002f2,0x080002fa,0x08000300,0x08000304	0x00000000,0x00000001,0x00000004,0x0000001c
0x08000310	268	110	0x0800032c,0x08000330,0x08000368,0x08000372,0x0800039a,0x080003a4,0x080003d8,0x080003e2,0x080003e8,0x08000400,0x08000402,0x0800040e,0x08000416,0x0800a176,0x0800a19a,0x0800a24a,0x0800a2c4,0x0800a310,0x0800b5d6,0x0800c412,0x0800c43c	0x0800032c,0x08000330,0x08000368,0x08000372,0x0800039a,0x080003a4,0x080003d8,0x080003e2,0x080003e8,0x08000400,0x08000402,0x0800040e,0x08000416,0x0800041c,0x0800a176,0x0800a19a,0x0800a24a,0x0800a2c4,0x0800a310,0x0800b5d6,0x0800c412,0x0800c43c,0x0800d954,0x20000084	0x00000000,0x00000001,0x00000004,0x00000008,0x0000000c,0x00000010,0x00000018,0x00000019,0x0000001c,0x0000001f,0x00000020,0x00000021,0x00000022,0x00000023,0x00000024,0x00000025,0x00000026
0x08000420	154	66	0x0800043c,0x08000478,0x08000480,0x08000486,0x0800049e,0x080004a0,0x080004aa,0x080004ae,0x080004b4,0x0800a164,0x0800a188,0x0800a224,0x0800a2a2,0x0800b5ac,0x0800c3f8,0x0800c42c	0x0800043c,0x08000478,0x08000480,0x08000486,0x0800049e,0x080004a0,0x080004aa,0x080004ae,0x080004b4,0x080004bc,0x0800a164,0x0800a188,0x0800a224,0x0800a2a2,0x0800b5ac,0x0800c3f8,0x0800c42c,0x20000004	0x00000000,0x00000001,0x00000004,0x0000000c,0x00000018,0x00000019,0x0000001c,0x00000029,0x0000002a,0x0000002b,0x0000002c
0x080004c0	168	72	0x080004de,0x080004e2,0x08000524,0x0800052e,0x08000534,0x0800054c,0x0800054e,0x0800055a,0x08000562,0x0800a176,0x0800a19a,0x0800a24a,0x0800a2c4,0x0800a310,0x0800b5d6,0x0800c412,0x0800c43c	0x080004de,0x080004e2,0x08000524,0x0800052e,0x08000534,0x0800054c,0x0800054e,0x0800055a,0x08000562,0x08000568,0x0800a176,0x0800a19a,0x0800a24a,0x0800a2c4,0x0800a310,0x0800b5d6,0x0800c412,0x0800c43c,0x20000084	0x00000000,0x00000001,0x00000004,0x00000008,0x0000000c,0x00000018,0x00000019,0x0000001c,0x00000029,0x0000002a,0x0000002b,0x0000002c
0x0800056c	158	66	0x08000584,0x080005be,0x080005c6,0x080005ca,0x080005ee,0x080005f4,0x080005fc,0x080005fe,0x0800a188,0x0800a224,0x0800a2a2,0x0800c3f8,0x0800c42c	0x08000584,0x080005be,0x080005c6,0x080005ca,0x080005ee,0x080005f4,0x080005fc,0x080005fe,0x0800060c,0x0800a188,0x0800a224,0x0800a2a2,0x0800c3f8,0x0800c42c,0x20000004	0x00000000,0x00000001,0x00000004,0x00000015,0x00000016,0x00000017,0x00000018,0x00000019
0x08000610	174	73	0x0800062c,0x0800066c,0x08000676,0x0800067a,0x080006a0,0x080006a6,0x080006b0,0x080006b2,0x0800a19a,0x0800a24a,0x0800a2c4,0x0800a310,0x0800c412,0x0800c43c	0x0800062c,0x0800066c,0x08000676,0x0800067a,0x080006a0,0x080006a6,0x080006b0,0x080006b2,0x080006c0,0x0800a19a,0x0800a24a,0x0800a2c4,0x0800a310,0x0800c412,0x0800c43c,0x20000084	0x00000000,0x00000001,0x00000004,0x00000008,0x00000015,0x00000016,0x00000017,0x00000018,0x00000019
0x080006c4	10	4	0x08004330	0x080006d0,0x08004330	
0x080006d4	92	43	0x080006f6,0x080006fe,0x08000724,0x0800072c,0x08004eac,0x0800678a	0x080006f6,0x080006fe,0x08000724,0x0800072c,0x08000730,0x08004eac,0x0800678a	0x00000000,0x00000001,0x00000002,0x00000008,0x00000010,0x0000001d,0x0000001e,0x0000001f,0x00000058,0x0000005c
0x08000734	110	52	0x08000774,0x08000786,0x08000796,0x0800079e,0x08004eac,0x0800677a	0x08000774,0x08000786,0x08000796,0x0800079e,0x080007a4,0x08004eac,0x0800677a	0x00000000,0x00000001,0x00000002,0x00000003,0x00000005,0x00000008,0x00000010,0x0000001e,0x0000001f,0x00000058,0x0000005c
0x080007a8	162	76	0x08000160,0x080007ee,0x080007f0,0x080007f6,0x08000804,0x08000816,0x0800082a,0x0800083c,0x08000846,0x08004eac,0x0800677a	0x08000160,0x080007ee,0x080007f0,0x080007f6,0x08000804,0x08000816,0x0800082a,0x0800083c,0x08000846,0x0800084c,0x08000850,0x08000854,0x08000858,0x08004eac,0x0800677a,0x20000124,0x40012708	0x00000000,0x00000001,0x00000002,0x00000007,0x00000008,0x00000010,0x00000016,0x00000019,0x0000001f,0x00000058,0x0000005c
0x0800085c	192	90	0x08000872,0x08000886,0x08000890,0x08000892,0x0800089c,0x080008d4,0x080008d8,0x080008da,0x080008de,0x080008fc,0x0800090a,0x08000928,0x08000e1c,0x08009b94	0x08000872,0x08000886,0x08000890,0x08000892,0x0800089c,0x080008d4,0x080008d8,0x080008da,0x080008de,0x080008fc,0x0800090a,0x0800091c,0x08000920,0x08000924,0x08000928,0x08000e1c,0x08009b94,0x2000010a,0x20000893,0x20000974,0x20000975,0x20000976,0x20000977,0x20000978	0x00000000,0x00000001,0x00000002,0x00000003,0x00000004,0x00000005,0x00000006,0x00000008,0x0000000d,0x0000000e,0x00000017,0x0000001e,0x0000005a,0x0000007f,0x000000a5,0x000000cf,0x000000de
0x08000928	480	218	0x08000956,0x08000976,0x0800098a,0x080009a2,0x080009b8,0x080009c6,0x080009c8,0x080009f4,0x080009fa,0x08000a3e,0x08000a40,0x08000a42,0x08000a78,0x08000a7a,0x08000a7c,0x08000a7e,0x08000a80,0x08000a82,0x08000ab4,0x08000b28,0x08000b2e,0x08000b3c,0x08000b44,0x08000b48,0x08000b4a,0x08000b5c,0x08000b6c,0x08000ba2,0x08000ba4,0x08000bb0,0x08000bb6,0x08000bb8,0x08000bbc,0x08000bc8,0x08000bd4,0x08000be0,0x08000bf0,0x08000bfc,0x08000c0a,0x08000c0c,0x08000c10,0x08000c12,0x08000c16,0x08000c26,0x08000c30,0x08000c3c,0x08000c4c,0x08000c4e,0x08000c50,0x08002c30,0x08002c8e,0x080035d4,0x080039e4,0x0800502c,0x08005094,0x080050a8,0x080050c4,0x08009170,0x08009190,0x0800a888	0x08000944,0x08000954,0x08000956,0x08000976,0x0800098a,0x080009a2,0x080009b8,0x080009c6,0x080009c8,0x080009f4,0x080009fa,0x08000a3e,0x08000a40,0x08000a42,0x08000a78,0x08000a7a,0x08000a7c,0x08000a7e,0x08000a80,0x08000a82,0x08000ab4,0x08000b28,0x08000b2e,0x08000b3c,0x08000b44,0x08000b48,0x08000b4a,0x08000b5c,0x08000b6c,0x08000ba2,0x08000ba4,0x08000bb0,0x08000bb6,0x08000bb8,0x08000bbc,0x08000bc8,0x08000bd4,0x08000be0,0x08000bf0,0x08000bfc,0x08000c0a,0x08000c0c,0x08000c10,0x08000c12,0x08000c16,0x08000c26,0x08000c30,0x08000c3c,0x08000c4c,0x08000c4e,0x08000c50,0x08000c68,0x08000c6c,0x08000c70,0x08000c78,0x08000c7c,0x08000c88,0x08000c94,0x08000cac,0x08000d00,0x08000d04,0x08000d08,0x08000d28,0x08000d40,0x08000d44,0x08000d48,0x08000d4c,0x08000d60,0x08000d74,0x08000d78,0x08000d7c,0x08000d80,0x08000db8,0x08000dd8,0x08000df0,0x08000e0c,0x08000e10,0x08002c30,0x08002c8e,0x080035d4,0x080039e4,0x0800502c,0x08005094,0x080050a8,0x080050c4,0x08009170,0x08009190,0x0800a888,0x200000bd,0x200000be,0x200000bf,0x200000c1,0x200000c2,0x200000c3,0x200000f0,0x20000105,0x2000087f,0x40007000,0x40007018	0x00000000,0x00000001,0x00000002,0x00000003,0x00000004,0x00000008,0x00000010,0x00000011,0x00000014,0x00000018,0x00000020,0x0000002b,0x000000a0,0x000000af,0x000000b0,0x000000d0,0x000000d1,0x000000d2,0x000000d3,0x000000d4,0x000000dd,0x000000df,0x000000ee,0x000000ff,0x08000c70,0x08000c7c,0x08000c88,0x08000c94,0x08000cac,0x08000d08,0x08000d28,0x08000d4c,0x08000d60,0x08000d80,0x08000db8,0x08000dd0,0x08000dd8,0x08000df0,0x08000e10
0x08000e1c	864	394	0x0800018c,0x080001b4,0x08000928,0x08000e40,0x08000e62,0x08000e6c,0x08000e80,0x08000e88,0x08000e96,0x08000e9a,0x08000e9e,0x08000ea8,0x08000eb0,0x08000ebc,0x08000ebe,0x08000efa,0x08000f0e,0x08000f1c,0x08000f20,0x08000f22,0x08000f26,0x08000f28,0x08000f42,0x08000f54,0x08000f56,0x08000f58,0x08000f5a,0x08000f5c,0x08000f5e,0x08000f72,0x08000f9a,0x08000f9e,0x08000faa,0x08000fba,0x08000fbc,0x08000fc8,0x08000fd6,0x08000fda,0x08000fea,0x08000ff6,0x08001006,0x0800100a,0x08001016,0x08001018,0x0800101c,0x0800101e,0x0800102a,0x08001034,0x08001044,0x0800104a,0x0800104e,0x08001052,0x08001064,0x08001068,0x0800106c,0x08001072,0x08001078,0x0800107c,0x08001080,0x080010a0,0x080010ba,0x080010be,0x080010c6,0x080010c8,0x080010d0,0x080010ec,0x080010fa,0x080010fc,0x08001102,0x08001108,0x08001128,0x08001152,0x0800116c,0x080012e4,0x08002f60,0x08002f88,0x0800373c,0x080067c8,0x0800680c,0x080068d0,0x08006b80,0x08006b98,0x08009170,0x08009f18,0x08009ff0,0x0800a01e,0x0800a888,0x0800d154	0x0800018c,0x080001b4,0x08000928,0x08000e40,0x08000e62,0x08000e6c,0x08000e80,0x08000e88,0x08000e96,0x08000e9a,0x08000e9e,0x08000ea8,0x08000eb0,0x08000ebc,0x08000ebe,0x08000efa,0x08000f0e,0x08000f1c,0x08000f20,0x08000f22,0x08000f26,0x08000f28,0x08000f42,0x08000f54,0x08000f56,0x08000f58,0x08000f5a,0x08000f5c,0x08000f5e,0x08000f72,0x08000f9a,0x08000f9e,0x08000faa,0x08000fba,0x08000fbc,0x08000fc8,0x08000fd6,0x08000fda,0x08000fea,0x08000ff6,0x08001006,0x0800100a,0x08001016,0x08001018,0x0800101c,0x0800101e,0x0800102a,0x08001034,0x08001044,0x0800104a,0x0800104e,0x08001052,0x08001064,0x08001068,0x0800106c,0x08001072,0x08001078,0x0800107c,0x08001080,0x080010a0,0x080010ba,0x080010be,0x080010c6,0x080010c8,0x080010d0,0x080010ec,0x080010fa,0x080010fc,0x08001102,0x08001108,0x08001128,0x08001152,0x0800116c,0x08001180,0x08001184,0x08001188,0x0800118c,0x08001190,0x080011b0,0x080011b4,0x080011b8,0x080011bc,0x080011c0,0x080011c4,0x080011c8,0x080011cc,0x080011d0,0x080011d4,0x080011fc,0x08001204,0x0800120c,0x08001224,0x0800123c,0x08001254,0x08001268,0x0800126c,0x08001270,0x08001284,0x08001288,0x0800128c,0x080012a0,0x080012b8,0x080012e0,0x080012e4,0x08002f60,0x08002f88,0x0800373c,0x080067c8,0x0800680c,0x080068d0,0x08006b80,0x08006b98,0x08009170,0x08009f18,0x08009ff0,0x0800a01e,0x0800a888,0x0800d154,0x200000bf,0x200000f0,0x200000f4,0x200000f5,0x200000fc,0x2000087d,0x20000880,0x2000088c,0x2000088d,0x20000891,0x20000895,0x20000896	0x00000000,0x00000001,0x00000002,0x00000003,0x00000004,0x00000005,0x00000006,0x00000007,0x00000008,0x0000000a,0x0000000b,0x0000000c,0x0000000d,0x0000000e,0x0000000f,0x00000010,0x00000011,0x00000012,0x00000014,0x00000015,0x00000018,0x00000019,0x0000001a,0x0000001f,0x00000020,0x00000028,0x0000002c,0x00000039,0x0000003d,0x0000003e,0x0000003f,0x00000041,0x00000050,0x00000051,0x00000056,0x0000005c,0x0000005d,0x0000005e,0x0000005f,0x00000068,0x00000080,0x000000ee,0x000000ff,0x08001190,0x080011b0,0x080011b4,0x080011c0,0x080011c8,0x080011d4,0x080011fc,0x08001204,0x0800120c,0x08001224,0x0800123c,0x08001254,0x08001268,0x08001270,0x08001284,0x0800128c,0x080012a0,0x080012b8
0x080012e4	48	19	0x08001312,0x08006b80,0x08006b98,0x08009170,0x0800ab26	0x08001312,0x08001314,0x08001318,0x0800131c,0x08001330,0x08006b80,0x08006b98,0x08009170,0x0800ab26,0x200000bf,0x200000d0,0x2000087c,0x2000087e	0x00000000,0x00000002,0x00000007,0x00000018,0x0800131c,0x08001330
0x08001334	68	30	0x08001364,0x08009170,0x0800aaf0	0x08001364,0x08001378,0x0800137c,0x080013b0,0x080013b4,0x08009170,0x0800aaf0,0x200000bf,0x200000d4,0x200000d8,0x200000f5,0x200000f6,0x200000f7,0x200000f8,0x200000f9,0x200000fa,0x200000fb,0x20000100	0x00000000,0x00000001,0x00000002,0x00000003,0x00000004,0x00000005,0x00000006,0x00000007,0x0000000c,0x0000001c,0x00000020,0x0000003c,0x0000007d,0x0800137c,0x080013b0
0x080013b8	50	20	0x080013e8,0x08009170,0x0800aa00	0x080013e8,0x080013ec,0x080013f0,0x080013f4,0x08001404,0x08009170,0x0800aa00,0x200000bb,0x200000bf,0x200000e0,0x200000e4,0x200000e8,0x20000893	0x00000000,0x00000003,0x00000007,0x00000017,0x00000028,0x0000002c,0x00000030,0x080013f4,0x08001404
0x08001408	258	113	0x0800142c,0x0800143c,0x0800143e,0x08001442,0x0800144e,0x08001452,0x08001480,0x0800149e,0x080014a0,0x08001504,0x08001e94,0x0800258c,0x08009170,0x08009b70	0x0800142c,0x0800143c,0x0800143e,0x08001442,0x0800144e,0x08001452,0x08001480,0x0800149e,0x080014a0,0x08001504,0x0800150c,0x08001510,0x08001514,0x08001518,0x08001538,0x0800153c,0x08001564,0x08001568,0x0800156c,0x08001570,0x08001e94,0x0800258c,0x08009170,0x08009b70,0x200000bc,0x200000bf,0x2000087d,0x2000087f,0x20000880,0x2000088c,0x2000088d	0x00000000,0x00000001,0x00000002,0x00000003,0x00000004,0x00000005,0x00000006,0x00000007,0x00000008,0x0000000c,0x0000000e,0x00000010,0x00000011,0x00000014,0x00000046,0x08001518,0x08001538,0x0800153c,0x08001564,0x0800156c
0x08001574	508	222	0x0800157e,0x08001584,0x080015a2,0x080015d6,0x080015ee,0x08001602,0x08001608,0x08001614,0x08001620,0x08001630,0x08001638,0x08001644,0x0800166a,0x08001674,0x08001676,0x0800167a,0x08001686,0x08001696,0x080016a0,0x080016ba,0x0800170a,0x08001718,0x08001722,0x08001728,0x0800173a,0x08001748,0x08001752,0x08001758,0x08001766,0x08001e94,0x08002744,0x08002b4c,0x08002cc0,0x08002d48,0x08002e04,0x08002f46,0x08009170,0x08009b70,0x0800a7b0	0x0800157e,0x08001584,0x080015a2,0x080015d6,0x080015ee,0x08001602,0x08001608,0x08001614,0x08001620,0x08001630,0x08001638,0x08001644,0x0800166a,0x08001674,0x08001676,0x0800167a,0x08001686,0x08001696,0x080016a0,0x080016ba,0x0800170a,0x08001718,0x08001722,0x08001728,0x0800173a,0x08001748,0x08001752,0x08001758,0x08001766,0x08001770,0x08001774,0x08001778,0x08001794,0x08001798,0x0800179c,0x080017a0,0x080017bc,0x080017d8,0x080017dc,0x08001800,0x0800181c,0x08001838,0x0800184c,0x08001868,0x08001884,0x0800189c,0x080018a0,0x080018a4,0x080018a8,0x080018ac,0x080018b0,0x08001e94,0x08002744,0x08002b4c,0x08002cc0,0x08002d48,0x08002e04,0x08002f46,0x08009170,0x08009b70,0x0800a7b0,0x200000bc,0x200000bf,0x20000894,0x2000089c,0x200008a4,0x200008a8	0x00000000,0x00000001,0x00000003,0x00000004,0x00000005,0x0000000a,0x0000000c,0x00000014,0x00000018,0x00000020,0x00000024,0x00000028,0x0000002c,0x00000034,0x00000059,0x00000064,0x000000f0,0x08001778,0x08001794,0x08001798,0x080017a0,0x080017bc,0x080017dc,0x08001800,0x0800181c,0x08001838,0x0800184c,0x08001868,0x08001884,0x0800189c,0x080018a8,0x080018ac,0x080018b0
0x080018e4	492	225	0x08000160,0x080018fc,0x08001914,0x08001928,0x0800193e,0x08001944,0x08001978,0x08001980,0x0800198a,0x080019c2,0x080019ca,0x080019d4,0x080019f4,0x080019f6,0x080019f8,0x08001a4a,0x08001a56,0x08001a62,0x08001abe,0x08001ac2,0x08001e94,0x0800258c,0x08009170,0x08009b70	0x08000160,0x080018fc,0x08001914,0x08001928,0x0800193e,0x08001944,0x08001978,0x08001980,0x0800198a,0x080019c2,0x080019ca,0x080019d4,0x080019f4,0x080019f6,0x080019f8,0x08001a4a,0x08001a56,0x08001a62,0x08001abe,0x08001ac2,0x08001ad0,0x08001ad4,0x08001ad8,0x08001adc,0x08001b08,0x08001b0c,0x08001b38,0x08001b6c,0x08001b98,0x08001bcc,0x08001bd0,0x08001bd4,0x08001bf8,0x08001e94,0x0800258c,0x08009170,0x08009b70,0x200000bf,0x20000105,0x2000087d,0x2000087f,0x20000880,0x20000888,0x2000088c,0x2000088d,0x2000089c,0x200008ad,0x200008af,0x200008b4,0x200008b8,0x200008bc,0x200008c0,0x200008c4,0x200008c9,0x200008cb,0x200008d0,0x200008d4,0x200008d8,0x200008dc,0x200008e0	0x00000000,0x00000001,0x00000002,0x00000003,0x00000004,0x00000005,0x00000007,0x00000008,0x0000000a,0x0000000c,0x0000000d,0x0000000f,0x00000010,0x00000011,0x00000013,0x00000014,0x0000001e,0x00000020,0x00000038,0x0000003c,0x00000040,0x00000044,0x00000048,0x00000058,0x0000005c,0x00000060,0x00000064,0x08001adc,0x08001b08,0x08001b0c,0x08001b38,0x08001b6c,0x08001b98,0x08001bcc,0x08001bd4,0x08001bf8
0x08001c1c	230	105	0x08001c46,0x08001c48,0x08001c8e,0x08001c9a,0x08001ca6,0x08001cf4,0x08001cf6,0x08001e94,0x0800258c,0x08009170,0x08009b70	0x08001c46,0x08001c48,0x08001c8e,0x08001c9a,0x08001ca6,0x08001cf4,0x08001cf6,0x08001d04,0x08001d08,0x08001d0c,0x08001d10,0x08001d14,0x08001d3c,0x08001d40,0x08001e94,0x0800258c,0x08009170,0x08009b70,0x200000bf,0x2000087d,0x2000087f,0x20000880,0x2000088c,0x2000088d,0x200008b8,0x200008bc,0x200008c0,0x200008c4,0x200008d4,0x200008d8,0x200008dc,0x200008e0	0x00000000,0x00000001,0x00000002,0x00000003,0x00000004,0x00000005,0x00000007,0x00000010,0x00000011,0x00000013,0x0000003c,0x00000040,0x00000044,0x00000048,0x00000058,0x0000005c,0x00000060,0x00000064,0x08001d04,0x08001d14,0x08001d3c,0x08001d40
0x08001d68	176	79	0x08001d70,0x08001d76,0x08001d92,0x08001db2,0x08001dbc,0x08001dc8,0x08001de8,0x08001e00,0x08001e0a,0x08001e0c,0x08001e94,0x08002744,0x08009170,0x08009b70,0x0800a7b0	0x08001d70,0x08001d76,0x08001d92,0x08001db2,0x08001dbc,0x08001dc8,0x08001de8,0x08001e00,0x08001e0a,0x08001e0c,0x08001e18,0x08001e1c,0x08001e20,0x08001e48,0x08001e4c,0x08001e50,0x08001e54,0x08001e58,0x08001e5c,0x08001e78,0x08001e94,0x08002744,0x08009170,0x08009b70,0x0800a7b0,0x200000bc,0x200000bf,0x20000898,0x20000899	0x00000000,0x00000001,0x00000002,0x00000003,0x00000004,0x00000005,0x00000006,0x00000007,0x00000008,0x0000000a,0x0000001c,0x0000001d,0x00000039,0x0000005b,0x00000064,0x000000c8,0x08001e20,0x08001e48,0x08001e4c,0x08001e5c,0x08001e78
0x08001e94	960	462	0x080001b4,0x080001e6,0x080001fc,0x08001ea6,0x08001ec4,0x08001ed4,0x08001ede,0x08001f1a,0x08001f24,0x08001f3c,0x08001f46,0x08001f56,0x08001f5e,0x08001f68,0x08001f6e,0x08001f88,0x08001fa6,0x08001fb0,0x08001fb4,0x08001fb6,0x08001fd4,0x08001fd8,0x08001fe2,0x08001ff4,0x08001ff6,0x08001ffa,0x0800200e,0x08002010,0x08002012,0x08002014,0x0800202c,0x0800203c,0x0800203e,0x08002040,0x08002042,0x08002044,0x08002048,0x0800204c,0x0800206e,0x08002070,0x08002072,0x0800207a,0x08002090,0x08002094,0x080020a4,0x080020a6,0x080020b0,0x080020b4,0x080020b8,0x080020c2,0x080020ca,0x080020dc,0x080020e0,0x080020e4,0x08002106,0x0800210c,0x08002110,0x08002116,0x0800211a,0x08002120,0x08002122,0x08002124,0x08002128,0x0800212c,0x08002136,0x08002138,0x0800213a,0x08002148,0x0800214a,0x08002150,0x08002158,0x0800215a,0x0800215e,0x08002160,0x08002162,0x08002172,0x0800217a,0x080021de,0x080021f2,0x08002202,0x08002214,0x08002220,0x08002244,0x080067c8,0x0800680c,0x08009170	0x080001b4,0x080001e6,0x080001fc,0x08001ea6,0x08001ec4,0x08001ed4,0x08001ede,0x08001f1a,0x08001f24,0x08001f3c,0x08001f46,0x08001f56,0x08001f5e,0x08001f68,0x08001f6e,0x08001f88,0x08001fa6,0x08001fb0,0x08001fb4,0x08001fb6,0x08001fd4,0x08001fd8,0x08001fe2,0x08001ff4,0x08001ff6,0x08001ffa,0x0800200e,0x08002010,0x08002012,0x08002014,0x0800202c,0x0800203c,0x0800203e,0x08002040,0x08002042,0x08002044,0x08002048,0x0800204c,0x0800206e,0x08002070,0x08002072,0x0800207a,0x08002090,0x08002094,0x080020a4,0x080020a6,0x080020b0,0x080020b4,0x080020b8,0x080020c2,0x080020ca,0x080020dc,0x080020e0,0x080020e4,0x08002106,0x0800210c,0x08002110,0x08002116,0x0800211a,0x08002120,0x08002122,0x08002124,0x08002128,0x0800212c,0x08002136,0x08002138,0x0800213a,0x08002148,0x0800214a,0x08002150,0x08002158,0x0800215a,0x0800215e,0x08002160,0x08002162,0x08002172,0x0800217a,0x080021de,0x080021f2,0x08002202,0x08002214,0x08002220,0x08002244,0x08002254,0x08002258,0x0800225c,0x08002278,0x0800227c,0x080022b8,0x080022bc,0x080022c0,0x080022e8,0x080022ec,0x08002320,0x08002354,0x08002378,0x0800239c,0x080023b8,0x080023bc,0x080023f0,0x080067c8,0x0800680c,0x08009170,0x0800d648,0x200000b4,0x200000b5,0x200000bf,0x200000f4,0x200000f5,0x200000f6,0x200000f7,0x20000665,0x20000666,0x20000667,0x20000668,0x2000088e,0x2000088f,0x20000895,0x20000896,0x20000898,0x20000899,0x2000089c,0x200008a0,0x200008a4,0x200008a8,0x200008ac,0x200008ad,0x200008ae,0x200008b0,0x200008b2,0x200008c4,0x200008c8,0x200008c9,0x200008ca,0x200008cc,0x200008ce,0x200008e0	0x00000000,0x00000001,0x00000002,0x00000003,0x00000004,0x00000005,0x00000006,0x00000007,0x00000008,0x00000009,0x0000000a,0x0000000c,0x0000000d,0x0000000e,0x0000000f,0x00000010,0x00000011,0x00000012,0x00000013,0x00000014,0x00000018,0x00000019,0x0000001a,0x0000001c,0x0000001d,0x0000001f,0x00000020,0x00000024,0x00000028,0x00000036,0x00000039,0x0000003e,0x00000046,0x00000048,0x00000058,0x00000059,0x0000005a,0x0000005b,0x00000062,0x00000064,0x000000a5,0x000000ff,0x0800225c,0x08002278,0x0800227c,0x080022c0,0x080022ec,0x08002320,0x08002354,0x08002378,0x0800239c,0x080023bc
0x080023f4	104	47	0x08001e94,0x08002412,0x0800241c,0x0800241e,0x08002426,0x08002456,0x0800258c,0x08009170,0x08009b70	0x08001e94,0x08002412,0x0800241c,0x0800241e,0x08002426,0x08002456,0x0800245c,0x08002460,0x08002464,0x08002468,0x08002490,0x08002494,0x080024b4,0x080024b8,0x080024bc,0x0800258c,0x08009170,0x08009b70,0x200000bc,0x200000bf,0x200000f6,0x2000088c	0x00000000,0x00000001,0x00000002,0x00000004,0x00000006,0x00000010,0x0000003e,0x08002468,0x08002490,0x08002494,0x080024b4
0x080024c0	104	47	0x08001e94,0x080024de,0x080024e8,0x080024ea,0x080024f2,0x08002522,0x0800258c,0x08009170,0x08009b70	0x08001e94,0x080024de,0x080024e8,0x080024ea,0x080024f2,0x08002522,0x08002528,0x0800252c,0x08002530,0x08002534,0x0800255c,0x08002560,0x08002580,0x08002584,0x08002588,0x0800258c,0x08009170,0x08009b70,0x200000bc,0x200000bf,0x200000f7,0x2000088d	0x00000000,0x00000001,0x00000003,0x00000004,0x00000006,0x00000011,0x0000003e,0x08002534,0x0800255c,0x08002560,0x08002580
0x0800258c	304	131	0x08000160,0x080025a8,0x080025be,0x080025c2,0x080025f2,0x08002600,0x0800260c,0x0800261a,0x0800261e,0x08002628,0x08002636,0x08002640,0x0800265e,0x08002666,0x08002686,0x08002694,0x0800269a,0x080026a8,0x080026ae,0x08003bb0,0x08004e9e,0x08005f00,0x08005f44,0x080063ec,0x080067c8,0x08006c80,0x08006cf8,0x08009170,0x08009a14,0x0800a7b0,0x0800be90,0x0800bede,0x0800d250	0x08000160,0x080025a8,0x080025be,0x080025c2,0x080025f2,0x08002600,0x0800260c,0x0800261a,0x0800261e,0x08002628,0x08002636,0x08002640,0x0800265e,0x08002666,0x08002686,0x08002694,0x0800269a,0x080026a8,0x080026ae,0x080026bc,0x080026c0,0x080026c4,0x080026c8,0x080026e0,0x08002700,0x0800271c,0x08002720,0x08003bb0,0x08004e9e,0x08005f00,0x08005f44,0x080063ec,0x080067c8,0x08006c80,0x08006cf8,0x08009170,0x08009a14,0x0800a7b0,0x0800be90,0x0800bede,0x0800d250,0x200000bf,0x20000665,0x20000667,0x20000eb8	0x00000000,0x00000001,0x00000002,0x00000003,0x00000004,0x00000005,0x00000008,0x00000014,0x0000001a,0x0000001c,0x0000001e,0x00000032,0x00000050,0x0000005a,0x000000ff,0x080026c8,0x080026e0,0x08002700,0x0800271c,0x08002720
0x08002744	232	103	0x08000160,0x0800275a,0x0800278e,0x0800279c,0x080027ac,0x080027b6,0x080027c4,0x080027ce,0x080027ec,0x080027f4,0x0800280e,0x08002818,0x08002826,0x08003bb0,0x08004e9e,0x08005f00,0x08005f44,0x080063ec,0x080067c8,0x08006c80,0x08006cf8,0x08009170	0x08000160,0x0800275a,0x0800278e,0x0800279c,0x080027ac,0x080027b6,0x080027c4,0x080027ce,0x080027ec,0x080027f4,0x0800280e,0x08002818,0x08002826,0x0800282c,0x08002830,0x08002834,0x08002838,0x08002860,0x08002884,0x08003bb0,0x08004e9e,0x08005f00,0x08005f44,0x080063ec,0x080067c8,0x08006c80,0x08006cf8,0x08009170,0x200000bf,0x20000665,0x20000666,0x20000667,0x20000668,0x20000eb8	0x00000000,0x00000001,0x00000002,0x00000003,0x00000004,0x00000005,0x00000008,0x00000014,0x0000001a,0x0000001c,0x0000001e,0x00000032,0x0000005a,0x00000064,0x000000ff,0x08002838,0x08002860,0x08002884
0x08002888	40	17	0x080001e6,0x08004d30,0x0800a4dc	0x080001e6,0x080028b0,0x08004d30,0x0800a4dc	0x00000000,0x00000004,0x00000008,0x00000011,0x00000014,0x00000018
0x080028b4	114	44	0x080028f4,0x080028fc,0x08002902,0x08002912,0x08002916,0x0800291a,0x0800a3d2,0x0800a414,0x0800a436,0x0800a46c,0x0800a4b4,0x0800a4dc,0x0800a4fa	0x080028f4,0x080028fc,0x08002902,0x08002912,0x08002916,0x0800291a,0x08002928,0x0800a3d2,0x0800a414,0x0800a436,0x0800a46c,0x0800a4b4,0x0800a4dc,0x0800a4fa,0x20000114	0x00000000,0x00000001,0x000000c8,0x000000c9
0x0800292c	114	44	0x0800296c,0x08002974,0x0800297a,0x0800298a,0x0800298e,0x08002992,0x0800a3d2,0x0800a414,0x0800a436,0x0800a46c,0x0800a4b4,0x0800a4dc,0x0800a4fa	0x0800296c,0x08002974,0x0800297a,0x0800298a,0x0800298e,0x08002992,0x080029a0,0x0800a3d2,0x0800a414,0x0800a436,0x0800a46c,0x0800a4b4,0x0800a4dc,0x0800a4fa,0x20000114	0x00000000,0x00000001,0x00000070,0x00000071
0x080029a4	88	35	0x080029b2,0x080029cc,0x080029ec,0x080029f4,0x0800a46c,0x0800a4b4,0x0800a4dc,0x0800a4fa	0x080029b2,0x080029cc,0x080029ec,0x080029f4,0x080029fc,0x0800a46c,0x0800a4b4,0x0800a4dc,0x0800a4fa,0x20000114	0x00000000,0x00000001,0x000000c8
0x08002a00	88	35	0x08002a0e,0x08002a28,0x08002a48,0x08002a50,0x0800a46c,0x0800a4b4,0x0800a4dc,0x0800a4fa	0x08002a0e,0x08002a28,0x08002a48,0x08002a50,0x08002a58,0x0800a46c,0x0800a4b4,0x0800a4dc,0x0800a4fa,0x20000114	0x00000000,0x00000001,0x00000070,0x000000c8
0x08002a5c	6	3		0x08002a64,0x200000bb	0x00000003
0x08002a68	140	65	0x08002a78,0x08002aa6,0x08002aaa,0x08002ab6,0x08002abc,0x08002ad0,0x08002aea,0x08002aec,0x08002af0,0x08002c30,0x080035d4,0x08004e94,0x08009170	0x08002a78,0x08002aa6,0x08002aaa,0x08002ab6,0x08002abc,0x08002ad0,0x08002aea,0x08002aec,0x08002af0,0x08002af4,0x08002af8,0x08002afc,0x08002b00,0x08002b04,0x08002b3c,0x08002c30,0x080035d4,0x08004e94,0x08009170,0x20000028,0x200000bf,0x2000087c,0x2000087f	0x00000000,0x00000001,0x00000003,0x00000015,0x0000001f,0x00000020,0x000000ff,0x08002b04,0x08002b3c
0x08002b40	12	5	0x080039c8	0x080039c8	0x00000000,0x000000a2
0x08002b4c	182	81	0x08002b6c,0x08002b8c,0x08002b9e,0x08002ba4,0x08002ba8,0x08002bb0,0x08002bd6,0x08002f60,0x08002f88,0x08004b20,0x08004b94,0x08004bf4,0x08009170	0x08002b6c,0x08002b8c,0x08002b9e,0x08002ba4,0x08002ba8,0x08002bb0,0x08002bd6,0x08002c04,0x08002c08,0x08002c0c,0x08002c10,0x08002c2c,0x08002f60,0x08002f88,0x08004b20,0x08004b94,0x08004bf4,0x08009170,0x200000bf	0x00000000,0x00000001,0x00000008,0x00000010,0x00000018,0x08002c10,0x08002c2c
0x08002c30	94	43	0x08002c3e,0x08002c60,0x08002c62,0x08002c6a,0x080035d4,0x080039e4	0x08002c3e,0x08002c60,0x08002c62,0x08002c6a,0x080035d4,0x080039e4	0x00000000,0x00000001,0x00000003,0x00000008,0x00000009,0x00000015
0x08002c8e	42	19	0x08002cae,0x08009004	0x08002cae,0x08009004	0x00000000,0x00000001,0x00000004,0x00000005,0x00000007,0x0000003b
0x08002cb8	8	3	0x0800a270	0x0800a270	
0x08002cc0	80	38	0x08002cce,0x08002ce6,0x08002d02,0x08002d0c,0x08009170	0x08002cce,0x08002ce6,0x08002d02,0x08002d0c,0x08002d10,0x08002d14,0x08002d18,0x08002d1c,0x08002d44,0x08009170,0x08040000,0x08040001,0x08040002,0x08040003,0x200000bf,0x2000089c,0x200008a0	0x00000000,0x00000001,0x00000002,0x00000003,0x00000004,0x00000008,0x00000010,0x00000018,0x00000020,0x00000024,0x08002d1c,0x08002d44
0x08002d48	114	50	0x08002d62,0x08002d6e,0x08002d74,0x08002d84,0x08002d98,0x08002db2,0x0800497c,0x08004b20,0x08004bf4,0x08009170,0x0800a7b0	0x08002d62,0x08002d6e,0x08002d74,0x08002d84,0x08002d98,0x08002db2,0x08002dbc,0x08002dc0,0x08002dc4,0x08002dc8,0x08002e00,0x0800497c,0x08004b20,0x08004bf4,0x08009170,0x0800a7b0,0x200000bf,0x200001a4,0x200001a8,0x200001ac,0x200001b0,0x20000894	0x00000000,0x00000001,0x00000002,0x00000003,0x00000004,0x00000008,0x0000000c,0x0000000f,0x00000018,0x00000080,0x000000c8,0x08002dc8,0x08002e00
0x08002e04	172	79	0x08002e18,0x08002e2c,0x08002e30,0x08002e32,0x08002e36,0x08002e3e,0x08002e60,0x08002e6a,0x08002e9a,0x08002ea2,0x08002ea6,0x08004b20,0x08004b94,0x08004bf4,0x08009170	0x08002e18,0x08002e2c,0x08002e30,0x08002e32,0x08002e36,0x08002e3e,0x08002e60,0x08002e6a,0x08002e9a,0x08002ea2,0x08002ea6,0x08002eb0,0x08002eb4,0x08002eb8,0x08002ebc,0x08002ed8,0x08004b20,0x08004b94,0x08004bf4,0x08009170,0x200000bf	0x00000000,0x00000001,0x00000003,0x00000008,0x0000000c,0x00000014,0x00000018,0x0000001d,0x0000001f,0x00000020,0x000000ff,0x08002eb4,0x08002ebc,0x08002ed8
0x08002edc	72	31	0x08000160,0x08002ef4,0x08002f00,0x08002f06,0x08004328,0x08004710,0x080047d4,0x0800483c	0x08000160,0x08002ef4,0x08002f00,0x08002f06,0x08002f24,0x08004328,0x08004710,0x080047d4,0x0800483c,0x200008e4	0x00000000,0x00000001,0x00000006,0x00000008,0x0000000a
0x08002f28	30	14	0x08002f44,0x080035b8	0x08002f44,0x080035b8	0x00000000,0x00000001,0x000000a2
0x08002f46	26	12	0x08002f58,0x08002f5c,0x08004a00	0x08002f58,0x08002f5c,0x08004a00	0x00000001,0x00000002,0x0000000b,0x00000018,0x0000001c
0x08002f60	34	17	0x08002f6a	0x08002f6a,0x08002f84,0x0803f800,0x0803f804	0x00000000,0x00000001,0x00000004,0x00000008,0x00000018,0x0000001f,0x00000020
0x08002f88	60	30	0x08002f92,0x08002fae	0x08002f92,0x08002fae,0x08002fc4,0x0803f000,0x0803f004,0x0803f008,0x0803f00c	0x00000000,0x00000001,0x00000004,0x00000007,0x00000008,0x0000000c,0x00000018,0x0000001f,0x00000020
0x08002fc8	890	378	0x08002b40,0x08002c30,0x08002c8e,0x08002f28,0x08002ff8,0x08003012,0x08003024,0x0800302e,0x08003036,0x0800306c,0x0800308e,0x08003092,0x08003096,0x0800309a,0x080030a6,0x080030ba,0x080030c0,0x080030c6,0x080030d0,0x080030f4,0x0800310e,0x08003116,0x08003132,0x0800313c,0x08003148,0x0800315a,0x08003178,0x08003184,0x08003186,0x080031aa,0x080031b2,0x080031c0,0x080031ca,0x080031d6,0x080031da,0x080031de,0x080031e6,0x080031f2,0x08003218,0x0800321c,0x08003236,0x0800323c,0x0800324a,0x0800324c,0x08003256,0x08003276,0x0800328e,0x08003294,0x080032a0,0x080032a4,0x080032b8,0x080032cc,0x080032e6,0x080032ee,0x08003328,0x080035b8,0x080035d4,0x080035f0,0x080038a0,0x080039c8,0x080039e4,0x08003a30,0x08004958,0x08004e94,0x08004eb8,0x08004ec4,0x08004ed0,0x0800502c,0x08005094,0x080050a8,0x080050c4,0x080067c8,0x08008fa8,0x08009040,0x080090ac,0x08009170,0x08009df4,0x08009ebc,0x0800d178,0x0800d218	0x08002b40,0x08002c30,0x08002c8e,0x08002f28,0x08002ff8,0x08003012,0x08003024,0x0800302e,0x08003036,0x0800306c,0x0800308e,0x08003092,0x08003096,0x0800309a,0x080030a6,0x080030ba,0x080030c0,0x080030c6,0x080030d0,0x080030f4,0x0800310e,0x08003116,0x08003132,0x0800313c,0x08003148,0x0800315a,0x08003178,0x08003184,0x08003186,0x080031aa,0x080031b2,0x080031c0,0x080031ca,0x080031d6,0x080031da,0x080031de,0x080031e6,0x080031f2,0x08003218,0x0800321c,0x08003236,0x0800323c,0x0800324a,0x0800324c,0x08003256,0x08003276,0x0800328e,0x08003294,0x080032a0,0x080032a4,0x080032b8,0x080032cc,0x080032e6,0x080032ee,0x08003328,0x08003344,0x08003348,0x08003350,0x08003374,0x08003378,0x0800337c,0x08003380,0x080033b4,0x080033cc,0x080033e8,0x08003400,0x0800342c,0x08003430,0x08003434,0x08003438,0x08003450,0x08003464,0x0800347c,0x08003480,0x080034a0,0x080034d4,0x080034ec,0x08003520,0x0800353c,0x08003554,0x080035b8,0x080035d4,0x080035f0,0x080038a0,0x080039c8,0x080039e4,0x08003a30,0x08004958,0x08004e94,0x08004eb8,0x08004ec4,0x08004ed0,0x0800502c,0x08005094,0x080050a8,0x080050c4,0x080067c8,0x08008fa8,0x08009040,0x080090ac,0x08009170,0x08009df4,0x08009ebc,0x0800d178,0x0800d218,0x20000091,0x200000bf,0x20000106,0x2000087c,0x2000087d,0x2000087e,0x2000087f,0x20000880,0x20000884,0x20000888,0x2000088c,0x2000088d,0x2000088e,0x2000088f,0x20000890,0x20000891,0x20000892,0x20000893,0x20000894,0x20000895,0x20000896,0x20000897,0x20000898,0x20000899,0x2000089c,0x200008a0,0x200008a4,0x200008a8,0x40007000,0x40007018	0x00000000,0x00000001,0x00000002,0x00000003,0x00000004,0x00000005,0x00000008,0x00000009,0x0000000a,0x0000000b,0x0000000c,0x00000010,0x00000011,0x00000012,0x00000013,0x00000014,0x00000015,0x00000016,0x00000017,0x00000018,0x00000019,0x0000001a,0x0000001b,0x0000001c,0x0000001d,0x00000020,0x00000024,0x00000028,0x0000002b,0x00000040,0x00000050,0x00000060,0x00000064,0x0000007d,0x00000081,0x000000a0,0x000000a4,0x000000c8,0x000000ff,0x08003348,0x08003350,0x08003374,0x08003380,0x080033b4,0x080033cc,0x080033e8,0x08003400,0x08003438,0x08003450,0x08003464,0x08003480,0x080034a0,0x080034d4,0x080034ec,0x08003520,0x0800353c
0x080035b8	24	11	0x080028b4,0x080035ce	0x080028b4,0x080035ce,0x080035d0,0x20000029	0x00000000,0x00000001
0x080035d4	24	11	0x0800292c,0x080035ea	0x0800292c,0x080035ea,0x080035ec,0x20000029	0x00000000,0x00000001
0x080035f0	102	37	0x080039e4,0x08004958	0x080039e4,0x08004958	0x00000000,0x00000001,0x00000002,0x00000013,0x00000016,0x00000017,0x00000018,0x00000019,0x0000001a,0x0000001b,0x00000028,0x00000090
0x08003656	12	5	0x080039c8	0x080039c8	0x00000001,0x000000a2
0x08003664	154	68	0x08002f46,0x0800367a,0x0800368a,0x080036a4,0x080036b0,0x080036d8,0x080036dc,0x080036ec,0x080036f2,0x080036f8,0x08004958,0x0800497c,0x08004b20,0x08004b94,0x08004bf4,0x08009170	0x08002f46,0x0800367a,0x0800368a,0x080036a4,0x080036b0,0x080036d8,0x080036dc,0x080036ec,0x080036f2,0x080036f8,0x08003700,0x08003704,0x08003708,0x0800370c,0x08003724,0x08003738,0x08004958,0x0800497c,0x08004b20,0x08004b94,0x08004bf4,0x08009170,0x200000bf,0x200001a4,0x200001a8,0x200001ac,0x200001b0	0x00000000,0x00000001,0x00000002,0x00000003,0x00000004,0x00000008,0x0000000a,0x0000000c,0x0000000f,0x00000018,0x0000007f,0x0800370c,0x08003724,0x08003738
0x0800373c	206	92	0x08002f46,0x08003752,0x08003762,0x0800377c,0x08003788,0x080037a8,0x080037b0,0x080037b4,0x080037c2,0x080037c8,0x080037d0,0x080037d6,0x08003802,0x08004958,0x0800497c,0x08004b20,0x08004b94,0x08004bf4,0x08009170	0x08002f46,0x08003752,0x08003762,0x0800377c,0x08003788,0x080037a8,0x080037b0,0x080037b4,0x080037c2,0x080037c8,0x080037d0,0x080037d6,0x08003802,0x0800380c,0x08003810,0x08003814,0x08003818,0x08003830,0x08003834,0x08004958,0x0800497c,0x08004b20,0x08004b94,0x08004bf4,0x08009170,0x0803f000,0x0803f008,0x200000bf,0x200001a4,0x200001a8,0x200001ac,0x200001b0	0x00000000,0x00000001,0x00000002,0x00000003,0x00000004,0x00000008,0x0000000a,0x0000000c,0x0000000f,0x00000018,0x0000007e,0x08003818,0x08003830,0x08003834
0x08003848	82	37	0x0800385a,0x0800385e,0x0800386e,0x0800387e,0x08003880,0x0800388c,0x08006b80,0x08006b98	0x0800385a,0x0800385e,0x0800386e,0x0800387e,0x08003880,0x0800388c,0x0800389c,0x08006b80,0x08006b98,0x2000087d,0x2000088c,0x2000088d,0x200008ae,0x200008ca	0x00000000,0x00000001,0x0000000e,0x00000010,0x00000011,0x00000012,0x00000020,0x00000040,0x0000005a
0x080038a0	62	23	0x080038a4,0x08004958,0x08006b80,0x08006b98	0x080038a4,0x08004958,0x08006b80,0x08006b98	0x00000000,0x00000001,0x00000003,0x000000c8
0x080038e0	124	48	0x08003908,0x0800390e,0x08003920,0x08003922,0x08003946,0x08004a00,0x08004a6c,0x08004b20,0x08004b3c,0x08004b50,0x08004b6c,0x08004bf4,0x08009170,0x0800a7b0	0x08003908,0x0800390e,0x08003920,0x08003922,0x08003946,0x0800395c,0x08003960,0x08003964,0x0800398c,0x08003990,0x080039b8,0x08004a00,0x08004a6c,0x08004b20,0x08004b3c,0x08004b50,0x08004b6c,0x08004bf4,0x08009170,0x0800a7b0,0x200000bf	0x00000000,0x0000000b,0x00000018,0x00000020,0x00000064,0x08003964,0x0800398c,0x08003990,0x080039b8
0x080039c8	24	11	0x080029a4,0x080039de	0x080029a4,0x080039de,0x080039e0,0x20000029	0x00000000,0x00000001
0x080039e4	24	11	0x08002a00,0x080039fa	0x08002a00,0x080039fa,0x080039fc,0x20000029	0x00000000,0x00000001
0x08003a00	44	22	0x08003a1c	0x08003a1c,0x08003a2c,0x2000088e,0x2000088f,0x200008ad,0x200008b0,0x200008b4,0x200008b8,0x200008c4,0x200008c9,0x200008cc,0x200008d0,0x200008d4,0x200008e0	0x00000000,0x00000001,0x0000000d,0x00000010,0x00000011,0x00000012,0x00000013,0x00000014,0x00000020,0x00000038,0x0000003c,0x00000040,0x00000048,0x00000058,0x00000064
0x08003a30	12	4	0x08003a3c,0x08003a60	0x08003a3c,0x08003a60	
0x08003a3c	32	16		0x08003a5c,0x200008ac,0x200008ad,0x200008ae,0x200008af,0x200008b0,0x200008b2,0x200008b4,0x200008b8,0x200008bc,0x200008c0,0x200008c4	0x00000000,0x00000010,0x00000011,0x00000012,0x00000013,0x00000014,0x00000020,0x00000036,0x00000038,0x0000003c,0x00000040,0x00000044,0x00000048
0x08003a60	30	15		0x08003a80,0x200008c8,0x200008c9,0x200008ca,0x200008cb,0x200008cc,0x200008ce,0x200008d0,0x200008d4,0x200008d8,0x200008dc,0x200008e0	0x00000000,0x0000000c,0x0000000d,0x0000000e,0x0000000f,0x00000010,0x00000012,0x00000014,0x00000040,0x00000058,0x0000005c,0x00000060,0x00000064
0x08003a84	170	75	0x080039c8,0x08003a00,0x08003aa2,0x08003ab8,0x08003ace,0x08003ae6,0x08003ae8,0x08003afe,0x08003b02,0x08003b0a,0x08003b12,0x08003b24,0x08009170,0x08009ebc	0x080039c8,0x08003a00,0x08003aa2,0x08003ab8,0x08003ace,0x08003ae6,0x08003ae8,0x08003afe,0x08003b02,0x08003b0a,0x08003b12,0x08003b24,0x08003b30,0x08003b34,0x08003b38,0x08003b50,0x08003b54,0x08003b70,0x08009170,0x08009ebc,0x200000bf,0x2000087d,0x2000087f,0x200008ad,0x200008af,0x200008b4,0x200008b8,0x200008c9,0x200008cb,0x200008d0,0x200008d4	0x00000000,0x00000001,0x00000003,0x00000007,0x0000000a,0x0000000d,0x0000000f,0x00000011,0x00000013,0x00000014,0x00000020,0x00000038,0x0000003c,0x00000040,0x00000058,0x08003b38,0x08003b50,0x08003b54,0x08003b70
0x08003b90	24	11	0x08003ba4,0x080064ec	0x08003ba4,0x08003ba8,0x08003bac,0x080064ec,0x20000108,0x20000e24	0x00000000,0x00000001
0x08003bb0	16	7	0x080066ac	0x08003bc0,0x08003bc4,0x080066ac,0x20000eb8	
0x08003bc8	76	31	0x080035d4,0x08003a84,0x08003bd8,0x08003bee,0x08003c02,0x08003c06,0x08004d04,0x08009170	0x080035d4,0x08003a84,0x08003bd8,0x08003bee,0x08003c02,0x08003c06,0x08003c14,0x08003c18,0x08003c1c,0x08003c28,0x08004d04,0x08009170,0x200000bf,0x4002180c,0x40021810	0x00000000,0x00000001,0x00000002,0x0000000c,0x00000010,0x00000011,0x0000001f,0x08003c1c,0x08003c28
0x08003c2c	176	77	0x08002a5c,0x08003848,0x08003a00,0x08003c54,0x08003c6a,0x08003c80,0x08003c82,0x08003c9a,0x08003cb0,0x08003cb2,0x08003cc8,0x08003ccc,0x08003cd4,0x08004d04,0x08009170,0x0800a888	0x08002a5c,0x08003848,0x08003a00,0x08003c54,0x08003c6a,0x08003c80,0x08003c82,0x08003c9a,0x08003cb0,0x08003cb2,0x08003cc8,0x08003ccc,0x08003cd4,0x08003cdc,0x08003ce0,0x08003ce4,0x08003ce8,0x08003cec,0x08003d00,0x08003d04,0x08003d08,0x08004d04,0x08009170,0x0800a888,0x200000bf,0x200000f0,0x20000104,0x2000087e,0x20000880,0x20000893,0x200008ad,0x200008af,0x200008b4,0x200008b8,0x200008c9,0x200008cb,0x200008d0,0x200008d4,0x4002180c	0x00000000,0x00000001,0x00000002,0x00000004,0x0000000c,0x0000000d,0x0000000f,0x00000011,0x00000013,0x00000014,0x00000017,0x0000001d,0x0000001f,0x00000020,0x00000038,0x0000003c,0x00000040,0x00000058,0x08003cec,0x08003d00,0x08003d08
0x08003d24	258	113	0x08002a5c,0x08002c30,0x08003656,0x08003848,0x08003a00,0x08003d46,0x08003d5e,0x08003d74,0x08003d76,0x08003da4,0x08003db4,0x08003dba,0x08003dc2,0x08003dd4,0x08003dd8,0x08003de4,0x08003dfa,0x08003dfc,0x08003e12,0x08003e16,0x08003e1e,0x08004d04,0x08009170,0x0800a888	0x08002a5c,0x08002c30,0x08003656,0x08003848,0x08003a00,0x08003d46,0x08003d5e,0x08003d74,0x08003d76,0x08003da4,0x08003db4,0x08003dba,0x08003dc2,0x08003dd4,0x08003dd8,0x08003de4,0x08003dfa,0x08003dfc,0x08003e12,0x08003e16,0x08003e1e,0x08003e28,0x08003e2c,0x08003e30,0x08003e34,0x08003e48,0x08003e4c,0x08003e50,0x08003e54,0x08003e74,0x08004d04,0x08009170,0x0800a888,0x200000bf,0x200000f0,0x2000010c,0x20000110,0x2000087e,0x2000087f,0x20000884,0x20000893,0x200008ad,0x200008af,0x200008b4,0x200008b8,0x200008c9,0x200008cb,0x200008d0,0x200008d4,0x40021810	0x00000000,0x00000001,0x00000002,0x00000003,0x00000004,0x00000007,0x00000008,0x00000009,0x0000000c,0x0000000d,0x0000000f,0x00000010,0x00000011,0x00000013,0x00000014,0x00000017,0x0000001a,0x0000001f,0x00000020,0x00000038,0x0000003c,0x00000040,0x00000058,0x08003e34,0x08003e48,0x08003e54,0x08003e74
0x08003e90	4	2	0x08003e92	0x08003e92	
0x08003e94	16	8		0x08003ea4,0x40022014	0x00000001,0x00000010,0x00000014
0x08003ea8	18	9	0x08003eb8	0x08003eb8,0x08003ebc,0x40022020	0x00000020,0x000000aa,0x000000bb,0x000000cc
0x08003ec0	10	5		0x08003ecc,0x08003ed0,0x40022020	0x00000020
0x08003ed4	20	10		0x08003ee8,0x40022020	0x00000020,0x000000ff
0x08003eec	36	18	0x08003f02,0x08003f04	0x08003f02,0x08003f04,0x08003f10,0x08003f14,0x08003f18,0x40022014	0x00000001,0x00000003,0x00000004,0x0000000d,0x00000014
0x08003f1c	22	10		0x08003f34,0x40022014	0x00000000,0x00000001,0x00000004,0x0000000f,0x00000014
0x08003f38	48	22	0x08003f4e,0x08003f5a	0x08003f4e,0x08003f5a,0x08003f68,0x40022010,0x40022014	0x00000000,0x00000001,0x0000000e,0x00000010,0x00000012,0x00000014,0x0000001e,0x00000040
0x08003f6c	82	37	0x08003f7e,0x08003f86,0x08003fa0,0x08003fa8,0x08003fb0,0x08003fb4,0x08004eac	0x08003f7e,0x08003f86,0x08003fa0,0x08003fa8,0x08003fb0,0x08003fb4,0x08003fc0,0x08003fc4,0x08003fc8,0x08003fcc,0x08004eac,0x20000f9c,0x40022010	0x00000000,0x00000001,0x00000003,0x00000004,0x0000000d,0x00000010
0x08003fd0	282	134	0x08000160,0x08000734,0x08004002,0x08004006,0x08004026,0x0800403a,0x08004054,0x0800409e,0x080040c2,0x080040c6,0x080040e2,0x08004eac,0x08006782	0x08000160,0x08000734,0x08004002,0x08004006,0x08004026,0x0800403a,0x08004054,0x0800409e,0x080040c2,0x080040c6,0x080040e2,0x080040ec,0x080040f0,0x080040f4,0x08004eac,0x08006782	0x00000000,0x00000001,0x00000002,0x00000004,0x00000007,0x00000008,0x0000000c,0x00000010,0x00000014,0x00000017,0x00000019,0x0000001f,0x00000034,0x00000040,0x00000058,0x0000005c,0x00000080,0x000000ff
0x080040f8	2	1			
0x080040fa	2	1			
0x080040fc	2	1			
0x080040fe	2	1			
0x08004100	522	257	0x08000160,0x0800412c,0x08004134,0x08004138,0x0800414e,0x0800415c,0x08004174,0x0800417a,0x08004182,0x0800418a,0x08004192,0x0800419a,0x080041a2,0x080041aa,0x080041b2,0x080041ba,0x080041c2,0x080041ca,0x080041d2,0x080041da,0x080041e2,0x080041ea,0x080041f2,0x080041fa,0x08004202,0x0800420a,0x0800420c,0x0800423a,0x0800423c,0x0800423e,0x08004240,0x0800425c,0x0800425e,0x0800428e,0x08004290,0x08004298,0x080042a6,0x080042b2,0x080042b6,0x080042c6,0x080042d4,0x080042ee,0x080042f8,0x08004300,0x08004302,0x0800678a,0x080067a2	0x08000160,0x0800412c,0x08004134,0x08004138,0x0800414e,0x0800415c,0x08004174,0x0800417a,0x08004182,0x0800418a,0x08004192,0x0800419a,0x080041a2,0x080041aa,0x080041b2,0x080041ba,0x080041c2,0x080041ca,0x080041d2,0x080041da,0x080041e2,0x080041ea,0x080041f2,0x080041fa,0x08004202,0x0800420a,0x0800420c,0x0800423a,0x0800423c,0x0800423e,0x08004240,0x0800425c,0x0800425e,0x0800428e,0x08004290,0x08004298,0x080042a6,0x080042b2,0x080042b6,0x080042c6,0x080042d4,0x080042ee,0x080042f8,0x08004300,0x08004302,0x0800430c,0x08004310,0x08004314,0x08004318,0x0800431c,0x08004320,0x0800678a,0x080067a2,0x20000124,0x40012708	0x00000000,0x00000001,0x00000002,0x00000003,0x00000004,0x00000005,0x00000006,0x00000007,0x00000008,0x00000009,0x0000000a,0x0000000b,0x0000000c,0x0000000d,0x0000000e,0x0000000f,0x00000010,0x00000011,0x00000012,0x00000013,0x00000014,0x00000015,0x00000016,0x00000017,0x00000018,0x00000019,0x0000001a,0x0000001b,0x0000001c,0x0000001d,0x0000001e,0x0000001f,0x00000020,0x00000028,0x00000040,0x00000058,0x00000060
0x08004324	2	1			
0x08004326	2	1			
0x08004328	6	3			0x00000000,0x00000040
0x08004330	330	156	0x080040f8,0x080040fa,0x080040fc,0x080040fe,0x08004324,0x08004326,0x08004352,0x0800435e,0x08004368,0x08004370,0x08004380,0x080043b2,0x080043be,0x080043dc,0x080043f8,0x08004418,0x08004430,0x08004448,0x0800444e,0x08004464,0x08004466,0x080046a0,0x0800678a,0x08006792	0x080040f8,0x080040fa,0x080040fc,0x080040fe,0x08004324,0x08004326,0x08004352,0x0800435e,0x08004368,0x08004370,0x08004380,0x080043b2,0x080043be,0x080043dc,0x080043f8,0x08004418,0x08004430,0x08004448,0x0800444e,0x08004464,0x08004466,0x0800447c,0x080046a0,0x0800678a,0x08006792	0x00000000,0x00000001,0x00000002,0x00000004,0x00000009,0x0000000a,0x0000000b,0x0000000c,0x0000000d,0x00000010,0x00000011,0x00000012,0x00000016,0x00000017,0x00000018,0x0000001a,0x0000001b,0x0000001c,0x0000001d,0x0000001e,0x00000020,0x00000030,0x00000058,0x0000005c,0x00000080
0x08004480	514	251	0x08000160,0x0800449e,0x080044a2,0x080044ae,0x080044d6,0x080044d8,0x080044de,0x080044fa,0x08004508,0x08004512,0x08004548,0x0800455a,0x0800455e,0x08004584,0x08004598,0x080045ba,0x080045c2,0x080045d4,0x08004606,0x08004642,0x0800465e,0x08004668,0x0800467c,0x0800467e,0x080046a4,0x0800677a,0x0800678a,0x080067b0	0x08000160,0x0800449e,0x080044a2,0x080044ae,0x080044d6,0x080044d8,0x080044de,0x080044fa,0x08004508,0x08004512,0x08004548,0x0800455a,0x0800455e,0x08004584,0x08004598,0x080045ba,0x080045c2,0x080045d4,0x08004606,0x08004642,0x0800465e,0x08004668,0x0800467c,0x0800467e,0x08004684,0x08004688,0x0800468c,0x08004690,0x08004694,0x08004698,0x0800469c,0x080046a4,0x0800677a,0x0800678a,0x080067b0,0x20000124,0x40012708	0x00000000,0x00000001,0x00000002,0x00000003,0x00000004,0x00000008,0x0000000c,0x0000000d,0x0000000e,0x0000000f,0x00000010,0x00000012,0x00000014,0x00000015,0x00000018,0x00000019,0x0000001a,0x0000001b,0x0000001c,0x0000001d,0x0000001e,0x0000001f,0x00000020,0x00000024,0x00000028,0x00000030,0x00000034,0x00000038,0x00000040,0x00000044,0x00000048,0x0000004c,0x00000054,0x00000058,0x0000005c,0x00000060,0x000000c1,0x000000ff
0x080046a0	2	1			
0x080046a4	100	46	0x080001e6,0x08004704,0x08004d30,0x0800500c,0x08005024	0x080001e6,0x08004704,0x08004708,0x0800470c,0x08004d30,0x0800500c,0x08005024,0x40021034,0x40021040	0x00000000,0x00000001,0x00000003,0x00000004,0x00000005,0x00000008,0x0000000c,0x00000010,0x00000014,0x00000018,0x0000001c,0x00000034,0x00000040
0x08004710	196	94	0x08004730,0x08004734,0x08004736,0x0800473e,0x08004750,0x0800476a,0x080047ae,0x080047b6,0x080047cc,0x080047d0,0x08004eac,0x0800678a,0x08006792	0x08004730,0x08004734,0x08004736,0x0800473e,0x08004750,0x0800476a,0x080047ae,0x080047b6,0x080047cc,0x080047d0,0x08004eac,0x0800678a,0x08006792	0x00000000,0x00000001,0x00000003,0x00000004,0x00000008,0x00000009,0x0000000c,0x00000014,0x00000018,0x0000001a,0x0000001c,0x0000001f,0x00000020,0x00000040,0x00000058,0x0000005c,0x000000ff
0x080047d4	94	45	0x080007a8,0x080047e4,0x080047e8,0x08004808,0x0800480c,0x0800678a	0x080007a8,0x080047e4,0x080047e8,0x08004808,0x0800480c,0x08004834,0x08004838,0x0800678a	0x00000000,0x00000001,0x00000002,0x00000004,0x00000008,0x00000014,0x0000001c,0x00000040,0x00000058,0x0000005c,0x000000ff
0x0800483c	62	29	0x080006d4,0x08000734,0x0800485a,0x0800485e,0x08004874	0x080006d4,0x08000734,0x0800485a,0x0800485e,0x08004874	0x00000000,0x00000001,0x00000002,0x00000014,0x00000040,0x00000058,0x000000ff
0x0800487a	108	54	0x08004892,0x08004896,0x080048de	0x08004892,0x08004896,0x080048de	0x00000000,0x00000001,0x00000002,0x00000004,0x00000005,0x0000000e,0x0000001c,0x00000020,0x0000003c,0x00000040,0x00000044,0x00000048,0x0000004c,0x00000050,0x00000054,0x00000058,0x0000005c,0x000000ff
0x080048e6	112	56	0x080048fc,0x08004944,0x08004952	0x080048fc,0x08004944,0x08004952	0x00000000,0x00000001,0x00000002,0x00000004,0x00000005,0x0000000e,0x0000001c,0x00000020,0x00000038,0x0000003c,0x00000040,0x00000044,0x00000048,0x0000004c,0x00000050,0x00000054,0x00000058,0x0000005c,0x000000ff
0x08004958	32	14	0x0800496c,0x08004eac	0x0800496c,0x08004978,0x08004eac,0x20000118	0x00000000,0x00000001
0x0800497c	124	57	0x08003e94,0x08003eec,0x08003f6c,0x080049a0,0x080049a4,0x080049b4,0x080049c4,0x080049dc,0x080049de,0x080049e8,0x080049f2	0x08003e94,0x08003eec,0x08003f6c,0x080049a0,0x080049a4,0x080049b4,0x080049c4,0x080049dc,0x080049de,0x080049e8,0x080049f2,0x080049f8,0x080049fc,0x20000f98,0x20000f9c,0x40022014	0x00000000,0x00000001,0x00000002,0x00000003,0x00000004,0x00000008,0x0000000c,0x00000014,0x0000007d
0x08004a00	98	47	0x08003ea8,0x08003ec0,0x08004a26,0x08004a3e,0x08004a4a,0x08004a56	0x08003ea8,0x08003ec0,0x08004a26,0x08004a3e,0x08004a4a,0x08004a56,0x08004a64,0x08004a68,0x4002202c,0x40022030,0x4002204c,0x40022050	0x00000000,0x00000001,0x00000004,0x00000007,0x00000008,0x00000009,0x0000000c,0x00000010,0x00000014,0x00000018,0x00000019,0x0000002c,0x00000030,0x00000040
0x08004a6c	170	80	0x08003ea8,0x08003ec0,0x08003ed4,0x08003f6c,0x08004aa4,0x08004abc,0x08004ac0,0x08004ac8,0x08004ad0,0x08004ad8,0x08004adc,0x08004ae6,0x08004aea,0x08004aee,0x08004b12	0x08003ea8,0x08003ec0,0x08003ed4,0x08003f6c,0x08004aa4,0x08004abc,0x08004ac0,0x08004ac8,0x08004ad0,0x08004ad8,0x08004adc,0x08004ae6,0x08004aea,0x08004aee,0x08004b12,0x08004b18,0x08004b1c,0x20000f98,0x20000f9c,0x40022014,0x4002202c,0x40022030,0x4002204c,0x40022050	0x00000000,0x00000001,0x00000002,0x00000003,0x00000004,0x00000008,0x0000000c,0x00000010,0x00000011,0x00000014,0x00000018,0x0000001d,0x0000001e,0x0000001f,0x0000002c,0x00000030,0x00000040,0x0000007d
0x08004b20	22	11	0x08004b34	0x08004b34,0x08004b38,0x40022014	0x00000000,0x00000001,0x00000014,0x0000001f
0x08004b3c	16	8		0x08004b4c,0x40022014	0x00000001,0x00000014,0x0000001b
0x08004b50	22	11	0x08004b64	0x08004b64,0x08004b68,0x40022014	0x00000000,0x00000001,0x00000014,0x0000001e
0x08004b6c	28	14	0x08004b86	0x08004b86,0x08004b88,0x08004b8c,0x08004b90,0x4002200c,0x40022014	0x00000000,0x00000001,0x0000000c,0x00000014
0x08004b94	88	40	0x08003f1c,0x08003f38,0x08003f6c,0x08004bba,0x08004bbc,0x08004bc0,0x08004bcc,0x08004bdc,0x08004be0	0x08003f1c,0x08003f38,0x08003f6c,0x08004bba,0x08004bbc,0x08004bc0,0x08004bcc,0x08004bdc,0x08004be0,0x08004bec,0x08004bf0,0x20000f98,0x20000f9c,0x40022014	0x00000000,0x00000001,0x00000002,0x00000003,0x00000004,0x0000000c,0x00000014,0x0000007d
0x08004bf4	28	14	0x08004c0e	0x08004c0e,0x08004c10,0x08004c14,0x08004c18,0x40022008,0x40022014	0x00000000,0x00000001,0x00000008,0x00000014
0x08004c1c	206	103	0x08004c22,0x08004c50,0x08004c5a,0x08004c64,0x08004c6e,0x08004c78,0x08004c7a,0x08004caa,0x08004ce0,0x08004ce2	0x08004c22,0x08004c50,0x08004c5a,0x08004c64,0x08004c6e,0x08004c78,0x08004c7a,0x08004caa,0x08004ce0,0x08004ce2,0x08004cec,0x08004cf0,0x08004cf4,0x08004cf8,0x08004cfc,0x40021800,0x40021804,0x40021880,0x40021884	0x00000000,0x00000001,0x00000002,0x00000003,0x00000004,0x00000005,0x00000008,0x0000000c,0x0000000f,0x0000001b,0x0000001c,0x0000001d,0x0000001e,0x00000020,0x00000060,0x00000080
0x08004d00	2	1			
0x08004d04	36	16	0x08004d00,0x08004d18,0x08004d26,0x08004d2c	0x08004d00,0x08004d18,0x08004d26,0x08004d28,0x08004d2c,0x4002180c,0x40021810	0x0000000c,0x00000010
0x08004d2c	2	1			
0x08004d30	336	168	0x08004d38,0x08004d4e,0x08004d7c,0x08004d96,0x08004dbe,0x08004dfe,0x08004e08,0x08004e12,0x08004e1c,0x08004e26,0x08004e28,0x08004e2a,0x08004e40,0x08004e50,0x08004e62,0x08004e70,0x08004e72,0x08004e74,0x08004e7e	0x08004d38,0x08004d4e,0x08004d7c,0x08004d96,0x08004dbe,0x08004dfe,0x08004e08,0x08004e12,0x08004e1c,0x08004e26,0x08004e28,0x08004e2a,0x08004e40,0x08004e50,0x08004e62,0x08004e70,0x08004e72,0x08004e74,0x08004e7e,0x08004e80,0x08004e84,0x08004e88,0x08004e8c,0x08004e90,0x40021800,0x40021804,0x40021880,0x40021884	0x00000000,0x00000001,0x00000002,0x00000003,0x00000004,0x00000005,0x00000008,0x0000000a,0x0000000b,0x0000000c,0x0000000e,0x0000000f,0x00000010,0x0000001b,0x0000001c,0x0000001d,0x0000001e,0x0000001f,0x00000020,0x00000060,0x00000080
0x08004e94	10	5	0x08004e9c	0x08004e9c	0x00000001,0x00000010
0x08004e9e	12	6	0x08004ea6	0x08004ea6	0x00000000,0x00000018,0x00000028
0x08004eac	6	3		0x08004eb4,0x20000120	0x00000008
0x08004eb8	6	3		0x08004ec0,0x1fff7590	0x00000010
0x08004ec4	6	3		0x08004ecc,0x1fff7594	0x00000014
0x08004ed0	6	3		0x08004ed8,0x1fff7598	0x00000018
0x08004edc	12	6		0x08004ee8,0x20000118,0x20000120	0x00000000,0x00000008
0x08004eec	36	16	0x08004f08,0x08004f0c,0x08004f14,0x08004fb0	0x08004f08,0x08004f0c,0x08004f10,0x08004f14,0x08004fb0,0x40022000	0x00000000,0x00000001,0x00000003,0x00000016
0x08004f14	132	58	0x08000160,0x08004f40,0x08004f66,0x08004f6c,0x08004f90,0x08004f92,0x0800500c,0x08005024,0x0800543c,0x08005474,0x08005bda,0x08005c28	0x08000160,0x08004f40,0x08004f66,0x08004f6c,0x08004f90,0x08004f92,0x08004f98,0x08004f9c,0x08004fa0,0x08004fa4,0x08004fa8,0x08004fac,0x0800500c,0x08005024,0x0800543c,0x08005474,0x08005bda,0x08005c28,0x2000011c,0x20000f4c,0x20000f50,0x20000f54,0x20000f58,0x20000f5c,0x20000f64,0x40021040	0x00000000,0x00000001,0x00000004,0x00000008,0x0000000c,0x00000010,0x00000012,0x00000014,0x00000016,0x00000018,0x0000001c
0x08004fb0	56	26	0x08005024,0x08005bc0	0x08004fe8,0x08005024,0x08005bc0,0x4002103c,0x40021040	0x00000000,0x00000001,0x00000003,0x00000005,0x00000009,0x00000010,0x0000003c,0x00000040
0x08004fec	26	11	0x08005004	0x08005004,0x08005008,0xe000e180	0x00000000,0x00000001,0x0000000f,0x0000001b
0x0800500c	18	9	0x0800501c	0x0800501c,0x08005020,0xe000e100	0x00000000,0x00000001,0x0000001b
0x08005024	8	3	0x080091ac	0x080091ac	
0x0800502c	18	7	0x0800503a	0x0800503a,0x08005040,0x08005044,0xe000ed0c	0x0000000c,0x0000000f
0x08005048	62	30	0x08000160,0x08005072,0x08005078,0x0800507e,0x08005082	0x08000160,0x08005072,0x08005078,0x0800507e,0x08005082,0x08005088,0x0800508c,0x08005090,0x20000124,0x40007000,0x40007014	0x00000000,0x00000001,0x00000003,0x00000006,0x00000007,0x00000009,0x00000014,0x00000015,0x000000fa,0x000000ff
0x08005094	14	7		0x080050a4,0x40007008	0x00000008,0x0000001a
0x080050a8	24	12		0x080050c0,0x40007008,0x4000700c	0x00000008,0x0000000c,0x0000001a
0x080050c4	26	13		0x080050e0,0x080050e4,0x40007000,0xe000ed10	0x00000000,0x00000003,0x00000004,0x00000010
0x080050e8	54	27	0x080050f8,0x080050fc,0x08005112,0x0800511a	0x080050f8,0x080050fc,0x08005112,0x0800511a,0x08005120,0x08005124,0x40007000,0xe000ed10	0x00000000,0x00000001,0x00000003,0x00000004,0x00000010
0x08005128	422	207	0x08004eac,0x08005152,0x08005164,0x08005170,0x080051a2,0x080051ae,0x080051bc,0x080051c0,0x080051c6,0x080051d4,0x080051e4,0x080051f6,0x0800520a,0x0800521c,0x0800522e,0x08005242,0x08005266,0x08005288,0x080052a8,0x080052ca	0x08004eac,0x08005152,0x08005164,0x08005170,0x080051a2,0x080051ae,0x080051bc,0x080051c0,0x080051c6,0x080051d4,0x080051e4,0x080051f6,0x0800520a,0x0800521c,0x0800522e,0x08005242,0x08005266,0x08005288,0x080052a8,0x080052ca,0x080052d0,0x080052d4,0x080052d8,0x080052dc,0x080052e0,0x40007000,0x4002100c,0x4002103c,0x40021054,0x40021058,0x4002105c	0x00000000,0x00000001,0x00000002,0x00000003,0x00000004,0x00000007,0x00000008,0x0000000b,0x0000000c,0x0000000d,0x0000000e,0x00000010,0x00000011,0x00000012,0x00000014,0x00000016,0x00000017,0x00000018,0x00000019,0x0000001a,0x0000001c,0x0000001d,0x0000001e,0x0000001f,0x00000020,0x00000024,0x00000028,0x00000030,0x0000003c
0x080052e4	318	151	0x08004eac,0x08004f14,0x0800530a,0x08005316,0x08005320,0x08005336,0x08005344,0x08005362,0x08005366,0x0800536c,0x08005370,0x08005374,0x08005378,0x0800537e,0x08005382,0x08005394,0x080053a2,0x080053b0,0x080053ce,0x080053da,0x080053de,0x080053ea,0x080053fe,0x0800549c	0x08004eac,0x08004f14,0x0800530a,0x08005316,0x08005320,0x08005336,0x08005344,0x08005362,0x08005366,0x0800536c,0x08005370,0x08005374,0x08005378,0x0800537e,0x08005382,0x08005394,0x080053a2,0x080053b0,0x080053ce,0x080053da,0x080053de,0x080053ea,0x080053fe,0x08005424,0x08005428,0x0800542c,0x08005430,0x08005434,0x08005438,0x0800549c,0x0800d3a8,0x2000011c,0x20000124,0x40021000,0x40021008,0x4002105c,0x40021060,0x40022000	0x00000000,0x00000001,0x00000002,0x00000003,0x00000004,0x00000006,0x00000007,0x00000008,0x0000000c,0x0000000e,0x0000000f,0x00000015,0x0000001b,0x0000001c,0x0000001d,0x0000001e,0x0000001f,0x00000020,0x00000038,0x0000003c,0x00000040
0x0800543c	48	24		0x0800546c,0x08005470,0x40021008,0x40022000	0x00000000,0x00000004,0x00000007,0x00000008,0x0000000c,0x0000000f,0x0000001d
0x08005474	26	13		0x08005490,0x08005494,0x08005498,0x0800d3e8,0x20000124,0x40021008	0x00000000,0x00000002,0x00000008,0x00000011,0x0000001b,0x0000001d
0x0800549c	130	63	0x08000160,0x080054d6,0x080054d8,0x080054e6,0x080054fa,0x0800550c,0x08005512,0x08005518	0x08000160,0x080054d6,0x080054d8,0x080054e6,0x080054fa,0x0800550c,0x08005512,0x08005518,0x08005520,0x08005524,0x40021000,0x40021008,0x4002100c	0x00000000,0x00000001,0x00000002,0x00000003,0x00000004,0x00000008,0x0000000c,0x0000000f,0x00000011,0x00000012,0x00000019,0x0000001a,0x0000001d,0x0000001e,0x0000007d
0x08005528	962	455	0x08000160,0x08004eac,0x08004f14,0x0800552c,0x0800554e,0x08005552,0x0800555c,0x08005564,0x08005572,0x08005586,0x08005590,0x0800559e,0x080055a6,0x080055a8,0x080055b0,0x080055b8,0x080055c2,0x080055c8,0x080055e6,0x080055ea,0x0800560c,0x08005616,0x08005618,0x0800562c,0x0800562e,0x0800564e,0x0800565c,0x08005666,0x0800567e,0x08005690,0x08005692,0x0800569c,0x080056a2,0x080056ca,0x080056d8,0x080056e2,0x080056ea,0x080056f8,0x08005702,0x08005708,0x08005732,0x0800574a,0x0800574c,0x0800575a,0x08005766,0x0800576e,0x08005788,0x08005796,0x080057a0,0x080057a6,0x080057b4,0x080057bc,0x080057c4,0x080057c6,0x080057d4,0x080057da,0x080057e8,0x0800580e,0x0800581a,0x08005824,0x08005854,0x08005856,0x08005868,0x08005872,0x0800587a,0x08005884,0x08005886,0x08005888,0x08005898,0x080058e2,0x080058e6	0x08000160,0x08004eac,0x08004f14,0x0800552c,0x0800554e,0x08005552,0x0800555c,0x08005564,0x08005572,0x08005586,0x08005590,0x0800559e,0x080055a6,0x080055a8,0x080055b0,0x080055b8,0x080055c2,0x080055c8,0x080055e6,0x080055ea,0x0800560c,0x08005616,0x08005618,0x0800562c,0x0800562e,0x0800564e,0x0800565c,0x08005666,0x0800567e,0x08005690,0x08005692,0x0800569c,0x080056a2,0x080056ca,0x080056d8,0x080056e2,0x080056ea,0x080056f8,0x08005702,0x08005708,0x08005732,0x0800574a,0x0800574c,0x0800575a,0x08005766,0x0800576e,0x08005788,0x08005796,0x080057a0,0x080057a6,0x080057b4,0x080057bc,0x080057c4,0x080057c6,0x080057d4,0x080057da,0x080057e8,0x0800580e,0x0800581a,0x08005824,0x08005854,0x08005856,0x08005868,0x08005872,0x0800587a,0x08005884,0x08005886,0x08005888,0x08005898,0x080058e2,0x080058e6,0x080058ec,0x080058f0,0x080058f4,0x080058f8,0x080058fc,0x08005900,0x08005904,0x08005908,0x0800590c,0x2000011c,0x20000124,0x40007000,0x40021000,0x40021004,0x40021008,0x4002100c,0x4002103c,0x4002105c,0x40021060	0x00000000,0x00000001,0x00000002,0x00000003,0x00000004,0x00000005,0x00000006,0x00000007,0x00000008,0x0000000b,0x0000000c,0x0000000e,0x00000010,0x00000011,0x00000012,0x00000014,0x00000015,0x00000016,0x00000017,0x00000018,0x00000019,0x0000001a,0x0000001c,0x0000001d,0x0000001e,0x0000001f,0x00000020,0x00000024,0x00000028,0x0000002c,0x00000030,0x00000034,0x00000038,0x0000003c,0x00000064,0x00000070,0x0000007f,0x000000ff
0x08005910	122	59	0x08004eac,0x08005952,0x08005956,0x08005972	0x08004eac,0x08005952,0x08005956,0x08005972	0x00000000,0x00000001,0x00000002,0x00000003,0x00000004,0x00000008,0x00000009,0x0000000a,0x0000000c,0x00000018,0x0000001d,0x00000020,0x00000024,0x00000053,0x0000007d,0x000000ca,0x000000ff
0x0800598c	188	92	0x08004eac,0x080059d4,0x080059d8,0x080059f8,0x08005a00	0x08004eac,0x080059d4,0x080059d8,0x080059f8,0x08005a00,0x08005a48,0x08005a4c,0x4000280c,0x40021880	0x00000000,0x00000001,0x00000002,0x00000003,0x00000004,0x00000005,0x00000008,0x00000009,0x0000000a,0x0000000c,0x00000013,0x00000014,0x00000018,0x00000019,0x0000001d,0x00000020,0x00000024,0x00000053,0x0000005c,0x0000007d,0x000000ca,0x000000ff
0x08005a50	2	1			
0x08005a52	34	16	0x08005a50,0x08005a6c	0x08005a50,0x08005a6c	0x00000000,0x00000001,0x00000004,0x00000009,0x0000001d,0x00000020,0x00000050,0x0000005c
0x08005a74	172	83	0x08005a96,0x08005b0c,0x08005b16,0x08005b18,0x08005b1a,0x08005b24,0x08006d72,0x08006db8	0x08005a96,0x08005b0c,0x08005b16,0x08005b18,0x08005b1a,0x08005b20,0x08005b24,0x08006d72,0x08006db8	0x00000000,0x00000001,0x00000002,0x00000003,0x00000004,0x00000008,0x00000009,0x0000000b,0x0000000c,0x00000010,0x00000011,0x00000014,0x00000018,0x0000001b,0x0000001c,0x00000020,0x00000024,0x00000053,0x000000ca,0x000000ff
0x08005b24	96	43	0x080001e6,0x08003e90,0x0800500c,0x08005024,0x08005128,0x08005b52,0x08005b80	0x080001e6,0x08003e90,0x0800500c,0x08005024,0x08005128,0x08005b52,0x08005b80,0x08005b84,0x08005b88,0x4002103c,0x4002105c	0x00000000,0x00000001,0x00000002,0x00000003,0x00000008,0x0000000f,0x00000011,0x00000014,0x0000001c,0x00000024,0x0000002c,0x00000030,0x0000003c,0x00000040
0x08005b8c	52	24	0x08004eac,0x08005ba6,0x08005bb4	0x08004eac,0x08005ba6,0x08005bb4	0x00000000,0x00000003,0x0000000c,0x0000001a,0x0000007d,0x000000a0
0x08005bc0	16	8		0x08005bd0,0x40010000	0x00000000,0x00000003,0x00000009
0x08005bd4	2	1			
0x08005bd6	2	1			
0x08005bd8	2	1			
0x08005bda	76	36	0x08005bec,0x08005bf0,0x08005bfa,0x08005c26,0x080084c0	0x08005bec,0x08005bf0,0x08005bfa,0x08005c26,0x080084c0	0x00000000,0x00000001,0x00000002,0x00000003,0x00000004,0x00000005,0x00000006,0x00000007,0x00000008,0x0000001c,0x0000001d,0x0000001e,0x0000001f,0x00000020,0x00000040
0x08005c26	2	1			
0x08005c28	80	40	0x08005c36,0x08005c5e,0x08005c6e,0x08005c74	0x08005c36,0x08005c5e,0x08005c6e,0x08005c74,0x08005c78,0x08005c7c,0x08005c80,0x08005c84,0x08005c88	0x00000000,0x00000001,0x00000002,0x00000006,0x00000007,0x00000008,0x0000000c,0x0000001d,0x00000020
0x08005c8c	2	1			
0x08005c90	382	174	0x08005bd4,0x08005bd6,0x08005bd8,0x08005c8c,0x08005cc2,0x08005ccc,0x08005cce,0x08005cfc,0x08005d06,0x08005d08,0x08005d34,0x08005d3e,0x08005d40,0x08005d6e,0x08005d78,0x08005d7a,0x08005d96,0x08005db4,0x08005dd0,0x08005dee,0x08005e0c,0x08005e14,0x08005e16,0x08005e18,0x08005e2c	0x08005bd4,0x08005bd6,0x08005bd8,0x08005c8c,0x08005cc2,0x08005ccc,0x08005cce,0x08005cfc,0x08005d06,0x08005d08,0x08005d34,0x08005d3e,0x08005d40,0x08005d6e,0x08005d78,0x08005d7a,0x08005d96,0x08005db4,0x08005dd0,0x08005dee,0x08005e0c,0x08005e10,0x08005e14,0x08005e16,0x08005e18,0x08005e2c	0x00000000,0x00000001,0x00000002,0x00000003,0x00000004,0x00000008,0x0000000c,0x00000010,0x00000016,0x00000017,0x00000018,0x00000019,0x0000001a,0x0000001b,0x0000001c,0x0000001d,0x0000001e,0x0000001f,0x00000020,0x00000040,0x00000080
0x08005e14	2	1			
0x08005e16	2	1			
0x08005e18	16	7	0x08004edc,0x08005e26	0x08004edc,0x08005e26,0x08005e28	0x00000000
0x08005e2c	2	1			
0x08005e2e	60	30	0x08005e66	0x08005e66	0x00000000,0x00000001,0x00000002,0x00000004,0x00000008,0x0000001d,0x00000020,0x00000024,0x00000064,0x00000080
0x08005e6a	2	1			
0x08005e6c	2	1			
0x08005e6e	72	35	0x08005eb2,0x0800856c	0x08005eb2,0x0800856c	0x00000000,0x00000001,0x00000002,0x00000004,0x00000007,0x00000008,0x00000019,0x00000020,0x00000024,0x00000080
0x08005eb6	70	34	0x08005ef8,0x0800856c	0x08005ef8,0x0800856c	0x00000000,0x00000001,0x00000002,0x00000003,0x00000004,0x00000008,0x00000020,0x00000024,0x00000080
0x08005efc	2	1			
0x08005efe	2	1			
0x08005f00	66	32	0x08005f3e,0x080062ac	0x08005f3e,0x080062ac	0x00000000,0x00000001,0x00000004,0x00000008,0x0000000c,0x00000010,0x00000024,0x0000006c,0x00000070,0x00000080
0x08005f42	2	1			
0x08005f44	12	6			0x00000008,0x0000000c,0x00000080
0x08005f50	732	329	0x0800487a,0x080048e6,0x08005e6a,0x08005e6c,0x08005efc,0x08005efe,0x08005f42,0x08005f88,0x08005f9e,0x08005fb4,0x08005fcc,0x08005fe4,0x08006004,0x08006014,0x08006054,0x08006056,0x0800606c,0x0800606e,0x08006070,0x08006072,0x0800607a,0x08006084,0x08006086,0x0800612c,0x0800613a,0x08006188,0x0800618a,0x080061a6,0x080061ae,0x080061c4,0x080061d8,0x080061de,0x080061e0,0x0800620e,0x0800621c,0x0800621e,0x08006776,0x080086f4	0x0800487a,0x080048e6,0x08005e6a,0x08005e6c,0x08005efc,0x08005efe,0x08005f42,0x08005f88,0x08005f9e,0x08005fb4,0x08005fcc,0x08005fe4,0x08006004,0x08006014,0x08006054,0x08006056,0x0800606c,0x0800606e,0x08006070,0x08006072,0x0800607a,0x08006084,0x08006086,0x0800612c,0x0800613a,0x08006188,0x0800618a,0x080061a6,0x080061ae,0x080061c4,0x080061d8,0x080061de,0x080061e0,0x0800620e,0x0800621c,0x0800621e,0x08006230,0x08006234,0x08006238,0x0800623c,0x08006776,0x080086e1,0x080086f4	0x00000000,0x00000001,0x00000002,0x00000004,0x00000005,0x00000007,0x00000008,0x00000009,0x0000000b,0x0000000c,0x00000010,0x00000014,0x00000017,0x00000018,0x00000019,0x0000001a,0x0000001b,0x0000001c,0x0000001d,0x0000001e,0x0000001f,0x00000020,0x00000021,0x00000028,0x00000038,0x00000040,0x0000006c,0x00000070,0x00000074,0x00000078,0x00000080,0x000000ff
0x08006240	108	50	0x08006252,0x08006254,0x08006256,0x08006260,0x08006284,0x08006308,0x080085b0,0x0800867c,0x08008bd8	0x08006252,0x08006254,0x08006256,0x08006260,0x08006284,0x08006308,0x080085b0,0x0800867c,0x08008bd8	0x00000000,0x00000001,0x00000004,0x00000008,0x00000009,0x0000000b,0x00000024,0x00000028,0x0000002a,0x00000080
0x080062ac	74	34	0x08004c1c,0x08004fec,0x080062d4,0x080062d6	0x08004c1c,0x08004fec,0x080062d4,0x080062d6,0x080062f8,0x080062fc,0x08006300,0x08006304,0x4002103c,0x40021040	0x00000000,0x00000001,0x00000003,0x00000005,0x00000008,0x00000009,0x0000000e,0x00000012,0x0000001b,0x0000001c,0x0000003c,0x00000040
0x08006308	212	96	0x080001e6,0x08003e90,0x08004d30,0x0800500c,0x08005024,0x08005128,0x08006340,0x0800638a,0x0800638e,0x080063a8	0x080001e6,0x08003e90,0x08004d30,0x0800500c,0x08005024,0x08005128,0x08006340,0x0800638a,0x0800638e,0x080063a8,0x080063dc,0x080063e0,0x080063e4,0x080063e8,0x40021034,0x4002103c,0x40021040	0x00000000,0x00000001,0x00000002,0x00000003,0x00000004,0x00000005,0x00000008,0x00000009,0x0000000c,0x0000000e,0x00000012,0x00000014,0x0000001b,0x0000001c,0x0000001f,0x0000002c,0x00000034,0x00000038,0x0000003c,0x00000040,0x00000044
0x080063ec	252	124	0x08004eac,0x08006400,0x08006404,0x08006422,0x08006426,0x08006458,0x0800646c,0x0800647c,0x08006482,0x08006488,0x0800648c,0x08006490,0x08006494,0x08006498,0x080064b6,0x080064ce,0x080064d6,0x080064e0,0x08008ec4	0x08004eac,0x08006400,0x08006404,0x08006422,0x08006426,0x08006458,0x0800646c,0x0800647c,0x08006482,0x08006488,0x0800648c,0x08006490,0x08006494,0x08006498,0x080064b6,0x080064ce,0x080064d6,0x080064e0,0x080064e8,0x08008ec4	0x00000000,0x00000001,0x00000002,0x00000003,0x00000004,0x00000008,0x0000000c,0x00000010,0x00000014,0x0000001c,0x0000001e,0x0000001f,0x00000020,0x00000022,0x00000024,0x0000003f,0x00000040,0x0000006c,0x0000007f,0x00000080,0x000000ff
0x080064ec	88	40	0x080064fa,0x08006516,0x0800651a,0x0800653e,0x08008d98	0x080064fa,0x08006516,0x0800651a,0x0800653e,0x08008d98	0x00000000,0x00000001,0x00000002,0x00000004,0x00000008,0x0000000c,0x00000010,0x0000001a,0x0000001f,0x00000020,0x0000006c,0x0000008c
0x08006544	338	160	0x080063ec,0x080064ec,0x08006566,0x0800656e,0x08006574,0x08006580,0x08006596,0x08006598,0x080065a2,0x080065b8,0x080065be,0x080065c0,0x080065e0,0x080065e8,0x080065fa,0x08006606,0x0800661e,0x0800662a,0x08006648,0x08006656,0x08006664,0x08006674,0x0800667e,0x08006682,0x08006686,0x0800a358,0x0800a888,0x0800be74	0x080063ec,0x080064ec,0x08006566,0x0800656e,0x08006574,0x08006580,0x08006596,0x08006598,0x080065a2,0x080065b8,0x080065be,0x080065c0,0x080065e0,0x080065e8,0x080065fa,0x08006606,0x0800661e,0x0800662a,0x08006648,0x08006656,0x08006664,0x08006674,0x0800667e,0x08006682,0x08006686,0x08006698,0x0800669c,0x080066a0,0x080066a4,0x080066a8,0x0800a358,0x0800a888,0x0800be74,0x200000f0,0x20000108,0x20000109,0x2000010a,0x20000974,0x20000975,0x20000976,0x20000977,0x20000978	0x00000000,0x00000001,0x00000002,0x00000003,0x00000004,0x00000005,0x00000006,0x00000008,0x0000000a,0x00000014,0x0000001f,0x00000020,0x0000003c,0x00000040,0x00000044,0x0000004b,0x0000005a,0x00000064,0x0000007f,0x000000a5,0x000000cf
0x080066ac	202	98	0x08004eac,0x080066c0,0x080066c4,0x080066e2,0x080066e6,0x08006710,0x08006716,0x0800671c,0x0800673c,0x08006742,0x0800675c,0x08006760,0x0800676e,0x08008ec4	0x08004eac,0x080066c0,0x080066c4,0x080066e2,0x080066e6,0x08006710,0x08006716,0x0800671c,0x0800673c,0x08006742,0x0800675c,0x08006760,0x0800676e,0x08008ec4	0x00000000,0x00000001,0x00000002,0x00000003,0x00000004,0x00000008,0x0000000c,0x00000010,0x00000014,0x00000016,0x00000017,0x00000018,0x0000001c,0x0000001f,0x00000020,0x00000021,0x00000028,0x00000040,0x00000080
0x08006776	2	1			
0x08006778	2	1		0x08006778	
0x0800677a	8	4			0x00000008,0x0000001f
0x08006782	8	4			0x00000008,0x0000001f
0x0800678a	8	4			0x00000008,0x0000001d,0x0000001f
0x08006792	16	8	0x0800679e	0x0800679e	0x00000000,0x00000001,0x0000000c,0x00000014,0x0000001e
0x080067a2	14	7			0x00000000,0x00000007,0x00000016
0x080067b0	22	11			0x00000004,0x00000007,0x00000014
0x080067c8	52	24	0x080067da,0x080067e6,0x080067ea,0x080067fa,0x08009170	0x080067da,0x080067e6,0x080067ea,0x080067fa,0x080067fc,0x08006800,0x08006808,0x08009170,0x200000bf	0x00000000,0x00000001,0x00000007,0x08006800,0x08006808
0x0800680c	166	75	0x080066ac,0x080067c8,0x08006862,0x0800687c,0x080068a8,0x080068b0,0x08009170	0x080066ac,0x080067c8,0x08006862,0x0800687c,0x080068a8,0x080068b0,0x080068b4,0x080068b8,0x080068bc,0x080068c0,0x080068c4,0x08009170,0x200000bf,0x20000895	0x00000000,0x00000001,0x00000002,0x00000007,0x00000019,0x0000005a,0x000000a5,0x000000ff,0x080068c4
0x080068d0	24	11	0x0800680c	0x0800680c,0x080068e8,0x080068ec	0x00000000,0x00000004,0x00000005,0x080068e8
0x080068f0	108	49	0x08003e90,0x08003fd0,0x08004100,0x08004480,0x0800693c,0x08006954	0x08003e90,0x08003fd0,0x08004100,0x08004480,0x0800693c,0x08006954,0x0800695c,0x08006960,0x08006964,0x200008e4,0x200008e8,0x200008ec,0x200008f0,0x200008f4,0x200008f8,0x200008fc,0x200008fd,0x200008fe,0x20000900,0x20000904,0x20000908,0x2000090c,0x20000910,0x20000914,0x20000918,0x2000091c,0x20000920,0x20000930	0x00000000,0x00000001,0x00000004,0x00000005,0x00000008,0x0000000c,0x00000010,0x00000014,0x00000018,0x00000019,0x0000001a,0x0000001c,0x00000020,0x00000024,0x00000028,0x00000030,0x00000034,0x00000038,0x0000004c
0x08006968	166	72	0x0800a836,0x0800a93c,0x0800aa48	0x08006a10,0x08006a14,0x08006a18,0x08006a1c,0x08006a20,0x08006a24,0x08006a28,0x08006a2c,0x08006a30,0x08006a34,0x08006a38,0x08006a3c,0x08006e1d,0x08007201,0x08007f2d,0x080082ed,0x08009685,0x08009d71,0x0800a836,0x0800a93c,0x0800aa48,0x0800ab71,0x0800b7ed,0x0800bb4d,0x0800bb91,0x0800d26c,0x0800d27c,0x0800d28c,0x0800d29c,0x0800d2ac,0x0800d2bc,0x0800d2cc,0x0800d2f0,0x0800d314,0x0800d338,0x0800d35c,0x200000c8,0x200000cc,0x200000d0,0x200000d4,0x200000d8,0x200000dc,0x200000e0,0x200000e4,0x200000e8,0x200000ec,0x200000f0	0x00000000,0x00000001,0x00000010,0x00000014,0x00000018,0x0000001c,0x00000020,0x00000024,0x00000028,0x0000002c,0x00000030,0x00000034,0x00000038,0x00000040,0x00000050,0x00000060,0x00000084,0x000000a8,0x000000cc,0x000000f0
0x08006a40	298	131	0x080001e6,0x08004d30,0x08004e9e,0x0800500c,0x08005024	0x080001e6,0x08004d30,0x08004e9e,0x0800500c,0x08005024,0x08006b6c,0x08006b70,0x08006b74,0x08006b78,0x08006b7c,0x40021034	0x00000000,0x00000001,0x00000002,0x00000003,0x00000004,0x00000005,0x00000006,0x00000007,0x00000008,0x0000000c,0x00000010,0x00000011,0x00000014,0x0000001b,0x0000001c,0x00000020,0x00000021,0x00000031,0x00000034,0x000000c1,0x000000ca
0x08006b80	24	11	0x08004e9e,0x08006b8a,0x08006b8c	0x08004e9e,0x08006b8a,0x08006b8c	0x00000000,0x00000001,0x00000005,0x0000001c,0x00000040
0x08006b98	24	11	0x08004e9e,0x08006ba2,0x08006ba4	0x08004e9e,0x08006ba2,0x08006ba4	0x00000000,0x00000001,0x00000005,0x0000001c,0x00000080
0x08006bb0	72	31	0x08003e90,0x08005910,0x0800598c,0x08005a74,0x08006bde,0x08006bf0	0x08003e90,0x08005910,0x0800598c,0x08005a74,0x08006bde,0x08006bf0,0x08006bf8,0x08006bfc,0x20000948,0x20000950,0x20000954,0x20000958,0x2000095c,0x20000960,0x20000964,0x20000968,0x2000096c	0x00000000,0x00000001,0x00000004,0x00000008,0x0000000c,0x00000010,0x00000014,0x00000018,0x0000001c,0x0000001e,0x0000001f,0x00000020,0x00000024,0x0000007f,0x000000f0
0x08006c00	110	46	0x08003e90,0x08005e2e,0x08005e6e,0x08005eb6,0x08006240,0x080064ec,0x08006c34,0x08006c44,0x08006c54,0x08006c62	0x08003e90,0x08005e2e,0x08005e6e,0x08005eb6,0x08006240,0x080064ec,0x08006c34,0x08006c44,0x08006c54,0x08006c62,0x08006c70,0x08006c74,0x08006c78,0x08006c7c,0x20000108,0x20000e24,0x20000e28,0x20000e2c,0x20000e30,0x20000e34,0x20000e38,0x20000e3c,0x20000e40,0x20000e44,0x20000e48,0x20000e4c,0x20000e60	0x00000000,0x00000001,0x00000004,0x00000008,0x0000000c,0x00000010,0x00000014,0x00000018,0x0000001c,0x00000020,0x00000024,0x00000028,0x0000003c
0x08006c80	106	44	0x08003e90,0x08005e2e,0x08005e6e,0x08005eb6,0x08005f00,0x08006240,0x08006cba,0x08006cca,0x08006cda,0x08006ce8	0x08003e90,0x08005e2e,0x08005e6e,0x08005eb6,0x08005f00,0x08006240,0x08006cba,0x08006cca,0x08006cda,0x08006ce8,0x08006cec,0x08006cf0,0x08006cf4,0x20000eb8,0x20000ebc,0x20000ec0,0x20000ec4,0x20000ec8,0x20000ecc,0x20000ed0,0x20000ed4,0x20000ed8,0x20000edc,0x20000ee0,0x20000ef4	0x00000000,0x00000004,0x00000008,0x0000000c,0x00000010,0x00000014,0x00000018,0x0000001c,0x00000020,0x00000024,0x00000028,0x0000003c
0x08006cf8	106	44	0x08003e90,0x08005e2e,0x08005e6e,0x08005eb6,0x08005f00,0x08006240,0x08006d32,0x08006d42,0x08006d52,0x08006d60	0x08003e90,0x08005e2e,0x08005e6e,0x08005eb6,0x08005f00,0x08006240,0x08006d32,0x08006d42,0x08006d52,0x08006d60,0x08006d64,0x08006d68,0x08006d6c,0x20000eb8,0x20000ebc,0x20000ec0,0x20000ec4,0x20000ec8,0x20000ecc,0x20000ed0,0x20000ed4,0x20000ed8,0x20000edc,0x20000ee0,0x20000ef4	0x00000000,0x00000004,0x00000008,0x0000000c,0x00000010,0x00000014,0x00000018,0x0000001c,0x00000020,0x00000024,0x00000028,0x0000003c
0x08006d70	2	1		0x08006d70	
0x08006d72	68	32	0x08004eac,0x08006d94,0x08006da6,0x08006db2	0x08004eac,0x08006d94,0x08006da6,0x08006db2	0x00000000,0x00000003,0x00000009,0x0000000c,0x00000019,0x00000020,0x0000007d,0x00000080
0x08006db8	74	35	0x08005b8c,0x08006de2,0x08006df8,0x08006dfe	0x08005b8c,0x08006de2,0x08006df8,0x08006dfe,0x08006e04,0x4000280c,0x40002818	0x00000000,0x00000003,0x00000009,0x0000000c,0x00000018,0x0000001a,0x00000020,0x00000080
0x08006e08	10	4	0x08005a52	0x08005a52,0x08006e14	
0x08006e18	2	1			
0x08007214	2164	964	0x08000160,0x080012e4,0x080013b8,0x08001574,0x080018e4,0x08001d68,0x08001e94,0x0800258c,0x08002c30,0x08002c8e,0x08002cb8,0x080035d4,0x080038e0,0x08003a00,0x08003a3c,0x08003a60,0x08005094,0x080050a8,0x080050c4,0x080050e8,0x0800598c,0x080068d0,0x08006b80,0x08006b98,0x08007238,0x08007250,0x08007252,0x08007260,0x0800727e,0x080072b6,0x080072bc,0x0800732a,0x0800735c,0x0800735e,0x08007366,0x0800736a,0x08007374,0x08007376,0x0800738a,0x08007398,0x080073b2,0x080073d0,0x080073d4,0x080073d8,0x08007402,0x08007408,0x0800741c,0x0800742c,0x08007460,0x08007462,0x08007468,0x0800746a,0x0800746c,0x0800747c,0x08007482,0x0800748e,0x08007494,0x080074ae,0x080074c4,0x080074c6,0x080074dc,0x08007508,0x0800750e,0x08007526,0x08007538,0x0800754a,0x0800754c,0x08007558,0x0800756a,0x0800757e,0x08007584,0x08007594,0x08007598,0x080075a2,0x080075ae,0x080075d0,0x080075e2,0x080075e4,0x08007780,0x08007790,0x080077ae,0x080077b0,0x080077c2,0x080077ce,0x080077d4,0x080077f8,0x08007806,0x08007812,0x0800781e,0x0800782e,0x0800783a,0x0800784a,0x08007850,0x08007862,0x0800786c,0x08007878,0x08007880,0x08007884,0x08007894,0x080078c2,0x080078ea,0x080078fe,0x08007904,0x0800790e,0x08007918,0x08007928,0x0800792c,0x08007936,0x08007942,0x08007954,0x08007980,0x08007990,0x08007992,0x080079a2,0x080079a4,0x080079b0,0x080079b4,0x080079c8,0x080079cc,0x080079e2,0x080079e8,0x08007a10,0x08007a16,0x08007a40,0x08007a54,0x08007a5e,0x08007a84,0x08007a96,0x08007aa0,0x08007aac,0x08007ab8,0x08007abc,0x08007b00,0x08007b2e,0x08007b4c,0x08007b4e,0x08007e10,0x08007e18,0x08007e2c,0x08007e5a,0x08007e90,0x08007eb2,0x08007ed6,0x08007eda,0x08009170,0x08009a14,0x08009a9c,0x0800a01e,0x0800a7b0,0x0800a7d2,0x0800a816,0x0800aa24,0x0800aaf0,0x0800b600,0x0800bb74,0x0800be90,0x0800bede,0x0800ce34,0x0800d154	0x08000160,0x080012e4,0x080013b8,0x08001574,0x080018e4,0x08001d68,0x08001e94,0x0800258c,0x08002c30,0x08002c8e,0x08002cb8,0x080035d4,0x080038e0,0x08003a00,0x08003a3c,0x08003a60,0x08005094,0x080050a8,0x080050c4,0x080050e8,0x0800598c,0x080068d0,0x08006b80,0x08006b98,0x08007214,0x08007238,0x08007250,0x08007252,0x08007260,0x0800727e,0x080072b6,0x080072bc,0x0800732a,0x0800735c,0x0800735e,0x08007366,0x0800736a,0x08007374,0x08007376,0x0800738a,0x08007398,0x080073b2,0x080073d0,0x080073d4,0x080073d8,0x08007402,0x08007408,0x0800741c,0x0800742c,0x08007460,0x08007462,0x08007468,0x0800746a,0x0800746c,0x0800747c,0x08007482,0x0800748e,0x08007494,0x080074ae,0x080074c4,0x080074c6,0x080074dc,0x08007508,0x0800750e,0x08007526,0x08007538,0x0800754a,0x0800754c,0x08007558,0x0800756a,0x0800757e,0x08007584,0x08007594,0x08007598,0x080075a2,0x080075ae,0x080075d0,0x080075e2,0x080075e4,0x080075ec,0x080075f0,0x08007608,0x0800760c,0x08007610,0x08007614,0x08007618,0x0800761c,0x0800763c,0x08007664,0x08007694,0x080076bc,0x080076ec,0x0800770c,0x08007730,0x08007740,0x08007750,0x08007760,0x08007780,0x08007790,0x080077ae,0x080077b0,0x080077c2,0x080077ce,0x080077d4,0x080077f8,0x08007806,0x08007812,0x0800781e,0x0800782e,0x0800783a,0x0800784a,0x08007850,0x08007862,0x0800786c,0x08007878,0x08007880,0x08007884,0x08007894,0x080078c2,0x080078ea,0x080078fe,0x08007904,0x0800790e,0x08007918,0x08007928,0x0800792c,0x08007936,0x08007942,0x08007954,0x08007980,0x08007990,0x08007992,0x080079a2,0x080079a4,0x080079b0,0x080079b4,0x080079c8,0x080079cc,0x080079e2,0x080079e8,0x08007a10,0x08007a16,0x08007a40,0x08007a54,0x08007a5e,0x08007a84,0x08007a96,0x08007aa0,0x08007aac,0x08007ab8,0x08007abc,0x08007b00,0x08007b2e,0x08007b4c,0x08007b4e,0x08007b50,0x08007b84,0x08007b88,0x08007b8c,0x08007bb0,0x08007bf0,0x08007c2c,0x08007c50,0x08007c74,0x08007c98,0x08007cc0,0x08007ce8,0x08007d0c,0x08007d30,0x08007d5c,0x08007d88,0x08007db4,0x08007de0,0x08007e04,0x08007e08,0x08007e0c,0x08007e10,0x08007e18,0x08007e2c,0x08007e5a,0x08007e90,0x08007eb2,0x08007ed6,0x08007eda,0x08007ee4,0x08007ee8,0x08007eec,0x08007f18,0x08007f1c,0x08007f20,0x08007f24,0x08007f28,0x08009170,0x08009a14,0x08009a9c,0x0800a01e,0x0800a7b0,0x0800a7d2,0x0800a816,0x0800aa24,0x0800aaf0,0x0800b600,0x0800bb74,0x0800be90,0x0800bede,0x0800ce34,0x0800d154,0x200000b9,0x200000bb,0x200000bc,0x200000be,0x200000bf,0x200000c0,0x200000c8,0x200000e0,0x200000e4,0x200000e8,0x200000f0,0x200000f4,0x200000f5,0x2000087d,0x2000087e,0x2000087f,0x20000880,0x20000884,0x20000888,0x2000088c,0x2000088d,0x2000088e,0x2000088f,0x20000890,0x20000891,0x20000893,0x20000894,0x20000895,0x20000896,0x20000897,0x20000898,0x20000899,0x2000089c,0x200008a0,0x200008a4,0x200008a8,0x200008ac,0x200008ad,0x200008ae,0x200008af,0x200008b0,0x200008b4,0x200008b8,0x200008bc,0x200008c0,0x200008c8,0x200008c9,0x200008ca,0x200008cb,0x200008cc,0x200008d0,0x200008d4,0x200008d8,0x200008dc,0x20000948,0x40007000,0x40007018	0x00000000,0x00000001,0x00000002,0x00000003,0x00000004,0x00000005,0x00000006,0x00000007,0x00000008,0x00000009,0x0000000a,0x0000000c,0x0000000d,0x0000000e,0x0000000f,0x00000010,0x00000011,0x00000012,0x00000013,0x00000014,0x00000015,0x00000017,0x00000018,0x00000019,0x0000001a,0x0000001b,0x0000001c,0x0000001d,0x0000001e,0x00000020,0x00000024,0x00000028,0x0000002b,0x0000002c,0x0000002d,0x00000030,0x00000032,0x00000038,0x0000003c,0x00000040,0x00000044,0x00000056,0x00000058,0x0000005c,0x00000060,0x00000064,0x0000007d,0x000000b4,0x000000d2,0x000000e1,0x000000ff,0x080075f0,0x08007608,0x0800761c,0x0800763c,0x08007664,0x08007694,0x080076bc,0x080076ec,0x0800770c,0x08007730,0x08007740,0x08007750,0x08007760,0x08007b50,0x08007b84,0x08007b8c,0x08007bb0,0x08007bf0,0x08007c2c,0x08007c50,0x08007c74,0x08007c98,0x08007cc0,0x08007ce8,0x08007d0c,0x08007d30,0x08007d5c,0x08007d88,0x08007db4,0x08007de0,0x08007e04,0x08007eec,0x08007f18
0x08008420	20	8	0x08008432,0x0800c5ac,0x0800ca4c	0x08008432,0x08008434,0x0800c5ac,0x0800ca4c,0xe000e010	0x00000001,0x00000010
0x08008438	118	55	0x080001e6,0x08005048,0x080052e4,0x08005528,0x0800848e,0x08008490,0x080084a8,0x080084aa	0x080001e6,0x08005048,0x080052e4,0x08005528,0x0800848e,0x08008490,0x080084a8,0x080084aa,0x20000000	0x00000000,0x00000001,0x00000002,0x00000004,0x00000007,0x00000008,0x00000009,0x0000000a,0x0000000c,0x0000000e,0x00000010,0x00000014,0x00000018,0x0000001c,0x00000020,0x00000024,0x00000028,0x0000002c,0x00000030,0x00000034,0x00000038,0x0000003c,0x00000040,0x00000044,0x0000004c,0x000000ff
0x080084ae	2	1			
0x080084b0	10	4	0x08005c90	0x08005c90,0x080084bc	
0x080084c0	122	61	0x080084d6,0x080084de,0x08008502,0x0800850c,0x08008530,0x08008534	0x080084d6,0x080084de,0x08008502,0x0800850c,0x08008530,0x08008534,0x0800853c,0x08008540,0x08008544,0x08008548,0x0800854c,0x08008550,0x08008554	0x00000000,0x00000001,0x00000003,0x00000004,0x00000008,0x0000000c,0x00000010,0x00000014,0x00000028,0x0000002c,0x00000030,0x00000070,0x00000080
0x0800856c	62	29	0x08000160,0x080085a0,0x080085a4	0x08000160,0x080085a0,0x080085a4,0x080085ac,0x0800d398,0x0800d3a0	0x00000000,0x00000001,0x00000003,0x00000004,0x00000008,0x0000001d,0x00000028,0x0000002a,0x00000040,0x00000064
0x080085b0	202	101	0x080085c8,0x080085de,0x080085f4,0x0800860a,0x08008620,0x08008636,0x08008662,0x08008678	0x080085c8,0x080085de,0x080085f4,0x0800860a,0x08008620,0x08008636,0x08008662,0x08008678	0x00000000,0x00000001,0x00000003,0x00000004,0x00000008,0x0000000c,0x0000000d,0x0000000f,0x00000010,0x00000011,0x00000012,0x00000013,0x00000014,0x00000015,0x00000018,0x00000019,0x0000001a,0x0000001b,0x0000001c,0x0000001d,0x0000001e,0x0000001f,0x00000028,0x0000002c,0x00000030,0x00000034,0x00000038,0x0000003c,0x00000040,0x00000044,0x00000048,0x0000004c
0x0800867c	96	45	0x08004eac,0x080086ac,0x080086c8,0x080086cc,0x08008ec4	0x08004eac,0x080086ac,0x080086c8,0x080086cc,0x080086dc,0x08008ec4	0x00000000,0x00000001,0x00000003,0x00000004,0x00000008,0x0000000c,0x00000010,0x00000015,0x00000016,0x0000001c,0x0000001d,0x00000020,0x0000006c,0x00000070,0x00000080
0x080086e0	20	9	0x08005f42	0x08005f42	0x00000000,0x00000016,0x0000001e,0x00000028,0x00000040
0x080086f4	96	39	0x08008746	0x08008746,0x08008754	0x00000000,0x00000001,0x00000008,0x00000010,0x00000020,0x00000021,0x0000006c,0x00000074,0x0000008c,0x000000ff
0x08008758	174	76	0x08005e6a,0x08006544,0x08008774,0x08008776,0x080087d8,0x080087fe	0x08005e6a,0x08006544,0x08008774,0x08008776,0x080087d8,0x080087fe	0x00000000,0x00000001,0x00000002,0x00000008,0x0000000c,0x00000010,0x00000018,0x0000001b,0x0000001c,0x0000001e,0x00000020,0x00000021,0x00000022,0x00000024,0x00000040,0x00000058,0x0000006c,0x00000070,0x00000074,0x00000080,0x000000ff
0x08008808	390	177	0x08005e6a,0x08005f42,0x08006544,0x08008836,0x0800883a,0x0800883e,0x08008876,0x08008892,0x080088ae,0x080088c2,0x08008912,0x0800891a,0x0800895e,0x08008984	0x08005e6a,0x08005f42,0x08006544,0x08008759,0x08008836,0x0800883a,0x0800883e,0x08008876,0x08008892,0x080088ae,0x080088c2,0x08008912,0x0800891a,0x0800895e,0x08008984,0x08008990,0x08008994	0x00000000,0x00000001,0x00000002,0x00000004,0x00000008,0x0000000c,0x00000010,0x00000017,0x00000018,0x0000001a,0x0000001b,0x0000001c,0x0000001d,0x0000001e,0x0000001f,0x00000020,0x00000022,0x00000024,0x00000028,0x00000040,0x00000058,0x0000006c,0x00000070,0x00000074,0x00000080,0x000000ff
0x08008998	174	76	0x08005e6a,0x08006544,0x080089b4,0x080089b6,0x08008a18,0x08008a3e	0x08005e6a,0x08006544,0x080089b4,0x080089b6,0x08008a18,0x08008a3e	0x00000000,0x00000001,0x00000008,0x0000000c,0x00000010,0x00000018,0x0000001b,0x0000001c,0x0000001e,0x00000020,0x00000021,0x00000022,0x00000024,0x00000040,0x00000058,0x0000006c,0x00000070,0x00000074,0x00000080,0x000000ff
0x08008a48	390	177	0x08005e6a,0x08005f42,0x08006544,0x08008a76,0x08008a7a,0x08008a7e,0x08008ab6,0x08008ad2,0x08008aee,0x08008b02,0x08008b52,0x08008b5a,0x08008b9e,0x08008bc4	0x08005e6a,0x08005f42,0x08006544,0x08008999,0x08008a76,0x08008a7a,0x08008a7e,0x08008ab6,0x08008ad2,0x08008aee,0x08008b02,0x08008b52,0x08008b5a,0x08008b9e,0x08008bc4,0x08008bd0,0x08008bd4	0x00000000,0x00000001,0x00000002,0x00000004,0x00000008,0x0000000c,0x00000010,0x00000017,0x00000018,0x0000001a,0x0000001b,0x0000001c,0x0000001d,0x0000001e,0x0000001f,0x00000020,0x00000022,0x00000024,0x00000028,0x00000040,0x00000058,0x0000006c,0x00000070,0x00000074,0x00000080,0x000000ff
0x08008bd8	398	191	0x08000160,0x08005474,0x0800549c,0x08008c48,0x08008c64,0x08008c80,0x08008c84,0x08008c88,0x08008c8c,0x08008c9e,0x08008ca2,0x08008ca4,0x08008cc6,0x08008ccc,0x08008cd0,0x08008cd4,0x08008cd8,0x08008d06,0x08008d18,0x08008d1e,0x08008d22,0x08008d26,0x08008d2a,0x08008d48,0x08008d4c,0x08008d4e,0x08008d52	0x08000160,0x08005474,0x0800549c,0x08008c48,0x08008c64,0x08008c80,0x08008c84,0x08008c88,0x08008c8c,0x08008c9e,0x08008ca2,0x08008ca4,0x08008cc6,0x08008ccc,0x08008cd0,0x08008cd4,0x08008cd8,0x08008d06,0x08008d18,0x08008d1e,0x08008d22,0x08008d26,0x08008d2a,0x08008d48,0x08008d4c,0x08008d4e,0x08008d52,0x08008d68,0x08008d6c,0x08008d70,0x08008d74,0x08008d78,0x08008d7c,0x08008d80,0x08008d84,0x08008d88,0x08008d8c,0x08008d90,0x08008d94,0x0800d380,0x40021054	0x00000000,0x00000001,0x00000002,0x00000003,0x00000004,0x00000008,0x0000000c,0x0000000f,0x00000010,0x00000014,0x00000018,0x0000001c,0x0000001d,0x0000001e,0x00000020,0x00000024,0x00000028,0x0000002a,0x0000002c,0x00000030,0x00000040,0x00000074,0x00000078
0x08008d98	280	127	0x08008dbe,0x08008dd4,0x08008dd8,0x08008dde,0x08008de2,0x08008de6,0x08008de8,0x08008e24,0x08008e48,0x08008e60,0x08008e66,0x08008e72,0x08008e90,0x08008e94,0x08008ea4,0x08008ea8	0x08008759,0x08008809,0x08008999,0x08008a49,0x08008dbe,0x08008dd4,0x08008dd8,0x08008dde,0x08008de2,0x08008de6,0x08008de8,0x08008e24,0x08008e48,0x08008e60,0x08008e66,0x08008e72,0x08008e90,0x08008e94,0x08008ea4,0x08008ea8,0x08008eb0,0x08008eb4,0x08008eb8,0x08008ebc,0x08008ec0	0x00000000,0x00000001,0x00000008,0x0000000c,0x00000010,0x0000001c,0x0000001d,0x0000001e,0x00000020,0x00000021,0x00000022,0x00000028,0x0000003f,0x00000040,0x00000058,0x00000064,0x00000074,0x0000007f,0x00000080,0x000000ff
0x08008ec4	210	92	0x08004eac,0x08008ed4,0x08008f3a,0x08008f40,0x08008f44,0x08008f7e,0x08008f8a,0x08008f92	0x08004eac,0x08008ed4,0x08008f3a,0x08008f40,0x08008f44,0x08008f7e,0x08008f8a,0x08008f92	0x00000000,0x00000001,0x00000003,0x00000004,0x00000008,0x0000000b,0x0000000c,0x00000010,0x00000014,0x0000001c,0x0000001d,0x00000020,0x00000028,0x00000080,0x000000a1,0x000000ff
0x08008f98	10	4	0x08005f50	0x08005f50,0x08008fa4	
0x08008fa8	84	39	0x08000420,0x08008fb4,0x08008fba,0x08008fbe,0x08008fc4,0x08008fc6,0x08008ff4,0x08009170,0x0800a2e6	0x08000420,0x08008fb4,0x08008fba,0x08008fbe,0x08008fc4,0x08008fc6,0x08008ff4,0x08008ffc,0x08009000,0x08009170,0x0800a2e6,0x0800d408,0x20000000,0x20000004,0x20000008,0x2000000c,0x20000010	0x00000000,0x00000001,0x00000004,0x0000000a,0x00000010,0x0000005a,0x000000ff
0x08009004	54	25	0x0800056c,0x08009010,0x08009012,0x08009014,0x0800a2e6	0x0800056c,0x08009010,0x08009012,0x08009014,0x0800903c,0x0800a2e6,0x20000000	0x00000000,0x00000001,0x0000000a,0x0000005a
0x08009040	96	46	0x080004c0,0x0800904c,0x08009052,0x08009058,0x08009068,0x0800908a,0x0800909a,0x08009170	0x080004c0,0x0800904c,0x08009052,0x08009058,0x08009068,0x0800908a,0x0800909a,0x080090a0,0x080090a4,0x080090a8,0x08009170,0x0800d454,0x20000080,0x20000084,0x20000088,0x2000008c,0x200000bf	0x00000000,0x00000001,0x00000004,0x00000008,0x0000000a,0x0000000c,0x00000010,0x00000014,0x00000042,0x000000ff
0x080090ac	84	40	0x08000310,0x080090ba,0x080090c0,0x080090c4,0x080090ca,0x080090ce,0x08009170	0x08000310,0x080090ba,0x080090c0,0x080090c4,0x080090ca,0x080090ce,0x08009100,0x08009104,0x08009170,0x0800d4c0,0x20000080,0x20000084,0x20000088,0x2000008c	0x00000000,0x00000001,0x00000002,0x00000004,0x00000008,0x0000000a,0x0000000c,0x00000010,0x00000014,0x000000ff
0x08009108	86	40	0x08000610,0x08009114,0x08009120,0x08009142,0x08009158,0x08009170	0x08000610,0x08009114,0x08009120,0x08009142,0x08009158,0x08009160,0x08009164,0x08009168,0x0800916c,0x08009170,0x0800d538,0x20000080,0x20000084,0x20000088,0x2000008c,0x200000bf	0x00000000,0x00000001,0x00000004,0x00000008,0x0000000a,0x0000000c,0x00000010,0x00000014,0x00000042,0x0800916c
0x08009170	24	11	0x08009210	0x08009188,0x0800918c,0x08009210,0x0800a381	0x00000008,0x0000000c,0x00000010
0x08009190	26	13	0x080091a0	0x080091a0	0x00000000,0x00000001
0x080091ac	60	30	0x080091d0	0x080091d0,0x080091e8,0x080091ec	0x00000000,0x00000002,0x00000008,0x00000018,0x0000001b,0x0000001c,0x0000001e,0x000000ff
0x08009210	1020	505	0x08000210,0x0800921c,0x0800922a,0x08009230,0x08009236,0x08009242,0x08009244,0x0800925a,0x08009276,0x0800928a,0x08009290,0x080092aa,0x080092b8,0x080092c2,0x080092d8,0x080092e2,0x080092ea,0x080092f0,0x080092f4,0x08009304,0x08009306,0x08009320,0x0800932a,0x0800933a,0x08009342,0x0800934c,0x08009360,0x08009364,0x0800936e,0x08009374,0x08009378,0x0800938a,0x08009392,0x0800939c,0x080093a0,0x080093b8,0x080093bc,0x080093c0,0x080093d0,0x080093ea,0x080093fa,0x08009404,0x08009412,0x08009416,0x08009418,0x0800941a,0x0800941c,0x08009438,0x08009442,0x08009448,0x08009450,0x08009452,0x08009468,0x0800946e,0x08009476,0x0800947e,0x08009482,0x08009486,0x0800948a,0x0800949c,0x0800949e,0x080094a4,0x080094b8,0x080094c4,0x080094c6,0x080094cc,0x080094e8,0x080094f2,0x08009504,0x08009506,0x0800951c,0x0800952c,0x08009534,0x0800953c,0x08009540,0x08009558,0x08009576,0x0800957a,0x08009584,0x08009586,0x080095a6,0x080095ac,0x080095be,0x080095d8,0x080095e2,0x080095ee,0x08009600,0x08009638,0x08009658	0x08000210,0x0800921c,0x0800922a,0x08009230,0x08009236,0x08009242,0x08009244,0x0800925a,0x08009276,0x0800928a,0x08009290,0x080092aa,0x080092b8,0x080092c2,0x080092d8,0x080092e2,0x080092ea,0x080092f0,0x080092f4,0x08009304,0x08009306,0x08009320,0x0800932a,0x0800933a,0x08009342,0x0800934c,0x08009360,0x08009364,0x0800936e,0x08009374,0x08009378,0x0800938a,0x08009392,0x0800939c,0x080093a0,0x080093b8,0x080093bc,0x080093c0,0x080093d0,0x080093ea,0x080093fa,0x08009404,0x08009412,0x08009416,0x08009418,0x0800941a,0x0800941c,0x08009438,0x08009442,0x08009448,0x08009450,0x08009452,0x08009468,0x0800946e,0x08009476,0x0800947e,0x08009482,0x08009486,0x0800948a,0x0800949c,0x0800949e,0x080094a4,0x080094b8,0x080094c4,0x080094c6,0x080094cc,0x080094e8,0x080094f2,0x08009504,0x08009506,0x0800951c,0x0800952c,0x08009534,0x0800953c,0x08009540,0x08009558,0x08009576,0x0800957a,0x08009584,0x08009586,0x080095a6,0x080095ac,0x080095be,0x080095d8,0x080095e2,0x080095ee,0x08009600,0x0800960c,0x08009610,0x08009624,0x08009638,0x08009658	0x00000000,0x00000001,0x00000002,0x00000003,0x00000004,0x00000007,0x00000008,0x00000009,0x0000000a,0x0000000c,0x0000000d,0x0000000f,0x00000010,0x00000011,0x00000014,0x00000015,0x00000018,0x00000019,0x0000001c,0x0000001d,0x0000001f,0x00000020,0x00000025,0x0000002a,0x0000002b,0x0000002d,0x0000002e,0x00000030,0x0000003c,0x00000040,0x00000044,0x0000004c,0x00000050,0x00000054,0x00000058,0x00000063,0x00000064,0x00000068,0x00000069,0x0000006a,0x0000006c,0x0000006e,0x0000006f,0x00000070,0x00000073,0x00000074,0x00000075,0x00000078,0x0000007a,0x08009610,0x08009624
0x08009638	32	16	0x08009648,0x08009650,0x08009654	0x08009648,0x08009650,0x08009654	0x00000000,0x00000001,0x00000012,0x00000020
0x08009658	44	22	0x0800966a,0x0800966c,0x08009672,0x0800967a,0x0800967e	0x0800966a,0x0800966c,0x08009672,0x0800967a,0x0800967e	0x00000000,0x00000001,0x00000004,0x0000000c,0x0000000f,0x00000012,0x00000014,0x00000020,0x00000030
0x08009684	430	193	0x08006b80,0x08006b98,0x08009170,0x080096e8,0x080096f8,0x0800971e,0x08009738,0x08009758,0x08009760,0x08009764,0x0800976c,0x0800976e,0x08009774,0x08009786,0x0800978c,0x080097a6,0x080097a8,0x080097b4,0x080097be,0x080097c2,0x080097c8,0x080097de,0x080097f0,0x08009802,0x08009804,0x08009bc0,0x08009cc8,0x0800a888,0x0800d154	0x08006b80,0x08006b98,0x08009170,0x080096e8,0x080096f8,0x0800971e,0x08009738,0x08009758,0x08009760,0x08009764,0x0800976c,0x0800976e,0x08009774,0x08009786,0x0800978c,0x080097a6,0x080097a8,0x080097b4,0x080097be,0x080097c2,0x080097c8,0x080097de,0x080097f0,0x08009802,0x08009804,0x08009834,0x08009838,0x0800983c,0x0800987c,0x080098b4,0x080098b8,0x080098f8,0x0800992c,0x08009930,0x08009958,0x0800998c,0x080099b8,0x080099e4,0x08009bc0,0x08009cc8,0x0800a888,0x0800d154,0x0800d72c,0x200000ba,0x200000bf,0x200000c1,0x200000c2,0x200000c3,0x200000f0,0x200000f8,0x200000f9,0x200000fa,0x200000fb,0x200000fc,0x20000100,0x2000087e,0x2000088c,0x2000088d,0x20000891,0x2000089c,0x200008ad,0x200008ae,0x200008b2,0x200008c9,0x200008ca,0x200008ce	0x00000000,0x00000001,0x00000002,0x00000003,0x00000004,0x00000005,0x00000006,0x00000007,0x00000008,0x00000009,0x0000000a,0x0000000b,0x0000000c,0x0000000d,0x0000000e,0x00000010,0x00000011,0x00000012,0x00000015,0x00000020,0x00000028,0x00000036,0x00000038,0x0000003c,0x00000040,0x000000e1,0x0800983c,0x0800987c,0x080098b8,0x080098f8,0x0800992c,0x08009930,0x08009958,0x0800998c,0x080099b8
0x080099e8	38	18	0x08009108,0x08009a0c	0x08009108,0x08009a0c,0x08009a10	0x00000000,0x00000001,0x00000004
0x08009a14	126	58	0x080099e8,0x08009a54,0x08009a56,0x08009a74,0x08009a78,0x08009a84,0x08009a86,0x08009a8e	0x080099e8,0x08009a54,0x08009a56,0x08009a74,0x08009a78,0x08009a84,0x08009a86,0x08009a8e,0x08009a94,0x08009a98,0x20000105,0x2000088c,0x2000088d,0x20000891,0x200008ad,0x200008c9	0x00000000,0x00000003,0x00000004,0x00000005,0x00000006,0x00000007,0x0000000d,0x00000010,0x00000011,0x00000015,0x00000020,0x00000040,0x00000081,0x000000ae,0x000000af
0x08009a9c	150	58	0x080001b4,0x08004d30,0x08005f00,0x08005f44,0x08009170,0x08009a14,0x08009ac2,0x08009ac6,0x08009ade,0x08009b08,0x08009b1e,0x0800a7b0,0x0800b678,0x0800be90,0x0800beba,0x0800bede,0x0800bf08,0x0800d250	0x080001b4,0x08004d30,0x08005f00,0x08005f44,0x08009170,0x08009a14,0x08009ac2,0x08009ac6,0x08009ade,0x08009b08,0x08009b1e,0x08009b34,0x08009b38,0x08009b60,0x08009b64,0x08009b68,0x08009b6c,0x0800a7b0,0x0800b678,0x0800be90,0x0800beba,0x0800bede,0x0800bf08,0x0800d250,0x0800d36c,0x200000bc,0x200000bf,0x20000eb8	0x00000000,0x00000001,0x00000004,0x00000007,0x0000000a,0x00000014,0x0000001a,0x08009b38,0x08009b60
0x08009b70	36	18	0x08009b82,0x08009b8e	0x08009b82,0x08009b8e	0x00000000,0x00000001,0x0000001f,0x00000020,0x0000007d
0x08009b94	42	21	0x08009ba0,0x08009bac,0x08009bb6,0x08009bba	0x08009ba0,0x08009bac,0x08009bb6,0x08009bba	0x00000000,0x00000005,0x00000009,0x00000030,0x00000037,0x00000041,0x00000057,0x00000061
0x08009bc0	130	57	0x08001408,0x08009170,0x08009bea,0x08009bf6,0x08009bfc,0x08009c16,0x08009c1c,0x08009c40,0x0800a888	0x08001408,0x08009170,0x08009bea,0x08009bf6,0x08009bfc,0x08009c16,0x08009c1c,0x08009c40,0x08009c44,0x08009c48,0x08009c70,0x08009c74,0x08009c9c,0x08009ca0,0x0800a888,0x200000b8,0x200000bf,0x200000f0,0x200000f6,0x200000f7,0x200000fa,0x2000087e	0x00000000,0x00000001,0x00000002,0x00000003,0x00000004,0x00000006,0x00000007,0x00000009,0x0000000a,0x00000038,0x0000003c,0x08009c48,0x08009c70,0x08009c74,0x08009ca0
0x08009cc8	96	43	0x08009170,0x08009cde,0x08009ce0,0x08009cfa,0x0800a888	0x08009170,0x08009cde,0x08009ce0,0x08009cfa,0x08009d28,0x08009d2c,0x08009d30,0x08009d4c,0x08009d50,0x0800a888,0x200000b8,0x200000bf,0x200000f0,0x200000fa,0x2000087e,0x2000088c,0x2000088d	0x00000000,0x00000001,0x00000002,0x00000004,0x00000006,0x00000007,0x00000009,0x00000010,0x00000011,0x00000038,0x0000003c,0x08009d30,0x08009d4c,0x08009d50
0x08009df4	22	10	0x08009df8,0x08009e08,0x0800a046	0x08009df8,0x08009e08,0x0800a046	0x00000000,0x00000001,0x00000003
0x08009e0c	170	74	0x08009e20,0x08009e6a,0x08009e6c,0x08009e70,0x08009e8c,0x08009eb2,0x0800a0ea,0x0800a124,0x0800a13a,0x0800a148	0x08009e20,0x08009e6a,0x08009e6c,0x08009e70,0x08009e8c,0x08009eb2,0x08009eb8,0x0800a0ea,0x0800a124,0x0800a13a,0x0800a148	0x00000000,0x00000001,0x00000003,0x00000008,0x0000000a,0x0000000b,0x0000000c,0x00000010,0x00000014,0x00000015,0x0000001c,0x0000001e,0x00000030,0x00000032,0x00000050,0x00000065,0x00000080,0x000000a7
0x08009ebc	60	28	0x08000160,0x08009ed6,0x08009ef2,0x0800a074	0x08000160,0x08009ed6,0x08009ef2,0x0800a074	0x00000000,0x00000004,0x00000008,0x00000063,0x00000064
0x08009ef8	32	15	0x08009f0e,0x0800a124	0x08009f0e,0x0800a124	0x00000000
0x08009f18	90	41	0x0800018c,0x08009f40,0x08009f44,0x08009f5c,0x08009f62,0x08009f6a,0x08009f6c,0x0800a074,0x0800a124,0x0800a3ba	0x0800018c,0x08009f40,0x08009f44,0x08009f5c,0x08009f62,0x08009f6a,0x08009f6c,0x08009f74,0x08009f78,0x08009f7c,0x0800a074,0x0800a124,0x0800a3ba	0x00000000,0x00000004,0x00000006,0x0000000e,0x00000019,0x000000ab
0x08009f80	106	50	0x08009f9e,0x08009fb6,0x08009fba,0x08009fca,0x08009fce,0x08009fde,0x08009fe6,0x0800a124	0x08009f9e,0x08009fb6,0x08009fba,0x08009fca,0x08009fce,0x08009fde,0x08009fe6,0x08009fec,0x0800a124	0x00000000,0x00000001,0x00000002,0x00000003,0x00000008,0x0000000b,0x00000010,0x00000018,0x00000050
0x08009ff0	46	22	0x0800a00a,0x0800a124	0x0800a00a,0x0800a124	0x00000000,0x00000001,0x00000006,0x0000000a,0x00000091,0x000000ff
0x0800a01e	40	19	0x0800a038,0x0800a074	0x0800a038,0x0800a074	0x00000000,0x00000002,0x00000004
0x0800a046	46	20	0x08009e0c,0x08009ef8,0x08009f80,0x0800a05c,0x0800a05e,0x0800a070	0x08009e0c,0x08009ef8,0x08009f80,0x0800a05c,0x0800a05e,0x0800a070	0x00000000,0x00000001,0x000000a0
0x0800a074	118	54	0x0800a0d4,0x0800a0d8,0x0800a0e4,0x0800a130,0x0800a148	0x0800a0d4,0x0800a0d8,0x0800a0e4,0x0800a130,0x0800a148	0x00000000,0x00000001,0x00000002,0x00000005,0x00000008
0x0800a0ea	58	25	0x0800a116,0x0800a11a,0x0800a13a,0x0800a148	0x0800a116,0x0800a11a,0x0800a13a,0x0800a148	0x00000000,0x00000008,0x0000000b,0x00000015,0x00000030,0x000000f0
0x0800a124	12	5	0x080035b8	0x080035b8	0x00000000,0x00000001
0x0800a130	10	4	0x080035b8	0x080035b8	0x00000000
0x0800a13a	12	5	0x080039c8	0x080039c8	0x00000000
0x0800a148	24	12	0x0800a14e,0x0800a150,0x0800a15a	0x0800a14e,0x0800a150,0x0800a15a,0x0800a160	0x00000000,0x00000001
0x0800a164	18	7	0x0800a170,0x0800a188,0x0800c3f8	0x0800a170,0x0800a188,0x0800c3f8	0x00000000,0x00000001
0x0800a176	18	7	0x0800a182,0x0800a19a,0x0800c412	0x0800a182,0x0800a19a,0x0800c412	0x00000000,0x00000001
0x0800a188	18	7	0x0800a194,0x0800a1ac,0x0800a1e8	0x0800a194,0x0800a1ac,0x0800a1e8	0x00000000
0x0800a19a	18	7	0x0800a1a6,0x0800a1ca,0x0800a206	0x0800a1a6,0x0800a1ca,0x0800a206	0x00000000
0x0800a1ac	30	9	0x0800a794,0x0800ba84,0x0800bac4,0x0800bae8	0x0800a794,0x0800ba84,0x0800bac4,0x0800bae8	0x00000017
0x0800a1ca	30	9	0x0800a7a2,0x0800baa4,0x0800bad8,0x0800bafc	0x0800a7a2,0x0800baa4,0x0800bad8,0x0800bafc	0x00000017
0x0800a1e8	30	9	0x0800a794,0x0800ba84,0x0800bac4,0x0800bae8	0x0800a794,0x0800ba84,0x0800bac4,0x0800bae8	0x0000005a
0x0800a206	30	9	0x0800a7a2,0x0800baa4,0x0800bad8,0x0800bafc	0x0800a7a2,0x0800baa4,0x0800bad8,0x0800bafc	0x0000005a
0x0800a224	38	12	0x0800a794,0x0800ba84,0x0800bac4,0x0800bae8	0x0800a794,0x0800ba84,0x0800bac4,0x0800bae8	0x00000017,0x0000005f,0x000000ff
0x0800a24a	38	12	0x0800a7a2,0x0800baa4,0x0800bad8,0x0800bafc	0x0800a7a2,0x0800baa4,0x0800bad8,0x0800bafc	0x00000017,0x0000005f,0x000000ff
0x0800a270	50	18	0x0800a28e,0x0800a794,0x0800ba84,0x0800bac4,0x0800bae8	0x0800a28e,0x0800a794,0x0800ba84,0x0800bac4,0x0800bae8	0x00000000,0x00000001,0x00000028,0x0000005f,0x000000ff
0x0800a2a2	34	16	0x0800a188,0x0800a2ac,0x0800a2b6,0x0800a2c0	0x0800a188,0x0800a2ac,0x0800a2b6,0x0800a2c0	0x00000001,0x00000006,0x00000007,0x0000001f
0x0800a2c4	34	16	0x0800a19a,0x0800a2ce,0x0800a2d8,0x0800a2e2	0x0800a19a,0x0800a2ce,0x0800a2d8,0x0800a2e2	0x00000001,0x00000006,0x00000007,0x0000001f
0x0800a2e6	42	15	0x0800a2fe,0x0800a794,0x0800ba84,0x0800bac4,0x0800bae8	0x0800a2fe,0x0800a794,0x0800ba84,0x0800bac4,0x0800bae8	0x00000000,0x00000001,0x00000028,0x0000005f,0x000000ff
0x0800a310	70	25	0x0800a328,0x0800a344,0x0800a7a2,0x0800baa4,0x0800bad8,0x0800bafc	0x0800a328,0x0800a344,0x0800a7a2,0x0800baa4,0x0800bad8,0x0800bafc	0x00000000,0x00000001,0x0000000a,0x00000017,0x0000005f,0x000000ff
0x0800a358	30	15	0x0800a366,0x0800a368,0x0800a36c	0x0800a366,0x0800a368,0x0800a36c,0x0800a378,0x0800a37c,0x20000108,0x20000109,0x2000010a,0x20000974	0x00000000,0x00000001,0x00000002,0x0000005a
0x0800a39c	12	5	0x08004e94	0x08004e94,0x0800a3a8	0x00000004
0x0800a3ac	14	6	0x08004e94	0x08004e94	0x00000005,0x00000008,0x0000001c
0x0800a3ba	24	12	0x0800a3cc,0x0800a3ce	0x0800a3cc,0x0800a3ce	0x00000000,0x00000001,0x00000010
0x0800a3d2	54	17	0x0800a408,0x0800a550,0x0800a574	0x0800a408,0x0800a550,0x0800a574	0x00000000,0x00000001
0x0800a408	12	6	0x0800a40a	0x0800a40a	0x00000000,0x00000001,0x0000000a
0x0800a414	34	11	0x0800a408,0x0800a550,0x0800a574	0x0800a408,0x0800a550,0x0800a574	0x00000000,0x00000001
0x0800a436	54	22	0x0800a408,0x0800a43c,0x0800a456,0x0800a528,0x0800a550	0x0800a408,0x0800a43c,0x0800a456,0x0800a528,0x0800a550	0x00000000,0x00000001,0x00000008,0x00000018,0x00000019
0x0800a46c	72	28	0x0800a408,0x0800a472,0x0800a47a,0x0800a47c,0x0800a4a6,0x0800a550,0x0800a574	0x0800a408,0x0800a472,0x0800a47a,0x0800a47c,0x0800a4a6,0x0800a550,0x0800a574	0x00000000,0x00000001,0x00000007,0x00000008,0x00000018,0x00000019
0x0800a4b4	40	13	0x0800a408,0x0800a550,0x0800a574	0x0800a408,0x0800a550,0x0800a574	0x00000000,0x00000001
0x0800a4dc	30	10	0x0800a408,0x0800a550,0x0800a574	0x0800a408,0x0800a550,0x0800a574	0x00000000,0x00000001
0x0800a4fa	46	17	0x0800a408,0x0800a518,0x0800a51a,0x0800a528,0x0800a550,0x0800a574	0x0800a408,0x0800a518,0x0800a51a,0x0800a528,0x0800a550,0x0800a574	0x00000000,0x00000001
0x0800a528	30	14	0x08004e94,0x0800a538,0x0800a53a,0x0800a544	0x08004e94,0x0800a538,0x0800a53a,0x0800a544,0x0800a548,0x0800a54c,0x20000114	0x00000000,0x00000001,0x00000008,0x00000010
0x0800a550	28	13	0x08004e9e,0x0800a562,0x0800a564	0x08004e9e,0x0800a562,0x0800a564,0x0800a56c,0x0800a570,0x20000114	0x00000000,0x00000008,0x00000010
0x0800a574	28	13	0x08004e9e,0x0800a586,0x0800a588	0x08004e9e,0x0800a586,0x0800a588,0x0800a590,0x0800a594,0x20000114	0x00000000,0x00000008,0x00000010
0x0800a598	320	130	0x08002888,0x08002fc8,0x08004a00,0x08004a6c,0x08004b20,0x08004b3c,0x08004b50,0x08004b6c,0x08004bf4,0x08004eec,0x080068f0,0x08006968,0x08006a40,0x08006bb0,0x08006c00,0x08008438,0x08009170,0x0800a5ca,0x0800a5de,0x0800a610,0x0800a626,0x0800a66e,0x0800a692,0x0800a6b4,0x0800a6c6,0x0800a6d6,0x0800a8d8,0x0800a900	0x08002888,0x08002fc8,0x08004a00,0x08004a6c,0x08004b20,0x08004b3c,0x08004b50,0x08004b6c,0x08004bf4,0x08004eec,0x080068f0,0x08006968,0x08006a40,0x08006bb0,0x08006c00,0x08008438,0x08009170,0x0800a5ca,0x0800a5de,0x0800a610,0x0800a626,0x0800a66e,0x0800a692,0x0800a6b4,0x0800a6c6,0x0800a6d6,0x0800a6d8,0x0800a6dc,0x0800a70c,0x0800a710,0x0800a73c,0x0800a740,0x0800a744,0x0800a748,0x0800a74c,0x0800a760,0x0800a774,0x0800a788,0x0800a8d8,0x0800a900,0x200000bf,0x2000087c,0x20002c68,0x20002c6c,0x20002c7c,0x20002c84,0x40007010,0x40007018,0x4002103c	0x00000000,0x00000001,0x00000002,0x00000003,0x00000004,0x00000006,0x00000007,0x00000008,0x00000010,0x00000014,0x00000017,0x00000018,0x0000001a,0x0000001c,0x00000020,0x0000003c,0x000000aa,0x000000e0,0x000000f8,0x0800a6dc,0x0800a70c,0x0800a710,0x0800a74c,0x0800a760,0x0800a774,0x0800a788
0x0800a794	14	7	0x0800a798,0x0800a79c	0x0800a798,0x0800a79c	0x00000000,0x00000001
0x0800a7a2	14	7	0x0800a7a6,0x0800a7aa	0x0800a7a6,0x0800a7aa	0x00000000,0x00000001
0x0800a7b0	34	15	0x0800a7c2,0x0800a7ce,0x0800c128	0x0800a7c2,0x0800a7ce,0x0800c128	0x00000000,0x00000005
0x0800a7d2	68	30	0x0800a7e2,0x0800a7e8,0x0800a808,0x0800a812,0x0800c44c,0x0800c478,0x0800c4cc	0x0800a7e2,0x0800a7e8,0x0800a808,0x0800a812,0x0800c44c,0x0800c478,0x0800c4cc	0x00000000,0x00000003,0x00000018
0x0800a816	32	13	0x0800a82a,0x0800a82e,0x0800c44c,0x0800c4cc	0x0800a82a,0x0800a82e,0x0800c44c,0x0800c4cc	0x00000000
0x0800a836	80	37	0x0800a858,0x0800a866,0x0800a868,0x0800a872,0x0800a87c,0x0800a882,0x0800c48c,0x0800c4aa	0x0800a858,0x0800a866,0x0800a868,0x0800a872,0x0800a87c,0x0800a882,0x0800c48c,0x0800c4aa	0x00000000,0x00000001,0x00000008,0x0000000c,0x00000020
0x0800a888	76	35	0x0800a896,0x0800a89a,0x0800a89c,0x0800a8c6,0x0800a8cc,0x0800c4de,0x0800c568	0x0800a896,0x0800a89a,0x0800a89c,0x0800a8c6,0x0800a8cc,0x0800a8d4,0x0800c4de,0x0800c568,0xe000ed04	0x00000000,0x00000001,0x00000002,0x00000003,0x00000004,0x00000018,0x0000001c
0x0800a8d8	36	17	0x0800a8e6,0x0800a8f4	0x0800a8e6,0x0800a8f4,0x0800a8fc,0x20000178	0x00000000,0x00000001,0x00000005
0x0800a900	52	24	0x0800a910,0x0800a91e,0x0800c284	0x0800a910,0x0800a91e,0x0800a934,0x0800a938,0x0800c284,0x20000178,0xe000ed1c	0x00000000,0x00000001,0x00000002,0x00000005,0x00000008,0x0000001c
0x0800a93c	196	95	0x0800a96a,0x0800a972,0x0800a97e,0x0800a984,0x0800a98c,0x0800a9a6,0x0800a9ba,0x0800a9bc,0x0800a9c6,0x0800a9e0,0x0800a9fa,0x0800c9a8,0x0800ca06	0x0800a96a,0x0800a972,0x0800a97e,0x0800a984,0x0800a98c,0x0800a9a6,0x0800a9ba,0x0800a9bc,0x0800a9c6,0x0800a9e0,0x0800a9fa,0x0800c9a8,0x0800ca06	0x00000000,0x00000001,0x00000002,0x00000004,0x00000008,0x0000000c,0x00000010,0x00000014,0x00000018,0x0000001f,0x00000038,0x0000005c,0x00000080
0x0800aa00	36	16	0x0800aa10,0x0800aa1a,0x0800aa1e,0x0800c228	0x0800aa10,0x0800aa1a,0x0800aa1e,0x0800c228	0x00000000,0x00000003,0x00000005
0x0800aa24	36	16	0x0800aa34,0x0800aa3e,0x0800aa42,0x0800c2f8	0x0800aa34,0x0800aa3e,0x0800aa42,0x0800c2f8	0x00000000,0x00000003,0x00000005
0x0800aa48	164	77	0x0800aa78,0x0800aa8a,0x0800aa9a,0x0800aa9e,0x0800aaac,0x0800aaae,0x0800aaba,0x0800aace,0x0800aadc,0x0800aae6,0x0800b3e8,0x0800c030,0x0800ccc0,0x0800ccf2	0x08008559,0x0800aa78,0x0800aa8a,0x0800aa9a,0x0800aa9e,0x0800aaac,0x0800aaae,0x0800aaba,0x0800aace,0x0800aadc,0x0800aae6,0x0800aaec,0x0800b3e8,0x0800c030,0x0800ccc0,0x0800ccf2	0x00000000,0x00000001,0x00000004,0x00000008,0x0000000c,0x00000010,0x00000014,0x0000001c,0x0000002c
0x0800aaf0	54	25	0x0800ab00,0x0800ab1c,0x0800ab22,0x0800cd80	0x0800ab00,0x0800ab1c,0x0800ab22,0x0800cd80	0x00000000,0x00000001,0x00000002,0x00000003,0x00000004,0x00000005
0x0800ab26	74	34	0x0800ab38,0x0800ab60,0x0800ab66,0x0800ab6c,0x0800cd80,0x0800cde4	0x0800ab38,0x0800ab60,0x0800ab66,0x0800ab6c,0x0800cd80,0x0800cde4	0x00000000,0x00000001,0x00000002,0x00000003,0x00000005
0x0800ab70	50	23	0x08003848,0x0800aaf0,0x0800aba0	0x08003848,0x0800aaf0,0x0800aba0,0x0800aba4,0x0800aba8,0x0800abac,0x200000c8,0x2000087c,0x2000087e,0x2000088c,0x2000088d	0x00000000,0x00000001,0x00000002,0x00000003,0x00000010,0x00000011
0x0800abb0	80	36	0x0800abd6,0x0800abea,0x0800abec,0x0800bf2c,0x0800bfb0,0x0800bfe2	0x0800abd6,0x0800abea,0x0800abec,0x0800ac00,0x0800ac04,0x0800bf2c,0x0800bfb0,0x0800bfe2,0x20000128,0x20000134,0x20000150,0x2000015c,0x20000160	0x00000000,0x00000001,0x00000004,0x0000000c,0x00000028,0x00000034,0x00000038
0x0800ac08	114	52	0x0800ac26,0x0800ac34,0x0800ac40,0x0800ac52,0x0800ac78,0x0800af70,0x0800bfe2,0x0800bffc,0x0800c014,0x0800c0a0	0x0800ac26,0x0800ac34,0x0800ac40,0x0800ac52,0x0800ac78,0x0800ac7c,0x0800ac80,0x0800af70,0x0800bfe2,0x0800bffc,0x0800c014,0x0800c0a0,0x20000128,0x20000130,0x20000138,0x2000013c,0x2000014c	0x00000000,0x00000001,0x00000004,0x00000008,0x00000010,0x00000014,0x00000024,0x0000002c,0x00000044
0x0800ac84	68	28	0x0800acc2,0x0800bf94,0x0800bffc,0x0800c014,0x0800c0b8,0x0800c5d0	0x0800acc2,0x0800acc8,0x0800accc,0x0800acd0,0x0800acd4,0x0800acd8,0x0800acdc,0x0800bf94,0x0800bffc,0x0800c014,0x0800c0b8,0x0800c5d0,0x20000164,0x20000170,0x20000174	0x00000000,0x0000000a,0x0000000c,0x00000010,0x00000014,0x0800acdc
0x0800ace4	56	24	0x0800acf0,0x0800ad1a,0x0800adb8,0x0800bf2c,0x0800bffc,0x0800c014	0x0800acf0,0x0800ad1a,0x0800ad1c,0x0800ad20,0x0800adb8,0x0800bf2c,0x0800bffc,0x0800c014,0x2000012c,0x20000130,0x2000149c	0x00000000,0x00000001,0x00000004,0x00000008,0x0000000c
0x0800ad24	36	17	0x080001b4,0x0800ad3e,0x0800ad46	0x080001b4,0x0800ad3e,0x0800ad46	0x00000000,0x00000008,0x0000000c,0x00000040
0x0800ad48	112	53	0x080001b4,0x0800ad76,0x0800ad7c,0x0800ad90,0x0800adaa,0x0800adb0,0x0800cb38	0x080001b4,0x0800ad76,0x0800ad7c,0x0800ad90,0x0800adaa,0x0800adb0,0x0800cb38	0x00000000,0x00000001,0x00000002,0x00000004,0x00000008,0x0000000c,0x00000038,0x00000040
0x0800adb8	46	20	0x0800adce,0x0800add0,0x0800addc,0x0800adde,0x0800c030	0x0800adce,0x0800add0,0x0800addc,0x0800adde,0x0800c030	0x00000000,0x00000001,0x00000002,0x00000030,0x00000059
0x0800ae0c	66	33	0x0800ae22	0x0800ae22,0x0800ae50,0x0800ae54,0x0800ae58,0x2000017c,0x20000180,0x20000184,0x20000190,0x20000194,0x20000198,0x20001c88,0x20001c8c,0x20002880,0x20002884	0x00000000,0x00000001,0x00000003,0x00000004,0x00000007,0x00000008,0x0000000a,0x00000014,0x0000001d,0x0000001f
0x0800ae74	34	16	0x0800ae80,0x0800ae92,0x0800c616	0x0800ae80,0x0800ae92,0x0800c616	0x00000000,0x00000001,0x0000000c,0x00000010,0x0000003c,0x00000040
0x0800ae96	154	73	0x080001d8,0x0800aec2,0x0800aec4,0x0800aed0,0x0800aee4,0x0800aee8,0x0800aeec,0x0800aef2,0x0800af2c,0x0800b4c0,0x0800bfaa	0x080001d8,0x0800aec2,0x0800aec4,0x0800aed0,0x0800aee4,0x0800aee8,0x0800aeec,0x0800aef2,0x0800af2c,0x0800b4c0,0x0800bfaa	0x00000000,0x00000001,0x00000002,0x00000003,0x00000004,0x00000010,0x00000014,0x00000018,0x0000001d,0x00000020,0x00000024,0x00000028,0x0000002c,0x00000030,0x00000034,0x00000037,0x00000038,0x00000040,0x0000004c,0x00000050,0x00000054,0x000000a5
0x0800af30	64	30	0x0800ac84,0x0800af68,0x0800af6c,0x0800af6e,0x0800bfaa	0x0800ac84,0x0800af68,0x0800af6c,0x0800af6e,0x0800bfaa	0x00000000,0x00000004,0x00000008,0x0000000c,0x00000010,0x00000014,0x00000018,0x0000001c,0x00000020,0x00000028,0x0000002c
0x0800af70	64	26	0x0800af76,0x0800bf94	0x0800af76,0x0800afb0,0x0800afb4,0x0800afb8,0x0800afbc,0x0800afc0,0x0800afc4,0x0800afc8,0x0800bf94,0x20000128,0x2000015c,0x20000160,0x2000147c	0x00000000,0x00000001,0x00000014,0x00000034,0x00000038
0x0800afcc	78	39	0x0800afd2,0x0800afd4,0x0800afea,0x0800b00a,0x0800b00e,0x0800b010,0x0800b016	0x0800afd2,0x0800afd4,0x0800afea,0x0800b00a,0x0800b00e,0x0800b010,0x0800b016,0x0800b01c,0x0800b020,0x2000017c,0x20000194,0x20000198	0x00000000,0x00000004
0x0800b024	60	28	0x0800b03e,0x0800b048,0x0800b054,0x0800b05c,0x0800bfb0	0x0800b03e,0x0800b048,0x0800b054,0x0800b05c,0x0800b060,0x0800bfb0,0x20000170,0x20000174	0x00000000,0x00000001,0x00000004,0x0000000c,0x00000010,0x00000018
0x0800b064	28	12	0x0800b074,0x0800b07c,0x0800bffc,0x0800c014	0x0800b074,0x0800b07c,0x0800bffc,0x0800c014	0x00000000,0x00000001,0x00000038
0x0800b080	30	13	0x0800b094,0x0800b096,0x0800bffc,0x0800c014	0x0800b094,0x0800b096,0x0800bffc,0x0800c014	0x00000000,0x00000001,0x00000038,0x0000003c
0x0800b0a0	88	41	0x0800b024,0x0800b0e8,0x0800b0ea,0x0800b0f0,0x0800bf2c,0x0800cd80	0x0800b024,0x0800b0e8,0x0800b0ea,0x0800b0f0,0x0800b0f8,0x0800bf2c,0x0800cd80,0x20000170	0x00000000,0x00000001,0x00000004,0x00000008,0x0000000c,0x00000018,0x0000001d,0x00000020
0x0800b0fc	242	113	0x0800b024,0x0800b110,0x0800b11e,0x0800b132,0x0800b154,0x0800b19a,0x0800b19c,0x0800b1a8,0x0800b1c8,0x0800b1ca,0x0800b1cc,0x0800b1e0,0x0800b1e6,0x0800b1f4,0x0800b284,0x0800bf2c,0x0800c030,0x0800c83a,0x0800cd80	0x0800b024,0x0800b110,0x0800b11e,0x0800b132,0x0800b14a,0x0800b154,0x0800b19a,0x0800b19c,0x0800b1a8,0x0800b1c8,0x0800b1ca,0x0800b1cc,0x0800b1e0,0x0800b1e6,0x0800b1f4,0x0800b1f8,0x0800b284,0x0800bf2c,0x0800c030,0x0800c83a,0x0800cd80,0x20000164	0x00000000,0x00000001,0x00000004,0x00000008,0x0000000a,0x0000000c,0x00000010,0x00000014,0x00000018,0x0000001d,0x0000001e,0x00000020
0x0800b260	30	15	0x0800b276	0x0800b276,0x0800b280,0x20000150,0x2000015c	0x00000000,0x00000004,0x0000000c,0x00000028,0x00000034
0x0800b284	38	17	0x0800b2a0,0x0800b2a4,0x0800b2b0,0x0800ca6c	0x0800b2a0,0x0800b2a4,0x0800b2ac,0x0800b2b0,0x0800ca6c,0x2000016c	0x00000000,0x00000001,0x00000008
0x0800b2b0	104	49	0x0800b2be,0x0800b2f0,0x0800b302,0x0800b30a,0x0800b314,0x0800b316,0x0800bf2c,0x0800bfb0,0x0800cd80	0x0800b2be,0x0800b2f0,0x0800b302,0x0800b30a,0x0800b314,0x0800b316,0x0800b318,0x0800bf2c,0x0800bfb0,0x0800cd80,0x20000170,0x20000174	0x00000000,0x00000004,0x0000000c,0x00000010,0x00000018,0x0000001d,0x00000020,0x00000028
0x0800b330	38	19	0x0800b34c,0x0800b34e,0x0800b350,0x0800b352	0x0800b34c,0x0800b34e,0x0800b350,0x0800b352,0x0800b358,0x0800b35c	0x00000000,0x00000001,0x00000014,0x00000028
0x0800b374	116	50	0x0800b38c,0x0800b3a0,0x0800b3a8,0x0800b3c4,0x0800b3d8,0x0800b3e0,0x0800bffc,0x0800c014,0x0800c16c,0x0800cba0	0x0800b38c,0x0800b3a0,0x0800b3a8,0x0800b3c4,0x0800b3d8,0x0800b3e0,0x0800bffc,0x0800c014,0x0800c16c,0x0800cba0	0x00000000,0x00000001,0x00000004,0x00000005,0x00000010,0x00000024,0x00000040
0x0800b3e8	178	85	0x0800ae0c,0x0800afcc,0x0800b3fe,0x0800b41e,0x0800b420,0x0800b432,0x0800b436,0x0800b442,0x0800b460,0x0800b462,0x0800b46a,0x0800b47a,0x0800b48a,0x0800b494,0x0800b496,0x0800c380,0x0800cc0c	0x0800ae0c,0x0800afcc,0x0800b3fe,0x0800b41e,0x0800b420,0x0800b432,0x0800b436,0x0800b442,0x0800b460,0x0800b462,0x0800b46a,0x0800b47a,0x0800b48a,0x0800b494,0x0800b496,0x0800b49c,0x0800b4a0,0x0800c380,0x0800cc0c,0x2000017c,0x20000180,0x20000184,0x20000188,0x20000190,0x20000194	0x00000000,0x00000001,0x00000004,0x00000008,0x0000000c,0x00000010,0x00000014,0x0000001d
0x0800b4a4	26	11	0x0800b4ba,0x0800b4bc,0x0800bffc,0x0800c014	0x0800b4ba,0x0800b4bc,0x0800bffc,0x0800c014	0x00000000,0x0000001c
0x0800b4c0	26	13		0x0800b31d,0x0800b4dc	0x00000000,0x00000001,0x00000004,0x00000014,0x00000018,0x00000020
0x0800b4e0	84	33	0x0800a39c,0x0800a794,0x0800b51a,0x0800b528,0x0800b530,0x0800ba44,0x0800ba84,0x0800bac4,0x0800bae8,0x0800bb0c	0x0800a39c,0x0800a794,0x0800b51a,0x0800b528,0x0800b530,0x0800b534,0x0800b538,0x0800ba44,0x0800ba84,0x0800bac4,0x0800bae8,0x0800bb0c,0x20000008,0x2000000c	0x00000000,0x00000001,0x00000008,0x0000000c,0x00000017
0x0800b53c	104	46	0x0800a3ac,0x0800a7a2,0x0800b556,0x0800b564,0x0800b56c,0x0800b584,0x0800b592,0x0800b59a,0x0800ba64,0x0800bb2c	0x0800a3ac,0x0800a7a2,0x0800b556,0x0800b564,0x0800b56c,0x0800b584,0x0800b592,0x0800b59a,0x0800b5a4,0x0800b5a8,0x0800ba64,0x0800bb2c,0x20000088,0x2000008c	0x00000000,0x00000001,0x00000008,0x0000000c,0x00000010,0x0000001f,0x00000032
0x0800b5ac	42	20	0x0800b4e0,0x0800b5b6,0x0800b5ce,0x0800b5d0	0x0800b4e0,0x0800b5b6,0x0800b5ce,0x0800b5d0	0x00000000,0x00000001,0x00000007
0x0800b5d6	42	20	0x0800b53c,0x0800b5e0,0x0800b5f8,0x0800b5fa	0x0800b53c,0x0800b5e0,0x0800b5f8,0x0800b5fa	0x00000000,0x00000001,0x00000007
0x0800b600	118	53	0x080001e6,0x08003e90,0x08005048,0x080052e4,0x08005528,0x0800b658,0x0800b672	0x080001e6,0x08003e90,0x08005048,0x080052e4,0x08005528,0x0800b658,0x0800b672,0x20000000	0x00000000,0x00000001,0x00000002,0x00000004,0x00000007,0x00000008,0x00000009,0x0000000a,0x0000000c,0x0000000e,0x00000010,0x00000014,0x00000018,0x0000001c,0x00000020,0x00000024,0x00000028,0x0000002c,0x00000030,0x00000034,0x00000038,0x0000003c,0x00000040,0x00000044,0x0000004c,0x000000ff
0x0800b678	362	142	0x08004e9e,0x0800a7a2,0x0800a7b0,0x0800b6c6,0x0800b744,0x0800b7a8	0x08004e9e,0x0800a7a2,0x0800a7b0,0x0800b6c6,0x0800b744,0x0800b7a8,0x0800b7e4,0x0800b7e8	0x00000000,0x00000001,0x00000002,0x00000005,0x00000007,0x00000008,0x00000009,0x0000000a,0x00000013,0x0000001c,0x00000028,0x0000009b
0x0800ba44	24	11	0x08004d30,0x0800ba5a	0x08004d30,0x0800ba5a,0x0800ba5c,0x0800ba60,0x20000018	0x00000000,0x00000004
0x0800ba64	26	12	0x08004d30,0x0800ba7c	0x08004d30,0x0800ba7c,0x0800ba80,0x200000a4	0x00000000,0x00000004,0x00000005,0x0000001c
0x0800ba84	24	11	0x08004d30,0x0800ba9a	0x08004d30,0x0800ba9a,0x0800ba9c,0x0800baa0,0x20000018	0x00000001,0x00000004
0x0800baa4	26	12	0x08004d30,0x0800babc	0x08004d30,0x0800babc,0x0800bac0,0x200000a4	0x00000001,0x00000004,0x00000005,0x0000001c
0x0800bac4	14	6	0x08004e9e	0x08004e9e,0x0800bad4	0x00000001,0x00000004
0x0800bad8	16	7	0x08004e9e	0x08004e9e	0x00000001,0x00000005,0x00000008,0x0000001c
0x0800bae8	14	6	0x08004e9e	0x08004e9e,0x0800baf8	0x00000000,0x00000004
0x0800bafc	16	7	0x08004e9e	0x08004e9e	0x00000000,0x00000005,0x00000008,0x0000001c
0x0800bb0c	24	11	0x08004d30,0x0800bb22	0x08004d30,0x0800bb22,0x0800bb24,0x0800bb28,0x2000001c	0x00000001,0x00000008
0x0800bb2c	26	12	0x08004d30,0x0800bb44	0x08004d30,0x0800bb44,0x0800bb48,0x200000a8	0x00000001,0x00000005,0x00000008,0x0000001c
0x0800bb4c	30	14	0x08006b80,0x0800bb5a,0x0800bb68	0x08006b80,0x0800bb5a,0x0800bb68,0x0800bb6c,0x0800bb70,0x200000b8,0x200000c4,0x2000087e	0x00000001,0x00000002,0x00000003,0x00000004,0x0000000c
0x0800bb74	22	9	0x0800aaf0,0x0800ab26	0x0800aaf0,0x0800ab26,0x0800bb8c,0x200000cc	0x00000003,0x00000014,0x0000007d
0x0800be74	28	14	0x0800be7e,0x0800be88,0x0800be8c	0x0800be7e,0x0800be88,0x0800be8c	0x00000000,0x00000001,0x00000044,0x00000045,0x00000064,0x00000065
0x0800be90	42	16	0x080099e8,0x0800a7b0	0x080099e8,0x0800a7b0	0x00000003,0x00000005,0x00000006,0x00000007,0x0000001e,0x000000a6,0x000000c1
0x0800beba	36	14	0x080099e8	0x080099e8	0x00000003,0x00000005,0x00000006,0x00000007,0x00000020,0x00000081,0x000000ff
0x0800bede	42	16	0x080099e8,0x0800a7b0	0x080099e8,0x0800a7b0	0x00000003,0x00000004,0x00000005,0x00000006,0x00000007,0x0000001e,0x000000a6,0x000000c1
0x0800bf08	36	14	0x080099e8	0x080099e8	0x00000003,0x00000004,0x00000005,0x00000006,0x00000007,0x00000020,0x00000081,0x000000ff
0x0800bf2c	38	19	0x0800bf44	0x0800bf44	0x00000000,0x00000001,0x00000004,0x00000008,0x00000010
0x0800bf54	14	7		0x0800bf64,0x0800bf68	0x00000000,0x00000080
0x0800bf6c	16	8		0x0800bf7c,0x0800bf80	0x00000000,0x00000001,0x000000ff
0x0800bf94	22	11			0x00000000,0x00000004,0x00000008,0x0000000c,0x00000010
0x0800bfaa	6	3			0x00000000,0x00000010
0x0800bfb0	50	25	0x0800bfbe,0x0800bfc2,0x0800bfc4,0x0800bfcc	0x0800bfbe,0x0800bfc2,0x0800bfc4,0x0800bfcc	0x00000000,0x00000001,0x00000004,0x00000008,0x00000010
0x0800bfe2	24	12			0x00000000,0x00000001,0x00000004,0x00000008,0x00000010
0x0800bffc	20	8		0x0800c010,0x2000019c	0x00000000,0x00000001,0x0000000f
0x0800c014	24	12	0x0800c026,0x0800c028,0x0800c02a	0x0800c026,0x0800c028,0x0800c02a,0x0800c02c,0x2000019c	0x00000000,0x00000001
0x0800c030	68	31	0x0800afcc,0x0800c046,0x0800c048,0x0800c050,0x0800c052,0x0800c072,0x0800c380,0x0800cc0c	0x0800afcc,0x0800c046,0x0800c048,0x0800c050,0x0800c052,0x0800c072,0x0800c074,0x0800c380,0x0800cc0c,0x20000180,0x2000018c,0x20000190	0x00000000,0x00000001,0x00000004,0x00000008,0x00000010,0x00000014
0x0800c078	32	15	0x08000160	0x08000160,0x0800c098,0x0800c09c,0x20000124,0xe000e010,0xe000e014,0xe000e018	0x00000000,0x00000001,0x00000003,0x00000007,0x00000010,0x00000014,0x00000018,0x0000007d
0x0800c0a0	18	7		0x0800c0b4,0xe000ed04	0x00000001,0x00000004,0x0000000f,0x0000001c
0x0800c0b8	36	18	0x0800c0be,0x0800c0d0	0x0800c0be,0x0800c0d0,0x0800c0dc	0x00000000,0x00000001,0x00000003,0x00000004,0x00000008
0x0800c0e0	70	31	0x0800b374,0x0800bffc,0x0800c014,0x0800c0fe,0x0800c108,0x0800c11e,0x0800c19c	0x0800b374,0x0800bffc,0x0800c014,0x0800c0fe,0x0800c108,0x0800c11e,0x0800c19c	0x00000000,0x00000001,0x00000004,0x00000005,0x00000024,0x00000038,0x00000040
0x0800c128	48	20	0x0800abb0,0x0800c0a0,0x0800c13c,0x0800c13e,0x0800c14e,0x0800c156,0x0800c380,0x0800cc0c	0x0800abb0,0x0800c0a0,0x0800c13c,0x0800c13e,0x0800c14e,0x0800c156,0x0800c158,0x0800c380,0x0800cc0c,0x20000158	0x00000000,0x00000030
0x0800c15c	12	6		0x0800c168,0x20000134,0x20000148	0x00000000,0x00000004,0x0000000c,0x00000020
0x0800c16c	8	4		0x0800c174,0x20000144	0x00000001,0x0000001c
0x0800c178	32	14	0x0800abb0,0x0800bfb0,0x0800c194,0x0800c196	0x0800abb0,0x0800bfb0,0x0800c194,0x0800c196,0x0800c198,0x20000128	0x00000000,0x00000001,0x00000018
0x0800c19c	42	19	0x0800abb0,0x0800bfe2,0x0800c1b8,0x0800c1c2,0x0800c1c4	0x0800abb0,0x0800bfe2,0x0800c1b8,0x0800c1c2,0x0800c1c4,0x0800c1c8,0x20000128	0x00000000,0x00000018
0x0800c1cc	82	38	0x0800bf2c,0x0800bfe2,0x0800c1f8,0x0800c214,0x0800c216,0x0800c218,0x0800c21a,0x0800c21c	0x0800bf2c,0x0800bfe2,0x0800c1f8,0x0800c214,0x0800c216,0x0800c218,0x0800c21a,0x0800c21c,0x0800c220,0x0800c224,0x20000128,0x20000138,0x20000144,0x20000158	0x00000000,0x00000001,0x00000004,0x0000000c,0x00000010,0x00000014,0x0000001c,0x0000001f,0x0000002c,0x00000030
0x0800c228	84	36	0x0800b330,0x0800bf2c,0x0800bfe2,0x0800bffc,0x0800c014,0x0800c0a0,0x0800c256,0x0800c272,0x0800c276,0x0800c278,0x0800c27a	0x0800b330,0x0800bf2c,0x0800bfe2,0x0800bffc,0x0800c014,0x0800c0a0,0x0800c256,0x0800c272,0x0800c276,0x0800c278,0x0800c27a,0x0800c27c,0x0800c280,0x20000128,0x20000138	0x00000000,0x00000004,0x00000010,0x00000014,0x0000002c
0x0800c284	98	45	0x0800bf54,0x0800c2ba,0x0800c2bc,0x0800c2c4,0x0800c2ce,0x0800c2d0,0x0800c2e2,0x0800c57c,0x0800ca06,0x0800cd20	0x0800ae5d,0x0800bf54,0x0800c2ba,0x0800c2bc,0x0800c2c4,0x0800c2ce,0x0800c2d0,0x0800c2e2,0x0800c2e8,0x0800c2f0,0x0800c2f4,0x0800c57c,0x0800ca06,0x0800cd20,0x20000134,0x2000013c,0x20000150,0x20000154	0x00000000,0x00000001,0x00000004,0x00000008,0x0000000c,0x00000010,0x00000014,0x00000018,0x0000001c,0x00000028,0x0000002c,0x0800c2e8
0x0800c2f8	128	54	0x0800b260,0x0800bf2c,0x0800bfe2,0x0800bffc,0x0800c014,0x0800c0a0,0x0800c308,0x0800c31c,0x0800c332,0x0800c348,0x0800c35c,0x0800c35e,0x0800c362,0x0800c364,0x0800c372,0x0800c390	0x0800b260,0x0800bf2c,0x0800bfe2,0x0800bffc,0x0800c014,0x0800c0a0,0x0800c308,0x0800c31c,0x0800c332,0x0800c348,0x0800c35c,0x0800c35e,0x0800c362,0x0800c364,0x0800c372,0x0800c378,0x0800c37c,0x0800c390,0x20000128,0x20000130,0x2000013c,0x20000158,0x200014a4	0x00000000,0x00000001,0x00000004,0x00000008,0x00000014,0x00000018,0x00000028,0x00000030,0x00000040
0x0800c380	10	5		0x0800c38c,0x20000128,0x20000158	0x00000001,0x00000030
0x0800c390	94	47	0x0800c3a2,0x0800c3b6,0x0800c3c6,0x0800c3de,0x0800c3ea,0x0800c3ec	0x0800c3a2,0x0800c3b6,0x0800c3c6,0x0800c3de,0x0800c3ea,0x0800c3ec,0x0800c3f0,0x0800c3f4,0x20000128,0x20000138,0x20000144,0x20000158	0x00000000,0x00000001,0x00000004,0x00000008,0x0000000c,0x00000010,0x00000014,0x0000001c,0x00000030
0x0800c3f8	26	13	0x0800c3fe	0x0800c3fe	0x00000000,0x00000001,0x00000008,0x0000001f
0x0800c412	26	13	0x0800c418	0x0800c418	0x00000000,0x00000001,0x00000008,0x0000001f
0x0800c42c	16	7	0x0800b4e0	0x0800b4e0	0x00000000
0x0800c43c	16	7	0x0800b53c	0x0800b53c	0x00000000
0x0800c44c	42	19	0x0800bffc,0x0800c014,0x0800c45c,0x0800c45e,0x0800c460,0x0800c462	0x0800bffc,0x0800c014,0x0800c45c,0x0800c45e,0x0800c460,0x0800c462	0x00000000,0x00000018
0x0800c478	16	7	0x0800ce0c	0x0800bf85,0x0800c488,0x0800ce0c	0x00000000
0x0800c48c	30	13	0x0800b3e8,0x0800bf94,0x0800c4a6	0x0800b3e8,0x0800bf94,0x0800c4a6	0x00000000,0x00000004,0x0000001c,0x00000020
0x0800c4aa	34	16	0x0800bf94,0x0800c4c8,0x0800c4ca	0x0800bf94,0x0800c4c8,0x0800c4ca	0x00000000,0x00000001,0x00000004,0x0000001c,0x00000020
0x0800c4cc	18	7	0x080000f4,0x080000fc	0x080000f4,0x080000fc	0x00000000
0x0800c4de	138	66	0x0800c1cc,0x0800c380,0x0800c4f2,0x0800c4f4,0x0800c4f6,0x0800c4f8,0x0800c512,0x0800c530,0x0800c53a,0x0800c544,0x0800c550,0x0800c558,0x0800cc0c	0x0800c1cc,0x0800c380,0x0800c4f2,0x0800c4f4,0x0800c4f6,0x0800c4f8,0x0800c512,0x0800c530,0x0800c53a,0x0800c544,0x0800c550,0x0800c558,0x0800cc0c	0x00000000,0x00000001,0x00000004,0x00000005,0x00000007,0x00000008,0x0000000c,0x00000018,0x00000019
0x0800c568	16	7	0x0800ce0c	0x0800bf8d,0x0800c578,0x0800ce0c	
0x0800c57c	40	18	0x080000cc,0x0800c078	0x080000cc,0x0800c078,0x0800c5a4,0x0800c5a8,0x2000019c,0xe000ed20	0x00000000,0x00000008,0x00000010,0x00000020,0x000000ff
0x0800c5ac	32	13	0x080000f4,0x080000fc,0x0800c5c4,0x0800ca78	0x080000f4,0x080000fc,0x0800c5c4,0x0800c5cc,0x0800ca78,0xe000ed04	0x00000000,0x00000001,0x00000004,0x0000001c
0x0800c5d0	70	34	0x0800ae74,0x0800c5e4,0x0800c5ea,0x0800c5ec,0x0800c5ee,0x0800c5f0,0x0800c5f2,0x0800c5f4,0x0800c5f6,0x0800c5fc,0x0800c5fe	0x0800ae74,0x0800c5e4,0x0800c5ea,0x0800c5ec,0x0800c5ee,0x0800c5f0,0x0800c5f2,0x0800c5f4,0x0800c5f6,0x0800c5fc,0x0800c5fe	0x00000000,0x00000001,0x00000018,0x00000046,0x00000050
0x0800c616	112	50	0x0800bf94,0x0800bffc,0x0800c014,0x0800c0a0,0x0800c666,0x0800c66e,0x0800c670,0x0800c672,0x0800cba0	0x0800bf94,0x0800bffc,0x0800c014,0x0800c0a0,0x0800c666,0x0800c66e,0x0800c670,0x0800c672,0x0800cba0	0x00000000,0x00000001,0x00000004,0x00000005,0x00000008,0x0000000c,0x00000010,0x00000024,0x00000038,0x0000003c,0x00000040
0x0800c686	290	122	0x0800ad48,0x0800b080,0x0800b374,0x0800bffc,0x0800c014,0x0800c0a0,0x0800c15c,0x0800c178,0x0800c380,0x0800c69c,0x0800c69e,0x0800c6a0,0x0800c6a8,0x0800c6aa,0x0800c6b6,0x0800c6b8,0x0800c6c8,0x0800c6ca,0x0800c6d4,0x0800c6f0,0x0800c712,0x0800c71a,0x0800c724,0x0800c72e,0x0800c736,0x0800c74c,0x0800c756,0x0800c776,0x0800c79c,0x0800c948,0x0800ca4c,0x0800cba0,0x0800cc0c	0x0800ad48,0x0800b080,0x0800b374,0x0800bffc,0x0800c014,0x0800c0a0,0x0800c15c,0x0800c178,0x0800c380,0x0800c69c,0x0800c69e,0x0800c6a0,0x0800c6a8,0x0800c6aa,0x0800c6b6,0x0800c6b8,0x0800c6c8,0x0800c6ca,0x0800c6d4,0x0800c6f0,0x0800c712,0x0800c71a,0x0800c724,0x0800c72e,0x0800c736,0x0800c74c,0x0800c756,0x0800c776,0x0800c79c,0x0800c948,0x0800ca4c,0x0800cba0,0x0800cc0c	0x00000000,0x00000001,0x00000002,0x00000004,0x00000005,0x00000008,0x0000000c,0x00000010,0x00000014,0x0000001c,0x00000024,0x00000038,0x0000003c,0x00000040
0x0800c7a8	146	69	0x080000f4,0x080000fc,0x0800ad48,0x0800c7be,0x0800c7c0,0x0800c7c2,0x0800c7ca,0x0800c7cc,0x0800c7d8,0x0800c7da,0x0800c7ee,0x0800c7fa,0x0800c81a,0x0800c81e,0x0800cba0	0x080000f4,0x080000fc,0x0800ad48,0x0800c7be,0x0800c7c0,0x0800c7c2,0x0800c7ca,0x0800c7cc,0x0800c7d8,0x0800c7da,0x0800c7ee,0x0800c7fa,0x0800c81a,0x0800c81e,0x0800cba0	0x00000000,0x00000001,0x00000002,0x00000004,0x00000005,0x00000008,0x0000000c,0x00000010,0x0000001c,0x00000024,0x00000038,0x0000003c,0x00000040
0x0800c83a	270	112	0x0800ad24,0x0800b064,0x0800b374,0x0800bffc,0x0800c014,0x0800c0a0,0x0800c15c,0x0800c178,0x0800c380,0x0800c84e,0x0800c850,0x0800c852,0x0800c85a,0x0800c85c,0x0800c86c,0x0800c86e,0x0800c878,0x0800c8a4,0x0800c8ae,0x0800c8ba,0x0800c8c4,0x0800c8cc,0x0800c8e2,0x0800c8ec,0x0800c916,0x0800c93c,0x0800c948,0x0800ca4c,0x0800cba0,0x0800cc0c	0x0800ad24,0x0800b064,0x0800b374,0x0800bffc,0x0800c014,0x0800c0a0,0x0800c15c,0x0800c178,0x0800c380,0x0800c84e,0x0800c850,0x0800c852,0x0800c85a,0x0800c85c,0x0800c86c,0x0800c86e,0x0800c878,0x0800c8a4,0x0800c8ae,0x0800c8ba,0x0800c8c4,0x0800c8cc,0x0800c8e2,0x0800c8ec,0x0800c916,0x0800c93c,0x0800c948,0x0800ca4c,0x0800cba0,0x0800cc0c	0x00000000,0x00000001,0x00000004,0x00000005,0x00000008,0x00000010,0x00000014,0x00000018,0x0000001c,0x00000024,0x00000038,0x00000040
0x0800c948	92	43	0x0800bffc,0x0800c014,0x0800c15c,0x0800c978,0x0800c97a,0x0800c97c,0x0800c97e,0x0800c980,0x0800c984,0x0800c996,0x0800c99c	0x0800bffc,0x0800c014,0x0800c15c,0x0800c978,0x0800c97a,0x0800c97c,0x0800c97e,0x0800c980,0x0800c984,0x0800c996,0x0800c99c,0x0800c9a4,0x20000134,0x20000148	0x00000000,0x00000001,0x00000004,0x0000000c,0x00000020
0x0800c9a8	94	42	0x0800ac08,0x0800ae96,0x0800b3e8,0x0800c030,0x0800c9ce,0x0800c9d6,0x0800c9d8,0x0800c9fe	0x0800ac08,0x0800ae96,0x0800b3e8,0x0800c030,0x0800c9ce,0x0800c9d6,0x0800c9d8,0x0800c9fe	0x00000000,0x00000001,0x00000002,0x00000004,0x00000008,0x0000000c,0x00000014,0x0000001c,0x00000024,0x00000030,0x00000038,0x0000003c,0x00000059,0x0000005c
0x0800ca06	70	33	0x0800ac08,0x0800ae96,0x0800ca44,0x0800ca46,0x0800ca48,0x0800ca4a	0x0800ac08,0x0800ae96,0x0800ca44,0x0800ca46,0x0800ca48,0x0800ca4a	0x00000000,0x00000002,0x00000004,0x00000008,0x0000000c,0x00000010,0x00000014,0x00000028,0x0000002c,0x00000030,0x00000059,0x0000005c
0x0800ca4c	26	13	0x0800ca5e,0x0800ca62	0x0800ca5e,0x0800ca62,0x0800ca68,0x2000013c,0x20000158	0x00000000,0x00000001,0x00000002,0x00000014,0x00000030
0x0800ca6c	6	3		0x0800ca74,0x20000134	0x0000000c
0x0800ca78	184	88	0x0800b260,0x0800bf2c,0x0800bfe2,0x0800ca8a,0x0800ca8e,0x0800caa2,0x0800caa4,0x0800cab6,0x0800cabc,0x0800cad4,0x0800cada,0x0800caec,0x0800caf6,0x0800cb0a,0x0800cb14	0x0800b260,0x0800bf2c,0x0800bfe2,0x0800ca8a,0x0800ca8e,0x0800caa2,0x0800caa4,0x0800cab6,0x0800cabc,0x0800cad4,0x0800cada,0x0800caec,0x0800caf6,0x0800cb0a,0x0800cb14,0x0800cb30,0x0800cb34,0x20000128,0x20000134,0x20000138,0x20000140,0x20000144,0x20000148,0x20000150,0x20000158,0x2000015c,0x20000160	0x00000000,0x00000001,0x00000004,0x0000000c,0x00000010,0x00000014,0x00000018,0x0000001c,0x00000020,0x00000028,0x0000002c,0x00000030,0x00000034,0x00000038
0x0800cb38	96	46	0x0800bf2c,0x0800bfe2,0x0800cb4c,0x0800cb4e,0x0800cb66,0x0800cb68,0x0800cb6a,0x0800cb84,0x0800cb94	0x0800bf2c,0x0800bfe2,0x0800cb4c,0x0800cb4e,0x0800cb66,0x0800cb68,0x0800cb6a,0x0800cb84,0x0800cb94,0x0800cb98,0x0800cb9c,0x20000128,0x20000138	0x00000000,0x00000001,0x00000004,0x00000010,0x00000014,0x00000018,0x0000002c,0x00000038,0x0000004c,0x00000050
0x0800cba0	94	43	0x0800bf2c,0x0800bfe2,0x0800cbc4,0x0800cbd6,0x0800cbd8,0x0800cbda,0x0800cbea,0x0800cbfa	0x0800bf2c,0x0800bfe2,0x0800cbc4,0x0800cbd6,0x0800cbd8,0x0800cbda,0x0800cbea,0x0800cbfa,0x0800cc00,0x0800cc04,0x0800cc08,0x20000128,0x20000138,0x20000144,0x20000158,0x2000147c	0x00000000,0x00000001,0x00000004,0x0000000c,0x00000010,0x00000014,0x00000018,0x0000001c,0x0000002c,0x00000030
0x0800cc0c	168	76	0x0800b260,0x0800bf2c,0x0800bfe2,0x0800bffc,0x0800c014,0x0800c0a0,0x0800ca78,0x0800cc2c,0x0800cc2e,0x0800cc30,0x0800cc3e,0x0800cc5a,0x0800cc76,0x0800cc7c,0x0800cc84,0x0800cc8c,0x0800cc96,0x0800cca0,0x0800ccac	0x0800b260,0x0800bf2c,0x0800bfe2,0x0800bffc,0x0800c014,0x0800c0a0,0x0800ca78,0x0800cc2c,0x0800cc2e,0x0800cc30,0x0800cc3e,0x0800cc5a,0x0800cc76,0x0800cc7c,0x0800cc84,0x0800cc8c,0x0800cc96,0x0800cca0,0x0800ccac,0x0800ccb4,0x0800ccb8,0x0800ccbc,0x20000128,0x20000130,0x20000138,0x20000140,0x20000144,0x20000158,0x2000147c,0x20001488	0x00000000,0x00000001,0x00000004,0x00000008,0x0000000c,0x00000010,0x00000014,0x00000018,0x0000001c,0x0000002c,0x00000030
0x0800ccc0	50	23	0x0800af30,0x0800b3e8,0x0800ccec	0x0800af30,0x0800b3e8,0x0800ccec	0x00000000,0x00000004,0x0000000c,0x00000014,0x00000018,0x0000001c,0x00000028,0x0000002c,0x00000030
0x0800ccf2	44	21	0x0800af30,0x0800cd1a,0x0800cd1c	0x0800af30,0x0800cd1a,0x0800cd1c	0x00000000,0x00000002,0x00000004,0x00000008,0x0000000c,0x00000020,0x00000024,0x00000028,0x0000002c
0x0800cd20	80	37	0x0800ac84,0x0800bf6c,0x0800ca06,0x0800cd62,0x0800cd6c,0x0800cd6e	0x0800ac84,0x0800b361,0x0800bf6c,0x0800ca06,0x0800cd62,0x0800cd6c,0x0800cd6e,0x0800cd70,0x0800cd74,0x0800cd7c,0x20000164,0x20000168	0x00000000,0x00000001,0x00000002,0x00000004,0x00000008,0x00000010,0x00000014,0x00000018,0x0000001c,0x0800cd74
0x0800cd80	96	44	0x0800c686,0x0800c7a8,0x0800ca4c,0x0800cdb8,0x0800cdba,0x0800cdbc,0x0800cdcc,0x0800cdda	0x0800c686,0x0800c7a8,0x0800ca4c,0x0800cdb8,0x0800cdba,0x0800cdbc,0x0800cdcc,0x0800cdda,0x0800cde0,0x20000164	0x00000000,0x00000002,0x00000004,0x00000006,0x00000008,0x00000014,0x00000028
0x0800cde4	38	17	0x0800bffc,0x0800c014,0x0800cdfa,0x0800ce02,0x0800ce04,0x0800ce06	0x0800bffc,0x0800c014,0x0800cdfa,0x0800ce02,0x0800ce04,0x0800ce06	0x00000000,0x00000001,0x00000008,0x0000001f,0x00000020
0x0800ce0c	36	17	0x0800c7a8	0x0800c7a8,0x0800ce30,0x20000164	0x00000000,0x00000001,0x00000004,0x00000008,0x0000000c,0x00000014
0x0800ce34	696	300	0x08000160,0x08002edc,0x08009170,0x080099e8,0x08009a14,0x0800a7b0,0x0800ce64,0x0800cea4,0x0800ceac,0x0800cec6,0x0800cf08,0x0800cf10,0x0800cf2c,0x0800cf3a,0x0800cf4e,0x0800cf5c,0x0800cf80,0x0800cf9a,0x0800cf9c,0x0800cfa2,0x0800cfb6,0x0800cfca,0x0800cfd2,0x0800cfd8,0x0800d014,0x0800d016,0x0800d022,0x0800d048,0x0800d062,0x0800d064,0x0800d06a,0x0800d07e,0x0800d092,0x0800d09a,0x0800d0a0,0x0800d0e6,0x0800d0ea,0x0800d250	0x08000160,0x08002edc,0x08009170,0x080099e8,0x08009a14,0x0800a7b0,0x0800ce64,0x0800cea4,0x0800ceac,0x0800cec6,0x0800cf08,0x0800cf10,0x0800cf2c,0x0800cf3a,0x0800cf4e,0x0800cf5c,0x0800cf80,0x0800cf9a,0x0800cf9c,0x0800cfa2,0x0800cfb6,0x0800cfca,0x0800cfd2,0x0800cfd8,0x0800d014,0x0800d016,0x0800d022,0x0800d048,0x0800d062,0x0800d064,0x0800d06a,0x0800d07e,0x0800d092,0x0800d09a,0x0800d0a0,0x0800d0e6,0x0800d0ea,0x0800d0ec,0x0800d0f0,0x0800d0f4,0x0800d0f8,0x0800d0fc,0x0800d100,0x0800d128,0x0800d12c,0x0800d250,0x2000007c,0x2000007d,0x200000bf,0x20000105,0x20000106,0x2000088c,0x2000088d,0x200008ad,0x200008af,0x200008c9,0x200008cb	0x00000000,0x00000001,0x00000002,0x00000003,0x00000004,0x00000005,0x00000006,0x00000007,0x00000008,0x0000000b,0x0000000d,0x0000000f,0x00000010,0x00000011,0x00000013,0x00000020,0x00000040,0x00000050,0x00000078,0x0000007d,0x00000081,0x00000085,0x00000087,0x0000008b,0x0000008d,0x0000009b,0x000000ae,0x000000af,0x000000c1,0x0800d100,0x0800d128,0x0800d12c
0x0800d154	36	14	0x080099e8	0x080099e8	0x00000003,0x00000004,0x00000005,0x00000006,0x00000081,0x000000ae
0x0800d178	50	19	0x08009170,0x080099e8	0x08009170,0x080099e8,0x0800d1ac	0x00000003,0x00000004,0x00000005,0x00000006,0x00000007,0x00000020,0x00000081,0x000000ae,0x0800d1ac
0x0800d218	26	11	0x080067c8,0x08009170,0x0800d228	0x080067c8,0x08009170,0x0800d228,0x0800d234,0x0800d238,0x0800d24c,0x200000bf	0x00000000,0x00000008,0x0800d238
0x0800d250	22	11	0x0800d258	0x0800d258,0x0800d268,0x20000091,0x20000099	0x00000000,0x00000001,0x00000008
