# G2 LVGL vendor-fork object census; regenerated by tools/analyze_g2_lvgl_vendor_fork_census.py
entry	body_start	body_end_exclusive	envelope_bytes	official_opaque_bytes	scope	module	source_file	evidence	confidence	detail
0x0043DD52	0x0043DD52	0x0043DD5C	10	10	lvgl-topology	lvgl-core	LVGL/src/core/lv_obj_style.c	call-topology-single-file	medium	every LVGL-anchored call target is in LVGL/src/core/lv_obj_style.c
0x0043DD5C	0x0043DD5C	0x0043DD66	10	10	lvgl-topology	lvgl-core	LVGL/src/core/lv_obj_style.c	call-topology-single-file	medium	every LVGL-anchored call target is in LVGL/src/core/lv_obj_style.c
0x0043DD66	0x0043DD66	0x0043DD72	12	12	lvgl-topology	lvgl-core	LVGL/src/core/lv_obj_style.c	call-topology-single-file	medium	every LVGL-anchored call target is in LVGL/src/core/lv_obj_style.c
0x0043DD72	0x0043DD72	0x0043DD7C	10	10	lvgl-topology	lvgl-core	LVGL/src/core/lv_obj_style.c	call-topology-single-file	medium	every LVGL-anchored call target is in LVGL/src/core/lv_obj_style.c
0x0043DD7C	0x0043DD7C	0x0043DD86	10	10	lvgl-topology	lvgl-core	LVGL/src/core/lv_obj_style.c	call-topology-single-file	medium	every LVGL-anchored call target is in LVGL/src/core/lv_obj_style.c
0x0043DD86	0x0043DD86	0x0043DD90	10	10	lvgl-topology	lvgl-core	LVGL/src/core/lv_obj_style.c	call-topology-single-file	medium	every LVGL-anchored call target is in LVGL/src/core/lv_obj_style.c
0x0043DD90	0x0043DD90	0x0043DD9A	10	10	lvgl-topology	lvgl-core	LVGL/src/core/lv_obj_style.c	call-topology-single-file	medium	every LVGL-anchored call target is in LVGL/src/core/lv_obj_style.c
0x0043DD9A	0x0043DD9A	0x0043DDA8	14	14	lvgl-topology	lvgl-core	LVGL/src/core/lv_obj_style.c	call-topology-single-file	medium	every LVGL-anchored call target is in LVGL/src/core/lv_obj_style.c
0x0043DDA8	0x0043DDA8	0x0043DDB4	12	12	lvgl-topology	lvgl-core	LVGL/src/core/lv_obj_style.c	call-topology-single-file	medium	every LVGL-anchored call target is in LVGL/src/core/lv_obj_style.c
0x0043DDB4	0x0043DDB4	0x0043DDC0	12	12	lvgl-topology	lvgl-core	LVGL/src/core/lv_obj_style.c	call-topology-single-file	medium	every LVGL-anchored call target is in LVGL/src/core/lv_obj_style.c
0x0043DDC0	0x0043DDC0	0x0043DDCC	12	12	lvgl-topology	lvgl-core	LVGL/src/core/lv_obj_style.c	call-topology-single-file	medium	every LVGL-anchored call target is in LVGL/src/core/lv_obj_style.c
0x0043DDCC	0x0043DDCC	0x0043DDD8	12	12	lvgl-topology	lvgl-core	LVGL/src/core/lv_obj_style.c	call-topology-single-file	medium	every LVGL-anchored call target is in LVGL/src/core/lv_obj_style.c
0x0043DDD8	0x0043DDD8	0x0043DDE2	10	10	lvgl-topology	lvgl-core	LVGL/src/core/lv_obj_style.c	call-topology-single-file	medium	every LVGL-anchored call target is in LVGL/src/core/lv_obj_style.c
0x0043DDE2	0x0043DDE2	0x0043DDF0	14	14	lvgl-topology	lvgl-core	LVGL/src/core/lv_obj_style.c	call-topology-single-file	medium	every LVGL-anchored call target is in LVGL/src/core/lv_obj_style.c
0x0043DDF0	0x0043DDF0	0x0043DDFC	12	12	lvgl-topology	lvgl-core	LVGL/src/core/lv_obj_style.c	call-topology-single-file	medium	every LVGL-anchored call target is in LVGL/src/core/lv_obj_style.c
0x0043DDFC	0x0043DDFC	0x0043DE06	10	10	lvgl-topology	lvgl-core	LVGL/src/core/lv_obj_style.c	call-topology-single-file	medium	every LVGL-anchored call target is in LVGL/src/core/lv_obj_style.c
0x0043DE06	0x0043DE06	0x0043DE1C	22	22	lvgl-topology	lvgl-core	LVGL/src/core/lv_obj_style.c	call-topology-single-file	medium	every LVGL-anchored call target is in LVGL/src/core/lv_obj_style.c
0x0043DE1C	0x0043DE1C	0x0043DE26	10	10	lvgl-topology	lvgl-core	LVGL/src/core/lv_obj_style.c	call-topology-single-file	medium	every LVGL-anchored call target is in LVGL/src/core/lv_obj_style.c
0x0043DE26	0x0043DE26	0x0043DE30	10	10	lvgl-topology	lvgl-core	LVGL/src/core/lv_obj_style.c	call-topology-single-file	medium	every LVGL-anchored call target is in LVGL/src/core/lv_obj_style.c
0x0043DE30	0x0043DE30	0x0043DE3E	14	14	lvgl-topology	lvgl-core	LVGL/src/core/lv_obj_style.c	call-topology-single-file	medium	every LVGL-anchored call target is in LVGL/src/core/lv_obj_style.c
0x0043DE3E	0x0043DE3E	0x0043DE4A	12	12	lvgl-topology	lvgl-core	LVGL/src/core/lv_obj_style.c	call-topology-single-file	medium	every LVGL-anchored call target is in LVGL/src/core/lv_obj_style.c
0x0043DE4A	0x0043DE4A	0x0043DE54	10	10	lvgl-topology	lvgl-core	LVGL/src/core/lv_obj_style.c	call-topology-single-file	medium	every LVGL-anchored call target is in LVGL/src/core/lv_obj_style.c
0x0043DE54	0x0043DE54	0x0043DE6A	22	22	lvgl-topology	lvgl-core	LVGL/src/core/lv_obj_style.c	call-topology-single-file	medium	every LVGL-anchored call target is in LVGL/src/core/lv_obj_style.c
0x0043DE6A	0x0043DE6A	0x0043DE76	12	12	lvgl-topology	lvgl-core	LVGL/src/core/lv_obj_style.c	call-topology-single-file	medium	every LVGL-anchored call target is in LVGL/src/core/lv_obj_style.c
0x0043DE76	0x0043DE76	0x0043DE82	12	12	lvgl-topology	lvgl-core	LVGL/src/core/lv_obj_style.c	call-topology-single-file	medium	every LVGL-anchored call target is in LVGL/src/core/lv_obj_style.c
0x0043E0C8	0x0043E0C8	0x0043E0E0	24	24	lvgl-topology	lvgl-core	LVGL/src/core/lv_obj.c	call-topology-single-file	medium	every LVGL-anchored call target is in LVGL/src/core/lv_obj.c
0x0043E2BC	0x0043E2BC	0x0043E2D4	24	24	lvgl-sandwich	lvgl-core	LVGL/src/core/lv_obj.c	link-order-file-sandwich	low	bracketed in link order by LVGL/src/core/lv_obj.c
0x0043E2D4	0x0043E2D4	0x0043E2EA	22	22	lvgl-sandwich	lvgl-core	LVGL/src/core/lv_obj.c	link-order-file-sandwich	low	bracketed in link order by LVGL/src/core/lv_obj.c
0x0043E2EA	0x0043E2EA	0x0043E33E	84	84	lvgl-sandwich	lvgl-core	LVGL/src/core/lv_obj.c	link-order-file-sandwich	low	bracketed in link order by LVGL/src/core/lv_obj.c
0x0043E33E	0x0043E33E	0x0043E3DE	160	160	lvgl-topology	lvgl-core	LVGL/src/core/lv_obj_scroll.c	call-topology-single-file	medium	every LVGL-anchored call target is in LVGL/src/core/lv_obj_scroll.c
0x0043E442	0x0043E442	0x0043E63E	508	508	lvgl-topology	investigation-required		call-topology-mixed	none	LVGL call evidence spans lvgl-core|lvgl-draw
0x0043E63E	0x0043E63E	0x0043E6A6	104	104	lvgl-topology	lvgl-draw	LVGL/src/draw/lv_draw_rect.c	call-topology-single-file	medium	every LVGL-anchored call target is in LVGL/src/draw/lv_draw_rect.c
0x0043E6A6	0x0043E6A6	0x0043E7D2	300	300	lvgl-sandwich	lvgl-core		call-topology-second-order-module	low	medium-labelled call targets span LVGL/src/core/lv_obj_style.c|LVGL/src/core/lv_obj_tree.c
0x0043E7D2	0x0043E7D2	0x0043EBEC	1050	1050	lvgl-topology	lvgl-core		call-topology-single-module	medium	LVGL-anchored call targets span LVGL/src/core/lv_obj.c|LVGL/src/core/lv_obj_event.c|LVGL/src/core/lv_obj_pos.c|LVGL/src/core/lv_obj_scroll.c|LVGL/src/core/lv_obj_tree.c of lvgl-core
0x0043EE54	0x0043EE54	0x0043EE94	64	64	lvgl-sandwich	lvgl-core		link-order-module-sandwich	low	bracketed in link order by lvgl-core
0x0043EE94	0x0043EE94	0x0043EEA6	18	18	lvgl-sandwich	lvgl-core		link-order-module-sandwich	low	bracketed in link order by lvgl-core
0x0043EEA6	0x0043EEA6	0x0043EEB0	10	10	lvgl-topology	lvgl-core	LVGL/src/core/lv_obj_style.c	call-topology-single-file	medium	every LVGL-anchored call target is in LVGL/src/core/lv_obj_style.c
0x0043EEB0	0x0043EEB0	0x0043EEBA	10	10	lvgl-topology	lvgl-core	LVGL/src/core/lv_obj_style.c	call-topology-single-file	medium	every LVGL-anchored call target is in LVGL/src/core/lv_obj_style.c
0x0043EEBA	0x0043EEBA	0x0043EEC4	10	10	lvgl-topology	lvgl-core	LVGL/src/core/lv_obj_style.c	call-topology-single-file	medium	every LVGL-anchored call target is in LVGL/src/core/lv_obj_style.c
0x0043EEC4	0x0043EEC4	0x0043EECE	10	10	lvgl-topology	lvgl-core	LVGL/src/core/lv_obj_style.c	call-topology-single-file	medium	every LVGL-anchored call target is in LVGL/src/core/lv_obj_style.c
0x0043EECE	0x0043EECE	0x0043EED8	10	10	lvgl-topology	lvgl-core	LVGL/src/core/lv_obj_style.c	call-topology-single-file	medium	every LVGL-anchored call target is in LVGL/src/core/lv_obj_style.c
0x0043EED8	0x0043EED8	0x0043EEE2	10	10	lvgl-topology	lvgl-core	LVGL/src/core/lv_obj_style.c	call-topology-single-file	medium	every LVGL-anchored call target is in LVGL/src/core/lv_obj_style.c
0x0043EEE2	0x0043EEE2	0x0043EEEC	10	10	lvgl-topology	lvgl-core	LVGL/src/core/lv_obj_style.c	call-topology-single-file	medium	every LVGL-anchored call target is in LVGL/src/core/lv_obj_style.c
0x0043EEEC	0x0043EEEC	0x0043EEF6	10	10	lvgl-topology	lvgl-core	LVGL/src/core/lv_obj_style.c	call-topology-single-file	medium	every LVGL-anchored call target is in LVGL/src/core/lv_obj_style.c
0x0043EEF6	0x0043EEF6	0x0043EF02	12	12	lvgl-topology	lvgl-core	LVGL/src/core/lv_obj_style.c	call-topology-single-file	medium	every LVGL-anchored call target is in LVGL/src/core/lv_obj_style.c
0x0043EF02	0x0043EF02	0x0043EF0C	10	10	lvgl-topology	lvgl-core	LVGL/src/core/lv_obj_style.c	call-topology-single-file	medium	every LVGL-anchored call target is in LVGL/src/core/lv_obj_style.c
0x0043EF0C	0x0043EF0C	0x0043EF16	10	10	lvgl-topology	lvgl-core	LVGL/src/core/lv_obj_style.c	call-topology-single-file	medium	every LVGL-anchored call target is in LVGL/src/core/lv_obj_style.c
0x0043EF16	0x0043EF16	0x0043EF20	10	10	lvgl-topology	lvgl-core	LVGL/src/core/lv_obj_style.c	call-topology-single-file	medium	every LVGL-anchored call target is in LVGL/src/core/lv_obj_style.c
0x0043EF20	0x0043EF20	0x0043EF2A	10	10	lvgl-topology	lvgl-core	LVGL/src/core/lv_obj_style.c	call-topology-single-file	medium	every LVGL-anchored call target is in LVGL/src/core/lv_obj_style.c
0x0043EF2A	0x0043EF2A	0x0043EF34	10	10	lvgl-topology	lvgl-core	LVGL/src/core/lv_obj_style.c	call-topology-single-file	medium	every LVGL-anchored call target is in LVGL/src/core/lv_obj_style.c
0x0043EF34	0x0043EF34	0x0043EF3E	10	10	lvgl-topology	lvgl-core	LVGL/src/core/lv_obj_style.c	call-topology-single-file	medium	every LVGL-anchored call target is in LVGL/src/core/lv_obj_style.c
0x0043EF3E	0x0043EF3E	0x0043EF48	10	10	lvgl-topology	lvgl-core	LVGL/src/core/lv_obj_style.c	call-topology-single-file	medium	every LVGL-anchored call target is in LVGL/src/core/lv_obj_style.c
0x0043EF48	0x0043EF48	0x0043EF52	10	10	lvgl-topology	lvgl-core	LVGL/src/core/lv_obj_style.c	call-topology-single-file	medium	every LVGL-anchored call target is in LVGL/src/core/lv_obj_style.c
0x0043EF52	0x0043EF52	0x0043EF5C	10	10	lvgl-topology	lvgl-core	LVGL/src/core/lv_obj_style.c	call-topology-single-file	medium	every LVGL-anchored call target is in LVGL/src/core/lv_obj_style.c
0x0043EF5C	0x0043EF5C	0x0043EF66	10	10	lvgl-topology	lvgl-core	LVGL/src/core/lv_obj_style.c	call-topology-single-file	medium	every LVGL-anchored call target is in LVGL/src/core/lv_obj_style.c
0x0043EF66	0x0043EF66	0x0043EF70	10	10	lvgl-topology	lvgl-core	LVGL/src/core/lv_obj_style.c	call-topology-single-file	medium	every LVGL-anchored call target is in LVGL/src/core/lv_obj_style.c
0x0043EF70	0x0043EF70	0x0043EF7A	10	10	lvgl-topology	lvgl-core	LVGL/src/core/lv_obj_style.c	call-topology-single-file	medium	every LVGL-anchored call target is in LVGL/src/core/lv_obj_style.c
0x0043EF7A	0x0043EF7A	0x0043EF84	10	10	lvgl-topology	lvgl-core	LVGL/src/core/lv_obj_style.c	call-topology-single-file	medium	every LVGL-anchored call target is in LVGL/src/core/lv_obj_style.c
0x0043EF84	0x0043EF84	0x0043EF8E	10	10	lvgl-topology	lvgl-core	LVGL/src/core/lv_obj_style.c	call-topology-single-file	medium	every LVGL-anchored call target is in LVGL/src/core/lv_obj_style.c
0x0043EF8E	0x0043EF8E	0x0043EF98	10	10	lvgl-topology	lvgl-core	LVGL/src/core/lv_obj_style.c	call-topology-single-file	medium	every LVGL-anchored call target is in LVGL/src/core/lv_obj_style.c
0x0043EF98	0x0043EF98	0x0043EFA2	10	10	lvgl-topology	lvgl-core	LVGL/src/core/lv_obj_style.c	call-topology-single-file	medium	every LVGL-anchored call target is in LVGL/src/core/lv_obj_style.c
0x0043EFA2	0x0043EFA2	0x0043EFAE	12	12	lvgl-topology	lvgl-core	LVGL/src/core/lv_obj_style.c	call-topology-single-file	medium	every LVGL-anchored call target is in LVGL/src/core/lv_obj_style.c
0x0043EFAE	0x0043EFAE	0x0043EFBA	12	12	lvgl-topology	lvgl-core	LVGL/src/core/lv_obj_style.c	call-topology-single-file	medium	every LVGL-anchored call target is in LVGL/src/core/lv_obj_style.c
0x0043EFBA	0x0043EFBA	0x0043EFC6	12	12	lvgl-topology	lvgl-core	LVGL/src/core/lv_obj_style.c	call-topology-single-file	medium	every LVGL-anchored call target is in LVGL/src/core/lv_obj_style.c
0x0043EFC6	0x0043EFC6	0x0043EFF4	46	46	lvgl-sandwich	lvgl-core	LVGL/src/core/lv_obj_style.c	call-topology-second-order-file	low	every medium-labelled call target is in LVGL/src/core/lv_obj_style.c
0x0043EFF4	0x0043EFF4	0x0043F022	46	46	lvgl-sandwich	lvgl-core	LVGL/src/core/lv_obj_style.c	call-topology-second-order-file	low	every medium-labelled call target is in LVGL/src/core/lv_obj_style.c
0x0043F022	0x0043F022	0x0043F050	46	46	lvgl-sandwich	lvgl-core	LVGL/src/core/lv_obj_style.c	call-topology-second-order-file	low	every medium-labelled call target is in LVGL/src/core/lv_obj_style.c
0x0043F050	0x0043F050	0x0043F07E	46	46	lvgl-sandwich	lvgl-core	LVGL/src/core/lv_obj_style.c	call-topology-second-order-file	low	every medium-labelled call target is in LVGL/src/core/lv_obj_style.c
0x0043F07E	0x0043F07E	0x0043F08C	14	14	lvgl-sandwich	lvgl-core	LVGL/src/core/lv_obj_style.c	call-topology-second-order-file	low	every medium-labelled call target is in LVGL/src/core/lv_obj_style.c
0x0043F08C	0x0043F08C	0x0043F09A	14	14	lvgl-sandwich	lvgl-core	LVGL/src/core/lv_obj_style.c	call-topology-second-order-file	low	every medium-labelled call target is in LVGL/src/core/lv_obj_style.c
0x0043F612	0x0043F612	0x0043F648	54	54	lvgl-topology	lvgl-core		call-topology-single-module	medium	LVGL-anchored call targets span LVGL/src/core/lv_obj.c|LVGL/src/core/lv_obj_tree.c of lvgl-core
0x0043F648	0x0043F648	0x0043F66C	36	36	lvgl-topology	lvgl-core	LVGL/src/core/lv_obj_tree.c	call-topology-single-file	medium	every LVGL-anchored call target is in LVGL/src/core/lv_obj_tree.c
0x0043F66C	0x0043F66C	0x0043F6AC	64	64	lvgl-topology	lvgl-core	LVGL/src/core/lv_obj_tree.c	call-topology-single-file	medium	every LVGL-anchored call target is in LVGL/src/core/lv_obj_tree.c
0x0043F6AC	0x0043F6AC	0x0043F6B8	12	12	lvgl-sandwich	lvgl-core	LVGL/src/core/lv_obj_pos.c	link-order-file-sandwich	low	bracketed in link order by LVGL/src/core/lv_obj_pos.c
0x0043F6B8	0x0043F6B8	0x0043F6D6	30	30	lvgl-topology	lvgl-core	LVGL/src/core/lv_obj_pos.c	call-topology-single-file	medium	every LVGL-anchored call target is in LVGL/src/core/lv_obj_pos.c
0x0043FF44	0x0043FF44	0x0043FF5E	26	26	lvgl-topology	lvgl-core	LVGL/src/core/lv_obj_event.c	call-topology-single-file	medium	every LVGL-anchored call target is in LVGL/src/core/lv_obj_event.c
0x0043FF5E	0x0043FF5E	0x0043FF78	26	26	lvgl-topology	lvgl-core	LVGL/src/core/lv_obj_event.c	call-topology-single-file	medium	every LVGL-anchored call target is in LVGL/src/core/lv_obj_event.c
0x0043FFA0	0x0043FFA0	0x0043FFD0	48	48	lvgl-sandwich	lvgl-core		call-topology-second-order-module	low	medium-labelled call targets span LVGL/src/core/lv_obj_style.c|LVGL/src/core/lv_obj_tree.c
0x0043FFD0	0x0043FFD0	0x00440246	630	630	lvgl-topology	lvgl-core		call-topology-single-module	medium	LVGL-anchored call targets span LVGL/src/core/lv_obj_pos.c|LVGL/src/core/lv_obj_tree.c of lvgl-core
0x00440246	0x00440246	0x0044035E	280	280	lvgl-topology	lvgl-core		call-topology-single-module	medium	LVGL-anchored call targets span LVGL/src/core/lv_obj.c|LVGL/src/core/lv_obj_event.c|LVGL/src/core/lv_obj_pos.c of lvgl-core
0x0044035E	0x0044035E	0x004403D8	122	122	lvgl-topology	lvgl-core		call-topology-single-module	medium	LVGL-anchored call targets span LVGL/src/core/lv_obj.c|LVGL/src/core/lv_obj_tree.c of lvgl-core
0x004403D8	0x004403D8	0x004403E6	14	14	lvgl-sandwich	lvgl-core	LVGL/src/core/lv_obj_tree.c	call-topology-second-order-file	low	every medium-labelled call target is in LVGL/src/core/lv_obj_tree.c
0x004403E6	0x004403E6	0x00440494	174	174	lvgl-topology	lvgl-core	LVGL/src/core/lv_obj_tree.c	call-topology-single-file	medium	every LVGL-anchored call target is in LVGL/src/core/lv_obj_tree.c
0x00440494	0x00440494	0x004405D4	320	320	lvgl-sandwich	lvgl-core	LVGL/src/core/lv_obj_tree.c	call-topology-second-order-file	low	every medium-labelled call target is in LVGL/src/core/lv_obj_tree.c
0x004406C4	0x004406C4	0x004407E0	284	284	lvgl-topology	investigation-required		call-topology-mixed	none	LVGL call evidence spans lvgl-core|lvgl-display
0x00440A3C	0x00440A3C	0x00440C2E	498	498	lvgl-topology	lvgl-core		call-topology-single-module	medium	LVGL-anchored call targets span LVGL/src/core/lv_obj.c|LVGL/src/core/lv_obj_tree.c of lvgl-core
0x00440C2E	0x00440C2E	0x00440D48	282	282	lvgl-topology	lvgl-core		call-topology-single-module	medium	LVGL-anchored call targets span LVGL/src/core/lv_obj.c|LVGL/src/core/lv_obj_tree.c of lvgl-core
0x00440D70	0x00440D70	0x00440DDA	106	106	lvgl-topology	lvgl-core		call-topology-single-module	medium	LVGL-anchored call targets span LVGL/src/core/lv_obj_pos.c|LVGL/src/core/lv_obj_tree.c of lvgl-core
0x0044B866	0x0044B866	0x0044B870	10	10	lvgl-topology	lvgl-core	LVGL/src/core/lv_obj_style.c	call-topology-single-file	medium	every LVGL-anchored call target is in LVGL/src/core/lv_obj_style.c
0x0044B870	0x0044B870	0x0044B87A	10	10	lvgl-topology	lvgl-core	LVGL/src/core/lv_obj_style.c	call-topology-single-file	medium	every LVGL-anchored call target is in LVGL/src/core/lv_obj_style.c
0x0044B87A	0x0044B87A	0x0044B884	10	10	lvgl-topology	lvgl-core	LVGL/src/core/lv_obj_style.c	call-topology-single-file	medium	every LVGL-anchored call target is in LVGL/src/core/lv_obj_style.c
0x0044B884	0x0044B884	0x0044B88E	10	10	lvgl-topology	lvgl-core	LVGL/src/core/lv_obj_style.c	call-topology-single-file	medium	every LVGL-anchored call target is in LVGL/src/core/lv_obj_style.c
0x0044B88E	0x0044B88E	0x0044B898	10	10	lvgl-topology	lvgl-core	LVGL/src/core/lv_obj_style.c	call-topology-single-file	medium	every LVGL-anchored call target is in LVGL/src/core/lv_obj_style.c
0x0044B898	0x0044B898	0x0044B8A2	10	10	lvgl-topology	lvgl-core	LVGL/src/core/lv_obj_style.c	call-topology-single-file	medium	every LVGL-anchored call target is in LVGL/src/core/lv_obj_style.c
0x0044B8A2	0x0044B8A2	0x0044B8AC	10	10	lvgl-topology	lvgl-core	LVGL/src/core/lv_obj_style.c	call-topology-single-file	medium	every LVGL-anchored call target is in LVGL/src/core/lv_obj_style.c
0x0044B8AC	0x0044B8AC	0x0044B8B8	12	12	lvgl-topology	lvgl-core	LVGL/src/core/lv_obj_style.c	call-topology-single-file	medium	every LVGL-anchored call target is in LVGL/src/core/lv_obj_style.c
0x0044B8B8	0x0044B8B8	0x0044B8C4	12	12	lvgl-topology	lvgl-core	LVGL/src/core/lv_obj_style.c	call-topology-single-file	medium	every LVGL-anchored call target is in LVGL/src/core/lv_obj_style.c
0x0044B8C4	0x0044B8C4	0x0044B8D0	12	12	lvgl-topology	lvgl-core	LVGL/src/core/lv_obj_style.c	call-topology-single-file	medium	every LVGL-anchored call target is in LVGL/src/core/lv_obj_style.c
0x0044B8D0	0x0044B8D0	0x0044B8DE	14	14	lvgl-topology	lvgl-core	LVGL/src/core/lv_obj_style.c	call-topology-single-file	medium	every LVGL-anchored call target is in LVGL/src/core/lv_obj_style.c
0x0044B8DE	0x0044B8DE	0x0044B8EA	12	12	lvgl-topology	lvgl-core	LVGL/src/core/lv_obj_style.c	call-topology-single-file	medium	every LVGL-anchored call target is in LVGL/src/core/lv_obj_style.c
0x0044B8EA	0x0044B8EA	0x0044B8F6	12	12	lvgl-topology	lvgl-core	LVGL/src/core/lv_obj_style.c	call-topology-single-file	medium	every LVGL-anchored call target is in LVGL/src/core/lv_obj_style.c
0x0044B8F6	0x0044B8F6	0x0044B902	12	12	lvgl-topology	lvgl-core	LVGL/src/core/lv_obj_style.c	call-topology-single-file	medium	every LVGL-anchored call target is in LVGL/src/core/lv_obj_style.c
0x0044B902	0x0044B902	0x0044B90C	10	10	lvgl-topology	lvgl-core	LVGL/src/core/lv_obj_style.c	call-topology-single-file	medium	every LVGL-anchored call target is in LVGL/src/core/lv_obj_style.c
0x0044BA9A	0x0044BA9A	0x0044BC3A	416	416	lvgl-topology	investigation-required		call-topology-mixed	none	LVGL call evidence spans lvgl-core|lvgl-stdlib
0x0044BC3A	0x0044BC3A	0x0044BC48	14	14	lvgl-sandwich	lvgl-core	LVGL/src/core/lv_obj_style.c	link-order-file-sandwich	low	bracketed in link order by LVGL/src/core/lv_obj_style.c
0x0044BC48	0x0044BC48	0x0044BC8C	68	68	lvgl-sandwich	lvgl-core		call-topology-second-order-module	low	medium-labelled call targets span 
0x0044BDE0	0x0044BDE0	0x0044BDEA	10	10	lvgl-sandwich	lvgl-core	LVGL/src/core/lv_obj_style.c	link-order-file-sandwich	low	bracketed in link order by LVGL/src/core/lv_obj_style.c
0x0044BE4C	0x0044BE4C	0x0044BEAA	94	94	lvgl-topology	investigation-required		call-topology-mixed	none	LVGL call evidence spans lvgl-core|lvgl-misc
0x0044BEAA	0x0044BEAA	0x0044BEF2	72	72	lvgl-sandwich	lvgl-core	LVGL/src/core/lv_obj_style.c	link-order-file-sandwich	low	bracketed in link order by LVGL/src/core/lv_obj_style.c
0x0044C178	0x0044C178	0x0044C448	720	720	lvgl-sandwich	lvgl-core	LVGL/src/core/lv_obj_style.c	link-order-file-sandwich	low	bracketed in link order by LVGL/src/core/lv_obj_style.c
0x0044C448	0x0044C448	0x0044C47A	50	50	lvgl-sandwich	lvgl-core	LVGL/src/core/lv_obj_style.c	call-topology-second-order-file	low	every medium-labelled call target is in LVGL/src/core/lv_obj_style.c
0x0044C47A	0x0044C47A	0x0044C50E	148	148	lvgl-topology	lvgl-core	LVGL/src/core/lv_obj_tree.c	call-topology-single-file	medium	every LVGL-anchored call target is in LVGL/src/core/lv_obj_tree.c
0x0044C50E	0x0044C50E	0x0044C54A	60	60	lvgl-topology	lvgl-core	LVGL/src/core/lv_obj.c	call-topology-single-file	medium	every LVGL-anchored call target is in LVGL/src/core/lv_obj.c
0x0044C54A	0x0044C54A	0x0044C582	56	56	lvgl-sandwich	lvgl-core	LVGL/src/core/lv_obj_style.c	call-topology-second-order-file	low	every medium-labelled call target is in LVGL/src/core/lv_obj_style.c
0x0044C582	0x0044C582	0x0044C5D4	82	82	lvgl-topology	lvgl-core	LVGL/src/core/lv_obj_tree.c	call-topology-single-file	medium	every LVGL-anchored call target is in LVGL/src/core/lv_obj_tree.c
0x0044C834	0x0044C834	0x0044C970	316	316	lvgl-sandwich	lvgl-core		link-order-module-sandwich	low	bracketed in link order by lvgl-core
0x0044C970	0x0044C970	0x0044C9DC	108	108	lvgl-topology	lvgl-core		call-topology-single-module	medium	LVGL-anchored call targets span LVGL/src/core/lv_obj_style.c|LVGL/src/core/lv_obj_tree.c of lvgl-core
0x0044C9DC	0x0044C9DC	0x0044CA18	60	60	lvgl-topology	lvgl-core		call-topology-single-module	medium	LVGL-anchored call targets span LVGL/src/core/lv_obj_event.c|LVGL/src/core/lv_obj_pos.c|LVGL/src/core/lv_obj_tree.c of lvgl-core
0x0044CA18	0x0044CA18	0x0044CAD8	192	192	lvgl-topology	lvgl-misc	LVGL/src/misc/lv_style.c	call-topology-single-file	medium	every LVGL-anchored call target is in LVGL/src/misc/lv_style.c
0x0044CC8C	0x0044CC8C	0x0044CCD8	76	76	lvgl-topology	investigation-required		call-topology-mixed	none	LVGL call evidence spans lvgl-core|lvgl-misc
0x0044CD9E	0x0044CD9E	0x0044CE2A	140	140	lvgl-sandwich	lvgl-core	LVGL/src/core/lv_obj_style.c	call-topology-second-order-file	low	every medium-labelled call target is in LVGL/src/core/lv_obj_style.c
0x0044CE2A	0x0044CE2A	0x0044CE2C	2	2	lvgl-sandwich	lvgl-core		link-order-module-sandwich	low	bracketed in link order by lvgl-core
0x0044CE2C	0x0044CE2C	0x0044CE8A	94	94	lvgl-sandwich	lvgl-core		link-order-module-sandwich	low	bracketed in link order by lvgl-core
0x0044CE8A	0x0044CE8A	0x0044CF60	214	214	lvgl-sandwich	lvgl-core		link-order-module-sandwich	low	bracketed in link order by lvgl-core
0x0044D0F0	0x0044D0F0	0x0044D16E	126	126	lvgl-topology	lvgl-core		call-topology-single-module	medium	LVGL-anchored call targets span LVGL/src/core/lv_group.c|LVGL/src/core/lv_obj_event.c|LVGL/src/core/lv_obj_pos.c|LVGL/src/core/lv_obj_style.c|LVGL/src/core/lv_obj_tree.c of lvgl-core
0x0044D16E	0x0044D16E	0x0044D19A	44	44	lvgl-sandwich	lvgl-core		link-order-module-sandwich	low	bracketed in link order by lvgl-core
0x0044D19A	0x0044D19A	0x0044D1CC	50	50	lvgl-sandwich	lvgl-core		link-order-module-sandwich	low	bracketed in link order by lvgl-core
0x0044D1CC	0x0044D1CC	0x0044D1FC	48	48	lvgl-sandwich	lvgl-core		link-order-module-sandwich	low	bracketed in link order by lvgl-core
0x0044D1FC	0x0044D1FC	0x0044D230	52	52	lvgl-sandwich	lvgl-core		link-order-module-sandwich	low	bracketed in link order by lvgl-core
0x0044D230	0x0044D230	0x0044D232	2	2	lvgl-sandwich	lvgl-core		link-order-module-sandwich	low	bracketed in link order by lvgl-core
0x0044D234	0x0044D232	0x0044D252	32	32	lvgl-sandwich	lvgl-core		link-order-module-sandwich	low	bracketed in link order by lvgl-core
0x0044D254	0x0044D254	0x0044D25C	8	8	lvgl-sandwich	lvgl-core		link-order-module-sandwich	low	bracketed in link order by lvgl-core
0x0044D25C	0x0044D25C	0x0044D31E	194	194	lvgl-sandwich	lvgl-core		link-order-module-sandwich	low	bracketed in link order by lvgl-core
0x0044D32C	0x0044D32C	0x0044D33A	14	14	lvgl-sandwich	lvgl-core		link-order-module-sandwich	low	bracketed in link order by lvgl-core
0x0044D33A	0x0044D33A	0x0044D342	8	8	lvgl-sandwich	lvgl-core		link-order-module-sandwich	low	bracketed in link order by lvgl-core
0x0044D3B2	0x0044D3B2	0x0044D45C	170	170	lvgl-topology	lvgl-core		call-topology-single-module	medium	LVGL-anchored call targets span LVGL/src/core/lv_obj.c|LVGL/src/core/lv_obj_event.c of lvgl-core
0x0044D58C	0x0044D58C	0x0044D5A4	24	24	lvgl-sandwich	lvgl-core		link-order-module-sandwich	low	bracketed in link order by lvgl-core
0x0044D5A4	0x0044D5A4	0x0044D5B8	20	20	lvgl-sandwich	lvgl-core		link-order-module-sandwich	low	bracketed in link order by lvgl-core
0x0044D5F8	0x0044D5F8	0x0044D63A	66	66	lvgl-topology	lvgl-core	LVGL/src/core/lv_group.c	call-topology-single-file	medium	every LVGL-anchored call target is in LVGL/src/core/lv_group.c
0x0044D63A	0x0044D63A	0x0044D77A	320	320	lvgl-topology	lvgl-core		call-topology-single-module	medium	LVGL-anchored call targets span LVGL/src/core/lv_obj.c|LVGL/src/core/lv_obj_event.c|LVGL/src/core/lv_obj_pos.c|LVGL/src/core/lv_obj_tree.c of lvgl-core
0x0044D77A	0x0044D77A	0x0044D7B6	60	60	lvgl-sandwich	lvgl-core		link-order-module-sandwich	low	bracketed in link order by lvgl-core
0x0044DF60	0x0044DF60	0x0044DF80	32	32	lvgl-sandwich	lvgl-core	LVGL/src/core/lv_obj_tree.c	link-order-file-sandwich	low	bracketed in link order by LVGL/src/core/lv_obj_tree.c
0x0044DF80	0x0044DF80	0x0044E13A	442	442	lvgl-topology	investigation-required		call-topology-mixed	none	LVGL call evidence spans lvgl-core|lvgl-misc|lvgl-stdlib
0x0044E21C	0x0044E21C	0x0044E226	10	10	lvgl-topology	lvgl-core	LVGL/src/core/lv_obj_style.c	call-topology-single-file	medium	every LVGL-anchored call target is in LVGL/src/core/lv_obj_style.c
0x0044E226	0x0044E226	0x0044E230	10	10	lvgl-topology	lvgl-core	LVGL/src/core/lv_obj_style.c	call-topology-single-file	medium	every LVGL-anchored call target is in LVGL/src/core/lv_obj_style.c
0x0044E230	0x0044E230	0x0044E23A	10	10	lvgl-topology	lvgl-core	LVGL/src/core/lv_obj_style.c	call-topology-single-file	medium	every LVGL-anchored call target is in LVGL/src/core/lv_obj_style.c
0x0044E23A	0x0044E23A	0x0044E244	10	10	lvgl-topology	lvgl-core	LVGL/src/core/lv_obj_style.c	call-topology-single-file	medium	every LVGL-anchored call target is in LVGL/src/core/lv_obj_style.c
0x0044E244	0x0044E244	0x0044E24E	10	10	lvgl-topology	lvgl-core	LVGL/src/core/lv_obj_style.c	call-topology-single-file	medium	every LVGL-anchored call target is in LVGL/src/core/lv_obj_style.c
0x0044E24E	0x0044E24E	0x0044E258	10	10	lvgl-topology	lvgl-core	LVGL/src/core/lv_obj_style.c	call-topology-single-file	medium	every LVGL-anchored call target is in LVGL/src/core/lv_obj_style.c
0x0044E258	0x0044E258	0x0044E262	10	10	lvgl-topology	lvgl-core	LVGL/src/core/lv_obj_style.c	call-topology-single-file	medium	every LVGL-anchored call target is in LVGL/src/core/lv_obj_style.c
0x0044E262	0x0044E262	0x0044E26C	10	10	lvgl-topology	lvgl-core	LVGL/src/core/lv_obj_style.c	call-topology-single-file	medium	every LVGL-anchored call target is in LVGL/src/core/lv_obj_style.c
0x0044E26C	0x0044E26C	0x0044E276	10	10	lvgl-topology	lvgl-core	LVGL/src/core/lv_obj_style.c	call-topology-single-file	medium	every LVGL-anchored call target is in LVGL/src/core/lv_obj_style.c
0x0044E276	0x0044E276	0x0044E282	12	12	lvgl-topology	lvgl-core	LVGL/src/core/lv_obj_style.c	call-topology-single-file	medium	every LVGL-anchored call target is in LVGL/src/core/lv_obj_style.c
0x0044E282	0x0044E282	0x0044E28E	12	12	lvgl-topology	lvgl-core	LVGL/src/core/lv_obj_style.c	call-topology-single-file	medium	every LVGL-anchored call target is in LVGL/src/core/lv_obj_style.c
0x0044E28E	0x0044E28E	0x0044E298	10	10	lvgl-topology	lvgl-core	LVGL/src/core/lv_obj_style.c	call-topology-single-file	medium	every LVGL-anchored call target is in LVGL/src/core/lv_obj_style.c
0x0044E298	0x0044E298	0x0044E2A4	12	12	lvgl-topology	lvgl-core	LVGL/src/core/lv_obj_style.c	call-topology-single-file	medium	every LVGL-anchored call target is in LVGL/src/core/lv_obj_style.c
0x0044E2A4	0x0044E2A4	0x0044E2B0	12	12	lvgl-topology	lvgl-core	LVGL/src/core/lv_obj_style.c	call-topology-single-file	medium	every LVGL-anchored call target is in LVGL/src/core/lv_obj_style.c
0x0044E2B0	0x0044E2B0	0x0044E2DE	46	46	lvgl-sandwich	lvgl-core	LVGL/src/core/lv_obj_style.c	call-topology-second-order-file	low	every medium-labelled call target is in LVGL/src/core/lv_obj_style.c
0x0044E2DE	0x0044E2DE	0x0044E30C	46	46	lvgl-sandwich	lvgl-core	LVGL/src/core/lv_obj_style.c	call-topology-second-order-file	low	every medium-labelled call target is in LVGL/src/core/lv_obj_style.c
0x0044E30C	0x0044E30C	0x0044E33A	46	46	lvgl-sandwich	lvgl-core	LVGL/src/core/lv_obj_style.c	call-topology-second-order-file	low	every medium-labelled call target is in LVGL/src/core/lv_obj_style.c
0x0044E33A	0x0044E33A	0x0044E368	46	46	lvgl-sandwich	lvgl-core	LVGL/src/core/lv_obj_style.c	call-topology-second-order-file	low	every medium-labelled call target is in LVGL/src/core/lv_obj_style.c
0x0044E3CA	0x0044E3CA	0x0044E3F8	46	46	lvgl-topology	lvgl-core	LVGL/src/core/lv_obj.c	call-topology-single-file	medium	every LVGL-anchored call target is in LVGL/src/core/lv_obj.c
0x0044E3F8	0x0044E3F8	0x0044E412	26	26	lvgl-topology	lvgl-core	LVGL/src/core/lv_obj.c	call-topology-single-file	medium	every LVGL-anchored call target is in LVGL/src/core/lv_obj.c
0x0044E412	0x0044E412	0x0044E42C	26	26	lvgl-topology	lvgl-core	LVGL/src/core/lv_obj.c	call-topology-single-file	medium	every LVGL-anchored call target is in LVGL/src/core/lv_obj.c
0x0044E42C	0x0044E42C	0x0044E442	22	22	lvgl-sandwich	lvgl-core	LVGL/src/core/lv_obj_scroll.c	link-order-file-sandwich	low	bracketed in link order by LVGL/src/core/lv_obj_scroll.c
0x0044E442	0x0044E442	0x0044E45A	24	24	lvgl-sandwich	lvgl-core	LVGL/src/core/lv_obj_scroll.c	link-order-file-sandwich	low	bracketed in link order by LVGL/src/core/lv_obj_scroll.c
0x0044E45A	0x0044E45A	0x0044E470	22	22	lvgl-sandwich	lvgl-core	LVGL/src/core/lv_obj_scroll.c	link-order-file-sandwich	low	bracketed in link order by LVGL/src/core/lv_obj_scroll.c
0x0044E470	0x0044E470	0x0044E486	22	22	lvgl-sandwich	lvgl-core	LVGL/src/core/lv_obj_scroll.c	link-order-file-sandwich	low	bracketed in link order by LVGL/src/core/lv_obj_scroll.c
0x0044E486	0x0044E486	0x0044E498	18	18	lvgl-sandwich	lvgl-core	LVGL/src/core/lv_obj_scroll.c	link-order-file-sandwich	low	bracketed in link order by LVGL/src/core/lv_obj_scroll.c
0x0044E498	0x0044E498	0x0044E4AA	18	18	lvgl-sandwich	lvgl-core	LVGL/src/core/lv_obj_scroll.c	link-order-file-sandwich	low	bracketed in link order by LVGL/src/core/lv_obj_scroll.c
0x0044E4AA	0x0044E4AA	0x0044E4BC	18	18	lvgl-sandwich	lvgl-core	LVGL/src/core/lv_obj_scroll.c	link-order-file-sandwich	low	bracketed in link order by LVGL/src/core/lv_obj_scroll.c
0x0044E75E	0x0044E75E	0x0044E79E	64	64	lvgl-sandwich	investigation-required		none	none	external callers: first-party|first-party-anchored
0x0044E79E	0x0044E79E	0x0044E884	230	230	lvgl-topology	lvgl-core	LVGL/src/core/lv_obj_scroll.c	call-topology-single-file	medium	every LVGL-anchored call target is in LVGL/src/core/lv_obj_scroll.c
0x0044E884	0x0044E884	0x0044E9BA	310	310	lvgl-topology	investigation-required		call-topology-mixed	none	LVGL call evidence spans lvgl-core|lvgl-misc
0x0044E9BA	0x0044E9BA	0x0044E9DA	32	32	lvgl-sandwich	investigation-required		none	none	external callers: lvgl_v9.3
0x0044E9DA	0x0044E9DA	0x0044EA04	42	42	lvgl-sandwich	lvgl-core	LVGL/src/core/lv_obj_scroll.c	call-topology-second-order-file	low	every medium-labelled call target is in LVGL/src/core/lv_obj_scroll.c
0x0044EA04	0x0044EA04	0x0044EA2E	42	42	lvgl-sandwich	lvgl-core	LVGL/src/core/lv_obj_scroll.c	call-topology-second-order-file	low	every medium-labelled call target is in LVGL/src/core/lv_obj_scroll.c
0x0044EA2E	0x0044EA2E	0x0044EA56	40	40	lvgl-sandwich	lvgl-core	LVGL/src/core/lv_obj_tree.c	call-topology-second-order-file	low	every medium-labelled call target is in LVGL/src/core/lv_obj_tree.c
0x0044EA56	0x0044EA56	0x0044EA98	66	66	lvgl-topology	lvgl-core	LVGL/src/core/lv_obj_tree.c	call-topology-single-file	medium	every LVGL-anchored call target is in LVGL/src/core/lv_obj_tree.c
0x0044EA98	0x0044EA98	0x0044EAF2	90	90	lvgl-topology	lvgl-core		call-topology-single-module	medium	LVGL-anchored call targets span LVGL/src/core/lv_obj.c|LVGL/src/core/lv_obj_event.c|LVGL/src/core/lv_obj_pos.c of lvgl-core
0x0044EB28	0x0044EB28	0x0044F2CA	1954	1954	lvgl-topology	lvgl-core		call-topology-single-module	medium	LVGL-anchored call targets span LVGL/src/core/lv_obj.c|LVGL/src/core/lv_obj_pos.c|LVGL/src/core/lv_obj_scroll.c of lvgl-core
0x0044F2CA	0x0044F2CA	0x0044F316	76	76	lvgl-topology	lvgl-core	LVGL/src/core/lv_obj_pos.c	call-topology-single-file	medium	every LVGL-anchored call target is in LVGL/src/core/lv_obj_pos.c
0x0044F316	0x0044F316	0x0044F3B6	160	160	lvgl-topology	lvgl-core	LVGL/src/core/lv_obj_scroll.c	call-topology-single-file	medium	every LVGL-anchored call target is in LVGL/src/core/lv_obj_scroll.c
0x0044F40C	0x0044F40C	0x0044F704	760	760	lvgl-topology	lvgl-core		call-topology-single-module	medium	LVGL-anchored call targets span LVGL/src/core/lv_obj.c|LVGL/src/core/lv_obj_pos.c|LVGL/src/core/lv_obj_scroll.c|LVGL/src/core/lv_obj_tree.c of lvgl-core
0x0044F70C	0x0044F70C	0x0044F718	12	12	lvgl-sandwich	investigation-required		none	none	no closed-world LVGL evidence
0x0044F718	0x0044F718	0x0044F730	24	0	lvgl-sandwich	investigation-required		none	none	external callers: investigation-required-no-evidence|lvgl_v9.3
0x0044F730	0x0044F730	0x0044F758	40	40	lvgl-sandwich	investigation-required		none	none	external callers: lvgl_v9.3
0x0044F758	0x0044F758	0x0044F76A	18	0	lvgl-sandwich	investigation-required		none	none	external callers: investigation-required-mixed|investigation-required-no-evidence|littlefs|lvgl_v9.3
0x0044F7B4	0x0044F7B4	0x0044F7C0	12	12	lvgl-sandwich	investigation-required		none	none	external callers: lvgl_v9.3
0x0044FA1A	0x0044FA1A	0x0044FA22	8	8	lvgl-sandwich	lvgl-display	LVGL/src/display/lv_display.c	link-order-file-sandwich	low	bracketed in link order by LVGL/src/display/lv_display.c
0x0044FA22	0x0044FA22	0x0044FA3E	28	28	lvgl-sandwich	lvgl-display	LVGL/src/display/lv_display.c	link-order-file-sandwich	low	bracketed in link order by LVGL/src/display/lv_display.c
0x0044FA3E	0x0044FA3E	0x0044FA5E	32	32	lvgl-topology	lvgl-core	LVGL/src/core/lv_obj_pos.c	call-topology-single-file	medium	every LVGL-anchored call target is in LVGL/src/core/lv_obj_pos.c
0x0044FA5E	0x0044FA5E	0x0044FA7E	32	32	lvgl-topology	lvgl-core	LVGL/src/core/lv_obj_pos.c	call-topology-single-file	medium	every LVGL-anchored call target is in LVGL/src/core/lv_obj_pos.c
0x0044FA7E	0x0044FA7E	0x0044FAA8	42	42	lvgl-sandwich	lvgl-display	LVGL/src/display/lv_display.c	link-order-file-sandwich	low	bracketed in link order by LVGL/src/display/lv_display.c
0x0044FAA8	0x0044FAA8	0x0044FAD2	42	42	lvgl-sandwich	lvgl-display	LVGL/src/display/lv_display.c	link-order-file-sandwich	low	bracketed in link order by LVGL/src/display/lv_display.c
0x0044FAD2	0x0044FAD2	0x0044FB10	62	62	lvgl-sandwich	lvgl-display	LVGL/src/display/lv_display.c	link-order-file-sandwich	low	bracketed in link order by LVGL/src/display/lv_display.c
0x0044FB10	0x0044FB10	0x0044FB4E	62	62	lvgl-sandwich	lvgl-display	LVGL/src/display/lv_display.c	link-order-file-sandwich	low	bracketed in link order by LVGL/src/display/lv_display.c
0x0044FB4E	0x0044FB4E	0x0044FB9A	76	76	lvgl-sandwich	lvgl-display	LVGL/src/display/lv_display.c	link-order-file-sandwich	low	bracketed in link order by LVGL/src/display/lv_display.c
0x0044FB9A	0x0044FB9A	0x0044FBE6	76	76	lvgl-sandwich	lvgl-display	LVGL/src/display/lv_display.c	link-order-file-sandwich	low	bracketed in link order by LVGL/src/display/lv_display.c
0x0044FBE6	0x0044FBE6	0x0044FBFC	22	22	lvgl-sandwich	lvgl-display	LVGL/src/display/lv_display.c	link-order-file-sandwich	low	bracketed in link order by LVGL/src/display/lv_display.c
0x0044FBFC	0x0044FBFC	0x0044FC18	28	28	lvgl-sandwich	lvgl-display	LVGL/src/display/lv_display.c	link-order-file-sandwich	low	bracketed in link order by LVGL/src/display/lv_display.c
0x0044FC18	0x0044FC18	0x0044FC2E	22	22	lvgl-sandwich	lvgl-display	LVGL/src/display/lv_display.c	link-order-file-sandwich	low	bracketed in link order by LVGL/src/display/lv_display.c
0x0044FC2E	0x0044FC2E	0x0044FC42	20	20	lvgl-sandwich	lvgl-display	LVGL/src/display/lv_display.c	link-order-file-sandwich	low	bracketed in link order by LVGL/src/display/lv_display.c
0x0044FC42	0x0044FC42	0x0044FC52	16	16	lvgl-sandwich	lvgl-display	LVGL/src/display/lv_display.c	link-order-file-sandwich	low	bracketed in link order by LVGL/src/display/lv_display.c
0x0044FC52	0x0044FC52	0x0044FC62	16	16	lvgl-sandwich	lvgl-display	LVGL/src/display/lv_display.c	link-order-file-sandwich	low	bracketed in link order by LVGL/src/display/lv_display.c
0x0044FDBE	0x0044FDBE	0x0044FE0E	80	80	lvgl-sandwich	lvgl-display	LVGL/src/display/lv_display.c	link-order-file-sandwich	low	bracketed in link order by LVGL/src/display/lv_display.c
0x0044FE7E	0x0044FE7E	0x0044FE8E	16	16	lvgl-sandwich	lvgl-display	LVGL/src/display/lv_display.c	link-order-file-sandwich	low	bracketed in link order by LVGL/src/display/lv_display.c
0x0044FF38	0x0044FF38	0x0044FF44	12	12	lvgl-topology	lvgl-display	LVGL/src/display/lv_display.c	call-topology-single-file	medium	every LVGL-anchored call target is in LVGL/src/display/lv_display.c
0x0044FFCC	0x0044FFCC	0x0044FFD0	4	4	lvgl-sandwich	investigation-required		none	none	no closed-world LVGL evidence
0x0044FFD0	0x0044FFD0	0x0044FFDC	12	12	lvgl-sandwich	investigation-required		none	none	external callers: lvgl_v9.3
0x0044FFDC	0x0044FFDC	0x0044FFE6	10	10	lvgl-sandwich	investigation-required		none	none	external callers: lvgl_v9.3
0x0044FFE6	0x0044FFE6	0x004500E4	254	254	lvgl-sandwich	lvgl-misc	LVGL/src/misc/lv_array.c	call-topology-second-order-file	low	every medium-labelled call target is in LVGL/src/misc/lv_array.c
0x00450286	0x00450286	0x0045028E	8	8	lvgl-sandwich	lvgl-misc		link-order-module-sandwich	low	bracketed in link order by lvgl-misc
0x0045028E	0x0045028E	0x004502B2	36	36	lvgl-sandwich	lvgl-misc		link-order-module-sandwich	low	bracketed in link order by lvgl-misc
0x004502E0	0x004502E0	0x00450346	102	102	lvgl-topology	lvgl-misc	LVGL/src/misc/lv_array.c	call-topology-single-file	medium	every LVGL-anchored call target is in LVGL/src/misc/lv_array.c
0x00450346	0x00450346	0x0045036C	38	38	lvgl-sandwich	lvgl-misc	LVGL/src/misc/lv_array.c	call-topology-second-order-file	low	every medium-labelled call target is in LVGL/src/misc/lv_array.c
0x0045036C	0x0045036C	0x0045037E	18	18	lvgl-sandwich	lvgl-misc		link-order-module-sandwich	low	bracketed in link order by lvgl-misc
0x0045037E	0x0045037E	0x00450388	10	10	lvgl-sandwich	lvgl-misc		link-order-module-sandwich	low	bracketed in link order by lvgl-misc
0x00450388	0x00450388	0x00450390	8	8	lvgl-sandwich	lvgl-misc		link-order-module-sandwich	low	bracketed in link order by lvgl-misc
0x00450390	0x00450390	0x00450398	8	8	lvgl-topology	lvgl-misc	LVGL/src/misc/lv_array.c	call-topology-single-file	medium	every LVGL-anchored call target is in LVGL/src/misc/lv_array.c
0x00450398	0x00450398	0x004503A4	12	12	lvgl-sandwich	lvgl-misc		link-order-module-sandwich	low	bracketed in link order by lvgl-misc
0x004503A4	0x004503A4	0x004503D6	50	50	lvgl-topology	lvgl-misc	LVGL/src/misc/lv_timer.c	call-topology-single-file	medium	every LVGL-anchored call target is in LVGL/src/misc/lv_timer.c
0x004503D6	0x004503D6	0x00450408	50	50	lvgl-sandwich	lvgl-misc		link-order-module-sandwich	low	bracketed in link order by lvgl-misc
0x00450500	0x00450500	0x00450566	102	102	lvgl-sandwich	lvgl-misc	LVGL/src/misc/lv_timer.c	call-topology-second-order-file	low	every medium-labelled call target is in LVGL/src/misc/lv_timer.c
0x00450566	0x00450566	0x004505A2	60	60	lvgl-sandwich	lvgl-misc	LVGL/src/misc/lv_anim.c	link-order-file-sandwich	low	bracketed in link order by LVGL/src/misc/lv_anim.c
0x00450634	0x00450634	0x0045065A	38	38	lvgl-sandwich	investigation-required		none	none	no closed-world LVGL evidence
0x004506CE	0x004506CE	0x004506DA	12	12	lvgl-sandwich	investigation-required		none	none	external callers: first-party|first-party-anchored|lvgl_v9.3
0x004506DA	0x004506DA	0x004506E8	14	14	lvgl-sandwich	investigation-required		none	none	external callers: lvgl_v9.3
0x004506E8	0x004506E8	0x004506FC	20	20	lvgl-sandwich	investigation-required		none	none	no closed-world LVGL evidence
0x004506FC	0x004506FC	0x00450758	92	92	lvgl-sandwich	investigation-required		none	none	no closed-world LVGL evidence
0x00450758	0x00450758	0x00450910	440	440	lvgl-sandwich	investigation-required		none	none	no closed-world LVGL evidence
0x00450910	0x00450910	0x004509DA	202	202	lvgl-sandwich	lvgl-misc	LVGL/src/misc/lv_timer.c	call-topology-second-order-file	low	every medium-labelled call target is in LVGL/src/misc/lv_timer.c
0x004509DA	0x004509DA	0x00450A04	42	42	lvgl-topology	lvgl-misc	LVGL/src/misc/lv_timer.c	call-topology-single-file	medium	every LVGL-anchored call target is in LVGL/src/misc/lv_timer.c
0x00450A04	0x00450A04	0x00450A3E	58	58	lvgl-sandwich	investigation-required		none	none	no closed-world LVGL evidence
0x00450A3E	0x00450A3E	0x00450A74	54	54	lvgl-sandwich	investigation-required		none	none	external callers: lvgl_v9.3
0x00450A74	0x00450A74	0x00450B0C	152	152	lvgl-sandwich	lvgl-misc	LVGL/src/misc/lv_timer.c	call-topology-second-order-file	low	every medium-labelled call target is in LVGL/src/misc/lv_timer.c
0x00450B0C	0x00450B0C	0x00450B2E	34	34	lvgl-sandwich	investigation-required		none	none	no closed-world LVGL evidence
0x00450B5C	0x00450B5C	0x00450B6C	16	16	lvgl-sandwich	investigation-required		none	none	external callers: lvgl_v9.3
0x00450B6C	0x00450B6C	0x00450B76	10	10	lvgl-sandwich	investigation-required		none	none	external callers: lvgl_v9.3
0x00450B76	0x00450B76	0x00450B80	10	10	lvgl-sandwich	investigation-required		none	none	external callers: lvgl_v9.3
0x00450B80	0x00450B80	0x00450B98	24	24	lvgl-sandwich	investigation-required		none	none	external callers: lvgl_v9.3
0x00450B98	0x00450B98	0x00450BB2	26	26	lvgl-sandwich	investigation-required		none	none	external callers: investigation-required-no-evidence|lvgl_v9.3
0x00450BB2	0x00450BB2	0x00450BCC	26	26	lvgl-sandwich	investigation-required		none	none	external callers: investigation-required-mixed|lvgl_v9.3
0x00450BCC	0x00450BCC	0x00450C2A	94	94	lvgl-sandwich	investigation-required		none	none	external callers: investigation-required-mixed|lvgl_v9.3
0x00450C2A	0x00450C2A	0x00450D8E	356	356	lvgl-sandwich	investigation-required		none	none	external callers: investigation-required-mixed
0x00450D8E	0x00450D8E	0x00450DD4	70	70	lvgl-sandwich	investigation-required		none	none	no closed-world LVGL evidence
0x00450DD4	0x00450DD4	0x00450F00	300	300	lvgl-sandwich	investigation-required		none	none	no closed-world LVGL evidence
0x00450F00	0x00450F00	0x00450F28	40	40	lvgl-sandwich	investigation-required		none	none	no closed-world LVGL evidence
0x00450F28	0x00450F28	0x00450FDA	178	178	lvgl-sandwich	investigation-required		none	none	external callers: lvgl_v9.3
0x00450FDA	0x00450FDA	0x00451082	168	168	lvgl-sandwich	investigation-required		none	none	external callers: lvgl_v9.3
0x00451082	0x00451082	0x004513AE	812	812	lvgl-sandwich	investigation-required		none	none	external callers: lvgl_v9.3
0x004513AE	0x004513AE	0x004513C8	26	26	lvgl-sandwich	investigation-required		none	none	external callers: first-party
0x004513C8	0x004513C8	0x00451598	464	464	lvgl-sandwich	investigation-required		none	none	external callers: investigation-required-no-evidence
0x00451598	0x00451598	0x004515A4	12	12	lvgl-sandwich	investigation-required		none	none	external callers: investigation-required-mixed|investigation-required-no-evidence|lvgl_v9.3
0x004515A4	0x004515A4	0x004515B0	12	12	lvgl-sandwich	investigation-required		none	none	external callers: investigation-required-mixed|investigation-required-no-evidence|lvgl_v9.3
0x004515B0	0x004515B0	0x004515D2	34	34	lvgl-sandwich	investigation-required		none	none	no closed-world LVGL evidence
0x004515D2	0x004515D2	0x004515F6	36	36	lvgl-sandwich	investigation-required		none	none	external callers: first-party|first-party-anchored|lvgl_v9.3
0x00451600	0x00451600	0x0045163C	60	60	lvgl-sandwich	investigation-required		none	none	external callers: lvgl_v9.3
0x0045163C	0x0045163C	0x00451670	52	52	lvgl-sandwich	investigation-required		none	none	no closed-world LVGL evidence
0x004516F8	0x004516F8	0x00451740	72	72	lvgl-sandwich	lvgl-core	LVGL/src/core/lv_obj_event.c	link-order-file-sandwich	low	bracketed in link order by LVGL/src/core/lv_obj_event.c
0x00451A6C	0x00451A6C	0x00451B34	200	200	lvgl-topology	lvgl-core	LVGL/src/core/lv_obj_tree.c	call-topology-single-file	medium	every LVGL-anchored call target is in LVGL/src/core/lv_obj_tree.c
0x00451B34	0x00451B34	0x00451B8E	90	90	lvgl-topology	lvgl-core	LVGL/src/core/lv_obj.c	call-topology-single-file	medium	every LVGL-anchored call target is in LVGL/src/core/lv_obj.c
0x00451B90	0x00451B90	0x00451B9C	12	12	lvgl-sandwich	investigation-required		none	none	external callers: lvgl_v9.3
0x00451B9C	0x00451B9C	0x00451C3A	158	158	lvgl-sandwich	investigation-required		none	none	external callers: lvgl_v9.3
0x00451C3A	0x00451C3A	0x00451C52	24	24	lvgl-sandwich	investigation-required		none	none	external callers: lvgl_v9.3
0x004522D4	0x004522D4	0x004522DE	10	10	lvgl-topology	lvgl-core	LVGL/src/core/lv_obj_style.c	call-topology-single-file	medium	every LVGL-anchored call target is in LVGL/src/core/lv_obj_style.c
0x004522DE	0x004522DE	0x004522E8	10	10	lvgl-topology	lvgl-core	LVGL/src/core/lv_obj_style.c	call-topology-single-file	medium	every LVGL-anchored call target is in LVGL/src/core/lv_obj_style.c
0x004522E8	0x004522E8	0x00452308	32	32	lvgl-topology	lvgl-core	LVGL/src/core/lv_obj_style.c	call-topology-single-file	medium	every LVGL-anchored call target is in LVGL/src/core/lv_obj_style.c
0x00452308	0x00452308	0x00452314	12	12	lvgl-topology	lvgl-core	LVGL/src/core/lv_obj_style.c	call-topology-single-file	medium	every LVGL-anchored call target is in LVGL/src/core/lv_obj_style.c
0x00452314	0x00452314	0x00452334	32	32	lvgl-topology	lvgl-core	LVGL/src/core/lv_obj_style.c	call-topology-single-file	medium	every LVGL-anchored call target is in LVGL/src/core/lv_obj_style.c
0x00452334	0x00452334	0x00452340	12	12	lvgl-topology	lvgl-core	LVGL/src/core/lv_obj_style.c	call-topology-single-file	medium	every LVGL-anchored call target is in LVGL/src/core/lv_obj_style.c
0x00452340	0x00452340	0x0045234A	10	10	lvgl-topology	lvgl-core	LVGL/src/core/lv_obj_style.c	call-topology-single-file	medium	every LVGL-anchored call target is in LVGL/src/core/lv_obj_style.c
0x0045234A	0x0045234A	0x00452354	10	10	lvgl-topology	lvgl-core	LVGL/src/core/lv_obj_style.c	call-topology-single-file	medium	every LVGL-anchored call target is in LVGL/src/core/lv_obj_style.c
0x00452354	0x00452354	0x00452360	12	12	lvgl-topology	lvgl-core	LVGL/src/core/lv_obj_style.c	call-topology-single-file	medium	every LVGL-anchored call target is in LVGL/src/core/lv_obj_style.c
0x00452360	0x00452360	0x0045236C	12	12	lvgl-topology	lvgl-core	LVGL/src/core/lv_obj_style.c	call-topology-single-file	medium	every LVGL-anchored call target is in LVGL/src/core/lv_obj_style.c
0x0045236C	0x0045236C	0x00452376	10	10	lvgl-topology	lvgl-core	LVGL/src/core/lv_obj_style.c	call-topology-single-file	medium	every LVGL-anchored call target is in LVGL/src/core/lv_obj_style.c
0x00452376	0x00452376	0x00452380	10	10	lvgl-topology	lvgl-core	LVGL/src/core/lv_obj_style.c	call-topology-single-file	medium	every LVGL-anchored call target is in LVGL/src/core/lv_obj_style.c
0x00452380	0x00452380	0x0045238C	12	12	lvgl-topology	lvgl-core	LVGL/src/core/lv_obj_style.c	call-topology-single-file	medium	every LVGL-anchored call target is in LVGL/src/core/lv_obj_style.c
0x0045238C	0x0045238C	0x004523AC	32	32	lvgl-topology	lvgl-core	LVGL/src/core/lv_obj_style.c	call-topology-single-file	medium	every LVGL-anchored call target is in LVGL/src/core/lv_obj_style.c
0x004523AC	0x004523AC	0x004523B8	12	12	lvgl-topology	lvgl-core	LVGL/src/core/lv_obj_style.c	call-topology-single-file	medium	every LVGL-anchored call target is in LVGL/src/core/lv_obj_style.c
0x004523B8	0x004523B8	0x004523CE	22	22	lvgl-topology	lvgl-core	LVGL/src/core/lv_obj_style.c	call-topology-single-file	medium	every LVGL-anchored call target is in LVGL/src/core/lv_obj_style.c
0x004523CE	0x004523CE	0x004523EE	32	32	lvgl-topology	lvgl-core	LVGL/src/core/lv_obj_style.c	call-topology-single-file	medium	every LVGL-anchored call target is in LVGL/src/core/lv_obj_style.c
0x004523EE	0x004523EE	0x004523FA	12	12	lvgl-topology	lvgl-core	LVGL/src/core/lv_obj_style.c	call-topology-single-file	medium	every LVGL-anchored call target is in LVGL/src/core/lv_obj_style.c
0x004523FA	0x004523FA	0x00452404	10	10	lvgl-topology	lvgl-core	LVGL/src/core/lv_obj_style.c	call-topology-single-file	medium	every LVGL-anchored call target is in LVGL/src/core/lv_obj_style.c
0x00452404	0x00452404	0x00452410	12	12	lvgl-topology	lvgl-core	LVGL/src/core/lv_obj_style.c	call-topology-single-file	medium	every LVGL-anchored call target is in LVGL/src/core/lv_obj_style.c
0x00452410	0x00452410	0x0045241A	10	10	lvgl-topology	lvgl-core	LVGL/src/core/lv_obj_style.c	call-topology-single-file	medium	every LVGL-anchored call target is in LVGL/src/core/lv_obj_style.c
0x0045241A	0x0045241A	0x0045243A	32	32	lvgl-topology	lvgl-core	LVGL/src/core/lv_obj_style.c	call-topology-single-file	medium	every LVGL-anchored call target is in LVGL/src/core/lv_obj_style.c
0x0045243A	0x0045243A	0x00452446	12	12	lvgl-topology	lvgl-core	LVGL/src/core/lv_obj_style.c	call-topology-single-file	medium	every LVGL-anchored call target is in LVGL/src/core/lv_obj_style.c
0x00452446	0x00452446	0x00452450	10	10	lvgl-topology	lvgl-core	LVGL/src/core/lv_obj_style.c	call-topology-single-file	medium	every LVGL-anchored call target is in LVGL/src/core/lv_obj_style.c
0x00452450	0x00452450	0x0045245A	10	10	lvgl-topology	lvgl-core	LVGL/src/core/lv_obj_style.c	call-topology-single-file	medium	every LVGL-anchored call target is in LVGL/src/core/lv_obj_style.c
0x0045245A	0x0045245A	0x00452464	10	10	lvgl-topology	lvgl-core	LVGL/src/core/lv_obj_style.c	call-topology-single-file	medium	every LVGL-anchored call target is in LVGL/src/core/lv_obj_style.c
0x00452464	0x00452464	0x0045246E	10	10	lvgl-topology	lvgl-core	LVGL/src/core/lv_obj_style.c	call-topology-single-file	medium	every LVGL-anchored call target is in LVGL/src/core/lv_obj_style.c
0x0045246E	0x0045246E	0x00452478	10	10	lvgl-topology	lvgl-core	LVGL/src/core/lv_obj_style.c	call-topology-single-file	medium	every LVGL-anchored call target is in LVGL/src/core/lv_obj_style.c
0x00452478	0x00452478	0x00452498	32	32	lvgl-topology	lvgl-core	LVGL/src/core/lv_obj_style.c	call-topology-single-file	medium	every LVGL-anchored call target is in LVGL/src/core/lv_obj_style.c
0x00452498	0x00452498	0x004524A4	12	12	lvgl-topology	lvgl-core	LVGL/src/core/lv_obj_style.c	call-topology-single-file	medium	every LVGL-anchored call target is in LVGL/src/core/lv_obj_style.c
0x004524A4	0x004524A4	0x004524B0	12	12	lvgl-topology	lvgl-core	LVGL/src/core/lv_obj_style.c	call-topology-single-file	medium	every LVGL-anchored call target is in LVGL/src/core/lv_obj_style.c
0x004524B0	0x004524B0	0x004524D0	32	32	lvgl-topology	lvgl-core	LVGL/src/core/lv_obj_style.c	call-topology-single-file	medium	every LVGL-anchored call target is in LVGL/src/core/lv_obj_style.c
0x004524D0	0x004524D0	0x004524DC	12	12	lvgl-topology	lvgl-core	LVGL/src/core/lv_obj_style.c	call-topology-single-file	medium	every LVGL-anchored call target is in LVGL/src/core/lv_obj_style.c
0x004524DC	0x004524DC	0x004524E6	10	10	lvgl-topology	lvgl-core	LVGL/src/core/lv_obj_style.c	call-topology-single-file	medium	every LVGL-anchored call target is in LVGL/src/core/lv_obj_style.c
0x004524E6	0x004524E6	0x004524F0	10	10	lvgl-topology	lvgl-core	LVGL/src/core/lv_obj_style.c	call-topology-single-file	medium	every LVGL-anchored call target is in LVGL/src/core/lv_obj_style.c
0x004524F0	0x004524F0	0x004524FA	10	10	lvgl-topology	lvgl-core	LVGL/src/core/lv_obj_style.c	call-topology-single-file	medium	every LVGL-anchored call target is in LVGL/src/core/lv_obj_style.c
0x004524FA	0x004524FA	0x00452510	22	22	lvgl-topology	lvgl-core	LVGL/src/core/lv_obj_style.c	call-topology-single-file	medium	every LVGL-anchored call target is in LVGL/src/core/lv_obj_style.c
0x00452510	0x00452510	0x00452530	32	32	lvgl-topology	lvgl-core	LVGL/src/core/lv_obj_style.c	call-topology-single-file	medium	every LVGL-anchored call target is in LVGL/src/core/lv_obj_style.c
0x00452530	0x00452530	0x0045253C	12	12	lvgl-topology	lvgl-core	LVGL/src/core/lv_obj_style.c	call-topology-single-file	medium	every LVGL-anchored call target is in LVGL/src/core/lv_obj_style.c
0x0045253C	0x0045253C	0x00452546	10	10	lvgl-topology	lvgl-core	LVGL/src/core/lv_obj_style.c	call-topology-single-file	medium	every LVGL-anchored call target is in LVGL/src/core/lv_obj_style.c
0x00452546	0x00452546	0x0045255C	22	22	lvgl-topology	lvgl-core	LVGL/src/core/lv_obj_style.c	call-topology-single-file	medium	every LVGL-anchored call target is in LVGL/src/core/lv_obj_style.c
0x0045255C	0x0045255C	0x0045257C	32	32	lvgl-topology	lvgl-core	LVGL/src/core/lv_obj_style.c	call-topology-single-file	medium	every LVGL-anchored call target is in LVGL/src/core/lv_obj_style.c
0x0045257C	0x0045257C	0x00452588	12	12	lvgl-topology	lvgl-core	LVGL/src/core/lv_obj_style.c	call-topology-single-file	medium	every LVGL-anchored call target is in LVGL/src/core/lv_obj_style.c
0x00452588	0x00452588	0x00452592	10	10	lvgl-topology	lvgl-core	LVGL/src/core/lv_obj_style.c	call-topology-single-file	medium	every LVGL-anchored call target is in LVGL/src/core/lv_obj_style.c
0x00452592	0x00452592	0x004525B2	32	32	lvgl-topology	lvgl-core	LVGL/src/core/lv_obj_style.c	call-topology-single-file	medium	every LVGL-anchored call target is in LVGL/src/core/lv_obj_style.c
0x004525B2	0x004525B2	0x004525BE	12	12	lvgl-topology	lvgl-core	LVGL/src/core/lv_obj_style.c	call-topology-single-file	medium	every LVGL-anchored call target is in LVGL/src/core/lv_obj_style.c
0x004525BE	0x004525BE	0x004525C8	10	10	lvgl-topology	lvgl-core	LVGL/src/core/lv_obj_style.c	call-topology-single-file	medium	every LVGL-anchored call target is in LVGL/src/core/lv_obj_style.c
0x004525C8	0x004525C8	0x004525D2	10	10	lvgl-topology	lvgl-core	LVGL/src/core/lv_obj_style.c	call-topology-single-file	medium	every LVGL-anchored call target is in LVGL/src/core/lv_obj_style.c
0x004525D2	0x004525D2	0x004525DC	10	10	lvgl-topology	lvgl-core	LVGL/src/core/lv_obj_style.c	call-topology-single-file	medium	every LVGL-anchored call target is in LVGL/src/core/lv_obj_style.c
0x004525DC	0x004525DC	0x004525E8	12	12	lvgl-topology	lvgl-core	LVGL/src/core/lv_obj_style.c	call-topology-single-file	medium	every LVGL-anchored call target is in LVGL/src/core/lv_obj_style.c
0x004525E8	0x004525E8	0x004525F4	12	12	lvgl-topology	lvgl-core	LVGL/src/core/lv_obj_style.c	call-topology-single-file	medium	every LVGL-anchored call target is in LVGL/src/core/lv_obj_style.c
0x004525F4	0x004525F4	0x004525FE	10	10	lvgl-topology	lvgl-core	LVGL/src/core/lv_obj_style.c	call-topology-single-file	medium	every LVGL-anchored call target is in LVGL/src/core/lv_obj_style.c
0x004525FE	0x004525FE	0x0045260A	12	12	lvgl-topology	lvgl-core	LVGL/src/core/lv_obj_style.c	call-topology-single-file	medium	every LVGL-anchored call target is in LVGL/src/core/lv_obj_style.c
0x0045260A	0x0045260A	0x00452616	12	12	lvgl-topology	lvgl-core	LVGL/src/core/lv_obj_style.c	call-topology-single-file	medium	every LVGL-anchored call target is in LVGL/src/core/lv_obj_style.c
0x00452616	0x00452616	0x00452988	882	882	lvgl-sandwich	lvgl-core	LVGL/src/core/lv_obj_style.c	call-topology-second-order-file	low	every medium-labelled call target is in LVGL/src/core/lv_obj_style.c
0x00452988	0x00452988	0x00452A34	172	172	lvgl-sandwich	lvgl-core	LVGL/src/core/lv_obj_style.c	call-topology-second-order-file	low	every medium-labelled call target is in LVGL/src/core/lv_obj_style.c
0x00452A34	0x00452A34	0x00452B0E	218	218	lvgl-sandwich	lvgl-core	LVGL/src/core/lv_obj_style.c	call-topology-second-order-file	low	every medium-labelled call target is in LVGL/src/core/lv_obj_style.c
0x00452B0E	0x00452B0E	0x00452BCA	188	188	lvgl-sandwich	lvgl-core	LVGL/src/core/lv_obj_style.c	call-topology-second-order-file	low	every medium-labelled call target is in LVGL/src/core/lv_obj_style.c
0x00452BCA	0x00452BCA	0x00452C66	156	156	lvgl-sandwich	lvgl-core	LVGL/src/core/lv_obj_style.c	call-topology-second-order-file	low	every medium-labelled call target is in LVGL/src/core/lv_obj_style.c
0x00452C66	0x00452C66	0x00452D42	220	220	lvgl-sandwich	lvgl-core	LVGL/src/core/lv_obj_style.c	call-topology-second-order-file	low	every medium-labelled call target is in LVGL/src/core/lv_obj_style.c
0x00452DC8	0x00452DC8	0x00452DD8	16	16	lvgl-sandwich	lvgl-core		link-order-module-sandwich	low	bracketed in link order by lvgl-core
0x00452DD8	0x00452DD8	0x00452DF0	24	24	lvgl-sandwich	lvgl-core		link-order-module-sandwich	low	bracketed in link order by lvgl-core
0x00452DF0	0x00452DF0	0x00452E22	50	50	lvgl-sandwich	lvgl-core		call-topology-second-order-module	low	medium-labelled call targets span LVGL/src/core/lv_obj_style.c|LVGL/src/core/lv_obj_tree.c
0x00452E22	0x00452E22	0x00452E68	70	70	lvgl-sandwich	lvgl-core	LVGL/src/core/lv_obj_tree.c	call-topology-second-order-file	low	every medium-labelled call target is in LVGL/src/core/lv_obj_tree.c
0x00452E68	0x00452E68	0x00452ED0	104	104	lvgl-sandwich	lvgl-core	LVGL/src/core/lv_obj_tree.c	call-topology-second-order-file	low	every medium-labelled call target is in LVGL/src/core/lv_obj_tree.c
0x00452ED0	0x00452ED0	0x00452EDC	12	12	lvgl-sandwich	lvgl-core		link-order-module-sandwich	low	bracketed in link order by lvgl-core
0x00452EDC	0x00452EDC	0x00452EF8	28	28	lvgl-sandwich	lvgl-core		link-order-module-sandwich	low	bracketed in link order by lvgl-core
0x00452EF8	0x00452EF8	0x00452F00	8	8	lvgl-sandwich	lvgl-core		link-order-module-sandwich	low	bracketed in link order by lvgl-core
0x00452F00	0x00452F00	0x00452F0C	12	12	lvgl-sandwich	lvgl-core		link-order-module-sandwich	low	bracketed in link order by lvgl-core
0x00452F0C	0x00452F0C	0x00452F18	12	12	lvgl-sandwich	lvgl-core		link-order-module-sandwich	low	bracketed in link order by lvgl-core
0x00452F18	0x00452F18	0x00452F26	14	14	lvgl-sandwich	lvgl-core		link-order-module-sandwich	low	bracketed in link order by lvgl-core
0x00452F26	0x00452F26	0x00452F5E	56	56	lvgl-sandwich	lvgl-core	LVGL/src/core/lv_obj_event.c	call-topology-second-order-file	low	every medium-labelled call target is in LVGL/src/core/lv_obj_event.c
0x00452F5E	0x00452F5E	0x00452F8C	46	46	lvgl-sandwich	lvgl-core		link-order-module-sandwich	low	bracketed in link order by lvgl-core
0x00452F8C	0x00452F8C	0x00452FAE	34	34	lvgl-sandwich	lvgl-core		link-order-module-sandwich	low	bracketed in link order by lvgl-core
0x00452FAE	0x00452FAE	0x00452FCA	28	28	lvgl-sandwich	lvgl-core		link-order-module-sandwich	low	bracketed in link order by lvgl-core
0x00452FCA	0x00452FCA	0x00452FEC	34	34	lvgl-sandwich	lvgl-core		link-order-module-sandwich	low	bracketed in link order by lvgl-core
0x00452FEC	0x00452FEC	0x00452FFA	14	14	lvgl-sandwich	lvgl-core		link-order-module-sandwich	low	bracketed in link order by lvgl-core
0x00452FFA	0x00452FFA	0x00453002	8	8	lvgl-sandwich	lvgl-core		link-order-module-sandwich	low	bracketed in link order by lvgl-core
0x00453002	0x00453002	0x00453052	80	80	lvgl-sandwich	lvgl-core		link-order-module-sandwich	low	bracketed in link order by lvgl-core
0x0045305C	0x0045305C	0x004530F6	154	154	lvgl-topology	lvgl-core	LVGL/src/core/lv_obj_event.c	call-topology-single-file	medium	every LVGL-anchored call target is in LVGL/src/core/lv_obj_event.c
0x004530FC	0x004530FC	0x0045310E	18	18	lvgl-sandwich	lvgl-core		link-order-module-sandwich	low	bracketed in link order by lvgl-core
0x0045310E	0x0045310E	0x0045311A	12	12	lvgl-sandwich	lvgl-core		link-order-module-sandwich	low	bracketed in link order by lvgl-core
0x0045311A	0x0045311A	0x00453124	10	10	lvgl-topology	lvgl-core	LVGL/src/core/lv_obj_style.c	call-topology-single-file	medium	every LVGL-anchored call target is in LVGL/src/core/lv_obj_style.c
0x00453124	0x00453124	0x0045312E	10	10	lvgl-topology	lvgl-core	LVGL/src/core/lv_obj_style.c	call-topology-single-file	medium	every LVGL-anchored call target is in LVGL/src/core/lv_obj_style.c
0x0045312E	0x0045312E	0x00453138	10	10	lvgl-topology	lvgl-core	LVGL/src/core/lv_obj_style.c	call-topology-single-file	medium	every LVGL-anchored call target is in LVGL/src/core/lv_obj_style.c
0x00453138	0x00453138	0x00453142	10	10	lvgl-topology	lvgl-core	LVGL/src/core/lv_obj_style.c	call-topology-single-file	medium	every LVGL-anchored call target is in LVGL/src/core/lv_obj_style.c
0x00453142	0x00453142	0x0045314C	10	10	lvgl-topology	lvgl-core	LVGL/src/core/lv_obj_style.c	call-topology-single-file	medium	every LVGL-anchored call target is in LVGL/src/core/lv_obj_style.c
0x0045314C	0x0045314C	0x00453156	10	10	lvgl-topology	lvgl-core	LVGL/src/core/lv_obj_style.c	call-topology-single-file	medium	every LVGL-anchored call target is in LVGL/src/core/lv_obj_style.c
0x00453156	0x00453156	0x00453160	10	10	lvgl-topology	lvgl-core	LVGL/src/core/lv_obj_style.c	call-topology-single-file	medium	every LVGL-anchored call target is in LVGL/src/core/lv_obj_style.c
0x00453160	0x00453160	0x0045316A	10	10	lvgl-topology	lvgl-core	LVGL/src/core/lv_obj_style.c	call-topology-single-file	medium	every LVGL-anchored call target is in LVGL/src/core/lv_obj_style.c
0x0045316A	0x0045316A	0x00453180	22	22	lvgl-topology	lvgl-core	LVGL/src/core/lv_obj_style.c	call-topology-single-file	medium	every LVGL-anchored call target is in LVGL/src/core/lv_obj_style.c
0x00453180	0x00453180	0x0045318C	12	12	lvgl-topology	lvgl-core	LVGL/src/core/lv_obj_style.c	call-topology-single-file	medium	every LVGL-anchored call target is in LVGL/src/core/lv_obj_style.c
0x0045318C	0x0045318C	0x00453198	12	12	lvgl-topology	lvgl-core	LVGL/src/core/lv_obj_style.c	call-topology-single-file	medium	every LVGL-anchored call target is in LVGL/src/core/lv_obj_style.c
0x00453198	0x00453198	0x004531A4	12	12	lvgl-topology	lvgl-core	LVGL/src/core/lv_obj_style.c	call-topology-single-file	medium	every LVGL-anchored call target is in LVGL/src/core/lv_obj_style.c
0x004531A4	0x004531A4	0x004531AE	10	10	lvgl-topology	lvgl-core	LVGL/src/core/lv_obj_style.c	call-topology-single-file	medium	every LVGL-anchored call target is in LVGL/src/core/lv_obj_style.c
0x004531AE	0x004531AE	0x004534BE	784	784	lvgl-topology	investigation-required		call-topology-mixed	none	LVGL call evidence spans lvgl-core|lvgl-draw
0x00453604	0x00453604	0x0045360C	8	8	lvgl-sandwich	lvgl-core	LVGL/src/core/lv_refr.c	link-order-file-sandwich	low	bracketed in link order by LVGL/src/core/lv_refr.c
0x0045377A	0x0045377A	0x0045383C	194	194	lvgl-sandwich	lvgl-core	LVGL/src/core/lv_refr.c	link-order-file-sandwich	low	bracketed in link order by LVGL/src/core/lv_refr.c
0x004539B6	0x004539B6	0x00453B78	450	450	lvgl-topology	lvgl-core	LVGL/src/core/lv_refr.c	call-topology-single-file	medium	every LVGL-anchored call target is in LVGL/src/core/lv_refr.c
0x00453E10	0x00453E10	0x00453F2E	286	286	lvgl-topology	investigation-required		call-topology-mixed	none	LVGL call evidence spans lvgl-display|lvgl-draw
0x00453F2E	0x00453F2E	0x00453FCE	160	160	lvgl-topology	lvgl-core		call-topology-single-module	medium	LVGL-anchored call targets span LVGL/src/core/lv_obj.c|LVGL/src/core/lv_obj_event.c|LVGL/src/core/lv_obj_tree.c of lvgl-core
0x00453FCE	0x00453FCE	0x00454074	166	166	lvgl-topology	investigation-required		call-topology-mixed	none	LVGL call evidence spans lvgl-core|lvgl-display
0x0045417C	0x0045417C	0x004541B6	58	58	lvgl-topology	lvgl-core	LVGL/src/core/lv_obj_event.c	call-topology-single-file	medium	every LVGL-anchored call target is in LVGL/src/core/lv_obj_event.c
0x004541B6	0x004541B6	0x004544AE	760	760	lvgl-topology	investigation-required		call-topology-mixed	none	LVGL call evidence spans lvgl-core|lvgl-draw
0x004546D0	0x004546D0	0x004546DC	12	12	lvgl-topology	lvgl-core	LVGL/src/core/lv_obj_style.c	call-topology-single-file	medium	every LVGL-anchored call target is in LVGL/src/core/lv_obj_style.c
0x004644EE	0x004644EE	0x0046450C	30	30	lvgl-sandwich	lvgl-misc	LVGL/src/misc/lv_timer.c	link-order-file-sandwich	low	bracketed in link order by LVGL/src/misc/lv_timer.c
0x00464604	0x00464604	0x0046467C	120	120	lvgl-topology	lvgl-misc	LVGL/src/misc/lv_timer.c	call-topology-single-file	medium	every LVGL-anchored call target is in LVGL/src/misc/lv_timer.c
0x00473928	0x00473928	0x00473934	12	0	lvgl-topology	ambiq-display-port	lvgl_ambiq_porting/lv_ambiq_display.c	call-topology-single-file	medium	every LVGL-anchored call target is in lvgl_ambiq_porting/lv_ambiq_display.c
0x00482946	0x00482946	0x00482950	10	0	lvgl-sandwich	investigation-required		none	none	no closed-world LVGL evidence
0x00482950	0x00482950	0x0048297C	44	0	lvgl-sandwich	investigation-required		none	none	no closed-world LVGL evidence
0x0048297C	0x0048297C	0x00482A5A	222	0	lvgl-sandwich	investigation-required		none	none	external callers: lvgl_v9.3
0x00482A5A	0x00482A5A	0x00482A6A	16	0	lvgl-sandwich	investigation-required		none	none	no closed-world LVGL evidence
0x00482A6A	0x00482A6A	0x00482AB2	72	0	lvgl-sandwich	investigation-required		none	none	external callers: investigation-required-no-evidence
0x00482B00	0x00482B00	0x00482B12	18	0	lvgl-sandwich	investigation-required		none	none	external callers: investigation-required-no-evidence|lvgl_v9.3
0x00482B12	0x00482B12	0x00482B56	68	0	lvgl-sandwich	investigation-required		none	none	external callers: lvgl_v9.3
0x00482B56	0x00482B56	0x00482BCA	116	0	lvgl-sandwich	investigation-required		none	none	external callers: investigation-required-mixed
0x00482BCA	0x00482BCA	0x00482C0E	68	0	lvgl-sandwich	investigation-required		none	none	external callers: lvgl_v9.3
0x00482C0E	0x00482C0E	0x00482C9A	140	0	lvgl-sandwich	investigation-required		none	none	external callers: investigation-required-mixed|lvgl_v9.3
0x00482C9A	0x00482C9A	0x00482CD8	62	0	lvgl-sandwich	investigation-required		none	none	no closed-world LVGL evidence
0x00482CD8	0x00482CD8	0x00482CE4	12	0	lvgl-sandwich	investigation-required		none	none	external callers: investigation-required-mixed|investigation-required-no-evidence|lvgl_v9.3
0x00482CE4	0x00482CE4	0x00482CF0	12	0	lvgl-sandwich	investigation-required		none	none	external callers: lvgl_v9.3
0x00482CF0	0x00482CF0	0x00482CFA	10	0	lvgl-sandwich	investigation-required		none	none	external callers: investigation-required-mixed|investigation-required-no-evidence|lvgl_v9.3
0x00482CFA	0x00482CFA	0x00482D02	8	0	lvgl-sandwich	investigation-required		none	none	external callers: lvgl_v9.3
0x00482D02	0x00482D02	0x00482D22	32	0	lvgl-sandwich	investigation-required		none	none	external callers: lvgl_v9.3
0x00482D22	0x00482D22	0x00482D88	102	0	lvgl-sandwich	investigation-required		none	none	external callers: lvgl_v9.3
0x00482D88	0x00482D88	0x00482DA4	28	0	lvgl-sandwich	investigation-required		none	none	external callers: investigation-required-mixed|lvgl_v9.3
0x00482DA4	0x00482DA4	0x00482DAE	10	0	lvgl-sandwich	investigation-required		none	none	external callers: investigation-required-mixed|lvgl_v9.3
0x00482DAE	0x00482DAE	0x00482DC2	20	0	lvgl-sandwich	investigation-required		none	none	no closed-world LVGL evidence
0x00482DC2	0x00482DC2	0x00482DD8	22	0	lvgl-sandwich	investigation-required		none	none	no closed-world LVGL evidence
0x00482DD8	0x00482DD8	0x00482E4C	116	0	lvgl-sandwich	investigation-required		none	none	no closed-world LVGL evidence
0x00482E4C	0x00482E4C	0x00482ED4	136	0	lvgl-sandwich	investigation-required		none	none	no closed-world LVGL evidence
0x00482EF6	0x00482EF6	0x00482F72	124	0	lvgl-sandwich	investigation-required		none	none	no closed-world LVGL evidence
0x00482F74	0x00482F74	0x00482F8A	22	0	lvgl-topology	lvgl-core	LVGL/src/core/lv_obj_tree.c	call-topology-single-file	medium	every LVGL-anchored call target is in LVGL/src/core/lv_obj_tree.c
0x00482F8A	0x00482F8A	0x00482FAA	32	0	lvgl-sandwich	lvgl-core	LVGL/src/core/lv_obj_tree.c	call-topology-second-order-file	low	every medium-labelled call target is in LVGL/src/core/lv_obj_tree.c
0x00482FAA	0x00482FAA	0x00482FCE	36	0	lvgl-topology	lvgl-misc	LVGL/src/misc/lv_palette.c	call-topology-single-file	medium	every LVGL-anchored call target is in LVGL/src/misc/lv_palette.c
0x00482FCE	0x00482FCE	0x00482FF2	36	0	lvgl-sandwich	investigation-required		none	none	no closed-world LVGL evidence
0x00482FF2	0x00482FF2	0x00483028	54	0	lvgl-sandwich	investigation-required		none	none	no closed-world LVGL evidence
0x00483030	0x00483030	0x00483032	2	0	lvgl-sandwich	investigation-required		none	none	no closed-world LVGL evidence
0x00483032	0x00483032	0x00483044	18	0	lvgl-sandwich	investigation-required		none	none	no closed-world LVGL evidence
0x00483044	0x00483044	0x0048306C	40	0	lvgl-sandwich	investigation-required		none	none	no closed-world LVGL evidence
0x0048306C	0x0048306C	0x004830DA	110	0	lvgl-sandwich	investigation-required		none	none	no closed-world LVGL evidence
0x004830DA	0x004830DA	0x0048320A	304	0	lvgl-sandwich	investigation-required		none	none	external callers: first-party
0x0048320A	0x0048320A	0x0048329C	146	0	lvgl-sandwich	investigation-required		none	none	no closed-world LVGL evidence
0x00483350	0x00483350	0x00483612	706	0	lvgl-sandwich	investigation-required		none	none	no closed-world LVGL evidence
0x0048364C	0x0048364C	0x00483908	700	0	lvgl-sandwich	investigation-required		none	none	no closed-world LVGL evidence
0x00483960	0x00483960	0x00483FCC	1644	0	lvgl-sandwich	investigation-required		none	none	calls: first-party
0x00483FD0	0x00483FD0	0x00483FEA	26	0	lvgl-sandwich	investigation-required		none	none	external callers: lvgl_v9.3
0x00483FEA	0x00483FEA	0x00483FFC	18	0	lvgl-sandwich	investigation-required		none	none	external callers: lvgl_v9.3
0x00484014	0x00484014	0x00484052	62	0	lvgl-topology	lvgl-misc	LVGL/src/misc/lv_timer.c	call-topology-single-file	medium	every LVGL-anchored call target is in LVGL/src/misc/lv_timer.c
0x00484052	0x00484052	0x004840AA	88	0	lvgl-sandwich	investigation-required		none	none	no closed-world LVGL evidence
0x004840C8	0x004840C8	0x0048413C	116	116	lvgl-sandwich	investigation-required		none	none	calls: first-party
0x0048413C	0x0048413C	0x00484180	68	0	lvgl-sandwich	investigation-required		none	none	calls: tlsf
0x00484180	0x00484180	0x004841D8	88	0	lvgl-sandwich	investigation-required		none	none	external callers: investigation-required-no-evidence|lvgl_v9.3; calls: tlsf
0x004842E6	0x004842E6	0x0048431E	56	56	lvgl-sandwich	investigation-required		none	none	no closed-world LVGL evidence
0x0048431E	0x0048431E	0x0048432A	12	0	lvgl-sandwich	investigation-required		none	none	no closed-world LVGL evidence
0x0048432A	0x0048432A	0x00484338	14	0	lvgl-sandwich	investigation-required		none	none	external callers: lvgl_v9.3; calls: tlsf
0x00484338	0x00484338	0x00484344	12	0	lvgl-sandwich	investigation-required		none	none	calls: tlsf
0x00484380	0x00484380	0x0048438C	12	12	lvgl-sandwich	investigation-required		none	none	external callers: lvgl_v9.3
0x0048438C	0x0048438C	0x00484398	12	12	lvgl-sandwich	investigation-required		none	none	external callers: lvgl_v9.3
0x00484528	0x00484528	0x00484548	32	32	lvgl-sandwich	lvgl-draw	LVGL/src/draw/lv_draw.c	link-order-file-sandwich	low	bracketed in link order by LVGL/src/draw/lv_draw.c
0x00484548	0x00484548	0x0048458E	70	70	lvgl-sandwich	lvgl-draw	LVGL/src/draw/lv_draw.c	call-topology-second-order-file	low	every medium-labelled call target is in LVGL/src/draw/lv_draw.c
0x0048458E	0x0048458E	0x00484622	148	148	lvgl-topology	lvgl-draw	LVGL/src/draw/lv_draw.c	call-topology-single-file	medium	every LVGL-anchored call target is in LVGL/src/draw/lv_draw.c
0x00484622	0x00484622	0x0048462E	12	12	lvgl-sandwich	lvgl-draw	LVGL/src/draw/lv_draw.c	link-order-file-sandwich	low	bracketed in link order by LVGL/src/draw/lv_draw.c
0x0048462E	0x0048462E	0x0048463A	12	12	lvgl-sandwich	lvgl-draw	LVGL/src/draw/lv_draw.c	link-order-file-sandwich	low	bracketed in link order by LVGL/src/draw/lv_draw.c
0x0048463A	0x0048463A	0x00484656	28	28	lvgl-sandwich	lvgl-draw	LVGL/src/draw/lv_draw.c	link-order-file-sandwich	low	bracketed in link order by LVGL/src/draw/lv_draw.c
0x00484656	0x00484656	0x004846DE	136	136	lvgl-sandwich	lvgl-draw	LVGL/src/draw/lv_draw.c	link-order-file-sandwich	low	bracketed in link order by LVGL/src/draw/lv_draw.c
0x004847C4	0x004847C4	0x00484836	114	114	lvgl-topology	lvgl-draw	LVGL/src/draw/lv_draw.c	call-topology-single-file	medium	every LVGL-anchored call target is in LVGL/src/draw/lv_draw.c
0x004848B2	0x004848B2	0x004848E8	54	54	lvgl-sandwich	lvgl-draw	LVGL/src/draw/lv_draw.c	link-order-file-sandwich	low	bracketed in link order by LVGL/src/draw/lv_draw.c
0x004849FC	0x004849FC	0x00484A0E	18	18	lvgl-sandwich	investigation-required		none	none	no closed-world LVGL evidence
0x00484A10	0x00484A10	0x00484A26	22	22	lvgl-sandwich	lvgl-misc	LVGL/src/misc/lv_style.c	call-topology-second-order-file	low	every medium-labelled call target is in LVGL/src/misc/lv_style.c
0x00484A26	0x00484A26	0x00484A4E	40	40	lvgl-sandwich	lvgl-misc	LVGL/src/misc/lv_style.c	call-topology-second-order-file	low	every medium-labelled call target is in LVGL/src/misc/lv_style.c
0x00484A4E	0x00484A4E	0x00484A66	24	24	lvgl-sandwich	lvgl-misc	LVGL/src/misc/lv_style.c	call-topology-second-order-file	low	every medium-labelled call target is in LVGL/src/misc/lv_style.c
0x00484A66	0x00484A66	0x00484A7E	24	24	lvgl-sandwich	lvgl-misc	LVGL/src/misc/lv_style.c	call-topology-second-order-file	low	every medium-labelled call target is in LVGL/src/misc/lv_style.c
0x00484A7E	0x00484A7E	0x00484A96	24	24	lvgl-sandwich	lvgl-misc	LVGL/src/misc/lv_style.c	call-topology-second-order-file	low	every medium-labelled call target is in LVGL/src/misc/lv_style.c
0x00484A98	0x00484A98	0x00487022	9610	9610	lvgl-topology	lvgl-misc	LVGL/src/misc/lv_palette.c	call-topology-single-file	medium	every LVGL-anchored call target is in LVGL/src/misc/lv_palette.c
0x00487022	0x00487022	0x00487156	308	308	lvgl-sandwich	lvgl-misc	LVGL/src/misc/lv_palette.c	call-topology-second-order-file	low	every medium-labelled call target is in LVGL/src/misc/lv_palette.c
0x00487156	0x00487156	0x0048716C	22	22	lvgl-sandwich	investigation-required		none	none	external callers: lvgl_v9.3
0x0048716C	0x0048716C	0x00487180	20	20	lvgl-sandwich	investigation-required		none	none	external callers: lvgl_v9.3
0x00488198	0x00488198	0x004881B4	28	28	lvgl-sandwich	investigation-required		none	none	no closed-world LVGL evidence
0x004883F0	0x004883F0	0x004883FC	12	12	lvgl-sandwich	lvgl-misc		link-order-module-sandwich	low	bracketed in link order by lvgl-misc
0x00488478	0x00488478	0x0048849C	36	36	lvgl-sandwich	lvgl-misc	LVGL/src/misc/lv_array.c	link-order-file-sandwich	low	bracketed in link order by LVGL/src/misc/lv_array.c
0x004885F0	0x004885F0	0x00488686	150	150	lvgl-sandwich	investigation-required		none	none	no closed-world LVGL evidence
0x00488686	0x00488686	0x0048869A	20	20	lvgl-sandwich	investigation-required		none	none	no closed-world LVGL evidence
0x0048869A	0x0048869A	0x004887BC	290	290	lvgl-sandwich	investigation-required		none	none	calls: first-party
0x004887BC	0x004887BC	0x0048886E	178	178	lvgl-sandwich	investigation-required		none	none	no closed-world LVGL evidence
0x004888B4	0x004888B4	0x004888F6	66	66	lvgl-sandwich	investigation-required		none	none	external callers: lvgl_v9.3
0x004888F6	0x004888F6	0x004888FC	6	6	lvgl-sandwich	investigation-required		none	none	external callers: lvgl_v9.3
0x0048890C	0x0048890C	0x00488918	12	12	lvgl-sandwich	investigation-required		none	none	no closed-world LVGL evidence
0x00488918	0x00488918	0x0048895E	70	70	lvgl-sandwich	investigation-required		none	none	external callers: lvgl_v9.3
0x00488CB8	0x00488CB8	0x00488CDA	34	34	lvgl-sandwich	lvgl-draw		link-order-module-sandwich	low	bracketed in link order by lvgl-draw
0x00488F40	0x00488F40	0x00488F4C	12	12	lvgl-sandwich	lvgl-draw		link-order-module-sandwich	low	bracketed in link order by lvgl-draw
0x00488F4C	0x00488F4C	0x00488F6A	30	30	lvgl-sandwich	lvgl-cache	LVGL/src/misc/cache/lv_cache.c	call-topology-second-order-file	low	every medium-labelled call target is in LVGL/src/misc/cache/lv_cache.c
0x00488F6A	0x00488F6A	0x00488F9C	50	50	lvgl-topology	lvgl-draw	LVGL/src/draw/lv_image_decoder.c	call-topology-single-file	medium	every LVGL-anchored call target is in LVGL/src/draw/lv_image_decoder.c
0x0048908C	0x0048908C	0x004890C8	60	60	lvgl-topology	lvgl-cache	LVGL/src/misc/cache/lv_cache.c	call-topology-single-file	medium	every LVGL-anchored call target is in LVGL/src/misc/cache/lv_cache.c
0x0048911A	0x0048911A	0x00489168	78	78	lvgl-topology	lvgl-cache		call-topology-single-module	medium	LVGL-anchored call targets span LVGL/src/misc/cache/lv_cache.c|LVGL/src/misc/cache/lv_cache_entry.c of lvgl-cache
0x004893E6	0x004893E6	0x00489418	50	50	lvgl-sandwich	investigation-required		none	none	external callers: lvgl_v9.3
0x00489460	0x00489460	0x0048949A	58	58	lvgl-topology	lvgl-cache		call-topology-single-module	medium	LVGL-anchored call targets span LVGL/src/misc/cache/lv_cache.c|LVGL/src/misc/cache/lv_cache_entry.c of lvgl-cache
0x004894A4	0x004894A4	0x004894D0	44	44	lvgl-sandwich	investigation-required		none	none	no closed-world LVGL evidence
0x004894D0	0x004894D0	0x00489546	118	118	lvgl-sandwich	investigation-required		none	none	no closed-world LVGL evidence
0x00489652	0x00489652	0x00489698	70	70	lvgl-sandwich	lvgl-misc	LVGL/src/misc/lv_text.c	link-order-file-sandwich	low	bracketed in link order by LVGL/src/misc/lv_text.c
0x00489698	0x00489698	0x004897F6	350	350	lvgl-topology	lvgl-font	LVGL/src/font/lv_font.c	call-topology-single-file	medium	every LVGL-anchored call target is in LVGL/src/font/lv_font.c
0x004897FC	0x004897FC	0x00489934	312	312	lvgl-topology	lvgl-font	LVGL/src/font/lv_font.c	call-topology-single-file	medium	every LVGL-anchored call target is in LVGL/src/font/lv_font.c
0x00489934	0x00489934	0x004899A4	112	112	lvgl-topology	lvgl-font	LVGL/src/font/lv_font.c	call-topology-single-file	medium	every LVGL-anchored call target is in LVGL/src/font/lv_font.c
0x004899A4	0x004899A4	0x00489A38	148	148	lvgl-topology	lvgl-font	LVGL/src/font/lv_font.c	call-topology-single-file	medium	every LVGL-anchored call target is in LVGL/src/font/lv_font.c
0x00489A38	0x00489A38	0x00489A8C	84	84	lvgl-sandwich	lvgl-misc	LVGL/src/misc/lv_text.c	link-order-file-sandwich	low	bracketed in link order by LVGL/src/misc/lv_text.c
0x00489A8C	0x00489A8C	0x00489AD2	70	70	lvgl-sandwich	lvgl-misc	LVGL/src/misc/lv_text.c	link-order-file-sandwich	low	bracketed in link order by LVGL/src/misc/lv_text.c
0x00489B3C	0x00489B3C	0x00489B74	56	56	lvgl-sandwich	investigation-required		none	none	external callers: lvgl_v9.3
0x00489B74	0x00489B74	0x00489BAC	56	56	lvgl-sandwich	investigation-required		none	none	no closed-world LVGL evidence
0x00489BAC	0x00489BAC	0x00489C5E	178	178	lvgl-sandwich	investigation-required		none	none	no closed-world LVGL evidence
0x00489C5E	0x00489C5E	0x00489DBC	350	350	lvgl-sandwich	investigation-required		none	none	no closed-world LVGL evidence
0x00489DBC	0x00489DBC	0x00489E14	88	88	lvgl-sandwich	investigation-required		none	none	no closed-world LVGL evidence
0x00489E14	0x00489E14	0x00489E4A	54	54	lvgl-sandwich	investigation-required		none	none	no closed-world LVGL evidence
0x00489E4A	0x00489E4A	0x00489E6E	36	36	lvgl-sandwich	investigation-required		none	none	no closed-world LVGL evidence
0x00489E6E	0x00489E6E	0x00489E92	36	36	lvgl-sandwich	investigation-required		none	none	no closed-world LVGL evidence
0x00489EC8	0x00489EC8	0x00489ED4	12	12	lvgl-sandwich	investigation-required		none	none	no closed-world LVGL evidence
0x00489ED4	0x00489ED4	0x00489EE0	12	12	lvgl-sandwich	investigation-required		none	none	no closed-world LVGL evidence
0x00489EE0	0x00489EE0	0x00489F5E	126	126	lvgl-sandwich	investigation-required		none	none	external callers: lvgl_v9.3
0x00489F5E	0x00489F5E	0x00489FC8	106	106	lvgl-topology	lvgl-misc	LVGL/src/misc/lv_palette.c	call-topology-single-file	medium	every LVGL-anchored call target is in LVGL/src/misc/lv_palette.c
0x00489FC8	0x00489FC8	0x00489FD6	14	14	lvgl-sandwich	investigation-required		none	none	external callers: lvgl_v9.3
0x00489FD6	0x00489FD6	0x00489FE0	10	10	lvgl-sandwich	investigation-required		none	none	no closed-world LVGL evidence
0x0048A0BE	0x0048A0BE	0x0048A74A	1676	1676	lvgl-topology	investigation-required		call-topology-mixed	none	LVGL call evidence spans lvgl-draw|lvgl-font|lvgl-misc
0x0048A750	0x0048A750	0x0048A77E	46	46	lvgl-sandwich	lvgl-draw	LVGL/src/draw/lv_draw_label.c	link-order-file-sandwich	low	bracketed in link order by LVGL/src/draw/lv_draw_label.c
0x0048A978	0x0048A978	0x0048A984	12	12	lvgl-sandwich	lvgl-draw		link-order-module-sandwich	low	bracketed in link order by lvgl-draw
0x0048A984	0x0048A984	0x0048A98E	10	10	lvgl-sandwich	lvgl-draw		link-order-module-sandwich	low	bracketed in link order by lvgl-draw
0x0048AA54	0x0048AA54	0x0048AA60	12	12	lvgl-sandwich	lvgl-draw		link-order-module-sandwich	low	bracketed in link order by lvgl-draw
0x0048AA60	0x0048AA60	0x0048AA80	32	32	lvgl-sandwich	lvgl-draw		link-order-module-sandwich	low	bracketed in link order by lvgl-draw
0x0048AA80	0x0048AA80	0x0048AAA2	34	34	lvgl-sandwich	lvgl-draw		link-order-module-sandwich	low	bracketed in link order by lvgl-draw
0x0048AAA2	0x0048AAA2	0x0048AAD8	54	54	lvgl-sandwich	lvgl-draw		link-order-module-sandwich	low	bracketed in link order by lvgl-draw
0x0048AAD8	0x0048AAD8	0x0048AAEA	18	18	lvgl-sandwich	lvgl-draw		link-order-module-sandwich	low	bracketed in link order by lvgl-draw
0x0048AAEA	0x0048AAEA	0x0048AB04	26	26	lvgl-sandwich	lvgl-draw		link-order-module-sandwich	low	bracketed in link order by lvgl-draw
0x0048AB04	0x0048AB04	0x0048AB16	18	18	lvgl-sandwich	lvgl-draw		link-order-module-sandwich	low	bracketed in link order by lvgl-draw
0x0048AB16	0x0048AB16	0x0048AB30	26	26	lvgl-sandwich	lvgl-draw		link-order-module-sandwich	low	bracketed in link order by lvgl-draw
0x0048AFFA	0x0048AFFA	0x0048B010	22	22	lvgl-topology	lvgl-draw	LVGL/src/draw/lv_draw_buf.c	call-topology-single-file	medium	every LVGL-anchored call target is in LVGL/src/draw/lv_draw_buf.c
0x0048B134	0x0048B134	0x0048B196	98	98	lvgl-topology	lvgl-draw	LVGL/src/draw/lv_draw_buf.c	call-topology-single-file	medium	every LVGL-anchored call target is in LVGL/src/draw/lv_draw_buf.c
0x0048B196	0x0048B196	0x0048B216	128	128	lvgl-sandwich	lvgl-draw	LVGL/src/draw/lv_draw_buf.c	link-order-file-sandwich	low	bracketed in link order by LVGL/src/draw/lv_draw_buf.c
0x0048B73C	0x0048B73C	0x0048B750	20	20	lvgl-sandwich	investigation-required		none	none	external callers: lvgl_v9.3
0x0048B750	0x0048B750	0x0048B762	18	18	lvgl-sandwich	investigation-required		none	none	no closed-world LVGL evidence
0x0048B762	0x0048B762	0x0048B7A6	68	68	lvgl-topology	lvgl-draw	LVGL/src/draw/lv_draw_buf.c	call-topology-single-file	medium	every LVGL-anchored call target is in LVGL/src/draw/lv_draw_buf.c
0x0048B840	0x0048B840	0x0048B85A	26	26	lvgl-sandwich	investigation-required		none	none	external callers: lvgl_v9.3
0x0048B85A	0x0048B85A	0x0048B86C	18	18	lvgl-sandwich	investigation-required		none	none	external callers: lvgl_v9.3
0x0048B86C	0x0048B86C	0x0048B8D8	108	108	lvgl-sandwich	investigation-required		none	none	external callers: lvgl_v9.3
0x0048B8D8	0x0048B8D8	0x0048B8F6	30	30	lvgl-sandwich	investigation-required		none	none	external callers: lvgl_v9.3
0x0048B8F8	0x0048B8F8	0x0048B90A	18	18	lvgl-sandwich	investigation-required		none	none	external callers: lvgl_v9.3
0x0048B90A	0x0048B90A	0x0048B914	10	10	lvgl-topology	lvgl-core	LVGL/src/core/lv_obj_style.c	call-topology-single-file	medium	every LVGL-anchored call target is in LVGL/src/core/lv_obj_style.c
0x0048B914	0x0048B914	0x0048B91E	10	10	lvgl-topology	lvgl-core	LVGL/src/core/lv_obj_style.c	call-topology-single-file	medium	every LVGL-anchored call target is in LVGL/src/core/lv_obj_style.c
0x0048B91E	0x0048B91E	0x0048B928	10	10	lvgl-topology	lvgl-core	LVGL/src/core/lv_obj_style.c	call-topology-single-file	medium	every LVGL-anchored call target is in LVGL/src/core/lv_obj_style.c
0x0048B928	0x0048B928	0x0048B932	10	10	lvgl-topology	lvgl-core	LVGL/src/core/lv_obj_style.c	call-topology-single-file	medium	every LVGL-anchored call target is in LVGL/src/core/lv_obj_style.c
0x0048B932	0x0048B932	0x0048B93C	10	10	lvgl-topology	lvgl-core	LVGL/src/core/lv_obj_style.c	call-topology-single-file	medium	every LVGL-anchored call target is in LVGL/src/core/lv_obj_style.c
0x0048B93C	0x0048B93C	0x0048B946	10	10	lvgl-topology	lvgl-core	LVGL/src/core/lv_obj_style.c	call-topology-single-file	medium	every LVGL-anchored call target is in LVGL/src/core/lv_obj_style.c
0x0048B946	0x0048B946	0x0048B950	10	10	lvgl-topology	lvgl-core	LVGL/src/core/lv_obj_style.c	call-topology-single-file	medium	every LVGL-anchored call target is in LVGL/src/core/lv_obj_style.c
0x0048B950	0x0048B950	0x0048B95A	10	10	lvgl-topology	lvgl-core	LVGL/src/core/lv_obj_style.c	call-topology-single-file	medium	every LVGL-anchored call target is in LVGL/src/core/lv_obj_style.c
0x0048B95A	0x0048B95A	0x0048B964	10	10	lvgl-topology	lvgl-core	LVGL/src/core/lv_obj_style.c	call-topology-single-file	medium	every LVGL-anchored call target is in LVGL/src/core/lv_obj_style.c
0x0048B964	0x0048B964	0x0048B96E	10	10	lvgl-topology	lvgl-core	LVGL/src/core/lv_obj_style.c	call-topology-single-file	medium	every LVGL-anchored call target is in LVGL/src/core/lv_obj_style.c
0x0048B96E	0x0048B96E	0x0048B978	10	10	lvgl-topology	lvgl-core	LVGL/src/core/lv_obj_style.c	call-topology-single-file	medium	every LVGL-anchored call target is in LVGL/src/core/lv_obj_style.c
0x0048B978	0x0048B978	0x0048B982	10	10	lvgl-topology	lvgl-core	LVGL/src/core/lv_obj_style.c	call-topology-single-file	medium	every LVGL-anchored call target is in LVGL/src/core/lv_obj_style.c
0x0048B982	0x0048B982	0x0048B98C	10	10	lvgl-topology	lvgl-core	LVGL/src/core/lv_obj_style.c	call-topology-single-file	medium	every LVGL-anchored call target is in LVGL/src/core/lv_obj_style.c
0x0048B98C	0x0048B98C	0x0048B996	10	10	lvgl-topology	lvgl-core	LVGL/src/core/lv_obj_style.c	call-topology-single-file	medium	every LVGL-anchored call target is in LVGL/src/core/lv_obj_style.c
0x0048B996	0x0048B996	0x0048B9A0	10	10	lvgl-topology	lvgl-core	LVGL/src/core/lv_obj_style.c	call-topology-single-file	medium	every LVGL-anchored call target is in LVGL/src/core/lv_obj_style.c
0x0048B9A0	0x0048B9A0	0x0048B9AA	10	10	lvgl-topology	lvgl-core	LVGL/src/core/lv_obj_style.c	call-topology-single-file	medium	every LVGL-anchored call target is in LVGL/src/core/lv_obj_style.c
0x0048B9AA	0x0048B9AA	0x0048B9B4	10	10	lvgl-topology	lvgl-core	LVGL/src/core/lv_obj_style.c	call-topology-single-file	medium	every LVGL-anchored call target is in LVGL/src/core/lv_obj_style.c
0x0048B9B4	0x0048B9B4	0x0048B9C0	12	12	lvgl-topology	lvgl-core	LVGL/src/core/lv_obj_style.c	call-topology-single-file	medium	every LVGL-anchored call target is in LVGL/src/core/lv_obj_style.c
0x0048B9C0	0x0048B9C0	0x0048B9CC	12	12	lvgl-topology	lvgl-core	LVGL/src/core/lv_obj_style.c	call-topology-single-file	medium	every LVGL-anchored call target is in LVGL/src/core/lv_obj_style.c
0x0048B9CC	0x0048B9CC	0x0048B9D8	12	12	lvgl-topology	lvgl-core	LVGL/src/core/lv_obj_style.c	call-topology-single-file	medium	every LVGL-anchored call target is in LVGL/src/core/lv_obj_style.c
0x0048B9D8	0x0048B9D8	0x0048B9E4	12	12	lvgl-topology	lvgl-core	LVGL/src/core/lv_obj_style.c	call-topology-single-file	medium	every LVGL-anchored call target is in LVGL/src/core/lv_obj_style.c
0x0048B9E4	0x0048B9E4	0x0048B9F0	12	12	lvgl-topology	lvgl-core	LVGL/src/core/lv_obj_style.c	call-topology-single-file	medium	every LVGL-anchored call target is in LVGL/src/core/lv_obj_style.c
0x0048B9F0	0x0048B9F0	0x0048B9FC	12	12	lvgl-topology	lvgl-core	LVGL/src/core/lv_obj_style.c	call-topology-single-file	medium	every LVGL-anchored call target is in LVGL/src/core/lv_obj_style.c
0x0048B9FC	0x0048B9FC	0x0048BA08	12	12	lvgl-topology	lvgl-core	LVGL/src/core/lv_obj_style.c	call-topology-single-file	medium	every LVGL-anchored call target is in LVGL/src/core/lv_obj_style.c
0x0048BA08	0x0048BA08	0x0048BA36	46	46	lvgl-sandwich	lvgl-core	LVGL/src/core/lv_obj_style.c	call-topology-second-order-file	low	every medium-labelled call target is in LVGL/src/core/lv_obj_style.c
0x0048BA36	0x0048BA36	0x0048BA64	46	46	lvgl-sandwich	lvgl-core	LVGL/src/core/lv_obj_style.c	call-topology-second-order-file	low	every medium-labelled call target is in LVGL/src/core/lv_obj_style.c
0x0048BA64	0x0048BA64	0x0048BA78	20	20	lvgl-sandwich	investigation-required		none	none	external callers: investigation-required-no-evidence
0x0048BA78	0x0048BA78	0x0048BA92	26	26	lvgl-sandwich	investigation-required		none	none	external callers: first-party|first-party-anchored|investigation-required-mixed|lvgl_v9.3
0x0048BA92	0x0048BA92	0x0048BAC8	54	54	lvgl-sandwich	investigation-required		none	none	external callers: first-party|first-party-anchored|investigation-required-mixed
0x0048BAC8	0x0048BAC8	0x0048BAE2	26	26	lvgl-topology	lvgl-core	LVGL/src/core/lv_obj_tree.c	call-topology-single-file	medium	every LVGL-anchored call target is in LVGL/src/core/lv_obj_tree.c
0x0048BAE4	0x0048BAE4	0x0048BE22	830	830	lvgl-topology	investigation-required		call-topology-mixed	none	LVGL call evidence spans lvgl-core|lvgl-layouts
0x0048C6D8	0x0048C6D8	0x0048C770	152	152	lvgl-sandwich	lvgl-layouts		link-order-module-sandwich	low	bracketed in link order by lvgl-layouts
0x0048C770	0x0048C770	0x0048C7B2	66	66	lvgl-sandwich	lvgl-layouts		link-order-module-sandwich	low	bracketed in link order by lvgl-layouts
0x0048C7B4	0x0048C7B4	0x0048C7D8	36	36	lvgl-topology	lvgl-core	LVGL/src/core/lv_obj_pos.c	call-topology-single-file	medium	every LVGL-anchored call target is in LVGL/src/core/lv_obj_pos.c
0x0048C7D8	0x0048C7D8	0x0048C7FC	36	36	lvgl-topology	lvgl-core	LVGL/src/core/lv_obj_pos.c	call-topology-single-file	medium	every LVGL-anchored call target is in LVGL/src/core/lv_obj_pos.c
0x0048C7FC	0x0048C7FC	0x0048C80E	18	18	lvgl-sandwich	lvgl-layouts		link-order-module-sandwich	low	bracketed in link order by lvgl-layouts
0x0048C80E	0x0048C80E	0x0048C81A	12	12	lvgl-sandwich	lvgl-layouts		link-order-module-sandwich	low	bracketed in link order by lvgl-layouts
0x0048C81A	0x0048C81A	0x0048C824	10	10	lvgl-topology	lvgl-core	LVGL/src/core/lv_obj_style.c	call-topology-single-file	medium	every LVGL-anchored call target is in LVGL/src/core/lv_obj_style.c
0x0048C824	0x0048C824	0x0048C82E	10	10	lvgl-topology	lvgl-core	LVGL/src/core/lv_obj_style.c	call-topology-single-file	medium	every LVGL-anchored call target is in LVGL/src/core/lv_obj_style.c
0x0048C82E	0x0048C82E	0x0048C838	10	10	lvgl-topology	lvgl-core	LVGL/src/core/lv_obj_style.c	call-topology-single-file	medium	every LVGL-anchored call target is in LVGL/src/core/lv_obj_style.c
0x0048C838	0x0048C838	0x0048C842	10	10	lvgl-topology	lvgl-core	LVGL/src/core/lv_obj_style.c	call-topology-single-file	medium	every LVGL-anchored call target is in LVGL/src/core/lv_obj_style.c
0x0048C842	0x0048C842	0x0048C84C	10	10	lvgl-topology	lvgl-core	LVGL/src/core/lv_obj_style.c	call-topology-single-file	medium	every LVGL-anchored call target is in LVGL/src/core/lv_obj_style.c
0x0048C84C	0x0048C84C	0x0048C856	10	10	lvgl-topology	lvgl-core	LVGL/src/core/lv_obj_style.c	call-topology-single-file	medium	every LVGL-anchored call target is in LVGL/src/core/lv_obj_style.c
0x0048C856	0x0048C856	0x0048C860	10	10	lvgl-topology	lvgl-core	LVGL/src/core/lv_obj_style.c	call-topology-single-file	medium	every LVGL-anchored call target is in LVGL/src/core/lv_obj_style.c
0x0048C860	0x0048C860	0x0048C86A	10	10	lvgl-topology	lvgl-core	LVGL/src/core/lv_obj_style.c	call-topology-single-file	medium	every LVGL-anchored call target is in LVGL/src/core/lv_obj_style.c
0x0048C86A	0x0048C86A	0x0048C874	10	10	lvgl-topology	lvgl-core	LVGL/src/core/lv_obj_style.c	call-topology-single-file	medium	every LVGL-anchored call target is in LVGL/src/core/lv_obj_style.c
0x0048C874	0x0048C874	0x0048C87E	10	10	lvgl-topology	lvgl-core	LVGL/src/core/lv_obj_style.c	call-topology-single-file	medium	every LVGL-anchored call target is in LVGL/src/core/lv_obj_style.c
0x0048C87E	0x0048C87E	0x0048C888	10	10	lvgl-topology	lvgl-core	LVGL/src/core/lv_obj_style.c	call-topology-single-file	medium	every LVGL-anchored call target is in LVGL/src/core/lv_obj_style.c
0x0048C888	0x0048C888	0x0048C892	10	10	lvgl-topology	lvgl-core	LVGL/src/core/lv_obj_style.c	call-topology-single-file	medium	every LVGL-anchored call target is in LVGL/src/core/lv_obj_style.c
0x0048C892	0x0048C892	0x0048C89C	10	10	lvgl-topology	lvgl-core	LVGL/src/core/lv_obj_style.c	call-topology-single-file	medium	every LVGL-anchored call target is in LVGL/src/core/lv_obj_style.c
0x0048C89C	0x0048C89C	0x0048C8A8	12	12	lvgl-topology	lvgl-core	LVGL/src/core/lv_obj_style.c	call-topology-single-file	medium	every LVGL-anchored call target is in LVGL/src/core/lv_obj_style.c
0x0048C8A8	0x0048C8A8	0x0048C8B4	12	12	lvgl-topology	lvgl-core	LVGL/src/core/lv_obj_style.c	call-topology-single-file	medium	every LVGL-anchored call target is in LVGL/src/core/lv_obj_style.c
0x0048C8B4	0x0048C8B4	0x0048C8BE	10	10	lvgl-topology	lvgl-core	LVGL/src/core/lv_obj_style.c	call-topology-single-file	medium	every LVGL-anchored call target is in LVGL/src/core/lv_obj_style.c
0x0048C8BE	0x0048C8BE	0x0048C8CA	12	12	lvgl-topology	lvgl-core	LVGL/src/core/lv_obj_style.c	call-topology-single-file	medium	every LVGL-anchored call target is in LVGL/src/core/lv_obj_style.c
0x0048C8CA	0x0048C8CA	0x0048C8D4	10	10	lvgl-topology	lvgl-core	LVGL/src/core/lv_obj_style.c	call-topology-single-file	medium	every LVGL-anchored call target is in LVGL/src/core/lv_obj_style.c
0x0048C8D4	0x0048C8D4	0x0048C8E0	12	12	lvgl-topology	lvgl-core	LVGL/src/core/lv_obj_style.c	call-topology-single-file	medium	every LVGL-anchored call target is in LVGL/src/core/lv_obj_style.c
0x0048C8E0	0x0048C8E0	0x0048C8EA	10	10	lvgl-topology	lvgl-core	LVGL/src/core/lv_obj_style.c	call-topology-single-file	medium	every LVGL-anchored call target is in LVGL/src/core/lv_obj_style.c
0x0048C8EA	0x0048C8EA	0x0048C8F6	12	12	lvgl-topology	lvgl-core	LVGL/src/core/lv_obj_style.c	call-topology-single-file	medium	every LVGL-anchored call target is in LVGL/src/core/lv_obj_style.c
0x0048C8F6	0x0048C8F6	0x0048C900	10	10	lvgl-topology	lvgl-core	LVGL/src/core/lv_obj_style.c	call-topology-single-file	medium	every LVGL-anchored call target is in LVGL/src/core/lv_obj_style.c
0x0048C900	0x0048C900	0x0048C90A	10	10	lvgl-topology	lvgl-core	LVGL/src/core/lv_obj_style.c	call-topology-single-file	medium	every LVGL-anchored call target is in LVGL/src/core/lv_obj_style.c
0x0048C90A	0x0048C90A	0x0048C916	12	12	lvgl-topology	lvgl-core	LVGL/src/core/lv_obj_style.c	call-topology-single-file	medium	every LVGL-anchored call target is in LVGL/src/core/lv_obj_style.c
0x0048C916	0x0048C916	0x0048C920	10	10	lvgl-topology	lvgl-core	LVGL/src/core/lv_obj_style.c	call-topology-single-file	medium	every LVGL-anchored call target is in LVGL/src/core/lv_obj_style.c
0x0048C920	0x0048C920	0x0048C94E	46	46	lvgl-sandwich	lvgl-core	LVGL/src/core/lv_obj_style.c	call-topology-second-order-file	low	every medium-labelled call target is in LVGL/src/core/lv_obj_style.c
0x0048C94E	0x0048C94E	0x0048C97C	46	46	lvgl-sandwich	lvgl-core	LVGL/src/core/lv_obj_style.c	call-topology-second-order-file	low	every medium-labelled call target is in LVGL/src/core/lv_obj_style.c
0x0048C97C	0x0048C97C	0x0048C986	10	10	lvgl-sandwich	lvgl-core	LVGL/src/core/lv_obj_style.c	call-topology-second-order-file	low	every medium-labelled call target is in LVGL/src/core/lv_obj_style.c
0x0048C986	0x0048C986	0x0048C990	10	10	lvgl-sandwich	lvgl-core	LVGL/src/core/lv_obj_style.c	call-topology-second-order-file	low	every medium-labelled call target is in LVGL/src/core/lv_obj_style.c
0x0048C990	0x0048C990	0x0048C99A	10	10	lvgl-sandwich	lvgl-core	LVGL/src/core/lv_obj_style.c	call-topology-second-order-file	low	every medium-labelled call target is in LVGL/src/core/lv_obj_style.c
0x0048C99A	0x0048C99A	0x0048C9A4	10	10	lvgl-sandwich	lvgl-core	LVGL/src/core/lv_obj_style.c	call-topology-second-order-file	low	every medium-labelled call target is in LVGL/src/core/lv_obj_style.c
0x0048C9A4	0x0048C9A4	0x0048C9AE	10	10	lvgl-sandwich	lvgl-core	LVGL/src/core/lv_obj_style.c	call-topology-second-order-file	low	every medium-labelled call target is in LVGL/src/core/lv_obj_style.c
0x0048C9AE	0x0048C9AE	0x0048C9B8	10	10	lvgl-sandwich	lvgl-core	LVGL/src/core/lv_obj_style.c	call-topology-second-order-file	low	every medium-labelled call target is in LVGL/src/core/lv_obj_style.c
0x0048C9B8	0x0048C9B8	0x0048C9C2	10	10	lvgl-sandwich	lvgl-core	LVGL/src/core/lv_obj_style.c	call-topology-second-order-file	low	every medium-labelled call target is in LVGL/src/core/lv_obj_style.c
0x0048C9C2	0x0048C9C2	0x0048C9CC	10	10	lvgl-sandwich	lvgl-core	LVGL/src/core/lv_obj_style.c	call-topology-second-order-file	low	every medium-labelled call target is in LVGL/src/core/lv_obj_style.c
0x0048C9CC	0x0048C9CC	0x0048C9D6	10	10	lvgl-sandwich	lvgl-core	LVGL/src/core/lv_obj_style.c	call-topology-second-order-file	low	every medium-labelled call target is in LVGL/src/core/lv_obj_style.c
0x0048C9D6	0x0048C9D6	0x0048C9E0	10	10	lvgl-sandwich	lvgl-core	LVGL/src/core/lv_obj_style.c	call-topology-second-order-file	low	every medium-labelled call target is in LVGL/src/core/lv_obj_style.c
0x0048C9E0	0x0048C9E0	0x0048C9FC	28	28	lvgl-sandwich	lvgl-core	LVGL/src/core/lv_obj_style.c	call-topology-second-order-file	low	every medium-labelled call target is in LVGL/src/core/lv_obj_style.c
0x0048C9FC	0x0048C9FC	0x0048CA18	28	28	lvgl-sandwich	lvgl-core	LVGL/src/core/lv_obj_style.c	call-topology-second-order-file	low	every medium-labelled call target is in LVGL/src/core/lv_obj_style.c
0x0048CA18	0x0048CA18	0x0048CA26	14	14	lvgl-sandwich	lvgl-layouts		link-order-module-sandwich	low	bracketed in link order by lvgl-layouts
0x0048CA26	0x0048CA26	0x0048CA3A	20	20	lvgl-sandwich	lvgl-layouts		link-order-module-sandwich	low	bracketed in link order by lvgl-layouts
0x0048CA3C	0x0048CA3C	0x0048CAD8	156	156	lvgl-topology	lvgl-core		call-topology-single-module	medium	LVGL-anchored call targets span LVGL/src/core/lv_obj_event.c|LVGL/src/core/lv_obj_pos.c of lvgl-core
0x0048CAD8	0x0048CAD8	0x0048CBDA	258	258	lvgl-topology	investigation-required		call-topology-mixed	none	LVGL call evidence spans lvgl-core|lvgl-layouts
0x0048CBDA	0x0048CBDA	0x0048CBF8	30	30	lvgl-sandwich	lvgl-layouts		link-order-module-sandwich	low	bracketed in link order by lvgl-layouts
0x0048CFE0	0x0048CFE0	0x0048D3A0	960	960	lvgl-topology	lvgl-core		call-topology-single-module	medium	LVGL-anchored call targets span LVGL/src/core/lv_obj.c|LVGL/src/core/lv_obj_event.c|LVGL/src/core/lv_obj_pos.c|LVGL/src/core/lv_obj_tree.c of lvgl-core
0x00498634	0x00498634	0x00498640	12	12	lvgl-topology	lvgl-core	LVGL/src/core/lv_obj_style.c	call-topology-single-file	medium	every LVGL-anchored call target is in LVGL/src/core/lv_obj_style.c
0x00498640	0x00498640	0x0049864A	10	10	lvgl-topology	lvgl-core	LVGL/src/core/lv_obj_style.c	call-topology-single-file	medium	every LVGL-anchored call target is in LVGL/src/core/lv_obj_style.c
0x0049864A	0x0049864A	0x00498654	10	10	lvgl-topology	lvgl-core	LVGL/src/core/lv_obj_style.c	call-topology-single-file	medium	every LVGL-anchored call target is in LVGL/src/core/lv_obj_style.c
0x00498654	0x00498654	0x0049865E	10	10	lvgl-topology	lvgl-core	LVGL/src/core/lv_obj_style.c	call-topology-single-file	medium	every LVGL-anchored call target is in LVGL/src/core/lv_obj_style.c
0x0049865E	0x0049865E	0x00498668	10	10	lvgl-topology	lvgl-core	LVGL/src/core/lv_obj_style.c	call-topology-single-file	medium	every LVGL-anchored call target is in LVGL/src/core/lv_obj_style.c
0x00498668	0x00498668	0x00498680	24	24	lvgl-topology	lvgl-core	LVGL/src/core/lv_obj_class.c	call-topology-single-file	medium	every LVGL-anchored call target is in LVGL/src/core/lv_obj_class.c
0x00498C9C	0x00498C9C	0x00498EB4	536	536	lvgl-topology	investigation-required		call-topology-mixed	none	LVGL call evidence spans lvgl-core|lvgl-widgets
0x004991E0	0x004991E0	0x004992CC	236	236	lvgl-topology	investigation-required		call-topology-mixed	none	LVGL call evidence spans lvgl-core|lvgl-display|lvgl-widgets
0x004992CC	0x004992CC	0x00499352	134	134	lvgl-topology	investigation-required		call-topology-mixed	none	LVGL call evidence spans lvgl-core|lvgl-widgets
0x00499354	0x00499354	0x00499360	12	12	lvgl-sandwich	lvgl-widgets		link-order-module-sandwich	low	bracketed in link order by lvgl-widgets
0x00499360	0x00499360	0x0049936A	10	10	lvgl-topology	lvgl-core	LVGL/src/core/lv_obj_style.c	call-topology-single-file	medium	every LVGL-anchored call target is in LVGL/src/core/lv_obj_style.c
0x0049936A	0x0049936A	0x00499374	10	10	lvgl-topology	lvgl-core	LVGL/src/core/lv_obj_style.c	call-topology-single-file	medium	every LVGL-anchored call target is in LVGL/src/core/lv_obj_style.c
0x00499374	0x00499374	0x0049937E	10	10	lvgl-topology	lvgl-core	LVGL/src/core/lv_obj_style.c	call-topology-single-file	medium	every LVGL-anchored call target is in LVGL/src/core/lv_obj_style.c
0x0049937E	0x0049937E	0x00499388	10	10	lvgl-topology	lvgl-core	LVGL/src/core/lv_obj_style.c	call-topology-single-file	medium	every LVGL-anchored call target is in LVGL/src/core/lv_obj_style.c
0x00499388	0x00499388	0x00499392	10	10	lvgl-topology	lvgl-core	LVGL/src/core/lv_obj_style.c	call-topology-single-file	medium	every LVGL-anchored call target is in LVGL/src/core/lv_obj_style.c
0x00499392	0x00499392	0x004993A0	14	14	lvgl-topology	lvgl-core	LVGL/src/core/lv_obj_style.c	call-topology-single-file	medium	every LVGL-anchored call target is in LVGL/src/core/lv_obj_style.c
0x004993A0	0x004993A0	0x004993C0	32	32	lvgl-topology	lvgl-core	LVGL/src/core/lv_obj_style.c	call-topology-single-file	medium	every LVGL-anchored call target is in LVGL/src/core/lv_obj_style.c
0x004993C0	0x004993C0	0x004993CA	10	10	lvgl-topology	lvgl-core	LVGL/src/core/lv_obj_style.c	call-topology-single-file	medium	every LVGL-anchored call target is in LVGL/src/core/lv_obj_style.c
0x004993CA	0x004993CA	0x004993D4	10	10	lvgl-topology	lvgl-core	LVGL/src/core/lv_obj_style.c	call-topology-single-file	medium	every LVGL-anchored call target is in LVGL/src/core/lv_obj_style.c
0x004993D4	0x004993D4	0x004993DE	10	10	lvgl-topology	lvgl-core	LVGL/src/core/lv_obj_style.c	call-topology-single-file	medium	every LVGL-anchored call target is in LVGL/src/core/lv_obj_style.c
0x004993DE	0x004993DE	0x004993EC	14	14	lvgl-topology	lvgl-core	LVGL/src/core/lv_obj_style.c	call-topology-single-file	medium	every LVGL-anchored call target is in LVGL/src/core/lv_obj_style.c
0x004993EC	0x004993EC	0x004993F6	10	10	lvgl-topology	lvgl-core	LVGL/src/core/lv_obj_style.c	call-topology-single-file	medium	every LVGL-anchored call target is in LVGL/src/core/lv_obj_style.c
0x004993F6	0x004993F6	0x00499402	12	12	lvgl-topology	lvgl-core	LVGL/src/core/lv_obj_style.c	call-topology-single-file	medium	every LVGL-anchored call target is in LVGL/src/core/lv_obj_style.c
0x00499402	0x00499402	0x0049940C	10	10	lvgl-topology	lvgl-core	LVGL/src/core/lv_obj_style.c	call-topology-single-file	medium	every LVGL-anchored call target is in LVGL/src/core/lv_obj_style.c
0x0049940C	0x0049940C	0x00499416	10	10	lvgl-topology	lvgl-core	LVGL/src/core/lv_obj_style.c	call-topology-single-file	medium	every LVGL-anchored call target is in LVGL/src/core/lv_obj_style.c
0x00499416	0x00499416	0x0049942E	24	24	lvgl-topology	lvgl-core	LVGL/src/core/lv_obj_class.c	call-topology-single-file	medium	every LVGL-anchored call target is in LVGL/src/core/lv_obj_class.c
0x0049A16E	0x0049A16E	0x0049A2F0	386	386	lvgl-topology	investigation-required		call-topology-mixed	none	LVGL call evidence spans lvgl-core|lvgl-misc|lvgl-widgets
0x0049A31C	0x0049A31C	0x0049A5C0	676	676	lvgl-topology	investigation-required		call-topology-mixed	none	LVGL call evidence spans lvgl-core|lvgl-draw|lvgl-font|lvgl-misc|lvgl-widgets
0x0049A5C0	0x0049A5C0	0x0049A602	66	66	lvgl-sandwich	lvgl-widgets	LVGL/src/widgets/label/lv_label.c	link-order-file-sandwich	low	bracketed in link order by LVGL/src/widgets/label/lv_label.c
0x0049A602	0x0049A602	0x0049AACC	1226	1226	lvgl-topology	investigation-required		call-topology-mixed	none	LVGL call evidence spans lvgl-core|lvgl-font|lvgl-misc|lvgl-widgets
0x0049AACC	0x0049AACC	0x0049AB06	58	58	lvgl-sandwich	lvgl-widgets	LVGL/src/widgets/label/lv_label.c	link-order-file-sandwich	low	bracketed in link order by LVGL/src/widgets/label/lv_label.c
0x0049ACBA	0x0049ACBA	0x0049ACC4	10	10	lvgl-topology	lvgl-osal-freertos	LVGL/src/osal/lv_freertos.c	call-topology-single-file	medium	every LVGL-anchored call target is in LVGL/src/osal/lv_freertos.c
0x0049ACC4	0x0049ACC4	0x0049ACCE	10	10	lvgl-topology	lvgl-osal-freertos	LVGL/src/osal/lv_freertos.c	call-topology-single-file	medium	every LVGL-anchored call target is in LVGL/src/osal/lv_freertos.c
0x004AB004	0x004AB004	0x004AB062	94	94	lvgl-topology	lvgl-core	LVGL/src/core/lv_obj_pos.c	call-topology-single-file	medium	every LVGL-anchored call target is in LVGL/src/core/lv_obj_pos.c
0x004B0D38	0x004B0D38	0x004B0EA6	366	366	lvgl-sandwich	ambiq-draw-backend	LVGL/src/draw/ambiq/lv_draw_ambiq_private.c	link-order-file-sandwich	low	bracketed in link order by LVGL/src/draw/ambiq/lv_draw_ambiq_private.c
0x004B127C	0x004B127C	0x004B128A	14	14	lvgl-sandwich	investigation-required		none	none	external callers: investigation-required-no-evidence
0x004B128A	0x004B128A	0x004B1298	14	14	lvgl-sandwich	investigation-required		none	none	external callers: first-party|investigation-required-no-evidence|lvgl_v9.3
0x004B1298	0x004B1298	0x004B146C	468	468	lvgl-sandwich	investigation-required		none	none	external callers: investigation-required-mixed|investigation-required-no-evidence|lvgl_v9.3
0x004B146C	0x004B146C	0x004B1474	8	8	lvgl-sandwich	investigation-required		none	none	external callers: investigation-required-no-evidence|lvgl_v9.3
0x004B1474	0x004B1474	0x004B1488	20	20	lvgl-sandwich	investigation-required		none	none	external callers: investigation-required-no-evidence|rejected-oversized-envelope
0x004B1488	0x004B1488	0x004B14CA	66	66	lvgl-sandwich	investigation-required		none	none	external callers: investigation-required-no-evidence
0x004B14CA	0x004B14CA	0x004B14FE	52	52	lvgl-sandwich	investigation-required		none	none	external callers: investigation-required-no-evidence
0x004B14FE	0x004B14FE	0x004B1516	24	24	lvgl-sandwich	investigation-required		none	none	external callers: investigation-required-no-evidence
0x004B1516	0x004B1516	0x004B1548	50	50	lvgl-sandwich	investigation-required		none	none	external callers: investigation-required-no-evidence|lvgl_v9.3
0x004B1548	0x004B1548	0x004B1588	64	64	lvgl-sandwich	investigation-required		none	none	external callers: investigation-required-no-evidence|lvgl_v9.3
0x004B1588	0x004B1588	0x004B15A6	30	30	lvgl-sandwich	investigation-required		none	none	external callers: investigation-required-no-evidence
0x004B15A6	0x004B15A6	0x004B15B4	14	14	lvgl-sandwich	investigation-required		none	none	external callers: investigation-required-no-evidence
0x004B15B4	0x004B15B4	0x004B1606	82	82	lvgl-sandwich	investigation-required		none	none	external callers: investigation-required-no-evidence
0x004B1608	0x004B1608	0x004B178C	388	388	lvgl-sandwich	investigation-required		none	none	external callers: first-party-anchored|lvgl_v9.3
0x004B1794	0x004B1794	0x004B199C	520	520	lvgl-sandwich	investigation-required		none	none	external callers: investigation-required-no-evidence
0x004B199C	0x004B199C	0x004B1A78	220	220	lvgl-sandwich	investigation-required		none	none	external callers: investigation-required-no-evidence
0x004B1A78	0x004B1A78	0x004B1AAA	50	50	lvgl-sandwich	investigation-required		none	none	external callers: first-party-anchored
0x004B1AB0	0x004B1AB0	0x004B1AD4	36	36	lvgl-sandwich	investigation-required		none	none	external callers: investigation-required-no-evidence
0x004B1AD4	0x004B1AD4	0x004B1B0E	58	58	lvgl-sandwich	investigation-required		none	none	external callers: lvgl_v9.3
0x004B1B0E	0x004B1B0E	0x004B1B48	58	58	lvgl-sandwich	investigation-required		none	none	external callers: lvgl_v9.3
0x004B1B48	0x004B1B48	0x004B1B84	60	60	lvgl-sandwich	investigation-required		none	none	external callers: first-party-anchored|lvgl_v9.3
0x004B1B8C	0x004B1B8C	0x004B1B98	12	12	lvgl-sandwich	investigation-required		none	none	external callers: lvgl_v9.3
0x004B1FCC	0x004B1FCC	0x004B1FD4	8	8	lvgl-sandwich	lvgl-freetype-wrapper	LVGL/src/libs/freetype/lv_freetype.c	link-order-file-sandwich	low	bracketed in link order by LVGL/src/libs/freetype/lv_freetype.c
0x004B201E	0x004B201E	0x004B202C	14	14	lvgl-sandwich	lvgl-freetype-wrapper	LVGL/src/libs/freetype/lv_freetype.c	link-order-file-sandwich	low	bracketed in link order by LVGL/src/libs/freetype/lv_freetype.c
0x004B20AA	0x004B20AA	0x004B20D4	42	42	lvgl-topology	lvgl-freetype-wrapper		call-topology-single-module	medium	LVGL-anchored call targets span LVGL/src/libs/freetype/lv_freetype_glyph.c|LVGL/src/libs/freetype/lv_freetype_image.c|LVGL/src/libs/freetype/lv_freetype_outline.c of lvgl-freetype-wrapper
0x004C6D80	0x004C6D80	0x004C6D8C	12	12	lvgl-sandwich	investigation-required		none	none	no closed-world LVGL evidence
0x004C6D8C	0x004C6D8C	0x004C6D9A	14	14	lvgl-sandwich	investigation-required		none	none	external callers: lvgl_v9.3
0x004C6EE0	0x004C6EE0	0x004C6F46	102	102	lvgl-sandwich	lvgl-misc	LVGL/src/misc/lv_fs.c	link-order-file-sandwich	low	bracketed in link order by LVGL/src/misc/lv_fs.c
0x004C6F46	0x004C6F46	0x004C6FBA	116	116	lvgl-topology	lvgl-misc	LVGL/src/misc/lv_fs.c	call-topology-single-file	medium	every LVGL-anchored call target is in LVGL/src/misc/lv_fs.c
0x004C6FBA	0x004C6FBA	0x004C7018	94	94	lvgl-sandwich	lvgl-misc	LVGL/src/misc/lv_fs.c	link-order-file-sandwich	low	bracketed in link order by LVGL/src/misc/lv_fs.c
0x004C7018	0x004C7018	0x004C7064	76	76	lvgl-sandwich	lvgl-misc	LVGL/src/misc/lv_fs.c	link-order-file-sandwich	low	bracketed in link order by LVGL/src/misc/lv_fs.c
0x004C7064	0x004C7064	0x004C706E	10	10	lvgl-sandwich	lvgl-misc	LVGL/src/misc/lv_fs.c	link-order-file-sandwich	low	bracketed in link order by LVGL/src/misc/lv_fs.c
0x004C70B4	0x004C70B4	0x004C70E4	48	48	lvgl-sandwich	lvgl-misc	LVGL/src/misc/lv_fs.c	link-order-file-sandwich	low	bracketed in link order by LVGL/src/misc/lv_fs.c
0x004C70E4	0x004C70E4	0x004C7116	50	50	lvgl-sandwich	lvgl-misc	LVGL/src/misc/lv_fs.c	link-order-file-sandwich	low	bracketed in link order by LVGL/src/misc/lv_fs.c
0x004C7116	0x004C7116	0x004C713C	38	38	lvgl-sandwich	lvgl-misc	LVGL/src/misc/lv_fs.c	link-order-file-sandwich	low	bracketed in link order by LVGL/src/misc/lv_fs.c
0x004C7364	0x004C7364	0x004C73C2	94	94	lvgl-sandwich	investigation-required		none	none	no closed-world LVGL evidence
0x004C73C4	0x004C73C4	0x004C73D6	18	18	lvgl-sandwich	investigation-required		none	none	no closed-world LVGL evidence
0x004C752E	0x004C752E	0x004C7548	26	26	lvgl-sandwich	investigation-required		none	none	no closed-world LVGL evidence
0x004C7548	0x004C7548	0x004C76A6	350	350	lvgl-sandwich	investigation-required		none	none	no closed-world LVGL evidence
0x004C7752	0x004C7752	0x004C791A	456	456	lvgl-topology	investigation-required		call-topology-mixed	none	LVGL call evidence spans ambiq-draw-backend|lvgl-draw
0x004C791A	0x004C791A	0x004C7920	6	6	lvgl-sandwich	investigation-required		none	none	external callers: investigation-required-no-evidence|lvgl_v9.3
0x004C7940	0x004C7940	0x004C794C	12	12	lvgl-sandwich	investigation-required		none	none	external callers: lvgl_v9.3
0x004C8210	0x004C8210	0x004C8256	70	70	lvgl-topology	lvgl-draw	LVGL/src/draw/lv_draw_buf.c	call-topology-single-file	medium	every LVGL-anchored call target is in LVGL/src/draw/lv_draw_buf.c
0x004C884A	0x004C884A	0x004C887C	50	50	lvgl-sandwich	lvgl-bin-decoder	LVGL/src/libs/bin_decoder/lv_bin_decoder.c	link-order-file-sandwich	low	bracketed in link order by LVGL/src/libs/bin_decoder/lv_bin_decoder.c
0x004C8C94	0x004C8C94	0x004C8D3C	168	168	lvgl-sandwich	lvgl-bin-decoder	LVGL/src/libs/bin_decoder/lv_bin_decoder.c	link-order-file-sandwich	low	bracketed in link order by LVGL/src/libs/bin_decoder/lv_bin_decoder.c
0x004C8D3C	0x004C8D3C	0x004C8D8C	80	80	lvgl-sandwich	lvgl-misc	LVGL/src/misc/lv_fs.c	call-topology-second-order-file	low	every medium-labelled call target is in LVGL/src/misc/lv_fs.c
0x004C8EFC	0x004C8EFC	0x004C8F0A	14	14	lvgl-sandwich	investigation-required		none	none	external callers: lvgl_v9.3
0x004C8F0A	0x004C8F0A	0x004C8F56	76	76	lvgl-topology	lvgl-misc	LVGL/src/misc/lv_fs.c	call-topology-single-file	medium	every LVGL-anchored call target is in LVGL/src/misc/lv_fs.c
0x004C9104	0x004C9104	0x004C9176	114	114	lvgl-sandwich	investigation-required		none	none	no closed-world LVGL evidence
0x004C91A8	0x004C91A8	0x004C91DE	54	54	lvgl-topology	lvgl-draw	LVGL/src/draw/lv_image_decoder.c	call-topology-single-file	medium	every LVGL-anchored call target is in LVGL/src/draw/lv_image_decoder.c
0x004C93A0	0x004C93A0	0x004C947C	220	220	lvgl-topology	lvgl-draw	LVGL/src/draw/lv_draw_buf.c	call-topology-single-file	medium	every LVGL-anchored call target is in LVGL/src/draw/lv_draw_buf.c
0x004D4650	0x004D4650	0x004D465C	12	12	lvgl-sandwich	lvgl-osal-freertos	LVGL/src/osal/lv_freertos.c	link-order-file-sandwich	low	bracketed in link order by LVGL/src/osal/lv_freertos.c
0x004D465C	0x004D465C	0x004D4666	10	10	lvgl-sandwich	lvgl-osal-freertos	LVGL/src/osal/lv_freertos.c	call-topology-second-order-file	low	every medium-labelled call target is in LVGL/src/osal/lv_freertos.c
0x004D46C2	0x004D46C2	0x004D46DE	28	28	lvgl-sandwich	lvgl-osal-freertos	LVGL/src/osal/lv_freertos.c	link-order-file-sandwich	low	bracketed in link order by LVGL/src/osal/lv_freertos.c
0x004D46DE	0x004D46DE	0x004D46E8	10	10	lvgl-sandwich	lvgl-osal-freertos	LVGL/src/osal/lv_freertos.c	link-order-file-sandwich	low	bracketed in link order by LVGL/src/osal/lv_freertos.c
0x004D46E8	0x004D46E8	0x004D4724	60	60	lvgl-sandwich	lvgl-osal-freertos	LVGL/src/osal/lv_freertos.c	link-order-file-sandwich	low	bracketed in link order by LVGL/src/osal/lv_freertos.c
0x004D4724	0x004D4724	0x004D475C	56	56	lvgl-sandwich	lvgl-osal-freertos	LVGL/src/osal/lv_freertos.c	link-order-file-sandwich	low	bracketed in link order by LVGL/src/osal/lv_freertos.c
0x004D475C	0x004D475C	0x004D4768	12	12	lvgl-sandwich	lvgl-osal-freertos	LVGL/src/osal/lv_freertos.c	link-order-file-sandwich	low	bracketed in link order by LVGL/src/osal/lv_freertos.c
0x004D4768	0x004D4768	0x004D477A	18	18	lvgl-sandwich	lvgl-osal-freertos	LVGL/src/osal/lv_freertos.c	link-order-file-sandwich	low	bracketed in link order by LVGL/src/osal/lv_freertos.c
0x004D47CC	0x004D47CC	0x004D47EC	32	32	lvgl-topology	lvgl-osal-freertos	LVGL/src/osal/lv_freertos.c	call-topology-single-file	medium	every LVGL-anchored call target is in LVGL/src/osal/lv_freertos.c
0x004D47EC	0x004D47EC	0x004D47FA	14	14	lvgl-sandwich	investigation-required		none	none	no closed-world LVGL evidence
0x004D47FA	0x004D47FA	0x004D481A	32	32	lvgl-sandwich	investigation-required		none	none	no closed-world LVGL evidence
0x004D481A	0x004D481A	0x004D4826	12	12	lvgl-topology	lvgl-misc	LVGL/src/misc/lv_style.c	call-topology-single-file	medium	every LVGL-anchored call target is in LVGL/src/misc/lv_style.c
0x004D4826	0x004D4826	0x004D4832	12	12	lvgl-topology	lvgl-misc	LVGL/src/misc/lv_style.c	call-topology-single-file	medium	every LVGL-anchored call target is in LVGL/src/misc/lv_style.c
0x004D4832	0x004D4832	0x004D483E	12	12	lvgl-topology	lvgl-misc	LVGL/src/misc/lv_style.c	call-topology-single-file	medium	every LVGL-anchored call target is in LVGL/src/misc/lv_style.c
0x004D483E	0x004D483E	0x004D484A	12	12	lvgl-topology	lvgl-misc	LVGL/src/misc/lv_style.c	call-topology-single-file	medium	every LVGL-anchored call target is in LVGL/src/misc/lv_style.c
0x004D484A	0x004D484A	0x004D4856	12	12	lvgl-topology	lvgl-misc	LVGL/src/misc/lv_style.c	call-topology-single-file	medium	every LVGL-anchored call target is in LVGL/src/misc/lv_style.c
0x004D4856	0x004D4856	0x004D4862	12	12	lvgl-topology	lvgl-misc	LVGL/src/misc/lv_style.c	call-topology-single-file	medium	every LVGL-anchored call target is in LVGL/src/misc/lv_style.c
0x004D4862	0x004D4862	0x004D486E	12	12	lvgl-topology	lvgl-misc	LVGL/src/misc/lv_style.c	call-topology-single-file	medium	every LVGL-anchored call target is in LVGL/src/misc/lv_style.c
0x004D486E	0x004D486E	0x004D487A	12	12	lvgl-topology	lvgl-misc	LVGL/src/misc/lv_style.c	call-topology-single-file	medium	every LVGL-anchored call target is in LVGL/src/misc/lv_style.c
0x004D487A	0x004D487A	0x004D4886	12	12	lvgl-topology	lvgl-misc	LVGL/src/misc/lv_style.c	call-topology-single-file	medium	every LVGL-anchored call target is in LVGL/src/misc/lv_style.c
0x004D4886	0x004D4886	0x004D4892	12	12	lvgl-topology	lvgl-misc	LVGL/src/misc/lv_style.c	call-topology-single-file	medium	every LVGL-anchored call target is in LVGL/src/misc/lv_style.c
0x004D4892	0x004D4892	0x004D489E	12	12	lvgl-topology	lvgl-misc	LVGL/src/misc/lv_style.c	call-topology-single-file	medium	every LVGL-anchored call target is in LVGL/src/misc/lv_style.c
0x004D489E	0x004D489E	0x004D48AA	12	12	lvgl-topology	lvgl-misc	LVGL/src/misc/lv_style.c	call-topology-single-file	medium	every LVGL-anchored call target is in LVGL/src/misc/lv_style.c
0x004D48AA	0x004D48AA	0x004D48C4	26	26	lvgl-topology	lvgl-misc	LVGL/src/misc/lv_style.c	call-topology-single-file	medium	every LVGL-anchored call target is in LVGL/src/misc/lv_style.c
0x004D48C4	0x004D48C4	0x004D48D2	14	14	lvgl-topology	lvgl-misc	LVGL/src/misc/lv_style.c	call-topology-single-file	medium	every LVGL-anchored call target is in LVGL/src/misc/lv_style.c
0x004D48D2	0x004D48D2	0x004D48EC	26	26	lvgl-topology	lvgl-misc	LVGL/src/misc/lv_style.c	call-topology-single-file	medium	every LVGL-anchored call target is in LVGL/src/misc/lv_style.c
0x004D48EC	0x004D48EC	0x004D48F8	12	12	lvgl-topology	lvgl-misc	LVGL/src/misc/lv_style.c	call-topology-single-file	medium	every LVGL-anchored call target is in LVGL/src/misc/lv_style.c
0x004D48F8	0x004D48F8	0x004D4912	26	26	lvgl-topology	lvgl-misc	LVGL/src/misc/lv_style.c	call-topology-single-file	medium	every LVGL-anchored call target is in LVGL/src/misc/lv_style.c
0x004D4912	0x004D4912	0x004D4920	14	14	lvgl-topology	lvgl-misc	LVGL/src/misc/lv_style.c	call-topology-single-file	medium	every LVGL-anchored call target is in LVGL/src/misc/lv_style.c
0x004D4920	0x004D4920	0x004D492C	12	12	lvgl-topology	lvgl-misc	LVGL/src/misc/lv_style.c	call-topology-single-file	medium	every LVGL-anchored call target is in LVGL/src/misc/lv_style.c
0x004D492C	0x004D492C	0x004D493A	14	14	lvgl-topology	lvgl-misc	LVGL/src/misc/lv_style.c	call-topology-single-file	medium	every LVGL-anchored call target is in LVGL/src/misc/lv_style.c
0x004D493A	0x004D493A	0x004D4948	14	14	lvgl-topology	lvgl-misc	LVGL/src/misc/lv_style.c	call-topology-single-file	medium	every LVGL-anchored call target is in LVGL/src/misc/lv_style.c
0x004D4948	0x004D4948	0x004D4954	12	12	lvgl-topology	lvgl-misc	LVGL/src/misc/lv_style.c	call-topology-single-file	medium	every LVGL-anchored call target is in LVGL/src/misc/lv_style.c
0x004D4954	0x004D4954	0x004D496E	26	26	lvgl-topology	lvgl-misc	LVGL/src/misc/lv_style.c	call-topology-single-file	medium	every LVGL-anchored call target is in LVGL/src/misc/lv_style.c
0x004D496E	0x004D496E	0x004D497C	14	14	lvgl-topology	lvgl-misc	LVGL/src/misc/lv_style.c	call-topology-single-file	medium	every LVGL-anchored call target is in LVGL/src/misc/lv_style.c
0x004D497C	0x004D497C	0x004D4988	12	12	lvgl-topology	lvgl-misc	LVGL/src/misc/lv_style.c	call-topology-single-file	medium	every LVGL-anchored call target is in LVGL/src/misc/lv_style.c
0x004D4988	0x004D4988	0x004D4994	12	12	lvgl-topology	lvgl-misc	LVGL/src/misc/lv_style.c	call-topology-single-file	medium	every LVGL-anchored call target is in LVGL/src/misc/lv_style.c
0x004D4994	0x004D4994	0x004D49A0	12	12	lvgl-topology	lvgl-misc	LVGL/src/misc/lv_style.c	call-topology-single-file	medium	every LVGL-anchored call target is in LVGL/src/misc/lv_style.c
0x004D49A0	0x004D49A0	0x004D49AC	12	12	lvgl-topology	lvgl-misc	LVGL/src/misc/lv_style.c	call-topology-single-file	medium	every LVGL-anchored call target is in LVGL/src/misc/lv_style.c
0x004D49AC	0x004D49AC	0x004D49C6	26	26	lvgl-topology	lvgl-misc	LVGL/src/misc/lv_style.c	call-topology-single-file	medium	every LVGL-anchored call target is in LVGL/src/misc/lv_style.c
0x004D49C6	0x004D49C6	0x004D49D4	14	14	lvgl-topology	lvgl-misc	LVGL/src/misc/lv_style.c	call-topology-single-file	medium	every LVGL-anchored call target is in LVGL/src/misc/lv_style.c
0x004D49D4	0x004D49D4	0x004D49E0	12	12	lvgl-topology	lvgl-misc	LVGL/src/misc/lv_style.c	call-topology-single-file	medium	every LVGL-anchored call target is in LVGL/src/misc/lv_style.c
0x004D49E0	0x004D49E0	0x004D49FA	26	26	lvgl-topology	lvgl-misc	LVGL/src/misc/lv_style.c	call-topology-single-file	medium	every LVGL-anchored call target is in LVGL/src/misc/lv_style.c
0x004D49FA	0x004D49FA	0x004D4A06	12	12	lvgl-topology	lvgl-misc	LVGL/src/misc/lv_style.c	call-topology-single-file	medium	every LVGL-anchored call target is in LVGL/src/misc/lv_style.c
0x004D4A06	0x004D4A06	0x004D4A14	14	14	lvgl-topology	lvgl-misc	LVGL/src/misc/lv_style.c	call-topology-single-file	medium	every LVGL-anchored call target is in LVGL/src/misc/lv_style.c
0x004D4A14	0x004D4A14	0x004D4A2E	26	26	lvgl-topology	lvgl-misc	LVGL/src/misc/lv_style.c	call-topology-single-file	medium	every LVGL-anchored call target is in LVGL/src/misc/lv_style.c
0x004D4A2E	0x004D4A2E	0x004D4A48	26	26	lvgl-topology	lvgl-misc	LVGL/src/misc/lv_style.c	call-topology-single-file	medium	every LVGL-anchored call target is in LVGL/src/misc/lv_style.c
0x004D4A48	0x004D4A48	0x004D4A54	12	12	lvgl-topology	lvgl-misc	LVGL/src/misc/lv_style.c	call-topology-single-file	medium	every LVGL-anchored call target is in LVGL/src/misc/lv_style.c
0x004D4A54	0x004D4A54	0x004D4A60	12	12	lvgl-topology	lvgl-misc	LVGL/src/misc/lv_style.c	call-topology-single-file	medium	every LVGL-anchored call target is in LVGL/src/misc/lv_style.c
0x004D4A60	0x004D4A60	0x004D4A6E	14	14	lvgl-topology	lvgl-misc	LVGL/src/misc/lv_style.c	call-topology-single-file	medium	every LVGL-anchored call target is in LVGL/src/misc/lv_style.c
0x004D4A6E	0x004D4A6E	0x004D4A7A	12	12	lvgl-topology	lvgl-misc	LVGL/src/misc/lv_style.c	call-topology-single-file	medium	every LVGL-anchored call target is in LVGL/src/misc/lv_style.c
0x004D4A7A	0x004D4A7A	0x004D4A88	14	14	lvgl-topology	lvgl-misc	LVGL/src/misc/lv_style.c	call-topology-single-file	medium	every LVGL-anchored call target is in LVGL/src/misc/lv_style.c
0x004D4A88	0x004D4A88	0x004D4AA2	26	26	lvgl-topology	lvgl-misc	LVGL/src/misc/lv_style.c	call-topology-single-file	medium	every LVGL-anchored call target is in LVGL/src/misc/lv_style.c
0x004D4AA2	0x004D4AA2	0x004D4AB0	14	14	lvgl-topology	lvgl-misc	LVGL/src/misc/lv_style.c	call-topology-single-file	medium	every LVGL-anchored call target is in LVGL/src/misc/lv_style.c
0x004D4AB0	0x004D4AB0	0x004D4ABC	12	12	lvgl-topology	lvgl-misc	LVGL/src/misc/lv_style.c	call-topology-single-file	medium	every LVGL-anchored call target is in LVGL/src/misc/lv_style.c
0x004D4ABC	0x004D4ABC	0x004D4AC8	12	12	lvgl-topology	lvgl-misc	LVGL/src/misc/lv_style.c	call-topology-single-file	medium	every LVGL-anchored call target is in LVGL/src/misc/lv_style.c
0x004D4AC8	0x004D4AC8	0x004D4AD4	12	12	lvgl-topology	lvgl-misc	LVGL/src/misc/lv_style.c	call-topology-single-file	medium	every LVGL-anchored call target is in LVGL/src/misc/lv_style.c
0x004D4AD4	0x004D4AD4	0x004D4B24	80	80	lvgl-topology	lvgl-cache	LVGL/src/misc/cache/lv_cache.c	call-topology-single-file	medium	every LVGL-anchored call target is in LVGL/src/misc/cache/lv_cache.c
0x004D4B24	0x004D4B24	0x004D4B32	14	14	lvgl-sandwich	investigation-required		none	none	external callers: first-party-anchored|lvgl_v9.3
0x004D4B32	0x004D4B32	0x004D4B94	98	98	lvgl-sandwich	investigation-required		none	none	no closed-world LVGL evidence
0x004D4B94	0x004D4B94	0x004D4BA4	16	16	lvgl-sandwich	investigation-required		none	none	no closed-world LVGL evidence
0x004D4BDC	0x004D4BDC	0x004D4C2C	80	80	lvgl-topology	lvgl-cache	LVGL/src/misc/cache/lv_cache.c	call-topology-single-file	medium	every LVGL-anchored call target is in LVGL/src/misc/cache/lv_cache.c
0x004D4C2C	0x004D4C2C	0x004D4C3A	14	14	lvgl-sandwich	investigation-required		none	none	external callers: lvgl_v9.3
0x004D4C3A	0x004D4C3A	0x004D4C9C	98	98	lvgl-sandwich	investigation-required		none	none	no closed-world LVGL evidence
0x004D4C9C	0x004D4C9C	0x004D4CAC	16	16	lvgl-sandwich	investigation-required		none	none	no closed-world LVGL evidence
0x004D4CCC	0x004D4CCC	0x004D4CD2	6	6	lvgl-sandwich	investigation-required		none	none	external callers: first-party|lvgl_v9.3
0x004D5104	0x004D5104	0x004D5114	16	16	lvgl-sandwich	lvgl-cache	LVGL/src/misc/cache/lv_cache.c	link-order-file-sandwich	low	bracketed in link order by LVGL/src/misc/cache/lv_cache.c
0x004D5114	0x004D5114	0x004D511C	8	8	lvgl-sandwich	lvgl-cache	LVGL/src/misc/cache/lv_cache.c	link-order-file-sandwich	low	bracketed in link order by LVGL/src/misc/cache/lv_cache.c
0x004D511C	0x004D511C	0x004D5172	86	86	lvgl-topology	lvgl-cache	LVGL/src/misc/cache/lv_cache_entry.c	call-topology-single-file	medium	every LVGL-anchored call target is in LVGL/src/misc/cache/lv_cache_entry.c
0x004D5590	0x004D5590	0x004D559C	12	12	lvgl-sandwich	investigation-required		none	none	external callers: lvgl_v9.3
0x004D559C	0x004D559C	0x004D5612	118	118	lvgl-sandwich	investigation-required		none	none	external callers: lvgl_v9.3
0x004F5050	0x004F5050	0x004F505C	12	12	lvgl-topology	lvgl-core	LVGL/src/core/lv_obj_style.c	call-topology-single-file	medium	every LVGL-anchored call target is in LVGL/src/core/lv_obj_style.c
0x004F505C	0x004F505C	0x004F5068	12	12	lvgl-topology	lvgl-core	LVGL/src/core/lv_obj_style.c	call-topology-single-file	medium	every LVGL-anchored call target is in LVGL/src/core/lv_obj_style.c
0x004F50D6	0x004F50D6	0x004F517C	166	166	lvgl-topology	lvgl-misc	LVGL/src/misc/lv_text.c	call-topology-single-file	medium	every LVGL-anchored call target is in LVGL/src/misc/lv_text.c
0x0050E990	0x0050E990	0x0050E99A	10	10	lvgl-topology	lvgl-core	LVGL/src/core/lv_obj_style.c	call-topology-single-file	medium	every LVGL-anchored call target is in LVGL/src/core/lv_obj_style.c
0x0050E9CC	0x0050E9CC	0x0050E9D6	10	10	lvgl-topology	lvgl-core	LVGL/src/core/lv_obj_style.c	call-topology-single-file	medium	every LVGL-anchored call target is in LVGL/src/core/lv_obj_style.c
0x0050E9D6	0x0050E9D6	0x0050E9E0	10	10	lvgl-topology	lvgl-core	LVGL/src/core/lv_obj_style.c	call-topology-single-file	medium	every LVGL-anchored call target is in LVGL/src/core/lv_obj_style.c
0x0050E9E0	0x0050E9E0	0x0050E9EA	10	10	lvgl-topology	lvgl-core	LVGL/src/core/lv_obj_style.c	call-topology-single-file	medium	every LVGL-anchored call target is in LVGL/src/core/lv_obj_style.c
0x0050E9EA	0x0050E9EA	0x0050E9F4	10	10	lvgl-topology	lvgl-core	LVGL/src/core/lv_obj_style.c	call-topology-single-file	medium	every LVGL-anchored call target is in LVGL/src/core/lv_obj_style.c
0x0050EA10	0x0050EA10	0x0050EA28	24	24	lvgl-topology	lvgl-core	LVGL/src/core/lv_obj_class.c	call-topology-single-file	medium	every LVGL-anchored call target is in LVGL/src/core/lv_obj_class.c
0x0050F1D6	0x0050F1D6	0x0050F30E	312	312	lvgl-topology	investigation-required		call-topology-mixed	none	LVGL call evidence spans lvgl-core|lvgl-draw|lvgl-widgets
0x0050F30E	0x0050F30E	0x0050F386	120	120	lvgl-topology	lvgl-core	LVGL/src/core/lv_obj_pos.c	call-topology-single-file	medium	every LVGL-anchored call target is in LVGL/src/core/lv_obj_pos.c
0x0050F386	0x0050F386	0x0050F4BC	310	310	lvgl-topology	investigation-required		call-topology-mixed	none	LVGL call evidence spans lvgl-core|lvgl-misc|lvgl-widgets
0x0050F678	0x0050F678	0x0050F710	152	152	lvgl-topology	lvgl-core	LVGL/src/core/lv_obj_pos.c	call-topology-single-file	medium	every LVGL-anchored call target is in LVGL/src/core/lv_obj_pos.c
0x0050F710	0x0050F710	0x0050F71A	10	10	lvgl-topology	lvgl-core	LVGL/src/core/lv_obj_tree.c	call-topology-single-file	medium	every LVGL-anchored call target is in LVGL/src/core/lv_obj_tree.c
0x0050F71A	0x0050F71A	0x0050F76E	84	84	lvgl-topology	investigation-required		call-topology-mixed	none	LVGL call evidence spans lvgl-misc|lvgl-widgets
0x0050F770	0x0050F770	0x0050F77E	14	14	lvgl-topology	lvgl-core	LVGL/src/core/lv_obj_tree.c	call-topology-single-file	medium	every LVGL-anchored call target is in LVGL/src/core/lv_obj_tree.c
0x00524F96	0x00524F96	0x0052502A	148	148	lvgl-topology	ambiq-freetype-system	lvgl_ambiq_demo/lvgl_ttf/src/am_ftsystem.c	call-topology-single-file	medium	every LVGL-anchored call target is in lvgl_ambiq_demo/lvgl_ttf/src/am_ftsystem.c
0x005293C0	0x005293C0	0x00529406	70	70	lvgl-topology	lvgl-cache	LVGL/src/misc/cache/lv_cache.c	call-topology-single-file	medium	every LVGL-anchored call target is in LVGL/src/misc/cache/lv_cache.c
0x005297B8	0x005297B8	0x005297F8	64	64	lvgl-topology	lvgl-cache	LVGL/src/misc/cache/lv_cache.c	call-topology-single-file	medium	every LVGL-anchored call target is in LVGL/src/misc/cache/lv_cache.c
0x00529AE4	0x00529AE4	0x00529AEE	10	10	lvgl-topology	lvgl-draw	LVGL/src/draw/lv_draw_buf.c	call-topology-single-file	medium	every LVGL-anchored call target is in LVGL/src/draw/lv_draw_buf.c
0x00529B2C	0x00529B2C	0x00529B38	12	12	lvgl-sandwich	lvgl-freetype-wrapper		link-order-module-sandwich	low	bracketed in link order by lvgl-freetype-wrapper
0x00529B38	0x00529B38	0x00529B7E	70	70	lvgl-topology	lvgl-cache	LVGL/src/misc/cache/lv_cache.c	call-topology-single-file	medium	every LVGL-anchored call target is in LVGL/src/misc/cache/lv_cache.c
0x00529BF2	0x00529BF2	0x00529BFE	12	12	lvgl-sandwich	lvgl-freetype-wrapper	LVGL/src/libs/freetype/lv_freetype_outline.c	link-order-file-sandwich	low	bracketed in link order by LVGL/src/libs/freetype/lv_freetype_outline.c
0x00529CF8	0x00529CF8	0x00529D40	72	72	lvgl-topology	investigation-required		call-topology-mixed	none	LVGL call evidence spans lvgl-freetype-wrapper|lvgl-osal-freertos
0x00529D40	0x00529D40	0x00529D50	16	16	lvgl-sandwich	lvgl-freetype-wrapper	LVGL/src/libs/freetype/lv_freetype_outline.c	call-topology-second-order-file	low	every medium-labelled call target is in LVGL/src/libs/freetype/lv_freetype_outline.c
0x00529E88	0x00529E88	0x00529EA2	26	26	lvgl-sandwich	lvgl-freetype-wrapper	LVGL/src/libs/freetype/lv_freetype_outline.c	link-order-file-sandwich	low	bracketed in link order by LVGL/src/libs/freetype/lv_freetype_outline.c
0x00529EE8	0x00529EE8	0x00529F36	78	78	lvgl-topology	lvgl-freetype-wrapper	LVGL/src/libs/freetype/lv_freetype_outline.c	call-topology-single-file	medium	every LVGL-anchored call target is in LVGL/src/libs/freetype/lv_freetype_outline.c
0x00529F36	0x00529F36	0x00529F4C	22	22	lvgl-sandwich	lvgl-freetype-wrapper	LVGL/src/libs/freetype/lv_freetype_outline.c	call-topology-second-order-file	low	every medium-labelled call target is in LVGL/src/libs/freetype/lv_freetype_outline.c
0x00529F4C	0x00529F4C	0x00529F62	22	22	lvgl-sandwich	lvgl-freetype-wrapper	LVGL/src/libs/freetype/lv_freetype_outline.c	call-topology-second-order-file	low	every medium-labelled call target is in LVGL/src/libs/freetype/lv_freetype_outline.c
0x0052A264	0x0052A264	0x0052A284	32	32	lvgl-topology	lvgl-freetype-wrapper	LVGL/src/libs/freetype/lv_freetype_outline.c	call-topology-single-file	medium	every LVGL-anchored call target is in LVGL/src/libs/freetype/lv_freetype_outline.c
0x0053D5DA	0x0053D5DA	0x0053D65C	130	130	lvgl-sandwich	ambiq-draw-backend		link-order-module-sandwich	low	bracketed in link order by ambiq-draw-backend
0x0053D6CC	0x0053D6CC	0x0053D6D0	4	4	lvgl-sandwich	ambiq-draw-backend		link-order-module-sandwich	low	bracketed in link order by ambiq-draw-backend
0x0053D6D0	0x0053D6D0	0x0053D6DA	10	10	lvgl-topology	lvgl-misc	LVGL/src/misc/lv_array.c	call-topology-single-file	medium	every LVGL-anchored call target is in LVGL/src/misc/lv_array.c
0x0053D6DA	0x0053D6DA	0x0053D6EA	16	16	lvgl-sandwich	ambiq-draw-backend		link-order-module-sandwich	low	bracketed in link order by ambiq-draw-backend
0x0053D6EA	0x0053D6EA	0x0053D706	28	28	lvgl-topology	lvgl-freetype-wrapper	LVGL/src/libs/freetype/lv_freetype_outline.c	call-topology-single-file	medium	every LVGL-anchored call target is in LVGL/src/libs/freetype/lv_freetype_outline.c
0x0053D708	0x0053D708	0x0053D82C	292	292	lvgl-topology	lvgl-freetype-wrapper	LVGL/src/libs/freetype/lv_freetype_outline.c	call-topology-single-file	medium	every LVGL-anchored call target is in LVGL/src/libs/freetype/lv_freetype_outline.c
0x0053DC24	0x0053DC24	0x0053DC36	18	18	lvgl-sandwich	ambiq-draw-backend		link-order-module-sandwich	low	bracketed in link order by ambiq-draw-backend
0x0053DF00	0x0053DF00	0x0053E710	2064	2064	lvgl-sandwich	ambiq-draw-backend		link-order-module-sandwich	low	bracketed in link order by ambiq-draw-backend
0x0053EBBC	0x0053EBBC	0x0053ECF8	316	316	lvgl-sandwich	ambiq-draw-backend		link-order-module-sandwich	low	bracketed in link order by ambiq-draw-backend
0x0053ECFC	0x0053ECFC	0x0053F082	902	902	lvgl-sandwich	ambiq-draw-backend		link-order-module-sandwich	low	bracketed in link order by ambiq-draw-backend
0x0053F400	0x0053F400	0x0053F42A	42	42	lvgl-topology	ambiq-draw-backend	LVGL/src/draw/ambiq/lv_draw_ambiq_img.c	call-topology-single-file	medium	every LVGL-anchored call target is in LVGL/src/draw/ambiq/lv_draw_ambiq_img.c
0x0053FA94	0x0053FA94	0x0053FAA6	18	18	lvgl-sandwich	ambiq-draw-backend		link-order-module-sandwich	low	bracketed in link order by ambiq-draw-backend
0x0053FAA6	0x0053FAA6	0x0053FABA	20	20	lvgl-sandwich	ambiq-draw-backend		link-order-module-sandwich	low	bracketed in link order by ambiq-draw-backend
0x00540024	0x00540024	0x00540036	18	18	lvgl-sandwich	ambiq-draw-backend		link-order-module-sandwich	low	bracketed in link order by ambiq-draw-backend
0x005409DC	0x005409DC	0x005409EE	18	18	lvgl-sandwich	ambiq-draw-backend		link-order-module-sandwich	low	bracketed in link order by ambiq-draw-backend
0x005574C2	0x005574C2	0x005574CC	10	10	lvgl-topology	lvgl-core	LVGL/src/core/lv_obj_style.c	call-topology-single-file	medium	every LVGL-anchored call target is in LVGL/src/core/lv_obj_style.c
0x005574CC	0x005574CC	0x005574D6	10	10	lvgl-topology	lvgl-core	LVGL/src/core/lv_obj_style.c	call-topology-single-file	medium	every LVGL-anchored call target is in LVGL/src/core/lv_obj_style.c
0x005574D6	0x005574D6	0x005574E0	10	10	lvgl-topology	lvgl-core	LVGL/src/core/lv_obj_style.c	call-topology-single-file	medium	every LVGL-anchored call target is in LVGL/src/core/lv_obj_style.c
0x005574E0	0x005574E0	0x005574EA	10	10	lvgl-topology	lvgl-core	LVGL/src/core/lv_obj_style.c	call-topology-single-file	medium	every LVGL-anchored call target is in LVGL/src/core/lv_obj_style.c
0x005574EA	0x005574EA	0x005574F4	10	10	lvgl-topology	lvgl-core	LVGL/src/core/lv_obj_style.c	call-topology-single-file	medium	every LVGL-anchored call target is in LVGL/src/core/lv_obj_style.c
0x005574F4	0x005574F4	0x005574FE	10	10	lvgl-topology	lvgl-core	LVGL/src/core/lv_obj_style.c	call-topology-single-file	medium	every LVGL-anchored call target is in LVGL/src/core/lv_obj_style.c
0x005574FE	0x005574FE	0x00557508	10	10	lvgl-topology	lvgl-core	LVGL/src/core/lv_obj_style.c	call-topology-single-file	medium	every LVGL-anchored call target is in LVGL/src/core/lv_obj_style.c
0x00557508	0x00557508	0x00557512	10	10	lvgl-topology	lvgl-core	LVGL/src/core/lv_obj_style.c	call-topology-single-file	medium	every LVGL-anchored call target is in LVGL/src/core/lv_obj_style.c
0x00557512	0x00557512	0x0055751E	12	12	lvgl-topology	lvgl-core	LVGL/src/core/lv_obj_style.c	call-topology-single-file	medium	every LVGL-anchored call target is in LVGL/src/core/lv_obj_style.c
0x0055751E	0x0055751E	0x00557536	24	24	lvgl-topology	lvgl-core	LVGL/src/core/lv_obj_class.c	call-topology-single-file	medium	every LVGL-anchored call target is in LVGL/src/core/lv_obj_class.c
0x00557802	0x00557802	0x00557876	116	116	lvgl-topology	investigation-required		call-topology-mixed	none	LVGL call evidence spans lvgl-core|lvgl-widgets
0x00557890	0x00557890	0x00557E34	1444	1444	lvgl-topology	investigation-required		call-topology-mixed	none	LVGL call evidence spans lvgl-core|lvgl-draw|lvgl-widgets
0x00557E34	0x00557E34	0x00557EFC	200	200	lvgl-topology	lvgl-core	LVGL/src/core/lv_obj_pos.c	call-topology-single-file	medium	every LVGL-anchored call target is in LVGL/src/core/lv_obj_pos.c
0x00557F1C	0x00557F1C	0x00557F4A	46	46	lvgl-topology	lvgl-core	LVGL/src/core/lv_obj_pos.c	call-topology-single-file	medium	every LVGL-anchored call target is in LVGL/src/core/lv_obj_pos.c
0x00557F4A	0x00557F4A	0x00557FEA	160	160	lvgl-topology	investigation-required		call-topology-mixed	none	LVGL call evidence spans lvgl-core|lvgl-misc
0x00597E90	0x00597E90	0x00597EA6	22	22	lvgl-topology	lvgl-core	LVGL/src/core/lv_obj_class.c	call-topology-single-file	medium	every LVGL-anchored call target is in LVGL/src/core/lv_obj_class.c
0x005A6260	0x005A6260	0x005A62A2	66	66	sea-0x5a	investigation-required		none	none	no closed-world LVGL evidence
0x005A62A2	0x005A62A2	0x005A63C8	294	294	sea-0x5a	investigation-required		none	none	no closed-world LVGL evidence
0x005A63C8	0x005A63C8	0x005A65DE	534	534	sea-0x5a	investigation-required		none	none	no closed-world LVGL evidence
0x005A65DE	0x005A65DE	0x005A6856	632	632	sea-0x5a	investigation-required		none	none	no closed-world LVGL evidence
0x005A6856	0x005A6856	0x005A68DE	136	136	sea-0x5a	investigation-required		none	none	no closed-world LVGL evidence
0x005A6A80	0x005A6A80	0x005A6AE8	104	104	sea-0x5a	investigation-required		none	none	no closed-world LVGL evidence
0x005A6AE8	0x005A6AE8	0x005A6D10	552	552	sea-0x5a	investigation-required		none	none	no closed-world LVGL evidence
0x005A6D10	0x005A6D10	0x005A6FB2	674	674	sea-0x5a	investigation-required		none	none	no closed-world LVGL evidence
0x005A6FB2	0x005A6FB2	0x005A6FDC	42	42	sea-0x5a	investigation-required		none	none	no closed-world LVGL evidence
0x005A6FDC	0x005A6FDC	0x005A710A	302	302	sea-0x5a	investigation-required		none	none	no closed-world LVGL evidence
0x005A710A	0x005A710A	0x005A719E	148	148	sea-0x5a	investigation-required		none	none	no closed-world LVGL evidence
0x005A719E	0x005A719E	0x005A71EC	78	78	sea-0x5a	investigation-required		none	none	no closed-world LVGL evidence
0x005A71EC	0x005A71EC	0x005A731E	306	306	sea-0x5a	investigation-required		none	none	no closed-world LVGL evidence
0x005A731E	0x005A731E	0x005A733E	32	32	sea-0x5a	investigation-required		none	none	no closed-world LVGL evidence
0x005A733E	0x005A733E	0x005A734C	14	14	sea-0x5a	investigation-required		none	none	no closed-world LVGL evidence
0x005A734C	0x005A734C	0x005A74AA	350	350	sea-0x5a	investigation-required		none	none	no closed-world LVGL evidence
0x005A74AA	0x005A74AA	0x005A77C4	794	794	sea-0x5a	investigation-required		none	none	no closed-world LVGL evidence
0x005A77C4	0x005A77C4	0x005A7896	210	210	sea-0x5a	investigation-required		none	none	no closed-world LVGL evidence
0x005A7896	0x005A7896	0x005A798C	246	246	sea-0x5a	investigation-required		none	none	no closed-world LVGL evidence
0x005A798C	0x005A798C	0x005A79AE	34	34	sea-0x5a	investigation-required		none	none	no closed-world LVGL evidence
0x005A79CE	0x005A79CE	0x005A7C2A	604	604	sea-0x5a	investigation-required		none	none	no closed-world LVGL evidence
0x005A7C2A	0x005A7C2A	0x005A7CA4	122	122	sea-0x5a	investigation-required		none	none	no closed-world LVGL evidence
0x005A7CA4	0x005A7CA4	0x005A7D02	94	94	sea-0x5a	investigation-required		none	none	no closed-world LVGL evidence
0x005A7D02	0x005A7D02	0x005A7DC0	190	190	sea-0x5a	investigation-required		none	none	no closed-world LVGL evidence
0x005A7DC0	0x005A7DC0	0x005A7DCE	14	14	sea-0x5a	investigation-required		none	none	no closed-world LVGL evidence
0x005A7DCE	0x005A7DCE	0x005A7E86	184	184	sea-0x5a	investigation-required		none	none	no closed-world LVGL evidence
0x005A7E86	0x005A7E86	0x005A7FA4	286	286	sea-0x5a	investigation-required		none	none	no closed-world LVGL evidence
0x005A7FB4	0x005A7FB4	0x005A7FFA	70	70	sea-0x5a	investigation-required		none	none	no closed-world LVGL evidence
0x005A7FFA	0x005A7FFA	0x005A8012	24	24	sea-0x5a	investigation-required		none	none	no closed-world LVGL evidence
0x005A8012	0x005A8012	0x005A80BA	168	168	sea-0x5a	investigation-required		none	none	no closed-world LVGL evidence
0x005A80BA	0x005A80BA	0x005A80C6	12	12	sea-0x5a	investigation-required		none	none	no closed-world LVGL evidence
0x005A80C6	0x005A80C6	0x005A85BC	1270	1270	sea-0x5a	investigation-required		none	none	no closed-world LVGL evidence
0x005A85BC	0x005A85BC	0x005A8602	70	70	sea-0x5a	investigation-required		none	none	no closed-world LVGL evidence
0x005A8602	0x005A8602	0x005A8672	112	112	sea-0x5a	investigation-required		none	none	no closed-world LVGL evidence
0x005A8672	0x005A8672	0x005A87F0	382	382	sea-0x5a	investigation-required		none	none	no closed-world LVGL evidence
0x005A87F0	0x005A87F0	0x005A8820	48	48	sea-0x5a	investigation-required		none	none	no closed-world LVGL evidence
0x005A8820	0x005A8820	0x005A88B8	152	152	sea-0x5a	investigation-required		none	none	no closed-world LVGL evidence
0x005A88B8	0x005A88B8	0x005A89BE	262	262	sea-0x5a	investigation-required		none	none	no closed-world LVGL evidence
0x005A89BE	0x005A89BE	0x005A8A04	70	70	sea-0x5a	investigation-required		none	none	no closed-world LVGL evidence
0x005A8A78	0x005A8A78	0x005A8C8A	530	530	sea-0x5a	investigation-required		none	none	no closed-world LVGL evidence
0x005A8C8A	0x005A8C8A	0x005A8D06	124	124	sea-0x5a	investigation-required		none	none	no closed-world LVGL evidence
0x005A8D06	0x005A8D06	0x005A9628	2338	2338	sea-0x5a	investigation-required		none	none	no closed-world LVGL evidence
0x005A9628	0x005A9628	0x005A96B2	138	138	sea-0x5a	investigation-required		none	none	no closed-world LVGL evidence
0x005A9700	0x005A9700	0x005A99A8	680	680	sea-0x5a	investigation-required		none	none	no closed-world LVGL evidence
0x005A99E8	0x005A99E8	0x005A9F92	1450	1450	sea-0x5a	investigation-required		none	none	no closed-world LVGL evidence
0x005A9F98	0x005A9F98	0x005AA0E2	330	330	sea-0x5a	investigation-required		none	none	no closed-world LVGL evidence
0x005AA0E2	0x005AA0E2	0x005AA3F4	786	786	sea-0x5a	investigation-required		none	none	no closed-world LVGL evidence
0x005AA3FC	0x005AA3FC	0x005AA42E	50	50	sea-0x5a	investigation-required		none	none	no closed-world LVGL evidence
0x005AA42E	0x005AA42E	0x005AA582	340	340	sea-0x5a	investigation-required		none	none	no closed-world LVGL evidence
0x005AA582	0x005AA582	0x005AA62E	172	172	sea-0x5a	investigation-required		none	none	no closed-world LVGL evidence
0x005AA62E	0x005AA62E	0x005AA67C	78	78	sea-0x5a	investigation-required		none	none	no closed-world LVGL evidence
0x005AA67C	0x005AA67C	0x005AA80A	398	398	sea-0x5a	investigation-required		none	none	no closed-world LVGL evidence
0x005AA80A	0x005AA80A	0x005AA832	40	40	sea-0x5a	investigation-required		none	none	no closed-world LVGL evidence
0x005AA832	0x005AA832	0x005AA840	14	14	sea-0x5a	investigation-required		none	none	no closed-world LVGL evidence
0x005AA840	0x005AA840	0x005AAE7C	1596	1596	sea-0x5a	investigation-required		none	none	no closed-world LVGL evidence
0x005AAE7C	0x005AAE7C	0x005AAF8C	272	272	sea-0x5a	investigation-required		none	none	no closed-world LVGL evidence
0x005AAF8C	0x005AAF8C	0x005AAFA2	22	22	sea-0x5a	investigation-required		none	none	no closed-world LVGL evidence
0x005AAFA2	0x005AAFA2	0x005AAFD0	46	46	sea-0x5a	investigation-required		none	none	no closed-world LVGL evidence
0x005AAFDE	0x005AAFDE	0x005AB144	358	358	sea-0x5a	investigation-required		none	none	no closed-world LVGL evidence
0x005AB148	0x005AB148	0x005AB58E	1094	1094	sea-0x5a	investigation-required		none	none	no closed-world LVGL evidence
0x005AB58E	0x005AB58E	0x005AB71E	400	400	sea-0x5a	investigation-required		none	none	no closed-world LVGL evidence
0x005AB71E	0x005AB71E	0x005AB758	58	58	sea-0x5a	investigation-required		none	none	no closed-world LVGL evidence
0x005AB758	0x005AB758	0x005AB896	318	318	sea-0x5a	investigation-required		none	none	calls: first-party
0x005AB896	0x005AB896	0x005AB98C	246	246	sea-0x5a	investigation-required		none	none	calls: first-party
0x005AB98C	0x005AB98C	0x005AB996	10	10	sea-0x5a	investigation-required		none	none	no closed-world LVGL evidence
0x005ABA26	0x005ABA26	0x005ABA34	14	14	sea-0x5a	investigation-required		none	none	no closed-world LVGL evidence
0x005ABA34	0x005ABA34	0x005ABA40	12	12	sea-0x5a	investigation-required		none	none	no closed-world LVGL evidence
0x005ABA40	0x005ABA40	0x005ABAF8	184	184	sea-0x5a	investigation-required		none	none	no closed-world LVGL evidence
0x005ABAF8	0x005ABAF8	0x005ABB1C	36	36	sea-0x5a	investigation-required		none	none	no closed-world LVGL evidence
0x005ABB1C	0x005ABB1C	0x005ABC2A	270	270	sea-0x5a	investigation-required		none	none	no closed-world LVGL evidence
0x005ABC64	0x005ABC64	0x005ABEF8	660	660	sea-0x5a	investigation-required		none	none	no closed-world LVGL evidence
0x005ABFB0	0x005ABFB0	0x005ABFC2	18	18	sea-0x5a	investigation-required		none	none	no closed-world LVGL evidence
0x005ABFC2	0x005ABFC2	0x005ABFD4	18	18	sea-0x5a	investigation-required		none	none	no closed-world LVGL evidence
0x005ABFF2	0x005ABFF2	0x005AC02A	56	56	sea-0x5a	investigation-required		none	none	no closed-world LVGL evidence
0x005AC02A	0x005AC02A	0x005AC140	278	278	sea-0x5a	investigation-required		none	none	no closed-world LVGL evidence
0x005AC140	0x005AC140	0x005AC1BC	124	124	sea-0x5a	investigation-required		none	none	no closed-world LVGL evidence
0x005AC1BC	0x005AC1BC	0x005AC26A	174	174	sea-0x5a	investigation-required		none	none	calls: first-party
0x005AC5F0	0x005AC5F0	0x005AC634	68	68	sea-0x5a	investigation-required		none	none	no closed-world LVGL evidence
0x005AC634	0x005AC634	0x005AC66E	58	58	sea-0x5a	investigation-required		none	none	no closed-world LVGL evidence
0x005AC66E	0x005AC66E	0x005ACD02	1684	1684	sea-0x5a	investigation-required		none	none	no closed-world LVGL evidence
0x005ACD08	0x005ACD08	0x005ACD72	106	106	sea-0x5a	investigation-required		none	none	no closed-world LVGL evidence
0x005ACD72	0x005ACD72	0x005ACD86	20	20	sea-0x5a	investigation-required		none	none	no closed-world LVGL evidence
0x005ACD86	0x005ACD86	0x005ACDFE	120	120	sea-0x5a	investigation-required		none	none	no closed-world LVGL evidence
0x005ACE10	0x005ACE10	0x005AD080	624	624	sea-0x5a	investigation-required		none	none	no closed-world LVGL evidence
0x005AD090	0x005AD090	0x005AD0DA	74	74	sea-0x5a	investigation-required		none	none	no closed-world LVGL evidence
0x005AD0DA	0x005AD0DA	0x005AD150	118	118	sea-0x5a	investigation-required		none	none	no closed-world LVGL evidence
0x005AD150	0x005AD150	0x005AD15A	10	10	sea-0x5a	investigation-required		none	none	no closed-world LVGL evidence
0x005AD15A	0x005AD15A	0x005AD162	8	8	sea-0x5a	investigation-required		none	none	no closed-world LVGL evidence
0x005AD162	0x005AD162	0x005AD1E4	130	130	sea-0x5a	investigation-required		none	none	no closed-world LVGL evidence
0x005AD564	0x005AD564	0x005AD74A	486	486	sea-0x5a	investigation-required		none	none	no closed-world LVGL evidence
0x005AD778	0x005AD778	0x005AD7AC	52	52	sea-0x5a	investigation-required		none	none	no closed-world LVGL evidence
0x005AD7AC	0x005AD7AC	0x005AD8C0	276	276	sea-0x5a	investigation-required		none	none	no closed-world LVGL evidence
0x005AD8C0	0x005AD8C0	0x005AD8F6	54	54	sea-0x5a	investigation-required		none	none	no closed-world LVGL evidence
0x005AD8F6	0x005AD8F6	0x005AD9FE	264	264	sea-0x5a	investigation-required		none	none	no closed-world LVGL evidence
0x005AD9FE	0x005AD9FE	0x005ADB46	328	328	sea-0x5a	investigation-required		none	none	no closed-world LVGL evidence
0x005ADB46	0x005ADB46	0x005ADC4E	264	264	sea-0x5a	investigation-required		none	none	no closed-world LVGL evidence
0x005ADC4E	0x005ADC4E	0x005ADC5E	16	16	sea-0x5a	investigation-required		none	none	no closed-world LVGL evidence
0x005ADC5E	0x005ADC5E	0x005ADCC6	104	104	sea-0x5a	investigation-required		none	none	no closed-world LVGL evidence
0x005ADCC6	0x005ADCC6	0x005ADCDC	22	22	sea-0x5a	investigation-required		none	none	no closed-world LVGL evidence
0x005ADCDC	0x005ADCDC	0x005ADD1A	62	62	sea-0x5a	investigation-required		none	none	no closed-world LVGL evidence
0x005ADD1A	0x005ADD1A	0x005ADD3C	34	34	sea-0x5a	investigation-required		none	none	no closed-world LVGL evidence
0x005ADD3C	0x005ADD3C	0x005ADDB8	124	124	sea-0x5a	investigation-required		none	none	no closed-world LVGL evidence
0x005ADDB8	0x005ADDB8	0x005ADE30	120	120	sea-0x5a	investigation-required		none	none	no closed-world LVGL evidence
0x005ADE30	0x005ADE30	0x005ADEA4	116	116	sea-0x5a	investigation-required		none	none	no closed-world LVGL evidence
0x005ADEA4	0x005ADEA4	0x005ADEB6	18	18	sea-0x5a	investigation-required		none	none	no closed-world LVGL evidence
0x005ADEB6	0x005ADEB6	0x005ADECC	22	22	sea-0x5a	investigation-required		none	none	no closed-world LVGL evidence
0x005ADECC	0x005ADECC	0x005ADEF0	36	36	sea-0x5a	investigation-required		none	none	no closed-world LVGL evidence
0x005ADEF0	0x005ADEF0	0x005AE110	544	544	sea-0x5a	investigation-required		none	none	no closed-world LVGL evidence
0x005AE118	0x005AE118	0x005AE188	112	112	sea-0x5a	investigation-required		none	none	no closed-world LVGL evidence
0x005AE188	0x005AE188	0x005AE42C	676	676	sea-0x5a	investigation-required		none	none	no closed-world LVGL evidence
0x005AE42C	0x005AE42C	0x005AE43C	16	16	sea-0x5a	investigation-required		none	none	no closed-world LVGL evidence
0x005AE43C	0x005AE43C	0x005AE5F0	436	436	sea-0x5a	investigation-required		none	none	no closed-world LVGL evidence
0x005AE5F0	0x005AE5F0	0x005AE7BC	460	460	sea-0x5a	investigation-required		none	none	no closed-world LVGL evidence
0x005AE7FA	0x005AE7FA	0x005AE80A	16	16	sea-0x5a	investigation-required		none	none	no closed-world LVGL evidence
0x005AE80A	0x005AE80A	0x005AE818	14	14	sea-0x5a	investigation-required		none	none	no closed-world LVGL evidence
0x005AE818	0x005AE818	0x005AEA90	632	632	sea-0x5a	investigation-required		none	none	no closed-world LVGL evidence
0x005AEA90	0x005AEA90	0x005AEBE6	342	342	sea-0x5a	investigation-required		none	none	no closed-world LVGL evidence
0x005AEBF4	0x005AEBF4	0x005AEE28	564	564	sea-0x5a	investigation-required		none	none	no closed-world LVGL evidence
0x005AEE28	0x005AEE28	0x005AEE7C	84	84	sea-0x5a	investigation-required		none	none	no closed-world LVGL evidence
0x005AEE7C	0x005AEE7C	0x005AF2D8	1116	1116	sea-0x5a	investigation-required		none	none	no closed-world LVGL evidence
0x005AF2D8	0x005AF2D8	0x005AF3E6	270	270	sea-0x5a	investigation-required		none	none	no closed-world LVGL evidence
0x005AF3E6	0x005AF3E6	0x005AF418	50	50	sea-0x5a	investigation-required		none	none	no closed-world LVGL evidence
0x005AF468	0x005AF468	0x005AF576	270	270	sea-0x5a	investigation-required		none	none	no closed-world LVGL evidence
0x005AF576	0x005AF576	0x005AF616	160	160	sea-0x5a	investigation-required		none	none	no closed-world LVGL evidence
0x005AF616	0x005AF616	0x005AF6A8	146	146	sea-0x5a	investigation-required		none	none	no closed-world LVGL evidence
0x005AF6A8	0x005AF6A8	0x005AF766	190	190	sea-0x5a	investigation-required		none	none	no closed-world LVGL evidence
0x005AF7B4	0x005AF7B4	0x005AF7CC	24	24	sea-0x5a	investigation-required		none	none	no closed-world LVGL evidence
0x005AF7CC	0x005AF7CC	0x005AF828	92	92	sea-0x5a	investigation-required		none	none	calls: first-party
0x005AF828	0x005AF828	0x005AF88C	100	100	sea-0x5a	investigation-required		none	none	calls: first-party
0x005AF88C	0x005AF88C	0x005B0004	1912	1912	sea-0x5a	investigation-required		none	none	calls: first-party
0x005B8D20	0x005B8D20	0x005B8D60	64	64	lvgl-topology	lvgl-widgets	LVGL/src/widgets/image/lv_image.c	call-topology-single-file	medium	every LVGL-anchored call target is in LVGL/src/widgets/image/lv_image.c
0x005B8E1A	0x005B8E1A	0x005B8E4A	48	48	lvgl-topology	lvgl-core	LVGL/src/core/lv_obj_pos.c	call-topology-single-file	medium	every LVGL-anchored call target is in LVGL/src/core/lv_obj_pos.c
0x005B8F18	0x005B8F18	0x005B90AE	406	406	lvgl-topology	investigation-required		call-topology-mixed	none	LVGL call evidence spans lvgl-core|lvgl-widgets
0x005BAB76	0x005BAB76	0x005BABA6	48	48	lvgl-topology	lvgl-core	LVGL/src/core/lv_obj_pos.c	call-topology-single-file	medium	every LVGL-anchored call target is in LVGL/src/core/lv_obj_pos.c
0x005BF24E	0x005BF24E	0x005BF298	74	74	lvgl-topology	lvgl-core		call-topology-single-module	medium	LVGL-anchored call targets span LVGL/src/core/lv_obj.c|LVGL/src/core/lv_obj_pos.c of lvgl-core
0x005BF298	0x005BF298	0x005BF2F8	96	96	lvgl-topology	investigation-required		call-topology-mixed	none	LVGL call evidence spans lvgl-core|lvgl-widgets
0x005BF2F8	0x005BF2F8	0x005BF332	58	58	lvgl-topology	lvgl-widgets	LVGL/src/widgets/image/lv_image.c	call-topology-single-file	medium	every LVGL-anchored call target is in LVGL/src/widgets/image/lv_image.c
0x005BF332	0x005BF332	0x005BF7B8	1158	1158	lvgl-topology	lvgl-core		call-topology-single-module	medium	LVGL-anchored call targets span LVGL/src/core/lv_obj.c|LVGL/src/core/lv_obj_pos.c|LVGL/src/core/lv_obj_scroll.c of lvgl-core
0x005BFA70	0x005BFA70	0x005BFA7A	10	10	lvgl-topology	lvgl-core	LVGL/src/core/lv_obj_style.c	call-topology-single-file	medium	every LVGL-anchored call target is in LVGL/src/core/lv_obj_style.c
0x005BFA7A	0x005BFA7A	0x005BFA84	10	10	lvgl-topology	lvgl-core	LVGL/src/core/lv_obj_style.c	call-topology-single-file	medium	every LVGL-anchored call target is in LVGL/src/core/lv_obj_style.c
0x005BFA84	0x005BFA84	0x005BFA8E	10	10	lvgl-topology	lvgl-core	LVGL/src/core/lv_obj_style.c	call-topology-single-file	medium	every LVGL-anchored call target is in LVGL/src/core/lv_obj_style.c
0x005BFA8E	0x005BFA8E	0x005BFA98	10	10	lvgl-topology	lvgl-core	LVGL/src/core/lv_obj_style.c	call-topology-single-file	medium	every LVGL-anchored call target is in LVGL/src/core/lv_obj_style.c
0x005BFA98	0x005BFA98	0x005BFAA2	10	10	lvgl-topology	lvgl-core	LVGL/src/core/lv_obj_style.c	call-topology-single-file	medium	every LVGL-anchored call target is in LVGL/src/core/lv_obj_style.c
0x005C0A90	0x005C0A90	0x005C0B28	152	152	lvgl-topology	lvgl-core	LVGL/src/core/lv_obj_pos.c	call-topology-single-file	medium	every LVGL-anchored call target is in LVGL/src/core/lv_obj_pos.c
0x005C1138	0x005C1138	0x005C15B4	1148	1148	lvgl-sandwich	investigation-required		none	none	no closed-world LVGL evidence
0x005C15B4	0x005C15B4	0x005C15CA	22	22	lvgl-topology	lvgl-core	LVGL/src/core/lv_obj_class.c	call-topology-single-file	medium	every LVGL-anchored call target is in LVGL/src/core/lv_obj_class.c
0x005C15E8	0x005C15E8	0x005C15FA	18	18	lvgl-sandwich	investigation-required		none	none	no closed-world LVGL evidence
0x005C15FA	0x005C15FA	0x005C1606	12	12	lvgl-sandwich	investigation-required		none	none	external callers: lvgl_v9.3
0x005C1606	0x005C1606	0x005C1610	10	10	lvgl-topology	lvgl-core	LVGL/src/core/lv_obj_style.c	call-topology-single-file	medium	every LVGL-anchored call target is in LVGL/src/core/lv_obj_style.c
0x005C1610	0x005C1610	0x005C161A	10	10	lvgl-topology	lvgl-core	LVGL/src/core/lv_obj_style.c	call-topology-single-file	medium	every LVGL-anchored call target is in LVGL/src/core/lv_obj_style.c
0x005C161A	0x005C161A	0x005C1624	10	10	lvgl-topology	lvgl-core	LVGL/src/core/lv_obj_style.c	call-topology-single-file	medium	every LVGL-anchored call target is in LVGL/src/core/lv_obj_style.c
0x005C1624	0x005C1624	0x005C162E	10	10	lvgl-topology	lvgl-core	LVGL/src/core/lv_obj_style.c	call-topology-single-file	medium	every LVGL-anchored call target is in LVGL/src/core/lv_obj_style.c
0x005C162E	0x005C162E	0x005C1638	10	10	lvgl-topology	lvgl-core	LVGL/src/core/lv_obj_style.c	call-topology-single-file	medium	every LVGL-anchored call target is in LVGL/src/core/lv_obj_style.c
0x005C1638	0x005C1638	0x005C1642	10	10	lvgl-topology	lvgl-core	LVGL/src/core/lv_obj_style.c	call-topology-single-file	medium	every LVGL-anchored call target is in LVGL/src/core/lv_obj_style.c
0x005C1642	0x005C1642	0x005C164C	10	10	lvgl-topology	lvgl-core	LVGL/src/core/lv_obj_style.c	call-topology-single-file	medium	every LVGL-anchored call target is in LVGL/src/core/lv_obj_style.c
0x005C164C	0x005C164C	0x005C1658	12	12	lvgl-topology	lvgl-core	LVGL/src/core/lv_obj_style.c	call-topology-single-file	medium	every LVGL-anchored call target is in LVGL/src/core/lv_obj_style.c
0x005C1658	0x005C1658	0x005C1664	12	12	lvgl-topology	lvgl-core	LVGL/src/core/lv_obj_style.c	call-topology-single-file	medium	every LVGL-anchored call target is in LVGL/src/core/lv_obj_style.c
0x005C1664	0x005C1664	0x005C1692	46	46	lvgl-sandwich	lvgl-core	LVGL/src/core/lv_obj_style.c	call-topology-second-order-file	low	every medium-labelled call target is in LVGL/src/core/lv_obj_style.c
0x005C1692	0x005C1692	0x005C16C0	46	46	lvgl-sandwich	lvgl-core	LVGL/src/core/lv_obj_style.c	call-topology-second-order-file	low	every medium-labelled call target is in LVGL/src/core/lv_obj_style.c
0x005C16C0	0x005C16C0	0x005C16D8	24	24	lvgl-topology	lvgl-core	LVGL/src/core/lv_obj_class.c	call-topology-single-file	medium	every LVGL-anchored call target is in LVGL/src/core/lv_obj_class.c
0x005C1A44	0x005C1A44	0x005C1A7E	58	58	lvgl-topology	lvgl-widgets	LVGL/src/widgets/buttonmatrix/lv_buttonmatrix.c	call-topology-single-file	medium	every LVGL-anchored call target is in LVGL/src/widgets/buttonmatrix/lv_buttonmatrix.c
0x005C1AAE	0x005C1AAE	0x005C213C	1678	1678	lvgl-topology	lvgl-core		call-topology-single-module	medium	LVGL-anchored call targets span LVGL/src/core/lv_obj.c|LVGL/src/core/lv_obj_event.c|LVGL/src/core/lv_obj_pos.c of lvgl-core
0x005C215C	0x005C215C	0x005C24BE	866	866	lvgl-topology	investigation-required		call-topology-mixed	none	LVGL call evidence spans lvgl-core|lvgl-draw|lvgl-misc
0x005C25C8	0x005C25C8	0x005C25D6	14	14	lvgl-sandwich	investigation-required		none	none	no closed-world LVGL evidence
0x005C25D6	0x005C25D6	0x005C25E0	10	10	lvgl-sandwich	investigation-required		none	none	no closed-world LVGL evidence
0x005C25E0	0x005C25E0	0x005C25EA	10	10	lvgl-sandwich	investigation-required		none	none	no closed-world LVGL evidence
0x005C25EA	0x005C25EA	0x005C25F4	10	10	lvgl-sandwich	investigation-required		none	none	no closed-world LVGL evidence
0x005C25F4	0x005C25F4	0x005C25FE	10	10	lvgl-sandwich	investigation-required		none	none	no closed-world LVGL evidence
0x005C25FE	0x005C25FE	0x005C2608	10	10	lvgl-sandwich	investigation-required		none	none	no closed-world LVGL evidence
0x005C2608	0x005C2608	0x005C2612	10	10	lvgl-sandwich	investigation-required		none	none	no closed-world LVGL evidence
0x005C2612	0x005C2612	0x005C2618	6	6	lvgl-sandwich	investigation-required		none	none	no closed-world LVGL evidence
0x005C2618	0x005C2618	0x005C2622	10	10	lvgl-sandwich	investigation-required		none	none	no closed-world LVGL evidence
0x005C2622	0x005C2622	0x005C27B8	406	406	lvgl-topology	lvgl-core	LVGL/src/core/lv_obj_pos.c	call-topology-single-file	medium	every LVGL-anchored call target is in LVGL/src/core/lv_obj_pos.c
0x005C27B8	0x005C27B8	0x005C287C	196	196	lvgl-topology	lvgl-core		call-topology-single-module	medium	LVGL-anchored call targets span LVGL/src/core/lv_obj_pos.c|LVGL/src/core/lv_obj_tree.c of lvgl-core
0x005C287C	0x005C287C	0x005C28AE	50	50	lvgl-topology	lvgl-widgets	LVGL/src/widgets/buttonmatrix/lv_buttonmatrix.c	call-topology-single-file	medium	every LVGL-anchored call target is in LVGL/src/widgets/buttonmatrix/lv_buttonmatrix.c
0x005C28AE	0x005C28AE	0x005C28FA	76	76	lvgl-sandwich	investigation-required		none	none	no closed-world LVGL evidence
0x005C28FA	0x005C28FA	0x005C2904	10	10	lvgl-sandwich	investigation-required		none	none	no closed-world LVGL evidence
0x005C2904	0x005C2904	0x005C2AB0	428	428	lvgl-topology	lvgl-core		call-topology-single-module	medium	LVGL-anchored call targets span LVGL/src/core/lv_obj_draw.c|LVGL/src/core/lv_obj_pos.c of lvgl-core
0x005C2AC8	0x005C2AC8	0x005C2AF2	42	42	lvgl-sandwich	investigation-required		none	none	external callers: lvgl_v9.3
0x005C2AF4	0x005C2AF4	0x005C2B00	12	12	lvgl-sandwich	investigation-required		none	none	external callers: lvgl_v9.3
0x005C2BE4	0x005C2BE4	0x005C2BEE	10	10	lvgl-sandwich	lvgl-cache	LVGL/src/misc/cache/lv_cache_lru_rb.c	link-order-file-sandwich	low	bracketed in link order by LVGL/src/misc/cache/lv_cache_lru_rb.c
0x005C341C	0x005C341C	0x005C3428	12	12	lvgl-sandwich	investigation-required		none	none	external callers: lvgl_v9.3
0x005C3600	0x005C3600	0x005C36C8	200	200	lvgl-topology	lvgl-misc	LVGL/src/misc/lv_rb.c	call-topology-single-file	medium	every LVGL-anchored call target is in LVGL/src/misc/lv_rb.c
0x005C3798	0x005C3798	0x005C379A	2	2	lvgl-sandwich	lvgl-misc	LVGL/src/misc/lv_rb.c	link-order-file-sandwich	low	bracketed in link order by LVGL/src/misc/lv_rb.c
0x005C379C	0x005C379A	0x005C37A4	10	10	lvgl-sandwich	lvgl-misc	LVGL/src/misc/lv_rb.c	link-order-file-sandwich	low	bracketed in link order by LVGL/src/misc/lv_rb.c
0x005C3838	0x005C3838	0x005C3860	40	40	lvgl-sandwich	lvgl-misc	LVGL/src/misc/lv_rb.c	link-order-file-sandwich	low	bracketed in link order by LVGL/src/misc/lv_rb.c
0x005C3860	0x005C3860	0x005C3896	54	54	lvgl-sandwich	lvgl-misc	LVGL/src/misc/lv_rb.c	link-order-file-sandwich	low	bracketed in link order by LVGL/src/misc/lv_rb.c
0x005C3896	0x005C3896	0x005C38CC	54	54	lvgl-sandwich	lvgl-misc	LVGL/src/misc/lv_rb.c	link-order-file-sandwich	low	bracketed in link order by LVGL/src/misc/lv_rb.c
0x005C38CC	0x005C38CC	0x005C3976	170	170	lvgl-sandwich	lvgl-misc	LVGL/src/misc/lv_rb.c	link-order-file-sandwich	low	bracketed in link order by LVGL/src/misc/lv_rb.c
0x005C459C	0x005C459C	0x005C45A6	10	10	lvgl-topology	lvgl-core	LVGL/src/core/lv_obj_style.c	call-topology-single-file	medium	every LVGL-anchored call target is in LVGL/src/core/lv_obj_style.c
0x005C45A6	0x005C45A6	0x005C45B0	10	10	lvgl-topology	lvgl-core	LVGL/src/core/lv_obj_style.c	call-topology-single-file	medium	every LVGL-anchored call target is in LVGL/src/core/lv_obj_style.c
0x005C45B0	0x005C45B0	0x005C45BA	10	10	lvgl-topology	lvgl-core	LVGL/src/core/lv_obj_style.c	call-topology-single-file	medium	every LVGL-anchored call target is in LVGL/src/core/lv_obj_style.c
0x005C45BA	0x005C45BA	0x005C45C4	10	10	lvgl-topology	lvgl-core	LVGL/src/core/lv_obj_style.c	call-topology-single-file	medium	every LVGL-anchored call target is in LVGL/src/core/lv_obj_style.c
0x005C45C4	0x005C45C4	0x005C45CE	10	10	lvgl-topology	lvgl-core	LVGL/src/core/lv_obj_style.c	call-topology-single-file	medium	every LVGL-anchored call target is in LVGL/src/core/lv_obj_style.c
0x005C45CE	0x005C45CE	0x005C45D8	10	10	lvgl-topology	lvgl-core	LVGL/src/core/lv_obj_style.c	call-topology-single-file	medium	every LVGL-anchored call target is in LVGL/src/core/lv_obj_style.c
0x005C45D8	0x005C45D8	0x005C45E2	10	10	lvgl-topology	lvgl-core	LVGL/src/core/lv_obj_style.c	call-topology-single-file	medium	every LVGL-anchored call target is in LVGL/src/core/lv_obj_style.c
0x005C45E2	0x005C45E2	0x005C45EC	10	10	lvgl-topology	lvgl-core	LVGL/src/core/lv_obj_style.c	call-topology-single-file	medium	every LVGL-anchored call target is in LVGL/src/core/lv_obj_style.c
0x005C45EC	0x005C45EC	0x005C45F8	12	12	lvgl-topology	lvgl-core	LVGL/src/core/lv_obj_style.c	call-topology-single-file	medium	every LVGL-anchored call target is in LVGL/src/core/lv_obj_style.c
0x005C4CE4	0x005C4CE4	0x005C4CFC	24	24	lvgl-topology	lvgl-core	LVGL/src/core/lv_obj_class.c	call-topology-single-file	medium	every LVGL-anchored call target is in LVGL/src/core/lv_obj_class.c
0x005C5044	0x005C5044	0x005C52A0	604	604	lvgl-topology	investigation-required		call-topology-mixed	none	LVGL call evidence spans lvgl-core|lvgl-draw|lvgl-misc|lvgl-widgets
0x005C52A0	0x005C52A0	0x005C5370	208	208	lvgl-topology	lvgl-core	LVGL/src/core/lv_obj_event.c	call-topology-single-file	medium	every LVGL-anchored call target is in LVGL/src/core/lv_obj_event.c
0x005C5370	0x005C5370	0x005C5440	208	208	lvgl-topology	lvgl-draw	LVGL/src/draw/lv_draw_rect.c	call-topology-single-file	medium	every LVGL-anchored call target is in LVGL/src/draw/lv_draw_rect.c
0x005C5440	0x005C5440	0x005C5530	240	240	lvgl-topology	investigation-required		call-topology-mixed	none	LVGL call evidence spans lvgl-draw|lvgl-widgets
0x005C5530	0x005C5530	0x005C55B2	130	130	lvgl-topology	investigation-required		call-topology-mixed	none	LVGL call evidence spans lvgl-core|lvgl-widgets
0x005C55B2	0x005C55B2	0x005C5640	142	142	lvgl-topology	investigation-required		call-topology-mixed	none	LVGL call evidence spans lvgl-core|lvgl-widgets
0x005C5640	0x005C5640	0x005C5682	66	66	lvgl-topology	lvgl-core	LVGL/src/core/lv_obj_pos.c	call-topology-single-file	medium	every LVGL-anchored call target is in LVGL/src/core/lv_obj_pos.c
0x005C5682	0x005C5682	0x005C56CA	72	72	lvgl-sandwich	lvgl-core		call-topology-second-order-module	low	medium-labelled call targets span LVGL/src/core/lv_obj_style.c|LVGL/src/core/lv_obj_tree.c
0x005C56CA	0x005C56CA	0x005C5722	88	88	lvgl-topology	lvgl-core	LVGL/src/core/lv_obj_pos.c	call-topology-single-file	medium	every LVGL-anchored call target is in LVGL/src/core/lv_obj_pos.c
0x005C5722	0x005C5722	0x005C5738	22	22	lvgl-topology	lvgl-core	LVGL/src/core/lv_obj_tree.c	call-topology-single-file	medium	every LVGL-anchored call target is in LVGL/src/core/lv_obj_tree.c
0x005C5738	0x005C5738	0x005C574A	18	18	lvgl-sandwich	lvgl-widgets		link-order-module-sandwich	low	bracketed in link order by lvgl-widgets
0x005C574A	0x005C574A	0x005C5754	10	10	lvgl-topology	lvgl-core	LVGL/src/core/lv_obj_style.c	call-topology-single-file	medium	every LVGL-anchored call target is in LVGL/src/core/lv_obj_style.c
0x005C5754	0x005C5754	0x005C575E	10	10	lvgl-topology	lvgl-core	LVGL/src/core/lv_obj_style.c	call-topology-single-file	medium	every LVGL-anchored call target is in LVGL/src/core/lv_obj_style.c
0x005C575E	0x005C575E	0x005C5768	10	10	lvgl-topology	lvgl-core	LVGL/src/core/lv_obj_style.c	call-topology-single-file	medium	every LVGL-anchored call target is in LVGL/src/core/lv_obj_style.c
0x005C5768	0x005C5768	0x005C5772	10	10	lvgl-topology	lvgl-core	LVGL/src/core/lv_obj_style.c	call-topology-single-file	medium	every LVGL-anchored call target is in LVGL/src/core/lv_obj_style.c
0x005C5772	0x005C5772	0x005C577C	10	10	lvgl-topology	lvgl-core	LVGL/src/core/lv_obj_style.c	call-topology-single-file	medium	every LVGL-anchored call target is in LVGL/src/core/lv_obj_style.c
0x005C577C	0x005C577C	0x005C5786	10	10	lvgl-topology	lvgl-core	LVGL/src/core/lv_obj_style.c	call-topology-single-file	medium	every LVGL-anchored call target is in LVGL/src/core/lv_obj_style.c
0x005C5786	0x005C5786	0x005C5790	10	10	lvgl-topology	lvgl-core	LVGL/src/core/lv_obj_style.c	call-topology-single-file	medium	every LVGL-anchored call target is in LVGL/src/core/lv_obj_style.c
0x005C5790	0x005C5790	0x005C579C	12	12	lvgl-topology	lvgl-core	LVGL/src/core/lv_obj_style.c	call-topology-single-file	medium	every LVGL-anchored call target is in LVGL/src/core/lv_obj_style.c
0x005C579C	0x005C579C	0x005C57A6	10	10	lvgl-topology	lvgl-core	LVGL/src/core/lv_obj_style.c	call-topology-single-file	medium	every LVGL-anchored call target is in LVGL/src/core/lv_obj_style.c
0x005C57A6	0x005C57A6	0x005C57B2	12	12	lvgl-topology	lvgl-core	LVGL/src/core/lv_obj_style.c	call-topology-single-file	medium	every LVGL-anchored call target is in LVGL/src/core/lv_obj_style.c
0x005C57B2	0x005C57B2	0x005C57BC	10	10	lvgl-topology	lvgl-core	LVGL/src/core/lv_obj_style.c	call-topology-single-file	medium	every LVGL-anchored call target is in LVGL/src/core/lv_obj_style.c
0x005C5CF0	0x005C5CF0	0x005C5F38	584	584	lvgl-topology	investigation-required		call-topology-mixed	none	LVGL call evidence spans lvgl-core|lvgl-draw
0x005C5F38	0x005C5F38	0x005C6414	1244	1244	lvgl-topology	investigation-required		call-topology-mixed	none	LVGL call evidence spans lvgl-core|lvgl-draw
0x005C6414	0x005C6414	0x005C6814	1024	1024	lvgl-topology	investigation-required		call-topology-mixed	none	LVGL call evidence spans lvgl-core|lvgl-draw
0x005C681C	0x005C681C	0x005C6A6C	592	592	lvgl-topology	investigation-required		call-topology-mixed	none	LVGL call evidence spans lvgl-core|lvgl-draw
0x005C6CDC	0x005C6CDC	0x005C6E04	296	296	lvgl-topology	investigation-required		call-topology-mixed	none	LVGL call evidence spans lvgl-core|lvgl-widgets
0x005C6E04	0x005C6E04	0x005C6F9A	406	406	lvgl-topology	lvgl-core		call-topology-single-module	medium	LVGL-anchored call targets span LVGL/src/core/lv_obj_pos.c|LVGL/src/core/lv_obj_scroll.c of lvgl-core
0x005C6FB0	0x005C6FB0	0x005C6FBC	12	12	lvgl-sandwich	investigation-required		none	none	no closed-world LVGL evidence
0x005C6FBC	0x005C6FBC	0x005C6FEA	46	46	lvgl-sandwich	investigation-required		none	none	external callers: lvgl_v9.3
0x005C7138	0x005C7138	0x005C714A	18	18	lvgl-sandwich	investigation-required		none	none	no closed-world LVGL evidence
0x005C714A	0x005C714A	0x005C7154	10	10	lvgl-topology	lvgl-core	LVGL/src/core/lv_obj_style.c	call-topology-single-file	medium	every LVGL-anchored call target is in LVGL/src/core/lv_obj_style.c
0x005C7154	0x005C7154	0x005C715E	10	10	lvgl-topology	lvgl-core	LVGL/src/core/lv_obj_style.c	call-topology-single-file	medium	every LVGL-anchored call target is in LVGL/src/core/lv_obj_style.c
0x005C715E	0x005C715E	0x005C7168	10	10	lvgl-topology	lvgl-core	LVGL/src/core/lv_obj_style.c	call-topology-single-file	medium	every LVGL-anchored call target is in LVGL/src/core/lv_obj_style.c
0x005C7168	0x005C7168	0x005C7172	10	10	lvgl-topology	lvgl-core	LVGL/src/core/lv_obj_style.c	call-topology-single-file	medium	every LVGL-anchored call target is in LVGL/src/core/lv_obj_style.c
0x005C7172	0x005C7172	0x005C717C	10	10	lvgl-topology	lvgl-core	LVGL/src/core/lv_obj_style.c	call-topology-single-file	medium	every LVGL-anchored call target is in LVGL/src/core/lv_obj_style.c
0x005C717C	0x005C717C	0x005C7186	10	10	lvgl-topology	lvgl-core	LVGL/src/core/lv_obj_style.c	call-topology-single-file	medium	every LVGL-anchored call target is in LVGL/src/core/lv_obj_style.c
0x005C7186	0x005C7186	0x005C7190	10	10	lvgl-topology	lvgl-core	LVGL/src/core/lv_obj_style.c	call-topology-single-file	medium	every LVGL-anchored call target is in LVGL/src/core/lv_obj_style.c
0x005C7190	0x005C7190	0x005C719A	10	10	lvgl-topology	lvgl-core	LVGL/src/core/lv_obj_style.c	call-topology-single-file	medium	every LVGL-anchored call target is in LVGL/src/core/lv_obj_style.c
0x005C719A	0x005C719A	0x005C71A4	10	10	lvgl-topology	lvgl-core	LVGL/src/core/lv_obj_style.c	call-topology-single-file	medium	every LVGL-anchored call target is in LVGL/src/core/lv_obj_style.c
0x005C71A4	0x005C71A4	0x005C71AE	10	10	lvgl-topology	lvgl-core	LVGL/src/core/lv_obj_style.c	call-topology-single-file	medium	every LVGL-anchored call target is in LVGL/src/core/lv_obj_style.c
0x005C71AE	0x005C71AE	0x005C71B8	10	10	lvgl-topology	lvgl-core	LVGL/src/core/lv_obj_style.c	call-topology-single-file	medium	every LVGL-anchored call target is in LVGL/src/core/lv_obj_style.c
0x005C71B8	0x005C71B8	0x005C71C4	12	12	lvgl-topology	lvgl-core	LVGL/src/core/lv_obj_style.c	call-topology-single-file	medium	every LVGL-anchored call target is in LVGL/src/core/lv_obj_style.c
0x005C71C4	0x005C71C4	0x005C71FA	54	54	lvgl-topology	lvgl-core	LVGL/src/core/lv_obj.c	call-topology-single-file	medium	every LVGL-anchored call target is in LVGL/src/core/lv_obj.c
0x005C7212	0x005C7212	0x005C7320	270	270	lvgl-topology	lvgl-misc	LVGL/src/misc/lv_text.c	call-topology-single-file	medium	every LVGL-anchored call target is in LVGL/src/misc/lv_text.c
0x005C732C	0x005C732C	0x005C752E	514	514	lvgl-topology	investigation-required		call-topology-mixed	none	LVGL call evidence spans lvgl-core|lvgl-draw|lvgl-misc
0x005C77EC	0x005C77EC	0x005C7856	106	106	lvgl-topology	lvgl-widgets	LVGL/src/widgets/buttonmatrix/lv_buttonmatrix.c	call-topology-single-file	medium	every LVGL-anchored call target is in LVGL/src/widgets/buttonmatrix/lv_buttonmatrix.c
0x005C78A4	0x005C78A4	0x005C78B6	18	18	lvgl-sandwich	investigation-required		none	none	no closed-world LVGL evidence
0x005C78B6	0x005C78B6	0x005C78C0	10	10	lvgl-topology	lvgl-core	LVGL/src/core/lv_obj_style.c	call-topology-single-file	medium	every LVGL-anchored call target is in LVGL/src/core/lv_obj_style.c
0x005C78C0	0x005C78C0	0x005C78CA	10	10	lvgl-topology	lvgl-core	LVGL/src/core/lv_obj_style.c	call-topology-single-file	medium	every LVGL-anchored call target is in LVGL/src/core/lv_obj_style.c
0x005C78CA	0x005C78CA	0x005C78D4	10	10	lvgl-topology	lvgl-core	LVGL/src/core/lv_obj_style.c	call-topology-single-file	medium	every LVGL-anchored call target is in LVGL/src/core/lv_obj_style.c
0x005C78D4	0x005C78D4	0x005C78DE	10	10	lvgl-topology	lvgl-core	LVGL/src/core/lv_obj_style.c	call-topology-single-file	medium	every LVGL-anchored call target is in LVGL/src/core/lv_obj_style.c
0x005C78DE	0x005C78DE	0x005C78E8	10	10	lvgl-topology	lvgl-core	LVGL/src/core/lv_obj_style.c	call-topology-single-file	medium	every LVGL-anchored call target is in LVGL/src/core/lv_obj_style.c
0x005C78E8	0x005C78E8	0x005C78F6	14	14	lvgl-topology	lvgl-core	LVGL/src/core/lv_obj_style.c	call-topology-single-file	medium	every LVGL-anchored call target is in LVGL/src/core/lv_obj_style.c
0x005C78F6	0x005C78F6	0x005C7900	10	10	lvgl-topology	lvgl-core	LVGL/src/core/lv_obj_style.c	call-topology-single-file	medium	every LVGL-anchored call target is in LVGL/src/core/lv_obj_style.c
0x005C7900	0x005C7900	0x005C790A	10	10	lvgl-topology	lvgl-core	LVGL/src/core/lv_obj_style.c	call-topology-single-file	medium	every LVGL-anchored call target is in LVGL/src/core/lv_obj_style.c
0x005C790A	0x005C790A	0x005C7914	10	10	lvgl-topology	lvgl-core	LVGL/src/core/lv_obj_style.c	call-topology-single-file	medium	every LVGL-anchored call target is in LVGL/src/core/lv_obj_style.c
0x005C8770	0x005C8770	0x005C877A	10	10	lvgl-sandwich	lvgl-widgets		call-topology-second-order-module	low	medium-labelled call targets span 
0x005C877A	0x005C877A	0x005C8804	138	138	lvgl-topology	lvgl-widgets		call-topology-single-module	medium	LVGL-anchored call targets span LVGL/src/widgets/label/lv_label.c|LVGL/src/widgets/textarea/lv_textarea.c of lvgl-widgets
0x005C8808	0x005C8808	0x005C8862	90	90	lvgl-topology	lvgl-widgets	LVGL/src/widgets/textarea/lv_textarea.c	call-topology-single-file	medium	every LVGL-anchored call target is in LVGL/src/widgets/textarea/lv_textarea.c
0x005C8864	0x005C8864	0x005C88E4	128	128	lvgl-topology	lvgl-misc	LVGL/src/misc/lv_anim.c	call-topology-single-file	medium	every LVGL-anchored call target is in LVGL/src/misc/lv_anim.c
0x005C88EC	0x005C88EC	0x005C8AEE	514	514	lvgl-topology	investigation-required		call-topology-mixed	none	LVGL call evidence spans lvgl-core|lvgl-font|lvgl-widgets
0x005C8B04	0x005C8B04	0x005C8CDC	472	472	lvgl-topology	investigation-required		call-topology-mixed	none	LVGL call evidence spans lvgl-core|lvgl-widgets
0x005C8CDC	0x005C8CDC	0x005C8D26	74	74	lvgl-topology	investigation-required		call-topology-mixed	none	LVGL call evidence spans lvgl-core|lvgl-widgets
0x005C8D38	0x005C8D38	0x005C8E1E	230	230	lvgl-topology	investigation-required		call-topology-mixed	none	LVGL call evidence spans lvgl-core|lvgl-draw|lvgl-widgets
0x005C8E1E	0x005C8E1E	0x005C8F4E	304	304	lvgl-topology	investigation-required		call-topology-mixed	none	LVGL call evidence spans lvgl-core|lvgl-draw|lvgl-widgets
0x005C8F54	0x005C8F54	0x005C8FA8	84	84	lvgl-topology	lvgl-misc	LVGL/src/misc/lv_anim.c	call-topology-single-file	medium	every LVGL-anchored call target is in LVGL/src/misc/lv_anim.c
0x005C8FA8	0x005C8FA8	0x005C8FB2	10	10	lvgl-sandwich	lvgl-widgets		link-order-module-sandwich	low	bracketed in link order by lvgl-widgets
0x005C8FE8	0x005C8FE8	0x005C8FFC	20	20	lvgl-sandwich	lvgl-widgets		link-order-module-sandwich	low	bracketed in link order by lvgl-widgets
0x005C8FFC	0x005C8FFC	0x005C901C	32	32	lvgl-sandwich	lvgl-misc	LVGL/src/misc/lv_palette.c	call-topology-second-order-file	low	every medium-labelled call target is in LVGL/src/misc/lv_palette.c
0x005C9314	0x005C9314	0x005C931E	10	10	lvgl-topology	lvgl-core	LVGL/src/core/lv_obj_style.c	call-topology-single-file	medium	every LVGL-anchored call target is in LVGL/src/core/lv_obj_style.c
0x005C931E	0x005C931E	0x005C9344	38	38	lvgl-topology	lvgl-core	LVGL/src/core/lv_obj.c	call-topology-single-file	medium	every LVGL-anchored call target is in LVGL/src/core/lv_obj.c
0x005C9344	0x005C9344	0x005C9484	320	320	lvgl-sandwich	lvgl-widgets		link-order-module-sandwich	low	bracketed in link order by lvgl-widgets
0x005C9484	0x005C9484	0x005C9716	658	658	lvgl-topology	investigation-required		call-topology-mixed	none	LVGL call evidence spans lvgl-core|lvgl-draw
0x005C9D84	0x005C9D84	0x005C9D8E	10	10	lvgl-topology	lvgl-core	LVGL/src/core/lv_obj_style.c	call-topology-single-file	medium	every LVGL-anchored call target is in LVGL/src/core/lv_obj_style.c
0x005C9D8E	0x005C9D8E	0x005C9D98	10	10	lvgl-topology	lvgl-core	LVGL/src/core/lv_obj_style.c	call-topology-single-file	medium	every LVGL-anchored call target is in LVGL/src/core/lv_obj_style.c
0x005C9D98	0x005C9D98	0x005C9DA2	10	10	lvgl-topology	lvgl-core	LVGL/src/core/lv_obj_style.c	call-topology-single-file	medium	every LVGL-anchored call target is in LVGL/src/core/lv_obj_style.c
0x005C9DA2	0x005C9DA2	0x005C9DAC	10	10	lvgl-topology	lvgl-core	LVGL/src/core/lv_obj_style.c	call-topology-single-file	medium	every LVGL-anchored call target is in LVGL/src/core/lv_obj_style.c
0x005C9DAC	0x005C9DAC	0x005C9DB6	10	10	lvgl-topology	lvgl-core	LVGL/src/core/lv_obj_style.c	call-topology-single-file	medium	every LVGL-anchored call target is in LVGL/src/core/lv_obj_style.c
0x005C9DB6	0x005C9DB6	0x005C9DC0	10	10	lvgl-topology	lvgl-core	LVGL/src/core/lv_obj_style.c	call-topology-single-file	medium	every LVGL-anchored call target is in LVGL/src/core/lv_obj_style.c
0x005C9DC0	0x005C9DC0	0x005C9DCA	10	10	lvgl-topology	lvgl-core	LVGL/src/core/lv_obj_style.c	call-topology-single-file	medium	every LVGL-anchored call target is in LVGL/src/core/lv_obj_style.c
0x005C9DCA	0x005C9DCA	0x005C9DD4	10	10	lvgl-topology	lvgl-core	LVGL/src/core/lv_obj_style.c	call-topology-single-file	medium	every LVGL-anchored call target is in LVGL/src/core/lv_obj_style.c
0x005C9DD4	0x005C9DD4	0x005C9DDE	10	10	lvgl-topology	lvgl-core	LVGL/src/core/lv_obj_style.c	call-topology-single-file	medium	every LVGL-anchored call target is in LVGL/src/core/lv_obj_style.c
0x005C9DDE	0x005C9DDE	0x005C9DE8	10	10	lvgl-topology	lvgl-core	LVGL/src/core/lv_obj_style.c	call-topology-single-file	medium	every LVGL-anchored call target is in LVGL/src/core/lv_obj_style.c
0x005C9DE8	0x005C9DE8	0x005C9DF2	10	10	lvgl-topology	lvgl-core	LVGL/src/core/lv_obj_style.c	call-topology-single-file	medium	every LVGL-anchored call target is in LVGL/src/core/lv_obj_style.c
0x005C9DF2	0x005C9DF2	0x005C9DFC	10	10	lvgl-topology	lvgl-core	LVGL/src/core/lv_obj_style.c	call-topology-single-file	medium	every LVGL-anchored call target is in LVGL/src/core/lv_obj_style.c
0x005C9DFC	0x005C9DFC	0x005C9E0A	14	14	lvgl-topology	lvgl-core	LVGL/src/core/lv_obj_style.c	call-topology-single-file	medium	every LVGL-anchored call target is in LVGL/src/core/lv_obj_style.c
0x005C9E0A	0x005C9E0A	0x005C9E16	12	12	lvgl-topology	lvgl-core	LVGL/src/core/lv_obj_style.c	call-topology-single-file	medium	every LVGL-anchored call target is in LVGL/src/core/lv_obj_style.c
0x005C9E16	0x005C9E16	0x005C9E20	10	10	lvgl-topology	lvgl-core	LVGL/src/core/lv_obj_style.c	call-topology-single-file	medium	every LVGL-anchored call target is in LVGL/src/core/lv_obj_style.c
0x005C9E20	0x005C9E20	0x005C9E36	22	22	lvgl-topology	lvgl-core	LVGL/src/core/lv_obj_style.c	call-topology-single-file	medium	every LVGL-anchored call target is in LVGL/src/core/lv_obj_style.c
0x005C9E36	0x005C9E36	0x005C9E44	14	14	lvgl-topology	lvgl-core	LVGL/src/core/lv_obj_style.c	call-topology-single-file	medium	every LVGL-anchored call target is in LVGL/src/core/lv_obj_style.c
0x005C9E44	0x005C9E44	0x005C9E50	12	12	lvgl-topology	lvgl-core	LVGL/src/core/lv_obj_style.c	call-topology-single-file	medium	every LVGL-anchored call target is in LVGL/src/core/lv_obj_style.c
0x005C9E50	0x005C9E50	0x005C9E5A	10	10	lvgl-topology	lvgl-core	LVGL/src/core/lv_obj_style.c	call-topology-single-file	medium	every LVGL-anchored call target is in LVGL/src/core/lv_obj_style.c
0x005C9E5A	0x005C9E5A	0x005C9E68	14	14	lvgl-topology	lvgl-core	LVGL/src/core/lv_obj_style.c	call-topology-single-file	medium	every LVGL-anchored call target is in LVGL/src/core/lv_obj_style.c
0x005C9E68	0x005C9E68	0x005C9E74	12	12	lvgl-topology	lvgl-core	LVGL/src/core/lv_obj_style.c	call-topology-single-file	medium	every LVGL-anchored call target is in LVGL/src/core/lv_obj_style.c
0x005C9E74	0x005C9E74	0x005C9E7E	10	10	lvgl-topology	lvgl-core	LVGL/src/core/lv_obj_style.c	call-topology-single-file	medium	every LVGL-anchored call target is in LVGL/src/core/lv_obj_style.c
0x005C9E7E	0x005C9E7E	0x005C9E88	10	10	lvgl-topology	lvgl-core	LVGL/src/core/lv_obj_style.c	call-topology-single-file	medium	every LVGL-anchored call target is in LVGL/src/core/lv_obj_style.c
0x005C9E88	0x005C9E88	0x005C9E92	10	10	lvgl-topology	lvgl-core	LVGL/src/core/lv_obj_style.c	call-topology-single-file	medium	every LVGL-anchored call target is in LVGL/src/core/lv_obj_style.c
0x005C9E92	0x005C9E92	0x005C9F00	110	110	lvgl-topology	lvgl-core	LVGL/src/core/lv_obj.c	call-topology-single-file	medium	every LVGL-anchored call target is in LVGL/src/core/lv_obj.c
0x005C9FEC	0x005C9FEC	0x005CA1E2	502	502	lvgl-topology	investigation-required		call-topology-mixed	none	LVGL call evidence spans lvgl-core|lvgl-draw
0x005CA1E2	0x005CA1E2	0x005CA482	672	672	lvgl-topology	investigation-required		call-topology-mixed	none	LVGL call evidence spans lvgl-core|lvgl-draw
0x005CA488	0x005CA488	0x005CA5AC	292	292	lvgl-sandwich	lvgl-core	LVGL/src/core/lv_obj_pos.c	call-topology-second-order-file	low	every medium-labelled call target is in LVGL/src/core/lv_obj_pos.c
0x005CA5AC	0x005CA5AC	0x005CA934	904	904	lvgl-topology	investigation-required		call-topology-mixed	none	LVGL call evidence spans lvgl-core|lvgl-draw
0x005CA934	0x005CA934	0x005CA9CC	152	152	lvgl-topology	lvgl-core	LVGL/src/core/lv_obj_pos.c	call-topology-single-file	medium	every LVGL-anchored call target is in LVGL/src/core/lv_obj_pos.c
0x005CA9CC	0x005CA9CC	0x005CAD90	964	964	lvgl-topology	lvgl-core	LVGL/src/core/lv_obj_pos.c	call-topology-single-file	medium	every LVGL-anchored call target is in LVGL/src/core/lv_obj_pos.c
0x005CAD90	0x005CAD90	0x005CAEDE	334	334	lvgl-topology	lvgl-misc	LVGL/src/misc/lv_text.c	call-topology-single-file	medium	every LVGL-anchored call target is in LVGL/src/misc/lv_text.c
0x005CAEDE	0x005CAEDE	0x005CAF94	182	182	lvgl-sandwich	lvgl-core	LVGL/src/core/lv_obj_style.c	call-topology-second-order-file	low	every medium-labelled call target is in LVGL/src/core/lv_obj_style.c
0x005CAF94	0x005CAF94	0x005CB0BA	294	294	lvgl-sandwich	lvgl-core	LVGL/src/core/lv_obj_style.c	call-topology-second-order-file	low	every medium-labelled call target is in LVGL/src/core/lv_obj_style.c
0x005CB0BA	0x005CB0BA	0x005CB1A8	238	238	lvgl-sandwich	lvgl-core	LVGL/src/core/lv_obj_style.c	call-topology-second-order-file	low	every medium-labelled call target is in LVGL/src/core/lv_obj_style.c
0x005CB1A8	0x005CB1A8	0x005CB252	170	170	lvgl-sandwich	lvgl-widgets		link-order-module-sandwich	low	bracketed in link order by lvgl-widgets
0x005CB252	0x005CB252	0x005CB2C8	118	118	lvgl-sandwich	lvgl-widgets		link-order-module-sandwich	low	bracketed in link order by lvgl-widgets
0x005CB2C8	0x005CB2C8	0x005CB310	72	72	lvgl-sandwich	lvgl-widgets		link-order-module-sandwich	low	bracketed in link order by lvgl-widgets
0x005CB310	0x005CB310	0x005CB402	242	242	lvgl-sandwich	lvgl-widgets		link-order-module-sandwich	low	bracketed in link order by lvgl-widgets
0x005CB402	0x005CB402	0x005CB428	38	38	lvgl-sandwich	lvgl-widgets		link-order-module-sandwich	low	bracketed in link order by lvgl-widgets
0x005CB43A	0x005CB43A	0x005CB444	10	10	lvgl-topology	lvgl-core	LVGL/src/core/lv_obj_style.c	call-topology-single-file	medium	every LVGL-anchored call target is in LVGL/src/core/lv_obj_style.c
0x005CB444	0x005CB444	0x005CB44E	10	10	lvgl-topology	lvgl-core	LVGL/src/core/lv_obj_style.c	call-topology-single-file	medium	every LVGL-anchored call target is in LVGL/src/core/lv_obj_style.c
0x005CB44E	0x005CB44E	0x005CB458	10	10	lvgl-topology	lvgl-core	LVGL/src/core/lv_obj_style.c	call-topology-single-file	medium	every LVGL-anchored call target is in LVGL/src/core/lv_obj_style.c
0x005CB458	0x005CB458	0x005CB462	10	10	lvgl-topology	lvgl-core	LVGL/src/core/lv_obj_style.c	call-topology-single-file	medium	every LVGL-anchored call target is in LVGL/src/core/lv_obj_style.c
0x005CB462	0x005CB462	0x005CB46C	10	10	lvgl-topology	lvgl-core	LVGL/src/core/lv_obj_style.c	call-topology-single-file	medium	every LVGL-anchored call target is in LVGL/src/core/lv_obj_style.c
0x005CB46C	0x005CB46C	0x005CB476	10	10	lvgl-topology	lvgl-core	LVGL/src/core/lv_obj_style.c	call-topology-single-file	medium	every LVGL-anchored call target is in LVGL/src/core/lv_obj_style.c
0x005CB476	0x005CB476	0x005CB482	12	12	lvgl-topology	lvgl-core	LVGL/src/core/lv_obj_style.c	call-topology-single-file	medium	every LVGL-anchored call target is in LVGL/src/core/lv_obj_style.c
0x005CBAB8	0x005CBAB8	0x005CBB72	186	186	lvgl-sandwich	lvgl-core	LVGL/src/core/lv_obj_style.c	call-topology-second-order-file	low	every medium-labelled call target is in LVGL/src/core/lv_obj_style.c
0x005CBB72	0x005CBB72	0x005CBBB8	70	70	lvgl-topology	lvgl-core	LVGL/src/core/lv_obj_pos.c	call-topology-single-file	medium	every LVGL-anchored call target is in LVGL/src/core/lv_obj_pos.c
0x005CC6E8	0x005CC6E8	0x005CC6FA	18	18	lvgl-sandwich	lvgl-widgets		link-order-module-sandwich	low	bracketed in link order by lvgl-widgets
0x005CC6FA	0x005CC6FA	0x005CC704	10	10	lvgl-topology	lvgl-core	LVGL/src/core/lv_obj_style.c	call-topology-single-file	medium	every LVGL-anchored call target is in LVGL/src/core/lv_obj_style.c
0x005CC704	0x005CC704	0x005CC70E	10	10	lvgl-topology	lvgl-core	LVGL/src/core/lv_obj_style.c	call-topology-single-file	medium	every LVGL-anchored call target is in LVGL/src/core/lv_obj_style.c
0x005CC70E	0x005CC70E	0x005CC718	10	10	lvgl-topology	lvgl-core	LVGL/src/core/lv_obj_style.c	call-topology-single-file	medium	every LVGL-anchored call target is in LVGL/src/core/lv_obj_style.c
0x005CC718	0x005CC718	0x005CC722	10	10	lvgl-topology	lvgl-core	LVGL/src/core/lv_obj_style.c	call-topology-single-file	medium	every LVGL-anchored call target is in LVGL/src/core/lv_obj_style.c
0x005CC722	0x005CC722	0x005CC72C	10	10	lvgl-topology	lvgl-core	LVGL/src/core/lv_obj_style.c	call-topology-single-file	medium	every LVGL-anchored call target is in LVGL/src/core/lv_obj_style.c
0x005CC72C	0x005CC72C	0x005CC738	12	12	lvgl-topology	lvgl-core	LVGL/src/core/lv_obj_style.c	call-topology-single-file	medium	every LVGL-anchored call target is in LVGL/src/core/lv_obj_style.c
0x005CC738	0x005CC738	0x005CC76C	52	52	lvgl-topology	lvgl-core	LVGL/src/core/lv_obj.c	call-topology-single-file	medium	every LVGL-anchored call target is in LVGL/src/core/lv_obj.c
0x005CC76C	0x005CC76C	0x005CC778	12	12	lvgl-sandwich	lvgl-widgets		link-order-module-sandwich	low	bracketed in link order by lvgl-widgets
0x005CC778	0x005CC778	0x005CC85E	230	230	lvgl-topology	investigation-required		call-topology-mixed	none	LVGL call evidence spans lvgl-core|lvgl-widgets
0x005CC85E	0x005CC85E	0x005CCA30	466	466	lvgl-topology	investigation-required		call-topology-mixed	none	LVGL call evidence spans lvgl-core|lvgl-draw
0x005CCA30	0x005CCA30	0x005CCA3A	10	10	lvgl-topology	lvgl-core	LVGL/src/core/lv_obj_pos.c	call-topology-single-file	medium	every LVGL-anchored call target is in LVGL/src/core/lv_obj_pos.c
0x005CCA3A	0x005CCA3A	0x005CCA4A	16	16	lvgl-topology	lvgl-core	LVGL/src/core/lv_obj_pos.c	call-topology-single-file	medium	every LVGL-anchored call target is in LVGL/src/core/lv_obj_pos.c
0x005CCB24	0x005CCB24	0x005CCB36	18	18	lvgl-sandwich	lvgl-widgets		link-order-module-sandwich	low	bracketed in link order by lvgl-widgets
0x005CCB36	0x005CCB36	0x005CCB40	10	10	lvgl-topology	lvgl-core	LVGL/src/core/lv_obj_style.c	call-topology-single-file	medium	every LVGL-anchored call target is in LVGL/src/core/lv_obj_style.c
0x005CCB40	0x005CCB40	0x005CCB4A	10	10	lvgl-topology	lvgl-core	LVGL/src/core/lv_obj_style.c	call-topology-single-file	medium	every LVGL-anchored call target is in LVGL/src/core/lv_obj_style.c
0x005CCB4A	0x005CCB4A	0x005CCB54	10	10	lvgl-topology	lvgl-core	LVGL/src/core/lv_obj_style.c	call-topology-single-file	medium	every LVGL-anchored call target is in LVGL/src/core/lv_obj_style.c
0x005CCB54	0x005CCB54	0x005CCB5E	10	10	lvgl-topology	lvgl-core	LVGL/src/core/lv_obj_style.c	call-topology-single-file	medium	every LVGL-anchored call target is in LVGL/src/core/lv_obj_style.c
0x005CCB5E	0x005CCB5E	0x005CCB68	10	10	lvgl-topology	lvgl-core	LVGL/src/core/lv_obj_style.c	call-topology-single-file	medium	every LVGL-anchored call target is in LVGL/src/core/lv_obj_style.c
0x005CCB68	0x005CCB68	0x005CCB72	10	10	lvgl-topology	lvgl-core	LVGL/src/core/lv_obj_style.c	call-topology-single-file	medium	every LVGL-anchored call target is in LVGL/src/core/lv_obj_style.c
0x005CCB72	0x005CCB72	0x005CCB7C	10	10	lvgl-topology	lvgl-core	LVGL/src/core/lv_obj_style.c	call-topology-single-file	medium	every LVGL-anchored call target is in LVGL/src/core/lv_obj_style.c
0x005CCB7C	0x005CCB7C	0x005CCB86	10	10	lvgl-topology	lvgl-core	LVGL/src/core/lv_obj_style.c	call-topology-single-file	medium	every LVGL-anchored call target is in LVGL/src/core/lv_obj_style.c
0x005CCB86	0x005CCB86	0x005CCB90	10	10	lvgl-topology	lvgl-core	LVGL/src/core/lv_obj_style.c	call-topology-single-file	medium	every LVGL-anchored call target is in LVGL/src/core/lv_obj_style.c
0x005CCB90	0x005CCB90	0x005CCB9A	10	10	lvgl-topology	lvgl-core	LVGL/src/core/lv_obj_style.c	call-topology-single-file	medium	every LVGL-anchored call target is in LVGL/src/core/lv_obj_style.c
0x005CCB9A	0x005CCB9A	0x005CCBA6	12	12	lvgl-topology	lvgl-core	LVGL/src/core/lv_obj_style.c	call-topology-single-file	medium	every LVGL-anchored call target is in LVGL/src/core/lv_obj_style.c
0x005CCBA6	0x005CCBA6	0x005CCBB4	14	14	lvgl-sandwich	lvgl-widgets		link-order-module-sandwich	low	bracketed in link order by lvgl-widgets
0x005CCBB4	0x005CCBB4	0x005CCC00	76	76	lvgl-topology	lvgl-stdlib	LVGL/src/stdlib/lv_mem.c	call-topology-single-file	medium	every LVGL-anchored call target is in LVGL/src/stdlib/lv_mem.c
0x005CCC00	0x005CCC00	0x005CCC78	120	120	lvgl-sandwich	lvgl-widgets		link-order-module-sandwich	low	bracketed in link order by lvgl-widgets
0x005CCE68	0x005CCE68	0x005CD33C	1236	1236	lvgl-topology	investigation-required		call-topology-mixed	none	LVGL call evidence spans lvgl-core|lvgl-draw|lvgl-misc
0x005CD33C	0x005CD33C	0x005CD412	214	214	lvgl-topology	lvgl-core	LVGL/src/core/lv_obj_pos.c	call-topology-single-file	medium	every LVGL-anchored call target is in LVGL/src/core/lv_obj_pos.c
0x005CD412	0x005CD412	0x005CD520	270	270	lvgl-topology	lvgl-misc	LVGL/src/misc/lv_text.c	call-topology-single-file	medium	every LVGL-anchored call target is in LVGL/src/misc/lv_text.c
0x005CD520	0x005CD520	0x005CD638	280	280	lvgl-sandwich	lvgl-core	LVGL/src/core/lv_obj_style.c	call-topology-second-order-file	low	every medium-labelled call target is in LVGL/src/core/lv_obj_style.c
0x005CD638	0x005CD638	0x005CD728	240	240	lvgl-topology	lvgl-core	LVGL/src/core/lv_obj_pos.c	call-topology-single-file	medium	every LVGL-anchored call target is in LVGL/src/core/lv_obj_pos.c
0x005CD728	0x005CD728	0x005CD7AC	132	132	lvgl-topology	lvgl-core	LVGL/src/core/lv_obj_pos.c	call-topology-single-file	medium	every LVGL-anchored call target is in LVGL/src/core/lv_obj_pos.c
0x005CD7AC	0x005CD7AC	0x005CD7B6	10	10	lvgl-topology	lvgl-core	LVGL/src/core/lv_obj_style.c	call-topology-single-file	medium	every LVGL-anchored call target is in LVGL/src/core/lv_obj_style.c
0x005CD7B6	0x005CD7B6	0x005CD7C0	10	10	lvgl-topology	lvgl-core	LVGL/src/core/lv_obj_style.c	call-topology-single-file	medium	every LVGL-anchored call target is in LVGL/src/core/lv_obj_style.c
0x005CD7C0	0x005CD7C0	0x005CD7CC	12	12	lvgl-topology	lvgl-core	LVGL/src/core/lv_obj_style.c	call-topology-single-file	medium	every LVGL-anchored call target is in LVGL/src/core/lv_obj_style.c
0x005CDAC6	0x005CDAC6	0x005CDAD0	10	10	lvgl-topology	lvgl-core	LVGL/src/core/lv_obj_tree.c	call-topology-single-file	medium	every LVGL-anchored call target is in LVGL/src/core/lv_obj_tree.c
0x005CDAD0	0x005CDAD0	0x005CDADA	10	10	lvgl-topology	lvgl-core	LVGL/src/core/lv_obj_tree.c	call-topology-single-file	medium	every LVGL-anchored call target is in LVGL/src/core/lv_obj_tree.c
0x005CDADA	0x005CDADA	0x005CDB46	108	108	lvgl-topology	investigation-required		call-topology-mixed	none	LVGL call evidence spans lvgl-core|lvgl-widgets
0x005D008E	0x005D008E	0x005D018A	252	252	sea-0x5d	investigation-required		none	none	no closed-world LVGL evidence
0x005D018A	0x005D018A	0x005D01DE	84	84	sea-0x5d	investigation-required		none	none	external callers: investigation-required-no-evidence
0x005D01DE	0x005D01DE	0x005D0414	566	566	sea-0x5d	investigation-required		none	none	external callers: investigation-required-no-evidence
0x005D0414	0x005D0414	0x005D049E	138	138	sea-0x5d	investigation-required		none	none	no closed-world LVGL evidence
0x005D049E	0x005D049E	0x005D04E8	74	74	sea-0x5d	investigation-required		none	none	no closed-world LVGL evidence
0x005D04E8	0x005D04E8	0x005D0570	136	136	sea-0x5d	investigation-required		none	none	no closed-world LVGL evidence
0x005D0574	0x005D0574	0x005D0596	34	34	sea-0x5d	investigation-required		none	none	no closed-world LVGL evidence
0x005D0596	0x005D0596	0x005D05E6	80	80	sea-0x5d	investigation-required		none	none	no closed-world LVGL evidence
0x005D05E6	0x005D05E6	0x005D0682	156	156	sea-0x5d	investigation-required		none	none	no closed-world LVGL evidence
0x005D0682	0x005D0682	0x005D06C6	68	68	sea-0x5d	investigation-required		none	none	no closed-world LVGL evidence
0x005D071C	0x005D071C	0x005D0736	26	26	sea-0x5d	investigation-required		none	none	no closed-world LVGL evidence
0x005D0736	0x005D0736	0x005D0794	94	94	sea-0x5d	investigation-required		none	none	no closed-world LVGL evidence
0x005D0794	0x005D0794	0x005D0814	128	128	sea-0x5d	investigation-required		none	none	no closed-world LVGL evidence
0x005D0814	0x005D0814	0x005D087C	104	104	sea-0x5d	investigation-required		none	none	no closed-world LVGL evidence
0x005D087C	0x005D087C	0x005D08F6	122	122	sea-0x5d	investigation-required		none	none	no closed-world LVGL evidence
0x005D08F6	0x005D08F6	0x005D0A68	370	370	sea-0x5d	investigation-required		none	none	no closed-world LVGL evidence
0x005D0A68	0x005D0A68	0x005D0A72	10	10	sea-0x5d	investigation-required		none	none	no closed-world LVGL evidence
0x005D0A72	0x005D0A72	0x005D0B7C	266	266	sea-0x5d	investigation-required		none	none	no closed-world LVGL evidence
0x005D0B7C	0x005D0B7C	0x005D0C04	136	136	sea-0x5d	investigation-required		none	none	no closed-world LVGL evidence
0x005D0C04	0x005D0C04	0x005D0CC2	190	190	sea-0x5d	investigation-required		none	none	no closed-world LVGL evidence
0x005D0CC2	0x005D0CC2	0x005D0D84	194	194	sea-0x5d	investigation-required		none	none	no closed-world LVGL evidence
0x005D0D84	0x005D0D84	0x005D0DE0	92	92	sea-0x5d	investigation-required		none	none	no closed-world LVGL evidence
0x005D0DE0	0x005D0DE0	0x005D10C4	740	740	sea-0x5d	investigation-required		none	none	no closed-world LVGL evidence
0x005D10C4	0x005D10C4	0x005D1190	204	204	sea-0x5d	investigation-required		none	none	no closed-world LVGL evidence
0x005D1190	0x005D1190	0x005D11A4	20	20	sea-0x5d	investigation-required		none	none	no closed-world LVGL evidence
0x005D11A4	0x005D11A4	0x005D121A	118	118	sea-0x5d	investigation-required		none	none	no closed-world LVGL evidence
0x005D128C	0x005D128C	0x005D1306	122	122	sea-0x5d	investigation-required		none	none	no closed-world LVGL evidence
0x005D1306	0x005D1306	0x005D131C	22	22	sea-0x5d	investigation-required		none	none	no closed-world LVGL evidence
0x005D131C	0x005D131C	0x005D1348	44	44	sea-0x5d	investigation-required		none	none	no closed-world LVGL evidence
0x005D1348	0x005D1348	0x005D139E	86	86	sea-0x5d	investigation-required		none	none	no closed-world LVGL evidence
0x005D139E	0x005D139E	0x005D13C4	38	38	sea-0x5d	investigation-required		none	none	no closed-world LVGL evidence
0x005D13C4	0x005D13C4	0x005D142E	106	106	sea-0x5d	investigation-required		none	none	no closed-world LVGL evidence
0x005D142E	0x005D142E	0x005D1460	50	50	sea-0x5d	investigation-required		none	none	no closed-world LVGL evidence
0x005D1512	0x005D1512	0x005D159A	136	136	sea-0x5d	investigation-required		none	none	no closed-world LVGL evidence
0x005D15B0	0x005D15B0	0x005D15DC	44	44	sea-0x5d	investigation-required		none	none	no closed-world LVGL evidence
0x005D15DC	0x005D15DC	0x005D161A	62	62	sea-0x5d	investigation-required		none	none	no closed-world LVGL evidence
0x005D161A	0x005D161A	0x005D1640	38	38	sea-0x5d	investigation-required		none	none	no closed-world LVGL evidence
0x005D1640	0x005D1640	0x005D16A2	98	98	sea-0x5d	investigation-required		none	none	no closed-world LVGL evidence
0x005D16A2	0x005D16A2	0x005D16D0	46	46	sea-0x5d	investigation-required		none	none	no closed-world LVGL evidence
0x005D176A	0x005D176A	0x005D1848	222	222	sea-0x5d	investigation-required		none	none	no closed-world LVGL evidence
0x005D185E	0x005D185E	0x005D188A	44	44	sea-0x5d	investigation-required		none	none	no closed-world LVGL evidence
0x005D188A	0x005D188A	0x005D18C8	62	62	sea-0x5d	investigation-required		none	none	no closed-world LVGL evidence
0x005D18C8	0x005D18C8	0x005D18EE	38	38	sea-0x5d	investigation-required		none	none	no closed-world LVGL evidence
0x005D18EE	0x005D18EE	0x005D1958	106	106	sea-0x5d	investigation-required		none	none	no closed-world LVGL evidence
0x005D1958	0x005D1958	0x005D1986	46	46	sea-0x5d	investigation-required		none	none	no closed-world LVGL evidence
0x005D1986	0x005D1986	0x005D1A38	178	178	sea-0x5d	investigation-required		none	none	no closed-world LVGL evidence
0x005D1A38	0x005D1A38	0x005D1B4A	274	274	sea-0x5d	investigation-required		none	none	no closed-world LVGL evidence
0x005D1D1C	0x005D1D1C	0x005D1D2A	14	14	sea-0x5d	investigation-required		none	none	no closed-world LVGL evidence
0x005D1D2A	0x005D1D2A	0x005D1D52	40	40	sea-0x5d	investigation-required		none	none	no closed-world LVGL evidence
0x005D1D64	0x005D1D64	0x005D1DAA	70	70	sea-0x5d	investigation-required		none	none	calls: first-party
0x005D1DAA	0x005D1DAA	0x005D1DD4	42	42	sea-0x5d	investigation-required		none	none	no closed-world LVGL evidence
0x005D1EB4	0x005D1EB4	0x005D1EC2	14	14	sea-0x5d	investigation-required		none	none	no closed-world LVGL evidence
0x005D1EC2	0x005D1EC2	0x005D1ED0	14	14	sea-0x5d	investigation-required		none	none	no closed-world LVGL evidence
0x005D1ED0	0x005D1ED0	0x005D1F26	86	86	sea-0x5d	investigation-required		none	none	calls: first-party
0x005D1F26	0x005D1F26	0x005D20BC	406	406	sea-0x5d	investigation-required		none	none	no closed-world LVGL evidence
0x005D20BC	0x005D20BC	0x005D2138	124	124	sea-0x5d	investigation-required		none	none	no closed-world LVGL evidence
0x005D2170	0x005D2170	0x005D2196	38	38	sea-0x5d	investigation-required		none	none	no closed-world LVGL evidence
0x005D2196	0x005D2196	0x005D21E4	78	78	sea-0x5d	investigation-required		none	none	no closed-world LVGL evidence
0x005D21E4	0x005D21E4	0x005D2250	108	108	sea-0x5d	investigation-required		none	none	no closed-world LVGL evidence
0x005D2250	0x005D2250	0x005D22F2	162	162	sea-0x5d	investigation-required		none	none	no closed-world LVGL evidence
0x005D22F2	0x005D22F2	0x005D230E	28	28	sea-0x5d	investigation-required		none	none	no closed-world LVGL evidence
0x005D230E	0x005D230E	0x005D232C	30	30	sea-0x5d	investigation-required		none	none	no closed-world LVGL evidence
0x005D232C	0x005D232C	0x005D2390	100	100	sea-0x5d	investigation-required		none	none	no closed-world LVGL evidence
0x005D2390	0x005D2390	0x005D23AC	28	28	sea-0x5d	investigation-required		none	none	no closed-world LVGL evidence
0x005D23AC	0x005D23AC	0x005D23B2	6	6	sea-0x5d	investigation-required		none	none	no closed-world LVGL evidence
0x005D23B2	0x005D23B2	0x005D23B6	4	4	sea-0x5d	investigation-required		none	none	no closed-world LVGL evidence
0x005D23B6	0x005D23B6	0x005D23BA	4	4	sea-0x5d	investigation-required		none	none	no closed-world LVGL evidence
0x005D23BA	0x005D23BA	0x005D23DA	32	32	sea-0x5d	investigation-required		none	none	no closed-world LVGL evidence
0x005D23DA	0x005D23DA	0x005D2418	62	62	sea-0x5d	investigation-required		none	none	no closed-world LVGL evidence
0x005D2418	0x005D2418	0x005D280E	1014	1014	sea-0x5d	investigation-required		none	none	external callers: cordio
0x005D2828	0x005D2828	0x005D2A0A	482	482	sea-0x5d	investigation-required		none	none	no closed-world LVGL evidence
0x005D2A0A	0x005D2A0A	0x005D2A18	14	14	sea-0x5d	investigation-required		none	none	external callers: cordio
0x005D2A18	0x005D2A18	0x005D2BAE	406	406	sea-0x5d	investigation-required		none	none	external callers: cordio
0x005D2EA8	0x005D2EA8	0x005D2EE4	60	60	sea-0x5d	investigation-required		none	none	no closed-world LVGL evidence
0x005D2EE4	0x005D2EE4	0x005D2EFE	26	26	sea-0x5d	investigation-required		none	none	no closed-world LVGL evidence
0x005D2EFE	0x005D2EFE	0x005D2F22	36	36	sea-0x5d	investigation-required		none	none	no closed-world LVGL evidence
0x005D2F22	0x005D2F22	0x005D2F34	18	18	sea-0x5d	investigation-required		none	none	no closed-world LVGL evidence
0x005D2FEE	0x005D2FEE	0x005D3014	38	38	sea-0x5d	investigation-required		none	none	no closed-world LVGL evidence
0x005D3018	0x005D3018	0x005D3060	72	72	sea-0x5d	investigation-required		none	none	no closed-world LVGL evidence
0x005D3060	0x005D3060	0x005D3068	8	8	sea-0x5d	investigation-required		none	none	no closed-world LVGL evidence
0x005D3068	0x005D3068	0x005D3228	448	448	sea-0x5d	investigation-required		none	none	calls: cordio
0x005D3238	0x005D3238	0x005D323E	6	6	sea-0x5d	investigation-required		none	none	external callers: cordio
0x005D323E	0x005D323E	0x005D3248	10	10	sea-0x5d	investigation-required		none	none	external callers: cordio
0x005D3248	0x005D3248	0x005D3252	10	10	sea-0x5d	investigation-required		none	none	no closed-world LVGL evidence
0x005D3252	0x005D3252	0x005D3268	22	22	sea-0x5d	investigation-required		none	none	external callers: cordio
0x005D3268	0x005D3268	0x005D3272	10	10	sea-0x5d	investigation-required		none	none	external callers: cordio
0x005D3272	0x005D3272	0x005D327E	12	12	sea-0x5d	investigation-required		none	none	external callers: cordio
0x005D327E	0x005D327E	0x005D328A	12	12	sea-0x5d	investigation-required		none	none	external callers: cordio
0x005D328A	0x005D328A	0x005D32C0	54	54	sea-0x5d	investigation-required		none	none	no closed-world LVGL evidence
0x005D32C0	0x005D32C0	0x005D32D4	20	20	sea-0x5d	investigation-required		none	none	no closed-world LVGL evidence
0x005D32D4	0x005D32D4	0x005D32E8	20	20	sea-0x5d	investigation-required		none	none	no closed-world LVGL evidence
0x005D32E8	0x005D32E8	0x005D32FE	22	22	sea-0x5d	investigation-required		none	none	no closed-world LVGL evidence
0x005D32FE	0x005D32FE	0x005D3314	22	22	sea-0x5d	investigation-required		none	none	no closed-world LVGL evidence
0x005D3314	0x005D3314	0x005D331E	10	10	sea-0x5d	investigation-required		none	none	no closed-world LVGL evidence
0x005D331E	0x005D331E	0x005D3362	68	68	sea-0x5d	investigation-required		none	none	no closed-world LVGL evidence
0x005D3362	0x005D3362	0x005D33BE	92	92	sea-0x5d	investigation-required		none	none	no closed-world LVGL evidence
0x005D33BE	0x005D33BE	0x005D33D4	22	22	sea-0x5d	investigation-required		none	none	no closed-world LVGL evidence
0x005D33D4	0x005D33D4	0x005D3434	96	96	sea-0x5d	investigation-required		none	none	no closed-world LVGL evidence
0x005D3434	0x005D3434	0x005D3466	50	50	sea-0x5d	investigation-required		none	none	no closed-world LVGL evidence
0x005D3466	0x005D3466	0x005D34F4	142	142	sea-0x5d	investigation-required		none	none	no closed-world LVGL evidence
0x005D34F4	0x005D34F4	0x005D3500	12	12	sea-0x5d	investigation-required		none	none	no closed-world LVGL evidence
0x005D3500	0x005D3500	0x005D350C	12	12	sea-0x5d	investigation-required		none	none	no closed-world LVGL evidence
0x005D350C	0x005D350C	0x005D351C	16	16	sea-0x5d	investigation-required		none	none	external callers: cordio
0x005D351C	0x005D351C	0x005D352E	18	18	sea-0x5d	investigation-required		none	none	external callers: cordio
0x005D352E	0x005D352E	0x005D3544	22	22	sea-0x5d	investigation-required		none	none	no closed-world LVGL evidence
0x005D3544	0x005D3544	0x005D3634	240	240	sea-0x5d	investigation-required		none	none	no closed-world LVGL evidence
0x005D3634	0x005D3634	0x005D3644	16	16	sea-0x5d	investigation-required		none	none	no closed-world LVGL evidence
0x005D3644	0x005D3644	0x005D3654	16	16	sea-0x5d	investigation-required		none	none	no closed-world LVGL evidence
0x005D3654	0x005D3654	0x005D3666	18	18	sea-0x5d	investigation-required		none	none	no closed-world LVGL evidence
0x005D3666	0x005D3666	0x005D3672	12	12	sea-0x5d	investigation-required		none	none	no closed-world LVGL evidence
0x005D3672	0x005D3672	0x005D3684	18	18	sea-0x5d	investigation-required		none	none	no closed-world LVGL evidence
0x005D3684	0x005D3684	0x005D3696	18	18	sea-0x5d	investigation-required		none	none	no closed-world LVGL evidence
0x005D3696	0x005D3696	0x005D36A2	12	12	sea-0x5d	investigation-required		none	none	no closed-world LVGL evidence
0x005D36A2	0x005D36A2	0x005D36AE	12	12	sea-0x5d	investigation-required		none	none	no closed-world LVGL evidence
0x005D36AE	0x005D36AE	0x005D36B8	10	10	sea-0x5d	investigation-required		none	none	no closed-world LVGL evidence
0x005D36B8	0x005D36B8	0x005D36EA	50	50	sea-0x5d	investigation-required		none	none	no closed-world LVGL evidence
0x005D36EA	0x005D36EA	0x005D36EE	4	4	sea-0x5d	investigation-required		none	none	no closed-world LVGL evidence
0x005D36EE	0x005D36EE	0x005D36F0	2	2	sea-0x5d	investigation-required		none	none	no closed-world LVGL evidence
0x005D36F0	0x005D36F0	0x005D377C	140	140	sea-0x5d	investigation-required		none	none	no closed-world LVGL evidence
0x005D377C	0x005D377C	0x005D3A2A	686	686	sea-0x5d	investigation-required		none	none	no closed-world LVGL evidence
0x005D3A2A	0x005D3A2A	0x005D3C0A	480	480	sea-0x5d	investigation-required		none	none	no closed-world LVGL evidence
0x005D3C0A	0x005D3C0A	0x005D3ED0	710	710	sea-0x5d	investigation-required		none	none	no closed-world LVGL evidence
0x005D3ED0	0x005D3ED0	0x005D4032	354	354	sea-0x5d	investigation-required		none	none	no closed-world LVGL evidence
0x005D4032	0x005D4032	0x005D4040	14	14	sea-0x5d	investigation-required		none	none	no closed-world LVGL evidence
0x005D4040	0x005D4040	0x005D40C0	128	128	sea-0x5d	investigation-required		none	none	no closed-world LVGL evidence
0x005D40C0	0x005D40C0	0x005D431E	606	606	sea-0x5d	investigation-required		none	none	no closed-world LVGL evidence
0x005D431E	0x005D431E	0x005D4510	498	498	sea-0x5d	investigation-required		none	none	no closed-world LVGL evidence
0x005D4510	0x005D4510	0x005D4582	114	114	sea-0x5d	investigation-required		none	none	no closed-world LVGL evidence
0x005D4582	0x005D4582	0x005D474A	456	456	sea-0x5d	investigation-required		none	none	no closed-world LVGL evidence
0x005D4754	0x005D4754	0x005D47D4	128	128	sea-0x5d	investigation-required		none	none	no closed-world LVGL evidence
0x005D47D4	0x005D47D4	0x005D4912	318	318	sea-0x5d	investigation-required		none	none	no closed-world LVGL evidence
0x005D4912	0x005D4912	0x005D4A94	386	386	sea-0x5d	investigation-required		none	none	no closed-world LVGL evidence
0x005D4A94	0x005D4A94	0x005D4AFE	106	106	sea-0x5d	investigation-required		none	none	no closed-world LVGL evidence
0x005D4AFE	0x005D4AFE	0x005D4B14	22	22	sea-0x5d	investigation-required		none	none	no closed-world LVGL evidence
0x005D4B14	0x005D4B14	0x005D4B18	4	4	sea-0x5d	investigation-required		none	none	no closed-world LVGL evidence
0x005D4B18	0x005D4B18	0x005D4B1C	4	4	sea-0x5d	investigation-required		none	none	no closed-world LVGL evidence
0x005D4B1C	0x005D4B1C	0x005D4B20	4	4	sea-0x5d	investigation-required		none	none	no closed-world LVGL evidence
0x005D4B20	0x005D4B20	0x005D4B24	4	4	sea-0x5d	investigation-required		none	none	no closed-world LVGL evidence
0x005D4B24	0x005D4B24	0x005D4B4C	40	40	sea-0x5d	investigation-required		none	none	no closed-world LVGL evidence
0x005D4B4C	0x005D4B4C	0x005D4B78	44	44	sea-0x5d	investigation-required		none	none	no closed-world LVGL evidence
0x005D4B78	0x005D4B78	0x005D4BBA	66	66	sea-0x5d	investigation-required		none	none	no closed-world LVGL evidence
0x005D4BBA	0x005D4BBA	0x005D4C88	206	206	sea-0x5d	investigation-required		none	none	no closed-world LVGL evidence
0x005D4C88	0x005D4C88	0x005D4E40	440	440	sea-0x5d	investigation-required		none	none	no closed-world LVGL evidence
0x005D4E40	0x005D4E40	0x005D4ECE	142	142	sea-0x5d	investigation-required		none	none	no closed-world LVGL evidence
0x005D4ED0	0x005D4ED0	0x005D6D98	7880	7880	sea-0x5d	investigation-required		none	none	external callers: cordio
0x005D6D98	0x005D6D98	0x005D6DB8	32	32	sea-0x5d	investigation-required		none	none	no closed-world LVGL evidence
0x005D6DB8	0x005D6DB8	0x005D6DCA	18	18	sea-0x5d	investigation-required		none	none	no closed-world LVGL evidence
0x005D6DCA	0x005D6DCA	0x005D6E22	88	88	sea-0x5d	investigation-required		none	none	no closed-world LVGL evidence
0x005D6E22	0x005D6E22	0x005D6E44	34	34	sea-0x5d	investigation-required		none	none	no closed-world LVGL evidence
0x005D6E44	0x005D6E44	0x005D6E50	12	12	sea-0x5d	investigation-required		none	none	no closed-world LVGL evidence
0x005D6E50	0x005D6E50	0x005D6E7C	44	44	sea-0x5d	investigation-required		none	none	no closed-world LVGL evidence
0x005D6E7C	0x005D6E7C	0x005D6EA8	44	44	sea-0x5d	investigation-required		none	none	no closed-world LVGL evidence
0x005D6EA8	0x005D6EA8	0x005D6EE0	56	56	sea-0x5d	investigation-required		none	none	no closed-world LVGL evidence
0x005D6EE0	0x005D6EE0	0x005D6F38	88	88	sea-0x5d	investigation-required		none	none	no closed-world LVGL evidence
0x005D6F38	0x005D6F38	0x005D6F9E	102	102	sea-0x5d	investigation-required		none	none	no closed-world LVGL evidence
0x005D6F9E	0x005D6F9E	0x005D6FCC	46	46	sea-0x5d	investigation-required		none	none	no closed-world LVGL evidence
0x005D6FCC	0x005D6FCC	0x005D6FF2	38	38	sea-0x5d	investigation-required		none	none	no closed-world LVGL evidence
0x005D6FF2	0x005D6FF2	0x005D7096	164	164	sea-0x5d	investigation-required		none	none	no closed-world LVGL evidence
0x005D709C	0x005D709C	0x005D70A2	6	6	sea-0x5d	investigation-required		none	none	no closed-world LVGL evidence
0x005D70A4	0x005D70A4	0x005D70C6	34	34	sea-0x5d	investigation-required		none	none	no closed-world LVGL evidence
0x005D70C6	0x005D70C6	0x005D7106	64	64	sea-0x5d	investigation-required		none	none	no closed-world LVGL evidence
0x005D7106	0x005D7106	0x005D7124	30	30	sea-0x5d	investigation-required		none	none	no closed-world LVGL evidence
0x005D7124	0x005D7124	0x005D718A	102	102	sea-0x5d	investigation-required		none	none	no closed-world LVGL evidence
0x005D718A	0x005D718A	0x005D71C4	58	58	sea-0x5d	investigation-required		none	none	no closed-world LVGL evidence
0x005D71C4	0x005D71C4	0x005D72A8	228	228	sea-0x5d	investigation-required		none	none	no closed-world LVGL evidence
0x005D72A8	0x005D72A8	0x005D7340	152	152	sea-0x5d	investigation-required		none	none	no closed-world LVGL evidence
0x005D7340	0x005D7340	0x005D739C	92	92	sea-0x5d	investigation-required		none	none	no closed-world LVGL evidence
0x005D739C	0x005D739C	0x005D73D0	52	52	sea-0x5d	investigation-required		none	none	no closed-world LVGL evidence
0x005D73D0	0x005D73D0	0x005D75EE	542	542	sea-0x5d	investigation-required		none	none	no closed-world LVGL evidence
0x005D75EE	0x005D75EE	0x005D761A	44	44	sea-0x5d	investigation-required		none	none	no closed-world LVGL evidence
0x005D761A	0x005D761A	0x005D7742	296	296	sea-0x5d	investigation-required		none	none	no closed-world LVGL evidence
0x005D7742	0x005D7742	0x005D7782	64	64	sea-0x5d	investigation-required		none	none	no closed-world LVGL evidence
0x005D7782	0x005D7782	0x005D77CA	72	72	sea-0x5d	investigation-required		none	none	no closed-world LVGL evidence
0x005D77CA	0x005D77CA	0x005D7802	56	56	sea-0x5d	investigation-required		none	none	no closed-world LVGL evidence
0x005D7802	0x005D7802	0x005D784A	72	72	sea-0x5d	investigation-required		none	none	no closed-world LVGL evidence
0x005D784A	0x005D784A	0x005D7A6C	546	546	sea-0x5d	investigation-required		none	none	no closed-world LVGL evidence
0x005D7A6C	0x005D7A6C	0x005D7B62	246	246	sea-0x5d	investigation-required		none	none	no closed-world LVGL evidence
0x005D7B62	0x005D7B62	0x005D7D1C	442	442	sea-0x5d	investigation-required		none	none	no closed-world LVGL evidence
0x005D7D1C	0x005D7D1C	0x005D7E1A	254	254	sea-0x5d	investigation-required		none	none	no closed-world LVGL evidence
0x005D7E1A	0x005D7E1A	0x005D7F04	234	234	sea-0x5d	investigation-required		none	none	no closed-world LVGL evidence
0x005D7F04	0x005D7F04	0x005D7F90	140	140	sea-0x5d	investigation-required		none	none	no closed-world LVGL evidence
0x005D7F90	0x005D7F90	0x005D816C	476	476	sea-0x5d	investigation-required		none	none	no closed-world LVGL evidence
0x005D816C	0x005D816C	0x005D82C8	348	348	sea-0x5d	investigation-required		none	none	no closed-world LVGL evidence
0x005D82C8	0x005D82C8	0x005D843A	370	370	sea-0x5d	investigation-required		none	none	no closed-world LVGL evidence
0x005D843A	0x005D843A	0x005D849A	96	96	sea-0x5d	investigation-required		none	none	no closed-world LVGL evidence
0x005D849A	0x005D849A	0x005D857C	226	226	sea-0x5d	investigation-required		none	none	no closed-world LVGL evidence
0x005D857C	0x005D857C	0x005D868A	270	270	sea-0x5d	investigation-required		none	none	no closed-world LVGL evidence
0x005D868A	0x005D868A	0x005D87FA	368	368	sea-0x5d	investigation-required		none	none	no closed-world LVGL evidence
0x005D87FA	0x005D87FA	0x005D8828	46	46	sea-0x5d	investigation-required		none	none	no closed-world LVGL evidence
0x005D8828	0x005D8828	0x005D88D4	172	172	sea-0x5d	investigation-required		none	none	no closed-world LVGL evidence
0x005D88D4	0x005D88D4	0x005D8908	52	52	sea-0x5d	investigation-required		none	none	no closed-world LVGL evidence
0x005D8A48	0x005D8A48	0x005D8AA4	92	92	sea-0x5d	investigation-required		none	none	no closed-world LVGL evidence
0x005D8AA4	0x005D8AA4	0x005D8AB8	20	20	sea-0x5d	investigation-required		none	none	no closed-world LVGL evidence
0x005D8B10	0x005D8B10	0x005D8B2A	26	26	sea-0x5d	investigation-required		none	none	no closed-world LVGL evidence
0x005D8B2A	0x005D8B2A	0x005D8B60	54	54	sea-0x5d	investigation-required		none	none	no closed-world LVGL evidence
0x005D8B60	0x005D8B60	0x005D8BA2	66	66	sea-0x5d	investigation-required		none	none	no closed-world LVGL evidence
0x005D8BA2	0x005D8BA2	0x005D8BC0	30	30	sea-0x5d	investigation-required		none	none	no closed-world LVGL evidence
0x005D8BC0	0x005D8BC0	0x005D8C00	64	64	sea-0x5d	investigation-required		none	none	no closed-world LVGL evidence
0x005D8C00	0x005D8C00	0x005D8C1E	30	30	sea-0x5d	investigation-required		none	none	no closed-world LVGL evidence
0x005D8C1E	0x005D8C1E	0x005D8C3E	32	32	sea-0x5d	investigation-required		none	none	no closed-world LVGL evidence
0x005D8C3E	0x005D8C3E	0x005D8C76	56	56	sea-0x5d	investigation-required		none	none	no closed-world LVGL evidence
0x005D8C76	0x005D8C76	0x005D8CA8	50	50	sea-0x5d	investigation-required		none	none	no closed-world LVGL evidence
0x005D8CA8	0x005D8CA8	0x005D8CDE	54	54	sea-0x5d	investigation-required		none	none	no closed-world LVGL evidence
0x005D8CDE	0x005D8CDE	0x005D8D18	58	58	sea-0x5d	investigation-required		none	none	no closed-world LVGL evidence
0x005D8D18	0x005D8D18	0x005D8D44	44	44	sea-0x5d	investigation-required		none	none	no closed-world LVGL evidence
0x005D8D44	0x005D8D44	0x005D8DB4	112	112	sea-0x5d	investigation-required		none	none	no closed-world LVGL evidence
0x005D8DB4	0x005D8DB4	0x005D8E02	78	78	sea-0x5d	investigation-required		none	none	no closed-world LVGL evidence
0x005D8E02	0x005D8E02	0x005D8ED0	206	206	sea-0x5d	investigation-required		none	none	no closed-world LVGL evidence
0x005D8ED0	0x005D8ED0	0x005D8F1C	76	76	sea-0x5d	investigation-required		none	none	no closed-world LVGL evidence
0x005D8F1C	0x005D8F1C	0x005D8F40	36	36	sea-0x5d	investigation-required		none	none	no closed-world LVGL evidence
0x005D8F40	0x005D8F40	0x005D8F4E	14	14	sea-0x5d	investigation-required		none	none	no closed-world LVGL evidence
0x005D8F4E	0x005D8F4E	0x005D8F60	18	18	sea-0x5d	investigation-required		none	none	no closed-world LVGL evidence
0x005D8F60	0x005D8F60	0x005D8F7A	26	26	sea-0x5d	investigation-required		none	none	no closed-world LVGL evidence
0x005D8F7A	0x005D8F7A	0x005D8FAE	52	52	sea-0x5d	investigation-required		none	none	no closed-world LVGL evidence
0x005D8FAE	0x005D8FAE	0x005D905C	174	174	sea-0x5d	investigation-required		none	none	no closed-world LVGL evidence
0x005D905C	0x005D905C	0x005D9100	164	164	sea-0x5d	investigation-required		none	none	no closed-world LVGL evidence
0x005D9100	0x005D9100	0x005D9118	24	24	sea-0x5d	investigation-required		none	none	no closed-world LVGL evidence
0x005D9118	0x005D9118	0x005D913C	36	36	sea-0x5d	investigation-required		none	none	no closed-world LVGL evidence
0x005D913C	0x005D913C	0x005D9152	22	22	sea-0x5d	investigation-required		none	none	no closed-world LVGL evidence
0x005D9152	0x005D9152	0x005D916E	28	28	sea-0x5d	investigation-required		none	none	no closed-world LVGL evidence
0x005D916E	0x005D916E	0x005D91BC	78	78	sea-0x5d	investigation-required		none	none	no closed-world LVGL evidence
0x005D91BC	0x005D91BC	0x005D9254	152	152	sea-0x5d	investigation-required		none	none	no closed-world LVGL evidence
0x005D9296	0x005D9296	0x005D92F0	90	90	sea-0x5d	investigation-required		none	none	no closed-world LVGL evidence
0x005D92F0	0x005D92F0	0x005D934A	90	90	sea-0x5d	investigation-required		none	none	no closed-world LVGL evidence
0x005D93AC	0x005D93AC	0x005D93D6	42	42	sea-0x5d	investigation-required		none	none	no closed-world LVGL evidence
0x005D9462	0x005D9462	0x005D948C	42	42	sea-0x5d	investigation-required		none	none	no closed-world LVGL evidence
0x005D94C0	0x005D94C0	0x005D9580	192	192	sea-0x5d	investigation-required		none	none	no closed-world LVGL evidence
0x005D9580	0x005D9580	0x005D9672	242	242	sea-0x5d	investigation-required		none	none	no closed-world LVGL evidence
0x005D96B6	0x005D96B6	0x005D96F8	66	66	sea-0x5d	investigation-required		none	none	calls: first-party
0x005D96F8	0x005D96F8	0x005D9716	30	30	sea-0x5d	investigation-required		none	none	no closed-world LVGL evidence
0x005D9716	0x005D9716	0x005D9840	298	298	sea-0x5d	investigation-required		none	none	no closed-world LVGL evidence
0x005D9840	0x005D9840	0x005D9890	80	80	sea-0x5d	investigation-required		none	none	no closed-world LVGL evidence
0x005D9890	0x005D9890	0x005D98F6	102	102	sea-0x5d	investigation-required		none	none	no closed-world LVGL evidence
0x005D9950	0x005D9950	0x005D99C0	112	112	sea-0x5d	investigation-required		none	none	no closed-world LVGL evidence
0x005D99C0	0x005D99C0	0x005D9A44	132	132	sea-0x5d	investigation-required		none	none	no closed-world LVGL evidence
0x005D9A44	0x005D9A44	0x005D9AA2	94	94	sea-0x5d	investigation-required		none	none	no closed-world LVGL evidence
0x005D9AA2	0x005D9AA2	0x005D9ABC	26	26	sea-0x5d	investigation-required		none	none	no closed-world LVGL evidence
0x005D9ABC	0x005D9ABC	0x005D9B28	108	108	sea-0x5d	investigation-required		none	none	no closed-world LVGL evidence
0x005D9B28	0x005D9B28	0x005D9B58	48	48	sea-0x5d	investigation-required		none	none	external callers: investigation-required-no-evidence
0x005DA1E8	0x005DA1E8	0x005DA202	26	26	sea-0x5d	investigation-required		none	none	no closed-world LVGL evidence
0x005DA202	0x005DA202	0x005DA446	580	580	sea-0x5d	investigation-required		none	none	no closed-world LVGL evidence
0x005DA446	0x005DA446	0x005DA518	210	210	sea-0x5d	investigation-required		none	none	no closed-world LVGL evidence
0x005DA518	0x005DA518	0x005DA5D6	190	190	sea-0x5d	investigation-required		none	none	no closed-world LVGL evidence
0x005DA5D6	0x005DA5D6	0x005DA656	128	128	sea-0x5d	investigation-required		none	none	no closed-world LVGL evidence
0x005DA656	0x005DA656	0x005DA73A	228	228	sea-0x5d	investigation-required		none	none	no closed-world LVGL evidence
0x005DA73A	0x005DA73A	0x005DAA9C	866	866	sea-0x5d	investigation-required		none	none	calls: first-party
0x005DAA9C	0x005DAA9C	0x005DAB3A	158	158	sea-0x5d	investigation-required		none	none	no closed-world LVGL evidence
0x005DAB8E	0x005DAB8E	0x005DABEE	96	96	sea-0x5d	investigation-required		none	none	no closed-world LVGL evidence
0x005DABEE	0x005DABEE	0x005DAC40	82	82	sea-0x5d	investigation-required		none	none	no closed-world LVGL evidence
0x005DAC40	0x005DAC40	0x005DADEE	430	430	sea-0x5d	investigation-required		none	none	no closed-world LVGL evidence
0x005DADF8	0x005DADF8	0x005DAE28	48	48	sea-0x5d	investigation-required		none	none	no closed-world LVGL evidence
0x005DAE90	0x005DAE90	0x005DB3DE	1358	1358	sea-0x5d	investigation-required		none	none	calls: first-party
0x005DB3EC	0x005DB3EC	0x005DB562	374	374	sea-0x5d	investigation-required		none	none	no closed-world LVGL evidence
0x005DB578	0x005DB578	0x005DB92A	946	946	sea-0x5d	investigation-required		none	none	calls: first-party
0x005DC266	0x005DC266	0x005DC290	42	42	sea-0x5d	investigation-required		none	none	no closed-world LVGL evidence
0x005DC542	0x005DC542	0x005DC5B4	114	114	sea-0x5d	investigation-required		none	none	no closed-world LVGL evidence
0x005DC600	0x005DC600	0x005DC790	400	400	sea-0x5d	investigation-required		none	none	no closed-world LVGL evidence
0x005DC790	0x005DC790	0x005DC7E2	82	82	sea-0x5d	investigation-required		none	none	no closed-world LVGL evidence
0x005DC99C	0x005DC99C	0x005DCA46	170	170	sea-0x5d	investigation-required		none	none	no closed-world LVGL evidence
0x005DCA46	0x005DCA46	0x005DCB16	208	208	sea-0x5d	investigation-required		none	none	no closed-world LVGL evidence
0x005DCB16	0x005DCB16	0x005DCE22	780	780	sea-0x5d	investigation-required		none	none	no closed-world LVGL evidence
0x005DCE22	0x005DCE22	0x005DCFF6	468	468	sea-0x5d	investigation-required		none	none	no closed-world LVGL evidence
0x005DCFF6	0x005DCFF6	0x005DD39E	936	936	sea-0x5d	investigation-required		none	none	no closed-world LVGL evidence
0x005DD39E	0x005DD39E	0x005DD3C6	40	40	sea-0x5d	investigation-required		none	none	no closed-world LVGL evidence
0x005DD584	0x005DD584	0x005DD780	508	508	sea-0x5d	investigation-required		none	none	no closed-world LVGL evidence
0x005DD780	0x005DD780	0x005DD832	178	178	sea-0x5d	investigation-required		none	none	no closed-world LVGL evidence
0x005DD832	0x005DD832	0x005DD934	258	258	sea-0x5d	investigation-required		none	none	no closed-world LVGL evidence
0x005DDB3A	0x005DDB3A	0x005DDC74	314	314	sea-0x5d	investigation-required		none	none	no closed-world LVGL evidence
0x005DDC74	0x005DDC74	0x005DDD38	196	196	sea-0x5d	investigation-required		none	none	no closed-world LVGL evidence
0x005DDEF8	0x005DDEF8	0x005DE026	302	302	sea-0x5d	investigation-required		none	none	no closed-world LVGL evidence
0x005DE026	0x005DE026	0x005DE0CA	164	164	sea-0x5d	investigation-required		none	none	no closed-world LVGL evidence
0x005DE270	0x005DE270	0x005DE2A8	56	56	sea-0x5d	investigation-required		none	none	no closed-world LVGL evidence
0x005DE2CE	0x005DE2CE	0x005DE576	680	680	sea-0x5d	investigation-required		none	none	no closed-world LVGL evidence
0x005DE590	0x005DE590	0x005DE5EE	94	94	sea-0x5d	investigation-required		none	none	no closed-world LVGL evidence
0x005DE5EE	0x005DE5EE	0x005DE652	100	100	sea-0x5d	investigation-required		none	none	no closed-world LVGL evidence
0x005DE652	0x005DE652	0x005DE6AC	90	90	sea-0x5d	investigation-required		none	none	no closed-world LVGL evidence
0x005DE6AC	0x005DE6AC	0x005DE72A	126	126	sea-0x5d	investigation-required		none	none	no closed-world LVGL evidence
0x005DE8C2	0x005DE8C2	0x005DE8F6	52	52	sea-0x5d	investigation-required		none	none	no closed-world LVGL evidence
0x005DE8F6	0x005DE8F6	0x005DE970	122	122	sea-0x5d	investigation-required		none	none	no closed-world LVGL evidence
0x005DE970	0x005DE970	0x005DE9D2	98	98	sea-0x5d	investigation-required		none	none	no closed-world LVGL evidence
0x005DE9D2	0x005DE9D2	0x005DEC32	608	608	sea-0x5d	investigation-required		none	none	no closed-world LVGL evidence
0x005DEC32	0x005DEC32	0x005DEC3E	12	12	sea-0x5d	investigation-required		none	none	no closed-world LVGL evidence
0x005DEC3E	0x005DEC3E	0x005DEC5C	30	30	sea-0x5d	investigation-required		none	none	no closed-world LVGL evidence
0x005DEC5C	0x005DEC5C	0x005DEC74	24	24	sea-0x5d	investigation-required		none	none	no closed-world LVGL evidence
0x005DEC74	0x005DEC74	0x005DEC82	14	14	sea-0x5d	investigation-required		none	none	no closed-world LVGL evidence
0x005DEC82	0x005DEC82	0x005DEC90	14	14	sea-0x5d	investigation-required		none	none	no closed-world LVGL evidence
0x005DEC90	0x005DEC90	0x005DEE14	388	388	sea-0x5d	investigation-required		none	none	no closed-world LVGL evidence
0x005DEFB6	0x005DEFB6	0x005DEFDE	40	40	sea-0x5d	investigation-required		none	none	no closed-world LVGL evidence
0x005DEFDE	0x005DEFDE	0x005DF158	378	378	sea-0x5d	investigation-required		none	none	no closed-world LVGL evidence
0x005DF158	0x005DF158	0x005DF182	42	42	sea-0x5d	investigation-required		none	none	no closed-world LVGL evidence
0x005DF182	0x005DF182	0x005DF1AE	44	44	sea-0x5d	investigation-required		none	none	no closed-world LVGL evidence
0x005DF1AE	0x005DF1AE	0x005DF2F2	324	324	sea-0x5d	investigation-required		none	none	no closed-world LVGL evidence
0x005DF2F2	0x005DF2F2	0x005DF484	402	402	sea-0x5d	investigation-required		none	none	no closed-world LVGL evidence
0x005DF484	0x005DF484	0x005DF4D4	80	80	sea-0x5d	investigation-required		none	none	no closed-world LVGL evidence
0x005DF4D4	0x005DF4D4	0x005DF504	48	48	sea-0x5d	investigation-required		none	none	no closed-world LVGL evidence
0x005DF504	0x005DF504	0x005DF510	12	12	sea-0x5d	investigation-required		none	none	no closed-world LVGL evidence
0x005DF5B6	0x005DF5B6	0x005DF832	636	636	sea-0x5d	investigation-required		none	none	no closed-world LVGL evidence
0x005DFB9C	0x005DFB9C	0x005DFD20	388	388	sea-0x5d	investigation-required		none	none	external callers: investigation-required-no-evidence
0x005DFD20	0x005DFD20	0x005DFF5A	570	570	sea-0x5d	investigation-required		none	none	external callers: investigation-required-no-evidence
0x005DFF5A	0x005DFF5A	0x005E0002	168	168	sea-0x5d	investigation-required		none	none	external callers: investigation-required-no-evidence
0x005EA270	0x005EA270	0x005EA2A8	56	56	lvgl-topology	lvgl-widgets	LVGL/src/widgets/label/lv_label.c	call-topology-single-file	medium	every LVGL-anchored call target is in LVGL/src/widgets/label/lv_label.c
0x005EA30C	0x005EA30C	0x005EA342	54	54	lvgl-topology	lvgl-core	LVGL/src/core/lv_obj_tree.c	call-topology-single-file	medium	every LVGL-anchored call target is in LVGL/src/core/lv_obj_tree.c
0x005EA342	0x005EA342	0x005EA4F0	430	430	lvgl-topology	investigation-required		call-topology-mixed	none	LVGL call evidence spans lvgl-core|lvgl-widgets
0x005EA564	0x005EA564	0x005EA67A	278	278	lvgl-topology	investigation-required		call-topology-mixed	none	LVGL call evidence spans lvgl-core|lvgl-widgets
0x005EA67A	0x005EA67A	0x005EA6DA	96	96	lvgl-topology	lvgl-misc	LVGL/src/misc/lv_text.c	call-topology-single-file	medium	every LVGL-anchored call target is in LVGL/src/misc/lv_text.c
0x005EA7DC	0x005EA7DC	0x005EA810	52	52	lvgl-topology	lvgl-core	LVGL/src/core/lv_obj.c	call-topology-single-file	medium	every LVGL-anchored call target is in LVGL/src/core/lv_obj.c
0x005EA9F6	0x005EA9F6	0x005EAA54	94	94	lvgl-topology	lvgl-core	LVGL/src/core/lv_obj_pos.c	call-topology-single-file	medium	every LVGL-anchored call target is in LVGL/src/core/lv_obj_pos.c
0x005EB322	0x005EB322	0x005EB3C6	164	164	lvgl-topology	lvgl-core		call-topology-single-module	medium	LVGL-anchored call targets span LVGL/src/core/lv_obj.c|LVGL/src/core/lv_obj_pos.c|LVGL/src/core/lv_obj_tree.c of lvgl-core
0x005EB3C6	0x005EB3C6	0x005EB438	114	114	lvgl-topology	lvgl-core	LVGL/src/core/lv_obj_tree.c	call-topology-single-file	medium	every LVGL-anchored call target is in LVGL/src/core/lv_obj_tree.c
0x005EBC9E	0x005EBC9E	0x005EBD0E	112	112	lvgl-topology	lvgl-core	LVGL/src/core/lv_obj_pos.c	call-topology-single-file	medium	every LVGL-anchored call target is in LVGL/src/core/lv_obj_pos.c
0x005EC9C0	0x005EC9C0	0x005EC9E8	40	40	lvgl-topology	lvgl-core	LVGL/src/core/lv_obj_tree.c	call-topology-single-file	medium	every LVGL-anchored call target is in LVGL/src/core/lv_obj_tree.c
0x005ECD06	0x005ECD06	0x005ECE4C	326	326	lvgl-topology	investigation-required		call-topology-mixed	none	LVGL call evidence spans lvgl-core|lvgl-widgets
0x005ECEB2	0x005ECEB2	0x005ECEF6	68	68	lvgl-topology	lvgl-core	LVGL/src/core/lv_obj_tree.c	call-topology-single-file	medium	every LVGL-anchored call target is in LVGL/src/core/lv_obj_tree.c
0x005ED1D6	0x005ED1D6	0x005ED1EC	22	22	lvgl-topology	lvgl-core	LVGL/src/core/lv_obj.c	call-topology-single-file	medium	every LVGL-anchored call target is in LVGL/src/core/lv_obj.c
