address	bytes	mnemonic	operands	containing_function
0x000f8200	dff810d0	ldr.w	sp,[0x000f8214]	
0x000f8204	00f060f9	bl	0x000f84c8	
0x000f8208	0048	ldr	r0,[0x000f820c]	armcc_runtime_entry_veneer@000f8208
0x000f820a	0047	bx	r0	armcc_runtime_entry_veneer@000f8208
0x000f8218	30b4	push	{r4,r5}	nrf_atfifo_wspace_req@000f8218
0x000f821a	50e8012f	ldrex	r2,[r0,#0x4]	nrf_atfifo_wspace_req@000f8218
0x000f821e	93b2	uxth	r3,r2	nrf_atfifo_wspace_req@000f8218
0x000f8220	c489	ldrh	r4,[r0,#0xe]	nrf_atfifo_wspace_req@000f8218
0x000f8222	2344	add	r3,r4	nrf_atfifo_wspace_req@000f8218
0x000f8224	8489	ldrh	r4,[r0,#0xc]	nrf_atfifo_wspace_req@000f8218
0x000f8226	a342	cmp	r3,r4	nrf_atfifo_wspace_req@000f8218
0x000f8228	28bf	it	cs	nrf_atfifo_wspace_req@000f8218
0x000f822a	1b1b	sub.cs	r3,r3,r4	nrf_atfifo_wspace_req@000f8218
0x000f822c	0489	ldrh	r4,[r0,#0x8]	nrf_atfifo_wspace_req@000f8218
0x000f822e	a342	cmp	r3,r4	nrf_atfifo_wspace_req@000f8218
0x000f8230	02bf	ittt	eq	nrf_atfifo_wspace_req@000f8218
0x000f8232	bff32f8f	clrex.eq		nrf_atfifo_wspace_req@000f8218
0x000f8236	0020	mov.eq	r0,#0x0	nrf_atfifo_wspace_req@000f8218
0x000f8238	07e0	b.eq	0x000f824a	nrf_atfifo_wspace_req@000f8218
0x000f823a	c3ea0203	pkhbt.w	r3,r3,r2	nrf_atfifo_wspace_req@000f8218
0x000f823e	40e80134	strex	r4,r3,[r0,#0x4]	nrf_atfifo_wspace_req@000f8218
0x000f8242	002c	cmp	r4,#0x0	nrf_atfifo_wspace_req@000f8218
0x000f8244	e9d1	bne	0x000f821a	nrf_atfifo_wspace_req@000f8218
0x000f8246	4ff00100	mov.w	r0,#0x1	nrf_atfifo_wspace_req@000f8218
0x000f824a	0a60	str	r2,[r1,#0x0]	nrf_atfifo_wspace_req@000f8218
0x000f824c	30bc	pop	{r4,r5}	nrf_atfifo_wspace_req@000f8218
0x000f824e	7047	bx	lr	nrf_atfifo_wspace_req@000f8218
0x000f8250	50e8012f	ldrex	r2,[r0,#0x4]	nrf_atfifo_wspace_close@000f8250
0x000f8254	c2ea0242	pkhbt.w	r2,r2,r2, lsl #0x10	nrf_atfifo_wspace_close@000f8250
0x000f8258	40e80121	strex	r1,r2,[r0,#0x4]	nrf_atfifo_wspace_close@000f8250
0x000f825c	0029	cmp	r1,#0x0	nrf_atfifo_wspace_close@000f8250
0x000f825e	f7d1	bne	0x000f8250	nrf_atfifo_wspace_close@000f8250
0x000f8260	7047	bx	lr	nrf_atfifo_wspace_close@000f8250
0x000f8262	30b4	push	{r4,r5}	nrf_atfifo_rspace_req@000f8262
0x000f8264	50e8022f	ldrex	r2,[r0,#0x8]	nrf_atfifo_rspace_req@000f8262
0x000f8268	1ffaa2f3	uxth.w	r3,r2,#0x10	nrf_atfifo_rspace_req@000f8262
0x000f826c	c488	ldrh	r4,[r0,#0x6]	nrf_atfifo_rspace_req@000f8262
0x000f826e	a342	cmp	r3,r4	nrf_atfifo_rspace_req@000f8262
0x000f8270	02bf	ittt	eq	nrf_atfifo_rspace_req@000f8262
0x000f8272	bff32f8f	clrex.eq		nrf_atfifo_rspace_req@000f8262
0x000f8276	0020	mov.eq	r0,#0x0	nrf_atfifo_rspace_req@000f8262
0x000f8278	0de0	b.eq	0x000f8296	nrf_atfifo_rspace_req@000f8262
0x000f827a	c489	ldrh	r4,[r0,#0xe]	nrf_atfifo_rspace_req@000f8262
0x000f827c	2344	add	r3,r4	nrf_atfifo_rspace_req@000f8262
0x000f827e	8489	ldrh	r4,[r0,#0xc]	nrf_atfifo_rspace_req@000f8262
0x000f8280	a342	cmp	r3,r4	nrf_atfifo_rspace_req@000f8262
0x000f8282	28bf	it	cs	nrf_atfifo_rspace_req@000f8262
0x000f8284	1b1b	sub.cs	r3,r3,r4	nrf_atfifo_rspace_req@000f8262
0x000f8286	c2ea0343	pkhbt.w	r3,r2,r3, lsl #0x10	nrf_atfifo_rspace_req@000f8262
0x000f828a	40e80234	strex	r4,r3,[r0,#0x8]	nrf_atfifo_rspace_req@000f8262
0x000f828e	002c	cmp	r4,#0x0	nrf_atfifo_rspace_req@000f8262
0x000f8290	e8d1	bne	0x000f8264	nrf_atfifo_rspace_req@000f8262
0x000f8292	4ff00100	mov.w	r0,#0x1	nrf_atfifo_rspace_req@000f8262
0x000f8296	0a60	str	r2,[r1,#0x0]	nrf_atfifo_rspace_req@000f8262
0x000f8298	30bc	pop	{r4,r5}	nrf_atfifo_rspace_req@000f8262
0x000f829a	7047	bx	lr	nrf_atfifo_rspace_req@000f8262
0x000f829c	50e8022f	ldrex	r2,[r0,#0x8]	nrf_atfifo_rspace_close@000f829c
0x000f82a0	c2ea2242	pkhtb.w	r2,r2,r2, asr #0x10	nrf_atfifo_rspace_close@000f829c
0x000f82a4	40e80221	strex	r1,r2,[r0,#0x8]	nrf_atfifo_rspace_close@000f829c
0x000f82a8	0029	cmp	r1,#0x0	nrf_atfifo_rspace_close@000f829c
0x000f82aa	f7d1	bne	0x000f829c	nrf_atfifo_rspace_close@000f829c
0x000f82ac	7047	bx	lr	nrf_atfifo_rspace_close@000f829c
0x000f82ae	0346	mov	r3,r0	nrf_atfifo_space_clear@000f82ae
0x000f82b0	53e8022f	ldrex	r2,[r3,#0x8]	nrf_atfifo_space_clear@000f82ae
0x000f82b4	d988	ldrh	r1,[r3,#0x6]	nrf_atfifo_space_clear@000f82ae
0x000f82b6	b2eb324f	cmp.w	r2,r2, ror #0x10	nrf_atfifo_space_clear@000f82ae
0x000f82ba	4ff00000	mov.w	r0,#0x0	nrf_atfifo_space_clear@000f82ae
0x000f82be	17bf	itett	ne	nrf_atfifo_space_clear@000f82ae
0x000f82c0	92b2	uxth.ne	r2,r2	nrf_atfifo_space_clear@000f82ae
0x000f82c2	41ea0141	orr.eq.w	r1,r1,r1, lsl #0x10	nrf_atfifo_space_clear@000f82ae
0x000f82c6	42ea0141	orr.ne.w	r1,r2,r1, lsl #0x10	nrf_atfifo_space_clear@000f82ae
0x000f82ca	04e0	b.ne	0x000f82d6	nrf_atfifo_space_clear@000f82ae
0x000f82cc	5a68	ldr	r2,[r3,#0x4]	nrf_atfifo_space_clear@000f82ae
0x000f82ce	b2eb324f	cmp.w	r2,r2, ror #0x10	nrf_atfifo_space_clear@000f82ae
0x000f82d2	08bf	it	eq	nrf_atfifo_space_clear@000f82ae
0x000f82d4	0120	mov.eq	r0,#0x1	nrf_atfifo_space_clear@000f82ae
0x000f82d6	43e80212	strex	r2,r1,[r3,#0x8]	nrf_atfifo_space_clear@000f82ae
0x000f82da	002a	cmp	r2,#0x0	nrf_atfifo_space_clear@000f82ae
0x000f82dc	e8d1	bne	0x000f82b0	nrf_atfifo_space_clear@000f82ae
0x000f82de	7047	bx	lr	nrf_atfifo_space_clear@000f82ae
0x000f82e0	30b4	push	{r4,r5}	nrf_atomic_internal_mov@000f82e0
0x000f82e2	0446	mov	r4,r0	nrf_atomic_internal_mov@000f82e0
0x000f82e4	54e8000f	ldrex	r0,[r4,#0x0]	nrf_atomic_internal_mov@000f82e0
0x000f82e8	0d46	mov	r5,r1	nrf_atomic_internal_mov@000f82e0
0x000f82ea	44e80053	strex	r3,r5,[r4,#0x0]	nrf_atomic_internal_mov@000f82e0
0x000f82ee	002b	cmp	r3,#0x0	nrf_atomic_internal_mov@000f82e0
0x000f82f0	f8d1	bne	0x000f82e4	nrf_atomic_internal_mov@000f82e0
0x000f82f2	1560	str	r5,[r2,#0x0]	nrf_atomic_internal_mov@000f82e0
0x000f82f4	30bc	pop	{r4,r5}	nrf_atomic_internal_mov@000f82e0
0x000f82f6	7047	bx	lr	nrf_atomic_internal_mov@000f82e0
0x000f82f8	30b4	push	{r4,r5}	nrf_atomic_internal_orr@000f82f8
0x000f82fa	0446	mov	r4,r0	nrf_atomic_internal_orr@000f82f8
0x000f82fc	54e8000f	ldrex	r0,[r4,#0x0]	nrf_atomic_internal_orr@000f82f8
0x000f8300	40ea0105	orr.w	r5,r0,r1	nrf_atomic_internal_orr@000f82f8
0x000f8304	44e80053	strex	r3,r5,[r4,#0x0]	nrf_atomic_internal_orr@000f82f8
0x000f8308	002b	cmp	r3,#0x0	nrf_atomic_internal_orr@000f82f8
0x000f830a	f7d1	bne	0x000f82fc	nrf_atomic_internal_orr@000f82f8
0x000f830c	1560	str	r5,[r2,#0x0]	nrf_atomic_internal_orr@000f82f8
0x000f830e	30bc	pop	{r4,r5}	nrf_atomic_internal_orr@000f82f8
0x000f8310	7047	bx	lr	nrf_atomic_internal_orr@000f82f8
0x000f8312	30b4	push	{r4,r5}	nrf_atomic_internal_and@000f8312
0x000f8314	0446	mov	r4,r0	nrf_atomic_internal_and@000f8312
0x000f8316	54e8000f	ldrex	r0,[r4,#0x0]	nrf_atomic_internal_and@000f8312
0x000f831a	00ea0105	and.w	r5,r0,r1	nrf_atomic_internal_and@000f8312
0x000f831e	44e80053	strex	r3,r5,[r4,#0x0]	nrf_atomic_internal_and@000f8312
0x000f8322	002b	cmp	r3,#0x0	nrf_atomic_internal_and@000f8312
0x000f8324	f7d1	bne	0x000f8316	nrf_atomic_internal_and@000f8312
0x000f8326	1560	str	r5,[r2,#0x0]	nrf_atomic_internal_and@000f8312
0x000f8328	30bc	pop	{r4,r5}	nrf_atomic_internal_and@000f8312
0x000f832a	7047	bx	lr	nrf_atomic_internal_and@000f8312
0x000f832c	30b4	push	{r4,r5}	nrf_atomic_internal_eor@000f832c
0x000f832e	0446	mov	r4,r0	nrf_atomic_internal_eor@000f832c
0x000f8330	54e8000f	ldrex	r0,[r4,#0x0]	nrf_atomic_internal_eor@000f832c
0x000f8334	80ea0105	eor.w	r5,r0,r1	nrf_atomic_internal_eor@000f832c
0x000f8338	44e80053	strex	r3,r5,[r4,#0x0]	nrf_atomic_internal_eor@000f832c
0x000f833c	002b	cmp	r3,#0x0	nrf_atomic_internal_eor@000f832c
0x000f833e	f7d1	bne	0x000f8330	nrf_atomic_internal_eor@000f832c
0x000f8340	1560	str	r5,[r2,#0x0]	nrf_atomic_internal_eor@000f832c
0x000f8342	30bc	pop	{r4,r5}	nrf_atomic_internal_eor@000f832c
0x000f8344	7047	bx	lr	nrf_atomic_internal_eor@000f832c
0x000f8346	30b4	push	{r4,r5}	nrf_atomic_internal_add@000f8346
0x000f8348	0446	mov	r4,r0	nrf_atomic_internal_add@000f8346
0x000f834a	54e8000f	ldrex	r0,[r4,#0x0]	nrf_atomic_internal_add@000f8346
0x000f834e	00eb0105	add.w	r5,r0,r1	nrf_atomic_internal_add@000f8346
0x000f8352	44e80053	strex	r3,r5,[r4,#0x0]	nrf_atomic_internal_add@000f8346
0x000f8356	002b	cmp	r3,#0x0	nrf_atomic_internal_add@000f8346
0x000f8358	f7d1	bne	0x000f834a	nrf_atomic_internal_add@000f8346
0x000f835a	1560	str	r5,[r2,#0x0]	nrf_atomic_internal_add@000f8346
0x000f835c	30bc	pop	{r4,r5}	nrf_atomic_internal_add@000f8346
0x000f835e	7047	bx	lr	nrf_atomic_internal_add@000f8346
0x000f8360	30b4	push	{r4,r5}	nrf_atomic_internal_sub@000f8360
0x000f8362	0446	mov	r4,r0	nrf_atomic_internal_sub@000f8360
0x000f8364	54e8000f	ldrex	r0,[r4,#0x0]	nrf_atomic_internal_sub@000f8360
0x000f8368	a0eb0105	sub.w	r5,r0,r1	nrf_atomic_internal_sub@000f8360
0x000f836c	44e80053	strex	r3,r5,[r4,#0x0]	nrf_atomic_internal_sub@000f8360
0x000f8370	002b	cmp	r3,#0x0	nrf_atomic_internal_sub@000f8360
0x000f8372	f7d1	bne	0x000f8364	nrf_atomic_internal_sub@000f8360
0x000f8374	1560	str	r5,[r2,#0x0]	nrf_atomic_internal_sub@000f8360
0x000f8376	30bc	pop	{r4,r5}	nrf_atomic_internal_sub@000f8360
0x000f8378	7047	bx	lr	nrf_atomic_internal_sub@000f8360
0x000f837a	70b4	push	{r4,r5,r6}	nrf_atomic_internal_cmp_exch@000f837a
0x000f837c	0446	mov	r4,r0	nrf_atomic_internal_cmp_exch@000f837a
0x000f837e	4ff00000	mov.w	r0,#0x0	nrf_atomic_internal_cmp_exch@000f837a
0x000f8382	54e8006f	ldrex	r6,[r4,#0x0]	nrf_atomic_internal_cmp_exch@000f837a
0x000f8386	0d68	ldr	r5,[r1,#0x0]	nrf_atomic_internal_cmp_exch@000f837a
0x000f8388	ae42	cmp	r6,r5	nrf_atomic_internal_cmp_exch@000f837a
0x000f838a	07bf	ittee	eq	nrf_atomic_internal_cmp_exch@000f837a
0x000f838c	44e80023	strex.eq	r3,r2,[r4,#0x0]	nrf_atomic_internal_cmp_exch@000f837a
0x000f8390	0120	mov.eq	r0,#0x1	nrf_atomic_internal_cmp_exch@000f837a
0x000f8392	44e80063	strex.ne	r3,r6,[r4,#0x0]	nrf_atomic_internal_cmp_exch@000f837a
0x000f8396	0e60	str.ne	r6,[r1,#0x0]	nrf_atomic_internal_cmp_exch@000f837a
0x000f8398	002b	cmp	r3,#0x0	nrf_atomic_internal_cmp_exch@000f837a
0x000f839a	1cbf	itt	ne	nrf_atomic_internal_cmp_exch@000f837a
0x000f839c	0020	mov.ne	r0,#0x0	nrf_atomic_internal_cmp_exch@000f837a
0x000f839e	f0e7	b.ne	0x000f8382	nrf_atomic_internal_cmp_exch@000f837a
0x000f83a0	70bc	pop	{r4,r5,r6}	nrf_atomic_internal_cmp_exch@000f837a
0x000f83a2	7047	bx	lr	nrf_atomic_internal_cmp_exch@000f837a
0x000f83a4	30b4	push	{r4,r5}	nrf_atomic_internal_sub_hs@000f83a4
0x000f83a6	0446	mov	r4,r0	nrf_atomic_internal_sub_hs@000f83a4
0x000f83a8	54e8000f	ldrex	r0,[r4,#0x0]	nrf_atomic_internal_sub_hs@000f83a4
0x000f83ac	8842	cmp	r0,r1	nrf_atomic_internal_sub_hs@000f83a4
0x000f83ae	2cbf	ite	cs	nrf_atomic_internal_sub_hs@000f83a4
0x000f83b0	451a	sub.cs	r5,r0,r1	nrf_atomic_internal_sub_hs@000f83a4
0x000f83b2	0546	mov.cc	r5,r0	nrf_atomic_internal_sub_hs@000f83a4
0x000f83b4	44e80053	strex	r3,r5,[r4,#0x0]	nrf_atomic_internal_sub_hs@000f83a4
0x000f83b8	002b	cmp	r3,#0x0	nrf_atomic_internal_sub_hs@000f83a4
0x000f83ba	f5d1	bne	0x000f83a8	nrf_atomic_internal_sub_hs@000f83a4
0x000f83bc	1560	str	r5,[r2,#0x0]	nrf_atomic_internal_sub_hs@000f83a4
0x000f83be	30bc	pop	{r4,r5}	nrf_atomic_internal_sub_hs@000f83a4
0x000f83c0	7047	bx	lr	nrf_atomic_internal_sub_hs@000f83a4
0x000f83c4	1ef0040f	tst	lr,#0x4	SVC_Handler@000f83c4
0x000f83c8	0cbf	ite	eq	SVC_Handler@000f83c4
0x000f83ca	eff30880	mrs.eq	r0,msp	SVC_Handler@000f83c4
0x000f83ce	eff30980	mrs.ne	r0,psp	SVC_Handler@000f83c4
0x000f83d2	04f007b8	b.w	0x000fc3e4	SVC_Handler@000f83c4
0x000f83d8	0648	ldr	r0,[0x000f83f4]	Reset_Handler@000f83d8
0x000f83da	8047	blx	r0	Reset_Handler@000f83d8
0x000f83dc	0648	ldr	r0,[0x000f83f8]	Reset_Handler@000f83d8
0x000f83de	0047	bx	r0	Reset_Handler@000f83d8
0x000f83e0	fee7	b	0x000f83e0	NMI_Handler@000f83e0
0x000f83e2	fee7	b	0x000f83e2	HardFault_Handler@000f83e2
0x000f83e4	fee7	b	0x000f83e4	MemoryManagement_Handler@000f83e4
0x000f83e6	fee7	b	0x000f83e6	BusFault_Handler@000f83e6
0x000f83e8	fee7	b	0x000f83e8	UsageFault_Handler@000f83e8
0x000f83ec	fee7	b	0x000f83ec	DebugMon_Handler@000f83ec
0x000f83ee	fee7	b	0x000f83ee	PendSV_Handler@000f83ee
0x000f83f0	fee7	b	0x000f83f0	SysTick_Handler@000f83f0
0x000f83f2	fee7	b	0x000f83f2	Default_Handler@000f83f2
0x000f83fc	202a	cmp	r2,#0x20	armcc_runtime_lsl64@000f83fc
0x000f83fe	04db	blt	0x000f840a	armcc_runtime_lsl64@000f83fc
0x000f8400	203a	subs	r2,#0x20	armcc_runtime_lsl64@000f83fc
0x000f8402	00fa02f1	lsl.w	r1,r0,r2	armcc_runtime_lsl64@000f83fc
0x000f8406	0020	movs	r0,#0x0	armcc_runtime_lsl64@000f83fc
0x000f8408	7047	bx	lr	armcc_runtime_lsl64@000f83fc
0x000f840a	9140	lsls	r1,r2	armcc_runtime_lsl64@000f83fc
0x000f840c	c2f12003	rsb.w	r3,r2,#0x20	armcc_runtime_lsl64@000f83fc
0x000f8410	20fa03f3	lsr.w	r3,r0,r3	armcc_runtime_lsl64@000f83fc
0x000f8414	1943	orrs	r1,r3	armcc_runtime_lsl64@000f83fc
0x000f8416	9040	lsls	r0,r2	armcc_runtime_lsl64@000f83fc
0x000f8418	7047	bx	lr	armcc_runtime_lsl64@000f83fc
0x000f841a	10b5	push	{r4,lr}	memmove@000f841a
0x000f841c	441a	subs	r4,r0,r1	memmove@000f841a
0x000f841e	0346	mov	r3,r0	memmove@000f841a
0x000f8420	9442	cmp	r4,r2	memmove@000f841a
0x000f8422	09d2	bcs	0x000f8438	memmove@000f841a
0x000f8424	8418	adds	r4,r0,r2	memmove@000f841a
0x000f8426	1144	add	r1,r2	memmove@000f841a
0x000f8428	03e0	b	0x000f8432	memmove@000f841a
0x000f842a	11f8013d	ldrb.w	r3,[r1,#-0x1]!	memmove@000f841a
0x000f842e	04f8013d	strb.w	r3,[r4,#-0x1]!	memmove@000f841a
0x000f8432	521e	subs	r2,r2,#0x1	memmove@000f841a
0x000f8434	f9d2	bcs	0x000f842a	memmove@000f841a
0x000f8436	10bd	pop	{r4,pc}	memmove@000f841a
0x000f8438	40ea0104	orr.w	r4,r0,r1	memmove@000f841a
0x000f843c	a407	lsls	r4,r4,#0x1e	memmove@000f841a
0x000f843e	03d0	beq	0x000f8448	memmove@000f841a
0x000f8440	09e0	b	0x000f8456	memmove@000f841a
0x000f8442	10c9	ldmia	r1!,{r4}	memmove@000f841a
0x000f8444	121f	subs	r2,r2,#0x4	memmove@000f841a
0x000f8446	10c3	stmia	r3!,{r4}	memmove@000f841a
0x000f8448	042a	cmp	r2,#0x4	memmove@000f841a
0x000f844a	fad2	bcs	0x000f8442	memmove@000f841a
0x000f844c	03e0	b	0x000f8456	memmove@000f841a
0x000f844e	11f8014b	ldrb.w	r4,[r1],#0x1	memmove@000f841a
0x000f8452	03f8014b	strb.w	r4,[r3],#0x1	memmove@000f841a
0x000f8456	521e	subs	r2,r2,#0x1	memmove@000f841a
0x000f8458	f9d2	bcs	0x000f844e	memmove@000f841a
0x000f845a	10bd	pop	{r4,pc}	memmove@000f841a
0x000f845c	d2b2	uxtb	r2,r2	armcc_memset_core@000f845c
0x000f845e	01e0	b	0x000f8464	armcc_memset_core@000f845c
0x000f8460	00f8012b	strb.w	r2,[r0],#0x1	armcc_memset_core@000f845c
0x000f8464	491e	subs	r1,r1,#0x1	armcc_memset_core@000f845c
0x000f8466	fbd2	bcs	0x000f8460	armcc_memset_core@000f845c
0x000f8468	7047	bx	lr	armcc_memset_core@000f845c
0x000f846a	0022	movs	r2,#0x0	armcc_memclr@000f846a
0x000f846c	f6e7	b	0x000f845c	armcc_memclr@000f846a
0x000f846e	10b5	push	{r4,lr}	memset@000f846e
0x000f8470	1346	mov	r3,r2	memset@000f846e
0x000f8472	0a46	mov	r2,r1	memset@000f846e
0x000f8474	0446	mov	r4,r0	memset@000f846e
0x000f8476	1946	mov	r1,r3	memset@000f846e
0x000f8478	fff7f0ff	bl	0x000f845c	memset@000f846e
0x000f847c	2046	mov	r0,r4	memset@000f846e
0x000f847e	10bd	pop	{r4,pc}	memset@000f846e
0x000f8480	421c	adds	r2,r0,#0x1	strlen@000f8480
0x000f8482	10f8011b	ldrb.w	r1,[r0],#0x1	strlen@000f8480
0x000f8486	0029	cmp	r1,#0x0	strlen@000f8480
0x000f8488	fbd1	bne	0x000f8482	strlen@000f8480
0x000f848a	801a	subs	r0,r0,r2	strlen@000f8480
0x000f848c	7047	bx	lr	strlen@000f8480
0x000f848e	30b5	push	{r4,r5,lr}	memcmp@000f848e
0x000f8490	0446	mov	r4,r0	memcmp@000f848e
0x000f8492	0020	movs	r0,#0x0	memcmp@000f848e
0x000f8494	0346	mov	r3,r0	memcmp@000f848e
0x000f8496	00e0	b	0x000f849a	memcmp@000f848e
0x000f8498	5b1c	adds	r3,r3,#0x1	memcmp@000f848e
0x000f849a	9342	cmp	r3,r2	memcmp@000f848e
0x000f849c	03d2	bcs	0x000f84a6	memcmp@000f848e
0x000f849e	e05c	ldrb	r0,[r4,r3]	memcmp@000f848e
0x000f84a0	cd5c	ldrb	r5,[r1,r3]	memcmp@000f848e
0x000f84a2	401b	subs	r0,r0,r5	memcmp@000f848e
0x000f84a4	f8d0	beq	0x000f8498	memcmp@000f848e
0x000f84a6	30bd	pop	{r4,r5,pc}	memcmp@000f848e
0x000f84a8	30b5	push	{r4,r5,lr}	strncmp@000f84a8
0x000f84aa	0546	mov	r5,r0	strncmp@000f84a8
0x000f84ac	0020	movs	r0,#0x0	strncmp@000f84a8
0x000f84ae	0346	mov	r3,r0	strncmp@000f84a8
0x000f84b0	00e0	b	0x000f84b4	strncmp@000f84a8
0x000f84b2	5b1c	adds	r3,r3,#0x1	strncmp@000f84a8
0x000f84b4	9342	cmp	r3,r2	strncmp@000f84a8
0x000f84b6	05d2	bcs	0x000f84c4	strncmp@000f84a8
0x000f84b8	ec5c	ldrb	r4,[r5,r3]	strncmp@000f84a8
0x000f84ba	c85c	ldrb	r0,[r1,r3]	strncmp@000f84a8
0x000f84bc	201a	subs	r0,r4,r0	strncmp@000f84a8
0x000f84be	01d1	bne	0x000f84c4	strncmp@000f84a8
0x000f84c0	002c	cmp	r4,#0x0	strncmp@000f84a8
0x000f84c2	f6d1	bne	0x000f84b2	strncmp@000f84a8
0x000f84c4	30bd	pop	{r4,r5,pc}	strncmp@000f84a8
0x000f84c8	064c	ldr	r4,[0x000f84e4]	armcc_scatterload@000f84c8
0x000f84ca	074d	ldr	r5,[0x000f84e8]	armcc_scatterload@000f84c8
0x000f84cc	06e0	b	0x000f84dc	armcc_scatterload@000f84c8
0x000f84ce	e068	ldr	r0,[r4,#0xc]	armcc_scatterload@000f84c8
0x000f84d0	40f00103	orr	r3,r0,#0x1	armcc_scatterload@000f84c8
0x000f84d4	94e80700	ldm.w	r4,{r0,r1,r2}	armcc_scatterload@000f84c8
0x000f84d8	9847	blx	r3	armcc_scatterload@000f84c8
0x000f84da	1034	adds	r4,#0x10	armcc_scatterload@000f84c8
0x000f84dc	ac42	cmp	r4,r5	armcc_scatterload@000f84c8
0x000f84de	f6d3	bcc	0x000f84ce	armcc_scatterload@000f84c8
0x000f84e0	fff792fe	bl	0x000f8208	armcc_scatterload@000f84c8
0x000f84e4	1cde	udf	#0x1c	armcc_scatterload@000f84c8
0x000f84ec	054b	ldr	r3,[0x000f8504]	CRYPTOCELL_IRQHandler@000f84ec
0x000f84ee	4ff0ff32	mov.w	r2,#0xffffffff	CRYPTOCELL_IRQHandler@000f84ec
0x000f84f2	1a60	str	r2,[r3,#0x0]	CRYPTOCELL_IRQHandler@000f84ec
0x000f84f4	53f8042c	ldr.w	r2,[r3,#-0x4]	CRYPTOCELL_IRQHandler@000f84ec
0x000f84f8	034b	ldr	r3,[0x000f8508]	CRYPTOCELL_IRQHandler@000f84ec
0x000f84fa	1a60	str	r2,[r3,#0x0]	CRYPTOCELL_IRQHandler@000f84ec
0x000f84fc	1a68	ldr	r2,[r3,#0x0]	CRYPTOCELL_IRQHandler@000f84ec
0x000f84fe	034b	ldr	r3,[0x000f850c]	CRYPTOCELL_IRQHandler@000f84ec
0x000f8500	1a60	str	r2,[r3,#0x0]	CRYPTOCELL_IRQHandler@000f84ec
0x000f8502	7047	bx	lr	CRYPTOCELL_IRQHandler@000f84ec
0x000f8510	01eb8202	add.w	r2,r1,r2, lsl #0x2	CRYS_COMMON_ReverseMemcpy32@000f8510
0x000f8514	0438	subs	r0,#0x4	CRYS_COMMON_ReverseMemcpy32@000f8510
0x000f8516	8a42	cmp	r2,r1	CRYS_COMMON_ReverseMemcpy32@000f8510
0x000f8518	01d1	bne	0x000f851e	CRYS_COMMON_ReverseMemcpy32@000f8510
0x000f851a	0020	movs	r0,#0x0	CRYS_COMMON_ReverseMemcpy32@000f8510
0x000f851c	7047	bx	lr	CRYS_COMMON_ReverseMemcpy32@000f8510
0x000f851e	52f8043d	ldr.w	r3,[r2,#-0x4]!	CRYS_COMMON_ReverseMemcpy32@000f8510
0x000f8522	1bba	rev	r3,r3	CRYS_COMMON_ReverseMemcpy32@000f8510
0x000f8524	40f8043f	str.w	r3,[r0,#0x4]!	CRYS_COMMON_ReverseMemcpy32@000f8510
0x000f8528	f5e7	b	0x000f8516	CRYS_COMMON_ReverseMemcpy32@000f8510
0x000f852c	354b	ldr	r3,[0x000f8604]	PkaAddAff@000f852c
0x000f852e	8eb0	sub	sp,#0x38	PkaAddAff@000f852c
0x000f8530	1946	mov	r1,r3	PkaAddAff@000f852c
0x000f8532	1a68	ldr	r2,[r3,#0x0]	PkaAddAff@000f852c
0x000f8534	0092	str	r2,[sp,#0x0]	PkaAddAff@000f852c
0x000f8536	009a	ldr	r2,[sp,#0x0]	PkaAddAff@000f852c
0x000f8538	d207	lsls	r2,r2,#0x1f	PkaAddAff@000f852c
0x000f853a	fad5	bpl	0x000f8532	PkaAddAff@000f852c
0x000f853c	324b	ldr	r3,[0x000f8608]	PkaAddAff@000f852c
0x000f853e	334a	ldr	r2,[0x000f860c]	PkaAddAff@000f852c
0x000f8540	1a60	str	r2,[r3,#0x0]	PkaAddAff@000f852c
0x000f8542	0a68	ldr	r2,[r1,#0x0]	PkaAddAff@000f852c
0x000f8544	0192	str	r2,[sp,#0x4]	PkaAddAff@000f852c
0x000f8546	019a	ldr	r2,[sp,#0x4]	PkaAddAff@000f852c
0x000f8548	d007	lsls	r0,r2,#0x1f	PkaAddAff@000f852c
0x000f854a	fad5	bpl	0x000f8542	PkaAddAff@000f852c
0x000f854c	304a	ldr	r2,[0x000f8610]	PkaAddAff@000f852c
0x000f854e	1a60	str	r2,[r3,#0x0]	PkaAddAff@000f852c
0x000f8550	0a68	ldr	r2,[r1,#0x0]	PkaAddAff@000f852c
0x000f8552	0292	str	r2,[sp,#0x8]	PkaAddAff@000f852c
0x000f8554	029a	ldr	r2,[sp,#0x8]	PkaAddAff@000f852c
0x000f8556	d207	lsls	r2,r2,#0x1f	PkaAddAff@000f852c
0x000f8558	fad5	bpl	0x000f8550	PkaAddAff@000f852c
0x000f855a	2e4a	ldr	r2,[0x000f8614]	PkaAddAff@000f852c
0x000f855c	1a60	str	r2,[r3,#0x0]	PkaAddAff@000f852c
0x000f855e	0a68	ldr	r2,[r1,#0x0]	PkaAddAff@000f852c
0x000f8560	0392	str	r2,[sp,#0xc]	PkaAddAff@000f852c
0x000f8562	039a	ldr	r2,[sp,#0xc]	PkaAddAff@000f852c
0x000f8564	d007	lsls	r0,r2,#0x1f	PkaAddAff@000f852c
0x000f8566	fad5	bpl	0x000f855e	PkaAddAff@000f852c
0x000f8568	2b4a	ldr	r2,[0x000f8618]	PkaAddAff@000f852c
0x000f856a	1a60	str	r2,[r3,#0x0]	PkaAddAff@000f852c
0x000f856c	0a68	ldr	r2,[r1,#0x0]	PkaAddAff@000f852c
0x000f856e	0492	str	r2,[sp,#0x10]	PkaAddAff@000f852c
0x000f8570	049a	ldr	r2,[sp,#0x10]	PkaAddAff@000f852c
0x000f8572	d207	lsls	r2,r2,#0x1f	PkaAddAff@000f852c
0x000f8574	fad5	bpl	0x000f856c	PkaAddAff@000f852c
0x000f8576	294a	ldr	r2,[0x000f861c]	PkaAddAff@000f852c
0x000f8578	1a60	str	r2,[r3,#0x0]	PkaAddAff@000f852c
0x000f857a	0a68	ldr	r2,[r1,#0x0]	PkaAddAff@000f852c
0x000f857c	0592	str	r2,[sp,#0x14]	PkaAddAff@000f852c
0x000f857e	059a	ldr	r2,[sp,#0x14]	PkaAddAff@000f852c
0x000f8580	d007	lsls	r0,r2,#0x1f	PkaAddAff@000f852c
0x000f8582	fad5	bpl	0x000f857a	PkaAddAff@000f852c
0x000f8584	264a	ldr	r2,[0x000f8620]	PkaAddAff@000f852c
0x000f8586	1a60	str	r2,[r3,#0x0]	PkaAddAff@000f852c
0x000f8588	0a68	ldr	r2,[r1,#0x0]	PkaAddAff@000f852c
0x000f858a	0692	str	r2,[sp,#0x18]	PkaAddAff@000f852c
0x000f858c	069a	ldr	r2,[sp,#0x18]	PkaAddAff@000f852c
0x000f858e	d207	lsls	r2,r2,#0x1f	PkaAddAff@000f852c
0x000f8590	fad5	bpl	0x000f8588	PkaAddAff@000f852c
0x000f8592	244a	ldr	r2,[0x000f8624]	PkaAddAff@000f852c
0x000f8594	1a60	str	r2,[r3,#0x0]	PkaAddAff@000f852c
0x000f8596	0a68	ldr	r2,[r1,#0x0]	PkaAddAff@000f852c
0x000f8598	0792	str	r2,[sp,#0x1c]	PkaAddAff@000f852c
0x000f859a	079a	ldr	r2,[sp,#0x1c]	PkaAddAff@000f852c
0x000f859c	d007	lsls	r0,r2,#0x1f	PkaAddAff@000f852c
0x000f859e	fad5	bpl	0x000f8596	PkaAddAff@000f852c
0x000f85a0	214a	ldr	r2,[0x000f8628]	PkaAddAff@000f852c
0x000f85a2	1a60	str	r2,[r3,#0x0]	PkaAddAff@000f852c
0x000f85a4	0a68	ldr	r2,[r1,#0x0]	PkaAddAff@000f852c
0x000f85a6	0892	str	r2,[sp,#0x20]	PkaAddAff@000f852c
0x000f85a8	089a	ldr	r2,[sp,#0x20]	PkaAddAff@000f852c
0x000f85aa	d207	lsls	r2,r2,#0x1f	PkaAddAff@000f852c
0x000f85ac	fad5	bpl	0x000f85a4	PkaAddAff@000f852c
0x000f85ae	1f4a	ldr	r2,[0x000f862c]	PkaAddAff@000f852c
0x000f85b0	1a60	str	r2,[r3,#0x0]	PkaAddAff@000f852c
0x000f85b2	0a68	ldr	r2,[r1,#0x0]	PkaAddAff@000f852c
0x000f85b4	0992	str	r2,[sp,#0x24]	PkaAddAff@000f852c
0x000f85b6	099a	ldr	r2,[sp,#0x24]	PkaAddAff@000f852c
0x000f85b8	d007	lsls	r0,r2,#0x1f	PkaAddAff@000f852c
0x000f85ba	fad5	bpl	0x000f85b2	PkaAddAff@000f852c
0x000f85bc	1c4a	ldr	r2,[0x000f8630]	PkaAddAff@000f852c
0x000f85be	1a60	str	r2,[r3,#0x0]	PkaAddAff@000f852c
0x000f85c0	0a68	ldr	r2,[r1,#0x0]	PkaAddAff@000f852c
0x000f85c2	0a92	str	r2,[sp,#0x28]	PkaAddAff@000f852c
0x000f85c4	0a9a	ldr	r2,[sp,#0x28]	PkaAddAff@000f852c
0x000f85c6	d207	lsls	r2,r2,#0x1f	PkaAddAff@000f852c
0x000f85c8	fad5	bpl	0x000f85c0	PkaAddAff@000f852c
0x000f85ca	1a4a	ldr	r2,[0x000f8634]	PkaAddAff@000f852c
0x000f85cc	1a60	str	r2,[r3,#0x0]	PkaAddAff@000f852c
0x000f85ce	0868	ldr	r0,[r1,#0x0]	PkaAddAff@000f852c
0x000f85d0	0b90	str	r0,[sp,#0x2c]	PkaAddAff@000f852c
0x000f85d2	0b98	ldr	r0,[sp,#0x2c]	PkaAddAff@000f852c
0x000f85d4	c007	lsls	r0,r0,#0x1f	PkaAddAff@000f852c
0x000f85d6	fad5	bpl	0x000f85ce	PkaAddAff@000f852c
0x000f85d8	1a60	str	r2,[r3,#0x0]	PkaAddAff@000f852c
0x000f85da	0a68	ldr	r2,[r1,#0x0]	PkaAddAff@000f852c
0x000f85dc	0c92	str	r2,[sp,#0x30]	PkaAddAff@000f852c
0x000f85de	0c9a	ldr	r2,[sp,#0x30]	PkaAddAff@000f852c
0x000f85e0	d007	lsls	r0,r2,#0x1f	PkaAddAff@000f852c
0x000f85e2	fad5	bpl	0x000f85da	PkaAddAff@000f852c
0x000f85e4	144a	ldr	r2,[0x000f8638]	PkaAddAff@000f852c
0x000f85e6	1a60	str	r2,[r3,#0x0]	PkaAddAff@000f852c
0x000f85e8	0a68	ldr	r2,[r1,#0x0]	PkaAddAff@000f852c
0x000f85ea	0d92	str	r2,[sp,#0x34]	PkaAddAff@000f852c
0x000f85ec	0d9a	ldr	r2,[sp,#0x34]	PkaAddAff@000f852c
0x000f85ee	d207	lsls	r2,r2,#0x1f	PkaAddAff@000f852c
0x000f85f0	fad5	bpl	0x000f85e8	PkaAddAff@000f852c
0x000f85f2	124a	ldr	r2,[0x000f863c]	PkaAddAff@000f852c
0x000f85f4	1a60	str	r2,[r3,#0x0]	PkaAddAff@000f852c
0x000f85f6	0e21	movs	r1,#0xe	PkaAddAff@000f852c
0x000f85f8	0d23	movs	r3,#0xd	PkaAddAff@000f852c
0x000f85fa	0f22	movs	r2,#0xf	PkaAddAff@000f852c
0x000f85fc	0020	movs	r0,#0x0	PkaAddAff@000f852c
0x000f85fe	0eb0	add	sp,#0x38	PkaAddAff@000f852c
0x000f8600	00f090bd	b.w	0x000f9124	PkaAddAff@000f852c
0x000f8640	10b5	push	{r4,lr}	PkaAddJcbAfn2Mdf@000f8640
0x000f8642	504b	ldr	r3,[0x000f8784]	PkaAddJcbAfn2Mdf@000f8640
0x000f8644	96b0	sub	sp,#0x58	PkaAddJcbAfn2Mdf@000f8640
0x000f8646	1c46	mov	r4,r3	PkaAddJcbAfn2Mdf@000f8640
0x000f8648	1a68	ldr	r2,[r3,#0x0]	PkaAddJcbAfn2Mdf@000f8640
0x000f864a	0192	str	r2,[sp,#0x4]	PkaAddJcbAfn2Mdf@000f8640
0x000f864c	019a	ldr	r2,[sp,#0x4]	PkaAddJcbAfn2Mdf@000f8640
0x000f864e	d207	lsls	r2,r2,#0x1f	PkaAddJcbAfn2Mdf@000f8640
0x000f8650	fad5	bpl	0x000f8648	PkaAddJcbAfn2Mdf@000f8640
0x000f8652	4d4b	ldr	r3,[0x000f8788]	PkaAddJcbAfn2Mdf@000f8640
0x000f8654	4d4a	ldr	r2,[0x000f878c]	PkaAddJcbAfn2Mdf@000f8640
0x000f8656	1a60	str	r2,[r3,#0x0]	PkaAddJcbAfn2Mdf@000f8640
0x000f8658	2268	ldr	r2,[r4,#0x0]	PkaAddJcbAfn2Mdf@000f8640
0x000f865a	0292	str	r2,[sp,#0x8]	PkaAddJcbAfn2Mdf@000f8640
0x000f865c	029a	ldr	r2,[sp,#0x8]	PkaAddJcbAfn2Mdf@000f8640
0x000f865e	d207	lsls	r2,r2,#0x1f	PkaAddJcbAfn2Mdf@000f8640
0x000f8660	fad5	bpl	0x000f8658	PkaAddJcbAfn2Mdf@000f8640
0x000f8662	4b4a	ldr	r2,[0x000f8790]	PkaAddJcbAfn2Mdf@000f8640
0x000f8664	1a60	str	r2,[r3,#0x0]	PkaAddJcbAfn2Mdf@000f8640
0x000f8666	4b4a	ldr	r2,[0x000f8794]	PkaAddJcbAfn2Mdf@000f8640
0x000f8668	42ea8040	orr.w	r0,r2,r0, lsl #0x12	PkaAddJcbAfn2Mdf@000f8640
0x000f866c	2268	ldr	r2,[r4,#0x0]	PkaAddJcbAfn2Mdf@000f8640
0x000f866e	0392	str	r2,[sp,#0xc]	PkaAddJcbAfn2Mdf@000f8640
0x000f8670	039a	ldr	r2,[sp,#0xc]	PkaAddJcbAfn2Mdf@000f8640
0x000f8672	d207	lsls	r2,r2,#0x1f	PkaAddJcbAfn2Mdf@000f8640
0x000f8674	fad5	bpl	0x000f866c	PkaAddJcbAfn2Mdf@000f8640
0x000f8676	1860	str	r0,[r3,#0x0]	PkaAddJcbAfn2Mdf@000f8640
0x000f8678	2268	ldr	r2,[r4,#0x0]	PkaAddJcbAfn2Mdf@000f8640
0x000f867a	0492	str	r2,[sp,#0x10]	PkaAddJcbAfn2Mdf@000f8640
0x000f867c	049a	ldr	r2,[sp,#0x10]	PkaAddJcbAfn2Mdf@000f8640
0x000f867e	d007	lsls	r0,r2,#0x1f	PkaAddJcbAfn2Mdf@000f8640
0x000f8680	fad5	bpl	0x000f8678	PkaAddJcbAfn2Mdf@000f8640
0x000f8682	454a	ldr	r2,[0x000f8798]	PkaAddJcbAfn2Mdf@000f8640
0x000f8684	1a60	str	r2,[r3,#0x0]	PkaAddJcbAfn2Mdf@000f8640
0x000f8686	a2f58002	sub.w	r2,r2,#0x400000	PkaAddJcbAfn2Mdf@000f8640
0x000f868a	42ea8141	orr.w	r1,r2,r1, lsl #0x12	PkaAddJcbAfn2Mdf@000f8640
0x000f868e	2268	ldr	r2,[r4,#0x0]	PkaAddJcbAfn2Mdf@000f8640
0x000f8690	0592	str	r2,[sp,#0x14]	PkaAddJcbAfn2Mdf@000f8640
0x000f8692	059a	ldr	r2,[sp,#0x14]	PkaAddJcbAfn2Mdf@000f8640
0x000f8694	d207	lsls	r2,r2,#0x1f	PkaAddJcbAfn2Mdf@000f8640
0x000f8696	fad5	bpl	0x000f868e	PkaAddJcbAfn2Mdf@000f8640
0x000f8698	1960	str	r1,[r3,#0x0]	PkaAddJcbAfn2Mdf@000f8640
0x000f869a	2268	ldr	r2,[r4,#0x0]	PkaAddJcbAfn2Mdf@000f8640
0x000f869c	0692	str	r2,[sp,#0x18]	PkaAddJcbAfn2Mdf@000f8640
0x000f869e	069a	ldr	r2,[sp,#0x18]	PkaAddJcbAfn2Mdf@000f8640
0x000f86a0	d007	lsls	r0,r2,#0x1f	PkaAddJcbAfn2Mdf@000f8640
0x000f86a2	fad5	bpl	0x000f869a	PkaAddJcbAfn2Mdf@000f8640
0x000f86a4	3d4a	ldr	r2,[0x000f879c]	PkaAddJcbAfn2Mdf@000f8640
0x000f86a6	1a60	str	r2,[r3,#0x0]	PkaAddJcbAfn2Mdf@000f8640
0x000f86a8	2268	ldr	r2,[r4,#0x0]	PkaAddJcbAfn2Mdf@000f8640
0x000f86aa	0792	str	r2,[sp,#0x1c]	PkaAddJcbAfn2Mdf@000f8640
0x000f86ac	079a	ldr	r2,[sp,#0x1c]	PkaAddJcbAfn2Mdf@000f8640
0x000f86ae	d107	lsls	r1,r2,#0x1f	PkaAddJcbAfn2Mdf@000f8640
0x000f86b0	fad5	bpl	0x000f86a8	PkaAddJcbAfn2Mdf@000f8640
0x000f86b2	3b4a	ldr	r2,[0x000f87a0]	PkaAddJcbAfn2Mdf@000f8640
0x000f86b4	1a60	str	r2,[r3,#0x0]	PkaAddJcbAfn2Mdf@000f8640
0x000f86b6	2268	ldr	r2,[r4,#0x0]	PkaAddJcbAfn2Mdf@000f8640
0x000f86b8	0892	str	r2,[sp,#0x20]	PkaAddJcbAfn2Mdf@000f8640
0x000f86ba	089a	ldr	r2,[sp,#0x20]	PkaAddJcbAfn2Mdf@000f8640
0x000f86bc	d207	lsls	r2,r2,#0x1f	PkaAddJcbAfn2Mdf@000f8640
0x000f86be	fad5	bpl	0x000f86b6	PkaAddJcbAfn2Mdf@000f8640
0x000f86c0	384a	ldr	r2,[0x000f87a4]	PkaAddJcbAfn2Mdf@000f8640
0x000f86c2	1a60	str	r2,[r3,#0x0]	PkaAddJcbAfn2Mdf@000f8640
0x000f86c4	2268	ldr	r2,[r4,#0x0]	PkaAddJcbAfn2Mdf@000f8640
0x000f86c6	0992	str	r2,[sp,#0x24]	PkaAddJcbAfn2Mdf@000f8640
0x000f86c8	099a	ldr	r2,[sp,#0x24]	PkaAddJcbAfn2Mdf@000f8640
0x000f86ca	d007	lsls	r0,r2,#0x1f	PkaAddJcbAfn2Mdf@000f8640
0x000f86cc	fad5	bpl	0x000f86c4	PkaAddJcbAfn2Mdf@000f8640
0x000f86ce	364a	ldr	r2,[0x000f87a8]	PkaAddJcbAfn2Mdf@000f8640
0x000f86d0	1a60	str	r2,[r3,#0x0]	PkaAddJcbAfn2Mdf@000f8640
0x000f86d2	2268	ldr	r2,[r4,#0x0]	PkaAddJcbAfn2Mdf@000f8640
0x000f86d4	0a92	str	r2,[sp,#0x28]	PkaAddJcbAfn2Mdf@000f8640
0x000f86d6	0a9a	ldr	r2,[sp,#0x28]	PkaAddJcbAfn2Mdf@000f8640
0x000f86d8	d107	lsls	r1,r2,#0x1f	PkaAddJcbAfn2Mdf@000f8640
0x000f86da	fad5	bpl	0x000f86d2	PkaAddJcbAfn2Mdf@000f8640
0x000f86dc	334a	ldr	r2,[0x000f87ac]	PkaAddJcbAfn2Mdf@000f8640
0x000f86de	1a60	str	r2,[r3,#0x0]	PkaAddJcbAfn2Mdf@000f8640
0x000f86e0	2268	ldr	r2,[r4,#0x0]	PkaAddJcbAfn2Mdf@000f8640
0x000f86e2	0b92	str	r2,[sp,#0x2c]	PkaAddJcbAfn2Mdf@000f8640
0x000f86e4	0b9a	ldr	r2,[sp,#0x2c]	PkaAddJcbAfn2Mdf@000f8640
0x000f86e6	d207	lsls	r2,r2,#0x1f	PkaAddJcbAfn2Mdf@000f8640
0x000f86e8	fad5	bpl	0x000f86e0	PkaAddJcbAfn2Mdf@000f8640
0x000f86ea	314a	ldr	r2,[0x000f87b0]	PkaAddJcbAfn2Mdf@000f8640
0x000f86ec	1a60	str	r2,[r3,#0x0]	PkaAddJcbAfn2Mdf@000f8640
0x000f86ee	2268	ldr	r2,[r4,#0x0]	PkaAddJcbAfn2Mdf@000f8640
0x000f86f0	0c92	str	r2,[sp,#0x30]	PkaAddJcbAfn2Mdf@000f8640
0x000f86f2	0c9a	ldr	r2,[sp,#0x30]	PkaAddJcbAfn2Mdf@000f8640
0x000f86f4	d007	lsls	r0,r2,#0x1f	PkaAddJcbAfn2Mdf@000f8640
0x000f86f6	fad5	bpl	0x000f86ee	PkaAddJcbAfn2Mdf@000f8640
0x000f86f8	2e4a	ldr	r2,[0x000f87b4]	PkaAddJcbAfn2Mdf@000f8640
0x000f86fa	1a60	str	r2,[r3,#0x0]	PkaAddJcbAfn2Mdf@000f8640
0x000f86fc	2268	ldr	r2,[r4,#0x0]	PkaAddJcbAfn2Mdf@000f8640
0x000f86fe	0d92	str	r2,[sp,#0x34]	PkaAddJcbAfn2Mdf@000f8640
0x000f8700	0d9a	ldr	r2,[sp,#0x34]	PkaAddJcbAfn2Mdf@000f8640
0x000f8702	d107	lsls	r1,r2,#0x1f	PkaAddJcbAfn2Mdf@000f8640
0x000f8704	fad5	bpl	0x000f86fc	PkaAddJcbAfn2Mdf@000f8640
0x000f8706	2c4a	ldr	r2,[0x000f87b8]	PkaAddJcbAfn2Mdf@000f8640
0x000f8708	1a60	str	r2,[r3,#0x0]	PkaAddJcbAfn2Mdf@000f8640
0x000f870a	2268	ldr	r2,[r4,#0x0]	PkaAddJcbAfn2Mdf@000f8640
0x000f870c	0e92	str	r2,[sp,#0x38]	PkaAddJcbAfn2Mdf@000f8640
0x000f870e	0e9a	ldr	r2,[sp,#0x38]	PkaAddJcbAfn2Mdf@000f8640
0x000f8710	d207	lsls	r2,r2,#0x1f	PkaAddJcbAfn2Mdf@000f8640
0x000f8712	fad5	bpl	0x000f870a	PkaAddJcbAfn2Mdf@000f8640
0x000f8714	294a	ldr	r2,[0x000f87bc]	PkaAddJcbAfn2Mdf@000f8640
0x000f8716	1a60	str	r2,[r3,#0x0]	PkaAddJcbAfn2Mdf@000f8640
0x000f8718	2268	ldr	r2,[r4,#0x0]	PkaAddJcbAfn2Mdf@000f8640
0x000f871a	0f92	str	r2,[sp,#0x3c]	PkaAddJcbAfn2Mdf@000f8640
0x000f871c	0f9a	ldr	r2,[sp,#0x3c]	PkaAddJcbAfn2Mdf@000f8640
0x000f871e	d007	lsls	r0,r2,#0x1f	PkaAddJcbAfn2Mdf@000f8640
0x000f8720	fad5	bpl	0x000f8718	PkaAddJcbAfn2Mdf@000f8640
0x000f8722	274a	ldr	r2,[0x000f87c0]	PkaAddJcbAfn2Mdf@000f8640
0x000f8724	1a60	str	r2,[r3,#0x0]	PkaAddJcbAfn2Mdf@000f8640
0x000f8726	2168	ldr	r1,[r4,#0x0]	PkaAddJcbAfn2Mdf@000f8640
0x000f8728	1091	str	r1,[sp,#0x40]	PkaAddJcbAfn2Mdf@000f8640
0x000f872a	1099	ldr	r1,[sp,#0x40]	PkaAddJcbAfn2Mdf@000f8640
0x000f872c	c907	lsls	r1,r1,#0x1f	PkaAddJcbAfn2Mdf@000f8640
0x000f872e	fad5	bpl	0x000f8726	PkaAddJcbAfn2Mdf@000f8640
0x000f8730	1a60	str	r2,[r3,#0x0]	PkaAddJcbAfn2Mdf@000f8640
0x000f8732	144b	ldr	r3,[0x000f8784]	PkaAddJcbAfn2Mdf@000f8640
0x000f8734	1a46	mov	r2,r3	PkaAddJcbAfn2Mdf@000f8640
0x000f8736	1968	ldr	r1,[r3,#0x0]	PkaAddJcbAfn2Mdf@000f8640
0x000f8738	1191	str	r1,[sp,#0x44]	PkaAddJcbAfn2Mdf@000f8640
0x000f873a	1199	ldr	r1,[sp,#0x44]	PkaAddJcbAfn2Mdf@000f8640
0x000f873c	c807	lsls	r0,r1,#0x1f	PkaAddJcbAfn2Mdf@000f8640
0x000f873e	fad5	bpl	0x000f8736	PkaAddJcbAfn2Mdf@000f8640
0x000f8740	114b	ldr	r3,[0x000f8788]	PkaAddJcbAfn2Mdf@000f8640
0x000f8742	2049	ldr	r1,[0x000f87c4]	PkaAddJcbAfn2Mdf@000f8640
0x000f8744	1960	str	r1,[r3,#0x0]	PkaAddJcbAfn2Mdf@000f8640
0x000f8746	1168	ldr	r1,[r2,#0x0]	PkaAddJcbAfn2Mdf@000f8640
0x000f8748	1291	str	r1,[sp,#0x48]	PkaAddJcbAfn2Mdf@000f8640
0x000f874a	1299	ldr	r1,[sp,#0x48]	PkaAddJcbAfn2Mdf@000f8640
0x000f874c	c907	lsls	r1,r1,#0x1f	PkaAddJcbAfn2Mdf@000f8640
0x000f874e	fad5	bpl	0x000f8746	PkaAddJcbAfn2Mdf@000f8640
0x000f8750	1d49	ldr	r1,[0x000f87c8]	PkaAddJcbAfn2Mdf@000f8640
0x000f8752	1960	str	r1,[r3,#0x0]	PkaAddJcbAfn2Mdf@000f8640
0x000f8754	1168	ldr	r1,[r2,#0x0]	PkaAddJcbAfn2Mdf@000f8640
0x000f8756	1391	str	r1,[sp,#0x4c]	PkaAddJcbAfn2Mdf@000f8640
0x000f8758	1399	ldr	r1,[sp,#0x4c]	PkaAddJcbAfn2Mdf@000f8640
0x000f875a	cc07	lsls	r4,r1,#0x1f	PkaAddJcbAfn2Mdf@000f8640
0x000f875c	fad5	bpl	0x000f8754	PkaAddJcbAfn2Mdf@000f8640
0x000f875e	0b49	ldr	r1,[0x000f878c]	PkaAddJcbAfn2Mdf@000f8640
0x000f8760	1960	str	r1,[r3,#0x0]	PkaAddJcbAfn2Mdf@000f8640
0x000f8762	1168	ldr	r1,[r2,#0x0]	PkaAddJcbAfn2Mdf@000f8640
0x000f8764	1491	str	r1,[sp,#0x50]	PkaAddJcbAfn2Mdf@000f8640
0x000f8766	1499	ldr	r1,[sp,#0x50]	PkaAddJcbAfn2Mdf@000f8640
0x000f8768	c807	lsls	r0,r1,#0x1f	PkaAddJcbAfn2Mdf@000f8640
0x000f876a	fad5	bpl	0x000f8762	PkaAddJcbAfn2Mdf@000f8640
0x000f876c	1749	ldr	r1,[0x000f87cc]	PkaAddJcbAfn2Mdf@000f8640
0x000f876e	1960	str	r1,[r3,#0x0]	PkaAddJcbAfn2Mdf@000f8640
0x000f8770	1168	ldr	r1,[r2,#0x0]	PkaAddJcbAfn2Mdf@000f8640
0x000f8772	1591	str	r1,[sp,#0x54]	PkaAddJcbAfn2Mdf@000f8640
0x000f8774	1599	ldr	r1,[sp,#0x54]	PkaAddJcbAfn2Mdf@000f8640
0x000f8776	c907	lsls	r1,r1,#0x1f	PkaAddJcbAfn2Mdf@000f8640
0x000f8778	fad5	bpl	0x000f8770	PkaAddJcbAfn2Mdf@000f8640
0x000f877a	154a	ldr	r2,[0x000f87d0]	PkaAddJcbAfn2Mdf@000f8640
0x000f877c	1a60	str	r2,[r3,#0x0]	PkaAddJcbAfn2Mdf@000f8640
0x000f877e	16b0	add	sp,#0x58	PkaAddJcbAfn2Mdf@000f8640
0x000f8780	10bd	pop	{r4,pc}	PkaAddJcbAfn2Mdf@000f8640
0x000f87d4	2de9f041	push	{r4,r5,r6,r7,r8,lr}	PkaClearBlockOfRegs@000f87d4
0x000f87d8	484b	ldr	r3,[0x000f88fc]	PkaClearBlockOfRegs@000f87d4
0x000f87da	88b0	sub	sp,#0x20	PkaClearBlockOfRegs@000f87d4
0x000f87dc	1c46	mov	r4,r3	PkaClearBlockOfRegs@000f87d4
0x000f87de	1d68	ldr	r5,[r3,#0x0]	PkaClearBlockOfRegs@000f87d4
0x000f87e0	0195	str	r5,[sp,#0x4]	PkaClearBlockOfRegs@000f87d4
0x000f87e2	019d	ldr	r5,[sp,#0x4]	PkaClearBlockOfRegs@000f87d4
0x000f87e4	ef07	lsls	r7,r5,#0x1f	PkaClearBlockOfRegs@000f87d4
0x000f87e6	fad5	bpl	0x000f87de	PkaClearBlockOfRegs@000f87d4
0x000f87e8	454b	ldr	r3,[0x000f8900]	PkaClearBlockOfRegs@000f87d4
0x000f87ea	dff820e1	ldr.w	lr,[0x000f890c]	PkaClearBlockOfRegs@000f87d4
0x000f87ee	454f	ldr	r7,[0x000f8904]	PkaClearBlockOfRegs@000f87d4
0x000f87f0	1344	add	r3,r2	PkaClearBlockOfRegs@000f87d4
0x000f87f2	9b00	lsls	r3,r3,#0x2	PkaClearBlockOfRegs@000f87d4
0x000f87f4	0a18	adds	r2,r1,r0	PkaClearBlockOfRegs@000f87d4
0x000f87f6	1b68	ldr	r3,[r3,#0x0]	PkaClearBlockOfRegs@000f87d4
0x000f87f8	1e2a	cmp	r2,#0x1e	PkaClearBlockOfRegs@000f87d4
0x000f87fa	88bf	it	hi	PkaClearBlockOfRegs@000f87d4
0x000f87fc	c0f11e01	rsb.hi.w	r1,r0,#0x1e	PkaClearBlockOfRegs@000f87d4
0x000f8800	1f33	adds	r3,#0x1f	PkaClearBlockOfRegs@000f87d4
0x000f8802	0a18	adds	r2,r1,r0	PkaClearBlockOfRegs@000f87d4
0x000f8804	5b09	lsrs	r3,r3,#0x5	PkaClearBlockOfRegs@000f87d4
0x000f8806	5a43	muls	r2,r3	PkaClearBlockOfRegs@000f87d4
0x000f8808	b2f5806f	cmp.w	r2,#0x400	PkaClearBlockOfRegs@000f87d4
0x000f880c	88bf	it	hi	PkaClearBlockOfRegs@000f87d4
0x000f880e	4ff48061	mov.hi.w	r1,#0x400	PkaClearBlockOfRegs@000f87d4
0x000f8812	4ff00002	mov.w	r2,#0x0	PkaClearBlockOfRegs@000f87d4
0x000f8816	03f10105	add.w	r5,r3,#0x1	PkaClearBlockOfRegs@000f87d4
0x000f881a	88bf	it	hi	PkaClearBlockOfRegs@000f87d4
0x000f881c	b1fbf3f1	udiv.hi	r1,r1,r3	PkaClearBlockOfRegs@000f87d4
0x000f8820	9446	mov	r12,r2	PkaClearBlockOfRegs@000f87d4
0x000f8822	88bf	it	hi	PkaClearBlockOfRegs@000f87d4
0x000f8824	091a	sub.hi	r1,r1,r0	PkaClearBlockOfRegs@000f87d4
0x000f8826	25f00105	bic	r5,r5,#0x1	PkaClearBlockOfRegs@000f87d4
0x000f882a	8000	lsls	r0,r0,#0x2	PkaClearBlockOfRegs@000f87d4
0x000f882c	9142	cmp	r1,r2	PkaClearBlockOfRegs@000f87d4
0x000f882e	33dc	bgt	0x000f8898	PkaClearBlockOfRegs@000f87d4
0x000f8830	2268	ldr	r2,[r4,#0x0]	PkaClearBlockOfRegs@000f87d4
0x000f8832	0492	str	r2,[sp,#0x10]	PkaClearBlockOfRegs@000f87d4
0x000f8834	049a	ldr	r2,[sp,#0x10]	PkaClearBlockOfRegs@000f87d4
0x000f8836	d207	lsls	r2,r2,#0x1f	PkaClearBlockOfRegs@000f87d4
0x000f8838	fad5	bpl	0x000f8830	PkaClearBlockOfRegs@000f87d4
0x000f883a	334a	ldr	r2,[0x000f8908]	PkaClearBlockOfRegs@000f87d4
0x000f883c	1268	ldr	r2,[r2,#0x0]	PkaClearBlockOfRegs@000f87d4
0x000f883e	2168	ldr	r1,[r4,#0x0]	PkaClearBlockOfRegs@000f87d4
0x000f8840	0591	str	r1,[sp,#0x14]	PkaClearBlockOfRegs@000f87d4
0x000f8842	0599	ldr	r1,[sp,#0x14]	PkaClearBlockOfRegs@000f87d4
0x000f8844	cf07	lsls	r7,r1,#0x1f	PkaClearBlockOfRegs@000f87d4
0x000f8846	fad5	bpl	0x000f883e	PkaClearBlockOfRegs@000f87d4
0x000f8848	3048	ldr	r0,[0x000f890c]	PkaClearBlockOfRegs@000f87d4
0x000f884a	2e49	ldr	r1,[0x000f8904]	PkaClearBlockOfRegs@000f87d4
0x000f884c	0260	str	r2,[r0,#0x0]	PkaClearBlockOfRegs@000f87d4
0x000f884e	0022	movs	r2,#0x0	PkaClearBlockOfRegs@000f87d4
0x000f8850	1546	mov	r5,r2	PkaClearBlockOfRegs@000f87d4
0x000f8852	9a42	cmp	r2,r3	PkaClearBlockOfRegs@000f87d4
0x000f8854	46d1	bne	0x000f88e4	PkaClearBlockOfRegs@000f87d4
0x000f8856	5a1c	adds	r2,r3,#0x1	PkaClearBlockOfRegs@000f87d4
0x000f8858	2a4d	ldr	r5,[0x000f8904]	PkaClearBlockOfRegs@000f87d4
0x000f885a	1946	mov	r1,r3	PkaClearBlockOfRegs@000f87d4
0x000f885c	22f00102	bic	r2,r2,#0x1	PkaClearBlockOfRegs@000f87d4
0x000f8860	0026	movs	r6,#0x0	PkaClearBlockOfRegs@000f87d4
0x000f8862	8a42	cmp	r2,r1	PkaClearBlockOfRegs@000f87d4
0x000f8864	41d8	bhi	0x000f88ea	PkaClearBlockOfRegs@000f87d4
0x000f8866	2168	ldr	r1,[r4,#0x0]	PkaClearBlockOfRegs@000f87d4
0x000f8868	0691	str	r1,[sp,#0x18]	PkaClearBlockOfRegs@000f87d4
0x000f886a	0699	ldr	r1,[sp,#0x18]	PkaClearBlockOfRegs@000f87d4
0x000f886c	ce07	lsls	r6,r1,#0x1f	PkaClearBlockOfRegs@000f87d4
0x000f886e	fad5	bpl	0x000f8866	PkaClearBlockOfRegs@000f87d4
0x000f8870	2749	ldr	r1,[0x000f8910]	PkaClearBlockOfRegs@000f87d4
0x000f8872	0968	ldr	r1,[r1,#0x0]	PkaClearBlockOfRegs@000f87d4
0x000f8874	2568	ldr	r5,[r4,#0x0]	PkaClearBlockOfRegs@000f87d4
0x000f8876	0795	str	r5,[sp,#0x1c]	PkaClearBlockOfRegs@000f87d4
0x000f8878	079d	ldr	r5,[sp,#0x1c]	PkaClearBlockOfRegs@000f87d4
0x000f887a	ed07	lsls	r5,r5,#0x1f	PkaClearBlockOfRegs@000f87d4
0x000f887c	fad5	bpl	0x000f8874	PkaClearBlockOfRegs@000f87d4
0x000f887e	0160	str	r1,[r0,#0x0]	PkaClearBlockOfRegs@000f87d4
0x000f8880	0021	movs	r1,#0x0	PkaClearBlockOfRegs@000f87d4
0x000f8882	2048	ldr	r0,[0x000f8904]	PkaClearBlockOfRegs@000f87d4
0x000f8884	0c46	mov	r4,r1	PkaClearBlockOfRegs@000f87d4
0x000f8886	9942	cmp	r1,r3	PkaClearBlockOfRegs@000f87d4
0x000f8888	32d1	bne	0x000f88f0	PkaClearBlockOfRegs@000f87d4
0x000f888a	1e49	ldr	r1,[0x000f8904]	PkaClearBlockOfRegs@000f87d4
0x000f888c	0020	movs	r0,#0x0	PkaClearBlockOfRegs@000f87d4
0x000f888e	9a42	cmp	r2,r3	PkaClearBlockOfRegs@000f87d4
0x000f8890	31d8	bhi	0x000f88f6	PkaClearBlockOfRegs@000f87d4
0x000f8892	08b0	add	sp,#0x20	PkaClearBlockOfRegs@000f87d4
0x000f8894	bde8f081	pop.w	{r4,r5,r6,r7,r8,pc}	PkaClearBlockOfRegs@000f87d4
0x000f8898	2668	ldr	r6,[r4,#0x0]	PkaClearBlockOfRegs@000f87d4
0x000f889a	0296	str	r6,[sp,#0x8]	PkaClearBlockOfRegs@000f87d4
0x000f889c	029e	ldr	r6,[sp,#0x8]	PkaClearBlockOfRegs@000f87d4
0x000f889e	f607	lsls	r6,r6,#0x1f	PkaClearBlockOfRegs@000f87d4
0x000f88a0	fad5	bpl	0x000f8898	PkaClearBlockOfRegs@000f87d4
0x000f88a2	00f1a046	add.w	r6,r0,#0x50000000	PkaClearBlockOfRegs@000f87d4
0x000f88a6	06f52c36	add.w	r6,r6,#0x2b000	PkaClearBlockOfRegs@000f87d4
0x000f88aa	3668	ldr	r6,[r6,#0x0]	PkaClearBlockOfRegs@000f87d4
0x000f88ac	d4f80080	ldr.w	r8,[r4,#0x0]	PkaClearBlockOfRegs@000f87d4
0x000f88b0	cdf80c80	str.w	r8,[sp,#0xc]	PkaClearBlockOfRegs@000f87d4
0x000f88b4	ddf80c80	ldr.w	r8,[sp,#0xc]	PkaClearBlockOfRegs@000f87d4
0x000f88b8	18f0010f	tst	r8,#0x1	PkaClearBlockOfRegs@000f87d4
0x000f88bc	f6d0	beq	0x000f88ac	PkaClearBlockOfRegs@000f87d4
0x000f88be	cef80060	str.w	r6,[lr,#0x0]	PkaClearBlockOfRegs@000f87d4
0x000f88c2	0026	movs	r6,#0x0	PkaClearBlockOfRegs@000f87d4
0x000f88c4	9e42	cmp	r6,r3	PkaClearBlockOfRegs@000f87d4
0x000f88c6	05d1	bne	0x000f88d4	PkaClearBlockOfRegs@000f87d4
0x000f88c8	1e46	mov	r6,r3	PkaClearBlockOfRegs@000f87d4
0x000f88ca	b542	cmp	r5,r6	PkaClearBlockOfRegs@000f87d4
0x000f88cc	06d8	bhi	0x000f88dc	PkaClearBlockOfRegs@000f87d4
0x000f88ce	0132	adds	r2,#0x1	PkaClearBlockOfRegs@000f87d4
0x000f88d0	0430	adds	r0,#0x4	PkaClearBlockOfRegs@000f87d4
0x000f88d2	abe7	b	0x000f882c	PkaClearBlockOfRegs@000f87d4
0x000f88d4	c7f800c0	str.w	r12,[r7,#0x0]	PkaClearBlockOfRegs@000f87d4
0x000f88d8	0136	adds	r6,#0x1	PkaClearBlockOfRegs@000f87d4
0x000f88da	f3e7	b	0x000f88c4	PkaClearBlockOfRegs@000f87d4
0x000f88dc	c7f800c0	str.w	r12,[r7,#0x0]	PkaClearBlockOfRegs@000f87d4
0x000f88e0	0136	adds	r6,#0x1	PkaClearBlockOfRegs@000f87d4
0x000f88e2	f2e7	b	0x000f88ca	PkaClearBlockOfRegs@000f87d4
0x000f88e4	0d60	str	r5,[r1,#0x0]	PkaClearBlockOfRegs@000f87d4
0x000f88e6	0132	adds	r2,#0x1	PkaClearBlockOfRegs@000f87d4
0x000f88e8	b3e7	b	0x000f8852	PkaClearBlockOfRegs@000f87d4
0x000f88ea	2e60	str	r6,[r5,#0x0]	PkaClearBlockOfRegs@000f87d4
0x000f88ec	0131	adds	r1,#0x1	PkaClearBlockOfRegs@000f87d4
0x000f88ee	b8e7	b	0x000f8862	PkaClearBlockOfRegs@000f87d4
0x000f88f0	0460	str	r4,[r0,#0x0]	PkaClearBlockOfRegs@000f87d4
0x000f88f2	0131	adds	r1,#0x1	PkaClearBlockOfRegs@000f87d4
0x000f88f4	c7e7	b	0x000f8886	PkaClearBlockOfRegs@000f87d4
0x000f88f6	0860	str	r0,[r1,#0x0]	PkaClearBlockOfRegs@000f87d4
0x000f88f8	0133	adds	r3,#0x1	PkaClearBlockOfRegs@000f87d4
0x000f88fa	c8e7	b	0x000f888e	PkaClearBlockOfRegs@000f87d4
0x000f8914	f0b5	push	{r4,r5,r6,r7,lr}	PkaCopyDataIntoPkaReg@000f8914
0x000f8916	2a4d	ldr	r5,[0x000f89c0]	PkaCopyDataIntoPkaReg@000f8914
0x000f8918	85b0	sub	sp,#0x14	PkaCopyDataIntoPkaReg@000f8914
0x000f891a	2c46	mov	r4,r5	PkaCopyDataIntoPkaReg@000f8914
0x000f891c	2e68	ldr	r6,[r5,#0x0]	PkaCopyDataIntoPkaReg@000f8914
0x000f891e	0096	str	r6,[sp,#0x0]	PkaCopyDataIntoPkaReg@000f8914
0x000f8920	009e	ldr	r6,[sp,#0x0]	PkaCopyDataIntoPkaReg@000f8914
0x000f8922	f707	lsls	r7,r6,#0x1f	PkaCopyDataIntoPkaReg@000f8914
0x000f8924	fad5	bpl	0x000f891c	PkaCopyDataIntoPkaReg@000f8914
0x000f8926	00f1a050	add.w	r0,r0,#0x14000000	PkaCopyDataIntoPkaReg@000f8914
0x000f892a	00f52c40	add.w	r0,r0,#0xac00	PkaCopyDataIntoPkaReg@000f8914
0x000f892e	8000	lsls	r0,r0,#0x2	PkaCopyDataIntoPkaReg@000f8914
0x000f8930	0568	ldr	r5,[r0,#0x0]	PkaCopyDataIntoPkaReg@000f8914
0x000f8932	2068	ldr	r0,[r4,#0x0]	PkaCopyDataIntoPkaReg@000f8914
0x000f8934	0190	str	r0,[sp,#0x4]	PkaCopyDataIntoPkaReg@000f8914
0x000f8936	0198	ldr	r0,[sp,#0x4]	PkaCopyDataIntoPkaReg@000f8914
0x000f8938	c607	lsls	r6,r0,#0x1f	PkaCopyDataIntoPkaReg@000f8914
0x000f893a	fad5	bpl	0x000f8932	PkaCopyDataIntoPkaReg@000f8914
0x000f893c	214e	ldr	r6,[0x000f89c4]	PkaCopyDataIntoPkaReg@000f8914
0x000f893e	2248	ldr	r0,[0x000f89c8]	PkaCopyDataIntoPkaReg@000f8914
0x000f8940	3560	str	r5,[r6,#0x0]	PkaCopyDataIntoPkaReg@000f8914
0x000f8942	02eb8307	add.w	r7,r2,r3, lsl #0x2	PkaCopyDataIntoPkaReg@000f8914
0x000f8946	ba42	cmp	r2,r7	PkaCopyDataIntoPkaReg@000f8914
0x000f8948	2bd1	bne	0x000f89a2	PkaCopyDataIntoPkaReg@000f8914
0x000f894a	5a1c	adds	r2,r3,#0x1	PkaCopyDataIntoPkaReg@000f8914
0x000f894c	1e48	ldr	r0,[0x000f89c8]	PkaCopyDataIntoPkaReg@000f8914
0x000f894e	22f00102	bic	r2,r2,#0x1	PkaCopyDataIntoPkaReg@000f8914
0x000f8952	0027	movs	r7,#0x0	PkaCopyDataIntoPkaReg@000f8914
0x000f8954	9a42	cmp	r2,r3	PkaCopyDataIntoPkaReg@000f8914
0x000f8956	29d8	bhi	0x000f89ac	PkaCopyDataIntoPkaReg@000f8914
0x000f8958	2368	ldr	r3,[r4,#0x0]	PkaCopyDataIntoPkaReg@000f8914
0x000f895a	0293	str	r3,[sp,#0x8]	PkaCopyDataIntoPkaReg@000f8914
0x000f895c	029b	ldr	r3,[sp,#0x8]	PkaCopyDataIntoPkaReg@000f8914
0x000f895e	d807	lsls	r0,r3,#0x1f	PkaCopyDataIntoPkaReg@000f8914
0x000f8960	fad5	bpl	0x000f8958	PkaCopyDataIntoPkaReg@000f8914
0x000f8962	1a4b	ldr	r3,[0x000f89cc]	PkaCopyDataIntoPkaReg@000f8914
0x000f8964	0b44	add	r3,r1	PkaCopyDataIntoPkaReg@000f8914
0x000f8966	9b00	lsls	r3,r3,#0x2	PkaCopyDataIntoPkaReg@000f8914
0x000f8968	1868	ldr	r0,[r3,#0x0]	PkaCopyDataIntoPkaReg@000f8914
0x000f896a	1f30	adds	r0,#0x1f	PkaCopyDataIntoPkaReg@000f8914
0x000f896c	b2eb501f	cmp.w	r2,r0, lsr #0x5	PkaCopyDataIntoPkaReg@000f8914
0x000f8970	4fea5013	lsr.w	r3,r0,#0x5	PkaCopyDataIntoPkaReg@000f8914
0x000f8974	13d2	bcs	0x000f899e	PkaCopyDataIntoPkaReg@000f8914
0x000f8976	2168	ldr	r1,[r4,#0x0]	PkaCopyDataIntoPkaReg@000f8914
0x000f8978	0391	str	r1,[sp,#0xc]	PkaCopyDataIntoPkaReg@000f8914
0x000f897a	0399	ldr	r1,[sp,#0xc]	PkaCopyDataIntoPkaReg@000f8914
0x000f897c	c907	lsls	r1,r1,#0x1f	PkaCopyDataIntoPkaReg@000f8914
0x000f897e	fad5	bpl	0x000f8976	PkaCopyDataIntoPkaReg@000f8914
0x000f8980	1544	add	r5,r2	PkaCopyDataIntoPkaReg@000f8914
0x000f8982	0021	movs	r1,#0x0	PkaCopyDataIntoPkaReg@000f8914
0x000f8984	9b1a	subs	r3,r3,r2	PkaCopyDataIntoPkaReg@000f8914
0x000f8986	104a	ldr	r2,[0x000f89c8]	PkaCopyDataIntoPkaReg@000f8914
0x000f8988	3560	str	r5,[r6,#0x0]	PkaCopyDataIntoPkaReg@000f8914
0x000f898a	0846	mov	r0,r1	PkaCopyDataIntoPkaReg@000f8914
0x000f898c	8b42	cmp	r3,r1	PkaCopyDataIntoPkaReg@000f8914
0x000f898e	10d8	bhi	0x000f89b2	PkaCopyDataIntoPkaReg@000f8914
0x000f8990	5a1c	adds	r2,r3,#0x1	PkaCopyDataIntoPkaReg@000f8914
0x000f8992	0d49	ldr	r1,[0x000f89c8]	PkaCopyDataIntoPkaReg@000f8914
0x000f8994	22f00102	bic	r2,r2,#0x1	PkaCopyDataIntoPkaReg@000f8914
0x000f8998	0020	movs	r0,#0x0	PkaCopyDataIntoPkaReg@000f8914
0x000f899a	9a42	cmp	r2,r3	PkaCopyDataIntoPkaReg@000f8914
0x000f899c	0cd8	bhi	0x000f89b8	PkaCopyDataIntoPkaReg@000f8914
0x000f899e	05b0	add	sp,#0x14	PkaCopyDataIntoPkaReg@000f8914
0x000f89a0	f0bd	pop	{r4,r5,r6,r7,pc}	PkaCopyDataIntoPkaReg@000f8914
0x000f89a2	52f804cb	ldr.w	r12,[r2],#0x4	PkaCopyDataIntoPkaReg@000f8914
0x000f89a6	c0f800c0	str.w	r12,[r0,#0x0]	PkaCopyDataIntoPkaReg@000f8914
0x000f89aa	cce7	b	0x000f8946	PkaCopyDataIntoPkaReg@000f8914
0x000f89ac	0760	str	r7,[r0,#0x0]	PkaCopyDataIntoPkaReg@000f8914
0x000f89ae	0133	adds	r3,#0x1	PkaCopyDataIntoPkaReg@000f8914
0x000f89b0	d0e7	b	0x000f8954	PkaCopyDataIntoPkaReg@000f8914
0x000f89b2	1060	str	r0,[r2,#0x0]	PkaCopyDataIntoPkaReg@000f8914
0x000f89b4	0131	adds	r1,#0x1	PkaCopyDataIntoPkaReg@000f8914
0x000f89b6	e9e7	b	0x000f898c	PkaCopyDataIntoPkaReg@000f8914
0x000f89b8	0860	str	r0,[r1,#0x0]	PkaCopyDataIntoPkaReg@000f8914
0x000f89ba	0133	adds	r3,#0x1	PkaCopyDataIntoPkaReg@000f8914
0x000f89bc	ede7	b	0x000f899a	PkaCopyDataIntoPkaReg@000f8914
0x000f89d0	10b5	push	{r4,lr}	PkaDoubleMdf2Jcb@000f89d0
0x000f89d2	494b	ldr	r3,[0x000f8af8]	PkaDoubleMdf2Jcb@000f89d0
0x000f89d4	94b0	sub	sp,#0x50	PkaDoubleMdf2Jcb@000f89d0
0x000f89d6	1946	mov	r1,r3	PkaDoubleMdf2Jcb@000f89d0
0x000f89d8	1a68	ldr	r2,[r3,#0x0]	PkaDoubleMdf2Jcb@000f89d0
0x000f89da	0092	str	r2,[sp,#0x0]	PkaDoubleMdf2Jcb@000f89d0
0x000f89dc	009a	ldr	r2,[sp,#0x0]	PkaDoubleMdf2Jcb@000f89d0
0x000f89de	d207	lsls	r2,r2,#0x1f	PkaDoubleMdf2Jcb@000f89d0
0x000f89e0	fad5	bpl	0x000f89d8	PkaDoubleMdf2Jcb@000f89d0
0x000f89e2	464b	ldr	r3,[0x000f8afc]	PkaDoubleMdf2Jcb@000f89d0
0x000f89e4	464a	ldr	r2,[0x000f8b00]	PkaDoubleMdf2Jcb@000f89d0
0x000f89e6	1a60	str	r2,[r3,#0x0]	PkaDoubleMdf2Jcb@000f89d0
0x000f89e8	0a68	ldr	r2,[r1,#0x0]	PkaDoubleMdf2Jcb@000f89d0
0x000f89ea	0192	str	r2,[sp,#0x4]	PkaDoubleMdf2Jcb@000f89d0
0x000f89ec	019a	ldr	r2,[sp,#0x4]	PkaDoubleMdf2Jcb@000f89d0
0x000f89ee	d407	lsls	r4,r2,#0x1f	PkaDoubleMdf2Jcb@000f89d0
0x000f89f0	fad5	bpl	0x000f89e8	PkaDoubleMdf2Jcb@000f89d0
0x000f89f2	444a	ldr	r2,[0x000f8b04]	PkaDoubleMdf2Jcb@000f89d0
0x000f89f4	1a60	str	r2,[r3,#0x0]	PkaDoubleMdf2Jcb@000f89d0
0x000f89f6	0a68	ldr	r2,[r1,#0x0]	PkaDoubleMdf2Jcb@000f89d0
0x000f89f8	0292	str	r2,[sp,#0x8]	PkaDoubleMdf2Jcb@000f89d0
0x000f89fa	029a	ldr	r2,[sp,#0x8]	PkaDoubleMdf2Jcb@000f89d0
0x000f89fc	d007	lsls	r0,r2,#0x1f	PkaDoubleMdf2Jcb@000f89d0
0x000f89fe	fad5	bpl	0x000f89f6	PkaDoubleMdf2Jcb@000f89d0
0x000f8a00	4148	ldr	r0,[0x000f8b08]	PkaDoubleMdf2Jcb@000f89d0
0x000f8a02	1860	str	r0,[r3,#0x0]	PkaDoubleMdf2Jcb@000f89d0
0x000f8a04	0a68	ldr	r2,[r1,#0x0]	PkaDoubleMdf2Jcb@000f89d0
0x000f8a06	0392	str	r2,[sp,#0xc]	PkaDoubleMdf2Jcb@000f89d0
0x000f8a08	039a	ldr	r2,[sp,#0xc]	PkaDoubleMdf2Jcb@000f89d0
0x000f8a0a	d207	lsls	r2,r2,#0x1f	PkaDoubleMdf2Jcb@000f89d0
0x000f8a0c	fad5	bpl	0x000f8a04	PkaDoubleMdf2Jcb@000f89d0
0x000f8a0e	3f4a	ldr	r2,[0x000f8b0c]	PkaDoubleMdf2Jcb@000f89d0
0x000f8a10	1a60	str	r2,[r3,#0x0]	PkaDoubleMdf2Jcb@000f89d0
0x000f8a12	0a68	ldr	r2,[r1,#0x0]	PkaDoubleMdf2Jcb@000f89d0
0x000f8a14	0492	str	r2,[sp,#0x10]	PkaDoubleMdf2Jcb@000f89d0
0x000f8a16	049a	ldr	r2,[sp,#0x10]	PkaDoubleMdf2Jcb@000f89d0
0x000f8a18	d407	lsls	r4,r2,#0x1f	PkaDoubleMdf2Jcb@000f89d0
0x000f8a1a	fad5	bpl	0x000f8a12	PkaDoubleMdf2Jcb@000f89d0
0x000f8a1c	3c4a	ldr	r2,[0x000f8b10]	PkaDoubleMdf2Jcb@000f89d0
0x000f8a1e	1a60	str	r2,[r3,#0x0]	PkaDoubleMdf2Jcb@000f89d0
0x000f8a20	0a68	ldr	r2,[r1,#0x0]	PkaDoubleMdf2Jcb@000f89d0
0x000f8a22	0592	str	r2,[sp,#0x14]	PkaDoubleMdf2Jcb@000f89d0
0x000f8a24	059a	ldr	r2,[sp,#0x14]	PkaDoubleMdf2Jcb@000f89d0
0x000f8a26	d207	lsls	r2,r2,#0x1f	PkaDoubleMdf2Jcb@000f89d0
0x000f8a28	fad5	bpl	0x000f8a20	PkaDoubleMdf2Jcb@000f89d0
0x000f8a2a	3a4a	ldr	r2,[0x000f8b14]	PkaDoubleMdf2Jcb@000f89d0
0x000f8a2c	1a60	str	r2,[r3,#0x0]	PkaDoubleMdf2Jcb@000f89d0
0x000f8a2e	0a68	ldr	r2,[r1,#0x0]	PkaDoubleMdf2Jcb@000f89d0
0x000f8a30	0692	str	r2,[sp,#0x18]	PkaDoubleMdf2Jcb@000f89d0
0x000f8a32	069a	ldr	r2,[sp,#0x18]	PkaDoubleMdf2Jcb@000f89d0
0x000f8a34	d407	lsls	r4,r2,#0x1f	PkaDoubleMdf2Jcb@000f89d0
0x000f8a36	fad5	bpl	0x000f8a2e	PkaDoubleMdf2Jcb@000f89d0
0x000f8a38	374a	ldr	r2,[0x000f8b18]	PkaDoubleMdf2Jcb@000f89d0
0x000f8a3a	1a60	str	r2,[r3,#0x0]	PkaDoubleMdf2Jcb@000f89d0
0x000f8a3c	0a68	ldr	r2,[r1,#0x0]	PkaDoubleMdf2Jcb@000f89d0
0x000f8a3e	0792	str	r2,[sp,#0x1c]	PkaDoubleMdf2Jcb@000f89d0
0x000f8a40	079a	ldr	r2,[sp,#0x1c]	PkaDoubleMdf2Jcb@000f89d0
0x000f8a42	d207	lsls	r2,r2,#0x1f	PkaDoubleMdf2Jcb@000f89d0
0x000f8a44	fad5	bpl	0x000f8a3c	PkaDoubleMdf2Jcb@000f89d0
0x000f8a46	354a	ldr	r2,[0x000f8b1c]	PkaDoubleMdf2Jcb@000f89d0
0x000f8a48	1a60	str	r2,[r3,#0x0]	PkaDoubleMdf2Jcb@000f89d0
0x000f8a4a	0a68	ldr	r2,[r1,#0x0]	PkaDoubleMdf2Jcb@000f89d0
0x000f8a4c	0892	str	r2,[sp,#0x20]	PkaDoubleMdf2Jcb@000f89d0
0x000f8a4e	089a	ldr	r2,[sp,#0x20]	PkaDoubleMdf2Jcb@000f89d0
0x000f8a50	d407	lsls	r4,r2,#0x1f	PkaDoubleMdf2Jcb@000f89d0
0x000f8a52	fad5	bpl	0x000f8a4a	PkaDoubleMdf2Jcb@000f89d0
0x000f8a54	324a	ldr	r2,[0x000f8b20]	PkaDoubleMdf2Jcb@000f89d0
0x000f8a56	1a60	str	r2,[r3,#0x0]	PkaDoubleMdf2Jcb@000f89d0
0x000f8a58	0a68	ldr	r2,[r1,#0x0]	PkaDoubleMdf2Jcb@000f89d0
0x000f8a5a	0992	str	r2,[sp,#0x24]	PkaDoubleMdf2Jcb@000f89d0
0x000f8a5c	099a	ldr	r2,[sp,#0x24]	PkaDoubleMdf2Jcb@000f89d0
0x000f8a5e	d207	lsls	r2,r2,#0x1f	PkaDoubleMdf2Jcb@000f89d0
0x000f8a60	fad5	bpl	0x000f8a58	PkaDoubleMdf2Jcb@000f89d0
0x000f8a62	304a	ldr	r2,[0x000f8b24]	PkaDoubleMdf2Jcb@000f89d0
0x000f8a64	1a60	str	r2,[r3,#0x0]	PkaDoubleMdf2Jcb@000f89d0
0x000f8a66	0a68	ldr	r2,[r1,#0x0]	PkaDoubleMdf2Jcb@000f89d0
0x000f8a68	0a92	str	r2,[sp,#0x28]	PkaDoubleMdf2Jcb@000f89d0
0x000f8a6a	0a9a	ldr	r2,[sp,#0x28]	PkaDoubleMdf2Jcb@000f89d0
0x000f8a6c	d407	lsls	r4,r2,#0x1f	PkaDoubleMdf2Jcb@000f89d0
0x000f8a6e	fad5	bpl	0x000f8a66	PkaDoubleMdf2Jcb@000f89d0
0x000f8a70	2d4a	ldr	r2,[0x000f8b28]	PkaDoubleMdf2Jcb@000f89d0
0x000f8a72	1a60	str	r2,[r3,#0x0]	PkaDoubleMdf2Jcb@000f89d0
0x000f8a74	0a68	ldr	r2,[r1,#0x0]	PkaDoubleMdf2Jcb@000f89d0
0x000f8a76	0b92	str	r2,[sp,#0x2c]	PkaDoubleMdf2Jcb@000f89d0
0x000f8a78	0b9a	ldr	r2,[sp,#0x2c]	PkaDoubleMdf2Jcb@000f89d0
0x000f8a7a	d207	lsls	r2,r2,#0x1f	PkaDoubleMdf2Jcb@000f89d0
0x000f8a7c	fad5	bpl	0x000f8a74	PkaDoubleMdf2Jcb@000f89d0
0x000f8a7e	2b4a	ldr	r2,[0x000f8b2c]	PkaDoubleMdf2Jcb@000f89d0
0x000f8a80	1a60	str	r2,[r3,#0x0]	PkaDoubleMdf2Jcb@000f89d0
0x000f8a82	0a68	ldr	r2,[r1,#0x0]	PkaDoubleMdf2Jcb@000f89d0
0x000f8a84	0c92	str	r2,[sp,#0x30]	PkaDoubleMdf2Jcb@000f89d0
0x000f8a86	0c9a	ldr	r2,[sp,#0x30]	PkaDoubleMdf2Jcb@000f89d0
0x000f8a88	d407	lsls	r4,r2,#0x1f	PkaDoubleMdf2Jcb@000f89d0
0x000f8a8a	fad5	bpl	0x000f8a82	PkaDoubleMdf2Jcb@000f89d0
0x000f8a8c	284a	ldr	r2,[0x000f8b30]	PkaDoubleMdf2Jcb@000f89d0
0x000f8a8e	1a60	str	r2,[r3,#0x0]	PkaDoubleMdf2Jcb@000f89d0
0x000f8a90	0a68	ldr	r2,[r1,#0x0]	PkaDoubleMdf2Jcb@000f89d0
0x000f8a92	0d92	str	r2,[sp,#0x34]	PkaDoubleMdf2Jcb@000f89d0
0x000f8a94	0d9a	ldr	r2,[sp,#0x34]	PkaDoubleMdf2Jcb@000f89d0
0x000f8a96	d207	lsls	r2,r2,#0x1f	PkaDoubleMdf2Jcb@000f89d0
0x000f8a98	fad5	bpl	0x000f8a90	PkaDoubleMdf2Jcb@000f89d0
0x000f8a9a	264a	ldr	r2,[0x000f8b34]	PkaDoubleMdf2Jcb@000f89d0
0x000f8a9c	1a60	str	r2,[r3,#0x0]	PkaDoubleMdf2Jcb@000f89d0
0x000f8a9e	0a68	ldr	r2,[r1,#0x0]	PkaDoubleMdf2Jcb@000f89d0
0x000f8aa0	0e92	str	r2,[sp,#0x38]	PkaDoubleMdf2Jcb@000f89d0
0x000f8aa2	0e9a	ldr	r2,[sp,#0x38]	PkaDoubleMdf2Jcb@000f89d0
0x000f8aa4	d407	lsls	r4,r2,#0x1f	PkaDoubleMdf2Jcb@000f89d0
0x000f8aa6	fad5	bpl	0x000f8a9e	PkaDoubleMdf2Jcb@000f89d0
0x000f8aa8	234a	ldr	r2,[0x000f8b38]	PkaDoubleMdf2Jcb@000f89d0
0x000f8aaa	1a60	str	r2,[r3,#0x0]	PkaDoubleMdf2Jcb@000f89d0
0x000f8aac	0a68	ldr	r2,[r1,#0x0]	PkaDoubleMdf2Jcb@000f89d0
0x000f8aae	0f92	str	r2,[sp,#0x3c]	PkaDoubleMdf2Jcb@000f89d0
0x000f8ab0	0f9a	ldr	r2,[sp,#0x3c]	PkaDoubleMdf2Jcb@000f89d0
0x000f8ab2	d207	lsls	r2,r2,#0x1f	PkaDoubleMdf2Jcb@000f89d0
0x000f8ab4	fad5	bpl	0x000f8aac	PkaDoubleMdf2Jcb@000f89d0
0x000f8ab6	214a	ldr	r2,[0x000f8b3c]	PkaDoubleMdf2Jcb@000f89d0
0x000f8ab8	1a60	str	r2,[r3,#0x0]	PkaDoubleMdf2Jcb@000f89d0
0x000f8aba	0f4b	ldr	r3,[0x000f8af8]	PkaDoubleMdf2Jcb@000f89d0
0x000f8abc	1946	mov	r1,r3	PkaDoubleMdf2Jcb@000f89d0
0x000f8abe	1c68	ldr	r4,[r3,#0x0]	PkaDoubleMdf2Jcb@000f89d0
0x000f8ac0	1094	str	r4,[sp,#0x40]	PkaDoubleMdf2Jcb@000f89d0
0x000f8ac2	109c	ldr	r4,[sp,#0x40]	PkaDoubleMdf2Jcb@000f89d0
0x000f8ac4	e407	lsls	r4,r4,#0x1f	PkaDoubleMdf2Jcb@000f89d0
0x000f8ac6	fad5	bpl	0x000f8abe	PkaDoubleMdf2Jcb@000f89d0
0x000f8ac8	0c4b	ldr	r3,[0x000f8afc]	PkaDoubleMdf2Jcb@000f89d0
0x000f8aca	1860	str	r0,[r3,#0x0]	PkaDoubleMdf2Jcb@000f89d0
0x000f8acc	0868	ldr	r0,[r1,#0x0]	PkaDoubleMdf2Jcb@000f89d0
0x000f8ace	1190	str	r0,[sp,#0x44]	PkaDoubleMdf2Jcb@000f89d0
0x000f8ad0	1198	ldr	r0,[sp,#0x44]	PkaDoubleMdf2Jcb@000f89d0
0x000f8ad2	c407	lsls	r4,r0,#0x1f	PkaDoubleMdf2Jcb@000f89d0
0x000f8ad4	fad5	bpl	0x000f8acc	PkaDoubleMdf2Jcb@000f89d0
0x000f8ad6	1a60	str	r2,[r3,#0x0]	PkaDoubleMdf2Jcb@000f89d0
0x000f8ad8	0a68	ldr	r2,[r1,#0x0]	PkaDoubleMdf2Jcb@000f89d0
0x000f8ada	1292	str	r2,[sp,#0x48]	PkaDoubleMdf2Jcb@000f89d0
0x000f8adc	129a	ldr	r2,[sp,#0x48]	PkaDoubleMdf2Jcb@000f89d0
0x000f8ade	d007	lsls	r0,r2,#0x1f	PkaDoubleMdf2Jcb@000f89d0
0x000f8ae0	fad5	bpl	0x000f8ad8	PkaDoubleMdf2Jcb@000f89d0
0x000f8ae2	174a	ldr	r2,[0x000f8b40]	PkaDoubleMdf2Jcb@000f89d0
0x000f8ae4	1a60	str	r2,[r3,#0x0]	PkaDoubleMdf2Jcb@000f89d0
0x000f8ae6	0a68	ldr	r2,[r1,#0x0]	PkaDoubleMdf2Jcb@000f89d0
0x000f8ae8	1392	str	r2,[sp,#0x4c]	PkaDoubleMdf2Jcb@000f89d0
0x000f8aea	139a	ldr	r2,[sp,#0x4c]	PkaDoubleMdf2Jcb@000f89d0
0x000f8aec	d207	lsls	r2,r2,#0x1f	PkaDoubleMdf2Jcb@000f89d0
0x000f8aee	fad5	bpl	0x000f8ae6	PkaDoubleMdf2Jcb@000f89d0
0x000f8af0	144a	ldr	r2,[0x000f8b44]	PkaDoubleMdf2Jcb@000f89d0
0x000f8af2	1a60	str	r2,[r3,#0x0]	PkaDoubleMdf2Jcb@000f89d0
0x000f8af4	14b0	add	sp,#0x50	PkaDoubleMdf2Jcb@000f89d0
0x000f8af6	10bd	pop	{r4,pc}	PkaDoubleMdf2Jcb@000f89d0
0x000f8b48	10b5	push	{r4,lr}	PkaDoubleMdf2Mdf@000f8b48
0x000f8b4a	544b	ldr	r3,[0x000f8c9c]	PkaDoubleMdf2Mdf@000f8b48
0x000f8b4c	98b0	sub	sp,#0x60	PkaDoubleMdf2Mdf@000f8b48
0x000f8b4e	1946	mov	r1,r3	PkaDoubleMdf2Mdf@000f8b48
0x000f8b50	1a68	ldr	r2,[r3,#0x0]	PkaDoubleMdf2Mdf@000f8b48
0x000f8b52	0192	str	r2,[sp,#0x4]	PkaDoubleMdf2Mdf@000f8b48
0x000f8b54	019a	ldr	r2,[sp,#0x4]	PkaDoubleMdf2Mdf@000f8b48
0x000f8b56	d207	lsls	r2,r2,#0x1f	PkaDoubleMdf2Mdf@000f8b48
0x000f8b58	fad5	bpl	0x000f8b50	PkaDoubleMdf2Mdf@000f8b48
0x000f8b5a	514b	ldr	r3,[0x000f8ca0]	PkaDoubleMdf2Mdf@000f8b48
0x000f8b5c	514a	ldr	r2,[0x000f8ca4]	PkaDoubleMdf2Mdf@000f8b48
0x000f8b5e	1a60	str	r2,[r3,#0x0]	PkaDoubleMdf2Mdf@000f8b48
0x000f8b60	0a68	ldr	r2,[r1,#0x0]	PkaDoubleMdf2Mdf@000f8b48
0x000f8b62	0292	str	r2,[sp,#0x8]	PkaDoubleMdf2Mdf@000f8b48
0x000f8b64	029a	ldr	r2,[sp,#0x8]	PkaDoubleMdf2Mdf@000f8b48
0x000f8b66	d407	lsls	r4,r2,#0x1f	PkaDoubleMdf2Mdf@000f8b48
0x000f8b68	fad5	bpl	0x000f8b60	PkaDoubleMdf2Mdf@000f8b48
0x000f8b6a	4f4a	ldr	r2,[0x000f8ca8]	PkaDoubleMdf2Mdf@000f8b48
0x000f8b6c	1a60	str	r2,[r3,#0x0]	PkaDoubleMdf2Mdf@000f8b48
0x000f8b6e	0a68	ldr	r2,[r1,#0x0]	PkaDoubleMdf2Mdf@000f8b48
0x000f8b70	0392	str	r2,[sp,#0xc]	PkaDoubleMdf2Mdf@000f8b48
0x000f8b72	039a	ldr	r2,[sp,#0xc]	PkaDoubleMdf2Mdf@000f8b48
0x000f8b74	d007	lsls	r0,r2,#0x1f	PkaDoubleMdf2Mdf@000f8b48
0x000f8b76	fad5	bpl	0x000f8b6e	PkaDoubleMdf2Mdf@000f8b48
0x000f8b78	4c48	ldr	r0,[0x000f8cac]	PkaDoubleMdf2Mdf@000f8b48
0x000f8b7a	1860	str	r0,[r3,#0x0]	PkaDoubleMdf2Mdf@000f8b48
0x000f8b7c	0a68	ldr	r2,[r1,#0x0]	PkaDoubleMdf2Mdf@000f8b48
0x000f8b7e	0492	str	r2,[sp,#0x10]	PkaDoubleMdf2Mdf@000f8b48
0x000f8b80	049a	ldr	r2,[sp,#0x10]	PkaDoubleMdf2Mdf@000f8b48
0x000f8b82	d207	lsls	r2,r2,#0x1f	PkaDoubleMdf2Mdf@000f8b48
0x000f8b84	fad5	bpl	0x000f8b7c	PkaDoubleMdf2Mdf@000f8b48
0x000f8b86	4a4a	ldr	r2,[0x000f8cb0]	PkaDoubleMdf2Mdf@000f8b48
0x000f8b88	1a60	str	r2,[r3,#0x0]	PkaDoubleMdf2Mdf@000f8b48
0x000f8b8a	0a68	ldr	r2,[r1,#0x0]	PkaDoubleMdf2Mdf@000f8b48
0x000f8b8c	0592	str	r2,[sp,#0x14]	PkaDoubleMdf2Mdf@000f8b48
0x000f8b8e	059a	ldr	r2,[sp,#0x14]	PkaDoubleMdf2Mdf@000f8b48
0x000f8b90	d407	lsls	r4,r2,#0x1f	PkaDoubleMdf2Mdf@000f8b48
0x000f8b92	fad5	bpl	0x000f8b8a	PkaDoubleMdf2Mdf@000f8b48
0x000f8b94	474a	ldr	r2,[0x000f8cb4]	PkaDoubleMdf2Mdf@000f8b48
0x000f8b96	1a60	str	r2,[r3,#0x0]	PkaDoubleMdf2Mdf@000f8b48
0x000f8b98	0a68	ldr	r2,[r1,#0x0]	PkaDoubleMdf2Mdf@000f8b48
0x000f8b9a	0692	str	r2,[sp,#0x18]	PkaDoubleMdf2Mdf@000f8b48
0x000f8b9c	069a	ldr	r2,[sp,#0x18]	PkaDoubleMdf2Mdf@000f8b48
0x000f8b9e	d207	lsls	r2,r2,#0x1f	PkaDoubleMdf2Mdf@000f8b48
0x000f8ba0	fad5	bpl	0x000f8b98	PkaDoubleMdf2Mdf@000f8b48
0x000f8ba2	454a	ldr	r2,[0x000f8cb8]	PkaDoubleMdf2Mdf@000f8b48
0x000f8ba4	1a60	str	r2,[r3,#0x0]	PkaDoubleMdf2Mdf@000f8b48
0x000f8ba6	0a68	ldr	r2,[r1,#0x0]	PkaDoubleMdf2Mdf@000f8b48
0x000f8ba8	0792	str	r2,[sp,#0x1c]	PkaDoubleMdf2Mdf@000f8b48
0x000f8baa	079a	ldr	r2,[sp,#0x1c]	PkaDoubleMdf2Mdf@000f8b48
0x000f8bac	d407	lsls	r4,r2,#0x1f	PkaDoubleMdf2Mdf@000f8b48
0x000f8bae	fad5	bpl	0x000f8ba6	PkaDoubleMdf2Mdf@000f8b48
0x000f8bb0	424a	ldr	r2,[0x000f8cbc]	PkaDoubleMdf2Mdf@000f8b48
0x000f8bb2	1a60	str	r2,[r3,#0x0]	PkaDoubleMdf2Mdf@000f8b48
0x000f8bb4	0a68	ldr	r2,[r1,#0x0]	PkaDoubleMdf2Mdf@000f8b48
0x000f8bb6	0892	str	r2,[sp,#0x20]	PkaDoubleMdf2Mdf@000f8b48
0x000f8bb8	089a	ldr	r2,[sp,#0x20]	PkaDoubleMdf2Mdf@000f8b48
0x000f8bba	d207	lsls	r2,r2,#0x1f	PkaDoubleMdf2Mdf@000f8b48
0x000f8bbc	fad5	bpl	0x000f8bb4	PkaDoubleMdf2Mdf@000f8b48
0x000f8bbe	404a	ldr	r2,[0x000f8cc0]	PkaDoubleMdf2Mdf@000f8b48
0x000f8bc0	1a60	str	r2,[r3,#0x0]	PkaDoubleMdf2Mdf@000f8b48
0x000f8bc2	0a68	ldr	r2,[r1,#0x0]	PkaDoubleMdf2Mdf@000f8b48
0x000f8bc4	0992	str	r2,[sp,#0x24]	PkaDoubleMdf2Mdf@000f8b48
0x000f8bc6	099a	ldr	r2,[sp,#0x24]	PkaDoubleMdf2Mdf@000f8b48
0x000f8bc8	d407	lsls	r4,r2,#0x1f	PkaDoubleMdf2Mdf@000f8b48
0x000f8bca	fad5	bpl	0x000f8bc2	PkaDoubleMdf2Mdf@000f8b48
0x000f8bcc	3d4a	ldr	r2,[0x000f8cc4]	PkaDoubleMdf2Mdf@000f8b48
0x000f8bce	1a60	str	r2,[r3,#0x0]	PkaDoubleMdf2Mdf@000f8b48
0x000f8bd0	0a68	ldr	r2,[r1,#0x0]	PkaDoubleMdf2Mdf@000f8b48
0x000f8bd2	0a92	str	r2,[sp,#0x28]	PkaDoubleMdf2Mdf@000f8b48
0x000f8bd4	0a9a	ldr	r2,[sp,#0x28]	PkaDoubleMdf2Mdf@000f8b48
0x000f8bd6	d207	lsls	r2,r2,#0x1f	PkaDoubleMdf2Mdf@000f8b48
0x000f8bd8	fad5	bpl	0x000f8bd0	PkaDoubleMdf2Mdf@000f8b48
0x000f8bda	3b4a	ldr	r2,[0x000f8cc8]	PkaDoubleMdf2Mdf@000f8b48
0x000f8bdc	1a60	str	r2,[r3,#0x0]	PkaDoubleMdf2Mdf@000f8b48
0x000f8bde	0a68	ldr	r2,[r1,#0x0]	PkaDoubleMdf2Mdf@000f8b48
0x000f8be0	0b92	str	r2,[sp,#0x2c]	PkaDoubleMdf2Mdf@000f8b48
0x000f8be2	0b9a	ldr	r2,[sp,#0x2c]	PkaDoubleMdf2Mdf@000f8b48
0x000f8be4	d407	lsls	r4,r2,#0x1f	PkaDoubleMdf2Mdf@000f8b48
0x000f8be6	fad5	bpl	0x000f8bde	PkaDoubleMdf2Mdf@000f8b48
0x000f8be8	384a	ldr	r2,[0x000f8ccc]	PkaDoubleMdf2Mdf@000f8b48
0x000f8bea	1a60	str	r2,[r3,#0x0]	PkaDoubleMdf2Mdf@000f8b48
0x000f8bec	0a68	ldr	r2,[r1,#0x0]	PkaDoubleMdf2Mdf@000f8b48
0x000f8bee	0c92	str	r2,[sp,#0x30]	PkaDoubleMdf2Mdf@000f8b48
0x000f8bf0	0c9a	ldr	r2,[sp,#0x30]	PkaDoubleMdf2Mdf@000f8b48
0x000f8bf2	d207	lsls	r2,r2,#0x1f	PkaDoubleMdf2Mdf@000f8b48
0x000f8bf4	fad5	bpl	0x000f8bec	PkaDoubleMdf2Mdf@000f8b48
0x000f8bf6	364a	ldr	r2,[0x000f8cd0]	PkaDoubleMdf2Mdf@000f8b48
0x000f8bf8	1a60	str	r2,[r3,#0x0]	PkaDoubleMdf2Mdf@000f8b48
0x000f8bfa	0a68	ldr	r2,[r1,#0x0]	PkaDoubleMdf2Mdf@000f8b48
0x000f8bfc	0d92	str	r2,[sp,#0x34]	PkaDoubleMdf2Mdf@000f8b48
0x000f8bfe	0d9a	ldr	r2,[sp,#0x34]	PkaDoubleMdf2Mdf@000f8b48
0x000f8c00	d407	lsls	r4,r2,#0x1f	PkaDoubleMdf2Mdf@000f8b48
0x000f8c02	fad5	bpl	0x000f8bfa	PkaDoubleMdf2Mdf@000f8b48
0x000f8c04	334a	ldr	r2,[0x000f8cd4]	PkaDoubleMdf2Mdf@000f8b48
0x000f8c06	1a60	str	r2,[r3,#0x0]	PkaDoubleMdf2Mdf@000f8b48
0x000f8c08	0a68	ldr	r2,[r1,#0x0]	PkaDoubleMdf2Mdf@000f8b48
0x000f8c0a	0e92	str	r2,[sp,#0x38]	PkaDoubleMdf2Mdf@000f8b48
0x000f8c0c	0e9a	ldr	r2,[sp,#0x38]	PkaDoubleMdf2Mdf@000f8b48
0x000f8c0e	d207	lsls	r2,r2,#0x1f	PkaDoubleMdf2Mdf@000f8b48
0x000f8c10	fad5	bpl	0x000f8c08	PkaDoubleMdf2Mdf@000f8b48
0x000f8c12	314a	ldr	r2,[0x000f8cd8]	PkaDoubleMdf2Mdf@000f8b48
0x000f8c14	1a60	str	r2,[r3,#0x0]	PkaDoubleMdf2Mdf@000f8b48
0x000f8c16	0a68	ldr	r2,[r1,#0x0]	PkaDoubleMdf2Mdf@000f8b48
0x000f8c18	0f92	str	r2,[sp,#0x3c]	PkaDoubleMdf2Mdf@000f8b48
0x000f8c1a	0f9a	ldr	r2,[sp,#0x3c]	PkaDoubleMdf2Mdf@000f8b48
0x000f8c1c	d407	lsls	r4,r2,#0x1f	PkaDoubleMdf2Mdf@000f8b48
0x000f8c1e	fad5	bpl	0x000f8c16	PkaDoubleMdf2Mdf@000f8b48
0x000f8c20	2e4a	ldr	r2,[0x000f8cdc]	PkaDoubleMdf2Mdf@000f8b48
0x000f8c22	1a60	str	r2,[r3,#0x0]	PkaDoubleMdf2Mdf@000f8b48
0x000f8c24	0a68	ldr	r2,[r1,#0x0]	PkaDoubleMdf2Mdf@000f8b48
0x000f8c26	1092	str	r2,[sp,#0x40]	PkaDoubleMdf2Mdf@000f8b48
0x000f8c28	109a	ldr	r2,[sp,#0x40]	PkaDoubleMdf2Mdf@000f8b48
0x000f8c2a	d207	lsls	r2,r2,#0x1f	PkaDoubleMdf2Mdf@000f8b48
0x000f8c2c	fad5	bpl	0x000f8c24	PkaDoubleMdf2Mdf@000f8b48
0x000f8c2e	2c4a	ldr	r2,[0x000f8ce0]	PkaDoubleMdf2Mdf@000f8b48
0x000f8c30	1a60	str	r2,[r3,#0x0]	PkaDoubleMdf2Mdf@000f8b48
0x000f8c32	1a4b	ldr	r3,[0x000f8c9c]	PkaDoubleMdf2Mdf@000f8b48
0x000f8c34	1946	mov	r1,r3	PkaDoubleMdf2Mdf@000f8b48
0x000f8c36	1c68	ldr	r4,[r3,#0x0]	PkaDoubleMdf2Mdf@000f8b48
0x000f8c38	1194	str	r4,[sp,#0x44]	PkaDoubleMdf2Mdf@000f8b48
0x000f8c3a	119c	ldr	r4,[sp,#0x44]	PkaDoubleMdf2Mdf@000f8b48
0x000f8c3c	e407	lsls	r4,r4,#0x1f	PkaDoubleMdf2Mdf@000f8b48
0x000f8c3e	fad5	bpl	0x000f8c36	PkaDoubleMdf2Mdf@000f8b48
0x000f8c40	174b	ldr	r3,[0x000f8ca0]	PkaDoubleMdf2Mdf@000f8b48
0x000f8c42	1860	str	r0,[r3,#0x0]	PkaDoubleMdf2Mdf@000f8b48
0x000f8c44	0868	ldr	r0,[r1,#0x0]	PkaDoubleMdf2Mdf@000f8b48
0x000f8c46	1290	str	r0,[sp,#0x48]	PkaDoubleMdf2Mdf@000f8b48
0x000f8c48	1298	ldr	r0,[sp,#0x48]	PkaDoubleMdf2Mdf@000f8b48
0x000f8c4a	c407	lsls	r4,r0,#0x1f	PkaDoubleMdf2Mdf@000f8b48
0x000f8c4c	fad5	bpl	0x000f8c44	PkaDoubleMdf2Mdf@000f8b48
0x000f8c4e	1a60	str	r2,[r3,#0x0]	PkaDoubleMdf2Mdf@000f8b48
0x000f8c50	0a68	ldr	r2,[r1,#0x0]	PkaDoubleMdf2Mdf@000f8b48
0x000f8c52	1392	str	r2,[sp,#0x4c]	PkaDoubleMdf2Mdf@000f8b48
0x000f8c54	139a	ldr	r2,[sp,#0x4c]	PkaDoubleMdf2Mdf@000f8b48
0x000f8c56	d007	lsls	r0,r2,#0x1f	PkaDoubleMdf2Mdf@000f8b48
0x000f8c58	fad5	bpl	0x000f8c50	PkaDoubleMdf2Mdf@000f8b48
0x000f8c5a	124a	ldr	r2,[0x000f8ca4]	PkaDoubleMdf2Mdf@000f8b48
0x000f8c5c	1a60	str	r2,[r3,#0x0]	PkaDoubleMdf2Mdf@000f8b48
0x000f8c5e	0a68	ldr	r2,[r1,#0x0]	PkaDoubleMdf2Mdf@000f8b48
0x000f8c60	1492	str	r2,[sp,#0x50]	PkaDoubleMdf2Mdf@000f8b48
0x000f8c62	149a	ldr	r2,[sp,#0x50]	PkaDoubleMdf2Mdf@000f8b48
0x000f8c64	d207	lsls	r2,r2,#0x1f	PkaDoubleMdf2Mdf@000f8b48
0x000f8c66	fad5	bpl	0x000f8c5e	PkaDoubleMdf2Mdf@000f8b48
0x000f8c68	1e4a	ldr	r2,[0x000f8ce4]	PkaDoubleMdf2Mdf@000f8b48
0x000f8c6a	1a60	str	r2,[r3,#0x0]	PkaDoubleMdf2Mdf@000f8b48
0x000f8c6c	0a68	ldr	r2,[r1,#0x0]	PkaDoubleMdf2Mdf@000f8b48
0x000f8c6e	1592	str	r2,[sp,#0x54]	PkaDoubleMdf2Mdf@000f8b48
0x000f8c70	159a	ldr	r2,[sp,#0x54]	PkaDoubleMdf2Mdf@000f8b48
0x000f8c72	d407	lsls	r4,r2,#0x1f	PkaDoubleMdf2Mdf@000f8b48
0x000f8c74	fad5	bpl	0x000f8c6c	PkaDoubleMdf2Mdf@000f8b48
0x000f8c76	1c4a	ldr	r2,[0x000f8ce8]	PkaDoubleMdf2Mdf@000f8b48
0x000f8c78	1a60	str	r2,[r3,#0x0]	PkaDoubleMdf2Mdf@000f8b48
0x000f8c7a	0a68	ldr	r2,[r1,#0x0]	PkaDoubleMdf2Mdf@000f8b48
0x000f8c7c	1692	str	r2,[sp,#0x58]	PkaDoubleMdf2Mdf@000f8b48
0x000f8c7e	169a	ldr	r2,[sp,#0x58]	PkaDoubleMdf2Mdf@000f8b48
0x000f8c80	d007	lsls	r0,r2,#0x1f	PkaDoubleMdf2Mdf@000f8b48
0x000f8c82	fad5	bpl	0x000f8c7a	PkaDoubleMdf2Mdf@000f8b48
0x000f8c84	194a	ldr	r2,[0x000f8cec]	PkaDoubleMdf2Mdf@000f8b48
0x000f8c86	1a60	str	r2,[r3,#0x0]	PkaDoubleMdf2Mdf@000f8b48
0x000f8c88	0a68	ldr	r2,[r1,#0x0]	PkaDoubleMdf2Mdf@000f8b48
0x000f8c8a	1792	str	r2,[sp,#0x5c]	PkaDoubleMdf2Mdf@000f8b48
0x000f8c8c	179a	ldr	r2,[sp,#0x5c]	PkaDoubleMdf2Mdf@000f8b48
0x000f8c8e	d207	lsls	r2,r2,#0x1f	PkaDoubleMdf2Mdf@000f8b48
0x000f8c90	fad5	bpl	0x000f8c88	PkaDoubleMdf2Mdf@000f8b48
0x000f8c92	174a	ldr	r2,[0x000f8cf0]	PkaDoubleMdf2Mdf@000f8b48
0x000f8c94	1a60	str	r2,[r3,#0x0]	PkaDoubleMdf2Mdf@000f8b48
0x000f8c96	18b0	add	sp,#0x60	PkaDoubleMdf2Mdf@000f8b48
0x000f8c98	10bd	pop	{r4,pc}	PkaDoubleMdf2Mdf@000f8b48
0x000f8cf4	2de9f041	push	{r4,r5,r6,r7,r8,lr}	PkaEcdsaVerify@000f8cf4
0x000f8cf8	834b	ldr	r3,[0x000f8f08]	PkaEcdsaVerify@000f8cf4
0x000f8cfa	1d68	ldr	r5,[r3,#0x0]	PkaEcdsaVerify@000f8cf4
0x000f8cfc	9868	ldr	r0,[r3,#0x8]	PkaEcdsaVerify@000f8cf4
0x000f8cfe	2033	adds	r3,#0x20	PkaEcdsaVerify@000f8cf4
0x000f8d00	a0b0	sub	sp,#0x80	PkaEcdsaVerify@000f8cf4
0x000f8d02	1e46	mov	r6,r3	PkaEcdsaVerify@000f8cf4
0x000f8d04	1a68	ldr	r2,[r3,#0x0]	PkaEcdsaVerify@000f8cf4
0x000f8d06	0192	str	r2,[sp,#0x4]	PkaEcdsaVerify@000f8cf4
0x000f8d08	019a	ldr	r2,[sp,#0x4]	PkaEcdsaVerify@000f8cf4
0x000f8d0a	d207	lsls	r2,r2,#0x1f	PkaEcdsaVerify@000f8cf4
0x000f8d0c	fad5	bpl	0x000f8d04	PkaEcdsaVerify@000f8cf4
0x000f8d0e	7f4c	ldr	r4,[0x000f8f0c]	PkaEcdsaVerify@000f8cf4
0x000f8d10	7f4b	ldr	r3,[0x000f8f10]	PkaEcdsaVerify@000f8cf4
0x000f8d12	2360	str	r3,[r4,#0x0]	PkaEcdsaVerify@000f8cf4
0x000f8d14	3368	ldr	r3,[r6,#0x0]	PkaEcdsaVerify@000f8cf4
0x000f8d16	0293	str	r3,[sp,#0x8]	PkaEcdsaVerify@000f8cf4
0x000f8d18	029b	ldr	r3,[sp,#0x8]	PkaEcdsaVerify@000f8cf4
0x000f8d1a	df07	lsls	r7,r3,#0x1f	PkaEcdsaVerify@000f8cf4
0x000f8d1c	fad5	bpl	0x000f8d14	PkaEcdsaVerify@000f8cf4
0x000f8d1e	7d4b	ldr	r3,[0x000f8f14]	PkaEcdsaVerify@000f8cf4
0x000f8d20	2360	str	r3,[r4,#0x0]	PkaEcdsaVerify@000f8cf4
0x000f8d22	7d4b	ldr	r3,[0x000f8f18]	PkaEcdsaVerify@000f8cf4
0x000f8d24	1f46	mov	r7,r3	PkaEcdsaVerify@000f8cf4
0x000f8d26	1a68	ldr	r2,[r3,#0x0]	PkaEcdsaVerify@000f8cf4
0x000f8d28	0392	str	r2,[sp,#0xc]	PkaEcdsaVerify@000f8cf4
0x000f8d2a	039a	ldr	r2,[sp,#0xc]	PkaEcdsaVerify@000f8cf4
0x000f8d2c	d107	lsls	r1,r2,#0x1f	PkaEcdsaVerify@000f8cf4
0x000f8d2e	fad5	bpl	0x000f8d26	PkaEcdsaVerify@000f8cf4
0x000f8d30	7a4b	ldr	r3,[0x000f8f1c]	PkaEcdsaVerify@000f8cf4
0x000f8d32	1968	ldr	r1,[r3,#0x0]	PkaEcdsaVerify@000f8cf4
0x000f8d34	c1f34021	ubfx	r1,r1,#0x9,#0x1	PkaEcdsaVerify@000f8cf4
0x000f8d38	3268	ldr	r2,[r6,#0x0]	PkaEcdsaVerify@000f8cf4
0x000f8d3a	0492	str	r2,[sp,#0x10]	PkaEcdsaVerify@000f8cf4
0x000f8d3c	049a	ldr	r2,[sp,#0x10]	PkaEcdsaVerify@000f8cf4
0x000f8d3e	d207	lsls	r2,r2,#0x1f	PkaEcdsaVerify@000f8cf4
0x000f8d40	fad5	bpl	0x000f8d38	PkaEcdsaVerify@000f8cf4
0x000f8d42	774a	ldr	r2,[0x000f8f20]	PkaEcdsaVerify@000f8cf4
0x000f8d44	2260	str	r2,[r4,#0x0]	PkaEcdsaVerify@000f8cf4
0x000f8d46	3a68	ldr	r2,[r7,#0x0]	PkaEcdsaVerify@000f8cf4
0x000f8d48	0592	str	r2,[sp,#0x14]	PkaEcdsaVerify@000f8cf4
0x000f8d4a	059a	ldr	r2,[sp,#0x14]	PkaEcdsaVerify@000f8cf4
0x000f8d4c	d207	lsls	r2,r2,#0x1f	PkaEcdsaVerify@000f8cf4
0x000f8d4e	fad5	bpl	0x000f8d46	PkaEcdsaVerify@000f8cf4
0x000f8d50	1a68	ldr	r2,[r3,#0x0]	PkaEcdsaVerify@000f8cf4
0x000f8d52	c2f34022	ubfx	r2,r2,#0x9,#0x1	PkaEcdsaVerify@000f8cf4
0x000f8d56	0029	cmp	r1,#0x0	PkaEcdsaVerify@000f8cf4
0x000f8d58	00f0d180	beq.w	0x000f8efe	PkaEcdsaVerify@000f8cf4
0x000f8d5c	002a	cmp	r2,#0x0	PkaEcdsaVerify@000f8cf4
0x000f8d5e	00f0ce80	beq.w	0x000f8efe	PkaEcdsaVerify@000f8cf4
0x000f8d62	3268	ldr	r2,[r6,#0x0]	PkaEcdsaVerify@000f8cf4
0x000f8d64	0692	str	r2,[sp,#0x18]	PkaEcdsaVerify@000f8cf4
0x000f8d66	069a	ldr	r2,[sp,#0x18]	PkaEcdsaVerify@000f8cf4
0x000f8d68	d107	lsls	r1,r2,#0x1f	PkaEcdsaVerify@000f8cf4
0x000f8d6a	fad5	bpl	0x000f8d62	PkaEcdsaVerify@000f8cf4
0x000f8d6c	6d4a	ldr	r2,[0x000f8f24]	PkaEcdsaVerify@000f8cf4
0x000f8d6e	2260	str	r2,[r4,#0x0]	PkaEcdsaVerify@000f8cf4
0x000f8d70	3a68	ldr	r2,[r7,#0x0]	PkaEcdsaVerify@000f8cf4
0x000f8d72	0792	str	r2,[sp,#0x1c]	PkaEcdsaVerify@000f8cf4
0x000f8d74	079a	ldr	r2,[sp,#0x1c]	PkaEcdsaVerify@000f8cf4
0x000f8d76	d207	lsls	r2,r2,#0x1f	PkaEcdsaVerify@000f8cf4
0x000f8d78	fad5	bpl	0x000f8d70	PkaEcdsaVerify@000f8cf4
0x000f8d7a	1a68	ldr	r2,[r3,#0x0]	PkaEcdsaVerify@000f8cf4
0x000f8d7c	c2f34022	ubfx	r2,r2,#0x9,#0x1	PkaEcdsaVerify@000f8cf4
0x000f8d80	3168	ldr	r1,[r6,#0x0]	PkaEcdsaVerify@000f8cf4
0x000f8d82	0891	str	r1,[sp,#0x20]	PkaEcdsaVerify@000f8cf4
0x000f8d84	0899	ldr	r1,[sp,#0x20]	PkaEcdsaVerify@000f8cf4
0x000f8d86	c907	lsls	r1,r1,#0x1f	PkaEcdsaVerify@000f8cf4
0x000f8d88	fad5	bpl	0x000f8d80	PkaEcdsaVerify@000f8cf4
0x000f8d8a	6749	ldr	r1,[0x000f8f28]	PkaEcdsaVerify@000f8cf4
0x000f8d8c	2160	str	r1,[r4,#0x0]	PkaEcdsaVerify@000f8cf4
0x000f8d8e	3968	ldr	r1,[r7,#0x0]	PkaEcdsaVerify@000f8cf4
0x000f8d90	0991	str	r1,[sp,#0x24]	PkaEcdsaVerify@000f8cf4
0x000f8d92	0999	ldr	r1,[sp,#0x24]	PkaEcdsaVerify@000f8cf4
0x000f8d94	c907	lsls	r1,r1,#0x1f	PkaEcdsaVerify@000f8cf4
0x000f8d96	fad5	bpl	0x000f8d8e	PkaEcdsaVerify@000f8cf4
0x000f8d98	1b68	ldr	r3,[r3,#0x0]	PkaEcdsaVerify@000f8cf4
0x000f8d9a	c3f34023	ubfx	r3,r3,#0x9,#0x1	PkaEcdsaVerify@000f8cf4
0x000f8d9e	002a	cmp	r2,#0x0	PkaEcdsaVerify@000f8cf4
0x000f8da0	00f0af80	beq.w	0x000f8f02	PkaEcdsaVerify@000f8cf4
0x000f8da4	002b	cmp	r3,#0x0	PkaEcdsaVerify@000f8cf4
0x000f8da6	00f0ac80	beq.w	0x000f8f02	PkaEcdsaVerify@000f8cf4
0x000f8daa	3368	ldr	r3,[r6,#0x0]	PkaEcdsaVerify@000f8cf4
0x000f8dac	0a93	str	r3,[sp,#0x28]	PkaEcdsaVerify@000f8cf4
0x000f8dae	0a9b	ldr	r3,[sp,#0x28]	PkaEcdsaVerify@000f8cf4
0x000f8db0	da07	lsls	r2,r3,#0x1f	PkaEcdsaVerify@000f8cf4
0x000f8db2	fad5	bpl	0x000f8daa	PkaEcdsaVerify@000f8cf4
0x000f8db4	564b	ldr	r3,[0x000f8f10]	PkaEcdsaVerify@000f8cf4
0x000f8db6	2360	str	r3,[r4,#0x0]	PkaEcdsaVerify@000f8cf4
0x000f8db8	3368	ldr	r3,[r6,#0x0]	PkaEcdsaVerify@000f8cf4
0x000f8dba	0b93	str	r3,[sp,#0x2c]	PkaEcdsaVerify@000f8cf4
0x000f8dbc	0b9b	ldr	r3,[sp,#0x2c]	PkaEcdsaVerify@000f8cf4
0x000f8dbe	db07	lsls	r3,r3,#0x1f	PkaEcdsaVerify@000f8cf4
0x000f8dc0	fad5	bpl	0x000f8db8	PkaEcdsaVerify@000f8cf4
0x000f8dc2	5a4a	ldr	r2,[0x000f8f2c]	PkaEcdsaVerify@000f8cf4
0x000f8dc4	2260	str	r2,[r4,#0x0]	PkaEcdsaVerify@000f8cf4
0x000f8dc6	3368	ldr	r3,[r6,#0x0]	PkaEcdsaVerify@000f8cf4
0x000f8dc8	0c93	str	r3,[sp,#0x30]	PkaEcdsaVerify@000f8cf4
0x000f8dca	0c9b	ldr	r3,[sp,#0x30]	PkaEcdsaVerify@000f8cf4
0x000f8dcc	df07	lsls	r7,r3,#0x1f	PkaEcdsaVerify@000f8cf4
0x000f8dce	fad5	bpl	0x000f8dc6	PkaEcdsaVerify@000f8cf4
0x000f8dd0	574b	ldr	r3,[0x000f8f30]	PkaEcdsaVerify@000f8cf4
0x000f8dd2	2360	str	r3,[r4,#0x0]	PkaEcdsaVerify@000f8cf4
0x000f8dd4	3368	ldr	r3,[r6,#0x0]	PkaEcdsaVerify@000f8cf4
0x000f8dd6	0d93	str	r3,[sp,#0x34]	PkaEcdsaVerify@000f8cf4
0x000f8dd8	0d9b	ldr	r3,[sp,#0x34]	PkaEcdsaVerify@000f8cf4
0x000f8dda	d907	lsls	r1,r3,#0x1f	PkaEcdsaVerify@000f8cf4
0x000f8ddc	fad5	bpl	0x000f8dd4	PkaEcdsaVerify@000f8cf4
0x000f8dde	554b	ldr	r3,[0x000f8f34]	PkaEcdsaVerify@000f8cf4
0x000f8de0	2360	str	r3,[r4,#0x0]	PkaEcdsaVerify@000f8cf4
0x000f8de2	3368	ldr	r3,[r6,#0x0]	PkaEcdsaVerify@000f8cf4
0x000f8de4	0e93	str	r3,[sp,#0x38]	PkaEcdsaVerify@000f8cf4
0x000f8de6	0e9b	ldr	r3,[sp,#0x38]	PkaEcdsaVerify@000f8cf4
0x000f8de8	db07	lsls	r3,r3,#0x1f	PkaEcdsaVerify@000f8cf4
0x000f8dea	fad5	bpl	0x000f8de2	PkaEcdsaVerify@000f8cf4
0x000f8dec	524b	ldr	r3,[0x000f8f38]	PkaEcdsaVerify@000f8cf4
0x000f8dee	2360	str	r3,[r4,#0x0]	PkaEcdsaVerify@000f8cf4
0x000f8df0	3368	ldr	r3,[r6,#0x0]	PkaEcdsaVerify@000f8cf4
0x000f8df2	0f93	str	r3,[sp,#0x3c]	PkaEcdsaVerify@000f8cf4
0x000f8df4	0f9b	ldr	r3,[sp,#0x3c]	PkaEcdsaVerify@000f8cf4
0x000f8df6	df07	lsls	r7,r3,#0x1f	PkaEcdsaVerify@000f8cf4
0x000f8df8	fad5	bpl	0x000f8df0	PkaEcdsaVerify@000f8cf4
0x000f8dfa	504b	ldr	r3,[0x000f8f3c]	PkaEcdsaVerify@000f8cf4
0x000f8dfc	2360	str	r3,[r4,#0x0]	PkaEcdsaVerify@000f8cf4
0x000f8dfe	504b	ldr	r3,[0x000f8f40]	PkaEcdsaVerify@000f8cf4
0x000f8e00	1e46	mov	r6,r3	PkaEcdsaVerify@000f8cf4
0x000f8e02	1968	ldr	r1,[r3,#0x0]	PkaEcdsaVerify@000f8cf4
0x000f8e04	1091	str	r1,[sp,#0x40]	PkaEcdsaVerify@000f8cf4
0x000f8e06	1099	ldr	r1,[sp,#0x40]	PkaEcdsaVerify@000f8cf4
0x000f8e08	c907	lsls	r1,r1,#0x1f	PkaEcdsaVerify@000f8cf4
0x000f8e0a	fad5	bpl	0x000f8e02	PkaEcdsaVerify@000f8cf4
0x000f8e0c	3f4c	ldr	r4,[0x000f8f0c]	PkaEcdsaVerify@000f8cf4
0x000f8e0e	4d4b	ldr	r3,[0x000f8f44]	PkaEcdsaVerify@000f8cf4
0x000f8e10	2360	str	r3,[r4,#0x0]	PkaEcdsaVerify@000f8cf4
0x000f8e12	3368	ldr	r3,[r6,#0x0]	PkaEcdsaVerify@000f8cf4
0x000f8e14	1193	str	r3,[sp,#0x44]	PkaEcdsaVerify@000f8cf4
0x000f8e16	119b	ldr	r3,[sp,#0x44]	PkaEcdsaVerify@000f8cf4
0x000f8e18	db07	lsls	r3,r3,#0x1f	PkaEcdsaVerify@000f8cf4
0x000f8e1a	fad5	bpl	0x000f8e12	PkaEcdsaVerify@000f8cf4
0x000f8e1c	4a4b	ldr	r3,[0x000f8f48]	PkaEcdsaVerify@000f8cf4
0x000f8e1e	2360	str	r3,[r4,#0x0]	PkaEcdsaVerify@000f8cf4
0x000f8e20	3368	ldr	r3,[r6,#0x0]	PkaEcdsaVerify@000f8cf4
0x000f8e22	1293	str	r3,[sp,#0x48]	PkaEcdsaVerify@000f8cf4
0x000f8e24	129b	ldr	r3,[sp,#0x48]	PkaEcdsaVerify@000f8cf4
0x000f8e26	df07	lsls	r7,r3,#0x1f	PkaEcdsaVerify@000f8cf4
0x000f8e28	fad5	bpl	0x000f8e20	PkaEcdsaVerify@000f8cf4
0x000f8e2a	484b	ldr	r3,[0x000f8f4c]	PkaEcdsaVerify@000f8cf4
0x000f8e2c	2360	str	r3,[r4,#0x0]	PkaEcdsaVerify@000f8cf4
0x000f8e2e	3a4b	ldr	r3,[0x000f8f18]	PkaEcdsaVerify@000f8cf4
0x000f8e30	9846	mov	r8,r3	PkaEcdsaVerify@000f8cf4
0x000f8e32	1968	ldr	r1,[r3,#0x0]	PkaEcdsaVerify@000f8cf4
0x000f8e34	1391	str	r1,[sp,#0x4c]	PkaEcdsaVerify@000f8cf4
0x000f8e36	1399	ldr	r1,[sp,#0x4c]	PkaEcdsaVerify@000f8cf4
0x000f8e38	c907	lsls	r1,r1,#0x1f	PkaEcdsaVerify@000f8cf4
0x000f8e3a	fad5	bpl	0x000f8e32	PkaEcdsaVerify@000f8cf4
0x000f8e3c	324f	ldr	r7,[0x000f8f08]	PkaEcdsaVerify@000f8cf4
0x000f8e3e	3860	str	r0,[r7,#0x0]	PkaEcdsaVerify@000f8cf4
0x000f8e40	3368	ldr	r3,[r6,#0x0]	PkaEcdsaVerify@000f8cf4
0x000f8e42	1493	str	r3,[sp,#0x50]	PkaEcdsaVerify@000f8cf4
0x000f8e44	149b	ldr	r3,[sp,#0x50]	PkaEcdsaVerify@000f8cf4
0x000f8e46	db07	lsls	r3,r3,#0x1f	PkaEcdsaVerify@000f8cf4
0x000f8e48	fad5	bpl	0x000f8e40	PkaEcdsaVerify@000f8cf4
0x000f8e4a	2260	str	r2,[r4,#0x0]	PkaEcdsaVerify@000f8cf4
0x000f8e4c	3368	ldr	r3,[r6,#0x0]	PkaEcdsaVerify@000f8cf4
0x000f8e4e	1593	str	r3,[sp,#0x54]	PkaEcdsaVerify@000f8cf4
0x000f8e50	159b	ldr	r3,[sp,#0x54]	PkaEcdsaVerify@000f8cf4
0x000f8e52	d807	lsls	r0,r3,#0x1f	PkaEcdsaVerify@000f8cf4
0x000f8e54	fad5	bpl	0x000f8e4c	PkaEcdsaVerify@000f8cf4
0x000f8e56	3e4b	ldr	r3,[0x000f8f50]	PkaEcdsaVerify@000f8cf4
0x000f8e58	2360	str	r3,[r4,#0x0]	PkaEcdsaVerify@000f8cf4
0x000f8e5a	3368	ldr	r3,[r6,#0x0]	PkaEcdsaVerify@000f8cf4
0x000f8e5c	1693	str	r3,[sp,#0x58]	PkaEcdsaVerify@000f8cf4
0x000f8e5e	169b	ldr	r3,[sp,#0x58]	PkaEcdsaVerify@000f8cf4
0x000f8e60	d907	lsls	r1,r3,#0x1f	PkaEcdsaVerify@000f8cf4
0x000f8e62	fad5	bpl	0x000f8e5a	PkaEcdsaVerify@000f8cf4
0x000f8e64	3b4b	ldr	r3,[0x000f8f54]	PkaEcdsaVerify@000f8cf4
0x000f8e66	2360	str	r3,[r4,#0x0]	PkaEcdsaVerify@000f8cf4
0x000f8e68	3368	ldr	r3,[r6,#0x0]	PkaEcdsaVerify@000f8cf4
0x000f8e6a	1793	str	r3,[sp,#0x5c]	PkaEcdsaVerify@000f8cf4
0x000f8e6c	179b	ldr	r3,[sp,#0x5c]	PkaEcdsaVerify@000f8cf4
0x000f8e6e	da07	lsls	r2,r3,#0x1f	PkaEcdsaVerify@000f8cf4
0x000f8e70	fad5	bpl	0x000f8e68	PkaEcdsaVerify@000f8cf4
0x000f8e72	394b	ldr	r3,[0x000f8f58]	PkaEcdsaVerify@000f8cf4
0x000f8e74	2360	str	r3,[r4,#0x0]	PkaEcdsaVerify@000f8cf4
0x000f8e76	3368	ldr	r3,[r6,#0x0]	PkaEcdsaVerify@000f8cf4
0x000f8e78	1893	str	r3,[sp,#0x60]	PkaEcdsaVerify@000f8cf4
0x000f8e7a	189b	ldr	r3,[sp,#0x60]	PkaEcdsaVerify@000f8cf4
0x000f8e7c	db07	lsls	r3,r3,#0x1f	PkaEcdsaVerify@000f8cf4
0x000f8e7e	fad5	bpl	0x000f8e76	PkaEcdsaVerify@000f8cf4
0x000f8e80	364b	ldr	r3,[0x000f8f5c]	PkaEcdsaVerify@000f8cf4
0x000f8e82	2360	str	r3,[r4,#0x0]	PkaEcdsaVerify@000f8cf4
0x000f8e84	3368	ldr	r3,[r6,#0x0]	PkaEcdsaVerify@000f8cf4
0x000f8e86	1993	str	r3,[sp,#0x64]	PkaEcdsaVerify@000f8cf4
0x000f8e88	199b	ldr	r3,[sp,#0x64]	PkaEcdsaVerify@000f8cf4
0x000f8e8a	d807	lsls	r0,r3,#0x1f	PkaEcdsaVerify@000f8cf4
0x000f8e8c	fad5	bpl	0x000f8e84	PkaEcdsaVerify@000f8cf4
0x000f8e8e	344b	ldr	r3,[0x000f8f60]	PkaEcdsaVerify@000f8cf4
0x000f8e90	2360	str	r3,[r4,#0x0]	PkaEcdsaVerify@000f8cf4
0x000f8e92	3368	ldr	r3,[r6,#0x0]	PkaEcdsaVerify@000f8cf4
0x000f8e94	1a93	str	r3,[sp,#0x68]	PkaEcdsaVerify@000f8cf4
0x000f8e96	1a9b	ldr	r3,[sp,#0x68]	PkaEcdsaVerify@000f8cf4
0x000f8e98	d907	lsls	r1,r3,#0x1f	PkaEcdsaVerify@000f8cf4
0x000f8e9a	fad5	bpl	0x000f8e92	PkaEcdsaVerify@000f8cf4
0x000f8e9c	314b	ldr	r3,[0x000f8f64]	PkaEcdsaVerify@000f8cf4
0x000f8e9e	2360	str	r3,[r4,#0x0]	PkaEcdsaVerify@000f8cf4
0x000f8ea0	3368	ldr	r3,[r6,#0x0]	PkaEcdsaVerify@000f8cf4
0x000f8ea2	1b93	str	r3,[sp,#0x6c]	PkaEcdsaVerify@000f8cf4
0x000f8ea4	1b9b	ldr	r3,[sp,#0x6c]	PkaEcdsaVerify@000f8cf4
0x000f8ea6	da07	lsls	r2,r3,#0x1f	PkaEcdsaVerify@000f8cf4
0x000f8ea8	fad5	bpl	0x000f8ea0	PkaEcdsaVerify@000f8cf4
0x000f8eaa	2f4b	ldr	r3,[0x000f8f68]	PkaEcdsaVerify@000f8cf4
0x000f8eac	2360	str	r3,[r4,#0x0]	PkaEcdsaVerify@000f8cf4
0x000f8eae	00f0d3f9	bl	0x000f9258	PkaEcdsaVerify@000f8cf4
0x000f8eb2	08bb	cbnz	r0,0x000f8ef8	PkaEcdsaVerify@000f8cf4
0x000f8eb4	d8f80030	ldr.w	r3,[r8,#0x0]	PkaEcdsaVerify@000f8cf4
0x000f8eb8	1c93	str	r3,[sp,#0x70]	PkaEcdsaVerify@000f8cf4
0x000f8eba	1c9b	ldr	r3,[sp,#0x70]	PkaEcdsaVerify@000f8cf4
0x000f8ebc	db07	lsls	r3,r3,#0x1f	PkaEcdsaVerify@000f8cf4
0x000f8ebe	f9d5	bpl	0x000f8eb4	PkaEcdsaVerify@000f8cf4
0x000f8ec0	3d60	str	r5,[r7,#0x0]	PkaEcdsaVerify@000f8cf4
0x000f8ec2	3368	ldr	r3,[r6,#0x0]	PkaEcdsaVerify@000f8cf4
0x000f8ec4	1d93	str	r3,[sp,#0x74]	PkaEcdsaVerify@000f8cf4
0x000f8ec6	1d9b	ldr	r3,[sp,#0x74]	PkaEcdsaVerify@000f8cf4
0x000f8ec8	d907	lsls	r1,r3,#0x1f	PkaEcdsaVerify@000f8cf4
0x000f8eca	fad5	bpl	0x000f8ec2	PkaEcdsaVerify@000f8cf4
0x000f8ecc	274b	ldr	r3,[0x000f8f6c]	PkaEcdsaVerify@000f8cf4
0x000f8ece	2360	str	r3,[r4,#0x0]	PkaEcdsaVerify@000f8cf4
0x000f8ed0	3368	ldr	r3,[r6,#0x0]	PkaEcdsaVerify@000f8cf4
0x000f8ed2	1e93	str	r3,[sp,#0x78]	PkaEcdsaVerify@000f8cf4
0x000f8ed4	1e9b	ldr	r3,[sp,#0x78]	PkaEcdsaVerify@000f8cf4
0x000f8ed6	da07	lsls	r2,r3,#0x1f	PkaEcdsaVerify@000f8cf4
0x000f8ed8	fad5	bpl	0x000f8ed0	PkaEcdsaVerify@000f8cf4
0x000f8eda	254b	ldr	r3,[0x000f8f70]	PkaEcdsaVerify@000f8cf4
0x000f8edc	2360	str	r3,[r4,#0x0]	PkaEcdsaVerify@000f8cf4
0x000f8ede	d8f80030	ldr.w	r3,[r8,#0x0]	PkaEcdsaVerify@000f8cf4
0x000f8ee2	1f93	str	r3,[sp,#0x7c]	PkaEcdsaVerify@000f8cf4
0x000f8ee4	1f9b	ldr	r3,[sp,#0x7c]	PkaEcdsaVerify@000f8cf4
0x000f8ee6	db07	lsls	r3,r3,#0x1f	PkaEcdsaVerify@000f8cf4
0x000f8ee8	f9d5	bpl	0x000f8ede	PkaEcdsaVerify@000f8cf4
0x000f8eea	0c4b	ldr	r3,[0x000f8f1c]	PkaEcdsaVerify@000f8cf4
0x000f8eec	1b68	ldr	r3,[r3,#0x0]	PkaEcdsaVerify@000f8cf4
0x000f8eee	13f4805f	tst	r3,#0x1000	PkaEcdsaVerify@000f8cf4
0x000f8ef2	204b	ldr	r3,[0x000f8f74]	PkaEcdsaVerify@000f8cf4
0x000f8ef4	08bf	it	eq	PkaEcdsaVerify@000f8cf4
0x000f8ef6	1846	mov.eq	r0,r3	PkaEcdsaVerify@000f8cf4
0x000f8ef8	20b0	add	sp,#0x80	PkaEcdsaVerify@000f8cf4
0x000f8efa	bde8f081	pop.w	{r4,r5,r6,r7,r8,pc}	PkaEcdsaVerify@000f8cf4
0x000f8efe	1e48	ldr	r0,[0x000f8f78]	PkaEcdsaVerify@000f8cf4
0x000f8f00	fae7	b	0x000f8ef8	PkaEcdsaVerify@000f8cf4
0x000f8f02	1e48	ldr	r0,[0x000f8f7c]	PkaEcdsaVerify@000f8cf4
0x000f8f04	f8e7	b	0x000f8ef8	PkaEcdsaVerify@000f8cf4
0x000f8f80	08b5	push	{r3,lr}	PkaFinishAndMutexUnlock@000f8f80
0x000f8f82	40b1	cbz	r0,0x000f8f96	PkaFinishAndMutexUnlock@000f8f80
0x000f8f84	2028	cmp	r0,#0x20	PkaFinishAndMutexUnlock@000f8f80
0x000f8f86	0146	mov	r1,r0	PkaFinishAndMutexUnlock@000f8f80
0x000f8f88	4ff00702	mov.w	r2,#0x7	PkaFinishAndMutexUnlock@000f8f80
0x000f8f8c	28bf	it	cs	PkaFinishAndMutexUnlock@000f8f80
0x000f8f8e	2021	mov.cs	r1,#0x20	PkaFinishAndMutexUnlock@000f8f80
0x000f8f90	0020	movs	r0,#0x0	PkaFinishAndMutexUnlock@000f8f80
0x000f8f92	fff71ffc	bl	0x000f87d4	PkaFinishAndMutexUnlock@000f8f80
0x000f8f96	024b	ldr	r3,[0x000f8fa0]	PkaFinishAndMutexUnlock@000f8f80
0x000f8f98	0022	movs	r2,#0x0	PkaFinishAndMutexUnlock@000f8f80
0x000f8f9a	1a60	str	r2,[r3,#0x0]	PkaFinishAndMutexUnlock@000f8f80
0x000f8f9c	08bd	pop	{r3,pc}	PkaFinishAndMutexUnlock@000f8f80
0x000f8fa4	f0b5	push	{r4,r5,r6,r7,lr}	PkaGetNextMsBit@000f8fa4
0x000f8fa6	1d68	ldr	r5,[r3,#0x0]	PkaGetNextMsBit@000f8fa4
0x000f8fa8	85b0	sub	sp,#0x14	PkaGetNextMsBit@000f8fa4
0x000f8faa	01f01f04	and	r4,r1,#0x1f	PkaGetNextMsBit@000f8fa4
0x000f8fae	0db9	cbnz	r5,0x000f8fb4	PkaGetNextMsBit@000f8fa4
0x000f8fb0	1f2c	cmp	r4,#0x1f	PkaGetNextMsBit@000f8fa4
0x000f8fb2	25d1	bne	0x000f9000	PkaGetNextMsBit@000f8fa4
0x000f8fb4	154d	ldr	r5,[0x000f900c]	PkaGetNextMsBit@000f8fa4
0x000f8fb6	2e46	mov	r6,r5	PkaGetNextMsBit@000f8fa4
0x000f8fb8	2f68	ldr	r7,[r5,#0x0]	PkaGetNextMsBit@000f8fa4
0x000f8fba	0197	str	r7,[sp,#0x4]	PkaGetNextMsBit@000f8fa4
0x000f8fbc	019f	ldr	r7,[sp,#0x4]	PkaGetNextMsBit@000f8fa4
0x000f8fbe	ff07	lsls	r7,r7,#0x1f	PkaGetNextMsBit@000f8fa4
0x000f8fc0	fad5	bpl	0x000f8fb8	PkaGetNextMsBit@000f8fa4
0x000f8fc2	00f1a050	add.w	r0,r0,#0x14000000	PkaGetNextMsBit@000f8fa4
0x000f8fc6	00f52c40	add.w	r0,r0,#0xac00	PkaGetNextMsBit@000f8fa4
0x000f8fca	8000	lsls	r0,r0,#0x2	PkaGetNextMsBit@000f8fa4
0x000f8fcc	0068	ldr	r0,[r0,#0x0]	PkaGetNextMsBit@000f8fa4
0x000f8fce	3568	ldr	r5,[r6,#0x0]	PkaGetNextMsBit@000f8fa4
0x000f8fd0	0395	str	r5,[sp,#0xc]	PkaGetNextMsBit@000f8fa4
0x000f8fd2	039d	ldr	r5,[sp,#0xc]	PkaGetNextMsBit@000f8fa4
0x000f8fd4	ed07	lsls	r5,r5,#0x1f	PkaGetNextMsBit@000f8fa4
0x000f8fd6	fad5	bpl	0x000f8fce	PkaGetNextMsBit@000f8fa4
0x000f8fd8	0d4d	ldr	r5,[0x000f9010]	PkaGetNextMsBit@000f8fa4
0x000f8fda	00eb6110	add.w	r0,r0,r1, asr #0x5	PkaGetNextMsBit@000f8fa4
0x000f8fde	2860	str	r0,[r5,#0x0]	PkaGetNextMsBit@000f8fa4
0x000f8fe0	0c48	ldr	r0,[0x000f9014]	PkaGetNextMsBit@000f8fa4
0x000f8fe2	0068	ldr	r0,[r0,#0x0]	PkaGetNextMsBit@000f8fa4
0x000f8fe4	0290	str	r0,[sp,#0x8]	PkaGetNextMsBit@000f8fa4
0x000f8fe6	1f2c	cmp	r4,#0x1f	PkaGetNextMsBit@000f8fa4
0x000f8fe8	18bf	it	ne	PkaGetNextMsBit@000f8fa4
0x000f8fea	c943	mvn.ne	r1,r1	PkaGetNextMsBit@000f8fa4
0x000f8fec	0298	ldr	r0,[sp,#0x8]	PkaGetNextMsBit@000f8fa4
0x000f8fee	0fbf	iteee	eq	PkaGetNextMsBit@000f8fa4
0x000f8ff0	1060	str.eq	r0,[r2,#0x0]	PkaGetNextMsBit@000f8fa4
0x000f8ff2	01f01f01	and.ne	r1,r1,#0x1f	PkaGetNextMsBit@000f8fa4
0x000f8ff6	00fa01f1	lsl.ne.w	r1,r0,r1	PkaGetNextMsBit@000f8fa4
0x000f8ffa	1160	str.ne	r1,[r2,#0x0]	PkaGetNextMsBit@000f8fa4
0x000f8ffc	0021	movs	r1,#0x0	PkaGetNextMsBit@000f8fa4
0x000f8ffe	1960	str	r1,[r3,#0x0]	PkaGetNextMsBit@000f8fa4
0x000f9000	1068	ldr	r0,[r2,#0x0]	PkaGetNextMsBit@000f8fa4
0x000f9002	4300	lsls	r3,r0,#0x1	PkaGetNextMsBit@000f8fa4
0x000f9004	c00f	lsrs	r0,r0,#0x1f	PkaGetNextMsBit@000f8fa4
0x000f9006	1360	str	r3,[r2,#0x0]	PkaGetNextMsBit@000f8fa4
0x000f9008	05b0	add	sp,#0x14	PkaGetNextMsBit@000f8fa4
0x000f900a	f0bd	pop	{r4,r5,r6,r7,pc}	PkaGetNextMsBit@000f8fa4
0x000f9018	30b5	push	{r4,r5,lr}	PkaGetRegEffectiveSizeInBits@000f9018
0x000f901a	1f4b	ldr	r3,[0x000f9098]	PkaGetRegEffectiveSizeInBits@000f9018
0x000f901c	85b0	sub	sp,#0x14	PkaGetRegEffectiveSizeInBits@000f9018
0x000f901e	1a46	mov	r2,r3	PkaGetRegEffectiveSizeInBits@000f9018
0x000f9020	1968	ldr	r1,[r3,#0x0]	PkaGetRegEffectiveSizeInBits@000f9018
0x000f9022	0091	str	r1,[sp,#0x0]	PkaGetRegEffectiveSizeInBits@000f9018
0x000f9024	0099	ldr	r1,[sp,#0x0]	PkaGetRegEffectiveSizeInBits@000f9018
0x000f9026	cc07	lsls	r4,r1,#0x1f	PkaGetRegEffectiveSizeInBits@000f9018
0x000f9028	fad5	bpl	0x000f9020	PkaGetRegEffectiveSizeInBits@000f9018
0x000f902a	00f1a050	add.w	r0,r0,#0x14000000	PkaGetRegEffectiveSizeInBits@000f9018
0x000f902e	00f52c40	add.w	r0,r0,#0xac00	PkaGetRegEffectiveSizeInBits@000f9018
0x000f9032	8000	lsls	r0,r0,#0x2	PkaGetRegEffectiveSizeInBits@000f9018
0x000f9034	0168	ldr	r1,[r0,#0x0]	PkaGetRegEffectiveSizeInBits@000f9018
0x000f9036	1368	ldr	r3,[r2,#0x0]	PkaGetRegEffectiveSizeInBits@000f9018
0x000f9038	0193	str	r3,[sp,#0x4]	PkaGetRegEffectiveSizeInBits@000f9018
0x000f903a	019b	ldr	r3,[sp,#0x4]	PkaGetRegEffectiveSizeInBits@000f9018
0x000f903c	d807	lsls	r0,r3,#0x1f	PkaGetRegEffectiveSizeInBits@000f9018
0x000f903e	fad5	bpl	0x000f9036	PkaGetRegEffectiveSizeInBits@000f9018
0x000f9040	164b	ldr	r3,[0x000f909c]	PkaGetRegEffectiveSizeInBits@000f9018
0x000f9042	174c	ldr	r4,[0x000f90a0]	PkaGetRegEffectiveSizeInBits@000f9018
0x000f9044	1b68	ldr	r3,[r3,#0x0]	PkaGetRegEffectiveSizeInBits@000f9018
0x000f9046	174d	ldr	r5,[0x000f90a4]	PkaGetRegEffectiveSizeInBits@000f9018
0x000f9048	13f11f00	adds.w	r0,r3,#0x1f	PkaGetRegEffectiveSizeInBits@000f9018
0x000f904c	48bf	it	mi	PkaGetRegEffectiveSizeInBits@000f9018
0x000f904e	03f13e00	add.mi.w	r0,r3,#0x3e	PkaGetRegEffectiveSizeInBits@000f9018
0x000f9052	4011	asrs	r0,r0,#0x5	PkaGetRegEffectiveSizeInBits@000f9018
0x000f9054	0138	subs	r0,#0x1	PkaGetRegEffectiveSizeInBits@000f9018
0x000f9056	0028	cmp	r0,#0x0	PkaGetRegEffectiveSizeInBits@000f9018
0x000f9058	10da	bge	0x000f907c	PkaGetRegEffectiveSizeInBits@000f9018
0x000f905a	0023	movs	r3,#0x0	PkaGetRegEffectiveSizeInBits@000f9018
0x000f905c	0130	adds	r0,#0x1	PkaGetRegEffectiveSizeInBits@000f9018
0x000f905e	4001	lsls	r0,r0,#0x5	PkaGetRegEffectiveSizeInBits@000f9018
0x000f9060	53b1	cbz	r3,0x000f9078	PkaGetRegEffectiveSizeInBits@000f9018
0x000f9062	a0f12001	sub.w	r1,r0,#0x20	PkaGetRegEffectiveSizeInBits@000f9018
0x000f9066	4ff00042	mov.w	r2,#0x80000000	PkaGetRegEffectiveSizeInBits@000f9018
0x000f906a	1342	tst	r3,r2	PkaGetRegEffectiveSizeInBits@000f9018
0x000f906c	04d1	bne	0x000f9078	PkaGetRegEffectiveSizeInBits@000f9018
0x000f906e	0138	subs	r0,#0x1	PkaGetRegEffectiveSizeInBits@000f9018
0x000f9070	8842	cmp	r0,r1	PkaGetRegEffectiveSizeInBits@000f9018
0x000f9072	4fea5202	lsr.w	r2,r2,#0x1	PkaGetRegEffectiveSizeInBits@000f9018
0x000f9076	f8d1	bne	0x000f906a	PkaGetRegEffectiveSizeInBits@000f9018
0x000f9078	05b0	add	sp,#0x14	PkaGetRegEffectiveSizeInBits@000f9018
0x000f907a	30bd	pop	{r4,r5,pc}	PkaGetRegEffectiveSizeInBits@000f9018
0x000f907c	1368	ldr	r3,[r2,#0x0]	PkaGetRegEffectiveSizeInBits@000f9018
0x000f907e	0393	str	r3,[sp,#0xc]	PkaGetRegEffectiveSizeInBits@000f9018
0x000f9080	039b	ldr	r3,[sp,#0xc]	PkaGetRegEffectiveSizeInBits@000f9018
0x000f9082	db07	lsls	r3,r3,#0x1f	PkaGetRegEffectiveSizeInBits@000f9018
0x000f9084	fad5	bpl	0x000f907c	PkaGetRegEffectiveSizeInBits@000f9018
0x000f9086	4318	adds	r3,r0,r1	PkaGetRegEffectiveSizeInBits@000f9018
0x000f9088	2360	str	r3,[r4,#0x0]	PkaGetRegEffectiveSizeInBits@000f9018
0x000f908a	2b68	ldr	r3,[r5,#0x0]	PkaGetRegEffectiveSizeInBits@000f9018
0x000f908c	0293	str	r3,[sp,#0x8]	PkaGetRegEffectiveSizeInBits@000f9018
0x000f908e	029b	ldr	r3,[sp,#0x8]	PkaGetRegEffectiveSizeInBits@000f9018
0x000f9090	002b	cmp	r3,#0x0	PkaGetRegEffectiveSizeInBits@000f9018
0x000f9092	e3d1	bne	0x000f905c	PkaGetRegEffectiveSizeInBits@000f9018
0x000f9094	0138	subs	r0,#0x1	PkaGetRegEffectiveSizeInBits@000f9018
0x000f9096	dee7	b	0x000f9056	PkaGetRegEffectiveSizeInBits@000f9018
0x000f90a8	0a46	mov	r2,r1	PkaInitPka@000f90a8
0x000f90aa	0021	movs	r1,#0x0	PkaInitPka@000f90a8
0x000f90ac	aff30080	nop.w		PkaInitPka@000f90a8
0x000f90b0	38b5	push	{r3,r4,r5,lr}	PkaInitPka@000f90a8
0x000f90b2	a0f12003	sub.w	r3,r0,#0x20	PkaInitPka@000f90a8
0x000f90b6	b3f5426f	cmp.w	r3,#0xc20	PkaInitPka@000f90a8
0x000f90ba	0546	mov	r5,r0	PkaInitPka@000f90a8
0x000f90bc	2cd8	bhi	0x000f9118	PkaInitPka@000f90a8
0x000f90be	8f28	cmp	r0,#0x8f	PkaInitPka@000f90a8
0x000f90c0	26d8	bhi	0x000f9110	PkaInitPka@000f90a8
0x000f90c2	00f14703	add.w	r3,r0,#0x47	PkaInitPka@000f90a8
0x000f90c6	00f16604	add.w	r4,r0,#0x66	PkaInitPka@000f90a8
0x000f90ca	db06	lsls	r3,r3,#0x1b	PkaInitPka@000f90a8
0x000f90cc	4fea5414	lsr.w	r4,r4,#0x5	PkaInitPka@000f90a8
0x000f90d0	00d0	beq	0x000f90d4	PkaInitPka@000f90a8
0x000f90d2	0134	adds	r4,#0x1	PkaInitPka@000f90a8
0x000f90d4	6401	lsls	r4,r4,#0x5	PkaInitPka@000f90a8
0x000f90d6	3f34	adds	r4,#0x3f	PkaInitPka@000f90a8
0x000f90d8	a409	lsrs	r4,r4,#0x6	PkaInitPka@000f90a8
0x000f90da	0134	adds	r4,#0x1	PkaInitPka@000f90a8
0x000f90dc	11b1	cbz	r1,0x000f90e4	PkaInitPka@000f90a8
0x000f90de	8c42	cmp	r4,r1	PkaInitPka@000f90a8
0x000f90e0	1ad8	bhi	0x000f9118	PkaInitPka@000f90a8
0x000f90e2	0c46	mov	r4,r1	PkaInitPka@000f90a8
0x000f90e4	e300	lsls	r3,r4,#0x3	PkaInitPka@000f90a8
0x000f90e6	4ff48050	mov.w	r0,#0x1000	PkaInitPka@000f90a8
0x000f90ea	b0fbf3f0	udiv	r0,r0,r3	PkaInitPka@000f90a8
0x000f90ee	2028	cmp	r0,#0x20	PkaInitPka@000f90a8
0x000f90f0	28bf	it	cs	PkaInitPka@000f90a8
0x000f90f2	2020	mov.cs	r0,#0x20	PkaInitPka@000f90a8
0x000f90f4	02b1	cbz	r2,0x000f90f8	PkaInitPka@000f90a8
0x000f90f6	1060	str	r0,[r2,#0x0]	PkaInitPka@000f90a8
0x000f90f8	084b	ldr	r3,[0x000f911c]	PkaInitPka@000f90a8
0x000f90fa	0122	movs	r2,#0x1	PkaInitPka@000f90a8
0x000f90fc	1a60	str	r2,[r3,#0x0]	PkaInitPka@000f90a8
0x000f90fe	2146	mov	r1,r4	PkaInitPka@000f90a8
0x000f9100	00f068f8	bl	0x000f91d4	PkaInitPka@000f90a8
0x000f9104	2846	mov	r0,r5	PkaInitPka@000f90a8
0x000f9106	2146	mov	r1,r4	PkaInitPka@000f90a8
0x000f9108	00f088f8	bl	0x000f921c	PkaInitPka@000f90a8
0x000f910c	0020	movs	r0,#0x0	PkaInitPka@000f90a8
0x000f910e	38bd	pop	{r3,r4,r5,pc}	PkaInitPka@000f90a8
0x000f9110	00f11f04	add.w	r4,r0,#0x1f	PkaInitPka@000f90a8
0x000f9114	6409	lsrs	r4,r4,#0x5	PkaInitPka@000f90a8
0x000f9116	dde7	b	0x000f90d4	PkaInitPka@000f90a8
0x000f9118	0148	ldr	r0,[0x000f9120]	PkaInitPka@000f90a8
0x000f911a	f8e7	b	0x000f910e	PkaInitPka@000f90a8
0x000f9124	70b5	push	{r4,r5,r6,lr}	PkaJcb2Afn@000f9124
0x000f9126	2648	ldr	r0,[0x000f91c0]	PkaJcb2Afn@000f9124
0x000f9128	88b0	sub	sp,#0x20	PkaJcb2Afn@000f9124
0x000f912a	0546	mov	r5,r0	PkaJcb2Afn@000f9124
0x000f912c	0468	ldr	r4,[r0,#0x0]	PkaJcb2Afn@000f9124
0x000f912e	0094	str	r4,[sp,#0x0]	PkaJcb2Afn@000f9124
0x000f9130	009c	ldr	r4,[sp,#0x0]	PkaJcb2Afn@000f9124
0x000f9132	e607	lsls	r6,r4,#0x1f	PkaJcb2Afn@000f9124
0x000f9134	fad5	bpl	0x000f912c	PkaJcb2Afn@000f9124
0x000f9136	2348	ldr	r0,[0x000f91c4]	PkaJcb2Afn@000f9124
0x000f9138	234c	ldr	r4,[0x000f91c8]	PkaJcb2Afn@000f9124
0x000f913a	0460	str	r4,[r0,#0x0]	PkaJcb2Afn@000f9124
0x000f913c	234c	ldr	r4,[0x000f91cc]	PkaJcb2Afn@000f9124
0x000f913e	44ea8343	orr.w	r3,r4,r3, lsl #0x12	PkaJcb2Afn@000f9124
0x000f9142	2c68	ldr	r4,[r5,#0x0]	PkaJcb2Afn@000f9124
0x000f9144	0194	str	r4,[sp,#0x4]	PkaJcb2Afn@000f9124
0x000f9146	019c	ldr	r4,[sp,#0x4]	PkaJcb2Afn@000f9124
0x000f9148	e407	lsls	r4,r4,#0x1f	PkaJcb2Afn@000f9124
0x000f914a	fad5	bpl	0x000f9142	PkaJcb2Afn@000f9124
0x000f914c	0360	str	r3,[r0,#0x0]	PkaJcb2Afn@000f9124
0x000f914e	9301	lsls	r3,r2,#0x6	PkaJcb2Afn@000f9124
0x000f9150	43ea8242	orr.w	r2,r3,r2, lsl #0x12	PkaJcb2Afn@000f9124
0x000f9154	42f01044	orr	r4,r2,#0x90000000	PkaJcb2Afn@000f9124
0x000f9158	44f4c044	orr	r4,r4,#0x6000	PkaJcb2Afn@000f9124
0x000f915c	2b68	ldr	r3,[r5,#0x0]	PkaJcb2Afn@000f9124
0x000f915e	0293	str	r3,[sp,#0x8]	PkaJcb2Afn@000f9124
0x000f9160	029b	ldr	r3,[sp,#0x8]	PkaJcb2Afn@000f9124
0x000f9162	de07	lsls	r6,r3,#0x1f	PkaJcb2Afn@000f9124
0x000f9164	fad5	bpl	0x000f915c	PkaJcb2Afn@000f9124
0x000f9166	0460	str	r4,[r0,#0x0]	PkaJcb2Afn@000f9124
0x000f9168	2b68	ldr	r3,[r5,#0x0]	PkaJcb2Afn@000f9124
0x000f916a	0393	str	r3,[sp,#0xc]	PkaJcb2Afn@000f9124
0x000f916c	039b	ldr	r3,[sp,#0xc]	PkaJcb2Afn@000f9124
0x000f916e	db07	lsls	r3,r3,#0x1f	PkaJcb2Afn@000f9124
0x000f9170	fad5	bpl	0x000f9168	PkaJcb2Afn@000f9124
0x000f9172	174b	ldr	r3,[0x000f91d0]	PkaJcb2Afn@000f9124
0x000f9174	0360	str	r3,[r0,#0x0]	PkaJcb2Afn@000f9124
0x000f9176	8b01	lsls	r3,r1,#0x6	PkaJcb2Afn@000f9124
0x000f9178	43ea8141	orr.w	r1,r3,r1, lsl #0x12	PkaJcb2Afn@000f9124
0x000f917c	41f01043	orr	r3,r1,#0x90000000	PkaJcb2Afn@000f9124
0x000f9180	43f4c043	orr	r3,r3,#0x6000	PkaJcb2Afn@000f9124
0x000f9184	2e68	ldr	r6,[r5,#0x0]	PkaJcb2Afn@000f9124
0x000f9186	0496	str	r6,[sp,#0x10]	PkaJcb2Afn@000f9124
0x000f9188	049e	ldr	r6,[sp,#0x10]	PkaJcb2Afn@000f9124
0x000f918a	f607	lsls	r6,r6,#0x1f	PkaJcb2Afn@000f9124
0x000f918c	fad5	bpl	0x000f9184	PkaJcb2Afn@000f9124
0x000f918e	0360	str	r3,[r0,#0x0]	PkaJcb2Afn@000f9124
0x000f9190	2b68	ldr	r3,[r5,#0x0]	PkaJcb2Afn@000f9124
0x000f9192	0593	str	r3,[sp,#0x14]	PkaJcb2Afn@000f9124
0x000f9194	059b	ldr	r3,[sp,#0x14]	PkaJcb2Afn@000f9124
0x000f9196	de07	lsls	r6,r3,#0x1f	PkaJcb2Afn@000f9124
0x000f9198	fad5	bpl	0x000f9190	PkaJcb2Afn@000f9124
0x000f919a	0460	str	r4,[r0,#0x0]	PkaJcb2Afn@000f9124
0x000f919c	41f05841	orr	r1,r1,#0xd8000000	PkaJcb2Afn@000f9124
0x000f91a0	2b68	ldr	r3,[r5,#0x0]	PkaJcb2Afn@000f9124
0x000f91a2	0693	str	r3,[sp,#0x18]	PkaJcb2Afn@000f9124
0x000f91a4	069b	ldr	r3,[sp,#0x18]	PkaJcb2Afn@000f9124
0x000f91a6	dc07	lsls	r4,r3,#0x1f	PkaJcb2Afn@000f9124
0x000f91a8	fad5	bpl	0x000f91a0	PkaJcb2Afn@000f9124
0x000f91aa	0160	str	r1,[r0,#0x0]	PkaJcb2Afn@000f9124
0x000f91ac	42f05842	orr	r2,r2,#0xd8000000	PkaJcb2Afn@000f9124
0x000f91b0	2b68	ldr	r3,[r5,#0x0]	PkaJcb2Afn@000f9124
0x000f91b2	0793	str	r3,[sp,#0x1c]	PkaJcb2Afn@000f9124
0x000f91b4	079b	ldr	r3,[sp,#0x1c]	PkaJcb2Afn@000f9124
0x000f91b6	db07	lsls	r3,r3,#0x1f	PkaJcb2Afn@000f9124
0x000f91b8	fad5	bpl	0x000f91b0	PkaJcb2Afn@000f9124
0x000f91ba	0260	str	r2,[r0,#0x0]	PkaJcb2Afn@000f9124
0x000f91bc	08b0	add	sp,#0x20	PkaJcb2Afn@000f9124
0x000f91be	70bd	pop	{r4,r5,r6,pc}	PkaJcb2Afn@000f9124
0x000f91d4	0022	movs	r2,#0x0	PkaSetRegsMapTab@000f91d4
0x000f91d6	30b5	push	{r4,r5,lr}	PkaSetRegsMapTab@000f91d4
0x000f91d8	4900	lsls	r1,r1,#0x1	PkaSetRegsMapTab@000f91d4
0x000f91da	1346	mov	r3,r2	PkaSetRegsMapTab@000f91d4
0x000f91dc	0238	subs	r0,#0x2	PkaSetRegsMapTab@000f91d4
0x000f91de	40f6fc75	movw	r5,#0xffc	PkaSetRegsMapTab@000f91d4
0x000f91e2	9400	lsls	r4,r2,#0x2	PkaSetRegsMapTab@000f91d4
0x000f91e4	04f1a044	add.w	r4,r4,#0x50000000	PkaSetRegsMapTab@000f91d4
0x000f91e8	04f52c34	add.w	r4,r4,#0x2b000	PkaSetRegsMapTab@000f91d4
0x000f91ec	9042	cmp	r0,r2	PkaSetRegsMapTab@000f91d4
0x000f91ee	02f10102	add.w	r2,r2,#0x1	PkaSetRegsMapTab@000f91d4
0x000f91f2	cabf	itet	gt	PkaSetRegsMapTab@000f91d4
0x000f91f4	2360	str.gt	r3,[r4,#0x0]	PkaSetRegsMapTab@000f91d4
0x000f91f6	2560	str.le	r5,[r4,#0x0]	PkaSetRegsMapTab@000f91d4
0x000f91f8	5b18	add.gt	r3,r3,r1	PkaSetRegsMapTab@000f91d4
0x000f91fa	1e2a	cmp	r2,#0x1e	PkaSetRegsMapTab@000f91d4
0x000f91fc	f1d1	bne	0x000f91e2	PkaSetRegsMapTab@000f91d4
0x000f91fe	044a	ldr	r2,[0x000f9210]	PkaSetRegsMapTab@000f91d4
0x000f9200	1360	str	r3,[r2,#0x0]	PkaSetRegsMapTab@000f91d4
0x000f9202	0b44	add	r3,r1	PkaSetRegsMapTab@000f91d4
0x000f9204	5360	str	r3,[r2,#0x4]	PkaSetRegsMapTab@000f91d4
0x000f9206	034b	ldr	r3,[0x000f9214]	PkaSetRegsMapTab@000f91d4
0x000f9208	034a	ldr	r2,[0x000f9218]	PkaSetRegsMapTab@000f91d4
0x000f920a	1a60	str	r2,[r3,#0x0]	PkaSetRegsMapTab@000f91d4
0x000f920c	30bd	pop	{r4,r5,pc}	PkaSetRegsMapTab@000f91d4
0x000f921c	0c4b	ldr	r3,[0x000f9250]	PkaSetRegsSizesTab@000f921c
0x000f921e	1860	str	r0,[r3,#0x0]	PkaSetRegsSizesTab@000f921c
0x000f9220	3f30	adds	r0,#0x3f	PkaSetRegsSizesTab@000f921c
0x000f9222	20f03f00	bic	r0,r0,#0x3f	PkaSetRegsSizesTab@000f921c
0x000f9226	8901	lsls	r1,r1,#0x6	PkaSetRegsSizesTab@000f921c
0x000f9228	4030	adds	r0,#0x40	PkaSetRegsSizesTab@000f921c
0x000f922a	5860	str	r0,[r3,#0x4]	PkaSetRegsSizesTab@000f921c
0x000f922c	9960	str	r1,[r3,#0x8]	PkaSetRegsSizesTab@000f921c
0x000f922e	d960	str	r1,[r3,#0xc]	PkaSetRegsSizesTab@000f921c
0x000f9230	1961	str	r1,[r3,#0x10]	PkaSetRegsSizesTab@000f921c
0x000f9232	5961	str	r1,[r3,#0x14]	PkaSetRegsSizesTab@000f921c
0x000f9234	9961	str	r1,[r3,#0x18]	PkaSetRegsSizesTab@000f921c
0x000f9236	0748	ldr	r0,[0x000f9254]	PkaSetRegsSizesTab@000f921c
0x000f9238	d961	str	r1,[r3,#0x1c]	PkaSetRegsSizesTab@000f921c
0x000f923a	1c33	adds	r3,#0x1c	PkaSetRegsSizesTab@000f921c
0x000f923c	82b0	sub	sp,#0x8	PkaSetRegsSizesTab@000f921c
0x000f923e	0268	ldr	r2,[r0,#0x0]	PkaSetRegsSizesTab@000f921c
0x000f9240	0192	str	r2,[sp,#0x4]	PkaSetRegsSizesTab@000f921c
0x000f9242	019a	ldr	r2,[sp,#0x4]	PkaSetRegsSizesTab@000f921c
0x000f9244	d207	lsls	r2,r2,#0x1f	PkaSetRegsSizesTab@000f921c
0x000f9246	fad5	bpl	0x000f923e	PkaSetRegsSizesTab@000f921c
0x000f9248	1960	str	r1,[r3,#0x0]	PkaSetRegsSizesTab@000f921c
0x000f924a	02b0	add	sp,#0x8	PkaSetRegsSizesTab@000f921c
0x000f924c	7047	bx	lr	PkaSetRegsSizesTab@000f921c
0x000f9258	2de9f041	push	{r4,r5,r6,r7,r8,lr}	PkaSum2ScalarMullt@000f9258
0x000f925c	0123	movs	r3,#0x1	PkaSum2ScalarMullt@000f9258
0x000f925e	92b0	sub	sp,#0x48	PkaSum2ScalarMullt@000f9258
0x000f9260	cde90333	strd	r3,r3,[sp,#0xc]	PkaSum2ScalarMullt@000f9258
0x000f9264	624b	ldr	r3,[0x000f93f0]	PkaSum2ScalarMullt@000f9258
0x000f9266	1e46	mov	r6,r3	PkaSum2ScalarMullt@000f9258
0x000f9268	1a68	ldr	r2,[r3,#0x0]	PkaSum2ScalarMullt@000f9258
0x000f926a	0592	str	r2,[sp,#0x14]	PkaSum2ScalarMullt@000f9258
0x000f926c	059a	ldr	r2,[sp,#0x14]	PkaSum2ScalarMullt@000f9258
0x000f926e	d107	lsls	r1,r2,#0x1f	PkaSum2ScalarMullt@000f9258
0x000f9270	fad5	bpl	0x000f9268	PkaSum2ScalarMullt@000f9258
0x000f9272	604c	ldr	r4,[0x000f93f4]	PkaSum2ScalarMullt@000f9258
0x000f9274	604b	ldr	r3,[0x000f93f8]	PkaSum2ScalarMullt@000f9258
0x000f9276	2360	str	r3,[r4,#0x0]	PkaSum2ScalarMullt@000f9258
0x000f9278	604b	ldr	r3,[0x000f93fc]	PkaSum2ScalarMullt@000f9258
0x000f927a	1946	mov	r1,r3	PkaSum2ScalarMullt@000f9258
0x000f927c	1a68	ldr	r2,[r3,#0x0]	PkaSum2ScalarMullt@000f9258
0x000f927e	0692	str	r2,[sp,#0x18]	PkaSum2ScalarMullt@000f9258
0x000f9280	069a	ldr	r2,[sp,#0x18]	PkaSum2ScalarMullt@000f9258
0x000f9282	d207	lsls	r2,r2,#0x1f	PkaSum2ScalarMullt@000f9258
0x000f9284	fad5	bpl	0x000f927c	PkaSum2ScalarMullt@000f9258
0x000f9286	5e4b	ldr	r3,[0x000f9400]	PkaSum2ScalarMullt@000f9258
0x000f9288	1a68	ldr	r2,[r3,#0x0]	PkaSum2ScalarMullt@000f9258
0x000f928a	d704	lsls	r7,r2,#0x13	PkaSum2ScalarMullt@000f9258
0x000f928c	00f1a880	bmi.w	0x000f93e0	PkaSum2ScalarMullt@000f9258
0x000f9290	3268	ldr	r2,[r6,#0x0]	PkaSum2ScalarMullt@000f9258
0x000f9292	0792	str	r2,[sp,#0x1c]	PkaSum2ScalarMullt@000f9258
0x000f9294	079a	ldr	r2,[sp,#0x1c]	PkaSum2ScalarMullt@000f9258
0x000f9296	d507	lsls	r5,r2,#0x1f	PkaSum2ScalarMullt@000f9258
0x000f9298	fad5	bpl	0x000f9290	PkaSum2ScalarMullt@000f9258
0x000f929a	5a4a	ldr	r2,[0x000f9404]	PkaSum2ScalarMullt@000f9258
0x000f929c	2260	str	r2,[r4,#0x0]	PkaSum2ScalarMullt@000f9258
0x000f929e	0a68	ldr	r2,[r1,#0x0]	PkaSum2ScalarMullt@000f9258
0x000f92a0	0892	str	r2,[sp,#0x20]	PkaSum2ScalarMullt@000f9258
0x000f92a2	089a	ldr	r2,[sp,#0x20]	PkaSum2ScalarMullt@000f9258
0x000f92a4	d007	lsls	r0,r2,#0x1f	PkaSum2ScalarMullt@000f9258
0x000f92a6	fad5	bpl	0x000f929e	PkaSum2ScalarMullt@000f9258
0x000f92a8	1b68	ldr	r3,[r3,#0x0]	PkaSum2ScalarMullt@000f9258
0x000f92aa	da04	lsls	r2,r3,#0x13	PkaSum2ScalarMullt@000f9258
0x000f92ac	c3f30037	ubfx	r7,r3,#0xc,#0x1	PkaSum2ScalarMullt@000f9258
0x000f92b0	00f19880	bmi.w	0x000f93e4	PkaSum2ScalarMullt@000f9258
0x000f92b4	1220	movs	r0,#0x12	PkaSum2ScalarMullt@000f9258
0x000f92b6	fff7affe	bl	0x000f9018	PkaSum2ScalarMullt@000f9258
0x000f92ba	0546	mov	r5,r0	PkaSum2ScalarMullt@000f9258
0x000f92bc	1320	movs	r0,#0x13	PkaSum2ScalarMullt@000f9258
0x000f92be	fff7abfe	bl	0x000f9018	PkaSum2ScalarMullt@000f9258
0x000f92c2	8542	cmp	r5,r0	PkaSum2ScalarMullt@000f9258
0x000f92c4	8cbf	ite	hi	PkaSum2ScalarMullt@000f9258
0x000f92c6	1220	mov.hi	r0,#0x12	PkaSum2ScalarMullt@000f9258
0x000f92c8	1320	mov.ls	r0,#0x13	PkaSum2ScalarMullt@000f9258
0x000f92ca	fff7a5fe	bl	0x000f9018	PkaSum2ScalarMullt@000f9258
0x000f92ce	451e	subs	r5,r0,#0x1	PkaSum2ScalarMullt@000f9258
0x000f92d0	fff72cf9	bl	0x000f852c	PkaSum2ScalarMullt@000f9258
0x000f92d4	03ab	add	r3,sp,#0xc	PkaSum2ScalarMullt@000f9258
0x000f92d6	01aa	add	r2,sp,#0x4	PkaSum2ScalarMullt@000f9258
0x000f92d8	2946	mov	r1,r5	PkaSum2ScalarMullt@000f9258
0x000f92da	1220	movs	r0,#0x12	PkaSum2ScalarMullt@000f9258
0x000f92dc	fff762fe	bl	0x000f8fa4	PkaSum2ScalarMullt@000f9258
0x000f92e0	04ab	add	r3,sp,#0x10	PkaSum2ScalarMullt@000f9258
0x000f92e2	8046	mov	r8,r0	PkaSum2ScalarMullt@000f9258
0x000f92e4	02aa	add	r2,sp,#0x8	PkaSum2ScalarMullt@000f9258
0x000f92e6	2946	mov	r1,r5	PkaSum2ScalarMullt@000f9258
0x000f92e8	1320	movs	r0,#0x13	PkaSum2ScalarMullt@000f9258
0x000f92ea	fff75bfe	bl	0x000f8fa4	PkaSum2ScalarMullt@000f9258
0x000f92ee	00eb4800	add.w	r0,r0,r8, lsl #0x1	PkaSum2ScalarMullt@000f9258
0x000f92f2	0228	cmp	r0,#0x2	PkaSum2ScalarMullt@000f9258
0x000f92f4	32d0	beq	0x000f935c	PkaSum2ScalarMullt@000f9258
0x000f92f6	0328	cmp	r0,#0x3	PkaSum2ScalarMullt@000f9258
0x000f92f8	3ed0	beq	0x000f9378	PkaSum2ScalarMullt@000f9258
0x000f92fa	0128	cmp	r0,#0x1	PkaSum2ScalarMullt@000f9258
0x000f92fc	74d1	bne	0x000f93e8	PkaSum2ScalarMullt@000f9258
0x000f92fe	3368	ldr	r3,[r6,#0x0]	PkaSum2ScalarMullt@000f9258
0x000f9300	0993	str	r3,[sp,#0x24]	PkaSum2ScalarMullt@000f9258
0x000f9302	099b	ldr	r3,[sp,#0x24]	PkaSum2ScalarMullt@000f9258
0x000f9304	db07	lsls	r3,r3,#0x1f	PkaSum2ScalarMullt@000f9258
0x000f9306	fad5	bpl	0x000f92fe	PkaSum2ScalarMullt@000f9258
0x000f9308	3f4b	ldr	r3,[0x000f9408]	PkaSum2ScalarMullt@000f9258
0x000f930a	2360	str	r3,[r4,#0x0]	PkaSum2ScalarMullt@000f9258
0x000f930c	3368	ldr	r3,[r6,#0x0]	PkaSum2ScalarMullt@000f9258
0x000f930e	0a93	str	r3,[sp,#0x28]	PkaSum2ScalarMullt@000f9258
0x000f9310	0a9b	ldr	r3,[sp,#0x28]	PkaSum2ScalarMullt@000f9258
0x000f9312	d807	lsls	r0,r3,#0x1f	PkaSum2ScalarMullt@000f9258
0x000f9314	fad5	bpl	0x000f930c	PkaSum2ScalarMullt@000f9258
0x000f9316	3d4b	ldr	r3,[0x000f940c]	PkaSum2ScalarMullt@000f9258
0x000f9318	2360	str	r3,[r4,#0x0]	PkaSum2ScalarMullt@000f9258
0x000f931a	3368	ldr	r3,[r6,#0x0]	PkaSum2ScalarMullt@000f9258
0x000f931c	0f93	str	r3,[sp,#0x3c]	PkaSum2ScalarMullt@000f9258
0x000f931e	0f9b	ldr	r3,[sp,#0x3c]	PkaSum2ScalarMullt@000f9258
0x000f9320	d907	lsls	r1,r3,#0x1f	PkaSum2ScalarMullt@000f9258
0x000f9322	fad5	bpl	0x000f931a	PkaSum2ScalarMullt@000f9258
0x000f9324	3a4b	ldr	r3,[0x000f9410]	PkaSum2ScalarMullt@000f9258
0x000f9326	2360	str	r3,[r4,#0x0]	PkaSum2ScalarMullt@000f9258
0x000f9328	3368	ldr	r3,[r6,#0x0]	PkaSum2ScalarMullt@000f9258
0x000f932a	1093	str	r3,[sp,#0x40]	PkaSum2ScalarMullt@000f9258
0x000f932c	109b	ldr	r3,[sp,#0x40]	PkaSum2ScalarMullt@000f9258
0x000f932e	da07	lsls	r2,r3,#0x1f	PkaSum2ScalarMullt@000f9258
0x000f9330	fad5	bpl	0x000f9328	PkaSum2ScalarMullt@000f9258
0x000f9332	384b	ldr	r3,[0x000f9414]	PkaSum2ScalarMullt@000f9258
0x000f9334	2360	str	r3,[r4,#0x0]	PkaSum2ScalarMullt@000f9258
0x000f9336	3368	ldr	r3,[r6,#0x0]	PkaSum2ScalarMullt@000f9258
0x000f9338	1193	str	r3,[sp,#0x44]	PkaSum2ScalarMullt@000f9258
0x000f933a	119b	ldr	r3,[sp,#0x44]	PkaSum2ScalarMullt@000f9258
0x000f933c	db07	lsls	r3,r3,#0x1f	PkaSum2ScalarMullt@000f9258
0x000f933e	fad5	bpl	0x000f9336	PkaSum2ScalarMullt@000f9258
0x000f9340	354b	ldr	r3,[0x000f9418]	PkaSum2ScalarMullt@000f9258
0x000f9342	2360	str	r3,[r4,#0x0]	PkaSum2ScalarMullt@000f9258
0x000f9344	013d	subs	r5,#0x1	PkaSum2ScalarMullt@000f9258
0x000f9346	25d5	bpl	0x000f9394	PkaSum2ScalarMullt@000f9258
0x000f9348	1023	movs	r3,#0x10	PkaSum2ScalarMullt@000f9258
0x000f934a	1922	movs	r2,#0x19	PkaSum2ScalarMullt@000f9258
0x000f934c	1821	movs	r1,#0x18	PkaSum2ScalarMullt@000f9258
0x000f934e	0020	movs	r0,#0x0	PkaSum2ScalarMullt@000f9258
0x000f9350	fff7e8fe	bl	0x000f9124	PkaSum2ScalarMullt@000f9258
0x000f9354	3846	mov	r0,r7	PkaSum2ScalarMullt@000f9258
0x000f9356	12b0	add	sp,#0x48	PkaSum2ScalarMullt@000f9258
0x000f9358	bde8f081	pop.w	{r4,r5,r6,r7,r8,pc}	PkaSum2ScalarMullt@000f9258
0x000f935c	3368	ldr	r3,[r6,#0x0]	PkaSum2ScalarMullt@000f9258
0x000f935e	0b93	str	r3,[sp,#0x2c]	PkaSum2ScalarMullt@000f9258
0x000f9360	0b9b	ldr	r3,[sp,#0x2c]	PkaSum2ScalarMullt@000f9258
0x000f9362	d907	lsls	r1,r3,#0x1f	PkaSum2ScalarMullt@000f9258
0x000f9364	fad5	bpl	0x000f935c	PkaSum2ScalarMullt@000f9258
0x000f9366	2d4b	ldr	r3,[0x000f941c]	PkaSum2ScalarMullt@000f9258
0x000f9368	2360	str	r3,[r4,#0x0]	PkaSum2ScalarMullt@000f9258
0x000f936a	3368	ldr	r3,[r6,#0x0]	PkaSum2ScalarMullt@000f9258
0x000f936c	0c93	str	r3,[sp,#0x30]	PkaSum2ScalarMullt@000f9258
0x000f936e	0c9b	ldr	r3,[sp,#0x30]	PkaSum2ScalarMullt@000f9258
0x000f9370	da07	lsls	r2,r3,#0x1f	PkaSum2ScalarMullt@000f9258
0x000f9372	fad5	bpl	0x000f936a	PkaSum2ScalarMullt@000f9258
0x000f9374	2a4b	ldr	r3,[0x000f9420]	PkaSum2ScalarMullt@000f9258
0x000f9376	cfe7	b	0x000f9318	PkaSum2ScalarMullt@000f9258
0x000f9378	3368	ldr	r3,[r6,#0x0]	PkaSum2ScalarMullt@000f9258
0x000f937a	0d93	str	r3,[sp,#0x34]	PkaSum2ScalarMullt@000f9258
0x000f937c	0d9b	ldr	r3,[sp,#0x34]	PkaSum2ScalarMullt@000f9258
0x000f937e	db07	lsls	r3,r3,#0x1f	PkaSum2ScalarMullt@000f9258
0x000f9380	fad5	bpl	0x000f9378	PkaSum2ScalarMullt@000f9258
0x000f9382	284b	ldr	r3,[0x000f9424]	PkaSum2ScalarMullt@000f9258
0x000f9384	2360	str	r3,[r4,#0x0]	PkaSum2ScalarMullt@000f9258
0x000f9386	3368	ldr	r3,[r6,#0x0]	PkaSum2ScalarMullt@000f9258
0x000f9388	0e93	str	r3,[sp,#0x38]	PkaSum2ScalarMullt@000f9258
0x000f938a	0e9b	ldr	r3,[sp,#0x38]	PkaSum2ScalarMullt@000f9258
0x000f938c	d807	lsls	r0,r3,#0x1f	PkaSum2ScalarMullt@000f9258
0x000f938e	fad5	bpl	0x000f9386	PkaSum2ScalarMullt@000f9258
0x000f9390	254b	ldr	r3,[0x000f9428]	PkaSum2ScalarMullt@000f9258
0x000f9392	c1e7	b	0x000f9318	PkaSum2ScalarMullt@000f9258
0x000f9394	03ab	add	r3,sp,#0xc	PkaSum2ScalarMullt@000f9258
0x000f9396	01aa	add	r2,sp,#0x4	PkaSum2ScalarMullt@000f9258
0x000f9398	2946	mov	r1,r5	PkaSum2ScalarMullt@000f9258
0x000f939a	1220	movs	r0,#0x12	PkaSum2ScalarMullt@000f9258
0x000f939c	fff702fe	bl	0x000f8fa4	PkaSum2ScalarMullt@000f9258
0x000f93a0	04ab	add	r3,sp,#0x10	PkaSum2ScalarMullt@000f9258
0x000f93a2	0446	mov	r4,r0	PkaSum2ScalarMullt@000f9258
0x000f93a4	02aa	add	r2,sp,#0x8	PkaSum2ScalarMullt@000f9258
0x000f93a6	2946	mov	r1,r5	PkaSum2ScalarMullt@000f9258
0x000f93a8	1320	movs	r0,#0x13	PkaSum2ScalarMullt@000f9258
0x000f93aa	fff7fbfd	bl	0x000f8fa4	PkaSum2ScalarMullt@000f9258
0x000f93ae	10eb4404	adds.w	r4,r0,r4, lsl #0x1	PkaSum2ScalarMullt@000f9258
0x000f93b2	02d1	bne	0x000f93ba	PkaSum2ScalarMullt@000f9258
0x000f93b4	fff7c8fb	bl	0x000f8b48	PkaSum2ScalarMullt@000f9258
0x000f93b8	c4e7	b	0x000f9344	PkaSum2ScalarMullt@000f9258
0x000f93ba	fff709fb	bl	0x000f89d0	PkaSum2ScalarMullt@000f9258
0x000f93be	022c	cmp	r4,#0x2	PkaSum2ScalarMullt@000f9258
0x000f93c0	08d0	beq	0x000f93d4	PkaSum2ScalarMullt@000f9258
0x000f93c2	032c	cmp	r4,#0x3	PkaSum2ScalarMullt@000f9258
0x000f93c4	09d0	beq	0x000f93da	PkaSum2ScalarMullt@000f9258
0x000f93c6	012c	cmp	r4,#0x1	PkaSum2ScalarMullt@000f9258
0x000f93c8	10d1	bne	0x000f93ec	PkaSum2ScalarMullt@000f9258
0x000f93ca	1721	movs	r1,#0x17	PkaSum2ScalarMullt@000f9258
0x000f93cc	1620	movs	r0,#0x16	PkaSum2ScalarMullt@000f9258
0x000f93ce	fff737f9	bl	0x000f8640	PkaSum2ScalarMullt@000f9258
0x000f93d2	b7e7	b	0x000f9344	PkaSum2ScalarMullt@000f9258
0x000f93d4	1521	movs	r1,#0x15	PkaSum2ScalarMullt@000f9258
0x000f93d6	1420	movs	r0,#0x14	PkaSum2ScalarMullt@000f9258
0x000f93d8	f9e7	b	0x000f93ce	PkaSum2ScalarMullt@000f9258
0x000f93da	0f21	movs	r1,#0xf	PkaSum2ScalarMullt@000f9258
0x000f93dc	0e20	movs	r0,#0xe	PkaSum2ScalarMullt@000f9258
0x000f93de	f6e7	b	0x000f93ce	PkaSum2ScalarMullt@000f9258
0x000f93e0	124f	ldr	r7,[0x000f942c]	PkaSum2ScalarMullt@000f9258
0x000f93e2	b7e7	b	0x000f9354	PkaSum2ScalarMullt@000f9258
0x000f93e4	124f	ldr	r7,[0x000f9430]	PkaSum2ScalarMullt@000f9258
0x000f93e6	b5e7	b	0x000f9354	PkaSum2ScalarMullt@000f9258
0x000f93e8	124f	ldr	r7,[0x000f9434]	PkaSum2ScalarMullt@000f9258
0x000f93ea	b3e7	b	0x000f9354	PkaSum2ScalarMullt@000f9258
0x000f93ec	124f	ldr	r7,[0x000f9438]	PkaSum2ScalarMullt@000f9258
0x000f93ee	b1e7	b	0x000f9354	PkaSum2ScalarMullt@000f9258
0x000f943c	014b	ldr	r3,[0x000f9444]	SaSi_HalClearInterruptBit@000f943c
0x000f943e	1860	str	r0,[r3,#0x0]	SaSi_HalClearInterruptBit@000f943c
0x000f9440	7047	bx	lr	SaSi_HalClearInterruptBit@000f943c
0x000f9448	014b	ldr	r3,[0x000f9450]	SaSi_HalMaskInterrupt@000f9448
0x000f944a	1860	str	r0,[r3,#0x0]	SaSi_HalMaskInterrupt@000f9448
0x000f944c	7047	bx	lr	SaSi_HalMaskInterrupt@000f9448
0x000f9454	094b	ldr	r3,[0x000f947c]	SaSi_HalWaitInterrupt@000f9454
0x000f9456	c243	mvns	r2,r0	SaSi_HalWaitInterrupt@000f9454
0x000f9458	1a60	str	r2,[r3,#0x0]	SaSi_HalWaitInterrupt@000f9454
0x000f945a	043b	subs	r3,#0x4	SaSi_HalWaitInterrupt@000f9454
0x000f945c	82b0	sub	sp,#0x8	SaSi_HalWaitInterrupt@000f9454
0x000f945e	1b68	ldr	r3,[r3,#0x0]	SaSi_HalWaitInterrupt@000f9454
0x000f9460	0193	str	r3,[sp,#0x4]	SaSi_HalWaitInterrupt@000f9454
0x000f9462	074b	ldr	r3,[0x000f9480]	SaSi_HalWaitInterrupt@000f9454
0x000f9464	019a	ldr	r2,[sp,#0x4]	SaSi_HalWaitInterrupt@000f9454
0x000f9466	0242	tst	r2,r0	SaSi_HalWaitInterrupt@000f9454
0x000f9468	04d0	beq	0x000f9474	SaSi_HalWaitInterrupt@000f9454
0x000f946a	064a	ldr	r2,[0x000f9484]	SaSi_HalWaitInterrupt@000f9454
0x000f946c	1060	str	r0,[r2,#0x0]	SaSi_HalWaitInterrupt@000f9454
0x000f946e	1868	ldr	r0,[r3,#0x0]	SaSi_HalWaitInterrupt@000f9454
0x000f9470	02b0	add	sp,#0x8	SaSi_HalWaitInterrupt@000f9454
0x000f9472	7047	bx	lr	SaSi_HalWaitInterrupt@000f9454
0x000f9474	20bf	wfe		SaSi_HalWaitInterrupt@000f9454
0x000f9476	1a68	ldr	r2,[r3,#0x0]	SaSi_HalWaitInterrupt@000f9454
0x000f9478	0192	str	r2,[sp,#0x4]	SaSi_HalWaitInterrupt@000f9454
0x000f947a	f3e7	b	0x000f9464	SaSi_HalWaitInterrupt@000f9454
0x000f9488	fef7c7bf	b.w	0x000f841a	SaSi_PalMemCopy@000f9488
0x000f948c	fef7efbf	b.w	0x000f846e	SaSi_PalMemSet@000f948c
0x000f9490	0a46	mov	r2,r1	PkaInitAndMutexLock@000f9490
0x000f9492	0021	movs	r1,#0x0	PkaInitAndMutexLock@000f9490
0x000f9494	fef7ebbf	b.w	0x000f846e	PkaInitAndMutexLock@000f9490
0x000f9498	2de9f743	push	{r0,r1,r2,r4,r5,r6,r7,r8,r9,lr}	nrf_cc310_bl_ecdsa_verify_hash_secp256r1@000f9648
0x000f949c	0546	mov	r5,r0	nrf_cc310_bl_ecdsa_verify_hash_secp256r1@000f9648
0x000f949e	0e46	mov	r6,r1	nrf_cc310_bl_ecdsa_verify_hash_secp256r1@000f9648
0x000f94a0	1f46	mov	r7,r3	nrf_cc310_bl_ecdsa_verify_hash_secp256r1@000f9648
0x000f94a2	1146	mov	r1,r2	nrf_cc310_bl_ecdsa_verify_hash_secp256r1@000f9648
0x000f94a4	00f058fa	bl	0x000f9958	nrf_cc310_bl_ecdsa_verify_hash_secp256r1@000f9648
0x000f94a8	0446	mov	r4,r0	nrf_cc310_bl_ecdsa_verify_hash_secp256r1@000f9648
0x000f94aa	0028	cmp	r0,#0x0	nrf_cc310_bl_ecdsa_verify_hash_secp256r1@000f9648
0x000f94ac	40f08280	bne.w	0x000f95b4	nrf_cc310_bl_ecdsa_verify_hash_secp256r1@000f9648
0x000f94b0	002e	cmp	r6,#0x0	nrf_cc310_bl_ecdsa_verify_hash_secp256r1@000f9648
0x000f94b2	00f08380	beq.w	0x000f95bc	nrf_cc310_bl_ecdsa_verify_hash_secp256r1@000f9648
0x000f94b6	0029	cmp	r1,#0x0	nrf_cc310_bl_ecdsa_verify_hash_secp256r1@000f9648
0x000f94b8	00f08280	beq.w	0x000f95c0	nrf_cc310_bl_ecdsa_verify_hash_secp256r1@000f9648
0x000f94bc	202f	cmp	r7,#0x20	nrf_cc310_bl_ecdsa_verify_hash_secp256r1@000f9648
0x000f94be	40f08180	bne.w	0x000f95c4	nrf_cc310_bl_ecdsa_verify_hash_secp256r1@000f9648
0x000f94c2	05f14404	add.w	r4,r5,#0x44	nrf_cc310_bl_ecdsa_verify_hash_secp256r1@000f9648
0x000f94c6	0822	movs	r2,#0x8	nrf_cc310_bl_ecdsa_verify_hash_secp256r1@000f9648
0x000f94c8	05f10409	add.w	r9,r5,#0x4	nrf_cc310_bl_ecdsa_verify_hash_secp256r1@000f9648
0x000f94cc	2046	mov	r0,r4	nrf_cc310_bl_ecdsa_verify_hash_secp256r1@000f9648
0x000f94ce	fff71ff8	bl	0x000f8510	nrf_cc310_bl_ecdsa_verify_hash_secp256r1@000f9648
0x000f94d2	05f12408	add.w	r8,r5,#0x24	nrf_cc310_bl_ecdsa_verify_hash_secp256r1@000f9648
0x000f94d6	0822	movs	r2,#0x8	nrf_cc310_bl_ecdsa_verify_hash_secp256r1@000f9648
0x000f94d8	3146	mov	r1,r6	nrf_cc310_bl_ecdsa_verify_hash_secp256r1@000f9648
0x000f94da	4846	mov	r0,r9	nrf_cc310_bl_ecdsa_verify_hash_secp256r1@000f9648
0x000f94dc	fff718f8	bl	0x000f8510	nrf_cc310_bl_ecdsa_verify_hash_secp256r1@000f9648
0x000f94e0	06f12001	add.w	r1,r6,#0x20	nrf_cc310_bl_ecdsa_verify_hash_secp256r1@000f9648
0x000f94e4	0822	movs	r2,#0x8	nrf_cc310_bl_ecdsa_verify_hash_secp256r1@000f9648
0x000f94e6	4046	mov	r0,r8	nrf_cc310_bl_ecdsa_verify_hash_secp256r1@000f9648
0x000f94e8	fff712f8	bl	0x000f8510	nrf_cc310_bl_ecdsa_verify_hash_secp256r1@000f9648
0x000f94ec	01a9	add	r1,sp,#0x4	nrf_cc310_bl_ecdsa_verify_hash_secp256r1@000f9648
0x000f94ee	4ff48070	mov.w	r0,#0x100	nrf_cc310_bl_ecdsa_verify_hash_secp256r1@000f9648
0x000f94f2	0197	str	r7,[sp,#0x4]	nrf_cc310_bl_ecdsa_verify_hash_secp256r1@000f9648
0x000f94f4	fff7d8fd	bl	0x000f90a8	nrf_cc310_bl_ecdsa_verify_hash_secp256r1@000f9648
0x000f94f8	0028	cmp	r0,#0x0	nrf_cc310_bl_ecdsa_verify_hash_secp256r1@000f9648
0x000f94fa	65d1	bne	0x000f95c8	nrf_cc310_bl_ecdsa_verify_hash_secp256r1@000f9648
0x000f94fc	334a	ldr	r2,[0x000f95cc]	nrf_cc310_bl_ecdsa_verify_hash_secp256r1@000f9648
0x000f94fe	4ff48073	mov.w	r3,#0x100	nrf_cc310_bl_ecdsa_verify_hash_secp256r1@000f9648
0x000f9502	1360	str	r3,[r2,#0x0]	nrf_cc310_bl_ecdsa_verify_hash_secp256r1@000f9648
0x000f9504	0121	movs	r1,#0x1	nrf_cc310_bl_ecdsa_verify_hash_secp256r1@000f9648
0x000f9506	9360	str	r3,[r2,#0x8]	nrf_cc310_bl_ecdsa_verify_hash_secp256r1@000f9648
0x000f9508	314a	ldr	r2,[0x000f95d0]	nrf_cc310_bl_ecdsa_verify_hash_secp256r1@000f9648
0x000f950a	0823	movs	r3,#0x8	nrf_cc310_bl_ecdsa_verify_hash_secp256r1@000f9648
0x000f950c	fff702fa	bl	0x000f8914	nrf_cc310_bl_ecdsa_verify_hash_secp256r1@000f9648
0x000f9510	0121	movs	r1,#0x1	nrf_cc310_bl_ecdsa_verify_hash_secp256r1@000f9648
0x000f9512	0846	mov	r0,r1	nrf_cc310_bl_ecdsa_verify_hash_secp256r1@000f9648
0x000f9514	2f4a	ldr	r2,[0x000f95d4]	nrf_cc310_bl_ecdsa_verify_hash_secp256r1@000f9648
0x000f9516	0523	movs	r3,#0x5	nrf_cc310_bl_ecdsa_verify_hash_secp256r1@000f9648
0x000f9518	fff7fcf9	bl	0x000f8914	nrf_cc310_bl_ecdsa_verify_hash_secp256r1@000f9648
0x000f951c	0823	movs	r3,#0x8	nrf_cc310_bl_ecdsa_verify_hash_secp256r1@000f9648
0x000f951e	4a46	mov	r2,r9	nrf_cc310_bl_ecdsa_verify_hash_secp256r1@000f9648
0x000f9520	0121	movs	r1,#0x1	nrf_cc310_bl_ecdsa_verify_hash_secp256r1@000f9648
0x000f9522	1c20	movs	r0,#0x1c	nrf_cc310_bl_ecdsa_verify_hash_secp256r1@000f9648
0x000f9524	fff7f6f9	bl	0x000f8914	nrf_cc310_bl_ecdsa_verify_hash_secp256r1@000f9648
0x000f9528	0823	movs	r3,#0x8	nrf_cc310_bl_ecdsa_verify_hash_secp256r1@000f9648
0x000f952a	4246	mov	r2,r8	nrf_cc310_bl_ecdsa_verify_hash_secp256r1@000f9648
0x000f952c	0121	movs	r1,#0x1	nrf_cc310_bl_ecdsa_verify_hash_secp256r1@000f9648
0x000f952e	0320	movs	r0,#0x3	nrf_cc310_bl_ecdsa_verify_hash_secp256r1@000f9648
0x000f9530	fff7f0f9	bl	0x000f8914	nrf_cc310_bl_ecdsa_verify_hash_secp256r1@000f9648
0x000f9534	2246	mov	r2,r4	nrf_cc310_bl_ecdsa_verify_hash_secp256r1@000f9648
0x000f9536	0823	movs	r3,#0x8	nrf_cc310_bl_ecdsa_verify_hash_secp256r1@000f9648
0x000f9538	0121	movs	r1,#0x1	nrf_cc310_bl_ecdsa_verify_hash_secp256r1@000f9648
0x000f953a	0220	movs	r0,#0x2	nrf_cc310_bl_ecdsa_verify_hash_secp256r1@000f9648
0x000f953c	fff7eaf9	bl	0x000f8914	nrf_cc310_bl_ecdsa_verify_hash_secp256r1@000f9648
0x000f9540	254a	ldr	r2,[0x000f95d8]	nrf_cc310_bl_ecdsa_verify_hash_secp256r1@000f9648
0x000f9542	0823	movs	r3,#0x8	nrf_cc310_bl_ecdsa_verify_hash_secp256r1@000f9648
0x000f9544	0121	movs	r1,#0x1	nrf_cc310_bl_ecdsa_verify_hash_secp256r1@000f9648
0x000f9546	1a20	movs	r0,#0x1a	nrf_cc310_bl_ecdsa_verify_hash_secp256r1@000f9648
0x000f9548	fff7e4f9	bl	0x000f8914	nrf_cc310_bl_ecdsa_verify_hash_secp256r1@000f9648
0x000f954c	234a	ldr	r2,[0x000f95dc]	nrf_cc310_bl_ecdsa_verify_hash_secp256r1@000f9648
0x000f954e	0523	movs	r3,#0x5	nrf_cc310_bl_ecdsa_verify_hash_secp256r1@000f9648
0x000f9550	0121	movs	r1,#0x1	nrf_cc310_bl_ecdsa_verify_hash_secp256r1@000f9648
0x000f9552	1b20	movs	r0,#0x1b	nrf_cc310_bl_ecdsa_verify_hash_secp256r1@000f9648
0x000f9554	fff7def9	bl	0x000f8914	nrf_cc310_bl_ecdsa_verify_hash_secp256r1@000f9648
0x000f9558	214a	ldr	r2,[0x000f95e0]	nrf_cc310_bl_ecdsa_verify_hash_secp256r1@000f9648
0x000f955a	0823	movs	r3,#0x8	nrf_cc310_bl_ecdsa_verify_hash_secp256r1@000f9648
0x000f955c	0121	movs	r1,#0x1	nrf_cc310_bl_ecdsa_verify_hash_secp256r1@000f9648
0x000f955e	1420	movs	r0,#0x14	nrf_cc310_bl_ecdsa_verify_hash_secp256r1@000f9648
0x000f9560	fff7d8f9	bl	0x000f8914	nrf_cc310_bl_ecdsa_verify_hash_secp256r1@000f9648
0x000f9564	1f4a	ldr	r2,[0x000f95e4]	nrf_cc310_bl_ecdsa_verify_hash_secp256r1@000f9648
0x000f9566	0823	movs	r3,#0x8	nrf_cc310_bl_ecdsa_verify_hash_secp256r1@000f9648
0x000f9568	0121	movs	r1,#0x1	nrf_cc310_bl_ecdsa_verify_hash_secp256r1@000f9648
0x000f956a	1520	movs	r0,#0x15	nrf_cc310_bl_ecdsa_verify_hash_secp256r1@000f9648
0x000f956c	fff7d2f9	bl	0x000f8914	nrf_cc310_bl_ecdsa_verify_hash_secp256r1@000f9648
0x000f9570	0823	movs	r3,#0x8	nrf_cc310_bl_ecdsa_verify_hash_secp256r1@000f9648
0x000f9572	05f16402	add.w	r2,r5,#0x64	nrf_cc310_bl_ecdsa_verify_hash_secp256r1@000f9648
0x000f9576	0121	movs	r1,#0x1	nrf_cc310_bl_ecdsa_verify_hash_secp256r1@000f9648
0x000f9578	1620	movs	r0,#0x16	nrf_cc310_bl_ecdsa_verify_hash_secp256r1@000f9648
0x000f957a	fff7cbf9	bl	0x000f8914	nrf_cc310_bl_ecdsa_verify_hash_secp256r1@000f9648
0x000f957e	0823	movs	r3,#0x8	nrf_cc310_bl_ecdsa_verify_hash_secp256r1@000f9648
0x000f9580	05f18402	add.w	r2,r5,#0x84	nrf_cc310_bl_ecdsa_verify_hash_secp256r1@000f9648
0x000f9584	0121	movs	r1,#0x1	nrf_cc310_bl_ecdsa_verify_hash_secp256r1@000f9648
0x000f9586	1720	movs	r0,#0x17	nrf_cc310_bl_ecdsa_verify_hash_secp256r1@000f9648
0x000f9588	fff7c4f9	bl	0x000f8914	nrf_cc310_bl_ecdsa_verify_hash_secp256r1@000f9648
0x000f958c	0823	movs	r3,#0x8	nrf_cc310_bl_ecdsa_verify_hash_secp256r1@000f9648
0x000f958e	164a	ldr	r2,[0x000f95e8]	nrf_cc310_bl_ecdsa_verify_hash_secp256r1@000f9648
0x000f9590	0121	movs	r1,#0x1	nrf_cc310_bl_ecdsa_verify_hash_secp256r1@000f9648
0x000f9592	0b20	movs	r0,#0xb	nrf_cc310_bl_ecdsa_verify_hash_secp256r1@000f9648
0x000f9594	fff7bef9	bl	0x000f8914	nrf_cc310_bl_ecdsa_verify_hash_secp256r1@000f9648
0x000f9598	fff7acfb	bl	0x000f8cf4	nrf_cc310_bl_ecdsa_verify_hash_secp256r1@000f9648
0x000f959c	0446	mov	r4,r0	nrf_cc310_bl_ecdsa_verify_hash_secp256r1@000f9648
0x000f959e	0198	ldr	r0,[sp,#0x4]	nrf_cc310_bl_ecdsa_verify_hash_secp256r1@000f9648
0x000f95a0	fff7eefc	bl	0x000f8f80	nrf_cc310_bl_ecdsa_verify_hash_secp256r1@000f9648
0x000f95a4	114b	ldr	r3,[0x000f95ec]	nrf_cc310_bl_ecdsa_verify_hash_secp256r1@000f9648
0x000f95a6	002c	cmp	r4,#0x0	nrf_cc310_bl_ecdsa_verify_hash_secp256r1@000f9648
0x000f95a8	18bf	it	ne	nrf_cc310_bl_ecdsa_verify_hash_secp256r1@000f9648
0x000f95aa	1c46	mov.ne	r4,r3	nrf_cc310_bl_ecdsa_verify_hash_secp256r1@000f9648
0x000f95ac	a421	movs	r1,#0xa4	nrf_cc310_bl_ecdsa_verify_hash_secp256r1@000f9648
0x000f95ae	2846	mov	r0,r5	nrf_cc310_bl_ecdsa_verify_hash_secp256r1@000f9648
0x000f95b0	fff76eff	bl	0x000f9490	nrf_cc310_bl_ecdsa_verify_hash_secp256r1@000f9648
0x000f95b4	2046	mov	r0,r4	nrf_cc310_bl_ecdsa_verify_hash_secp256r1@000f9648
0x000f95b6	03b0	add	sp,#0xc	nrf_cc310_bl_ecdsa_verify_hash_secp256r1@000f9648
0x000f95b8	bde8f083	pop.w	{r4,r5,r6,r7,r8,r9,pc}	nrf_cc310_bl_ecdsa_verify_hash_secp256r1@000f9648
0x000f95bc	0c4c	ldr	r4,[0x000f95f0]	nrf_cc310_bl_ecdsa_verify_hash_secp256r1@000f9648
0x000f95be	f9e7	b	0x000f95b4	nrf_cc310_bl_ecdsa_verify_hash_secp256r1@000f9648
0x000f95c0	0c4c	ldr	r4,[0x000f95f4]	nrf_cc310_bl_ecdsa_verify_hash_secp256r1@000f9648
0x000f95c2	f7e7	b	0x000f95b4	nrf_cc310_bl_ecdsa_verify_hash_secp256r1@000f9648
0x000f95c4	0c4c	ldr	r4,[0x000f95f8]	nrf_cc310_bl_ecdsa_verify_hash_secp256r1@000f9648
0x000f95c6	f5e7	b	0x000f95b4	nrf_cc310_bl_ecdsa_verify_hash_secp256r1@000f9648
0x000f95c8	084c	ldr	r4,[0x000f95ec]	nrf_cc310_bl_ecdsa_verify_hash_secp256r1@000f9648
0x000f95ca	efe7	b	0x000f95ac	nrf_cc310_bl_ecdsa_verify_hash_secp256r1@000f9648
0x000f95fc	38b5	push	{r3,r4,r5,lr}	nrf_cc310_bl_ecdsa_verify_init_secp256r1@000f95fc
0x000f95fe	0d46	mov	r5,r1	nrf_cc310_bl_ecdsa_verify_init_secp256r1@000f95fc
0x000f9600	0446	mov	r4,r0	nrf_cc310_bl_ecdsa_verify_init_secp256r1@000f95fc
0x000f9602	b0b1	cbz	r0,0x000f9632	nrf_cc310_bl_ecdsa_verify_init_secp256r1@000f95fc
0x000f9604	a022	movs	r2,#0xa0	nrf_cc310_bl_ecdsa_verify_init_secp256r1@000f95fc
0x000f9606	0021	movs	r1,#0x0	nrf_cc310_bl_ecdsa_verify_init_secp256r1@000f95fc
0x000f9608	0430	adds	r0,#0x4	nrf_cc310_bl_ecdsa_verify_init_secp256r1@000f95fc
0x000f960a	fff73fff	bl	0x000f948c	nrf_cc310_bl_ecdsa_verify_init_secp256r1@000f95fc
0x000f960e	95b1	cbz	r5,0x000f9636	nrf_cc310_bl_ecdsa_verify_init_secp256r1@000f95fc
0x000f9610	0822	movs	r2,#0x8	nrf_cc310_bl_ecdsa_verify_init_secp256r1@000f95fc
0x000f9612	2946	mov	r1,r5	nrf_cc310_bl_ecdsa_verify_init_secp256r1@000f95fc
0x000f9614	04f16400	add.w	r0,r4,#0x64	nrf_cc310_bl_ecdsa_verify_init_secp256r1@000f95fc
0x000f9618	fef77aff	bl	0x000f8510	nrf_cc310_bl_ecdsa_verify_init_secp256r1@000f95fc
0x000f961c	0822	movs	r2,#0x8	nrf_cc310_bl_ecdsa_verify_init_secp256r1@000f95fc
0x000f961e	05f12001	add.w	r1,r5,#0x20	nrf_cc310_bl_ecdsa_verify_init_secp256r1@000f95fc
0x000f9622	04f18400	add.w	r0,r4,#0x84	nrf_cc310_bl_ecdsa_verify_init_secp256r1@000f95fc
0x000f9626	fef773ff	bl	0x000f8510	nrf_cc310_bl_ecdsa_verify_init_secp256r1@000f95fc
0x000f962a	044b	ldr	r3,[0x000f963c]	nrf_cc310_bl_ecdsa_verify_init_secp256r1@000f95fc
0x000f962c	2360	str	r3,[r4,#0x0]	nrf_cc310_bl_ecdsa_verify_init_secp256r1@000f95fc
0x000f962e	0020	movs	r0,#0x0	nrf_cc310_bl_ecdsa_verify_init_secp256r1@000f95fc
0x000f9630	38bd	pop	{r3,r4,r5,pc}	nrf_cc310_bl_ecdsa_verify_init_secp256r1@000f95fc
0x000f9632	0348	ldr	r0,[0x000f9640]	nrf_cc310_bl_ecdsa_verify_init_secp256r1@000f95fc
0x000f9634	fce7	b	0x000f9630	nrf_cc310_bl_ecdsa_verify_init_secp256r1@000f95fc
0x000f9636	0348	ldr	r0,[0x000f9644]	nrf_cc310_bl_ecdsa_verify_init_secp256r1@000f95fc
0x000f9638	fae7	b	0x000f9630	nrf_cc310_bl_ecdsa_verify_init_secp256r1@000f95fc
0x000f9648	37b5	push	{r0,r1,r2,r4,r5,lr}	nrf_cc310_bl_ecdsa_verify_hash_secp256r1@000f9648
0x000f964a	0193	str	r3,[sp,#0x4]	nrf_cc310_bl_ecdsa_verify_hash_secp256r1@000f9648
0x000f964c	069b	ldr	r3,[sp,#0x18]	nrf_cc310_bl_ecdsa_verify_hash_secp256r1@000f9648
0x000f964e	0093	str	r3,[sp,#0x0]	nrf_cc310_bl_ecdsa_verify_hash_secp256r1@000f9648
0x000f9650	0446	mov	r4,r0	nrf_cc310_bl_ecdsa_verify_hash_secp256r1@000f9648
0x000f9652	1546	mov	r5,r2	nrf_cc310_bl_ecdsa_verify_hash_secp256r1@000f9648
0x000f9654	fff7d2ff	bl	0x000f95fc	nrf_cc310_bl_ecdsa_verify_hash_secp256r1@000f9648
0x000f9658	40b9	cbnz	r0,0x000f966c	nrf_cc310_bl_ecdsa_verify_hash_secp256r1@000f9648
0x000f965a	dde90032	ldrd	r3,r2,[sp,#0x0]	nrf_cc310_bl_ecdsa_verify_hash_secp256r1@000f9648
0x000f965e	2946	mov	r1,r5	nrf_cc310_bl_ecdsa_verify_hash_secp256r1@000f9648
0x000f9660	2046	mov	r0,r4	nrf_cc310_bl_ecdsa_verify_hash_secp256r1@000f9648
0x000f9662	03b0	add	sp,#0xc	nrf_cc310_bl_ecdsa_verify_hash_secp256r1@000f9648
0x000f9664	bde83040	pop.w	{r4,r5,lr}	nrf_cc310_bl_ecdsa_verify_hash_secp256r1@000f9648
0x000f9668	fff716bf	b.w	0x000f9498	nrf_cc310_bl_ecdsa_verify_hash_secp256r1@000f9648
0x000f966c	03b0	add	sp,#0xc	nrf_cc310_bl_ecdsa_verify_hash_secp256r1@000f9648
0x000f966e	30bd	pop	{r4,r5,pc}	nrf_cc310_bl_ecdsa_verify_hash_secp256r1@000f9648
0x000f9670	2de9ff41	push	{r0,r1,r2,r3,r4,r5,r6,r7,r8,lr}	nrf_cc310_bl_hash_sha256_finalize@000f9670
0x000f9674	144b	ldr	r3,[0x000f96c8]	nrf_cc310_bl_hash_sha256_finalize@000f9670
0x000f9676	0446	mov	r4,r0	nrf_cc310_bl_hash_sha256_finalize@000f9670
0x000f9678	0d46	mov	r5,r1	nrf_cc310_bl_hash_sha256_finalize@000f9670
0x000f967a	0fcb	ldmia	r3,{r0,r1,r2,r3}	nrf_cc310_bl_hash_sha256_finalize@000f9670
0x000f967c	e846	mov	r8,sp	nrf_cc310_bl_hash_sha256_finalize@000f9670
0x000f967e	88e80f00	stm	r8,{r0,r1,r2,r3}	nrf_cc310_bl_hash_sha256_finalize@000f9670
0x000f9682	2046	mov	r0,r4	nrf_cc310_bl_hash_sha256_finalize@000f9670
0x000f9684	00f078f9	bl	0x000f9978	nrf_cc310_bl_hash_sha256_finalize@000f9670
0x000f9688	0746	mov	r7,r0	nrf_cc310_bl_hash_sha256_finalize@000f9670
0x000f968a	b0b9	cbnz	r0,0x000f96ba	nrf_cc310_bl_hash_sha256_finalize@000f9670
0x000f968c	cdb1	cbz	r5,0x000f96c2	nrf_cc310_bl_hash_sha256_finalize@000f9670
0x000f968e	636a	ldr	r3,[r4,#0x24]	nrf_cc310_bl_hash_sha256_finalize@000f9670
0x000f9690	261d	adds	r6,r4,#0x4	nrf_cc310_bl_hash_sha256_finalize@000f9670
0x000f9692	0196	str	r6,[sp,#0x4]	nrf_cc310_bl_hash_sha256_finalize@000f9670
0x000f9694	3bb9	cbnz	r3,0x000f96a6	nrf_cc310_bl_hash_sha256_finalize@000f9670
0x000f9696	0123	movs	r3,#0x1	nrf_cc310_bl_hash_sha256_finalize@000f9670
0x000f9698	226f	ldr	r2,[r4,#0x70]	nrf_cc310_bl_hash_sha256_finalize@000f9670
0x000f969a	6362	str	r3,[r4,#0x24]	nrf_cc310_bl_hash_sha256_finalize@000f9670
0x000f969c	04f13001	add.w	r1,r4,#0x30	nrf_cc310_bl_hash_sha256_finalize@000f9670
0x000f96a0	4046	mov	r0,r8	nrf_cc310_bl_hash_sha256_finalize@000f9670
0x000f96a2	00f081f8	bl	0x000f97a8	nrf_cc310_bl_hash_sha256_finalize@000f9670
0x000f96a6	3346	mov	r3,r6	nrf_cc310_bl_hash_sha256_finalize@000f9670
0x000f96a8	043d	subs	r5,#0x4	nrf_cc310_bl_hash_sha256_finalize@000f9670
0x000f96aa	2434	adds	r4,#0x24	nrf_cc310_bl_hash_sha256_finalize@000f9670
0x000f96ac	53f8042b	ldr.w	r2,[r3],#0x4	nrf_cc310_bl_hash_sha256_finalize@000f9670
0x000f96b0	12ba	rev	r2,r2	nrf_cc310_bl_hash_sha256_finalize@000f9670
0x000f96b2	a342	cmp	r3,r4	nrf_cc310_bl_hash_sha256_finalize@000f9670
0x000f96b4	45f8042f	str.w	r2,[r5,#0x4]!	nrf_cc310_bl_hash_sha256_finalize@000f9670
0x000f96b8	f8d1	bne	0x000f96ac	nrf_cc310_bl_hash_sha256_finalize@000f9670
0x000f96ba	3846	mov	r0,r7	nrf_cc310_bl_hash_sha256_finalize@000f9670
0x000f96bc	04b0	add	sp,#0x10	nrf_cc310_bl_hash_sha256_finalize@000f9670
0x000f96be	bde8f081	pop.w	{r4,r5,r6,r7,r8,pc}	nrf_cc310_bl_hash_sha256_finalize@000f9670
0x000f96c2	024f	ldr	r7,[0x000f96cc]	nrf_cc310_bl_hash_sha256_finalize@000f9670
0x000f96c4	f9e7	b	0x000f96ba	nrf_cc310_bl_hash_sha256_finalize@000f9670
0x000f96d0	13b5	push	{r0,r1,r4,lr}	nrf_cc310_bl_hash_sha256_init@000f96d0
0x000f96d2	0446	mov	r4,r0	nrf_cc310_bl_hash_sha256_init@000f96d0
0x000f96d4	70b1	cbz	r0,0x000f96f4	nrf_cc310_bl_hash_sha256_init@000f96d0
0x000f96d6	0430	adds	r0,#0x4	nrf_cc310_bl_hash_sha256_init@000f96d0
0x000f96d8	7021	movs	r1,#0x70	nrf_cc310_bl_hash_sha256_init@000f96d0
0x000f96da	0190	str	r0,[sp,#0x4]	nrf_cc310_bl_hash_sha256_init@000f96d0
0x000f96dc	fff7d8fe	bl	0x000f9490	nrf_cc310_bl_hash_sha256_init@000f96d0
0x000f96e0	0198	ldr	r0,[sp,#0x4]	nrf_cc310_bl_hash_sha256_init@000f96d0
0x000f96e2	0549	ldr	r1,[0x000f96f8]	nrf_cc310_bl_hash_sha256_init@000f96d0
0x000f96e4	2022	movs	r2,#0x20	nrf_cc310_bl_hash_sha256_init@000f96d0
0x000f96e6	fff7cffe	bl	0x000f9488	nrf_cc310_bl_hash_sha256_init@000f96d0
0x000f96ea	044b	ldr	r3,[0x000f96fc]	nrf_cc310_bl_hash_sha256_init@000f96d0
0x000f96ec	2360	str	r3,[r4,#0x0]	nrf_cc310_bl_hash_sha256_init@000f96d0
0x000f96ee	0020	movs	r0,#0x0	nrf_cc310_bl_hash_sha256_init@000f96d0
0x000f96f0	02b0	add	sp,#0x8	nrf_cc310_bl_hash_sha256_init@000f96d0
0x000f96f2	10bd	pop	{r4,pc}	nrf_cc310_bl_hash_sha256_init@000f96d0
0x000f96f4	0248	ldr	r0,[0x000f9700]	nrf_cc310_bl_hash_sha256_init@000f96d0
0x000f96f6	fbe7	b	0x000f96f0	nrf_cc310_bl_hash_sha256_init@000f96d0
0x000f9704	2de9ff47	push	{r0,r1,r2,r3,r4,r5,r6,r7,r8,r9,r10,lr}	nrf_cc310_bl_hash_sha256_update@000f9704
0x000f9708	254b	ldr	r3,[0x000f97a0]	nrf_cc310_bl_hash_sha256_update@000f9704
0x000f970a	0446	mov	r4,r0	nrf_cc310_bl_hash_sha256_update@000f9704
0x000f970c	0f46	mov	r7,r1	nrf_cc310_bl_hash_sha256_update@000f9704
0x000f970e	1546	mov	r5,r2	nrf_cc310_bl_hash_sha256_update@000f9704
0x000f9710	0fcb	ldmia	r3,{r0,r1,r2,r3}	nrf_cc310_bl_hash_sha256_update@000f9704
0x000f9712	e846	mov	r8,sp	nrf_cc310_bl_hash_sha256_update@000f9704
0x000f9714	88e80f00	stm	r8,{r0,r1,r2,r3}	nrf_cc310_bl_hash_sha256_update@000f9704
0x000f9718	25b9	cbnz	r5,0x000f9724	nrf_cc310_bl_hash_sha256_update@000f9704
0x000f971a	0026	movs	r6,#0x0	nrf_cc310_bl_hash_sha256_update@000f9704
0x000f971c	3046	mov	r0,r6	nrf_cc310_bl_hash_sha256_update@000f9704
0x000f971e	04b0	add	sp,#0x10	nrf_cc310_bl_hash_sha256_update@000f9704
0x000f9720	bde8f087	pop.w	{r4,r5,r6,r7,r8,r9,r10,pc}	nrf_cc310_bl_hash_sha256_update@000f9704
0x000f9724	2046	mov	r0,r4	nrf_cc310_bl_hash_sha256_update@000f9704
0x000f9726	00f027f9	bl	0x000f9978	nrf_cc310_bl_hash_sha256_update@000f9704
0x000f972a	0646	mov	r6,r0	nrf_cc310_bl_hash_sha256_update@000f9704
0x000f972c	0028	cmp	r0,#0x0	nrf_cc310_bl_hash_sha256_update@000f9704
0x000f972e	f5d1	bne	0x000f971c	nrf_cc310_bl_hash_sha256_update@000f9704
0x000f9730	666a	ldr	r6,[r4,#0x24]	nrf_cc310_bl_hash_sha256_update@000f9704
0x000f9732	231d	adds	r3,r4,#0x4	nrf_cc310_bl_hash_sha256_update@000f9704
0x000f9734	0193	str	r3,[sp,#0x4]	nrf_cc310_bl_hash_sha256_update@000f9704
0x000f9736	8ebb	cbnz	r6,0x000f979c	nrf_cc310_bl_hash_sha256_update@000f9704
0x000f9738	206f	ldr	r0,[r4,#0x70]	nrf_cc310_bl_hash_sha256_update@000f9704
0x000f973a	c0b1	cbz	r0,0x000f976e	nrf_cc310_bl_hash_sha256_update@000f9704
0x000f973c	c0f14009	rsb.w	r9,r0,#0x40	nrf_cc310_bl_hash_sha256_update@000f9704
0x000f9740	a945	cmp	r9,r5	nrf_cc310_bl_hash_sha256_update@000f9704
0x000f9742	28bf	it	cs	nrf_cc310_bl_hash_sha256_update@000f9704
0x000f9744	a946	mov.cs	r9,r5	nrf_cc310_bl_hash_sha256_update@000f9704
0x000f9746	04f1300a	add.w	r10,r4,#0x30	nrf_cc310_bl_hash_sha256_update@000f9704
0x000f974a	4a46	mov	r2,r9	nrf_cc310_bl_hash_sha256_update@000f9704
0x000f974c	3946	mov	r1,r7	nrf_cc310_bl_hash_sha256_update@000f9704
0x000f974e	5044	add	r0,r10	nrf_cc310_bl_hash_sha256_update@000f9704
0x000f9750	fff79afe	bl	0x000f9488	nrf_cc310_bl_hash_sha256_update@000f9704
0x000f9754	226f	ldr	r2,[r4,#0x70]	nrf_cc310_bl_hash_sha256_update@000f9704
0x000f9756	4a44	add	r2,r9	nrf_cc310_bl_hash_sha256_update@000f9704
0x000f9758	402a	cmp	r2,#0x40	nrf_cc310_bl_hash_sha256_update@000f9704
0x000f975a	4f44	add	r7,r9	nrf_cc310_bl_hash_sha256_update@000f9704
0x000f975c	2267	str	r2,[r4,#0x70]	nrf_cc310_bl_hash_sha256_update@000f9704
0x000f975e	a5eb0905	sub.w	r5,r5,r9	nrf_cc310_bl_hash_sha256_update@000f9704
0x000f9762	04d1	bne	0x000f976e	nrf_cc310_bl_hash_sha256_update@000f9704
0x000f9764	5146	mov	r1,r10	nrf_cc310_bl_hash_sha256_update@000f9704
0x000f9766	4046	mov	r0,r8	nrf_cc310_bl_hash_sha256_update@000f9704
0x000f9768	00f01ef8	bl	0x000f97a8	nrf_cc310_bl_hash_sha256_update@000f9704
0x000f976c	2667	str	r6,[r4,#0x70]	nrf_cc310_bl_hash_sha256_update@000f9704
0x000f976e	05f03f09	and	r9,r5,#0x3f	nrf_cc310_bl_hash_sha256_update@000f9704
0x000f9772	35f03f05	bics	r5,r5,#0x3f	nrf_cc310_bl_hash_sha256_update@000f9704
0x000f9776	05d0	beq	0x000f9784	nrf_cc310_bl_hash_sha256_update@000f9704
0x000f9778	3946	mov	r1,r7	nrf_cc310_bl_hash_sha256_update@000f9704
0x000f977a	2a46	mov	r2,r5	nrf_cc310_bl_hash_sha256_update@000f9704
0x000f977c	4046	mov	r0,r8	nrf_cc310_bl_hash_sha256_update@000f9704
0x000f977e	00f013f8	bl	0x000f97a8	nrf_cc310_bl_hash_sha256_update@000f9704
0x000f9782	2f44	add	r7,r5	nrf_cc310_bl_hash_sha256_update@000f9704
0x000f9784	b9f1000f	cmp.w	r9,#0x0	nrf_cc310_bl_hash_sha256_update@000f9704
0x000f9788	c7d0	beq	0x000f971a	nrf_cc310_bl_hash_sha256_update@000f9704
0x000f978a	4a46	mov	r2,r9	nrf_cc310_bl_hash_sha256_update@000f9704
0x000f978c	3946	mov	r1,r7	nrf_cc310_bl_hash_sha256_update@000f9704
0x000f978e	04f13000	add.w	r0,r4,#0x30	nrf_cc310_bl_hash_sha256_update@000f9704
0x000f9792	fff779fe	bl	0x000f9488	nrf_cc310_bl_hash_sha256_update@000f9704
0x000f9796	c4f87090	str.w	r9,[r4,#0x70]	nrf_cc310_bl_hash_sha256_update@000f9704
0x000f979a	bfe7	b	0x000f971c	nrf_cc310_bl_hash_sha256_update@000f9704
0x000f979c	014e	ldr	r6,[0x000f97a4]	nrf_cc310_bl_hash_sha256_update@000f9704
0x000f979e	bde7	b	0x000f971c	nrf_cc310_bl_hash_sha256_update@000f9704
0x000f97a8	2de9f74f	push	{r0,r1,r2,r4,r5,r6,r7,r8,r9,r10,r11,lr}	nrf_cc310_bl_hash_update_internal@000f97a8
0x000f97ac	314b	ldr	r3,[0x000f9874]	nrf_cc310_bl_hash_update_internal@000f97a8
0x000f97ae	4468	ldr	r4,[r0,#0x4]	nrf_cc310_bl_hash_update_internal@000f97a8
0x000f97b0	0546	mov	r5,r0	nrf_cc310_bl_hash_update_internal@000f97a8
0x000f97b2	9146	mov	r9,r2	nrf_cc310_bl_hash_update_internal@000f97a8
0x000f97b4	9a46	mov	r10,r3	nrf_cc310_bl_hash_update_internal@000f97a8
0x000f97b6	1a68	ldr	r2,[r3,#0x0]	nrf_cc310_bl_hash_update_internal@000f97a8
0x000f97b8	002a	cmp	r2,#0x0	nrf_cc310_bl_hash_update_internal@000f97a8
0x000f97ba	fcd1	bne	0x000f97b6	nrf_cc310_bl_hash_update_internal@000f97a8
0x000f97bc	2e4b	ldr	r3,[0x000f9878]	nrf_cc310_bl_hash_update_internal@000f97a8
0x000f97be	9b46	mov	r11,r3	nrf_cc310_bl_hash_update_internal@000f97a8
0x000f97c0	1a68	ldr	r2,[r3,#0x0]	nrf_cc310_bl_hash_update_internal@000f97a8
0x000f97c2	002a	cmp	r2,#0x0	nrf_cc310_bl_hash_update_internal@000f97a8
0x000f97c4	fcd1	bne	0x000f97c0	nrf_cc310_bl_hash_update_internal@000f97a8
0x000f97c6	4ff0ff30	mov.w	r0,#0xffffffff	nrf_cc310_bl_hash_update_internal@000f97a8
0x000f97ca	0191	str	r1,[sp,#0x4]	nrf_cc310_bl_hash_update_internal@000f97a8
0x000f97cc	fff736fe	bl	0x000f943c	nrf_cc310_bl_hash_update_internal@000f97a8
0x000f97d0	8020	movs	r0,#0x80	nrf_cc310_bl_hash_update_internal@000f97a8
0x000f97d2	fff739fe	bl	0x000f9448	nrf_cc310_bl_hash_update_internal@000f97a8
0x000f97d6	294e	ldr	r6,[0x000f987c]	nrf_cc310_bl_hash_update_internal@000f97a8
0x000f97d8	294a	ldr	r2,[0x000f9880]	nrf_cc310_bl_hash_update_internal@000f97a8
0x000f97da	dff8b880	ldr.w	r8,[0x000f9894]	nrf_cc310_bl_hash_update_internal@000f97a8
0x000f97de	294f	ldr	r7,[0x000f9884]	nrf_cc310_bl_hash_update_internal@000f97a8
0x000f97e0	0123	movs	r3,#0x1	nrf_cc310_bl_hash_update_internal@000f97a8
0x000f97e2	0720	movs	r0,#0x7	nrf_cc310_bl_hash_update_internal@000f97a8
0x000f97e4	3360	str	r3,[r6,#0x0]	nrf_cc310_bl_hash_update_internal@000f97a8
0x000f97e6	a2f59e72	sub.w	r2,r2,#0x13c	nrf_cc310_bl_hash_update_internal@000f97a8
0x000f97ea	c2f83c01	str.w	r0,[r2,#0x13c]	nrf_cc310_bl_hash_update_internal@000f97a8
0x000f97ee	1360	str	r3,[r2,#0x0]	nrf_cc310_bl_hash_update_internal@000f97a8
0x000f97f0	636a	ldr	r3,[r4,#0x24]	nrf_cc310_bl_hash_update_internal@000f97a8
0x000f97f2	c8f80030	str.w	r3,[r8,#0x0]	nrf_cc310_bl_hash_update_internal@000f97a8
0x000f97f6	a36a	ldr	r3,[r4,#0x28]	nrf_cc310_bl_hash_update_internal@000f97a8
0x000f97f8	3b60	str	r3,[r7,#0x0]	nrf_cc310_bl_hash_update_internal@000f97a8
0x000f97fa	2b68	ldr	r3,[r5,#0x0]	nrf_cc310_bl_hash_update_internal@000f97a8
0x000f97fc	42f8043c	str.w	r3,[r2,#-0x4]	nrf_cc310_bl_hash_update_internal@000f97a8
0x000f9800	ab68	ldr	r3,[r5,#0x8]	nrf_cc310_bl_hash_update_internal@000f97a8
0x000f9802	2046	mov	r0,r4	nrf_cc310_bl_hash_update_internal@000f97a8
0x000f9804	9847	blx	r3	nrf_cc310_bl_hash_update_internal@000f97a8
0x000f9806	0199	ldr	r1,[sp,#0x4]	nrf_cc310_bl_hash_update_internal@000f97a8
0x000f9808	daf80030	ldr.w	r3,[r10,#0x0]	nrf_cc310_bl_hash_update_internal@000f97a8
0x000f980c	002b	cmp	r3,#0x0	nrf_cc310_bl_hash_update_internal@000f97a8
0x000f980e	fbd1	bne	0x000f9808	nrf_cc310_bl_hash_update_internal@000f97a8
0x000f9810	b9f1000f	cmp.w	r9,#0x0	nrf_cc310_bl_hash_update_internal@000f97a8
0x000f9814	20d1	bne	0x000f9858	nrf_cc310_bl_hash_update_internal@000f97a8
0x000f9816	1c4b	ldr	r3,[0x000f9888]	nrf_cc310_bl_hash_update_internal@000f97a8
0x000f9818	0422	movs	r2,#0x4	nrf_cc310_bl_hash_update_internal@000f97a8
0x000f981a	1a60	str	r2,[r3,#0x0]	nrf_cc310_bl_hash_update_internal@000f97a8
0x000f981c	daf80030	ldr.w	r3,[r10,#0x0]	nrf_cc310_bl_hash_update_internal@000f97a8
0x000f9820	002b	cmp	r3,#0x0	nrf_cc310_bl_hash_update_internal@000f97a8
0x000f9822	fbd1	bne	0x000f981c	nrf_cc310_bl_hash_update_internal@000f97a8
0x000f9824	dbf80090	ldr.w	r9,[r11,#0x0]	nrf_cc310_bl_hash_update_internal@000f97a8
0x000f9828	b9f1000f	cmp.w	r9,#0x0	nrf_cc310_bl_hash_update_internal@000f97a8
0x000f982c	fad1	bne	0x000f9824	nrf_cc310_bl_hash_update_internal@000f97a8
0x000f982e	eb68	ldr	r3,[r5,#0xc]	nrf_cc310_bl_hash_update_internal@000f97a8
0x000f9830	2046	mov	r0,r4	nrf_cc310_bl_hash_update_internal@000f97a8
0x000f9832	9847	blx	r3	nrf_cc310_bl_hash_update_internal@000f97a8
0x000f9834	d8f80030	ldr.w	r3,[r8,#0x0]	nrf_cc310_bl_hash_update_internal@000f97a8
0x000f9838	6362	str	r3,[r4,#0x24]	nrf_cc310_bl_hash_update_internal@000f97a8
0x000f983a	3b68	ldr	r3,[r7,#0x0]	nrf_cc310_bl_hash_update_internal@000f97a8
0x000f983c	a362	str	r3,[r4,#0x28]	nrf_cc310_bl_hash_update_internal@000f97a8
0x000f983e	134b	ldr	r3,[0x000f988c]	nrf_cc310_bl_hash_update_internal@000f97a8
0x000f9840	c3f80090	str.w	r9,[r3,#0x0]	nrf_cc310_bl_hash_update_internal@000f97a8
0x000f9844	c3f84491	str.w	r9,[r3,#0x144]	nrf_cc310_bl_hash_update_internal@000f97a8
0x000f9848	daf80030	ldr.w	r3,[r10,#0x0]	nrf_cc310_bl_hash_update_internal@000f97a8
0x000f984c	002b	cmp	r3,#0x0	nrf_cc310_bl_hash_update_internal@000f97a8
0x000f984e	fbd1	bne	0x000f9848	nrf_cc310_bl_hash_update_internal@000f97a8
0x000f9850	3360	str	r3,[r6,#0x0]	nrf_cc310_bl_hash_update_internal@000f97a8
0x000f9852	03b0	add	sp,#0xc	nrf_cc310_bl_hash_update_internal@000f97a8
0x000f9854	bde8f08f	pop.w	{r4,r5,r6,r7,r8,r9,r10,r11,pc}	nrf_cc310_bl_hash_update_internal@000f97a8
0x000f9858	236a	ldr	r3,[r4,#0x20]	nrf_cc310_bl_hash_update_internal@000f97a8
0x000f985a	012b	cmp	r3,#0x1	nrf_cc310_bl_hash_update_internal@000f97a8
0x000f985c	04bf	itt	eq	nrf_cc310_bl_hash_update_internal@000f97a8
0x000f985e	0b4a	ldr.eq	r2,[0x000f988c]	nrf_cc310_bl_hash_update_internal@000f97a8
0x000f9860	1360	str.eq	r3,[r2,#0x0]	nrf_cc310_bl_hash_update_internal@000f97a8
0x000f9862	0b4b	ldr	r3,[0x000f9890]	nrf_cc310_bl_hash_update_internal@000f97a8
0x000f9864	4020	movs	r0,#0x40	nrf_cc310_bl_hash_update_internal@000f97a8
0x000f9866	1960	str	r1,[r3,#0x0]	nrf_cc310_bl_hash_update_internal@000f97a8
0x000f9868	c3f80490	str.w	r9,[r3,#0x4]	nrf_cc310_bl_hash_update_internal@000f97a8
0x000f986c	fff7f2fd	bl	0x000f9454	nrf_cc310_bl_hash_update_internal@000f97a8
0x000f9870	d4e7	b	0x000f981c	nrf_cc310_bl_hash_update_internal@000f97a8
0x000f9898	084b	ldr	r3,[0x000f98bc]	nrf_cc310_bl_init@000f9898
0x000f989a	1b68	ldr	r3,[r3,#0x0]	nrf_cc310_bl_init@000f9898
0x000f989c	1b0e	lsrs	r3,r3,#0x18	nrf_cc310_bl_init@000f9898
0x000f989e	f02b	cmp	r3,#0xf0	nrf_cc310_bl_init@000f9898
0x000f98a0	08d1	bne	0x000f98b4	nrf_cc310_bl_init@000f9898
0x000f98a2	074b	ldr	r3,[0x000f98c0]	nrf_cc310_bl_init@000f9898
0x000f98a4	1a68	ldr	r2,[r3,#0x0]	nrf_cc310_bl_init@000f9898
0x000f98a6	074b	ldr	r3,[0x000f98c4]	nrf_cc310_bl_init@000f9898
0x000f98a8	9a42	cmp	r2,r3	nrf_cc310_bl_init@000f9898
0x000f98aa	05d1	bne	0x000f98b8	nrf_cc310_bl_init@000f9898
0x000f98ac	064b	ldr	r3,[0x000f98c8]	nrf_cc310_bl_init@000f9898
0x000f98ae	0020	movs	r0,#0x0	nrf_cc310_bl_init@000f9898
0x000f98b0	1860	str	r0,[r3,#0x0]	nrf_cc310_bl_init@000f9898
0x000f98b2	7047	bx	lr	nrf_cc310_bl_init@000f9898
0x000f98b4	0520	movs	r0,#0x5	nrf_cc310_bl_init@000f9898
0x000f98b6	7047	bx	lr	nrf_cc310_bl_init@000f9898
0x000f98b8	0620	movs	r0,#0x6	nrf_cc310_bl_init@000f9898
0x000f98ba	7047	bx	lr	nrf_cc310_bl_init@000f9898
0x000f98cc	0c4b	ldr	r3,[0x000f9900]	
0x000f98ce	1b68	ldr	r3,[r3,#0x0]	
0x000f98d0	c361	str	r3,[r0,#0x1c]	
0x000f98d2	0c4b	ldr	r3,[0x000f9904]	
0x000f98d4	1b68	ldr	r3,[r3,#0x0]	
0x000f98d6	8361	str	r3,[r0,#0x18]	
0x000f98d8	0b4b	ldr	r3,[0x000f9908]	
0x000f98da	1b68	ldr	r3,[r3,#0x0]	
0x000f98dc	4361	str	r3,[r0,#0x14]	
0x000f98de	0b4b	ldr	r3,[0x000f990c]	
0x000f98e0	1b68	ldr	r3,[r3,#0x0]	
0x000f98e2	0361	str	r3,[r0,#0x10]	
0x000f98e4	0a4b	ldr	r3,[0x000f9910]	
0x000f98e6	1b68	ldr	r3,[r3,#0x0]	
0x000f98e8	c360	str	r3,[r0,#0xc]	
0x000f98ea	0a4b	ldr	r3,[0x000f9914]	
0x000f98ec	1b68	ldr	r3,[r3,#0x0]	
0x000f98ee	8360	str	r3,[r0,#0x8]	
0x000f98f0	094b	ldr	r3,[0x000f9918]	
0x000f98f2	1b68	ldr	r3,[r3,#0x0]	
0x000f98f4	4360	str	r3,[r0,#0x4]	
0x000f98f6	094b	ldr	r3,[0x000f991c]	
0x000f98f8	1b68	ldr	r3,[r3,#0x0]	
0x000f98fa	0360	str	r3,[r0,#0x0]	
0x000f98fc	7047	bx	lr	
0x000f9920	0c4b	ldr	r3,[0x000f9954]	
0x000f9922	c269	ldr	r2,[r0,#0x1c]	
0x000f9924	1a60	str	r2,[r3,#0x0]	
0x000f9926	8269	ldr	r2,[r0,#0x18]	
0x000f9928	43f8042c	str.w	r2,[r3,#-0x4]	
0x000f992c	4269	ldr	r2,[r0,#0x14]	
0x000f992e	43f8082c	str.w	r2,[r3,#-0x8]	
0x000f9932	0269	ldr	r2,[r0,#0x10]	
0x000f9934	43f80c2c	str.w	r2,[r3,#-0xc]	
0x000f9938	c268	ldr	r2,[r0,#0xc]	
0x000f993a	43f8102c	str.w	r2,[r3,#-0x10]	
0x000f993e	8268	ldr	r2,[r0,#0x8]	
0x000f9940	43f8142c	str.w	r2,[r3,#-0x14]	
0x000f9944	4268	ldr	r2,[r0,#0x4]	
0x000f9946	43f8182c	str.w	r2,[r3,#-0x18]	
0x000f994a	0268	ldr	r2,[r0,#0x0]	
0x000f994c	43f81c2c	str.w	r2,[r3,#-0x1c]	
0x000f9950	7047	bx	lr	
0x000f9958	30b1	cbz	r0,0x000f9968	verify_context_ecdsa_verify_secp256r1@000f9958
0x000f995a	0268	ldr	r2,[r0,#0x0]	verify_context_ecdsa_verify_secp256r1@000f9958
0x000f995c	034b	ldr	r3,[0x000f996c]	verify_context_ecdsa_verify_secp256r1@000f9958
0x000f995e	0448	ldr	r0,[0x000f9970]	verify_context_ecdsa_verify_secp256r1@000f9958
0x000f9960	9a42	cmp	r2,r3	verify_context_ecdsa_verify_secp256r1@000f9958
0x000f9962	08bf	it	eq	verify_context_ecdsa_verify_secp256r1@000f9958
0x000f9964	0020	mov.eq	r0,#0x0	verify_context_ecdsa_verify_secp256r1@000f9958
0x000f9966	7047	bx	lr	verify_context_ecdsa_verify_secp256r1@000f9958
0x000f9968	0248	ldr	r0,[0x000f9974]	verify_context_ecdsa_verify_secp256r1@000f9958
0x000f996a	7047	bx	lr	verify_context_ecdsa_verify_secp256r1@000f9958
0x000f9978	30b1	cbz	r0,0x000f9988	verify_context_hash_sha256@000f9978
0x000f997a	0268	ldr	r2,[r0,#0x0]	verify_context_hash_sha256@000f9978
0x000f997c	034b	ldr	r3,[0x000f998c]	verify_context_hash_sha256@000f9978
0x000f997e	0448	ldr	r0,[0x000f9990]	verify_context_hash_sha256@000f9978
0x000f9980	9a42	cmp	r2,r3	verify_context_hash_sha256@000f9978
0x000f9982	08bf	it	eq	verify_context_hash_sha256@000f9978
0x000f9984	0020	mov.eq	r0,#0x0	verify_context_hash_sha256@000f9978
0x000f9986	7047	bx	lr	verify_context_hash_sha256@000f9978
0x000f9988	0248	ldr	r0,[0x000f9994]	verify_context_hash_sha256@000f9978
0x000f998a	7047	bx	lr	verify_context_hash_sha256@000f9978
0x000f9998	2de9f041	push	{r4,r5,r6,r7,r8,lr}	RTC2_IRQHandler@000f9998
0x000f999c	194e	ldr	r6,[0x000f9a04]	RTC2_IRQHandler@000f9998
0x000f999e	4ff48271	mov.w	r1,#0x104	RTC2_IRQHandler@000f9998
0x000f99a2	d6f80401	ldr.w	r0,[r6,#0x104]	RTC2_IRQHandler@000f9998
0x000f99a6	30b1	cbz	r0,0x000f99b6	RTC2_IRQHandler@000f9998
0x000f99a8	1748	ldr	r0,[0x000f9a08]	RTC2_IRQHandler@000f9998
0x000f99aa	c268	ldr	r2,[r0,#0xc]	RTC2_IRQHandler@000f9998
0x000f99ac	521c	adds	r2,r2,#0x1	RTC2_IRQHandler@000f9998
0x000f99ae	c260	str	r2,[r0,#0xc]	RTC2_IRQHandler@000f9998
0x000f99b0	3046	mov	r0,r6	RTC2_IRQHandler@000f9998
0x000f99b2	02f0affb	bl	0x000fc114	RTC2_IRQHandler@000f9998
0x000f99b6	0025	movs	r5,#0x0	RTC2_IRQHandler@000f9998
0x000f99b8	4ff4a077	mov.w	r7,#0x140	RTC2_IRQHandler@000f9998
0x000f99bc	07eb8501	add.w	r1,r7,r5, lsl #0x2	RTC2_IRQHandler@000f9998
0x000f99c0	8ab2	uxth	r2,r1	RTC2_IRQHandler@000f9998
0x000f99c2	3046	mov	r0,r6	RTC2_IRQHandler@000f9998
0x000f99c4	b258	ldr	r2,[r6,r2]	RTC2_IRQHandler@000f9998
0x000f99c6	bab1	cbz	r2,0x000f99f8	RTC2_IRQHandler@000f9998
0x000f99c8	89b2	uxth	r1,r1	RTC2_IRQHandler@000f9998
0x000f99ca	02f0a3fb	bl	0x000fc114	RTC2_IRQHandler@000f9998
0x000f99ce	0e48	ldr	r0,[0x000f9a08]	RTC2_IRQHandler@000f9998
0x000f99d0	1030	adds	r0,#0x10	RTC2_IRQHandler@000f9998
0x000f99d2	00eb0514	add.w	r4,r0,r5, lsl #0x4	RTC2_IRQHandler@000f9998
0x000f99d6	2046	mov	r0,r4	RTC2_IRQHandler@000f9998
0x000f99d8	03f070fe	bl	0x000fd6bc	RTC2_IRQHandler@000f9998
0x000f99dc	6168	ldr	r1,[r4,#0x4]	RTC2_IRQHandler@000f9998
0x000f99de	19b1	cbz	r1,0x000f99e8	RTC2_IRQHandler@000f9998
0x000f99e0	2046	mov	r0,r4	RTC2_IRQHandler@000f9998
0x000f99e2	03f0f3fd	bl	0x000fd5cc	RTC2_IRQHandler@000f9998
0x000f99e6	07e0	b	0x000f99f8	RTC2_IRQHandler@000f9998
0x000f99e8	a168	ldr	r1,[r4,#0x8]	RTC2_IRQHandler@000f9998
0x000f99ea	11b1	cbz	r1,0x000f99f2	RTC2_IRQHandler@000f9998
0x000f99ec	2046	mov	r0,r4	RTC2_IRQHandler@000f9998
0x000f99ee	03f0edfd	bl	0x000fd5cc	RTC2_IRQHandler@000f9998
0x000f99f2	2068	ldr	r0,[r4,#0x0]	RTC2_IRQHandler@000f9998
0x000f99f4	00b1	cbz	r0,0x000f99f8	RTC2_IRQHandler@000f9998
0x000f99f6	8047	blx	r0	RTC2_IRQHandler@000f9998
0x000f99f8	6d1c	adds	r5,r5,#0x1	RTC2_IRQHandler@000f9998
0x000f99fa	022d	cmp	r5,#0x2	RTC2_IRQHandler@000f9998
0x000f99fc	ded3	bcc	0x000f99bc	RTC2_IRQHandler@000f9998
0x000f99fe	bde8f081	pop.w	{r4,r5,r6,r7,r8,pc}	RTC2_IRQHandler@000f9998
0x000f9a0c	02f07ebc	b.w	0x000fc30c	SWI2_EGU2_IRQHandler_vector@000f9a0c
0x000f9a10	70b5	push	{r4,r5,r6,lr}	SystemInit@000f9a10
0x000f9a12	4ff08052	mov.w	r2,#0x10000000	SystemInit@000f9a10
0x000f9a16	0024	movs	r4,#0x0	SystemInit@000f9a10
0x000f9a18	d2e94c10	ldrd	r1,r0,[r2,#0x130]	SystemInit@000f9a10
0x000f9a1c	0123	movs	r3,#0x1	SystemInit@000f9a10
0x000f9a1e	0829	cmp	r1,#0x8	SystemInit@000f9a10
0x000f9a20	06d1	bne	0x000f9a30	SystemInit@000f9a10
0x000f9a22	cd06	lsls	r5,r1,#0x1b	SystemInit@000f9a10
0x000f9a24	c5f80c41	str.w	r4,[r5,#0x10c]	SystemInit@000f9a10
0x000f9a28	c5f81041	str.w	r4,[r5,#0x110]	SystemInit@000f9a10
0x000f9a2c	704d	ldr	r5,[0x000f9bf0]	SystemInit@000f9a10
0x000f9a2e	2c60	str	r4,[r5,#0x0]	SystemInit@000f9a10
0x000f9a30	0829	cmp	r1,#0x8	SystemInit@000f9a10
0x000f9a32	55d1	bne	0x000f9ae0	SystemInit@000f9a10
0x000f9a34	6f4c	ldr	r4,[0x000f9bf4]	SystemInit@000f9a10
0x000f9a36	2468	ldr	r4,[r4,#0x0]	SystemInit@000f9a10
0x000f9a38	6f4d	ldr	r5,[0x000f9bf8]	SystemInit@000f9a10
0x000f9a3a	2c60	str	r4,[r5,#0x0]	SystemInit@000f9a10
0x000f9a3c	6d4c	ldr	r4,[0x000f9bf4]	SystemInit@000f9a10
0x000f9a3e	241d	adds	r4,r4,#0x4	SystemInit@000f9a10
0x000f9a40	2468	ldr	r4,[r4,#0x0]	SystemInit@000f9a10
0x000f9a42	2d1d	adds	r5,r5,#0x4	SystemInit@000f9a10
0x000f9a44	2c60	str	r4,[r5,#0x0]	SystemInit@000f9a10
0x000f9a46	6b4c	ldr	r4,[0x000f9bf4]	SystemInit@000f9a10
0x000f9a48	0834	adds	r4,#0x8	SystemInit@000f9a10
0x000f9a4a	2468	ldr	r4,[r4,#0x0]	SystemInit@000f9a10
0x000f9a4c	2d1d	adds	r5,r5,#0x4	SystemInit@000f9a10
0x000f9a4e	2c60	str	r4,[r5,#0x0]	SystemInit@000f9a10
0x000f9a50	684c	ldr	r4,[0x000f9bf4]	SystemInit@000f9a10
0x000f9a52	0c34	adds	r4,#0xc	SystemInit@000f9a10
0x000f9a54	2468	ldr	r4,[r4,#0x0]	SystemInit@000f9a10
0x000f9a56	2d1d	adds	r5,r5,#0x4	SystemInit@000f9a10
0x000f9a58	2c60	str	r4,[r5,#0x0]	SystemInit@000f9a10
0x000f9a5a	664c	ldr	r4,[0x000f9bf4]	SystemInit@000f9a10
0x000f9a5c	1034	adds	r4,#0x10	SystemInit@000f9a10
0x000f9a5e	2468	ldr	r4,[r4,#0x0]	SystemInit@000f9a10
0x000f9a60	2d1d	adds	r5,r5,#0x4	SystemInit@000f9a10
0x000f9a62	2c60	str	r4,[r5,#0x0]	SystemInit@000f9a10
0x000f9a64	634c	ldr	r4,[0x000f9bf4]	SystemInit@000f9a10
0x000f9a66	1434	adds	r4,#0x14	SystemInit@000f9a10
0x000f9a68	2468	ldr	r4,[r4,#0x0]	SystemInit@000f9a10
0x000f9a6a	2d1d	adds	r5,r5,#0x4	SystemInit@000f9a10
0x000f9a6c	2c60	str	r4,[r5,#0x0]	SystemInit@000f9a10
0x000f9a6e	614c	ldr	r4,[0x000f9bf4]	SystemInit@000f9a10
0x000f9a70	1834	adds	r4,#0x18	SystemInit@000f9a10
0x000f9a72	2468	ldr	r4,[r4,#0x0]	SystemInit@000f9a10
0x000f9a74	604d	ldr	r5,[0x000f9bf8]	SystemInit@000f9a10
0x000f9a76	2035	adds	r5,#0x20	SystemInit@000f9a10
0x000f9a78	2c60	str	r4,[r5,#0x0]	SystemInit@000f9a10
0x000f9a7a	5e4c	ldr	r4,[0x000f9bf4]	SystemInit@000f9a10
0x000f9a7c	1c34	adds	r4,#0x1c	SystemInit@000f9a10
0x000f9a7e	2468	ldr	r4,[r4,#0x0]	SystemInit@000f9a10
0x000f9a80	2d1d	adds	r5,r5,#0x4	SystemInit@000f9a10
0x000f9a82	2c60	str	r4,[r5,#0x0]	SystemInit@000f9a10
0x000f9a84	5b4c	ldr	r4,[0x000f9bf4]	SystemInit@000f9a10
0x000f9a86	2034	adds	r4,#0x20	SystemInit@000f9a10
0x000f9a88	2468	ldr	r4,[r4,#0x0]	SystemInit@000f9a10
0x000f9a8a	2d1d	adds	r5,r5,#0x4	SystemInit@000f9a10
0x000f9a8c	2c60	str	r4,[r5,#0x0]	SystemInit@000f9a10
0x000f9a8e	594c	ldr	r4,[0x000f9bf4]	SystemInit@000f9a10
0x000f9a90	2434	adds	r4,#0x24	SystemInit@000f9a10
0x000f9a92	2468	ldr	r4,[r4,#0x0]	SystemInit@000f9a10
0x000f9a94	2d1d	adds	r5,r5,#0x4	SystemInit@000f9a10
0x000f9a96	2c60	str	r4,[r5,#0x0]	SystemInit@000f9a10
0x000f9a98	564c	ldr	r4,[0x000f9bf4]	SystemInit@000f9a10
0x000f9a9a	2834	adds	r4,#0x28	SystemInit@000f9a10
0x000f9a9c	2468	ldr	r4,[r4,#0x0]	SystemInit@000f9a10
0x000f9a9e	2d1d	adds	r5,r5,#0x4	SystemInit@000f9a10
0x000f9aa0	2c60	str	r4,[r5,#0x0]	SystemInit@000f9a10
0x000f9aa2	544c	ldr	r4,[0x000f9bf4]	SystemInit@000f9a10
0x000f9aa4	2c34	adds	r4,#0x2c	SystemInit@000f9a10
0x000f9aa6	2468	ldr	r4,[r4,#0x0]	SystemInit@000f9a10
0x000f9aa8	2d1d	adds	r5,r5,#0x4	SystemInit@000f9a10
0x000f9aaa	2c60	str	r4,[r5,#0x0]	SystemInit@000f9a10
0x000f9aac	514c	ldr	r4,[0x000f9bf4]	SystemInit@000f9a10
0x000f9aae	3034	adds	r4,#0x30	SystemInit@000f9a10
0x000f9ab0	2468	ldr	r4,[r4,#0x0]	SystemInit@000f9a10
0x000f9ab2	514d	ldr	r5,[0x000f9bf8]	SystemInit@000f9a10
0x000f9ab4	4035	adds	r5,#0x40	SystemInit@000f9a10
0x000f9ab6	2c60	str	r4,[r5,#0x0]	SystemInit@000f9a10
0x000f9ab8	4e4c	ldr	r4,[0x000f9bf4]	SystemInit@000f9a10
0x000f9aba	3434	adds	r4,#0x34	SystemInit@000f9a10
0x000f9abc	2468	ldr	r4,[r4,#0x0]	SystemInit@000f9a10
0x000f9abe	2d1d	adds	r5,r5,#0x4	SystemInit@000f9a10
0x000f9ac0	2c60	str	r4,[r5,#0x0]	SystemInit@000f9a10
0x000f9ac2	4c4c	ldr	r4,[0x000f9bf4]	SystemInit@000f9a10
0x000f9ac4	3834	adds	r4,#0x38	SystemInit@000f9a10
0x000f9ac6	2468	ldr	r4,[r4,#0x0]	SystemInit@000f9a10
0x000f9ac8	2d1d	adds	r5,r5,#0x4	SystemInit@000f9a10
0x000f9aca	2c60	str	r4,[r5,#0x0]	SystemInit@000f9a10
0x000f9acc	494c	ldr	r4,[0x000f9bf4]	SystemInit@000f9a10
0x000f9ace	3c34	adds	r4,#0x3c	SystemInit@000f9a10
0x000f9ad0	2468	ldr	r4,[r4,#0x0]	SystemInit@000f9a10
0x000f9ad2	2d1d	adds	r5,r5,#0x4	SystemInit@000f9a10
0x000f9ad4	2c60	str	r4,[r5,#0x0]	SystemInit@000f9a10
0x000f9ad6	474c	ldr	r4,[0x000f9bf4]	SystemInit@000f9a10
0x000f9ad8	4034	adds	r4,#0x40	SystemInit@000f9a10
0x000f9ada	2468	ldr	r4,[r4,#0x0]	SystemInit@000f9a10
0x000f9adc	2d1d	adds	r5,r5,#0x4	SystemInit@000f9a10
0x000f9ade	2c60	str	r4,[r5,#0x0]	SystemInit@000f9a10
0x000f9ae0	0829	cmp	r1,#0x8	SystemInit@000f9a10
0x000f9ae2	04d1	bne	0x000f9aee	SystemInit@000f9a10
0x000f9ae4	0400	movs	r4,r0	SystemInit@000f9a10
0x000f9ae6	02d1	bne	0x000f9aee	SystemInit@000f9a10
0x000f9ae8	454d	ldr	r5,[0x000f9c00]	SystemInit@000f9a10
0x000f9aea	444c	ldr	r4,[0x000f9bfc]	SystemInit@000f9a10
0x000f9aec	2c60	str	r4,[r5,#0x0]	SystemInit@000f9a10
0x000f9aee	0829	cmp	r1,#0x8	SystemInit@000f9a10
0x000f9af0	04d1	bne	0x000f9afc	SystemInit@000f9a10
0x000f9af2	0400	movs	r4,r0	SystemInit@000f9a10
0x000f9af4	02d1	bne	0x000f9afc	SystemInit@000f9a10
0x000f9af6	434d	ldr	r5,[0x000f9c04]	SystemInit@000f9a10
0x000f9af8	fb24	movs	r4,#0xfb	SystemInit@000f9a10
0x000f9afa	2c60	str	r4,[r5,#0x0]	SystemInit@000f9a10
0x000f9afc	0829	cmp	r1,#0x8	SystemInit@000f9a10
0x000f9afe	08d1	bne	0x000f9b12	SystemInit@000f9a10
0x000f9b00	0400	movs	r4,r0	SystemInit@000f9a10
0x000f9b02	06d1	bne	0x000f9b12	SystemInit@000f9a10
0x000f9b04	404c	ldr	r4,[0x000f9c08]	SystemInit@000f9a10
0x000f9b06	92f85862	ldrb.w	r6,[r2,#0x258]	SystemInit@000f9a10
0x000f9b0a	2568	ldr	r5,[r4,#0x0]	SystemInit@000f9a10
0x000f9b0c	66f30305	bfi	r5,r6,#0x0,#0x4	SystemInit@000f9a10
0x000f9b10	2560	str	r5,[r4,#0x0]	SystemInit@000f9a10
0x000f9b12	0829	cmp	r1,#0x8	SystemInit@000f9a10
0x000f9b14	04d1	bne	0x000f9b20	SystemInit@000f9a10
0x000f9b16	0400	movs	r4,r0	SystemInit@000f9a10
0x000f9b18	02d1	bne	0x000f9b20	SystemInit@000f9a10
0x000f9b1a	3c4d	ldr	r5,[0x000f9c0c]	SystemInit@000f9a10
0x000f9b1c	8c01	lsls	r4,r1,#0x6	SystemInit@000f9a10
0x000f9b1e	2c60	str	r4,[r5,#0x0]	SystemInit@000f9a10
0x000f9b20	0829	cmp	r1,#0x8	SystemInit@000f9a10
0x000f9b22	06d1	bne	0x000f9b32	SystemInit@000f9a10
0x000f9b24	3a48	ldr	r0,[0x000f9c10]	SystemInit@000f9a10
0x000f9b26	0168	ldr	r1,[r0,#0x0]	SystemInit@000f9a10
0x000f9b28	c907	lsls	r1,r1,#0x1f	SystemInit@000f9a10
0x000f9b2a	02d0	beq	0x000f9b32	SystemInit@000f9a10
0x000f9b2c	6ff00101	mvn	r1,#0x1	SystemInit@000f9a10
0x000f9b30	0160	str	r1,[r0,#0x0]	SystemInit@000f9a10
0x000f9b32	3848	ldr	r0,[0x000f9c14]	SystemInit@000f9a10
0x000f9b34	0168	ldr	r1,[r0,#0x0]	SystemInit@000f9a10
0x000f9b36	41f47001	orr	r1,r1,#0xf00000	SystemInit@000f9a10
0x000f9b3a	0160	str	r1,[r0,#0x0]	SystemInit@000f9a10
0x000f9b3c	bff34f8f	dsb	#0xf	SystemInit@000f9a10
0x000f9b40	bff36f8f	isb	#0xf	SystemInit@000f9a10
0x000f9b44	d2e94c10	ldrd	r1,r0,[r2,#0x130]	SystemInit@000f9a10
0x000f9b48	4ff01024	mov.w	r4,#0x10001000	SystemInit@000f9a10
0x000f9b4c	0829	cmp	r1,#0x8	SystemInit@000f9a10
0x000f9b4e	06d1	bne	0x000f9b5e	SystemInit@000f9a10
0x000f9b50	0428	cmp	r0,#0x4	SystemInit@000f9a10
0x000f9b52	04d9	bls	0x000f9b5e	SystemInit@000f9a10
0x000f9b54	d4f80802	ldr.w	r0,[r4,#0x208]	SystemInit@000f9a10
0x000f9b58	2549	ldr	r1,[0x000f9bf0]	SystemInit@000f9a10
0x000f9b5a	2031	adds	r1,#0x20	SystemInit@000f9a10
0x000f9b5c	0860	str	r0,[r1,#0x0]	SystemInit@000f9a10
0x000f9b5e	0020	movs	r0,#0x0	SystemInit@000f9a10
0x000f9b60	02f076fc	bl	0x000fc450	SystemInit@000f9a10
0x000f9b64	2c4a	ldr	r2,[0x000f9c18]	SystemInit@000f9a10
0x000f9b66	1068	ldr	r0,[r2,#0x0]	SystemInit@000f9a10
0x000f9b68	0028	cmp	r0,#0x0	SystemInit@000f9a10
0x000f9b6a	fcd0	beq	0x000f9b66	SystemInit@000f9a10
0x000f9b6c	d4f80002	ldr.w	r0,[r4,#0x200]	SystemInit@000f9a10
0x000f9b70	0028	cmp	r0,#0x0	SystemInit@000f9a10
0x000f9b72	03da	bge	0x000f9b7c	SystemInit@000f9a10
0x000f9b74	d4f80402	ldr.w	r0,[r4,#0x204]	SystemInit@000f9a10
0x000f9b78	0028	cmp	r0,#0x0	SystemInit@000f9a10
0x000f9b7a	35db	blt	0x000f9be8	SystemInit@000f9a10
0x000f9b7c	0220	movs	r0,#0x2	SystemInit@000f9a10
0x000f9b7e	02f067fc	bl	0x000fc450	SystemInit@000f9a10
0x000f9b82	1068	ldr	r0,[r2,#0x0]	SystemInit@000f9a10
0x000f9b84	0028	cmp	r0,#0x0	SystemInit@000f9a10
0x000f9b86	fcd0	beq	0x000f9b82	SystemInit@000f9a10
0x000f9b88	2448	ldr	r0,[0x000f9c1c]	SystemInit@000f9a10
0x000f9b8a	0360	str	r3,[r0,#0x0]	SystemInit@000f9a10
0x000f9b8c	1068	ldr	r0,[r2,#0x0]	SystemInit@000f9a10
0x000f9b8e	0028	cmp	r0,#0x0	SystemInit@000f9a10
0x000f9b90	fcd0	beq	0x000f9b8c	SystemInit@000f9a10
0x000f9b92	0020	movs	r0,#0x0	SystemInit@000f9a10
0x000f9b94	02f05cfc	bl	0x000fc450	SystemInit@000f9a10
0x000f9b98	1068	ldr	r0,[r2,#0x0]	SystemInit@000f9a10
0x000f9b9a	0028	cmp	r0,#0x0	SystemInit@000f9a10
0x000f9b9c	fcd0	beq	0x000f9b98	SystemInit@000f9a10
0x000f9b9e	1f48	ldr	r0,[0x000f9c1c]	SystemInit@000f9a10
0x000f9ba0	1038	subs	r0,#0x10	SystemInit@000f9a10
0x000f9ba2	0360	str	r3,[r0,#0x0]	SystemInit@000f9a10
0x000f9ba4	1068	ldr	r0,[r2,#0x0]	SystemInit@000f9a10
0x000f9ba6	0028	cmp	r0,#0x0	SystemInit@000f9a10
0x000f9ba8	fcd0	beq	0x000f9ba4	SystemInit@000f9a10
0x000f9baa	1d48	ldr	r0,[0x000f9c20]	SystemInit@000f9a10
0x000f9bac	c4f80002	str.w	r0,[r4,#0x200]	SystemInit@000f9a10
0x000f9bb0	1168	ldr	r1,[r2,#0x0]	SystemInit@000f9a10
0x000f9bb2	0029	cmp	r1,#0x0	SystemInit@000f9a10
0x000f9bb4	fcd0	beq	0x000f9bb0	SystemInit@000f9a10
0x000f9bb6	c4f80402	str.w	r0,[r4,#0x204]	SystemInit@000f9a10
0x000f9bba	1068	ldr	r0,[r2,#0x0]	SystemInit@000f9a10
0x000f9bbc	0028	cmp	r0,#0x0	SystemInit@000f9a10
0x000f9bbe	fcd0	beq	0x000f9bba	SystemInit@000f9a10
0x000f9bc0	0020	movs	r0,#0x0	SystemInit@000f9a10
0x000f9bc2	02f045fc	bl	0x000fc450	SystemInit@000f9a10
0x000f9bc6	1068	ldr	r0,[r2,#0x0]	SystemInit@000f9a10
0x000f9bc8	0028	cmp	r0,#0x0	SystemInit@000f9a10
0x000f9bca	fcd0	beq	0x000f9bc6	SystemInit@000f9a10
0x000f9bcc	bff34f8f	dsb	#0xf	SystemInit@000f9a10
0x000f9bd0	1048	ldr	r0,[0x000f9c14]	SystemInit@000f9a10
0x000f9bd2	7c38	subs	r0,#0x7c	SystemInit@000f9a10
0x000f9bd4	0168	ldr	r1,[r0,#0x0]	SystemInit@000f9a10
0x000f9bd6	134a	ldr	r2,[0x000f9c24]	SystemInit@000f9a10
0x000f9bd8	01f4e061	and	r1,r1,#0x700	SystemInit@000f9a10
0x000f9bdc	1143	orrs	r1,r2	SystemInit@000f9a10
0x000f9bde	0160	str	r1,[r0,#0x0]	SystemInit@000f9a10
0x000f9be0	bff34f8f	dsb	#0xf	SystemInit@000f9a10
0x000f9be4	00bf	nop		SystemInit@000f9a10
0x000f9be6	fde7	b	0x000f9be4	SystemInit@000f9a10
0x000f9be8	1049	ldr	r1,[0x000f9c2c]	SystemInit@000f9a10
0x000f9bea	0f48	ldr	r0,[0x000f9c28]	SystemInit@000f9a10
0x000f9bec	0860	str	r0,[r1,#0x0]	SystemInit@000f9a10
0x000f9bee	70bd	pop	{r4,r5,r6,pc}	SystemInit@000f9a10
0x000f9c30	0348	ldr	r0,[0x000f9c40]	SWI0_EGU0_IRQHandler@000f9c30
0x000f9c32	08b5	push	{r3,lr}	SWI0_EGU0_IRQHandler@000f9c30
0x000f9c34	0021	movs	r1,#0x0	SWI0_EGU0_IRQHandler@000f9c30
0x000f9c36	0160	str	r1,[r0,#0x0]	SWI0_EGU0_IRQHandler@000f9c30
0x000f9c38	0068	ldr	r0,[r0,#0x0]	SWI0_EGU0_IRQHandler@000f9c30
0x000f9c3a	0090	str	r0,[sp,#0x0]	SWI0_EGU0_IRQHandler@000f9c30
0x000f9c3c	08bd	pop	{r3,pc}	SWI0_EGU0_IRQHandler@000f9c30
0x000f9c44	02e0	b	0x000f9c4c	armcc_scatterload_copy@000f9c44
0x000f9c46	08c8	ldmia	r0!,{r3}	armcc_scatterload_copy_loop@000f9c4c
0x000f9c48	121f	subs	r2,r2,#0x4	armcc_scatterload_copy_loop@000f9c4c
0x000f9c4a	08c1	stmia	r1!,{r3}	armcc_scatterload_copy_loop@000f9c4c
0x000f9c4c	002a	cmp	r2,#0x0	armcc_scatterload_copy_loop@000f9c4c
0x000f9c4e	fad1	bne	0x000f9c46	armcc_scatterload_copy_loop@000f9c4c
0x000f9c50	7047	bx	lr	armcc_scatterload_copy_loop@000f9c4c
0x000f9c64	0121	movs	r1,#0x1	__sd_nvic_app_accessible_irq@000f9c64
0x000f9c66	2028	cmp	r0,#0x20	__sd_nvic_app_accessible_irq@000f9c64
0x000f9c68	03da	bge	0x000f9c72	__sd_nvic_app_accessible_irq@000f9c64
0x000f9c6a	8140	lsls	r1,r0	__sd_nvic_app_accessible_irq@000f9c64
0x000f9c6c	0548	ldr	r0,[0x000f9c84]	__sd_nvic_app_accessible_irq@000f9c64
0x000f9c6e	0140	ands	r1,r0	__sd_nvic_app_accessible_irq@000f9c64
0x000f9c70	03e0	b	0x000f9c7a	__sd_nvic_app_accessible_irq@000f9c64
0x000f9c72	4028	cmp	r0,#0x40	__sd_nvic_app_accessible_irq@000f9c64
0x000f9c74	02da	bge	0x000f9c7c	__sd_nvic_app_accessible_irq@000f9c64
0x000f9c76	2038	subs	r0,#0x20	__sd_nvic_app_accessible_irq@000f9c64
0x000f9c78	8140	lsls	r1,r0	__sd_nvic_app_accessible_irq@000f9c64
0x000f9c7a	09b1	cbz	r1,0x000f9c80	__sd_nvic_app_accessible_irq@000f9c64
0x000f9c7c	0120	movs	r0,#0x1	__sd_nvic_app_accessible_irq@000f9c64
0x000f9c7e	7047	bx	lr	__sd_nvic_app_accessible_irq@000f9c64
0x000f9c80	0020	movs	r0,#0x0	__sd_nvic_app_accessible_irq@000f9c64
0x000f9c82	7047	bx	lr	__sd_nvic_app_accessible_irq@000f9c64
0x000f9c88	8007	lsls	r0,r0,#0x1e	addr_is_aligned32@000f9c88
0x000f9c8a	01d0	beq	0x000f9c90	addr_is_aligned32@000f9c88
0x000f9c8c	0020	movs	r0,#0x0	addr_is_aligned32@000f9c88
0x000f9c8e	7047	bx	lr	addr_is_aligned32@000f9c88
0x000f9c90	0120	movs	r0,#0x1	addr_is_aligned32@000f9c88
0x000f9c92	7047	bx	lr	addr_is_aligned32@000f9c88
0x000f9c94	c368	ldr	r3,[r0,#0xc]	addr_is_within_bounds@000f9c94
0x000f9c96	8b42	cmp	r3,r1	addr_is_within_bounds@000f9c94
0x000f9c98	06d8	bhi	0x000f9ca8	addr_is_within_bounds@000f9c94
0x000f9c9a	1144	add	r1,r2	addr_is_within_bounds@000f9c94
0x000f9c9c	0069	ldr	r0,[r0,#0x10]	addr_is_within_bounds@000f9c94
0x000f9c9e	491e	subs	r1,r1,#0x1	addr_is_within_bounds@000f9c94
0x000f9ca0	8142	cmp	r1,r0	addr_is_within_bounds@000f9c94
0x000f9ca2	01d8	bhi	0x000f9ca8	addr_is_within_bounds@000f9c94
0x000f9ca4	0120	movs	r0,#0x1	addr_is_within_bounds@000f9c94
0x000f9ca6	7047	bx	lr	addr_is_within_bounds@000f9c94
0x000f9ca8	0020	movs	r0,#0x0	addr_is_within_bounds@000f9c94
0x000f9caa	7047	bx	lr	addr_is_within_bounds@000f9c94
0x000f9cac	70b5	push	{r4,r5,r6,lr}	dfu_advertising_name_get@000f9cac
0x000f9cae	88b0	sub	sp,#0x20	dfu_advertising_name_get@000f9cac
0x000f9cb0	0546	mov	r5,r0	dfu_advertising_name_get@000f9cac
0x000f9cb2	1620	movs	r0,#0x16	dfu_advertising_name_get@000f9cac
0x000f9cb4	adf80000	strh.w	r0,[sp,#0x0]	dfu_advertising_name_get@000f9cac
0x000f9cb8	0e46	mov	r6,r1	dfu_advertising_name_get@000f9cac
0x000f9cba	01a8	add	r0,sp,#0x4	dfu_advertising_name_get@000f9cac
0x000f9cbc	6ddf	svc	0x6d	dfu_advertising_name_get@000f9cac
0x000f9cbe	08b1	cbz	r0,0x000f9cc4	dfu_advertising_name_get@000f9cac
0x000f9cc0	00f080f8	bl	0x000f9dc4	dfu_advertising_name_get@000f9cac
0x000f9cc4	1c4b	ldr	r3,[0x000f9d38]	dfu_advertising_name_get@000f9cac
0x000f9cc6	03ac	add	r4,sp,#0xc	dfu_advertising_name_get@000f9cac
0x000f9cc8	0fcb	ldmia	r3,{r0,r1,r2,r3}	dfu_advertising_name_get@000f9cac
0x000f9cca	84e80f00	stm	r4,{r0,r1,r2,r3}	dfu_advertising_name_get@000f9cac
0x000f9cce	1b4c	ldr	r4,[0x000f9d3c]	dfu_advertising_name_get@000f9cac
0x000f9cd0	0220	movs	r0,#0x2	dfu_advertising_name_get@000f9cac
0x000f9cd2	0121	movs	r1,#0x1	dfu_advertising_name_get@000f9cac
0x000f9cd4	2070	strb	r0,[r4,#0x0]	dfu_advertising_name_get@000f9cac
0x000f9cd6	6170	strb	r1,[r4,#0x1]	dfu_advertising_name_get@000f9cac
0x000f9cd8	a570	strb	r5,[r4,#0x2]	dfu_advertising_name_get@000f9cac
0x000f9cda	0321	movs	r1,#0x3	dfu_advertising_name_get@000f9cac
0x000f9cdc	e170	strb	r1,[r4,#0x3]	dfu_advertising_name_get@000f9cac
0x000f9cde	2071	strb	r0,[r4,#0x4]	dfu_advertising_name_get@000f9cac
0x000f9ce0	5920	movs	r0,#0x59	dfu_advertising_name_get@000f9cac
0x000f9ce2	6071	strb	r0,[r4,#0x5]	dfu_advertising_name_get@000f9cac
0x000f9ce4	fe20	movs	r0,#0xfe	dfu_advertising_name_get@000f9cac
0x000f9ce6	a071	strb	r0,[r4,#0x6]	dfu_advertising_name_get@000f9cac
0x000f9ce8	6946	mov	r1,sp	dfu_advertising_name_get@000f9cac
0x000f9cea	04f10900	add.w	r0,r4,#0x9	dfu_advertising_name_get@000f9cac
0x000f9cee	7ddf	svc	0x7d	dfu_advertising_name_get@000f9cac
0x000f9cf0	0028	cmp	r0,#0x0	dfu_advertising_name_get@000f9cac
0x000f9cf2	1fd1	bne	0x000f9d34	dfu_advertising_name_get@000f9cac
0x000f9cf4	bdf80000	ldrh.w	r0,[sp,#0x0]	dfu_advertising_name_get@000f9cac
0x000f9cf8	411c	adds	r1,r0,#0x1	dfu_advertising_name_get@000f9cac
0x000f9cfa	e171	strb	r1,[r4,#0x7]	dfu_advertising_name_get@000f9cac
0x000f9cfc	0921	movs	r1,#0x9	dfu_advertising_name_get@000f9cac
0x000f9cfe	2172	strb	r1,[r4,#0x8]	dfu_advertising_name_get@000f9cac
0x000f9d00	bdf81020	ldrh.w	r2,[sp,#0x10]	dfu_advertising_name_get@000f9cac
0x000f9d04	1044	add	r0,r2	dfu_advertising_name_get@000f9cac
0x000f9d06	adf81000	strh.w	r0,[sp,#0x10]	dfu_advertising_name_get@000f9cac
0x000f9d0a	04f11f00	add.w	r0,r4,#0x1f	dfu_advertising_name_get@000f9cac
0x000f9d0e	3246	mov	r2,r6	dfu_advertising_name_get@000f9cac
0x000f9d10	0170	strb	r1,[r0,#0x0]	dfu_advertising_name_get@000f9cac
0x000f9d12	ff21	movs	r1,#0xff	dfu_advertising_name_get@000f9cac
0x000f9d14	4170	strb	r1,[r0,#0x1]	dfu_advertising_name_get@000f9cac
0x000f9d16	4521	movs	r1,#0x45	dfu_advertising_name_get@000f9cac
0x000f9d18	8170	strb	r1,[r0,#0x2]	dfu_advertising_name_get@000f9cac
0x000f9d1a	5221	movs	r1,#0x52	dfu_advertising_name_get@000f9cac
0x000f9d1c	c170	strb	r1,[r0,#0x3]	dfu_advertising_name_get@000f9cac
0x000f9d1e	1f38	subs	r0,#0x1f	dfu_advertising_name_get@000f9cac
0x000f9d20	ddf80510	ldr.w	r1,[sp,#0x5]	dfu_advertising_name_get@000f9cac
0x000f9d24	40f8231f	str.w	r1,[r0,#0x23]!	dfu_advertising_name_get@000f9cac
0x000f9d28	bdf80910	ldrh.w	r1,[sp,#0x9]	dfu_advertising_name_get@000f9cac
0x000f9d2c	8180	strh	r1,[r0,#0x4]	dfu_advertising_name_get@000f9cac
0x000f9d2e	03a9	add	r1,sp,#0xc	dfu_advertising_name_get@000f9cac
0x000f9d30	0348	ldr	r0,[0x000f9d40]	dfu_advertising_name_get@000f9cac
0x000f9d32	72df	svc	0x72	dfu_advertising_name_get@000f9cac
0x000f9d34	08b0	add	sp,#0x20	dfu_advertising_name_get@000f9cac
0x000f9d36	70bd	pop	{r4,r5,r6,pc}	dfu_advertising_name_get@000f9cac
0x000f9d44	10b5	push	{r4,lr}	advertising_start@000f9d44
0x000f9d46	86b0	sub	sp,#0x18	advertising_start@000f9d44
0x000f9d48	0624	movs	r4,#0x6	advertising_start@000f9d44
0x000f9d4a	1822	movs	r2,#0x18	advertising_start@000f9d44
0x000f9d4c	0849	ldr	r1,[0x000f9d70]	advertising_start@000f9d44
0x000f9d4e	6846	mov	r0,sp	advertising_start@000f9d44
0x000f9d50	fef763fb	bl	0x000f841a	advertising_start@000f9d44
0x000f9d54	6946	mov	r1,sp	advertising_start@000f9d44
0x000f9d56	2046	mov	r0,r4	advertising_start@000f9d44
0x000f9d58	fff7a8ff	bl	0x000f9cac	advertising_start@000f9d44
0x000f9d5c	0028	cmp	r0,#0x0	advertising_start@000f9d44
0x000f9d5e	05d1	bne	0x000f9d6c	advertising_start@000f9d44
0x000f9d60	044c	ldr	r4,[0x000f9d74]	advertising_start@000f9d44
0x000f9d62	2078	ldrb	r0,[r4,#0x0]	advertising_start@000f9d44
0x000f9d64	74df	svc	0x74	advertising_start@000f9d44
0x000f9d66	0121	movs	r1,#0x1	advertising_start@000f9d44
0x000f9d68	2078	ldrb	r0,[r4,#0x0]	advertising_start@000f9d44
0x000f9d6a	73df	svc	0x73	advertising_start@000f9d44
0x000f9d6c	06b0	add	sp,#0x18	advertising_start@000f9d44
0x000f9d6e	10bd	pop	{r4,pc}	advertising_start@000f9d44
0x000f9d78	70b5	push	{r4,r5,r6,lr}	nrf_bootloader_app_activate@000f9d78
0x000f9d7a	104c	ldr	r4,[0x000f9dbc]	nrf_bootloader_app_activate@000f9d78
0x000f9d7c	a66c	ldr	r6,[r4,#0x48]	nrf_bootloader_app_activate@000f9d78
0x000f9d7e	656a	ldr	r5,[r4,#0x24]	nrf_bootloader_app_activate@000f9d78
0x000f9d80	01f0a6fb	bl	0x000fb4d0	nrf_bootloader_app_activate@000f9d78
0x000f9d84	216b	ldr	r1,[r4,#0x30]	nrf_bootloader_app_activate@000f9d78
0x000f9d86	0844	add	r0,r1	nrf_bootloader_app_activate@000f9d78
0x000f9d88	6a1a	subs	r2,r5,r1	nrf_bootloader_app_activate@000f9d78
0x000f9d8a	3144	add	r1,r6	nrf_bootloader_app_activate@000f9d78
0x000f9d8c	8142	cmp	r1,r0	nrf_bootloader_app_activate@000f9d78
0x000f9d8e	00d1	bne	0x000f9d92	nrf_bootloader_app_activate@000f9d78
0x000f9d90	0022	movs	r2,#0x0	nrf_bootloader_app_activate@000f9d78
0x000f9d92	0823	movs	r3,#0x8	nrf_bootloader_app_activate@000f9d78
0x000f9d94	00f052ff	bl	0x000fac3c	nrf_bootloader_app_activate@000f9d78
0x000f9d98	0600	movs	r6,r0	nrf_bootloader_app_activate@000f9d78
0x000f9d9a	0dd1	bne	0x000f9db8	nrf_bootloader_app_activate@000f9d78
0x000f9d9c	01f098fb	bl	0x000fb4d0	nrf_bootloader_app_activate@000f9d78
0x000f9da0	0022	movs	r2,#0x0	nrf_bootloader_app_activate@000f9d78
0x000f9da2	2946	mov	r1,r5	nrf_bootloader_app_activate@000f9d78
0x000f9da4	00f05afc	bl	0x000fa65c	nrf_bootloader_app_activate@000f9d78
0x000f9da8	a16a	ldr	r1,[r4,#0x28]	nrf_bootloader_app_activate@000f9d78
0x000f9daa	8142	cmp	r1,r0	nrf_bootloader_app_activate@000f9d78
0x000f9dac	03d1	bne	0x000f9db6	nrf_bootloader_app_activate@000f9d78
0x000f9dae	0121	movs	r1,#0x1	nrf_bootloader_app_activate@000f9d78
0x000f9db0	a561	str	r5,[r4,#0x18]	nrf_bootloader_app_activate@000f9d78
0x000f9db2	c4e90701	strd	r0,r1,[r4,#0x1c]	nrf_bootloader_app_activate@000f9d78
0x000f9db6	3046	mov	r0,r6	nrf_bootloader_app_activate@000f9d78
0x000f9db8	70bd	pop	{r4,r5,r6,pc}	nrf_bootloader_app_activate@000f9d78
0x000f9dc4	02f046fc	bl	0x000fc654	app_error_handler_bare@000f9dc4
0x000f9dc8	2de9f84f	push	{r3,r4,r5,r6,r7,r8,r9,r10,r11,lr}	app_sched_event_put@000f9dc8
0x000f9dcc	254c	ldr	r4,[0x000f9e64]	app_sched_event_put@000f9dc8
0x000f9dce	8146	mov	r9,r0	app_sched_event_put@000f9dc8
0x000f9dd0	9246	mov	r10,r2	app_sched_event_put@000f9dc8
0x000f9dd2	6088	ldrh	r0,[r4,#0x2]	app_sched_event_put@000f9dc8
0x000f9dd4	0e46	mov	r6,r1	app_sched_event_put@000f9dc8
0x000f9dd6	8142	cmp	r1,r0	app_sched_event_put@000f9dc8
0x000f9dd8	41d8	bhi	0x000f9e5e	app_sched_event_put@000f9dc8
0x000f9dda	0027	movs	r7,#0x0	app_sched_event_put@000f9dc8
0x000f9ddc	4ff6ff78	movw	r8,#0xffff	app_sched_event_put@000f9dc8
0x000f9de0	8df80070	strb.w	r7,[sp,#0x0]	app_sched_event_put@000f9dc8
0x000f9de4	6846	mov	r0,sp	app_sched_event_put@000f9dc8
0x000f9de6	00f075f8	bl	0x000f9ed4	app_sched_event_put@000f9dc8
0x000f9dea	2278	ldrb	r2,[r4,#0x0]	app_sched_event_put@000f9dc8
0x000f9dec	6078	ldrb	r0,[r4,#0x1]	app_sched_event_put@000f9dc8
0x000f9dee	a188	ldrh	r1,[r4,#0x4]	app_sched_event_put@000f9dc8
0x000f9df0	8842	cmp	r0,r1	app_sched_event_put@000f9dc8
0x000f9df2	01da	bge	0x000f9df8	app_sched_event_put@000f9dc8
0x000f9df4	401c	adds	r0,r0,#0x1	app_sched_event_put@000f9dc8
0x000f9df6	00e0	b	0x000f9dfa	app_sched_event_put@000f9dc8
0x000f9df8	0020	movs	r0,#0x0	app_sched_event_put@000f9dc8
0x000f9dfa	c0b2	uxtb	r0,r0	app_sched_event_put@000f9dc8
0x000f9dfc	9042	cmp	r0,r2	app_sched_event_put@000f9dc8
0x000f9dfe	04d1	bne	0x000f9e0a	app_sched_event_put@000f9dc8
0x000f9e00	9df80000	ldrb.w	r0,[sp,#0x0]	app_sched_event_put@000f9dc8
0x000f9e04	00f08af8	bl	0x000f9f1c	app_sched_event_put@000f9dc8
0x000f9e08	27e0	b	0x000f9e5a	app_sched_event_put@000f9dc8
0x000f9e0a	6578	ldrb	r5,[r4,#0x1]	app_sched_event_put@000f9dc8
0x000f9e0c	6078	ldrb	r0,[r4,#0x1]	app_sched_event_put@000f9dc8
0x000f9e0e	8842	cmp	r0,r1	app_sched_event_put@000f9dc8
0x000f9e10	01da	bge	0x000f9e16	app_sched_event_put@000f9dc8
0x000f9e12	401c	adds	r0,r0,#0x1	app_sched_event_put@000f9dc8
0x000f9e14	00e0	b	0x000f9e18	app_sched_event_put@000f9dc8
0x000f9e16	0020	movs	r0,#0x0	app_sched_event_put@000f9dc8
0x000f9e18	6070	strb	r0,[r4,#0x1]	app_sched_event_put@000f9dc8
0x000f9e1a	9df80000	ldrb.w	r0,[sp,#0x0]	app_sched_event_put@000f9dc8
0x000f9e1e	00f07df8	bl	0x000f9f1c	app_sched_event_put@000f9dc8
0x000f9e22	4545	cmp	r5,r8	app_sched_event_put@000f9dc8
0x000f9e24	19d0	beq	0x000f9e5a	app_sched_event_put@000f9dc8
0x000f9e26	a068	ldr	r0,[r4,#0x8]	app_sched_event_put@000f9dc8
0x000f9e28	b9f1000f	cmp.w	r9,#0x0	app_sched_event_put@000f9dc8
0x000f9e2c	40f835a0	str.w	r10,[r0,r5,lsl #0x3]	app_sched_event_put@000f9dc8
0x000f9e30	0dd0	beq	0x000f9e4e	app_sched_event_put@000f9dc8
0x000f9e32	66b1	cbz	r6,0x000f9e4e	app_sched_event_put@000f9dc8
0x000f9e34	6188	ldrh	r1,[r4,#0x2]	app_sched_event_put@000f9dc8
0x000f9e36	e068	ldr	r0,[r4,#0xc]	app_sched_event_put@000f9dc8
0x000f9e38	3246	mov	r2,r6	app_sched_event_put@000f9dc8
0x000f9e3a	05fb0100	mla	r0,r5,r1,r0	app_sched_event_put@000f9dc8
0x000f9e3e	4946	mov	r1,r9	app_sched_event_put@000f9dc8
0x000f9e40	fef7ebfa	bl	0x000f841a	app_sched_event_put@000f9dc8
0x000f9e44	a068	ldr	r0,[r4,#0x8]	app_sched_event_put@000f9dc8
0x000f9e46	00ebc500	add.w	r0,r0,r5, lsl #0x3	app_sched_event_put@000f9dc8
0x000f9e4a	8680	strh	r6,[r0,#0x4]	app_sched_event_put@000f9dc8
0x000f9e4c	02e0	b	0x000f9e54	app_sched_event_put@000f9dc8
0x000f9e4e	00ebc500	add.w	r0,r0,r5, lsl #0x3	app_sched_event_put@000f9dc8
0x000f9e52	8780	strh	r7,[r0,#0x4]	app_sched_event_put@000f9dc8
0x000f9e54	0020	movs	r0,#0x0	app_sched_event_put@000f9dc8
0x000f9e56	bde8f88f	pop.w	{r3,r4,r5,r6,r7,r8,r9,r10,r11,pc}	app_sched_event_put@000f9dc8
0x000f9e5a	0420	movs	r0,#0x4	app_sched_event_put@000f9dc8
0x000f9e5c	fbe7	b	0x000f9e56	app_sched_event_put@000f9dc8
0x000f9e5e	0920	movs	r0,#0x9	app_sched_event_put@000f9dc8
0x000f9e60	f9e7	b	0x000f9e56	app_sched_event_put@000f9dc8
0x000f9e68	10b5	push	{r4,lr}	app_sched_execute@000f9e68
0x000f9e6a	0e4c	ldr	r4,[0x000f9ea4]	app_sched_execute@000f9e68
0x000f9e6c	03e0	b	0x000f9e76	app_sched_execute@000f9e68
0x000f9e6e	401c	adds	r0,r0,#0x1	app_sched_execute@000f9e68
0x000f9e70	00e0	b	0x000f9e74	app_sched_execute@000f9e68
0x000f9e72	0020	movs	r0,#0x0	app_sched_execute@000f9e68
0x000f9e74	2070	strb	r0,[r4,#0x0]	app_sched_execute@000f9e68
0x000f9e76	2078	ldrb	r0,[r4,#0x0]	app_sched_execute@000f9e68
0x000f9e78	6178	ldrb	r1,[r4,#0x1]	app_sched_execute@000f9e68
0x000f9e7a	8142	cmp	r1,r0	app_sched_execute@000f9e68
0x000f9e7c	10d0	beq	0x000f9ea0	app_sched_execute@000f9e68
0x000f9e7e	2278	ldrb	r2,[r4,#0x0]	app_sched_execute@000f9e68
0x000f9e80	6188	ldrh	r1,[r4,#0x2]	app_sched_execute@000f9e68
0x000f9e82	e068	ldr	r0,[r4,#0xc]	app_sched_execute@000f9e68
0x000f9e84	a368	ldr	r3,[r4,#0x8]	app_sched_execute@000f9e68
0x000f9e86	02fb0100	mla	r0,r2,r1,r0	app_sched_execute@000f9e68
0x000f9e8a	03ebc201	add.w	r1,r3,r2, lsl #0x3	app_sched_execute@000f9e68
0x000f9e8e	53f83220	ldr.w	r2,[r3,r2,lsl #0x3]	app_sched_execute@000f9e68
0x000f9e92	8988	ldrh	r1,[r1,#0x4]	app_sched_execute@000f9e68
0x000f9e94	9047	blx	r2	app_sched_execute@000f9e68
0x000f9e96	2078	ldrb	r0,[r4,#0x0]	app_sched_execute@000f9e68
0x000f9e98	a188	ldrh	r1,[r4,#0x4]	app_sched_execute@000f9e68
0x000f9e9a	8842	cmp	r0,r1	app_sched_execute@000f9e68
0x000f9e9c	e9da	bge	0x000f9e72	app_sched_execute@000f9e68
0x000f9e9e	e6e7	b	0x000f9e6e	app_sched_execute@000f9e68
0x000f9ea0	10bd	pop	{r4,pc}	app_sched_execute@000f9e68
0x000f9ea8	30b5	push	{r4,r5,lr}	app_sched_init@000f9ea8
0x000f9eaa	cb00	lsls	r3,r1,#0x3	app_sched_init@000f9ea8
0x000f9eac	0833	adds	r3,#0x8	app_sched_init@000f9ea8
0x000f9eae	9db2	uxth	r5,r3	app_sched_init@000f9ea8
0x000f9eb0	9307	lsls	r3,r2,#0x1e	app_sched_init@000f9ea8
0x000f9eb2	4ff00004	mov.w	r4,#0x0	app_sched_init@000f9ea8
0x000f9eb6	01d0	beq	0x000f9ebc	app_sched_init@000f9ea8
0x000f9eb8	0720	movs	r0,#0x7	app_sched_init@000f9ea8
0x000f9eba	30bd	pop	{r4,r5,pc}	app_sched_init@000f9ea8
0x000f9ebc	044b	ldr	r3,[0x000f9ed0]	app_sched_init@000f9ea8
0x000f9ebe	9a60	str	r2,[r3,#0x8]	app_sched_init@000f9ea8
0x000f9ec0	2a44	add	r2,r5	app_sched_init@000f9ea8
0x000f9ec2	da60	str	r2,[r3,#0xc]	app_sched_init@000f9ea8
0x000f9ec4	5c70	strb	r4,[r3,#0x1]	app_sched_init@000f9ea8
0x000f9ec6	1c70	strb	r4,[r3,#0x0]	app_sched_init@000f9ea8
0x000f9ec8	5880	strh	r0,[r3,#0x2]	app_sched_init@000f9ea8
0x000f9eca	9980	strh	r1,[r3,#0x4]	app_sched_init@000f9ea8
0x000f9ecc	0020	movs	r0,#0x0	app_sched_init@000f9ea8
0x000f9ece	30bd	pop	{r4,r5,pc}	app_sched_init@000f9ea8
0x000f9ed4	30b5	push	{r4,r5,lr}	app_util_critical_region_enter@000f9ed4
0x000f9ed6	eff31081	mrs	r1,primask	app_util_critical_region_enter@000f9ed4
0x000f9eda	72b6	cpsid	i	app_util_critical_region_enter@000f9ed4
0x000f9edc	0d4a	ldr	r2,[0x000f9f14]	app_util_critical_region_enter@000f9ed4
0x000f9ede	9468	ldr	r4,[r2,#0x8]	app_util_critical_region_enter@000f9ed4
0x000f9ee0	0123	movs	r3,#0x1	app_util_critical_region_enter@000f9ed4
0x000f9ee2	24b1	cbz	r4,0x000f9eee	app_util_critical_region_enter@000f9ed4
0x000f9ee4	0370	strb	r3,[r0,#0x0]	app_util_critical_region_enter@000f9ed4
0x000f9ee6	0029	cmp	r1,#0x0	app_util_critical_region_enter@000f9ed4
0x000f9ee8	00d1	bne	0x000f9eec	app_util_critical_region_enter@000f9ed4
0x000f9eea	62b6	cpsie	i	app_util_critical_region_enter@000f9ed4
0x000f9eec	30bd	pop	{r4,r5,pc}	app_util_critical_region_enter@000f9ed4
0x000f9eee	9360	str	r3,[r2,#0x8]	app_util_critical_region_enter@000f9ed4
0x000f9ef0	4ff0e023	mov.w	r3,#0xe000e000	app_util_critical_region_enter@000f9ed4
0x000f9ef4	d3f88051	ldr.w	r5,[r3,#0x180]	app_util_critical_region_enter@000f9ed4
0x000f9ef8	074c	ldr	r4,[0x000f9f18]	app_util_critical_region_enter@000f9ed4
0x000f9efa	2540	ands	r5,r4	app_util_critical_region_enter@000f9ed4
0x000f9efc	1560	str	r5,[r2,#0x0]	app_util_critical_region_enter@000f9ed4
0x000f9efe	c3f88041	str.w	r4,[r3,#0x180]	app_util_critical_region_enter@000f9ed4
0x000f9f02	d3f88441	ldr.w	r4,[r3,#0x184]	app_util_critical_region_enter@000f9ed4
0x000f9f06	5460	str	r4,[r2,#0x4]	app_util_critical_region_enter@000f9ed4
0x000f9f08	5a17	asrs	r2,r3,#0x1d	app_util_critical_region_enter@000f9ed4
0x000f9f0a	c3f88421	str.w	r2,[r3,#0x184]	app_util_critical_region_enter@000f9ed4
0x000f9f0e	0022	movs	r2,#0x0	app_util_critical_region_enter@000f9ed4
0x000f9f10	0270	strb	r2,[r0,#0x0]	app_util_critical_region_enter@000f9ed4
0x000f9f12	e8e7	b	0x000f9ee6	app_util_critical_region_enter@000f9ed4
0x000f9f1c	0b49	ldr	r1,[0x000f9f4c]	app_util_critical_region_exit@000f9f1c
0x000f9f1e	8a68	ldr	r2,[r1,#0x8]	app_util_critical_region_exit@000f9f1c
0x000f9f20	002a	cmp	r2,#0x0	app_util_critical_region_exit@000f9f1c
0x000f9f22	11d0	beq	0x000f9f48	app_util_critical_region_exit@000f9f1c
0x000f9f24	0028	cmp	r0,#0x0	app_util_critical_region_exit@000f9f1c
0x000f9f26	0fd1	bne	0x000f9f48	app_util_critical_region_exit@000f9f1c
0x000f9f28	eff31080	mrs	r0,primask	app_util_critical_region_exit@000f9f1c
0x000f9f2c	72b6	cpsid	i	app_util_critical_region_exit@000f9f1c
0x000f9f2e	0b68	ldr	r3,[r1,#0x0]	app_util_critical_region_exit@000f9f1c
0x000f9f30	4ff0e022	mov.w	r2,#0xe000e000	app_util_critical_region_exit@000f9f1c
0x000f9f34	c2f80031	str.w	r3,[r2,#0x100]	app_util_critical_region_exit@000f9f1c
0x000f9f38	4b68	ldr	r3,[r1,#0x4]	app_util_critical_region_exit@000f9f1c
0x000f9f3a	c2f80431	str.w	r3,[r2,#0x104]	app_util_critical_region_exit@000f9f1c
0x000f9f3e	0022	movs	r2,#0x0	app_util_critical_region_exit@000f9f1c
0x000f9f40	8a60	str	r2,[r1,#0x8]	app_util_critical_region_exit@000f9f1c
0x000f9f42	0028	cmp	r0,#0x0	app_util_critical_region_exit@000f9f1c
0x000f9f44	00d1	bne	0x000f9f48	app_util_critical_region_exit@000f9f1c
0x000f9f46	62b6	cpsie	i	app_util_critical_region_exit@000f9f1c
0x000f9f48	7047	bx	lr	app_util_critical_region_exit@000f9f1c
0x000f9f50	70b5	push	{r4,r5,r6,lr}	nrf_bootloader_bl_activate@000f9f50
0x000f9f52	1048	ldr	r0,[0x000f9f94]	nrf_bootloader_bl_activate@000f9f50
0x000f9f54	0146	mov	r1,r0	nrf_bootloader_bl_activate@000f9f50
0x000f9f56	456a	ldr	r5,[r0,#0x24]	nrf_bootloader_bl_activate@000f9f50
0x000f9f58	c06a	ldr	r0,[r0,#0x2c]	nrf_bootloader_bl_activate@000f9f50
0x000f9f5a	8c6c	ldr	r4,[r1,#0x48]	nrf_bootloader_bl_activate@000f9f50
0x000f9f5c	ac28	cmp	r0,#0xac	nrf_bootloader_bl_activate@000f9f50
0x000f9f5e	01d0	beq	0x000f9f64	nrf_bootloader_bl_activate@000f9f50
0x000f9f60	24b1	cbz	r4,0x000f9f6c	nrf_bootloader_bl_activate@000f9f50
0x000f9f62	06e0	b	0x000f9f72	nrf_bootloader_bl_activate@000f9f50
0x000f9f64	486b	ldr	r0,[r1,#0x34]	nrf_bootloader_bl_activate@000f9f50
0x000f9f66	0444	add	r4,r0	nrf_bootloader_bl_activate@000f9f50
0x000f9f68	2d1a	subs	r5,r5,r0	nrf_bootloader_bl_activate@000f9f50
0x000f9f6a	02e0	b	0x000f9f72	nrf_bootloader_bl_activate@000f9f50
0x000f9f6c	01f0c4fa	bl	0x000fb4f8	nrf_bootloader_bl_activate@000f9f50
0x000f9f70	0446	mov	r4,r0	nrf_bootloader_bl_activate@000f9f50
0x000f9f72	2a46	mov	r2,r5	nrf_bootloader_bl_activate@000f9f50
0x000f9f74	2146	mov	r1,r4	nrf_bootloader_bl_activate@000f9f50
0x000f9f76	0848	ldr	r0,[0x000f9f98]	nrf_bootloader_bl_activate@000f9f50
0x000f9f78	fef789fa	bl	0x000f848e	nrf_bootloader_bl_activate@000f9f50
0x000f9f7c	0028	cmp	r0,#0x0	nrf_bootloader_bl_activate@000f9f50
0x000f9f7e	07d0	beq	0x000f9f90	nrf_bootloader_bl_activate@000f9f50
0x000f9f80	01f00af9	bl	0x000fb198	nrf_bootloader_bl_activate@000f9f50
0x000f9f84	2946	mov	r1,r5	nrf_bootloader_bl_activate@000f9f50
0x000f9f86	2046	mov	r0,r4	nrf_bootloader_bl_activate@000f9f50
0x000f9f88	bde87040	pop.w	{r4,r5,r6,lr}	nrf_bootloader_bl_activate@000f9f50
0x000f9f8c	01f0d8bb	b.w	0x000fb740	nrf_bootloader_bl_activate@000f9f50
0x000f9f90	70bd	pop	{r4,r5,r6,pc}	nrf_bootloader_bl_activate@000f9f50
0x000f9f9c	30b5	push	{r4,r5,lr}	ble_dfu_init@000f9f9c
0x000f9f9e	0446	mov	r4,r0	ble_dfu_init@000f9f9c
0x000f9fa0	2c49	ldr	r1,[0x000fa054]	ble_dfu_init@000f9f9c
0x000f9fa2	95b0	sub	sp,#0x54	ble_dfu_init@000f9f9c
0x000f9fa4	4ff6ff70	movw	r0,#0xffff	ble_dfu_init@000f9f9c
0x000f9fa8	4880	strh	r0,[r1,#0x2]	ble_dfu_init@000f9f9c
0x000f9faa	0120	movs	r0,#0x1	ble_dfu_init@000f9f9c
0x000f9fac	8df81200	strb.w	r0,[sp,#0x12]	ble_dfu_init@000f9f9c
0x000f9fb0	4ff65960	movw	r0,#0xfe59	ble_dfu_init@000f9f9c
0x000f9fb4	adf81000	strh.w	r0,[sp,#0x10]	ble_dfu_init@000f9f9c
0x000f9fb8	2246	mov	r2,r4	ble_dfu_init@000f9f9c
0x000f9fba	04a9	add	r1,sp,#0x10	ble_dfu_init@000f9f9c
0x000f9fbc	0120	movs	r0,#0x1	ble_dfu_init@000f9f9c
0x000f9fbe	a8df	svc	0xa8	ble_dfu_init@000f9f9c
0x000f9fc0	0028	cmp	r0,#0x0	ble_dfu_init@000f9f9c
0x000f9fc2	44d1	bne	0x000fa04e	ble_dfu_init@000f9f9c
0x000f9fc4	244b	ldr	r3,[0x000fa058]	ble_dfu_init@000f9f9c
0x000f9fc6	0fcb	ldmia	r3,{r0,r1,r2,r3}	ble_dfu_init@000f9f9c
0x000f9fc8	8de80f00	stm	sp,{r0,r1,r2,r3}	ble_dfu_init@000f9f9c
0x000f9fcc	a11c	adds	r1,r4,#0x2	ble_dfu_init@000f9f9c
0x000f9fce	6846	mov	r0,sp	ble_dfu_init@000f9f9c
0x000f9fd0	62df	svc	0x62	ble_dfu_init@000f9f9c
0x000f9fd2	0028	cmp	r0,#0x0	ble_dfu_init@000f9f9c
0x000f9fd4	3bd1	bne	0x000fa04e	ble_dfu_init@000f9f9c
0x000f9fd6	2049	ldr	r1,[0x000fa058]	ble_dfu_init@000f9f9c
0x000f9fd8	1c22	movs	r2,#0x1c	ble_dfu_init@000f9f9c
0x000f9fda	6039	subs	r1,#0x60	ble_dfu_init@000f9f9c
0x000f9fdc	0ba8	add	r0,sp,#0x2c	ble_dfu_init@000f9f9c
0x000f9fde	fef71cfa	bl	0x000f841a	ble_dfu_init@000f9f9c
0x000f9fe2	1e4d	ldr	r5,[0x000fa05c]	ble_dfu_init@000f9f9c
0x000f9fe4	1422	movs	r2,#0x14	ble_dfu_init@000f9f9c
0x000f9fe6	05f1d801	add.w	r1,r5,#0xd8	ble_dfu_init@000f9f9c
0x000f9fea	a868	ldr	r0,[r5,#0x8]	ble_dfu_init@000f9f9c
0x000f9fec	1290	str	r0,[sp,#0x48]	ble_dfu_init@000f9f9c
0x000f9fee	a078	ldrb	r0,[r4,#0x2]	ble_dfu_init@000f9f9c
0x000f9ff0	8df84a00	strb.w	r0,[sp,#0x4a]	ble_dfu_init@000f9f9c
0x000f9ff4	2868	ldr	r0,[r5,#0x0]	ble_dfu_init@000f9f9c
0x000f9ff6	1390	str	r0,[sp,#0x4c]	ble_dfu_init@000f9f9c
0x000f9ff8	06a8	add	r0,sp,#0x18	ble_dfu_init@000f9f9c
0x000f9ffa	fef70efa	bl	0x000f841a	ble_dfu_init@000f9f9c
0x000f9ffe	12a8	add	r0,sp,#0x48	ble_dfu_init@000f9f9c
0x000fa000	0690	str	r0,[sp,#0x18]	ble_dfu_init@000f9f9c
0x000fa002	13a8	add	r0,sp,#0x4c	ble_dfu_init@000f9f9c
0x000fa004	0790	str	r0,[sp,#0x1c]	ble_dfu_init@000f9f9c
0x000fa006	2088	ldrh	r0,[r4,#0x0]	ble_dfu_init@000f9f9c
0x000fa008	231d	adds	r3,r4,#0x4	ble_dfu_init@000f9f9c
0x000fa00a	06aa	add	r2,sp,#0x18	ble_dfu_init@000f9f9c
0x000fa00c	0ba9	add	r1,sp,#0x2c	ble_dfu_init@000f9f9c
0x000fa00e	aadf	svc	0xaa	ble_dfu_init@000f9f9c
0x000fa010	0028	cmp	r0,#0x0	ble_dfu_init@000f9f9c
0x000fa012	1cd1	bne	0x000fa04e	ble_dfu_init@000f9f9c
0x000fa014	1c22	movs	r2,#0x1c	ble_dfu_init@000f9f9c
0x000fa016	05f1ec01	add.w	r1,r5,#0xec	ble_dfu_init@000f9f9c
0x000fa01a	0ba8	add	r0,sp,#0x2c	ble_dfu_init@000f9f9c
0x000fa01c	fef7fdf9	bl	0x000f841a	ble_dfu_init@000f9f9c
0x000fa020	e868	ldr	r0,[r5,#0xc]	ble_dfu_init@000f9f9c
0x000fa022	1290	str	r0,[sp,#0x48]	ble_dfu_init@000f9f9c
0x000fa024	a078	ldrb	r0,[r4,#0x2]	ble_dfu_init@000f9f9c
0x000fa026	8df84a00	strb.w	r0,[sp,#0x4a]	ble_dfu_init@000f9f9c
0x000fa02a	6868	ldr	r0,[r5,#0x4]	ble_dfu_init@000f9f9c
0x000fa02c	1390	str	r0,[sp,#0x4c]	ble_dfu_init@000f9f9c
0x000fa02e	1422	movs	r2,#0x14	ble_dfu_init@000f9f9c
0x000fa030	05f58471	add.w	r1,r5,#0x108	ble_dfu_init@000f9f9c
0x000fa034	06a8	add	r0,sp,#0x18	ble_dfu_init@000f9f9c
0x000fa036	fef7f0f9	bl	0x000f841a	ble_dfu_init@000f9f9c
0x000fa03a	12a8	add	r0,sp,#0x48	ble_dfu_init@000f9f9c
0x000fa03c	0690	str	r0,[sp,#0x18]	ble_dfu_init@000f9f9c
0x000fa03e	13a8	add	r0,sp,#0x4c	ble_dfu_init@000f9f9c
0x000fa040	0790	str	r0,[sp,#0x1c]	ble_dfu_init@000f9f9c
0x000fa042	2088	ldrh	r0,[r4,#0x0]	ble_dfu_init@000f9f9c
0x000fa044	04f10c03	add.w	r3,r4,#0xc	ble_dfu_init@000f9f9c
0x000fa048	06aa	add	r2,sp,#0x18	ble_dfu_init@000f9f9c
0x000fa04a	0ba9	add	r1,sp,#0x2c	ble_dfu_init@000f9f9c
0x000fa04c	aadf	svc	0xaa	ble_dfu_init@000f9f9c
0x000fa04e	15b0	add	sp,#0x54	ble_dfu_init@000f9f9c
0x000fa050	30bd	pop	{r4,r5,pc}	ble_dfu_init@000f9f9c
0x000fa060	f0b5	push	{r4,r5,r6,r7,lr}	ble_dfu_req_handler_callback@000fa060
0x000fa062	85b0	sub	sp,#0x14	ble_dfu_req_handler_callback@000fa060
0x000fa064	0446	mov	r4,r0	ble_dfu_req_handler_callback@000fa060
0x000fa066	1421	movs	r1,#0x14	ble_dfu_req_handler_callback@000fa060
0x000fa068	6846	mov	r0,sp	ble_dfu_req_handler_callback@000fa060
0x000fa06a	fef7fef9	bl	0x000f846a	ble_dfu_req_handler_callback@000fa060
0x000fa06e	2078	ldrb	r0,[r4,#0x0]	ble_dfu_req_handler_callback@000fa060
0x000fa070	0323	movs	r3,#0x3	ble_dfu_req_handler_callback@000fa060
0x000fa072	0828	cmp	r0,#0x8	ble_dfu_req_handler_callback@000fa060
0x000fa074	0bd1	bne	0x000fa08e	ble_dfu_req_handler_callback@000fa060
0x000fa076	2748	ldr	r0,[0x000fa114]	ble_dfu_req_handler_callback@000fa060
0x000fa078	c188	ldrh	r1,[r0,#0x6]	ble_dfu_req_handler_callback@000fa060
0x000fa07a	491e	subs	r1,r1,#0x1	ble_dfu_req_handler_callback@000fa060
0x000fa07c	89b2	uxth	r1,r1	ble_dfu_req_handler_callback@000fa060
0x000fa07e	c180	strh	r1,[r0,#0x6]	ble_dfu_req_handler_callback@000fa060
0x000fa080	8288	ldrh	r2,[r0,#0x4]	ble_dfu_req_handler_callback@000fa060
0x000fa082	002a	cmp	r2,#0x0	ble_dfu_req_handler_callback@000fa060
0x000fa084	3ed0	beq	0x000fa104	ble_dfu_req_handler_callback@000fa060
0x000fa086	0029	cmp	r1,#0x0	ble_dfu_req_handler_callback@000fa060
0x000fa088	3cd1	bne	0x000fa104	ble_dfu_req_handler_callback@000fa060
0x000fa08a	c280	strh	r2,[r0,#0x6]	ble_dfu_req_handler_callback@000fa060
0x000fa08c	2370	strb	r3,[r4,#0x0]	ble_dfu_req_handler_callback@000fa060
0x000fa08e	2178	ldrb	r1,[r4,#0x0]	ble_dfu_req_handler_callback@000fa060
0x000fa090	6078	ldrb	r0,[r4,#0x1]	ble_dfu_req_handler_callback@000fa060
0x000fa092	6022	movs	r2,#0x60	ble_dfu_req_handler_callback@000fa060
0x000fa094	8df80020	strb.w	r2,[sp,#0x0]	ble_dfu_req_handler_callback@000fa060
0x000fa098	8df80110	strb.w	r1,[sp,#0x1]	ble_dfu_req_handler_callback@000fa060
0x000fa09c	8df80200	strb.w	r0,[sp,#0x2]	ble_dfu_req_handler_callback@000fa060
0x000fa0a0	6078	ldrb	r0,[r4,#0x1]	ble_dfu_req_handler_callback@000fa060
0x000fa0a2	0321	movs	r1,#0x3	ble_dfu_req_handler_callback@000fa060
0x000fa0a4	0128	cmp	r0,#0x1	ble_dfu_req_handler_callback@000fa060
0x000fa0a6	0ad0	beq	0x000fa0be	ble_dfu_req_handler_callback@000fa060
0x000fa0a8	0b28	cmp	r0,#0xb	ble_dfu_req_handler_callback@000fa060
0x000fa0aa	28d1	bne	0x000fa0fe	ble_dfu_req_handler_callback@000fa060
0x000fa0ac	00f00cfd	bl	0x000faac8	ble_dfu_req_handler_callback@000fa060
0x000fa0b0	8df80300	strb.w	r0,[sp,#0x3]	ble_dfu_req_handler_callback@000fa060
0x000fa0b4	0020	movs	r0,#0x0	ble_dfu_req_handler_callback@000fa060
0x000fa0b6	00f00ffd	bl	0x000faad8	ble_dfu_req_handler_callback@000fa060
0x000fa0ba	0421	movs	r1,#0x4	ble_dfu_req_handler_callback@000fa060
0x000fa0bc	1fe0	b	0x000fa0fe	ble_dfu_req_handler_callback@000fa060
0x000fa0be	2078	ldrb	r0,[r4,#0x0]	ble_dfu_req_handler_callback@000fa060
0x000fa0c0	0928	cmp	r0,#0x9	ble_dfu_req_handler_callback@000fa060
0x000fa0c2	1cd2	bcs	0x000fa0fe	ble_dfu_req_handler_callback@000fa060
0x000fa0c4	dfe800f0	tbb	[pc,r0]	ble_dfu_req_handler_callback@000fa060
0x000fa0d2	d4e90270	ldrd	r7,r0,[r4,#0x8]	ble_dfu_req_handler_callback@000fa060
0x000fa0d6	6d46	mov	r5,sp	ble_dfu_req_handler_callback@000fa060
0x000fa0d8	e91c	adds	r1,r5,#0x3	ble_dfu_req_handler_callback@000fa060
0x000fa0da	6668	ldr	r6,[r4,#0x4]	ble_dfu_req_handler_callback@000fa060
0x000fa0dc	03f0f8fa	bl	0x000fd6d0	ble_dfu_req_handler_callback@000fa060
0x000fa0e0	0446	mov	r4,r0	ble_dfu_req_handler_callback@000fa060
0x000fa0e2	2919	adds	r1,r5,r4	ble_dfu_req_handler_callback@000fa060
0x000fa0e4	3046	mov	r0,r6	ble_dfu_req_handler_callback@000fa060
0x000fa0e6	c91c	adds	r1,r1,#0x3	ble_dfu_req_handler_callback@000fa060
0x000fa0e8	03f0f2fa	bl	0x000fd6d0	ble_dfu_req_handler_callback@000fa060
0x000fa0ec	0444	add	r4,r0	ble_dfu_req_handler_callback@000fa060
0x000fa0ee	2919	adds	r1,r5,r4	ble_dfu_req_handler_callback@000fa060
0x000fa0f0	3846	mov	r0,r7	ble_dfu_req_handler_callback@000fa060
0x000fa0f2	c91c	adds	r1,r1,#0x3	ble_dfu_req_handler_callback@000fa060
0x000fa0f4	03f0ecfa	bl	0x000fd6d0	ble_dfu_req_handler_callback@000fa060
0x000fa0f8	2044	add	r0,r4	ble_dfu_req_handler_callback@000fa060
0x000fa0fa	c01c	adds	r0,r0,#0x3	ble_dfu_req_handler_callback@000fa060
0x000fa0fc	c1b2	uxtb	r1,r0	ble_dfu_req_handler_callback@000fa060
0x000fa0fe	6846	mov	r0,sp	ble_dfu_req_handler_callback@000fa060
0x000fa100	03f0b0f8	bl	0x000fd264	ble_dfu_req_handler_callback@000fa060
0x000fa104	05b0	add	sp,#0x14	ble_dfu_req_handler_callback@000fa060
0x000fa106	f0bd	pop	{r4,r5,r6,r7,pc}	ble_dfu_req_handler_callback@000fa060
0x000fa108	d4e90112	ldrd	r1,r2,[r4,#0x4]	ble_dfu_req_handler_callback@000fa060
0x000fa10c	6846	mov	r0,sp	ble_dfu_req_handler_callback@000fa060
0x000fa10e	03f098f8	bl	0x000fd242	ble_dfu_req_handler_callback@000fa060
0x000fa112	f2e7	b	0x000fa0fa	ble_dfu_req_handler_callback@000fa060
0x000fa118	2de9f041	push	{r4,r5,r6,r7,r8,lr}	ble_dfu_transport_close@000fa118
0x000fa11c	1349	ldr	r1,[0x000fa16c]	ble_dfu_transport_close@000fa118
0x000fa11e	0346	mov	r3,r0	ble_dfu_transport_close@000fa118
0x000fa120	0020	movs	r0,#0x0	ble_dfu_transport_close@000fa118
0x000fa122	8a68	ldr	r2,[r1,#0x8]	ble_dfu_transport_close@000fa118
0x000fa124	d407	lsls	r4,r2,#0x1f	ble_dfu_transport_close@000fa118
0x000fa126	1ed0	beq	0x000fa166	ble_dfu_transport_close@000fa118
0x000fa128	114c	ldr	r4,[0x000fa170]	ble_dfu_transport_close@000fa118
0x000fa12a	a342	cmp	r3,r4	ble_dfu_transport_close@000fa118
0x000fa12c	1bd0	beq	0x000fa166	ble_dfu_transport_close@000fa118
0x000fa12e	4888	ldrh	r0,[r1,#0x2]	ble_dfu_transport_close@000fa118
0x000fa130	a0f57f43	sub.w	r3,r0,#0xff00	ble_dfu_transport_close@000fa118
0x000fa134	ff3b	subs	r3,#0xff	ble_dfu_transport_close@000fa118
0x000fa136	10d0	beq	0x000fa15a	ble_dfu_transport_close@000fa118
0x000fa138	42f00402	orr	r2,r2,#0x4	ble_dfu_transport_close@000fa118
0x000fa13c	8a60	str	r2,[r1,#0x8]	ble_dfu_transport_close@000fa118
0x000fa13e	1321	movs	r1,#0x13	ble_dfu_transport_close@000fa118
0x000fa140	76df	svc	0x76	ble_dfu_transport_close@000fa118
0x000fa142	0028	cmp	r0,#0x0	ble_dfu_transport_close@000fa118
0x000fa144	0fd1	bne	0x000fa166	ble_dfu_transport_close@000fa118
0x000fa146	0b4e	ldr	r6,[0x000fa174]	ble_dfu_transport_close@000fa118
0x000fa148	c825	movs	r5,#0xc8	ble_dfu_transport_close@000fa118
0x000fa14a	4ff47a47	mov.w	r7,#0xfa00	ble_dfu_transport_close@000fa118
0x000fa14e	741c	adds	r4,r6,#0x1	ble_dfu_transport_close@000fa118
0x000fa150	3846	mov	r0,r7	ble_dfu_transport_close@000fa118
0x000fa152	a047	blx	r4	ble_dfu_transport_close@000fa118
0x000fa154	6d1e	subs	r5,r5,#0x1	ble_dfu_transport_close@000fa118
0x000fa156	fad1	bne	0x000fa14e	ble_dfu_transport_close@000fa118
0x000fa158	01e0	b	0x000fa15e	ble_dfu_transport_close@000fa118
0x000fa15a	0878	ldrb	r0,[r1,#0x0]	ble_dfu_transport_close@000fa118
0x000fa15c	74df	svc	0x74	ble_dfu_transport_close@000fa118
0x000fa15e	bde8f041	pop.w	{r4,r5,r6,r7,r8,lr}	ble_dfu_transport_close@000fa118
0x000fa162	02f06fb8	b.w	0x000fc244	ble_dfu_transport_close@000fa118
0x000fa166	bde8f081	pop.w	{r4,r5,r6,r7,r8,pc}	ble_dfu_transport_close@000fa118
0x000fa178	38b5	push	{r3,r4,r5,lr}	ble_dfu_transport_init@000fa178
0x000fa17a	214c	ldr	r4,[0x000fa200]	ble_dfu_transport_init@000fa178
0x000fa17c	0021	movs	r1,#0x0	ble_dfu_transport_init@000fa178
0x000fa17e	227a	ldrb	r2,[r4,#0x8]	ble_dfu_transport_init@000fa178
0x000fa180	d207	lsls	r2,r2,#0x1f	ble_dfu_transport_init@000fa178
0x000fa182	01d0	beq	0x000fa188	ble_dfu_transport_init@000fa178
0x000fa184	0846	mov	r0,r1	ble_dfu_transport_init@000fa178
0x000fa186	38bd	pop	{r3,r4,r5,pc}	ble_dfu_transport_init@000fa178
0x000fa188	e060	str	r0,[r4,#0xc]	ble_dfu_transport_init@000fa178
0x000fa18a	1e48	ldr	r0,[0x000fa204]	ble_dfu_transport_init@000fa178
0x000fa18c	00f0cbfe	bl	0x000faf26	ble_dfu_transport_init@000fa178
0x000fa190	0020	movs	r0,#0x0	ble_dfu_transport_init@000fa178
0x000fa192	0090	str	r0,[sp,#0x0]	ble_dfu_transport_init@000fa178
0x000fa194	01f0e0fa	bl	0x000fb758	ble_dfu_transport_init@000fa178
0x000fa198	88b9	cbnz	r0,0x000fa1be	ble_dfu_transport_init@000fa178
0x000fa19a	1b48	ldr	r0,[0x000fa208]	ble_dfu_transport_init@000fa178
0x000fa19c	13df	svc	0x13	ble_dfu_transport_init@000fa178
0x000fa19e	70b9	cbnz	r0,0x000fa1be	ble_dfu_transport_init@000fa178
0x000fa1a0	02f07af8	bl	0x000fc298	ble_dfu_transport_init@000fa178
0x000fa1a4	58b9	cbnz	r0,0x000fa1be	ble_dfu_transport_init@000fa178
0x000fa1a6	6846	mov	r0,sp	ble_dfu_transport_init@000fa178
0x000fa1a8	01f0baff	bl	0x000fc120	ble_dfu_transport_init@000fa178
0x000fa1ac	38b9	cbnz	r0,0x000fa1be	ble_dfu_transport_init@000fa178
0x000fa1ae	6946	mov	r1,sp	ble_dfu_transport_init@000fa178
0x000fa1b0	0120	movs	r0,#0x1	ble_dfu_transport_init@000fa178
0x000fa1b2	01f0bfff	bl	0x000fc134	ble_dfu_transport_init@000fa178
0x000fa1b6	10b9	cbnz	r0,0x000fa1be	ble_dfu_transport_init@000fa178
0x000fa1b8	6846	mov	r0,sp	ble_dfu_transport_init@000fa178
0x000fa1ba	02f009f8	bl	0x000fc1d0	ble_dfu_transport_init@000fa178
0x000fa1be	0028	cmp	r0,#0x0	ble_dfu_transport_init@000fa178
0x000fa1c0	e1d1	bne	0x000fa186	ble_dfu_transport_init@000fa178
0x000fa1c2	01f0b5fb	bl	0x000fb930	ble_dfu_transport_init@000fa178
0x000fa1c6	30b1	cbz	r0,0x000fa1d6	ble_dfu_transport_init@000fa178
0x000fa1c8	1048	ldr	r0,[0x000fa20c]	ble_dfu_transport_init@000fa178
0x000fa1ca	01f0a5fb	bl	0x000fb918	ble_dfu_transport_init@000fa178
0x000fa1ce	a068	ldr	r0,[r4,#0x8]	ble_dfu_transport_init@000fa178
0x000fa1d0	40f00200	orr	r0,r0,#0x2	ble_dfu_transport_init@000fa178
0x000fa1d4	a060	str	r0,[r4,#0x8]	ble_dfu_transport_init@000fa178
0x000fa1d6	00f095fc	bl	0x000fab04	ble_dfu_transport_init@000fa178
0x000fa1da	0028	cmp	r0,#0x0	ble_dfu_transport_init@000fa178
0x000fa1dc	d3d1	bne	0x000fa186	ble_dfu_transport_init@000fa178
0x000fa1de	0b48	ldr	r0,[0x000fa20c]	ble_dfu_transport_init@000fa178
0x000fa1e0	1c30	adds	r0,#0x1c	ble_dfu_transport_init@000fa178
0x000fa1e2	fff7dbfe	bl	0x000f9f9c	ble_dfu_transport_init@000fa178
0x000fa1e6	0028	cmp	r0,#0x0	ble_dfu_transport_init@000fa178
0x000fa1e8	cdd1	bne	0x000fa186	ble_dfu_transport_init@000fa178
0x000fa1ea	fff7abfd	bl	0x000f9d44	ble_dfu_transport_init@000fa178
0x000fa1ee	0028	cmp	r0,#0x0	ble_dfu_transport_init@000fa178
0x000fa1f0	c9d1	bne	0x000fa186	ble_dfu_transport_init@000fa178
0x000fa1f2	a068	ldr	r0,[r4,#0x8]	ble_dfu_transport_init@000fa178
0x000fa1f4	40f00100	orr	r0,r0,#0x1	ble_dfu_transport_init@000fa178
0x000fa1f8	a060	str	r0,[r4,#0x8]	ble_dfu_transport_init@000fa178
0x000fa1fa	0020	movs	r0,#0x0	ble_dfu_transport_init@000fa178
0x000fa1fc	38bd	pop	{r3,r4,r5,pc}	ble_dfu_transport_init@000fa178
0x000fa210	70b5	push	{r4,r5,r6,lr}	ble_evt_handler@000fa210
0x000fa212	0446	mov	r4,r0	ble_evt_handler@000fa210
0x000fa214	011d	adds	r1,r0,#0x4	ble_evt_handler@000fa210
0x000fa216	0088	ldrh	r0,[r0,#0x0]	ble_evt_handler@000fa210
0x000fa218	0022	movs	r2,#0x0	ble_evt_handler@000fa210
0x000fa21a	6f4d	ldr	r5,[0x000fa3d8]	ble_evt_handler@000fa210
0x000fa21c	86b0	sub	sp,#0x18	ble_evt_handler@000fa210
0x000fa21e	2128	cmp	r0,#0x21	ble_evt_handler@000fa210
0x000fa220	7ed0	beq	0x000fa320	ble_evt_handler@000fa210
0x000fa222	25dc	bgt	0x000fa270	ble_evt_handler@000fa210
0x000fa224	1328	cmp	r0,#0x13	ble_evt_handler@000fa210
0x000fa226	7cd0	beq	0x000fa322	ble_evt_handler@000fa210
0x000fa228	18dc	bgt	0x000fa25c	ble_evt_handler@000fa210
0x000fa22a	0128	cmp	r0,#0x1	ble_evt_handler@000fa210
0x000fa22c	7ad0	beq	0x000fa324	ble_evt_handler@000fa210
0x000fa22e	1028	cmp	r0,#0x10	ble_evt_handler@000fa210
0x000fa230	5bd0	beq	0x000fa2ea	ble_evt_handler@000fa210
0x000fa232	1128	cmp	r0,#0x11	ble_evt_handler@000fa210
0x000fa234	4ad1	bne	0x000fa2cc	ble_evt_handler@000fa210
0x000fa236	4ff6ff70	movw	r0,#0xffff	ble_evt_handler@000fa210
0x000fa23a	6880	strh	r0,[r5,#0x2]	ble_evt_handler@000fa210
0x000fa23c	287a	ldrb	r0,[r5,#0x8]	ble_evt_handler@000fa210
0x000fa23e	4007	lsls	r0,r0,#0x1d	ble_evt_handler@000fa210
0x000fa240	04d4	bmi	0x000fa24c	ble_evt_handler@000fa210
0x000fa242	fff77ffd	bl	0x000f9d44	ble_evt_handler@000fa210
0x000fa246	08b1	cbz	r0,0x000fa24c	ble_evt_handler@000fa210
0x000fa248	fff7bcfd	bl	0x000f9dc4	ble_evt_handler@000fa210
0x000fa24c	e968	ldr	r1,[r5,#0xc]	ble_evt_handler@000fa210
0x000fa24e	0029	cmp	r1,#0x0	ble_evt_handler@000fa210
0x000fa250	3cd0	beq	0x000fa2cc	ble_evt_handler@000fa210
0x000fa252	06b0	add	sp,#0x18	ble_evt_handler@000fa210
0x000fa254	0220	movs	r0,#0x2	ble_evt_handler@000fa210
0x000fa256	bde87040	pop.w	{r4,r5,r6,lr}	ble_evt_handler@000fa210
0x000fa25a	0847	bx	r1	ble_evt_handler@000fa210
0x000fa25c	1428	cmp	r0,#0x14	ble_evt_handler@000fa210
0x000fa25e	78d0	beq	0x000fa352	ble_evt_handler@000fa210
0x000fa260	1a28	cmp	r0,#0x1a	ble_evt_handler@000fa210
0x000fa262	77d0	beq	0x000fa354	ble_evt_handler@000fa210
0x000fa264	1f28	cmp	r0,#0x1f	ble_evt_handler@000fa210
0x000fa266	31d1	bne	0x000fa2cc	ble_evt_handler@000fa210
0x000fa268	6888	ldrh	r0,[r5,#0x2]	ble_evt_handler@000fa210
0x000fa26a	091d	adds	r1,r1,#0x4	ble_evt_handler@000fa210
0x000fa26c	75df	svc	0x75	ble_evt_handler@000fa210
0x000fa26e	62e0	b	0x000fa336	ble_evt_handler@000fa210
0x000fa270	5128	cmp	r0,#0x51	ble_evt_handler@000fa210
0x000fa272	70d0	beq	0x000fa356	ble_evt_handler@000fa210
0x000fa274	2cdc	bgt	0x000fa2d0	ble_evt_handler@000fa210
0x000fa276	2228	cmp	r0,#0x22	ble_evt_handler@000fa210
0x000fa278	28d0	beq	0x000fa2cc	ble_evt_handler@000fa210
0x000fa27a	2328	cmp	r0,#0x23	ble_evt_handler@000fa210
0x000fa27c	62d0	beq	0x000fa344	ble_evt_handler@000fa210
0x000fa27e	2428	cmp	r0,#0x24	ble_evt_handler@000fa210
0x000fa280	24d0	beq	0x000fa2cc	ble_evt_handler@000fa210
0x000fa282	5028	cmp	r0,#0x50	ble_evt_handler@000fa210
0x000fa284	22d1	bne	0x000fa2cc	ble_evt_handler@000fa210
0x000fa286	554d	ldr	r5,[0x000fa3dc]	ble_evt_handler@000fa210
0x000fa288	34f8060f	ldrh.w	r0,[r4,#0x6]!	ble_evt_handler@000fa210
0x000fa28c	a988	ldrh	r1,[r5,#0x4]	ble_evt_handler@000fa210
0x000fa28e	8842	cmp	r0,r1	ble_evt_handler@000fa210
0x000fa290	1cd1	bne	0x000fa2cc	ble_evt_handler@000fa210
0x000fa292	5348	ldr	r0,[0x000fa3e0]	ble_evt_handler@000fa210
0x000fa294	00f00dfe	bl	0x000faeb2	ble_evt_handler@000fa210
0x000fa298	0600	movs	r6,r0	ble_evt_handler@000fa210
0x000fa29a	17d0	beq	0x000fa2cc	ble_evt_handler@000fa210
0x000fa29c	6289	ldrh	r2,[r4,#0xa]	ble_evt_handler@000fa210
0x000fa29e	04f10c01	add.w	r1,r4,#0xc	ble_evt_handler@000fa210
0x000fa2a2	fef7baf8	bl	0x000f841a	ble_evt_handler@000fa210
0x000fa2a6	1822	movs	r2,#0x18	ble_evt_handler@000fa210
0x000fa2a8	4e49	ldr	r1,[0x000fa3e4]	ble_evt_handler@000fa210
0x000fa2aa	6846	mov	r0,sp	ble_evt_handler@000fa210
0x000fa2ac	fef7b5f8	bl	0x000f841a	ble_evt_handler@000fa210
0x000fa2b0	0496	str	r6,[sp,#0x10]	ble_evt_handler@000fa210
0x000fa2b2	0195	str	r5,[sp,#0x4]	ble_evt_handler@000fa210
0x000fa2b4	6089	ldrh	r0,[r4,#0xa]	ble_evt_handler@000fa210
0x000fa2b6	adf81400	strh.w	r0,[sp,#0x14]	ble_evt_handler@000fa210
0x000fa2ba	6846	mov	r0,sp	ble_evt_handler@000fa210
0x000fa2bc	01f080fa	bl	0x000fb7c0	ble_evt_handler@000fa210
0x000fa2c0	0028	cmp	r0,#0x0	ble_evt_handler@000fa210
0x000fa2c2	03d0	beq	0x000fa2cc	ble_evt_handler@000fa210
0x000fa2c4	3146	mov	r1,r6	ble_evt_handler@000fa210
0x000fa2c6	4648	ldr	r0,[0x000fa3e0]	ble_evt_handler@000fa210
0x000fa2c8	00f015fe	bl	0x000faef6	ble_evt_handler@000fa210
0x000fa2cc	06b0	add	sp,#0x18	ble_evt_handler@000fa210
0x000fa2ce	70bd	pop	{r4,r5,r6,pc}	ble_evt_handler@000fa210
0x000fa2d0	5228	cmp	r0,#0x52	ble_evt_handler@000fa210
0x000fa2d2	7bd0	beq	0x000fa3cc	ble_evt_handler@000fa210
0x000fa2d4	5528	cmp	r0,#0x55	ble_evt_handler@000fa210
0x000fa2d6	13d0	beq	0x000fa300	ble_evt_handler@000fa210
0x000fa2d8	5628	cmp	r0,#0x56	ble_evt_handler@000fa210
0x000fa2da	f7d1	bne	0x000fa2cc	ble_evt_handler@000fa210
0x000fa2dc	a079	ldrb	r0,[r4,#0x6]	ble_evt_handler@000fa210
0x000fa2de	0028	cmp	r0,#0x0	ble_evt_handler@000fa210
0x000fa2e0	f4d1	bne	0x000fa2cc	ble_evt_handler@000fa210
0x000fa2e2	1321	movs	r1,#0x13	ble_evt_handler@000fa210
0x000fa2e4	6888	ldrh	r0,[r5,#0x2]	ble_evt_handler@000fa210
0x000fa2e6	76df	svc	0x76	ble_evt_handler@000fa210
0x000fa2e8	25e0	b	0x000fa336	ble_evt_handler@000fa210
0x000fa2ea	0888	ldrh	r0,[r1,#0x0]	ble_evt_handler@000fa210
0x000fa2ec	6880	strh	r0,[r5,#0x2]	ble_evt_handler@000fa210
0x000fa2ee	e968	ldr	r1,[r5,#0xc]	ble_evt_handler@000fa210
0x000fa2f0	09b1	cbz	r1,0x000fa2f6	ble_evt_handler@000fa210
0x000fa2f2	0120	movs	r0,#0x1	ble_evt_handler@000fa210
0x000fa2f4	8847	blx	r1	ble_evt_handler@000fa210
0x000fa2f6	3b49	ldr	r1,[0x000fa3e4]	ble_evt_handler@000fa210
0x000fa2f8	6888	ldrh	r0,[r5,#0x2]	ble_evt_handler@000fa210
0x000fa2fa	7a39	subs	r1,#0x7a	ble_evt_handler@000fa210
0x000fa2fc	75df	svc	0x75	ble_evt_handler@000fa210
0x000fa2fe	e5e7	b	0x000fa2cc	ble_evt_handler@000fa210
0x000fa300	e188	ldrh	r1,[r4,#0x6]	ble_evt_handler@000fa210
0x000fa302	f729	cmp	r1,#0xf7	ble_evt_handler@000fa210
0x000fa304	14d2	bcs	0x000fa330	ble_evt_handler@000fa210
0x000fa306	8807	lsls	r0,r1,#0x1e	ble_evt_handler@000fa210
0x000fa308	b0f1404f	cmp.w	r0,#0xc0000000	ble_evt_handler@000fa210
0x000fa30c	11d0	beq	0x000fa332	ble_evt_handler@000fa210
0x000fa30e	c91f	subs	r1,r1,#0x7	ble_evt_handler@000fa210
0x000fa310	89b2	uxth	r1,r1	ble_evt_handler@000fa210
0x000fa312	481e	subs	r0,r1,#0x1	ble_evt_handler@000fa210
0x000fa314	c217	asrs	r2,r0,#0x1f	ble_evt_handler@000fa210
0x000fa316	00eb9272	add.w	r2,r0,r2, lsr #0x1e	ble_evt_handler@000fa210
0x000fa31a	22f00302	bic	r2,r2,#0x3	ble_evt_handler@000fa210
0x000fa31e	02e0	b	0x000fa326	ble_evt_handler@000fa210
0x000fa320	33e0	b	0x000fa38a	ble_evt_handler@000fa210
0x000fa322	1ce0	b	0x000fa35e	ble_evt_handler@000fa210
0x000fa324	36e0	b	0x000fa394	ble_evt_handler@000fa210
0x000fa326	801a	subs	r0,r0,r2	ble_evt_handler@000fa210
0x000fa328	081a	subs	r0,r1,r0	ble_evt_handler@000fa210
0x000fa32a	801d	adds	r0,r0,#0x6	ble_evt_handler@000fa210
0x000fa32c	81b2	uxth	r1,r0	ble_evt_handler@000fa210
0x000fa32e	00e0	b	0x000fa332	ble_evt_handler@000fa210
0x000fa330	f721	movs	r1,#0xf7	ble_evt_handler@000fa210
0x000fa332	6888	ldrh	r0,[r5,#0x2]	ble_evt_handler@000fa210
0x000fa334	b5df	svc	0xb5	ble_evt_handler@000fa210
0x000fa336	0028	cmp	r0,#0x0	ble_evt_handler@000fa210
0x000fa338	c8d0	beq	0x000fa2cc	ble_evt_handler@000fa210
0x000fa33a	06b0	add	sp,#0x18	ble_evt_handler@000fa210
0x000fa33c	bde87040	pop.w	{r4,r5,r6,lr}	ble_evt_handler@000fa210
0x000fa340	fff740bd	b.w	0x000f9dc4	ble_evt_handler@000fa210
0x000fa344	0092	str	r2,[sp,#0x0]	ble_evt_handler@000fa210
0x000fa346	0192	str	r2,[sp,#0x4]	ble_evt_handler@000fa210
0x000fa348	a088	ldrh	r0,[r4,#0x4]	ble_evt_handler@000fa210
0x000fa34a	0022	movs	r2,#0x0	ble_evt_handler@000fa210
0x000fa34c	6946	mov	r1,sp	ble_evt_handler@000fa210
0x000fa34e	90df	svc	0x90	ble_evt_handler@000fa210
0x000fa350	18e0	b	0x000fa384	ble_evt_handler@000fa210
0x000fa352	34e0	b	0x000fa3be	ble_evt_handler@000fa210
0x000fa354	3ae0	b	0x000fa3cc	ble_evt_handler@000fa210
0x000fa356	21e0	b	0x000fa39c	ble_evt_handler@000fa210
0x000fa358	fff734fd	bl	0x000f9dc4	ble_evt_handler@000fa210
0x000fa35c	b6e7	b	0x000fa2cc	ble_evt_handler@000fa210
0x000fa35e	2148	ldr	r0,[0x000fa3e4]	ble_evt_handler@000fa210
0x000fa360	6a46	mov	r2,sp	ble_evt_handler@000fa210
0x000fa362	9038	subs	r0,#0x90	ble_evt_handler@000fa210
0x000fa364	42f60521	movw	r1,#0x2a05	ble_evt_handler@000fa210
0x000fa368	806a	ldr	r0,[r0,#0x28]	ble_evt_handler@000fa210
0x000fa36a	0090	str	r0,[sp,#0x0]	ble_evt_handler@000fa210
0x000fa36c	02a8	add	r0,sp,#0x8	ble_evt_handler@000fa210
0x000fa36e	0190	str	r0,[sp,#0x4]	ble_evt_handler@000fa210
0x000fa370	6888	ldrh	r0,[r5,#0x2]	ble_evt_handler@000fa210
0x000fa372	addf	svc	0xad	ble_evt_handler@000fa210
0x000fa374	08b1	cbz	r0,0x000fa37a	ble_evt_handler@000fa210
0x000fa376	fff725fd	bl	0x000f9dc4	ble_evt_handler@000fa210
0x000fa37a	0023	movs	r3,#0x0	ble_evt_handler@000fa210
0x000fa37c	1a46	mov	r2,r3	ble_evt_handler@000fa210
0x000fa37e	8521	movs	r1,#0x85	ble_evt_handler@000fa210
0x000fa380	6888	ldrh	r0,[r5,#0x2]	ble_evt_handler@000fa210
0x000fa382	7fdf	svc	0x7f	ble_evt_handler@000fa210
0x000fa384	0028	cmp	r0,#0x0	ble_evt_handler@000fa210
0x000fa386	e7d1	bne	0x000fa358	ble_evt_handler@000fa210
0x000fa388	a0e7	b	0x000fa2cc	ble_evt_handler@000fa210
0x000fa38a	0092	str	r2,[sp,#0x0]	ble_evt_handler@000fa210
0x000fa38c	0888	ldrh	r0,[r1,#0x0]	ble_evt_handler@000fa210
0x000fa38e	6946	mov	r1,sp	ble_evt_handler@000fa210
0x000fa390	8fdf	svc	0x8f	ble_evt_handler@000fa210
0x000fa392	f7e7	b	0x000fa384	ble_evt_handler@000fa210
0x000fa394	0021	movs	r1,#0x0	ble_evt_handler@000fa210
0x000fa396	6888	ldrh	r0,[r5,#0x2]	ble_evt_handler@000fa210
0x000fa398	66df	svc	0x66	ble_evt_handler@000fa210
0x000fa39a	cce7	b	0x000fa336	ble_evt_handler@000fa210
0x000fa39c	a079	ldrb	r0,[r4,#0x6]	ble_evt_handler@000fa210
0x000fa39e	0028	cmp	r0,#0x0	ble_evt_handler@000fa210
0x000fa3a0	94d0	beq	0x000fa2cc	ble_evt_handler@000fa210
0x000fa3a2	2146	mov	r1,r4	ble_evt_handler@000fa210
0x000fa3a4	0d48	ldr	r0,[0x000fa3dc]	ble_evt_handler@000fa210
0x000fa3a6	02f073f9	bl	0x000fc690	ble_evt_handler@000fa210
0x000fa3aa	0028	cmp	r0,#0x0	ble_evt_handler@000fa210
0x000fa3ac	8ed0	beq	0x000fa2cc	ble_evt_handler@000fa210
0x000fa3ae	06b0	add	sp,#0x18	ble_evt_handler@000fa210
0x000fa3b0	04f10801	add.w	r1,r4,#0x8	ble_evt_handler@000fa210
0x000fa3b4	bde87040	pop.w	{r4,r5,r6,lr}	ble_evt_handler@000fa210
0x000fa3b8	0848	ldr	r0,[0x000fa3dc]	ble_evt_handler@000fa210
0x000fa3ba	02f055b8	b.w	0x000fc468	ble_evt_handler@000fa210
0x000fa3be	0024	movs	r4,#0x0	ble_evt_handler@000fa210
0x000fa3c0	0888	ldrh	r0,[r1,#0x0]	ble_evt_handler@000fa210
0x000fa3c2	2246	mov	r2,r4	ble_evt_handler@000fa210
0x000fa3c4	2346	mov	r3,r4	ble_evt_handler@000fa210
0x000fa3c6	2146	mov	r1,r4	ble_evt_handler@000fa210
0x000fa3c8	86df	svc	0x86	ble_evt_handler@000fa210
0x000fa3ca	b4e7	b	0x000fa336	ble_evt_handler@000fa210
0x000fa3cc	0023	movs	r3,#0x0	ble_evt_handler@000fa210
0x000fa3ce	0888	ldrh	r0,[r1,#0x0]	ble_evt_handler@000fa210
0x000fa3d0	1a46	mov	r2,r3	ble_evt_handler@000fa210
0x000fa3d2	1946	mov	r1,r3	ble_evt_handler@000fa210
0x000fa3d4	b1df	svc	0xb1	ble_evt_handler@000fa210
0x000fa3d6	aee7	b	0x000fa336	ble_evt_handler@000fa210
0x000fa3e8	0078	ldrb	r0,[r0,#0x0]	ble_srv_is_notification_enabled@000fa3e8
0x000fa3ea	00f00100	and	r0,r0,#0x1	ble_srv_is_notification_enabled@000fa3e8
0x000fa3ee	7047	bx	lr	ble_srv_is_notification_enabled@000fa3e8
0x000fa3f0	13b9	cbnz	r3,0x000fa3f8	boot_validate@000fa3f0
0x000fa3f2	0378	ldrb	r3,[r0,#0x0]	boot_validate@000fa3f0
0x000fa3f4	012b	cmp	r3,#0x1	boot_validate@000fa3f0
0x000fa3f6	01d0	beq	0x000fa3fc	boot_validate@000fa3f0
0x000fa3f8	01f0bdbb	b.w	0x000fbb76	boot_validate@000fa3f0
0x000fa3fc	0120	movs	r0,#0x1	boot_validate@000fa3f0
0x000fa3fe	7047	bx	lr	boot_validate@000fa3f0
0x000fa400	0022	movs	r2,#0x0	boot_validation_crc@000fa400
0x000fa402	c321	movs	r1,#0xc3	boot_validation_crc@000fa400
0x000fa404	00f51870	add.w	r0,r0,#0x260	boot_validation_crc@000fa400
0x000fa408	00f028b9	b.w	0x000fa65c	boot_validation_crc@000fa400
0x000fa40c	2de9f043	push	{r4,r5,r6,r7,r8,r9,lr}	boot_validation_extract@000fa40c
0x000fa410	a3b0	sub	sp,#0x8c	boot_validation_extract@000fa40c
0x000fa412	0446	mov	r4,r0	boot_validation_extract@000fa40c
0x000fa414	dde92a95	ldrd	r9,r5,[sp,#0xa8]	boot_validation_extract@000fa40c
0x000fa418	2020	movs	r0,#0x20	boot_validation_extract@000fa40c
0x000fa41a	0f46	mov	r7,r1	boot_validation_extract@000fa40c
0x000fa41c	2190	str	r0,[sp,#0x84]	boot_validation_extract@000fa40c
0x000fa41e	9846	mov	r8,r3	boot_validation_extract@000fa40c
0x000fa420	1646	mov	r6,r2	boot_validation_extract@000fa40c
0x000fa422	7c21	movs	r1,#0x7c	boot_validation_extract@000fa40c
0x000fa424	02a8	add	r0,sp,#0x8	boot_validation_extract@000fa40c
0x000fa426	fef720f8	bl	0x000f846a	boot_validation_extract@000fa40c
0x000fa42a	4121	movs	r1,#0x41	boot_validation_extract@000fa40c
0x000fa42c	2046	mov	r0,r4	boot_validation_extract@000fa40c
0x000fa42e	fef71cf8	bl	0x000f846a	boot_validation_extract@000fa40c
0x000fa432	b7f89400	ldrh.w	r0,[r7,#0x94]	boot_validation_extract@000fa40c
0x000fa436	06eb0611	add.w	r1,r6,r6, lsl #0x4	boot_validation_extract@000fa40c
0x000fa43a	07eb8101	add.w	r1,r7,r1, lsl #0x2	boot_validation_extract@000fa40c
0x000fa43e	b042	cmp	r0,r6	boot_validation_extract@000fa40c
0x000fa440	01d9	bls	0x000fa446	boot_validation_extract@000fa40c
0x000fa442	91f89650	ldrb.w	r5,[r1,#0x96]	boot_validation_extract@000fa40c
0x000fa446	2570	strb	r5,[r4,#0x0]	boot_validation_extract@000fa40c
0x000fa448	1db3	cbz	r5,0x000fa492	boot_validation_extract@000fa40c
0x000fa44a	012d	cmp	r5,#0x1	boot_validation_extract@000fa40c
0x000fa44c	04d0	beq	0x000fa458	boot_validation_extract@000fa40c
0x000fa44e	022d	cmp	r5,#0x2	boot_validation_extract@000fa40c
0x000fa450	0ad0	beq	0x000fa468	boot_validation_extract@000fa40c
0x000fa452	032d	cmp	r5,#0x3	boot_validation_extract@000fa40c
0x000fa454	13d1	bne	0x000fa47e	boot_validation_extract@000fa40c
0x000fa456	16e0	b	0x000fa486	boot_validation_extract@000fa40c
0x000fa458	0022	movs	r2,#0x0	boot_validation_extract@000fa40c
0x000fa45a	4946	mov	r1,r9	boot_validation_extract@000fa40c
0x000fa45c	4046	mov	r0,r8	boot_validation_extract@000fa40c
0x000fa45e	00f0fdf8	bl	0x000fa65c	boot_validation_extract@000fa40c
0x000fa462	c4f80100	str.w	r0,[r4,#0x1]	boot_validation_extract@000fa40c
0x000fa466	14e0	b	0x000fa492	boot_validation_extract@000fa40c
0x000fa468	21a9	add	r1,sp,#0x84	boot_validation_extract@000fa40c
0x000fa46a	601c	adds	r0,r4,#0x1	boot_validation_extract@000fa40c
0x000fa46c	cde90001	strd	r0,r1,[sp,#0x0]	boot_validation_extract@000fa40c
0x000fa470	4b46	mov	r3,r9	boot_validation_extract@000fa40c
0x000fa472	4246	mov	r2,r8	boot_validation_extract@000fa40c
0x000fa474	0a49	ldr	r1,[0x000fa4a0]	boot_validation_extract@000fa40c
0x000fa476	02a8	add	r0,sp,#0x8	boot_validation_extract@000fa40c
0x000fa478	00f052ff	bl	0x000fb320	boot_validation_extract@000fa40c
0x000fa47c	48b1	cbz	r0,0x000fa492	boot_validation_extract@000fa40c
0x000fa47e	0020	movs	r0,#0x0	boot_validation_extract@000fa40c
0x000fa480	23b0	add	sp,#0x8c	boot_validation_extract@000fa40c
0x000fa482	bde8f083	pop.w	{r4,r5,r6,r7,r8,r9,pc}	boot_validation_extract@000fa40c
0x000fa486	b1f89820	ldrh.w	r2,[r1,#0x98]	boot_validation_extract@000fa40c
0x000fa48a	601c	adds	r0,r4,#0x1	boot_validation_extract@000fa40c
0x000fa48c	9a31	adds	r1,#0x9a	boot_validation_extract@000fa40c
0x000fa48e	fdf7c4ff	bl	0x000f841a	boot_validation_extract@000fa40c
0x000fa492	4a46	mov	r2,r9	boot_validation_extract@000fa40c
0x000fa494	4146	mov	r1,r8	boot_validation_extract@000fa40c
0x000fa496	2046	mov	r0,r4	boot_validation_extract@000fa40c
0x000fa498	01f06dfb	bl	0x000fbb76	boot_validation_extract@000fa40c
0x000fa49c	f0e7	b	0x000fa480	boot_validation_extract@000fa40c
0x000fa4a4	10b5	push	{r4,lr}	bootloader_reset@000fa4a4
0x000fa4a6	0028	cmp	r0,#0x0	bootloader_reset@000fa4a4
0x000fa4a8	4ff00000	mov.w	r0,#0x0	bootloader_reset@000fa4a4
0x000fa4ac	06d0	beq	0x000fa4bc	bootloader_reset@000fa4a4
0x000fa4ae	0449	ldr	r1,[0x000fa4c0]	bootloader_reset@000fa4a4
0x000fa4b0	0870	strb	r0,[r1,#0x0]	bootloader_reset@000fa4a4
0x000fa4b2	bde81040	pop.w	{r4,lr}	bootloader_reset@000fa4a4
0x000fa4b6	0348	ldr	r0,[0x000fa4c4]	bootloader_reset@000fa4a4
0x000fa4b8	01f066ba	b.w	0x000fb988	bootloader_reset@000fa4a4
0x000fa4bc	00f05cfa	bl	0x000fa978	bootloader_reset@000fa4a4
0x000fa4c0	7c59	ldr	r4,[r7,r5]	bootloader_reset@000fa4a4
0x000fa4c2	0020	movs	r0,#0x0	bootloader_reset@000fa4a4
0x000fa4c4	79a9	add	r1,sp,#0x1e4	bootloader_reset@000fa4a4
0x000fa4c6	0f00	movs	r7,r1	bootloader_reset@000fa4a4
0x000fa4c8	10b5	push	{r4,lr}	bootloader_reset@000fa4a4
0x000fa4ca	4368	ldr	r3,[r0,#0x4]	bootloader_reset@000fa4a4
0x000fa4cc	9c18	adds	r4,r3,r2	bootloader_reset@000fa4a4
0x000fa4ce	4460	str	r4,[r0,#0x4]	bootloader_reset@000fa4a4
0x000fa4d0	21b9	cbnz	r1,0x000fa4dc	bootloader_reset@000fa4a4
0x000fa4d2	05e0	b	0x000fa4e0	bootloader_reset@000fa4a4
0x000fa4d4	13f8010b	ldrb.w	r0,[r3],#0x1	bootloader_reset@000fa4a4
0x000fa4d8	01f8010b	strb.w	r0,[r1],#0x1	bootloader_reset@000fa4a4
0x000fa4dc	521e	subs	r2,r2,#0x1	bootloader_reset@000fa4a4
0x000fa4de	f9d2	bcs	0x000fa4d4	bootloader_reset@000fa4a4
0x000fa4e0	0120	movs	r0,#0x1	bootloader_reset@000fa4a4
0x000fa4e2	10bd	pop	{r4,pc}	bootloader_reset@000fa4a4
0x000fa4e4	10b5	push	{r4,lr}	cc310_backend_mutex_trylock@000fa4e4
0x000fa4e6	0548	ldr	r0,[0x000fa4fc]	cc310_backend_mutex_trylock@000fa4e4
0x000fa4e8	0121	movs	r1,#0x1	cc310_backend_mutex_trylock@000fa4e4
0x000fa4ea	00f0ddfc	bl	0x000faea8	cc310_backend_mutex_trylock@000fa4e4
0x000fa4ee	bff35f8f	dmb	#0x1f	cc310_backend_mutex_trylock@000fa4e4
0x000fa4f2	08b1	cbz	r0,0x000fa4f8	cc310_backend_mutex_trylock@000fa4e4
0x000fa4f4	0020	movs	r0,#0x0	cc310_backend_mutex_trylock@000fa4e4
0x000fa4f6	10bd	pop	{r4,pc}	cc310_backend_mutex_trylock@000fa4e4
0x000fa4f8	0120	movs	r0,#0x1	cc310_backend_mutex_trylock@000fa4e4
0x000fa4fa	10bd	pop	{r4,pc}	cc310_backend_mutex_trylock@000fa4e4
0x000fa500	bff35f8f	dmb	#0x1f	cc310_backend_mutex_unlock@000fa500
0x000fa504	0149	ldr	r1,[0x000fa50c]	cc310_backend_mutex_unlock@000fa500
0x000fa506	0020	movs	r0,#0x0	cc310_backend_mutex_unlock@000fa500
0x000fa508	0860	str	r0,[r1,#0x0]	cc310_backend_mutex_unlock@000fa500
0x000fa50a	7047	bx	lr	cc310_backend_mutex_unlock@000fa500
0x000fa510	0649	ldr	r1,[0x000fa52c]	cc310_bl_backend_disable@000fa510
0x000fa512	0020	movs	r0,#0x0	cc310_bl_backend_disable@000fa510
0x000fa514	0860	str	r0,[r1,#0x0]	cc310_bl_backend_disable@000fa510
0x000fa516	0649	ldr	r1,[0x000fa530]	cc310_bl_backend_disable@000fa510
0x000fa518	4ff48060	mov.w	r0,#0x400	cc310_bl_backend_disable@000fa510
0x000fa51c	c1f88001	str.w	r0,[r1,#0x180]	cc310_bl_backend_disable@000fa510
0x000fa520	bff34f8f	dsb	#0xf	cc310_bl_backend_disable@000fa510
0x000fa524	bff36f8f	isb	#0xf	cc310_bl_backend_disable@000fa510
0x000fa528	7047	bx	lr	cc310_bl_backend_disable@000fa510
0x000fa534	0349	ldr	r1,[0x000fa544]	cc310_bl_backend_enable@000fa534
0x000fa536	0120	movs	r0,#0x1	cc310_bl_backend_enable@000fa534
0x000fa538	0860	str	r0,[r1,#0x0]	cc310_bl_backend_enable@000fa534
0x000fa53a	0349	ldr	r1,[0x000fa548]	cc310_bl_backend_enable@000fa534
0x000fa53c	8002	lsls	r0,r0,#0xa	cc310_bl_backend_enable@000fa534
0x000fa53e	c1f80001	str.w	r0,[r1,#0x100]	cc310_bl_backend_enable@000fa534
0x000fa542	7047	bx	lr	cc310_bl_backend_enable@000fa534
0x000fa54c	70b5	push	{r4,r5,r6,lr}	cc310_bl_backend_hash_sha256_finalize@000fa54c
0x000fa54e	00f10805	add.w	r5,r0,#0x8	cc310_bl_backend_hash_sha256_finalize@000fa54c
0x000fa552	1068	ldr	r0,[r2,#0x0]	cc310_bl_backend_hash_sha256_finalize@000fa54c
0x000fa554	1446	mov	r4,r2	cc310_bl_backend_hash_sha256_finalize@000fa54c
0x000fa556	0e46	mov	r6,r1	cc310_bl_backend_hash_sha256_finalize@000fa54c
0x000fa558	2028	cmp	r0,#0x20	cc310_bl_backend_hash_sha256_finalize@000fa54c
0x000fa55a	02d2	bcs	0x000fa562	cc310_bl_backend_hash_sha256_finalize@000fa54c
0x000fa55c	48f21450	movw	r0,#0x8514	cc310_bl_backend_hash_sha256_finalize@000fa54c
0x000fa560	70bd	pop	{r4,r5,r6,pc}	cc310_bl_backend_hash_sha256_finalize@000fa54c
0x000fa562	fff7bfff	bl	0x000fa4e4	cc310_bl_backend_hash_sha256_finalize@000fa54c
0x000fa566	90b1	cbz	r0,0x000fa58e	cc310_bl_backend_hash_sha256_finalize@000fa54c
0x000fa568	fff7e4ff	bl	0x000fa534	cc310_bl_backend_hash_sha256_finalize@000fa54c
0x000fa56c	3146	mov	r1,r6	cc310_bl_backend_hash_sha256_finalize@000fa54c
0x000fa56e	2846	mov	r0,r5	cc310_bl_backend_hash_sha256_finalize@000fa54c
0x000fa570	fff77ef8	bl	0x000f9670	cc310_bl_backend_hash_sha256_finalize@000fa54c
0x000fa574	0546	mov	r5,r0	cc310_bl_backend_hash_sha256_finalize@000fa54c
0x000fa576	fff7cbff	bl	0x000fa510	cc310_bl_backend_hash_sha256_finalize@000fa54c
0x000fa57a	fff7c1ff	bl	0x000fa500	cc310_bl_backend_hash_sha256_finalize@000fa54c
0x000fa57e	2846	mov	r0,r5	cc310_bl_backend_hash_sha256_finalize@000fa54c
0x000fa580	00f038fb	bl	0x000fabf4	cc310_bl_backend_hash_sha256_finalize@000fa54c
0x000fa584	0028	cmp	r0,#0x0	cc310_bl_backend_hash_sha256_finalize@000fa54c
0x000fa586	ebd1	bne	0x000fa560	cc310_bl_backend_hash_sha256_finalize@000fa54c
0x000fa588	2021	movs	r1,#0x20	cc310_bl_backend_hash_sha256_finalize@000fa54c
0x000fa58a	2160	str	r1,[r4,#0x0]	cc310_bl_backend_hash_sha256_finalize@000fa54c
0x000fa58c	70bd	pop	{r4,r5,r6,pc}	cc310_bl_backend_hash_sha256_finalize@000fa54c
0x000fa58e	48f20450	movw	r0,#0x8504	cc310_bl_backend_hash_sha256_finalize@000fa54c
0x000fa592	70bd	pop	{r4,r5,r6,pc}	cc310_bl_backend_hash_sha256_finalize@000fa54c
0x000fa594	10b5	push	{r4,lr}	cc310_bl_backend_hash_sha256_init@000fa594
0x000fa596	0830	adds	r0,#0x8	cc310_bl_backend_hash_sha256_init@000fa594
0x000fa598	fff79af8	bl	0x000f96d0	cc310_bl_backend_hash_sha256_init@000fa594
0x000fa59c	bde81040	pop.w	{r4,lr}	cc310_bl_backend_hash_sha256_init@000fa594
0x000fa5a0	00f028bb	b.w	0x000fabf4	cc310_bl_backend_hash_sha256_init@000fa594
0x000fa5a4	2de9f047	push	{r4,r5,r6,r7,r8,r9,r10,lr}	cc310_bl_backend_hash_sha256_update@000fa5a4
0x000fa5a8	00f10809	add.w	r9,r0,#0x8	cc310_bl_backend_hash_sha256_update@000fa5a4
0x000fa5ac	0e46	mov	r6,r1	cc310_bl_backend_hash_sha256_update@000fa5a4
0x000fa5ae	1446	mov	r4,r2	cc310_bl_backend_hash_sha256_update@000fa5a4
0x000fa5b0	fff798ff	bl	0x000fa4e4	cc310_bl_backend_hash_sha256_update@000fa5a4
0x000fa5b4	b8b1	cbz	r0,0x000fa5e6	cc310_bl_backend_hash_sha256_update@000fa5a4
0x000fa5b6	fff7bdff	bl	0x000fa534	cc310_bl_backend_hash_sha256_update@000fa5a4
0x000fa5ba	4ff48058	mov.w	r8,#0x1000	cc310_bl_backend_hash_sha256_update@000fa5a4
0x000fa5be	4546	mov	r5,r8	cc310_bl_backend_hash_sha256_update@000fa5a4
0x000fa5c0	ac42	cmp	r4,r5	cc310_bl_backend_hash_sha256_update@000fa5a4
0x000fa5c2	00d8	bhi	0x000fa5c6	cc310_bl_backend_hash_sha256_update@000fa5a4
0x000fa5c4	2546	mov	r5,r4	cc310_bl_backend_hash_sha256_update@000fa5a4
0x000fa5c6	2a46	mov	r2,r5	cc310_bl_backend_hash_sha256_update@000fa5a4
0x000fa5c8	3146	mov	r1,r6	cc310_bl_backend_hash_sha256_update@000fa5a4
0x000fa5ca	0e48	ldr	r0,[0x000fa604]	cc310_bl_backend_hash_sha256_update@000fa5a4
0x000fa5cc	fdf725ff	bl	0x000f841a	cc310_bl_backend_hash_sha256_update@000fa5a4
0x000fa5d0	2a46	mov	r2,r5	cc310_bl_backend_hash_sha256_update@000fa5a4
0x000fa5d2	0c49	ldr	r1,[0x000fa604]	cc310_bl_backend_hash_sha256_update@000fa5a4
0x000fa5d4	4846	mov	r0,r9	cc310_bl_backend_hash_sha256_update@000fa5a4
0x000fa5d6	fff795f8	bl	0x000f9704	cc310_bl_backend_hash_sha256_update@000fa5a4
0x000fa5da	0700	movs	r7,r0	cc310_bl_backend_hash_sha256_update@000fa5a4
0x000fa5dc	a4eb0504	sub.w	r4,r4,r5	cc310_bl_backend_hash_sha256_update@000fa5a4
0x000fa5e0	2e44	add	r6,r5	cc310_bl_backend_hash_sha256_update@000fa5a4
0x000fa5e2	04d0	beq	0x000fa5ee	cc310_bl_backend_hash_sha256_update@000fa5a4
0x000fa5e4	05e0	b	0x000fa5f2	cc310_bl_backend_hash_sha256_update@000fa5a4
0x000fa5e6	48f20450	movw	r0,#0x8504	cc310_bl_backend_hash_sha256_update@000fa5a4
0x000fa5ea	bde8f087	pop.w	{r4,r5,r6,r7,r8,r9,r10,pc}	cc310_bl_backend_hash_sha256_update@000fa5a4
0x000fa5ee	002c	cmp	r4,#0x0	cc310_bl_backend_hash_sha256_update@000fa5a4
0x000fa5f0	e5d1	bne	0x000fa5be	cc310_bl_backend_hash_sha256_update@000fa5a4
0x000fa5f2	fff78dff	bl	0x000fa510	cc310_bl_backend_hash_sha256_update@000fa5a4
0x000fa5f6	fff783ff	bl	0x000fa500	cc310_bl_backend_hash_sha256_update@000fa5a4
0x000fa5fa	3846	mov	r0,r7	cc310_bl_backend_hash_sha256_update@000fa5a4
0x000fa5fc	bde8f047	pop.w	{r4,r5,r6,r7,r8,r9,r10,lr}	cc310_bl_backend_hash_sha256_update@000fa5a4
0x000fa600	00f0f8ba	b.w	0x000fabf4	cc310_bl_backend_hash_sha256_update@000fa5a4
0x000fa608	70b5	push	{r4,r5,r6,lr}	cc310_bl_backend_init@000fa608
0x000fa60a	0b48	ldr	r0,[0x000fa638]	cc310_bl_backend_init@000fa608
0x000fa60c	0024	movs	r4,#0x0	cc310_bl_backend_init@000fa608
0x000fa60e	0460	str	r4,[r0,#0x0]	cc310_bl_backend_init@000fa608
0x000fa610	bff35f8f	dmb	#0x1f	cc310_bl_backend_init@000fa608
0x000fa614	094d	ldr	r5,[0x000fa63c]	cc310_bl_backend_init@000fa608
0x000fa616	0120	movs	r0,#0x1	cc310_bl_backend_init@000fa608
0x000fa618	2860	str	r0,[r5,#0x0]	cc310_bl_backend_init@000fa608
0x000fa61a	fff73df9	bl	0x000f9898	cc310_bl_backend_init@000fa608
0x000fa61e	0100	movs	r1,r0	cc310_bl_backend_init@000fa608
0x000fa620	2c60	str	r4,[r5,#0x0]	cc310_bl_backend_init@000fa608
0x000fa622	4ff00300	mov.w	r0,#0x3	cc310_bl_backend_init@000fa608
0x000fa626	04d0	beq	0x000fa632	cc310_bl_backend_init@000fa608
0x000fa628	0529	cmp	r1,#0x5	cc310_bl_backend_init@000fa608
0x000fa62a	01d1	bne	0x000fa630	cc310_bl_backend_init@000fa608
0x000fa62c	48f20350	movw	r0,#0x8503	cc310_bl_backend_init@000fa608
0x000fa630	70bd	pop	{r4,r5,r6,pc}	cc310_bl_backend_init@000fa608
0x000fa632	0020	movs	r0,#0x0	cc310_bl_backend_init@000fa608
0x000fa634	70bd	pop	{r4,r5,r6,pc}	cc310_bl_backend_init@000fa608
0x000fa640	0149	ldr	r1,[0x000fa648]	cc310_bl_backend_uninit@000fa640
0x000fa642	0020	movs	r0,#0x0	cc310_bl_backend_uninit@000fa640
0x000fa644	0860	str	r0,[r1,#0x0]	cc310_bl_backend_uninit@000fa640
0x000fa646	7047	bx	lr	cc310_bl_backend_uninit@000fa640
0x000fa64c	0249	ldr	r1,[0x000fa658]	cmd_response_offset_and_crc_set@000fa64c
0x000fa64e	ca6b	ldr	r2,[r1,#0x3c]	cmd_response_offset_and_crc_set@000fa64c
0x000fa650	4260	str	r2,[r0,#0x4]	cmd_response_offset_and_crc_set@000fa64c
0x000fa652	096c	ldr	r1,[r1,#0x40]	cmd_response_offset_and_crc_set@000fa64c
0x000fa654	8160	str	r1,[r0,#0x8]	cmd_response_offset_and_crc_set@000fa64c
0x000fa656	7047	bx	lr	cmd_response_offset_and_crc_set@000fa64c
0x000fa65c	f0b5	push	{r4,r5,r6,r7,lr}	crc32_compute@000fa65c
0x000fa65e	4ff0ff36	mov.w	r6,#0xffffffff	crc32_compute@000fa65c
0x000fa662	22b1	cbz	r2,0x000fa66e	crc32_compute@000fa65c
0x000fa664	1268	ldr	r2,[r2,#0x0]	crc32_compute@000fa65c
0x000fa666	d243	mvns	r2,r2	crc32_compute@000fa65c
0x000fa668	0023	movs	r3,#0x0	crc32_compute@000fa65c
0x000fa66a	0a4d	ldr	r5,[0x000fa694]	crc32_compute@000fa65c
0x000fa66c	0de0	b	0x000fa68a	crc32_compute@000fa65c
0x000fa66e	3246	mov	r2,r6	crc32_compute@000fa65c
0x000fa670	fae7	b	0x000fa668	crc32_compute@000fa65c
0x000fa672	c45c	ldrb	r4,[r0,r3]	crc32_compute@000fa65c
0x000fa674	6240	eors	r2,r4	crc32_compute@000fa65c
0x000fa676	0824	movs	r4,#0x8	crc32_compute@000fa65c
0x000fa678	d707	lsls	r7,r2,#0x1f	crc32_compute@000fa65c
0x000fa67a	00d0	beq	0x000fa67e	crc32_compute@000fa65c
0x000fa67c	3746	mov	r7,r6	crc32_compute@000fa65c
0x000fa67e	2f40	ands	r7,r5	crc32_compute@000fa65c
0x000fa680	87ea5202	eor.w	r2,r7,r2, lsr #0x1	crc32_compute@000fa65c
0x000fa684	641e	subs	r4,r4,#0x1	crc32_compute@000fa65c
0x000fa686	f7d1	bne	0x000fa678	crc32_compute@000fa65c
0x000fa688	5b1c	adds	r3,r3,#0x1	crc32_compute@000fa65c
0x000fa68a	8b42	cmp	r3,r1	crc32_compute@000fa65c
0x000fa68c	f1d3	bcc	0x000fa672	crc32_compute@000fa65c
0x000fa68e	d043	mvns	r0,r2	crc32_compute@000fa65c
0x000fa690	f0bd	pop	{r4,r5,r6,r7,pc}	crc32_compute@000fa65c
0x000fa698	10b5	push	{r4,lr}	crc_ok@000fa698
0x000fa69a	0446	mov	r4,r0	crc_ok@000fa698
0x000fa69c	0068	ldr	r0,[r0,#0x0]	crc_ok@000fa698
0x000fa69e	401c	adds	r0,r0,#0x1	crc_ok@000fa698
0x000fa6a0	07d0	beq	0x000fa6b2	crc_ok@000fa698
0x000fa6a2	2046	mov	r0,r4	crc_ok@000fa698
0x000fa6a4	02f0b4fe	bl	0x000fd410	crc_ok@000fa698
0x000fa6a8	2168	ldr	r1,[r4,#0x0]	crc_ok@000fa698
0x000fa6aa	8142	cmp	r1,r0	crc_ok@000fa698
0x000fa6ac	01d1	bne	0x000fa6b2	crc_ok@000fa698
0x000fa6ae	0120	movs	r0,#0x1	crc_ok@000fa698
0x000fa6b0	10bd	pop	{r4,pc}	crc_ok@000fa698
0x000fa6b2	0020	movs	r0,#0x0	crc_ok@000fa698
0x000fa6b4	10bd	pop	{r4,pc}	crc_ok@000fa698
0x000fa6b8	10b5	push	{r4,lr}	crypto_init@000fa6b8
0x000fa6ba	0b4c	ldr	r4,[0x000fa6e8]	crypto_init@000fa6b8
0x000fa6bc	90b0	sub	sp,#0x40	crypto_init@000fa6b8
0x000fa6be	6078	ldrb	r0,[r4,#0x1]	crypto_init@000fa6b8
0x000fa6c0	0028	cmp	r0,#0x0	crypto_init@000fa6b8
0x000fa6c2	0ed1	bne	0x000fa6e2	crypto_init@000fa6b8
0x000fa6c4	00f090fe	bl	0x000fb3e8	crypto_init@000fa6b8
0x000fa6c8	2022	movs	r2,#0x20	crypto_init@000fa6b8
0x000fa6ca	0849	ldr	r1,[0x000fa6ec]	crypto_init@000fa6b8
0x000fa6cc	6846	mov	r0,sp	crypto_init@000fa6b8
0x000fa6ce	00f0abfe	bl	0x000fb428	crypto_init@000fa6b8
0x000fa6d2	4023	movs	r3,#0x40	crypto_init@000fa6b8
0x000fa6d4	6a46	mov	r2,sp	crypto_init@000fa6b8
0x000fa6d6	0649	ldr	r1,[0x000fa6f0]	crypto_init@000fa6b8
0x000fa6d8	0648	ldr	r0,[0x000fa6f4]	crypto_init@000fa6b8
0x000fa6da	00f0ddfd	bl	0x000fb298	crypto_init@000fa6b8
0x000fa6de	0120	movs	r0,#0x1	crypto_init@000fa6b8
0x000fa6e0	6070	strb	r0,[r4,#0x1]	crypto_init@000fa6b8
0x000fa6e2	10b0	add	sp,#0x40	crypto_init@000fa6b8
0x000fa6e4	10bd	pop	{r4,pc}	crypto_init@000fa6b8
0x000fa6f8	f0b5	push	{r4,r5,r6,r7,lr}	nanopb_decode_field@000fa776
0x000fa6fa	1469	ldr	r4,[r2,#0x10]	nanopb_decode_field@000fa776
0x000fa6fc	0646	mov	r6,r0	nanopb_decode_field@000fa776
0x000fa6fe	8db0	sub	sp,#0x34	nanopb_decode_field@000fa776
0x000fa700	2068	ldr	r0,[r4,#0x0]	nanopb_decode_field@000fa776
0x000fa702	1546	mov	r5,r2	nanopb_decode_field@000fa776
0x000fa704	271d	adds	r7,r4,#0x4	nanopb_decode_field@000fa776
0x000fa706	e0b1	cbz	r0,0x000fa742	nanopb_decode_field@000fa776
0x000fa708	0229	cmp	r1,#0x2	nanopb_decode_field@000fa776
0x000fa70a	20d0	beq	0x000fa74e	nanopb_decode_field@000fa776
0x000fa70c	0a20	movs	r0,#0xa	nanopb_decode_field@000fa776
0x000fa70e	0090	str	r0,[sp,#0x0]	nanopb_decode_field@000fa776
0x000fa710	6b46	mov	r3,sp	nanopb_decode_field@000fa776
0x000fa712	09aa	add	r2,sp,#0x24	nanopb_decode_field@000fa776
0x000fa714	3046	mov	r0,r6	nanopb_decode_field@000fa776
0x000fa716	02f063fd	bl	0x000fd1e0	nanopb_decode_field@000fa776
0x000fa71a	0028	cmp	r0,#0x0	nanopb_decode_field@000fa776
0x000fa71c	0fd0	beq	0x000fa73e	nanopb_decode_field@000fa776
0x000fa71e	09a9	add	r1,sp,#0x24	nanopb_decode_field@000fa776
0x000fa720	01a8	add	r0,sp,#0x4	nanopb_decode_field@000fa776
0x000fa722	009a	ldr	r2,[sp,#0x0]	nanopb_decode_field@000fa776
0x000fa724	02f05afb	bl	0x000fcddc	nanopb_decode_field@000fa776
0x000fa728	01ae	add	r6,sp,#0x4	nanopb_decode_field@000fa776
0x000fa72a	96e80f00	ldm.w	r6,{r0,r1,r2,r3}	nanopb_decode_field@000fa776
0x000fa72e	05ae	add	r6,sp,#0x14	nanopb_decode_field@000fa776
0x000fa730	86e80f00	stm	r6,{r0,r1,r2,r3}	nanopb_decode_field@000fa776
0x000fa734	2368	ldr	r3,[r4,#0x0]	nanopb_decode_field@000fa776
0x000fa736	6968	ldr	r1,[r5,#0x4]	nanopb_decode_field@000fa776
0x000fa738	3a46	mov	r2,r7	nanopb_decode_field@000fa776
0x000fa73a	05a8	add	r0,sp,#0x14	nanopb_decode_field@000fa776
0x000fa73c	9847	blx	r3	nanopb_decode_field@000fa776
0x000fa73e	0db0	add	sp,#0x34	nanopb_decode_field@000fa776
0x000fa740	f0bd	pop	{r4,r5,r6,r7,pc}	nanopb_decode_field@000fa776
0x000fa742	0db0	add	sp,#0x34	nanopb_decode_field@000fa776
0x000fa744	3046	mov	r0,r6	nanopb_decode_field@000fa776
0x000fa746	bde8f040	pop.w	{r4,r5,r6,r7,lr}	nanopb_decode_field@000fa776
0x000fa74a	02f0bbbb	b.w	0x000fcec4	nanopb_decode_field@000fa776
0x000fa74e	6946	mov	r1,sp	nanopb_decode_field@000fa776
0x000fa750	3046	mov	r0,r6	nanopb_decode_field@000fa776
0x000fa752	02f04dfb	bl	0x000fcdf0	nanopb_decode_field@000fa776
0x000fa756	0028	cmp	r0,#0x0	nanopb_decode_field@000fa776
0x000fa758	f1d0	beq	0x000fa73e	nanopb_decode_field@000fa776
0x000fa75a	2368	ldr	r3,[r4,#0x0]	nanopb_decode_field@000fa776
0x000fa75c	6968	ldr	r1,[r5,#0x4]	nanopb_decode_field@000fa776
0x000fa75e	3a46	mov	r2,r7	nanopb_decode_field@000fa776
0x000fa760	6846	mov	r0,sp	nanopb_decode_field@000fa776
0x000fa762	9847	blx	r3	nanopb_decode_field@000fa776
0x000fa764	0028	cmp	r0,#0x0	nanopb_decode_field@000fa776
0x000fa766	ead0	beq	0x000fa73e	nanopb_decode_field@000fa776
0x000fa768	0298	ldr	r0,[sp,#0x8]	nanopb_decode_field@000fa776
0x000fa76a	0028	cmp	r0,#0x0	nanopb_decode_field@000fa776
0x000fa76c	f5d1	bne	0x000fa75a	nanopb_decode_field@000fa776
0x000fa76e	0198	ldr	r0,[sp,#0x4]	nanopb_decode_field@000fa776
0x000fa770	7060	str	r0,[r6,#0x4]	nanopb_decode_field@000fa776
0x000fa772	0120	movs	r0,#0x1	nanopb_decode_field@000fa776
0x000fa774	e3e7	b	0x000fa73e	nanopb_decode_field@000fa776
0x000fa776	5368	ldr	r3,[r2,#0x4]	nanopb_decode_field@000fa776
0x000fa778	9b78	ldrb	r3,[r3,#0x2]	nanopb_decode_field@000fa776
0x000fa77a	13f0c003	ands	r3,r3,#0xc0	nanopb_decode_field@000fa776
0x000fa77e	03d0	beq	0x000fa788	nanopb_decode_field@000fa776
0x000fa780	402b	cmp	r3,#0x40	nanopb_decode_field@000fa776
0x000fa782	03d0	beq	0x000fa78c	nanopb_decode_field@000fa776
0x000fa784	0020	movs	r0,#0x0	nanopb_decode_field@000fa776
0x000fa786	7047	bx	lr	nanopb_decode_field@000fa776
0x000fa788	00f002b8	b.w	0x000fa790	nanopb_decode_field@000fa776
0x000fa78c	fff7b4bf	b.w	0x000fa6f8	nanopb_decode_field@000fa776
0x000fa790	2de9ff41	push	{r0,r1,r2,r3,r4,r5,r6,r7,r8,lr}	nanopb_decode_field@000fa776
0x000fa794	0b46	mov	r3,r1	nanopb_decode_field@000fa776
0x000fa796	5168	ldr	r1,[r2,#0x4]	nanopb_decode_field@000fa776
0x000fa798	0646	mov	r6,r0	nanopb_decode_field@000fa776
0x000fa79a	1446	mov	r4,r2	nanopb_decode_field@000fa776
0x000fa79c	8878	ldrb	r0,[r1,#0x2]	nanopb_decode_field@000fa776
0x000fa79e	334d	ldr	r5,[0x000fa86c]	nanopb_decode_field@000fa776
0x000fa7a0	00f00f02	and	r2,r0,#0xf	nanopb_decode_field@000fa776
0x000fa7a4	10f03000	ands	r0,r0,#0x30	nanopb_decode_field@000fa776
0x000fa7a8	55f82250	ldr.w	r5,[r5,r2,lsl #0x2]	nanopb_decode_field@000fa776
0x000fa7ac	06d0	beq	0x000fa7bc	nanopb_decode_field@000fa776
0x000fa7ae	1028	cmp	r0,#0x10	nanopb_decode_field@000fa776
0x000fa7b0	06d0	beq	0x000fa7c0	nanopb_decode_field@000fa776
0x000fa7b2	2028	cmp	r0,#0x20	nanopb_decode_field@000fa776
0x000fa7b4	08d0	beq	0x000fa7c8	nanopb_decode_field@000fa776
0x000fa7b6	3028	cmp	r0,#0x30	nanopb_decode_field@000fa776
0x000fa7b8	56d1	bne	0x000fa868	nanopb_decode_field@000fa776
0x000fa7ba	3ee0	b	0x000fa83a	nanopb_decode_field@000fa776
0x000fa7bc	2269	ldr	r2,[r4,#0x10]	nanopb_decode_field@000fa776
0x000fa7be	4de0	b	0x000fa85c	nanopb_decode_field@000fa776
0x000fa7c0	6169	ldr	r1,[r4,#0x14]	nanopb_decode_field@000fa776
0x000fa7c2	0120	movs	r0,#0x1	nanopb_decode_field@000fa776
0x000fa7c4	0870	strb	r0,[r1,#0x0]	nanopb_decode_field@000fa776
0x000fa7c6	47e0	b	0x000fa858	nanopb_decode_field@000fa776
0x000fa7c8	022b	cmp	r3,#0x2	nanopb_decode_field@000fa776
0x000fa7ca	28d1	bne	0x000fa81e	nanopb_decode_field@000fa776
0x000fa7cc	042a	cmp	r2,#0x4	nanopb_decode_field@000fa776
0x000fa7ce	26d8	bhi	0x000fa81e	nanopb_decode_field@000fa776
0x000fa7d0	4ff00108	mov.w	r8,#0x1	nanopb_decode_field@000fa776
0x000fa7d4	6946	mov	r1,sp	nanopb_decode_field@000fa776
0x000fa7d6	3046	mov	r0,r6	nanopb_decode_field@000fa776
0x000fa7d8	6769	ldr	r7,[r4,#0x14]	nanopb_decode_field@000fa776
0x000fa7da	02f009fb	bl	0x000fcdf0	nanopb_decode_field@000fa776
0x000fa7de	0028	cmp	r0,#0x0	nanopb_decode_field@000fa776
0x000fa7e0	1ad0	beq	0x000fa818	nanopb_decode_field@000fa776
0x000fa7e2	09e0	b	0x000fa7f8	nanopb_decode_field@000fa776
0x000fa7e4	0b89	ldrh	r3,[r1,#0x8]	nanopb_decode_field@000fa776
0x000fa7e6	2269	ldr	r2,[r4,#0x10]	nanopb_decode_field@000fa776
0x000fa7e8	03fb0022	mla	r2,r3,r0,r2	nanopb_decode_field@000fa776
0x000fa7ec	6846	mov	r0,sp	nanopb_decode_field@000fa776
0x000fa7ee	a847	blx	r5	nanopb_decode_field@000fa776
0x000fa7f0	70b1	cbz	r0,0x000fa810	nanopb_decode_field@000fa776
0x000fa7f2	3888	ldrh	r0,[r7,#0x0]	nanopb_decode_field@000fa776
0x000fa7f4	401c	adds	r0,r0,#0x1	nanopb_decode_field@000fa776
0x000fa7f6	3880	strh	r0,[r7,#0x0]	nanopb_decode_field@000fa776
0x000fa7f8	0298	ldr	r0,[sp,#0x8]	nanopb_decode_field@000fa776
0x000fa7fa	20b1	cbz	r0,0x000fa806	nanopb_decode_field@000fa776
0x000fa7fc	6168	ldr	r1,[r4,#0x4]	nanopb_decode_field@000fa776
0x000fa7fe	3888	ldrh	r0,[r7,#0x0]	nanopb_decode_field@000fa776
0x000fa800	4a89	ldrh	r2,[r1,#0xa]	nanopb_decode_field@000fa776
0x000fa802	9042	cmp	r0,r2	nanopb_decode_field@000fa776
0x000fa804	eed3	bcc	0x000fa7e4	nanopb_decode_field@000fa776
0x000fa806	0198	ldr	r0,[sp,#0x4]	nanopb_decode_field@000fa776
0x000fa808	7060	str	r0,[r6,#0x4]	nanopb_decode_field@000fa776
0x000fa80a	0298	ldr	r0,[sp,#0x8]	nanopb_decode_field@000fa776
0x000fa80c	60bb	cbnz	r0,0x000fa868	nanopb_decode_field@000fa776
0x000fa80e	02e0	b	0x000fa816	nanopb_decode_field@000fa776
0x000fa810	4ff00008	mov.w	r8,#0x0	nanopb_decode_field@000fa776
0x000fa814	f7e7	b	0x000fa806	nanopb_decode_field@000fa776
0x000fa816	4046	mov	r0,r8	nanopb_decode_field@000fa776
0x000fa818	04b0	add	sp,#0x10	nanopb_decode_field@000fa776
0x000fa81a	bde8f081	pop.w	{r4,r5,r6,r7,r8,pc}	nanopb_decode_field@000fa776
0x000fa81e	d4e90430	ldrd	r3,r0,[r4,#0x10]	nanopb_decode_field@000fa776
0x000fa822	0f89	ldrh	r7,[r1,#0x8]	nanopb_decode_field@000fa776
0x000fa824	0288	ldrh	r2,[r0,#0x0]	nanopb_decode_field@000fa776
0x000fa826	4989	ldrh	r1,[r1,#0xa]	nanopb_decode_field@000fa776
0x000fa828	07fb0233	mla	r3,r7,r2,r3	nanopb_decode_field@000fa776
0x000fa82c	8a42	cmp	r2,r1	nanopb_decode_field@000fa776
0x000fa82e	1bd2	bcs	0x000fa868	nanopb_decode_field@000fa776
0x000fa830	521c	adds	r2,r2,#0x1	nanopb_decode_field@000fa776
0x000fa832	0280	strh	r2,[r0,#0x0]	nanopb_decode_field@000fa776
0x000fa834	1a46	mov	r2,r3	nanopb_decode_field@000fa776
0x000fa836	6168	ldr	r1,[r4,#0x4]	nanopb_decode_field@000fa776
0x000fa838	10e0	b	0x000fa85c	nanopb_decode_field@000fa776
0x000fa83a	0888	ldrh	r0,[r1,#0x0]	nanopb_decode_field@000fa776
0x000fa83c	6169	ldr	r1,[r4,#0x14]	nanopb_decode_field@000fa776
0x000fa83e	072a	cmp	r2,#0x7	nanopb_decode_field@000fa776
0x000fa840	0880	strh	r0,[r1,#0x0]	nanopb_decode_field@000fa776
0x000fa842	09d1	bne	0x000fa858	nanopb_decode_field@000fa776
0x000fa844	6068	ldr	r0,[r4,#0x4]	nanopb_decode_field@000fa776
0x000fa846	0189	ldrh	r1,[r0,#0x8]	nanopb_decode_field@000fa776
0x000fa848	2069	ldr	r0,[r4,#0x10]	nanopb_decode_field@000fa776
0x000fa84a	fdf70efe	bl	0x000f846a	nanopb_decode_field@000fa776
0x000fa84e	6068	ldr	r0,[r4,#0x4]	nanopb_decode_field@000fa776
0x000fa850	2169	ldr	r1,[r4,#0x10]	nanopb_decode_field@000fa776
0x000fa852	c068	ldr	r0,[r0,#0xc]	nanopb_decode_field@000fa776
0x000fa854	02f0e7fa	bl	0x000fce26	nanopb_decode_field@000fa776
0x000fa858	2269	ldr	r2,[r4,#0x10]	nanopb_decode_field@000fa776
0x000fa85a	6168	ldr	r1,[r4,#0x4]	nanopb_decode_field@000fa776
0x000fa85c	04b0	add	sp,#0x10	nanopb_decode_field@000fa776
0x000fa85e	3046	mov	r0,r6	nanopb_decode_field@000fa776
0x000fa860	ac46	mov	r12,r5	nanopb_decode_field@000fa776
0x000fa862	bde8f041	pop.w	{r4,r5,r6,r7,r8,lr}	nanopb_decode_field@000fa776
0x000fa866	6047	bx	r12	nanopb_decode_field@000fa776
0x000fa868	0020	movs	r0,#0x0	nanopb_decode_field@000fa776
0x000fa86a	d5e7	b	0x000fa818	nanopb_decode_field@000fa776
0x000fa870	70b5	push	{r4,r5,r6,lr}	nrf_bootloader_app_is_valid@000fa870
0x000fa872	1c48	ldr	r0,[0x000fa8e4]	nrf_bootloader_app_is_valid@000fa870
0x000fa874	0124	movs	r4,#0x1	nrf_bootloader_app_is_valid@000fa870
0x000fa876	0168	ldr	r1,[r0,#0x0]	nrf_bootloader_app_is_valid@000fa870
0x000fa878	c903	lsls	r1,r1,#0xf	nrf_bootloader_app_is_valid@000fa870
0x000fa87a	01d5	bpl	0x000fa880	nrf_bootloader_app_is_valid@000fa870
0x000fa87c	8113	asrs	r1,r0,#0xe	nrf_bootloader_app_is_valid@000fa870
0x000fa87e	08e0	b	0x000fa892	nrf_bootloader_app_is_valid@000fa870
0x000fa880	1948	ldr	r0,[0x000fa8e8]	nrf_bootloader_app_is_valid@000fa870
0x000fa882	0168	ldr	r1,[r0,#0x0]	nrf_bootloader_app_is_valid@000fa870
0x000fa884	01f0f901	and	r1,r1,#0xf9	nrf_bootloader_app_is_valid@000fa870
0x000fa888	a929	cmp	r1,#0xa9	nrf_bootloader_app_is_valid@000fa870
0x000fa88a	04d1	bne	0x000fa896	nrf_bootloader_app_is_valid@000fa870
0x000fa88c	0168	ldr	r1,[r0,#0x0]	nrf_bootloader_app_is_valid@000fa870
0x000fa88e	01f05601	and	r1,r1,#0x56	nrf_bootloader_app_is_valid@000fa870
0x000fa892	0160	str	r1,[r0,#0x0]	nrf_bootloader_app_is_valid@000fa870
0x000fa894	0024	movs	r4,#0x0	nrf_bootloader_app_is_valid@000fa870
0x000fa896	154d	ldr	r5,[0x000fa8ec]	nrf_bootloader_app_is_valid@000fa870
0x000fa898	286a	ldr	r0,[r5,#0x20]	nrf_bootloader_app_is_valid@000fa870
0x000fa89a	0128	cmp	r0,#0x1	nrf_bootloader_app_is_valid@000fa870
0x000fa89c	20d1	bne	0x000fa8e0	nrf_bootloader_app_is_valid@000fa870
0x000fa89e	4ff44050	mov.w	r0,#0x3000	nrf_bootloader_app_is_valid@000fa870
0x000fa8a2	1349	ldr	r1,[0x000fa8f0]	nrf_bootloader_app_is_valid@000fa870
0x000fa8a4	4068	ldr	r0,[r0,#0x4]	nrf_bootloader_app_is_valid@000fa870
0x000fa8a6	8842	cmp	r0,r1	nrf_bootloader_app_is_valid@000fa870
0x000fa8a8	08d1	bne	0x000fa8bc	nrf_bootloader_app_is_valid@000fa870
0x000fa8aa	2346	mov	r3,r4	nrf_bootloader_app_is_valid@000fa870
0x000fa8ac	4ff48051	mov.w	r1,#0x1000	nrf_bootloader_app_is_valid@000fa870
0x000fa8b0	05f51870	add.w	r0,r5,#0x260	nrf_bootloader_app_is_valid@000fa870
0x000fa8b4	6a6b	ldr	r2,[r5,#0x34]	nrf_bootloader_app_is_valid@000fa870
0x000fa8b6	fff79bfd	bl	0x000fa3f0	nrf_bootloader_app_is_valid@000fa870
0x000fa8ba	88b1	cbz	r0,0x000fa8e0	nrf_bootloader_app_is_valid@000fa870
0x000fa8bc	00f008fe	bl	0x000fb4d0	nrf_bootloader_app_is_valid@000fa870
0x000fa8c0	0146	mov	r1,r0	nrf_bootloader_app_is_valid@000fa870
0x000fa8c2	2346	mov	r3,r4	nrf_bootloader_app_is_valid@000fa870
0x000fa8c4	0b48	ldr	r0,[0x000fa8f4]	nrf_bootloader_app_is_valid@000fa870
0x000fa8c6	aa69	ldr	r2,[r5,#0x18]	nrf_bootloader_app_is_valid@000fa870
0x000fa8c8	fff792fd	bl	0x000fa3f0	nrf_bootloader_app_is_valid@000fa870
0x000fa8cc	40b1	cbz	r0,0x000fa8e0	nrf_bootloader_app_is_valid@000fa870
0x000fa8ce	0648	ldr	r0,[0x000fa8e8]	nrf_bootloader_app_is_valid@000fa870
0x000fa8d0	001f	subs	r0,r0,#0x4	nrf_bootloader_app_is_valid@000fa870
0x000fa8d2	0068	ldr	r0,[r0,#0x0]	nrf_bootloader_app_is_valid@000fa870
0x000fa8d4	00f0f900	and	r0,r0,#0xf9	nrf_bootloader_app_is_valid@000fa870
0x000fa8d8	b128	cmp	r0,#0xb1	nrf_bootloader_app_is_valid@000fa870
0x000fa8da	01d0	beq	0x000fa8e0	nrf_bootloader_app_is_valid@000fa870
0x000fa8dc	0020	movs	r0,#0x0	nrf_bootloader_app_is_valid@000fa870
0x000fa8de	70bd	pop	{r4,r5,r6,pc}	nrf_bootloader_app_is_valid@000fa870
0x000fa8e0	0120	movs	r0,#0x1	nrf_bootloader_app_is_valid@000fa870
0x000fa8e2	70bd	pop	{r4,r5,r6,pc}	nrf_bootloader_app_is_valid@000fa870
0x000fa908	10b5	push	{r4,lr}	nrf_bootloader_dfu_observer@000fa908
0x000fa90a	0446	mov	r4,r0	nrf_bootloader_dfu_observer@000fa908
0x000fa90c	801e	subs	r0,r0,#0x2	nrf_bootloader_dfu_observer@000fa908
0x000fa90e	0628	cmp	r0,#0x6	nrf_bootloader_dfu_observer@000fa908
0x000fa910	10d2	bcs	0x000fa934	nrf_bootloader_dfu_observer@000fa908
0x000fa912	dfe800f0	tbb	[pc,r0]	nrf_bootloader_dfu_observer@000fa908
0x000fa91c	0a49	ldr	r1,[0x000fa948]	nrf_bootloader_dfu_observer@000fa908
0x000fa91e	4ff47010	mov.w	r0,#0x3c0000	nrf_bootloader_dfu_observer@000fa908
0x000fa922	00f05bfb	bl	0x000fafdc	nrf_bootloader_dfu_observer@000fa908
0x000fa926	05e0	b	0x000fa934	nrf_bootloader_dfu_observer@000fa908
0x000fa928	0120	movs	r0,#0x1	nrf_bootloader_dfu_observer@000fa908
0x000fa92a	fff7bbfd	bl	0x000fa4a4	nrf_bootloader_dfu_observer@000fa908
0x000fa92e	01e0	b	0x000fa934	nrf_bootloader_dfu_observer@000fa908
0x000fa930	01f052f8	bl	0x000fb9d8	nrf_bootloader_dfu_observer@000fa908
0x000fa934	0548	ldr	r0,[0x000fa94c]	nrf_bootloader_dfu_observer@000fa908
0x000fa936	4168	ldr	r1,[r0,#0x4]	nrf_bootloader_dfu_observer@000fa908
0x000fa938	0029	cmp	r1,#0x0	nrf_bootloader_dfu_observer@000fa908
0x000fa93a	03d0	beq	0x000fa944	nrf_bootloader_dfu_observer@000fa908
0x000fa93c	2046	mov	r0,r4	nrf_bootloader_dfu_observer@000fa908
0x000fa93e	bde81040	pop.w	{r4,lr}	nrf_bootloader_dfu_observer@000fa908
0x000fa942	0847	bx	r1	nrf_bootloader_dfu_observer@000fa908
0x000fa944	10bd	pop	{r4,pc}	nrf_bootloader_dfu_observer@000fa908
0x000fa950	10b5	push	{r4,lr}	nrf_dfu_observer@000fa950
0x000fa952	0446	mov	r4,r0	nrf_dfu_observer@000fa950
0x000fa954	0628	cmp	r0,#0x6	nrf_dfu_observer@000fa950
0x000fa956	01d0	beq	0x000fa95c	nrf_dfu_observer@000fa950
0x000fa958	072c	cmp	r4,#0x7	nrf_dfu_observer@000fa950
0x000fa95a	02d1	bne	0x000fa962	nrf_dfu_observer@000fa950
0x000fa95c	0020	movs	r0,#0x0	nrf_dfu_observer@000fa950
0x000fa95e	01f0d3f8	bl	0x000fbb08	nrf_dfu_observer@000fa950
0x000fa962	0448	ldr	r0,[0x000fa974]	nrf_dfu_observer@000fa950
0x000fa964	0168	ldr	r1,[r0,#0x0]	nrf_dfu_observer@000fa950
0x000fa966	0029	cmp	r1,#0x0	nrf_dfu_observer@000fa950
0x000fa968	03d0	beq	0x000fa972	nrf_dfu_observer@000fa950
0x000fa96a	2046	mov	r0,r4	nrf_dfu_observer@000fa950
0x000fa96c	bde81040	pop.w	{r4,lr}	nrf_dfu_observer@000fa950
0x000fa970	0847	bx	r1	nrf_dfu_observer@000fa950
0x000fa972	10bd	pop	{r4,pc}	nrf_dfu_observer@000fa950
0x000fa978	bff34f8f	dsb	#0xf	__NVIC_SystemReset@000fa978
0x000fa97c	0548	ldr	r0,[0x000fa994]	__NVIC_SystemReset@000fa978
0x000fa97e	0168	ldr	r1,[r0,#0x0]	__NVIC_SystemReset@000fa978
0x000fa980	054a	ldr	r2,[0x000fa998]	__NVIC_SystemReset@000fa978
0x000fa982	01f4e061	and	r1,r1,#0x700	__NVIC_SystemReset@000fa978
0x000fa986	1143	orrs	r1,r2	__NVIC_SystemReset@000fa978
0x000fa988	0160	str	r1,[r0,#0x0]	__NVIC_SystemReset@000fa978
0x000fa98a	bff34f8f	dsb	#0xf	__NVIC_SystemReset@000fa978
0x000fa98e	00bf	nop		__NVIC_SystemReset@000fa978
0x000fa990	fde7	b	0x000fa98e	__NVIC_SystemReset@000fa978
0x000fa99c	2de9fc41	push	{r2,r3,r4,r5,r6,r7,r8,lr}	nrf_fstorage_nvmc_erase@000fa99c
0x000fa9a0	8046	mov	r8,r0	nrf_fstorage_nvmc_erase@000fa99c
0x000fa9a2	1f46	mov	r7,r3	nrf_fstorage_nvmc_erase@000fa99c
0x000fa9a4	1546	mov	r5,r2	nrf_fstorage_nvmc_erase@000fa99c
0x000fa9a6	0e46	mov	r6,r1	nrf_fstorage_nvmc_erase@000fa99c
0x000fa9a8	0024	movs	r4,#0x0	nrf_fstorage_nvmc_erase@000fa99c
0x000fa9aa	0d48	ldr	r0,[0x000fa9e0]	nrf_fstorage_nvmc_erase@000fa99c
0x000fa9ac	00f06efa	bl	0x000fae8c	nrf_fstorage_nvmc_erase@000fa99c
0x000fa9b0	38b1	cbz	r0,0x000fa9c2	nrf_fstorage_nvmc_erase@000fa99c
0x000fa9b2	1120	movs	r0,#0x11	nrf_fstorage_nvmc_erase@000fa99c
0x000fa9b4	bde8fc81	pop.w	{r2,r3,r4,r5,r6,r7,r8,pc}	nrf_fstorage_nvmc_erase@000fa99c
0x000fa9b8	06eb0430	add.w	r0,r6,r4, lsl #0xc	nrf_fstorage_nvmc_erase@000fa99c
0x000fa9bc	01f058fb	bl	0x000fc070	nrf_fstorage_nvmc_erase@000fa99c
0x000fa9c0	641c	adds	r4,r4,#0x1	nrf_fstorage_nvmc_erase@000fa99c
0x000fa9c2	ac42	cmp	r4,r5	nrf_fstorage_nvmc_erase@000fa99c
0x000fa9c4	f8d1	bne	0x000fa9b8	nrf_fstorage_nvmc_erase@000fa99c
0x000fa9c6	0648	ldr	r0,[0x000fa9e0]	nrf_fstorage_nvmc_erase@000fa99c
0x000fa9c8	00f05dfa	bl	0x000fae86	nrf_fstorage_nvmc_erase@000fa99c
0x000fa9cc	cde90057	strd	r5,r7,[sp,#0x0]	nrf_fstorage_nvmc_erase@000fa99c
0x000fa9d0	3346	mov	r3,r6	nrf_fstorage_nvmc_erase@000fa99c
0x000fa9d2	0022	movs	r2,#0x0	nrf_fstorage_nvmc_erase@000fa99c
0x000fa9d4	0221	movs	r1,#0x2	nrf_fstorage_nvmc_erase@000fa99c
0x000fa9d6	4046	mov	r0,r8	nrf_fstorage_nvmc_erase@000fa99c
0x000fa9d8	00f02af8	bl	0x000faa30	nrf_fstorage_nvmc_erase@000fa99c
0x000fa9dc	0020	movs	r0,#0x0	nrf_fstorage_nvmc_erase@000fa99c
0x000fa9de	e9e7	b	0x000fa9b4	nrf_fstorage_nvmc_erase@000fa99c
0x000fa9e4	2de9f843	push	{r3,r4,r5,r6,r7,r8,r9,lr}	nrf_fstorage_sd_erase@000fa9e4
0x000fa9e8	104d	ldr	r5,[0x000faa2c]	nrf_fstorage_sd_erase@000fa9e4
0x000fa9ea	0f46	mov	r7,r1	nrf_fstorage_sd_erase@000fa9e4
0x000fa9ec	8046	mov	r8,r0	nrf_fstorage_sd_erase@000fa9e4
0x000fa9ee	1e46	mov	r6,r3	nrf_fstorage_sd_erase@000fa9e4
0x000fa9f0	9146	mov	r9,r2	nrf_fstorage_sd_erase@000fa9e4
0x000fa9f2	6946	mov	r1,sp	nrf_fstorage_sd_erase@000fa9e4
0x000fa9f4	2868	ldr	r0,[r5,#0x0]	nrf_fstorage_sd_erase@000fa9e4
0x000fa9f6	00f01afa	bl	0x000fae2e	nrf_fstorage_sd_erase@000fa9e4
0x000fa9fa	0400	movs	r4,r0	nrf_fstorage_sd_erase@000fa9e4
0x000fa9fc	14d0	beq	0x000faa28	nrf_fstorage_sd_erase@000fa9e4
0x000fa9fe	1c21	movs	r1,#0x1c	nrf_fstorage_sd_erase@000fa9e4
0x000faa00	fdf733fd	bl	0x000f846a	nrf_fstorage_sd_erase@000fa9e4
0x000faa04	0120	movs	r0,#0x1	nrf_fstorage_sd_erase@000fa9e4
0x000faa06	2071	strb	r0,[r4,#0x4]	nrf_fstorage_sd_erase@000fa9e4
0x000faa08	c4f81490	str.w	r9,[r4,#0x14]	nrf_fstorage_sd_erase@000fa9e4
0x000faa0c	380b	lsrs	r0,r7,#0xc	nrf_fstorage_sd_erase@000fa9e4
0x000faa0e	c4f80080	str.w	r8,[r4,#0x0]	nrf_fstorage_sd_erase@000fa9e4
0x000faa12	c4e90260	strd	r6,r0,[r4,#0x8]	nrf_fstorage_sd_erase@000fa9e4
0x000faa16	6946	mov	r1,sp	nrf_fstorage_sd_erase@000fa9e4
0x000faa18	2868	ldr	r0,[r5,#0x0]	nrf_fstorage_sd_erase@000fa9e4
0x000faa1a	00f029fa	bl	0x000fae70	nrf_fstorage_sd_erase@000fa9e4
0x000faa1e	02f0bffb	bl	0x000fd1a0	nrf_fstorage_sd_erase@000fa9e4
0x000faa22	0020	movs	r0,#0x0	nrf_fstorage_sd_erase@000fa9e4
0x000faa24	bde8f883	pop.w	{r3,r4,r5,r6,r7,r8,r9,pc}	nrf_fstorage_sd_erase@000fa9e4
0x000faa28	0420	movs	r0,#0x4	nrf_fstorage_sd_erase@000fa9e4
0x000faa2a	fbe7	b	0x000faa24	nrf_fstorage_sd_erase@000fa9e4
0x000faa30	2de9f043	push	{r4,r5,r6,r7,r8,r9,lr}	nrf_fstorage_nvmc_event_send@000faa30
0x000faa34	87b0	sub	sp,#0x1c	nrf_fstorage_nvmc_event_send@000faa30
0x000faa36	0446	mov	r4,r0	nrf_fstorage_nvmc_event_send@000faa30
0x000faa38	dde90e89	ldrd	r8,r9,[sp,#0x38]	nrf_fstorage_nvmc_event_send@000faa30
0x000faa3c	8068	ldr	r0,[r0,#0x8]	nrf_fstorage_nvmc_event_send@000faa30
0x000faa3e	1d46	mov	r5,r3	nrf_fstorage_nvmc_event_send@000faa30
0x000faa40	1646	mov	r6,r2	nrf_fstorage_nvmc_event_send@000faa30
0x000faa42	0f46	mov	r7,r1	nrf_fstorage_nvmc_event_send@000faa30
0x000faa44	0028	cmp	r0,#0x0	nrf_fstorage_nvmc_event_send@000faa30
0x000faa46	0bd0	beq	0x000faa60	nrf_fstorage_nvmc_event_send@000faa30
0x000faa48	1821	movs	r1,#0x18	nrf_fstorage_nvmc_event_send@000faa30
0x000faa4a	6846	mov	r0,sp	nrf_fstorage_nvmc_event_send@000faa30
0x000faa4c	fdf70dfd	bl	0x000f846a	nrf_fstorage_nvmc_event_send@000faa30
0x000faa50	02a8	add	r0,sp,#0x8	nrf_fstorage_nvmc_event_send@000faa30
0x000faa52	8df80070	strb.w	r7,[sp,#0x0]	nrf_fstorage_nvmc_event_send@000faa30
0x000faa56	80e86003	stm	r0,{r5,r6,r8,r9}	nrf_fstorage_nvmc_event_send@000faa30
0x000faa5a	a168	ldr	r1,[r4,#0x8]	nrf_fstorage_nvmc_event_send@000faa30
0x000faa5c	6846	mov	r0,sp	nrf_fstorage_nvmc_event_send@000faa30
0x000faa5e	8847	blx	r1	nrf_fstorage_nvmc_event_send@000faa30
0x000faa60	07b0	add	sp,#0x1c	nrf_fstorage_nvmc_event_send@000faa30
0x000faa62	bde8f083	pop.w	{r4,r5,r6,r7,r8,r9,pc}	nrf_fstorage_nvmc_event_send@000faa30
0x000faa66	30b5	push	{r4,r5,lr}	event_send@000faa66
0x000faa68	0446	mov	r4,r0	event_send@000faa66
0x000faa6a	0068	ldr	r0,[r0,#0x0]	event_send@000faa66
0x000faa6c	87b0	sub	sp,#0x1c	event_send@000faa66
0x000faa6e	0d46	mov	r5,r1	event_send@000faa66
0x000faa70	8068	ldr	r0,[r0,#0x8]	event_send@000faa66
0x000faa72	0028	cmp	r0,#0x0	event_send@000faa66
0x000faa74	1fd0	beq	0x000faab6	event_send@000faa66
0x000faa76	1821	movs	r1,#0x18	event_send@000faa66
0x000faa78	6846	mov	r0,sp	event_send@000faa66
0x000faa7a	fdf7f6fc	bl	0x000f846a	event_send@000faa66
0x000faa7e	0195	str	r5,[sp,#0x4]	event_send@000faa66
0x000faa80	a068	ldr	r0,[r4,#0x8]	event_send@000faa66
0x000faa82	0590	str	r0,[sp,#0x14]	event_send@000faa66
0x000faa84	2079	ldrb	r0,[r4,#0x4]	event_send@000faa66
0x000faa86	10b1	cbz	r0,0x000faa8e	event_send@000faa66
0x000faa88	0128	cmp	r0,#0x1	event_send@000faa66
0x000faa8a	10d1	bne	0x000faaae	event_send@000faa66
0x000faa8c	07e0	b	0x000faa9e	event_send@000faa66
0x000faa8e	0120	movs	r0,#0x1	event_send@000faa66
0x000faa90	8df80000	strb.w	r0,[sp,#0x0]	event_send@000faa66
0x000faa94	2069	ldr	r0,[r4,#0x10]	event_send@000faa66
0x000faa96	0290	str	r0,[sp,#0x8]	event_send@000faa66
0x000faa98	e068	ldr	r0,[r4,#0xc]	event_send@000faa66
0x000faa9a	0390	str	r0,[sp,#0xc]	event_send@000faa66
0x000faa9c	05e0	b	0x000faaaa	event_send@000faa66
0x000faa9e	0220	movs	r0,#0x2	event_send@000faa66
0x000faaa0	8df80000	strb.w	r0,[sp,#0x0]	event_send@000faa66
0x000faaa4	e068	ldr	r0,[r4,#0xc]	event_send@000faa66
0x000faaa6	0003	lsls	r0,r0,#0xc	event_send@000faa66
0x000faaa8	0290	str	r0,[sp,#0x8]	event_send@000faa66
0x000faaaa	6069	ldr	r0,[r4,#0x14]	event_send@000faa66
0x000faaac	0490	str	r0,[sp,#0x10]	event_send@000faa66
0x000faaae	2068	ldr	r0,[r4,#0x0]	event_send@000faa66
0x000faab0	8168	ldr	r1,[r0,#0x8]	event_send@000faa66
0x000faab2	6846	mov	r0,sp	event_send@000faa66
0x000faab4	8847	blx	r1	event_send@000faa66
0x000faab6	07b0	add	sp,#0x1c	event_send@000faa66
0x000faab8	30bd	pop	{r4,r5,pc}	event_send@000faa66
0x000faaba	0b28	cmp	r0,#0xb	ext_err_code_handle@000faaba
0x000faabc	03d3	bcc	0x000faac6	ext_err_code_handle@000faaba
0x000faabe	0b38	subs	r0,#0xb	ext_err_code_handle@000faaba
0x000faac0	c0b2	uxtb	r0,r0	ext_err_code_handle@000faaba
0x000faac2	00f009b8	b.w	0x000faad8	ext_err_code_handle@000faaba
0x000faac6	7047	bx	lr	ext_err_code_handle@000faaba
0x000faac8	0249	ldr	r1,[0x000faad4]	ext_error_get@000faac8
0x000faaca	0022	movs	r2,#0x0	ext_error_get@000faac8
0x000faacc	0878	ldrb	r0,[r1,#0x0]	ext_error_get@000faac8
0x000faace	0a70	strb	r2,[r1,#0x0]	ext_error_get@000faac8
0x000faad0	7047	bx	lr	ext_error_get@000faac8
0x000faad8	0149	ldr	r1,[0x000faae0]	ext_error_set@000faad8
0x000faada	0870	strb	r0,[r1,#0x0]	ext_error_set@000faad8
0x000faadc	0b20	movs	r0,#0xb	ext_error_set@000faad8
0x000faade	7047	bx	lr	ext_error_set@000faad8
0x000faae4	0149	ldr	r1,[0x000faaec]	
0x000faae6	0120	movs	r0,#0x1	
0x000faae8	0870	strb	r0,[r1,#0x0]	
0x000faaea	7047	bx	lr	
0x000faaf0	0149	ldr	r1,[0x000faaf8]	
0x000faaf2	0120	movs	r0,#0x1	
0x000faaf4	0870	strb	r0,[r1,#0x0]	
0x000faaf6	7047	bx	lr	
0x000faafc	0123	movs	r3,#0x1	fw_hash_ok@000faafc
0x000faafe	7230	adds	r0,#0x72	fw_hash_ok@000faafc
0x000fab00	01f060b8	b.w	0x000fbbc4	fw_hash_ok@000faafc
0x000fab04	2de9fe43	push	{r1,r2,r3,r4,r5,r6,r7,r8,r9,lr}	gap_params_init@000fab04
0x000fab08	344c	ldr	r4,[0x000fabdc]	gap_params_init@000fab04
0x000fab0a	9df80800	ldrb.w	r0,[sp,#0x8]	gap_params_init@000fab04
0x000fab0e	04f10408	add.w	r8,r4,#0x4	gap_params_init@000fab04
0x000fab12	20f00f00	bic	r0,r0,#0xf	gap_params_init@000fab04
0x000fab16	401c	adds	r0,r0,#0x1	gap_params_init@000fab04
0x000fab18	20f0f000	bic	r0,r0,#0xf0	gap_params_init@000fab04
0x000fab1c	1030	adds	r0,#0x10	gap_params_init@000fab04
0x000fab1e	8df80800	strb.w	r0,[sp,#0x8]	gap_params_init@000fab04
0x000fab22	6846	mov	r0,sp	gap_params_init@000fab04
0x000fab24	6ddf	svc	0x6d	gap_params_init@000fab04
0x000fab26	0028	cmp	r0,#0x0	gap_params_init@000fab04
0x000fab28	55d1	bne	0x000fabd6	gap_params_init@000fab04
0x000fab2a	9df80100	ldrb.w	r0,[sp,#0x1]	gap_params_init@000fab04
0x000fab2e	401c	adds	r0,r0,#0x1	gap_params_init@000fab04
0x000fab30	8df80100	strb.w	r0,[sp,#0x1]	gap_params_init@000fab04
0x000fab34	6846	mov	r0,sp	gap_params_init@000fab04
0x000fab36	6cdf	svc	0x6c	gap_params_init@000fab04
0x000fab38	0028	cmp	r0,#0x0	gap_params_init@000fab04
0x000fab3a	4cd1	bne	0x000fabd6	gap_params_init@000fab04
0x000fab3c	2848	ldr	r0,[0x000fabe0]	gap_params_init@000fab04
0x000fab3e	0027	movs	r7,#0x0	gap_params_init@000fab04
0x000fab40	007a	ldrb	r0,[r0,#0x8]	gap_params_init@000fab04
0x000fab42	8007	lsls	r0,r0,#0x1e	gap_params_init@000fab04
0x000fab44	01d5	bpl	0x000fab4a	gap_params_init@000fab04
0x000fab46	a569	ldr	r5,[r4,#0x18]	gap_params_init@000fab04
0x000fab48	3ce0	b	0x000fabc4	gap_params_init@000fab04
0x000fab4a	2548	ldr	r0,[0x000fabe0]	gap_params_init@000fab04
0x000fab4c	1030	adds	r0,#0x10	gap_params_init@000fab04
0x000fab4e	6ddf	svc	0x6d	gap_params_init@000fab04
0x000fab50	08b1	cbz	r0,0x000fab56	gap_params_init@000fab04
0x000fab52	fff737f9	bl	0x000f9dc4	gap_params_init@000fab04
0x000fab56	1421	movs	r1,#0x14	gap_params_init@000fab04
0x000fab58	4046	mov	r0,r8	gap_params_init@000fab04
0x000fab5a	fdf786fc	bl	0x000f846a	gap_params_init@000fab04
0x000fab5e	21a6	adr	r6,[0xfabe4]	gap_params_init@000fab04
0x000fab60	3046	mov	r0,r6	gap_params_init@000fab04
0x000fab62	fdf78dfc	bl	0x000f8480	gap_params_init@000fab04
0x000fab66	0546	mov	r5,r0	gap_params_init@000fab04
0x000fab68	0246	mov	r2,r0	gap_params_init@000fab04
0x000fab6a	3146	mov	r1,r6	gap_params_init@000fab04
0x000fab6c	201d	adds	r0,r4,#0x4	gap_params_init@000fab04
0x000fab6e	fdf754fc	bl	0x000f841a	gap_params_init@000fab04
0x000fab72	0822	movs	r2,#0x8	gap_params_init@000fab04
0x000fab74	1ba1	adr	r1,[0xfabe4]	gap_params_init@000fab04
0x000fab76	201d	adds	r0,r4,#0x4	gap_params_init@000fab04
0x000fab78	fdf796fc	bl	0x000f84a8	gap_params_init@000fab04
0x000fab7c	10bb	cbnz	r0,0x000fabc4	gap_params_init@000fab04
0x000fab7e	6019	adds	r0,r4,r5	gap_params_init@000fab04
0x000fab80	174a	ldr	r2,[0x000fabe0]	gap_params_init@000fab04
0x000fab82	5f21	movs	r1,#0x5f	gap_params_init@000fab04
0x000fab84	0171	strb	r1,[r0,#0x4]	gap_params_init@000fab04
0x000fab86	1032	adds	r2,#0x10	gap_params_init@000fab04
0x000fab88	1949	ldr	r1,[0x000fabf0]	gap_params_init@000fab04
0x000fab8a	d378	ldrb	r3,[r2,#0x3]	gap_params_init@000fab04
0x000fab8c	ed1d	adds	r5,r5,#0x7	gap_params_init@000fab04
0x000fab8e	01eb1314	add.w	r4,r1,r3, lsr #0x4	gap_params_init@000fab04
0x000fab92	03f00f03	and	r3,r3,#0xf	gap_params_init@000fab04
0x000fab96	2478	ldrb	r4,[r4,#0x0]	gap_params_init@000fab04
0x000fab98	4471	strb	r4,[r0,#0x5]	gap_params_init@000fab04
0x000fab9a	cb5c	ldrb	r3,[r1,r3]	gap_params_init@000fab04
0x000fab9c	8371	strb	r3,[r0,#0x6]	gap_params_init@000fab04
0x000fab9e	9378	ldrb	r3,[r2,#0x2]	gap_params_init@000fab04
0x000faba0	01eb1314	add.w	r4,r1,r3, lsr #0x4	gap_params_init@000fab04
0x000faba4	03f00f03	and	r3,r3,#0xf	gap_params_init@000fab04
0x000faba8	2478	ldrb	r4,[r4,#0x0]	gap_params_init@000fab04
0x000fabaa	c471	strb	r4,[r0,#0x7]	gap_params_init@000fab04
0x000fabac	cb5c	ldrb	r3,[r1,r3]	gap_params_init@000fab04
0x000fabae	0372	strb	r3,[r0,#0x8]	gap_params_init@000fab04
0x000fabb0	5278	ldrb	r2,[r2,#0x1]	gap_params_init@000fab04
0x000fabb2	01eb1213	add.w	r3,r1,r2, lsr #0x4	gap_params_init@000fab04
0x000fabb6	02f00f02	and	r2,r2,#0xf	gap_params_init@000fab04
0x000fabba	1b78	ldrb	r3,[r3,#0x0]	gap_params_init@000fab04
0x000fabbc	4372	strb	r3,[r0,#0x9]	gap_params_init@000fab04
0x000fabbe	895c	ldrb	r1,[r1,r2]	gap_params_init@000fab04
0x000fabc0	8172	strb	r1,[r0,#0xa]	gap_params_init@000fab04
0x000fabc2	c772	strb	r7,[r0,#0xb]	gap_params_init@000fab04
0x000fabc4	aab2	uxth	r2,r5	gap_params_init@000fab04
0x000fabc6	4146	mov	r1,r8	gap_params_init@000fab04
0x000fabc8	02a8	add	r0,sp,#0x8	gap_params_init@000fab04
0x000fabca	7cdf	svc	0x7c	gap_params_init@000fab04
0x000fabcc	0028	cmp	r0,#0x0	gap_params_init@000fab04
0x000fabce	02d1	bne	0x000fabd6	gap_params_init@000fab04
0x000fabd0	0748	ldr	r0,[0x000fabf0]	gap_params_init@000fab04
0x000fabd2	9238	subs	r0,#0x92	gap_params_init@000fab04
0x000fabd4	7adf	svc	0x7a	gap_params_init@000fab04
0x000fabd6	bde8fe83	pop.w	{r1,r2,r3,r4,r5,r6,r7,r8,r9,pc}	gap_params_init@000fab04
0x000fabf4	10b5	push	{r4,lr}	hash_result_get@000fabf4
0x000fabf6	0f4c	ldr	r4,[0x000fac34]	hash_result_get@000fabf4
0x000fabf8	48f20351	movw	r1,#0x8503	hash_result_get@000fabf4
0x000fabfc	031b	subs	r3,r0,r4	hash_result_get@000fabf4
0x000fabfe	48f21652	movw	r2,#0x8516	hash_result_get@000fabf4
0x000fac02	a042	cmp	r0,r4	hash_result_get@000fabf4
0x000fac04	11d0	beq	0x000fac2a	hash_result_get@000fabf4
0x000fac06	07dc	bgt	0x000fac18	hash_result_get@000fabf4
0x000fac08	0028	cmp	r0,#0x0	hash_result_get@000fabf4
0x000fac0a	0ad0	beq	0x000fac22	hash_result_get@000fabf4
0x000fac0c	0a4b	ldr	r3,[0x000fac38]	hash_result_get@000fabf4
0x000fac0e	c018	adds	r0,r0,r3	hash_result_get@000fabf4
0x000fac10	08d0	beq	0x000fac24	hash_result_get@000fabf4
0x000fac12	0128	cmp	r0,#0x1	hash_result_get@000fabf4
0x000fac14	04d1	bne	0x000fac20	hash_result_get@000fabf4
0x000fac16	0be0	b	0x000fac30	hash_result_get@000fabf4
0x000fac18	0a2b	cmp	r3,#0xa	hash_result_get@000fabf4
0x000fac1a	01d0	beq	0x000fac20	hash_result_get@000fabf4
0x000fac1c	0d2b	cmp	r3,#0xd	hash_result_get@000fabf4
0x000fac1e	07d0	beq	0x000fac30	hash_result_get@000fabf4
0x000fac20	1046	mov	r0,r2	hash_result_get@000fabf4
0x000fac22	10bd	pop	{r4,pc}	hash_result_get@000fabf4
0x000fac24	48f20150	movw	r0,#0x8501	hash_result_get@000fabf4
0x000fac28	10bd	pop	{r4,pc}	hash_result_get@000fabf4
0x000fac2a	48f20250	movw	r0,#0x8502	hash_result_get@000fabf4
0x000fac2e	10bd	pop	{r4,pc}	hash_result_get@000fabf4
0x000fac30	0846	mov	r0,r1	hash_result_get@000fabf4
0x000fac32	10bd	pop	{r4,pc}	hash_result_get@000fabf4
0x000fac3c	2de9f047	push	{r4,r5,r6,r7,r8,r9,r10,lr}	image_copy@000fac3c
0x000fac40	8146	mov	r9,r0	image_copy@000fac3c
0x000fac42	1d46	mov	r5,r3	image_copy@000fac3c
0x000fac44	1646	mov	r6,r2	image_copy@000fac3c
0x000fac46	8846	mov	r8,r1	image_copy@000fac3c
0x000fac48	4945	cmp	r1,r9	image_copy@000fac3c
0x000fac4a	02d1	bne	0x000fac52	image_copy@000fac3c
0x000fac4c	0020	movs	r0,#0x0	image_copy@000fac3c
0x000fac4e	bde8f087	pop.w	{r4,r5,r6,r7,r8,r9,r10,pc}	image_copy@000fac3c
0x000fac52	a8eb0900	sub.w	r0,r8,r9	image_copy@000fac3c
0x000fac56	040b	lsrs	r4,r0,#0xc	image_copy@000fac3c
0x000fac58	06f6ff70	addw	r0,r6,#0xfff	image_copy@000fac3c
0x000fac5c	4ff0000a	mov.w	r10,#0x0	image_copy@000fac3c
0x000fac60	070b	lsrs	r7,r0,#0xc	image_copy@000fac3c
0x000fac62	00f0adfa	bl	0x000fb1c0	image_copy@000fac3c
0x000fac66	a542	cmp	r5,r4	image_copy@000fac3c
0x000fac68	2ad2	bcs	0x000facc0	image_copy@000fac3c
0x000fac6a	2c46	mov	r4,r5	image_copy@000fac3c
0x000fac6c	28e0	b	0x000facc0	image_copy@000fac3c
0x000fac6e	a742	cmp	r7,r4	image_copy@000fac3c
0x000fac70	02d8	bhi	0x000fac78	image_copy@000fac3c
0x000fac72	ba46	mov	r10,r7	image_copy@000fac3c
0x000fac74	3546	mov	r5,r6	image_copy@000fac3c
0x000fac76	01e0	b	0x000fac7c	image_copy@000fac3c
0x000fac78	a246	mov	r10,r4	image_copy@000fac3c
0x000fac7a	2503	lsls	r5,r4,#0xc	image_copy@000fac3c
0x000fac7c	0022	movs	r2,#0x0	image_copy@000fac3c
0x000fac7e	5146	mov	r1,r10	image_copy@000fac3c
0x000fac80	4846	mov	r0,r9	image_copy@000fac3c
0x000fac82	00f023fd	bl	0x000fb6cc	image_copy@000fac3c
0x000fac86	0028	cmp	r0,#0x0	image_copy@000fac3c
0x000fac88	e1d1	bne	0x000fac4e	image_copy@000fac3c
0x000fac8a	681e	subs	r0,r5,#0x1	image_copy@000fac3c
0x000fac8c	00f00300	and	r0,r0,#0x3	image_copy@000fac3c
0x000fac90	2a1a	subs	r2,r5,r0	image_copy@000fac3c
0x000fac92	0023	movs	r3,#0x0	image_copy@000fac3c
0x000fac94	4146	mov	r1,r8	image_copy@000fac3c
0x000fac96	4846	mov	r0,r9	image_copy@000fac3c
0x000fac98	d21c	adds	r2,r2,#0x3	image_copy@000fac3c
0x000fac9a	00f02dfd	bl	0x000fb6f8	image_copy@000fac3c
0x000fac9e	0028	cmp	r0,#0x0	image_copy@000fac3c
0x000faca0	d5d1	bne	0x000fac4e	image_copy@000fac3c
0x000faca2	0948	ldr	r0,[0x000facc8]	image_copy@000fac3c
0x000faca4	a7eb0a07	sub.w	r7,r7,r10	image_copy@000fac3c
0x000faca8	761b	subs	r6,r6,r5	image_copy@000fac3c
0x000facaa	016b	ldr	r1,[r0,#0x30]	image_copy@000fac3c
0x000facac	a944	add	r9,r5	image_copy@000fac3c
0x000facae	2944	add	r1,r5	image_copy@000fac3c
0x000facb0	0163	str	r1,[r0,#0x30]	image_copy@000fac3c
0x000facb2	a844	add	r8,r5	image_copy@000fac3c
0x000facb4	0020	movs	r0,#0x0	image_copy@000fac3c
0x000facb6	00f013ff	bl	0x000fbae0	image_copy@000fac3c
0x000facba	5fea000a	movs.w	r10,r0	image_copy@000fac3c
0x000facbe	c6d1	bne	0x000fac4e	image_copy@000fac3c
0x000facc0	002e	cmp	r6,#0x0	image_copy@000fac3c
0x000facc2	d4d1	bne	0x000fac6e	image_copy@000fac3c
0x000facc4	5046	mov	r0,r10	image_copy@000fac3c
0x000facc6	c2e7	b	0x000fac4e	image_copy@000fac3c
0x000faccc	0120	movs	r0,#0x1	
0x000facce	fff7e9bb	b.w	0x000fa4a4	
0x000facd4	0149	ldr	r1,[0x000facdc]	nrf_fstorage_nvmc_init@000facd4
0x000facd6	4160	str	r1,[r0,#0x4]	nrf_fstorage_nvmc_init@000facd4
0x000facd8	0020	movs	r0,#0x0	nrf_fstorage_nvmc_init@000facd4
0x000facda	7047	bx	lr	nrf_fstorage_nvmc_init@000facd4
0x000face0	10b5	push	{r4,lr}	nrf_fstorage_sd_init@000face0
0x000face2	0b49	ldr	r1,[0x000fad10]	nrf_fstorage_sd_init@000face0
0x000face4	4160	str	r1,[r0,#0x4]	nrf_fstorage_sd_init@000face0
0x000face6	0b48	ldr	r0,[0x000fad14]	nrf_fstorage_sd_init@000face0
0x000face8	00f0d0f8	bl	0x000fae8c	nrf_fstorage_sd_init@000face0
0x000facec	68b9	cbnz	r0,0x000fad0a	nrf_fstorage_sd_init@000face0
0x000facee	01f01ffb	bl	0x000fc330	nrf_fstorage_sd_init@000face0
0x000facf2	0849	ldr	r1,[0x000fad14]	nrf_fstorage_sd_init@000face0
0x000facf4	1c23	movs	r3,#0x1c	nrf_fstorage_sd_init@000face0
0x000facf6	4ff4ee72	mov.w	r2,#0x1dc	nrf_fstorage_sd_init@000face0
0x000facfa	0874	strb	r0,[r1,#0x10]	nrf_fstorage_sd_init@000face0
0x000facfc	0448	ldr	r0,[0x000fad10]	nrf_fstorage_sd_init@000face0
0x000facfe	a1f5ee71	sub.w	r1,r1,#0x1dc	nrf_fstorage_sd_init@000face0
0x000fad02	001f	subs	r0,r0,#0x4	nrf_fstorage_sd_init@000face0
0x000fad04	0068	ldr	r0,[r0,#0x0]	nrf_fstorage_sd_init@000face0
0x000fad06	00f07ff8	bl	0x000fae08	nrf_fstorage_sd_init@000face0
0x000fad0a	0020	movs	r0,#0x0	nrf_fstorage_sd_init@000face0
0x000fad0c	10bd	pop	{r4,pc}	nrf_fstorage_sd_init@000face0
0x000fad18	0248	ldr	r0,[0x000fad24]	nrf_fstorage_nvmc_is_busy@000fad18
0x000fad1a	0068	ldr	r0,[r0,#0x0]	nrf_fstorage_nvmc_is_busy@000fad18
0x000fad1c	0028	cmp	r0,#0x0	nrf_fstorage_nvmc_is_busy@000fad18
0x000fad1e	00d0	beq	0x000fad22	nrf_fstorage_nvmc_is_busy@000fad18
0x000fad20	0120	movs	r0,#0x1	nrf_fstorage_nvmc_is_busy@000fad18
0x000fad22	7047	bx	lr	nrf_fstorage_nvmc_is_busy@000fad18
0x000fad28	0248	ldr	r0,[0x000fad34]	nrf_fstorage_sd_is_busy@000fad28
0x000fad2a	007a	ldrb	r0,[r0,#0x8]	nrf_fstorage_sd_is_busy@000fad28
0x000fad2c	0028	cmp	r0,#0x0	nrf_fstorage_sd_is_busy@000fad28
0x000fad2e	00d0	beq	0x000fad32	nrf_fstorage_sd_is_busy@000fad28
0x000fad30	0120	movs	r0,#0x1	nrf_fstorage_sd_is_busy@000fad28
0x000fad32	7047	bx	lr	nrf_fstorage_sd_is_busy@000fad28
0x000fad38	10b5	push	{r4,lr}	is_major_softdevice_update@000fad38
0x000fad3a	4ff44051	mov.w	r1,#0x3000	is_major_softdevice_update@000fad38
0x000fad3e	144b	ldr	r3,[0x000fad90]	is_major_softdevice_update@000fad38
0x000fad40	4c68	ldr	r4,[r1,#0x4]	is_major_softdevice_update@000fad38
0x000fad42	00f50050	add.w	r0,r0,#0x2000	is_major_softdevice_update@000fad38
0x000fad46	9c42	cmp	r4,r3	is_major_softdevice_update@000fad38
0x000fad48	04d0	beq	0x000fad54	is_major_softdevice_update@000fad38
0x000fad4a	4268	ldr	r2,[r0,#0x4]	is_major_softdevice_update@000fad38
0x000fad4c	9a42	cmp	r2,r3	is_major_softdevice_update@000fad38
0x000fad4e	01d1	bne	0x000fad54	is_major_softdevice_update@000fad38
0x000fad50	0122	movs	r2,#0x1	is_major_softdevice_update@000fad38
0x000fad52	00e0	b	0x000fad56	is_major_softdevice_update@000fad38
0x000fad54	0022	movs	r2,#0x0	is_major_softdevice_update@000fad38
0x000fad56	9c42	cmp	r4,r3	is_major_softdevice_update@000fad38
0x000fad58	18d1	bne	0x000fad8c	is_major_softdevice_update@000fad38
0x000fad5a	4468	ldr	r4,[r0,#0x4]	is_major_softdevice_update@000fad38
0x000fad5c	9c42	cmp	r4,r3	is_major_softdevice_update@000fad38
0x000fad5e	15d1	bne	0x000fad8c	is_major_softdevice_update@000fad38
0x000fad60	0a78	ldrb	r2,[r1,#0x0]	is_major_softdevice_update@000fad38
0x000fad62	142a	cmp	r2,#0x14	is_major_softdevice_update@000fad38
0x000fad64	01d9	bls	0x000fad6a	is_major_softdevice_update@000fad38
0x000fad66	4969	ldr	r1,[r1,#0x14]	is_major_softdevice_update@000fad38
0x000fad68	00e0	b	0x000fad6c	is_major_softdevice_update@000fad38
0x000fad6a	0021	movs	r1,#0x0	is_major_softdevice_update@000fad38
0x000fad6c	094a	ldr	r2,[0x000fad94]	is_major_softdevice_update@000fad38
0x000fad6e	0378	ldrb	r3,[r0,#0x0]	is_major_softdevice_update@000fad38
0x000fad70	b1fbf2f1	udiv	r1,r1,r2	is_major_softdevice_update@000fad38
0x000fad74	142b	cmp	r3,#0x14	is_major_softdevice_update@000fad38
0x000fad76	01d9	bls	0x000fad7c	is_major_softdevice_update@000fad38
0x000fad78	4069	ldr	r0,[r0,#0x14]	is_major_softdevice_update@000fad38
0x000fad7a	00e0	b	0x000fad7e	is_major_softdevice_update@000fad38
0x000fad7c	0020	movs	r0,#0x0	is_major_softdevice_update@000fad38
0x000fad7e	b0fbf2f0	udiv	r0,r0,r2	is_major_softdevice_update@000fad38
0x000fad82	8142	cmp	r1,r0	is_major_softdevice_update@000fad38
0x000fad84	01d0	beq	0x000fad8a	is_major_softdevice_update@000fad38
0x000fad86	0122	movs	r2,#0x1	is_major_softdevice_update@000fad38
0x000fad88	00e0	b	0x000fad8c	is_major_softdevice_update@000fad38
0x000fad8a	0022	movs	r2,#0x0	is_major_softdevice_update@000fad38
0x000fad8c	1046	mov	r0,r2	is_major_softdevice_update@000fad38
0x000fad8e	10bd	pop	{r4,pc}	is_major_softdevice_update@000fad38
0x000fad98	70b5	push	{r4,r5,r6,lr}	iter_from_extension@000fad98
0x000fad9a	0546	mov	r5,r0	iter_from_extension@000fad98
0x000fad9c	0868	ldr	r0,[r1,#0x0]	iter_from_extension@000fad98
0x000fad9e	0c46	mov	r4,r1	iter_from_extension@000fad98
0x000fada0	4a68	ldr	r2,[r1,#0x4]	iter_from_extension@000fad98
0x000fada2	8668	ldr	r6,[r0,#0x8]	iter_from_extension@000fad98
0x000fada4	2846	mov	r0,r5	iter_from_extension@000fad98
0x000fada6	3146	mov	r1,r6	iter_from_extension@000fad98
0x000fada8	01f05eff	bl	0x000fcc68	iter_from_extension@000fad98
0x000fadac	6068	ldr	r0,[r4,#0x4]	iter_from_extension@000fad98
0x000fadae	2861	str	r0,[r5,#0x10]	iter_from_extension@000fad98
0x000fadb0	04f10c00	add.w	r0,r4,#0xc	iter_from_extension@000fad98
0x000fadb4	6861	str	r0,[r5,#0x14]	iter_from_extension@000fad98
0x000fadb6	b078	ldrb	r0,[r6,#0x2]	iter_from_extension@000fad98
0x000fadb8	0221	movs	r1,#0x2	iter_from_extension@000fad98
0x000fadba	b1eb901f	cmp.w	r1,r0, lsr #0x6	iter_from_extension@000fad98
0x000fadbe	01d1	bne	0x000fadc4	iter_from_extension@000fad98
0x000fadc0	241d	adds	r4,r4,#0x4	iter_from_extension@000fad98
0x000fadc2	2c61	str	r4,[r5,#0x10]	iter_from_extension@000fad98
0x000fadc4	70bd	pop	{r4,r5,r6,pc}	iter_from_extension@000fad98
0x000fadc8	00f0cef9	bl	0x000fb168	main@000fadc8
0x000fadcc	4ff48051	mov.w	r1,#0x1000	main@000fadc8
0x000fadd0	0020	movs	r0,#0x0	main@000fadc8
0x000fadd2	00f017f9	bl	0x000fb004	main@000fadc8
0x000fadd6	40b9	cbnz	r0,0x000fadea	main@000fadc8
0x000fadd8	0548	ldr	r0,[0x000fadf0]	main@000fadc8
0x000fadda	c0f57e21	rsb.w	r1,r0,#0xfe000	main@000fadc8
0x000fadde	00f011f9	bl	0x000fb004	main@000fadc8
0x000fade2	10b9	cbnz	r0,0x000fadea	main@000fadc8
0x000fade4	0348	ldr	r0,[0x000fadf4]	main@000fadc8
0x000fade6	00f067f9	bl	0x000fb0b8	main@000fadc8
0x000fadea	01f033fc	bl	0x000fc654	main@000fadc8
0x000fadee	0000	movs	r0,r0	main@000fadc8
0x000fadf0	0080	strh	r0,[r0,#0x0]	main@000fadc8
0x000fadf2	0f00	movs	r7,r1	main@000fadc8
0x000fadf4	05a9	add	r1,sp,#0x14	main@000fadc8
0x000fadf6	0f00	movs	r7,r1	main@000fadc8
0x000fadf8	10b5	push	{r4,lr}	nrf_atfifo_clear@000fadf8
0x000fadfa	fdf758fa	bl	0x000f82ae	nrf_atfifo_clear@000fadf8
0x000fadfe	08b1	cbz	r0,0x000fae04	nrf_atfifo_clear@000fadf8
0x000fae00	0020	movs	r0,#0x0	nrf_atfifo_clear@000fadf8
0x000fae02	10bd	pop	{r4,pc}	nrf_atfifo_clear@000fadf8
0x000fae04	1120	movs	r0,#0x11	nrf_atfifo_clear@000fadf8
0x000fae06	10bd	pop	{r4,pc}	nrf_atfifo_clear@000fadf8
0x000fae08	10b5	push	{r4,lr}	nrf_atfifo_init@000fae08
0x000fae0a	31b1	cbz	r1,0x000fae1a	nrf_atfifo_init@000fae08
0x000fae0c	b2fbf3f4	udiv	r4,r2,r3	nrf_atfifo_init@000fae08
0x000fae10	03fb1424	mls	r4,r3,r4,r2	nrf_atfifo_init@000fae08
0x000fae14	1cb1	cbz	r4,0x000fae1e	nrf_atfifo_init@000fae08
0x000fae16	0920	movs	r0,#0x9	nrf_atfifo_init@000fae08
0x000fae18	10bd	pop	{r4,pc}	nrf_atfifo_init@000fae08
0x000fae1a	0e20	movs	r0,#0xe	nrf_atfifo_init@000fae08
0x000fae1c	10bd	pop	{r4,pc}	nrf_atfifo_init@000fae08
0x000fae1e	0160	str	r1,[r0,#0x0]	nrf_atfifo_init@000fae08
0x000fae20	0021	movs	r1,#0x0	nrf_atfifo_init@000fae08
0x000fae22	4160	str	r1,[r0,#0x4]	nrf_atfifo_init@000fae08
0x000fae24	8160	str	r1,[r0,#0x8]	nrf_atfifo_init@000fae08
0x000fae26	8281	strh	r2,[r0,#0xc]	nrf_atfifo_init@000fae08
0x000fae28	c381	strh	r3,[r0,#0xe]	nrf_atfifo_init@000fae08
0x000fae2a	0846	mov	r0,r1	nrf_atfifo_init@000fae08
0x000fae2c	10bd	pop	{r4,pc}	nrf_atfifo_init@000fae08
0x000fae2e	70b5	push	{r4,r5,r6,lr}	nrf_atfifo_item_alloc@000fae2e
0x000fae30	0c46	mov	r4,r1	nrf_atfifo_item_alloc@000fae2e
0x000fae32	0546	mov	r5,r0	nrf_atfifo_item_alloc@000fae2e
0x000fae34	fdf7f0f9	bl	0x000f8218	nrf_atfifo_item_alloc@000fae2e
0x000fae38	0028	cmp	r0,#0x0	nrf_atfifo_item_alloc@000fae2e
0x000fae3a	02d0	beq	0x000fae42	nrf_atfifo_item_alloc@000fae2e
0x000fae3c	2188	ldrh	r1,[r4,#0x0]	nrf_atfifo_item_alloc@000fae2e
0x000fae3e	2868	ldr	r0,[r5,#0x0]	nrf_atfifo_item_alloc@000fae2e
0x000fae40	0844	add	r0,r1	nrf_atfifo_item_alloc@000fae2e
0x000fae42	70bd	pop	{r4,r5,r6,pc}	nrf_atfifo_item_alloc@000fae2e
0x000fae44	10b5	push	{r4,lr}	nrf_atfifo_item_free@000fae44
0x000fae46	0a88	ldrh	r2,[r1,#0x0]	nrf_atfifo_item_free@000fae44
0x000fae48	4988	ldrh	r1,[r1,#0x2]	nrf_atfifo_item_free@000fae44
0x000fae4a	8a42	cmp	r2,r1	nrf_atfifo_item_free@000fae44
0x000fae4c	03d1	bne	0x000fae56	nrf_atfifo_item_free@000fae44
0x000fae4e	fdf725fa	bl	0x000f829c	nrf_atfifo_item_free@000fae44
0x000fae52	0120	movs	r0,#0x1	nrf_atfifo_item_free@000fae44
0x000fae54	10bd	pop	{r4,pc}	nrf_atfifo_item_free@000fae44
0x000fae56	0020	movs	r0,#0x0	nrf_atfifo_item_free@000fae44
0x000fae58	10bd	pop	{r4,pc}	nrf_atfifo_item_free@000fae44
0x000fae5a	70b5	push	{r4,r5,r6,lr}	nrf_atfifo_item_get@000fae5a
0x000fae5c	0c46	mov	r4,r1	nrf_atfifo_item_get@000fae5a
0x000fae5e	0546	mov	r5,r0	nrf_atfifo_item_get@000fae5a
0x000fae60	fdf7fff9	bl	0x000f8262	nrf_atfifo_item_get@000fae5a
0x000fae64	0028	cmp	r0,#0x0	nrf_atfifo_item_get@000fae5a
0x000fae66	02d0	beq	0x000fae6e	nrf_atfifo_item_get@000fae5a
0x000fae68	6188	ldrh	r1,[r4,#0x2]	nrf_atfifo_item_get@000fae5a
0x000fae6a	2868	ldr	r0,[r5,#0x0]	nrf_atfifo_item_get@000fae5a
0x000fae6c	0844	add	r0,r1	nrf_atfifo_item_get@000fae5a
0x000fae6e	70bd	pop	{r4,r5,r6,pc}	nrf_atfifo_item_get@000fae5a
0x000fae70	10b5	push	{r4,lr}	nrf_atfifo_item_put@000fae70
0x000fae72	0a88	ldrh	r2,[r1,#0x0]	nrf_atfifo_item_put@000fae70
0x000fae74	4988	ldrh	r1,[r1,#0x2]	nrf_atfifo_item_put@000fae70
0x000fae76	8a42	cmp	r2,r1	nrf_atfifo_item_put@000fae70
0x000fae78	03d1	bne	0x000fae82	nrf_atfifo_item_put@000fae70
0x000fae7a	fdf7e9f9	bl	0x000f8250	nrf_atfifo_item_put@000fae70
0x000fae7e	0120	movs	r0,#0x1	nrf_atfifo_item_put@000fae70
0x000fae80	10bd	pop	{r4,pc}	nrf_atfifo_item_put@000fae70
0x000fae82	0020	movs	r0,#0x0	nrf_atfifo_item_put@000fae70
0x000fae84	10bd	pop	{r4,pc}	nrf_atfifo_item_put@000fae70
0x000fae86	0021	movs	r1,#0x0	nrf_atomic_flag_clear@000fae86
0x000fae88	00f003b8	b.w	0x000fae92	nrf_atomic_flag_clear@000fae86
0x000fae8c	0121	movs	r1,#0x1	nrf_atomic_u32_fetch_or@000fae8c
0x000fae8e	00f006b8	b.w	0x000fae9e	nrf_atomic_u32_fetch_or@000fae8c
0x000fae92	08b5	push	{r3,lr}	nrf_atomic_flag_clear@000fae86
0x000fae94	6a46	mov	r2,sp	nrf_atomic_flag_clear@000fae86
0x000fae96	fdf73cfa	bl	0x000f8312	nrf_atomic_flag_clear@000fae86
0x000fae9a	0098	ldr	r0,[sp,#0x0]	nrf_atomic_flag_clear@000fae86
0x000fae9c	08bd	pop	{r3,pc}	nrf_atomic_flag_clear@000fae86
0x000fae9e	08b5	push	{r3,lr}	nrf_atomic_u32_fetch_or@000fae8c
0x000faea0	6a46	mov	r2,sp	nrf_atomic_u32_fetch_or@000fae8c
0x000faea2	fdf729fa	bl	0x000f82f8	nrf_atomic_u32_fetch_or@000fae8c
0x000faea6	08bd	pop	{r3,pc}	nrf_atomic_u32_fetch_or@000fae8c
0x000faea8	08b5	push	{r3,lr}	nrf_atomic_u32_fetch_store@000faea8
0x000faeaa	6a46	mov	r2,sp	nrf_atomic_u32_fetch_store@000faea8
0x000faeac	fdf718fa	bl	0x000f82e0	nrf_atomic_u32_fetch_store@000faea8
0x000faeb0	08bd	pop	{r3,pc}	nrf_atomic_u32_fetch_store@000faea8
0x000faeb2	38b5	push	{r3,r4,r5,lr}	nrf_balloc_alloc@000faeb2
0x000faeb4	0446	mov	r4,r0	nrf_balloc_alloc@000faeb2
0x000faeb6	0025	movs	r5,#0x0	nrf_balloc_alloc@000faeb2
0x000faeb8	8df80050	strb.w	r5,[sp,#0x0]	nrf_balloc_alloc@000faeb2
0x000faebc	6846	mov	r0,sp	nrf_balloc_alloc@000faeb2
0x000faebe	fff709f8	bl	0x000f9ed4	nrf_balloc_alloc@000faeb2
0x000faec2	2168	ldr	r1,[r4,#0x0]	nrf_balloc_alloc@000faeb2
0x000faec4	6268	ldr	r2,[r4,#0x4]	nrf_balloc_alloc@000faeb2
0x000faec6	0868	ldr	r0,[r1,#0x0]	nrf_balloc_alloc@000faeb2
0x000faec8	9042	cmp	r0,r2	nrf_balloc_alloc@000faeb2
0x000faeca	0ed9	bls	0x000faeea	nrf_balloc_alloc@000faeb2
0x000faecc	401e	subs	r0,r0,#0x1	nrf_balloc_alloc@000faeb2
0x000faece	0860	str	r0,[r1,#0x0]	nrf_balloc_alloc@000faeb2
0x000faed0	0178	ldrb	r1,[r0,#0x0]	nrf_balloc_alloc@000faeb2
0x000faed2	238a	ldrh	r3,[r4,#0x10]	nrf_balloc_alloc@000faeb2
0x000faed4	e268	ldr	r2,[r4,#0xc]	nrf_balloc_alloc@000faeb2
0x000faed6	01fb0325	mla	r5,r1,r3,r2	nrf_balloc_alloc@000faeb2
0x000faeda	227a	ldrb	r2,[r4,#0x8]	nrf_balloc_alloc@000faeb2
0x000faedc	2168	ldr	r1,[r4,#0x0]	nrf_balloc_alloc@000faeb2
0x000faede	101a	subs	r0,r2,r0	nrf_balloc_alloc@000faeb2
0x000faee0	c0b2	uxtb	r0,r0	nrf_balloc_alloc@000faeb2
0x000faee2	0a79	ldrb	r2,[r1,#0x4]	nrf_balloc_alloc@000faeb2
0x000faee4	8242	cmp	r2,r0	nrf_balloc_alloc@000faeb2
0x000faee6	00d2	bcs	0x000faeea	nrf_balloc_alloc@000faeb2
0x000faee8	0871	strb	r0,[r1,#0x4]	nrf_balloc_alloc@000faeb2
0x000faeea	9df80000	ldrb.w	r0,[sp,#0x0]	nrf_balloc_alloc@000faeb2
0x000faeee	fff715f8	bl	0x000f9f1c	nrf_balloc_alloc@000faeb2
0x000faef2	2846	mov	r0,r5	nrf_balloc_alloc@000faeb2
0x000faef4	38bd	pop	{r3,r4,r5,pc}	nrf_balloc_alloc@000faeb2
0x000faef6	38b5	push	{r3,r4,r5,lr}	nrf_balloc_free@000faef6
0x000faef8	0546	mov	r5,r0	nrf_balloc_free@000faef6
0x000faefa	0020	movs	r0,#0x0	nrf_balloc_free@000faef6
0x000faefc	8df80000	strb.w	r0,[sp,#0x0]	nrf_balloc_free@000faef6
0x000faf00	0c46	mov	r4,r1	nrf_balloc_free@000faef6
0x000faf02	6846	mov	r0,sp	nrf_balloc_free@000faef6
0x000faf04	fef7e6ff	bl	0x000f9ed4	nrf_balloc_free@000faef6
0x000faf08	e868	ldr	r0,[r5,#0xc]	nrf_balloc_free@000faef6
0x000faf0a	298a	ldrh	r1,[r5,#0x10]	nrf_balloc_free@000faef6
0x000faf0c	201a	subs	r0,r4,r0	nrf_balloc_free@000faef6
0x000faf0e	b0fbf1f1	udiv	r1,r0,r1	nrf_balloc_free@000faef6
0x000faf12	2a68	ldr	r2,[r5,#0x0]	nrf_balloc_free@000faef6
0x000faf14	1068	ldr	r0,[r2,#0x0]	nrf_balloc_free@000faef6
0x000faf16	431c	adds	r3,r0,#0x1	nrf_balloc_free@000faef6
0x000faf18	1360	str	r3,[r2,#0x0]	nrf_balloc_free@000faef6
0x000faf1a	0170	strb	r1,[r0,#0x0]	nrf_balloc_free@000faef6
0x000faf1c	9df80000	ldrb.w	r0,[sp,#0x0]	nrf_balloc_free@000faef6
0x000faf20	fef7fcff	bl	0x000f9f1c	nrf_balloc_free@000faef6
0x000faf24	38bd	pop	{r3,r4,r5,pc}	nrf_balloc_free@000faef6
0x000faf26	10b5	push	{r4,lr}	nrf_balloc_init@000faf26
0x000faf28	30b1	cbz	r0,0x000faf38	nrf_balloc_init@000faf26
0x000faf2a	017a	ldrb	r1,[r0,#0x8]	nrf_balloc_init@000faf26
0x000faf2c	4268	ldr	r2,[r0,#0x4]	nrf_balloc_init@000faf26
0x000faf2e	0368	ldr	r3,[r0,#0x0]	nrf_balloc_init@000faf26
0x000faf30	891a	subs	r1,r1,r2	nrf_balloc_init@000faf26
0x000faf32	c9b2	uxtb	r1,r1	nrf_balloc_init@000faf26
0x000faf34	1a60	str	r2,[r3,#0x0]	nrf_balloc_init@000faf26
0x000faf36	06e0	b	0x000faf46	nrf_balloc_init@000faf26
0x000faf38	0e20	movs	r0,#0xe	nrf_balloc_init@000faf26
0x000faf3a	10bd	pop	{r4,pc}	nrf_balloc_init@000faf26
0x000faf3c	0368	ldr	r3,[r0,#0x0]	nrf_balloc_init@000faf26
0x000faf3e	1a68	ldr	r2,[r3,#0x0]	nrf_balloc_init@000faf26
0x000faf40	541c	adds	r4,r2,#0x1	nrf_balloc_init@000faf26
0x000faf42	1c60	str	r4,[r3,#0x0]	nrf_balloc_init@000faf26
0x000faf44	1170	strb	r1,[r2,#0x0]	nrf_balloc_init@000faf26
0x000faf46	491e	subs	r1,r1,#0x1	nrf_balloc_init@000faf26
0x000faf48	c9b2	uxtb	r1,r1	nrf_balloc_init@000faf26
0x000faf4a	f7d2	bcs	0x000faf3c	nrf_balloc_init@000faf26
0x000faf4c	0068	ldr	r0,[r0,#0x0]	nrf_balloc_init@000faf26
0x000faf4e	0021	movs	r1,#0x0	nrf_balloc_init@000faf26
0x000faf50	0171	strb	r1,[r0,#0x4]	nrf_balloc_init@000faf26
0x000faf52	0846	mov	r0,r1	nrf_balloc_init@000faf26
0x000faf54	10bd	pop	{r4,pc}	nrf_balloc_init@000faf26
0x000faf56	10b5	push	{r4,lr}	nrf_bootloader_app_start_final@000faf56
0x000faf58	4ff0e022	mov.w	r2,#0xe000e000	nrf_bootloader_app_start_final@000faf56
0x000faf5c	4ff0ff31	mov.w	r1,#0xffffffff	nrf_bootloader_app_start_final@000faf56
0x000faf60	4ff48054	mov.w	r4,#0x1000	nrf_bootloader_app_start_final@000faf56
0x000faf64	c2f88011	str.w	r1,[r2,#0x180]	nrf_bootloader_app_start_final@000faf56
0x000faf68	c2f88012	str.w	r1,[r2,#0x280]	nrf_bootloader_app_start_final@000faf56
0x000faf6c	00f000fc	bl	0x000fb770	nrf_bootloader_app_start_final@000faf56
0x000faf70	2046	mov	r0,r4	nrf_bootloader_app_start_final@000faf56
0x000faf72	bde81040	pop.w	{r4,lr}	nrf_bootloader_app_start_final@000faf56
0x000faf76	00f001b8	b.w	0x000faf7c	nrf_bootloader_app_start_final@000faf56
0x000faf7c	10b5	push	{r4,lr}	nrf_bootloader_app_start_final@000faf56
0x000faf7e	0446	mov	r4,r0	nrf_bootloader_app_start_final@000faf56
0x000faf80	1448	ldr	r0,[0x000fafd4]	nrf_bootloader_app_start_final@000faf56
0x000faf82	c0f57f21	rsb.w	r1,r0,#0xff000	nrf_bootloader_app_start_final@000faf56
0x000faf86	00f03df8	bl	0x000fb004	nrf_bootloader_app_start_final@000faf56
0x000faf8a	08b1	cbz	r0,0x000faf90	nrf_bootloader_app_start_final@000faf56
0x000faf8c	fef71aff	bl	0x000f9dc4	nrf_bootloader_app_start_final@000faf56
0x000faf90	00f09efa	bl	0x000fb4d0	nrf_bootloader_app_start_final@000faf56
0x000faf94	0146	mov	r1,r0	nrf_bootloader_app_start_final@000faf56
0x000faf96	1048	ldr	r0,[0x000fafd8]	nrf_bootloader_app_start_final@000faf56
0x000faf98	8069	ldr	r0,[r0,#0x18]	nrf_bootloader_app_start_final@000faf56
0x000faf9a	421e	subs	r2,r0,#0x1	nrf_bootloader_app_start_final@000faf56
0x000faf9c	c2f30b02	ubfx	r2,r2,#0x0,#0xc	nrf_bootloader_app_start_final@000faf56
0x000fafa0	801a	subs	r0,r0,r2	nrf_bootloader_app_start_final@000faf56
0x000fafa2	0144	add	r1,r0	nrf_bootloader_app_start_final@000faf56
0x000fafa4	0020	movs	r0,#0x0	nrf_bootloader_app_start_final@000faf56
0x000fafa6	01f6ff71	addw	r1,r1,#0xfff	nrf_bootloader_app_start_final@000faf56
0x000fafaa	00f02bf8	bl	0x000fb004	nrf_bootloader_app_start_final@000faf56
0x000fafae	08b1	cbz	r0,0x000fafb4	nrf_bootloader_app_start_final@000faf56
0x000fafb0	fef708ff	bl	0x000f9dc4	nrf_bootloader_app_start_final@000faf56
0x000fafb4	d4e90001	ldrd	r0,r1,[r4,#0x0]	nrf_bootloader_app_start_final@000faf56
0x000fafb8	0022	movs	r2,#0x0	nrf_bootloader_app_start_final@000faf56
0x000fafba	82f31488	msr	control,r2	nrf_bootloader_app_start_final@000faf56
0x000fafbe	82f31088	msr	primask,r2	nrf_bootloader_app_start_final@000faf56
0x000fafc2	82f31188	msr	basepri,r2	nrf_bootloader_app_start_final@000faf56
0x000fafc6	82f31388	msr	faultmask,r2	nrf_bootloader_app_start_final@000faf56
0x000fafca	80f30888	msr	msp,r0	nrf_bootloader_app_start_final@000faf56
0x000fafce	bde81040	pop.w	{r4,lr}	nrf_bootloader_app_start_final@000faf56
0x000fafd2	0847	bx	r1	nrf_bootloader_app_start_final@000faf56
0x000fafdc	70b5	push	{r4,r5,r6,lr}	nrf_bootloader_dfu_inactivity_timer_restart@000fafdc
0x000fafde	084d	ldr	r5,[0x000fb000]	nrf_bootloader_dfu_inactivity_timer_restart@000fafdc
0x000fafe0	0446	mov	r4,r0	nrf_bootloader_dfu_inactivity_timer_restart@000fafdc
0x000fafe2	0e46	mov	r6,r1	nrf_bootloader_dfu_inactivity_timer_restart@000fafdc
0x000fafe4	6868	ldr	r0,[r5,#0x4]	nrf_bootloader_dfu_inactivity_timer_restart@000fafdc
0x000fafe6	02f069fb	bl	0x000fd6bc	nrf_bootloader_dfu_inactivity_timer_restart@000fafdc
0x000fafea	002c	cmp	r4,#0x0	nrf_bootloader_dfu_inactivity_timer_restart@000fafdc
0x000fafec	06d0	beq	0x000faffc	nrf_bootloader_dfu_inactivity_timer_restart@000fafdc
0x000fafee	3246	mov	r2,r6	nrf_bootloader_dfu_inactivity_timer_restart@000fafdc
0x000faff0	2146	mov	r1,r4	nrf_bootloader_dfu_inactivity_timer_restart@000fafdc
0x000faff2	6868	ldr	r0,[r5,#0x4]	nrf_bootloader_dfu_inactivity_timer_restart@000fafdc
0x000faff4	bde87040	pop.w	{r4,r5,r6,lr}	nrf_bootloader_dfu_inactivity_timer_restart@000fafdc
0x000faff8	02f052bb	b.w	0x000fd6a0	nrf_bootloader_dfu_inactivity_timer_restart@000fafdc
0x000faffc	70bd	pop	{r4,r5,r6,pc}	nrf_bootloader_dfu_inactivity_timer_restart@000fafdc
0x000fb004	30b5	push	{r4,r5,lr}	nrf_bootloader_acl_add@000fb004
0x000fb006	0a05	lsls	r2,r1,#0x14	nrf_bootloader_acl_add@000fb004
0x000fb008	02d1	bne	0x000fb010	nrf_bootloader_acl_add@000fb004
0x000fb00a	b0f57f2f	cmp.w	r0,#0xff000	nrf_bootloader_acl_add@000fb004
0x000fb00e	01d9	bls	0x000fb014	nrf_bootloader_acl_add@000fb004
0x000fb010	0720	movs	r0,#0x7	nrf_bootloader_acl_add@000fb004
0x000fb012	30bd	pop	{r4,r5,pc}	nrf_bootloader_acl_add@000fb004
0x000fb014	094c	ldr	r4,[0x000fb03c]	nrf_bootloader_acl_add@000fb004
0x000fb016	2268	ldr	r2,[r4,#0x0]	nrf_bootloader_acl_add@000fb004
0x000fb018	082a	cmp	r2,#0x8	nrf_bootloader_acl_add@000fb004
0x000fb01a	01d3	bcc	0x000fb020	nrf_bootloader_acl_add@000fb004
0x000fb01c	0420	movs	r0,#0x4	nrf_bootloader_acl_add@000fb004
0x000fb01e	30bd	pop	{r4,r5,pc}	nrf_bootloader_acl_add@000fb004
0x000fb020	074b	ldr	r3,[0x000fb040]	nrf_bootloader_acl_add@000fb004
0x000fb022	03eb0213	add.w	r3,r3,r2, lsl #0x4	nrf_bootloader_acl_add@000fb004
0x000fb026	c3f80008	str.w	r0,[r3,#0x800]	nrf_bootloader_acl_add@000fb004
0x000fb02a	c3f80418	str.w	r1,[r3,#0x804]	nrf_bootloader_acl_add@000fb004
0x000fb02e	0220	movs	r0,#0x2	nrf_bootloader_acl_add@000fb004
0x000fb030	c3f80808	str.w	r0,[r3,#0x808]	nrf_bootloader_acl_add@000fb004
0x000fb034	521c	adds	r2,r2,#0x1	nrf_bootloader_acl_add@000fb004
0x000fb036	0020	movs	r0,#0x0	nrf_bootloader_acl_add@000fb004
0x000fb038	2260	str	r2,[r4,#0x0]	nrf_bootloader_acl_add@000fb004
0x000fb03a	30bd	pop	{r4,r5,pc}	nrf_bootloader_acl_add@000fb004
0x000fb044	70b5	push	{r4,r5,r6,lr}	nrf_bootloader_fw_activate@000fb044
0x000fb046	194d	ldr	r5,[0x000fb0ac]	nrf_bootloader_fw_activate@000fb044
0x000fb048	0024	movs	r4,#0x0	nrf_bootloader_fw_activate@000fb044
0x000fb04a	e86a	ldr	r0,[r5,#0x2c]	nrf_bootloader_fw_activate@000fb044
0x000fb04c	2435	adds	r5,#0x24	nrf_bootloader_fw_activate@000fb044
0x000fb04e	0128	cmp	r0,#0x1	nrf_bootloader_fw_activate@000fb044
0x000fb050	07d0	beq	0x000fb062	nrf_bootloader_fw_activate@000fb044
0x000fb052	a528	cmp	r0,#0xa5	nrf_bootloader_fw_activate@000fb044
0x000fb054	08d0	beq	0x000fb068	nrf_bootloader_fw_activate@000fb044
0x000fb056	aa28	cmp	r0,#0xaa	nrf_bootloader_fw_activate@000fb044
0x000fb058	09d0	beq	0x000fb06e	nrf_bootloader_fw_activate@000fb044
0x000fb05a	ac28	cmp	r0,#0xac	nrf_bootloader_fw_activate@000fb044
0x000fb05c	0ad0	beq	0x000fb074	nrf_bootloader_fw_activate@000fb044
0x000fb05e	0020	movs	r0,#0x0	nrf_bootloader_fw_activate@000fb044
0x000fb060	70bd	pop	{r4,r5,r6,pc}	nrf_bootloader_fw_activate@000fb044
0x000fb062	fef789fe	bl	0x000f9d78	nrf_bootloader_fw_activate@000fb044
0x000fb066	0be0	b	0x000fb080	nrf_bootloader_fw_activate@000fb044
0x000fb068	02f01af9	bl	0x000fd2a0	nrf_bootloader_fw_activate@000fb044
0x000fb06c	07e0	b	0x000fb07e	nrf_bootloader_fw_activate@000fb044
0x000fb06e	fef76fff	bl	0x000f9f50	nrf_bootloader_fw_activate@000fb044
0x000fb072	05e0	b	0x000fb080	nrf_bootloader_fw_activate@000fb044
0x000fb074	02f014f9	bl	0x000fd2a0	nrf_bootloader_fw_activate@000fb044
0x000fb078	08b9	cbnz	r0,0x000fb07e	nrf_bootloader_fw_activate@000fb044
0x000fb07a	fef769ff	bl	0x000f9f50	nrf_bootloader_fw_activate@000fb044
0x000fb07e	0124	movs	r4,#0x1	nrf_bootloader_fw_activate@000fb044
0x000fb080	2846	mov	r0,r5	nrf_bootloader_fw_activate@000fb044
0x000fb082	00f049fa	bl	0x000fb518	nrf_bootloader_fw_activate@000fb044
0x000fb086	0a49	ldr	r1,[0x000fb0b0]	nrf_bootloader_fw_activate@000fb044
0x000fb088	0020	movs	r0,#0x0	nrf_bootloader_fw_activate@000fb044
0x000fb08a	0870	strb	r0,[r1,#0x0]	nrf_bootloader_fw_activate@000fb044
0x000fb08c	0948	ldr	r0,[0x000fb0b4]	nrf_bootloader_fw_activate@000fb044
0x000fb08e	00f027fd	bl	0x000fbae0	nrf_bootloader_fw_activate@000fb044
0x000fb092	08b1	cbz	r0,0x000fb098	nrf_bootloader_fw_activate@000fb044
0x000fb094	0320	movs	r0,#0x3	nrf_bootloader_fw_activate@000fb044
0x000fb096	70bd	pop	{r4,r5,r6,pc}	nrf_bootloader_fw_activate@000fb044
0x000fb098	0120	movs	r0,#0x1	nrf_bootloader_fw_activate@000fb044
0x000fb09a	002c	cmp	r4,#0x0	nrf_bootloader_fw_activate@000fb044
0x000fb09c	fbd0	beq	0x000fb096	nrf_bootloader_fw_activate@000fb044
0x000fb09e	0349	ldr	r1,[0x000fb0ac]	nrf_bootloader_fw_activate@000fb044
0x000fb0a0	096a	ldr	r1,[r1,#0x20]	nrf_bootloader_fw_activate@000fb044
0x000fb0a2	0129	cmp	r1,#0x1	nrf_bootloader_fw_activate@000fb044
0x000fb0a4	f7d1	bne	0x000fb096	nrf_bootloader_fw_activate@000fb044
0x000fb0a6	0220	movs	r0,#0x2	nrf_bootloader_fw_activate@000fb044
0x000fb0a8	70bd	pop	{r4,r5,r6,pc}	nrf_bootloader_fw_activate@000fb044
0x000fb0b8	70b5	push	{r4,r5,r6,lr}	nrf_bootloader_init@000fb0b8
0x000fb0ba	254d	ldr	r5,[0x000fb150]	nrf_bootloader_init@000fb0b8
0x000fb0bc	6860	str	r0,[r5,#0x4]	nrf_bootloader_init@000fb0b8
0x000fb0be	0020	movs	r0,#0x0	nrf_bootloader_init@000fb0b8
0x000fb0c0	00f068fc	bl	0x000fb994	nrf_bootloader_init@000fb0b8
0x000fb0c4	00bb	cbnz	r0,0x000fb108	nrf_bootloader_init@000fb0b8
0x000fb0c6	fff7bdff	bl	0x000fb044	nrf_bootloader_init@000fb0b8
0x000fb0ca	4ff47014	mov.w	r4,#0x3c0000	nrf_bootloader_init@000fb0b8
0x000fb0ce	20b1	cbz	r0,0x000fb0da	nrf_bootloader_init@000fb0b8
0x000fb0d0	0128	cmp	r0,#0x1	nrf_bootloader_init@000fb0b8
0x000fb0d2	16d0	beq	0x000fb102	nrf_bootloader_init@000fb0b8
0x000fb0d4	0228	cmp	r0,#0x2	nrf_bootloader_init@000fb0b8
0x000fb0d6	30d1	bne	0x000fb13a	nrf_bootloader_init@000fb0b8
0x000fb0d8	02e0	b	0x000fb0e0	nrf_bootloader_init@000fb0b8
0x000fb0da	fff7c9fb	bl	0x000fa870	nrf_bootloader_init@000fb0b8
0x000fb0de	48b3	cbz	r0,0x000fb134	nrf_bootloader_init@000fb0b8
0x000fb0e0	00f06ef8	bl	0x000fb1c0	nrf_bootloader_init@000fb0b8
0x000fb0e4	1b4a	ldr	r2,[0x000fb154]	nrf_bootloader_init@000fb0b8
0x000fb0e6	2021	movs	r1,#0x20	nrf_bootloader_init@000fb0b8
0x000fb0e8	1820	movs	r0,#0x18	nrf_bootloader_init@000fb0b8
0x000fb0ea	fef7ddfe	bl	0x000f9ea8	nrf_bootloader_init@000fb0b8
0x000fb0ee	08b1	cbz	r0,0x000fb0f4	nrf_bootloader_init@000fb0b8
0x000fb0f0	fef768fe	bl	0x000f9dc4	nrf_bootloader_init@000fb0b8
0x000fb0f4	1848	ldr	r0,[0x000fb158]	nrf_bootloader_init@000fb0b8
0x000fb0f6	0168	ldr	r1,[r0,#0x0]	nrf_bootloader_init@000fb0b8
0x000fb0f8	01f0f901	and	r1,r1,#0xf9	nrf_bootloader_init@000fb0b8
0x000fb0fc	b129	cmp	r1,#0xb1	nrf_bootloader_init@000fb0b8
0x000fb0fe	04d0	beq	0x000fb10a	nrf_bootloader_init@000fb0b8
0x000fb100	07e0	b	0x000fb112	nrf_bootloader_init@000fb0b8
0x000fb102	0120	movs	r0,#0x1	nrf_bootloader_init@000fb0b8
0x000fb104	fff7cef9	bl	0x000fa4a4	nrf_bootloader_init@000fb0b8
0x000fb108	17e0	b	0x000fb13a	nrf_bootloader_init@000fb0b8
0x000fb10a	0168	ldr	r1,[r0,#0x0]	nrf_bootloader_init@000fb0b8
0x000fb10c	01f04e01	and	r1,r1,#0x4e	nrf_bootloader_init@000fb0b8
0x000fb110	0160	str	r1,[r0,#0x0]	nrf_bootloader_init@000fb0b8
0x000fb112	00f013fb	bl	0x000fb73c	nrf_bootloader_init@000fb0b8
0x000fb116	80b9	cbnz	r0,0x000fb13a	nrf_bootloader_init@000fb0b8
0x000fb118	1049	ldr	r1,[0x000fb15c]	nrf_bootloader_init@000fb0b8
0x000fb11a	2046	mov	r0,r4	nrf_bootloader_init@000fb0b8
0x000fb11c	fff75eff	bl	0x000fafdc	nrf_bootloader_init@000fb0b8
0x000fb120	0f48	ldr	r0,[0x000fb160]	nrf_bootloader_init@000fb0b8
0x000fb122	00f0f5fa	bl	0x000fb710	nrf_bootloader_init@000fb0b8
0x000fb126	40b9	cbnz	r0,0x000fb13a	nrf_bootloader_init@000fb0b8
0x000fb128	00f036f8	bl	0x000fb198	nrf_bootloader_init@000fb0b8
0x000fb12c	fef79cfe	bl	0x000f9e68	nrf_bootloader_init@000fb0b8
0x000fb130	41df	svc	0x41	nrf_bootloader_init@000fb0b8
0x000fb132	f9e7	b	0x000fb128	nrf_bootloader_init@000fb0b8
0x000fb134	00f0d6fb	bl	0x000fb8e4	nrf_bootloader_init@000fb0b8
0x000fb138	08b1	cbz	r0,0x000fb13e	nrf_bootloader_init@000fb0b8
0x000fb13a	0320	movs	r0,#0x3	nrf_bootloader_init@000fb0b8
0x000fb13c	70bd	pop	{r4,r5,r6,pc}	nrf_bootloader_init@000fb0b8
0x000fb13e	0020	movs	r0,#0x0	nrf_bootloader_init@000fb0b8
0x000fb140	2870	strb	r0,[r5,#0x0]	nrf_bootloader_init@000fb0b8
0x000fb142	0848	ldr	r0,[0x000fb164]	nrf_bootloader_init@000fb0b8
0x000fb144	00f020fc	bl	0x000fb988	nrf_bootloader_init@000fb0b8
0x000fb148	fff705ff	bl	0x000faf56	nrf_bootloader_init@000fb0b8
0x000fb14c	f5e7	b	0x000fb13a	nrf_bootloader_init@000fb0b8
0x000fb168	10b5	push	{r4,lr}	nrf_bootloader_mbr_addrs_populate@000fb168
0x000fb16a	40f6f870	movw	r0,#0xff8	nrf_bootloader_mbr_addrs_populate@000fb168
0x000fb16e	0168	ldr	r1,[r0,#0x0]	nrf_bootloader_mbr_addrs_populate@000fb168
0x000fb170	491c	adds	r1,r1,#0x1	nrf_bootloader_mbr_addrs_populate@000fb168
0x000fb172	02d1	bne	0x000fb17a	nrf_bootloader_mbr_addrs_populate@000fb168
0x000fb174	0749	ldr	r1,[0x000fb194]	nrf_bootloader_mbr_addrs_populate@000fb168
0x000fb176	00f093ff	bl	0x000fc0a0	nrf_bootloader_mbr_addrs_populate@000fb168
0x000fb17a	40f6fc70	movw	r0,#0xffc	nrf_bootloader_mbr_addrs_populate@000fb168
0x000fb17e	0168	ldr	r1,[r0,#0x0]	nrf_bootloader_mbr_addrs_populate@000fb168
0x000fb180	491c	adds	r1,r1,#0x1	nrf_bootloader_mbr_addrs_populate@000fb168
0x000fb182	05d1	bne	0x000fb190	nrf_bootloader_mbr_addrs_populate@000fb168
0x000fb184	bde81040	pop.w	{r4,lr}	nrf_bootloader_mbr_addrs_populate@000fb168
0x000fb188	4ff47e21	mov.w	r1,#0xfe000	nrf_bootloader_mbr_addrs_populate@000fb168
0x000fb18c	00f088bf	b.w	0x000fc0a0	nrf_bootloader_mbr_addrs_populate@000fb168
0x000fb190	10bd	pop	{r4,pc}	nrf_bootloader_mbr_addrs_populate@000fb168
0x000fb198	10b5	push	{r4,lr}	nrf_bootloader_wdt_feed@000fb198
0x000fb19a	01f051f9	bl	0x000fc440	nrf_bootloader_wdt_feed@000fb198
0x000fb19e	0028	cmp	r0,#0x0	nrf_bootloader_wdt_feed@000fb198
0x000fb1a0	03d0	beq	0x000fb1aa	nrf_bootloader_wdt_feed@000fb198
0x000fb1a2	bde81040	pop.w	{r4,lr}	nrf_bootloader_wdt_feed@000fb198
0x000fb1a6	02f0f1ba	b.w	0x000fd78c	nrf_bootloader_wdt_feed@000fb198
0x000fb1aa	10bd	pop	{r4,pc}	nrf_bootloader_wdt_feed@000fb198
0x000fb1ac	034a	ldr	r2,[0x000fb1bc]	nrf_bootloader_wdt_feed_timer_start@000fb1ac
0x000fb1ae	9368	ldr	r3,[r2,#0x8]	nrf_bootloader_wdt_feed_timer_start@000fb1ac
0x000fb1b0	0a46	mov	r2,r1	nrf_bootloader_wdt_feed_timer_start@000fb1ac
0x000fb1b2	0146	mov	r1,r0	nrf_bootloader_wdt_feed_timer_start@000fb1ac
0x000fb1b4	9860	str	r0,[r3,#0x8]	nrf_bootloader_wdt_feed_timer_start@000fb1ac
0x000fb1b6	1846	mov	r0,r3	nrf_bootloader_wdt_feed_timer_start@000fb1ac
0x000fb1b8	02f072ba	b.w	0x000fd6a0	nrf_bootloader_wdt_feed_timer_start@000fb1ac
0x000fb1c0	70b5	push	{r4,r5,r6,lr}	nrf_bootloader_wdt_init@000fb1c0
0x000fb1c2	0e4d	ldr	r5,[0x000fb1fc]	nrf_bootloader_wdt_init@000fb1c0
0x000fb1c4	2878	ldrb	r0,[r5,#0x0]	nrf_bootloader_wdt_init@000fb1c0
0x000fb1c6	0028	cmp	r0,#0x0	nrf_bootloader_wdt_init@000fb1c0
0x000fb1c8	17d1	bne	0x000fb1fa	nrf_bootloader_wdt_init@000fb1c0
0x000fb1ca	01f039f9	bl	0x000fc440	nrf_bootloader_wdt_init@000fb1c0
0x000fb1ce	0126	movs	r6,#0x1	nrf_bootloader_wdt_init@000fb1c0
0x000fb1d0	90b1	cbz	r0,0x000fb1f8	nrf_bootloader_wdt_init@000fb1c0
0x000fb1d2	0b48	ldr	r0,[0x000fb200]	nrf_bootloader_wdt_init@000fb1c0
0x000fb1d4	0468	ldr	r4,[r0,#0x0]	nrf_bootloader_wdt_init@000fb1c0
0x000fb1d6	a4f54864	sub.w	r4,r4,#0xc80	nrf_bootloader_wdt_init@000fb1c0
0x000fb1da	962c	cmp	r4,#0x96	nrf_bootloader_wdt_init@000fb1c0
0x000fb1dc	00da	bge	0x000fb1e0	nrf_bootloader_wdt_init@000fb1c0
0x000fb1de	9624	movs	r4,#0x96	nrf_bootloader_wdt_init@000fb1c0
0x000fb1e0	02f0d4fa	bl	0x000fd78c	nrf_bootloader_wdt_init@000fb1c0
0x000fb1e4	0749	ldr	r1,[0x000fb204]	nrf_bootloader_wdt_init@000fb1c0
0x000fb1e6	2046	mov	r0,r4	nrf_bootloader_wdt_init@000fb1c0
0x000fb1e8	fff7e0ff	bl	0x000fb1ac	nrf_bootloader_wdt_init@000fb1c0
0x000fb1ec	4ff0e021	mov.w	r1,#0xe000e000	nrf_bootloader_wdt_init@000fb1c0
0x000fb1f0	4ff48030	mov.w	r0,#0x10000	nrf_bootloader_wdt_init@000fb1c0
0x000fb1f4	c1f80001	str.w	r0,[r1,#0x100]	nrf_bootloader_wdt_init@000fb1c0
0x000fb1f8	2e70	strb	r6,[r5,#0x0]	nrf_bootloader_wdt_init@000fb1c0
0x000fb1fa	70bd	pop	{r4,r5,r6,pc}	nrf_bootloader_wdt_init@000fb1c0
0x000fb208	70b5	push	{r4,r5,r6,lr}	nrf_crypto_backend_secp256r1_public_key_from_raw@000fb208
0x000fb20a	0446	mov	r4,r0	nrf_crypto_backend_secp256r1_public_key_from_raw@000fb208
0x000fb20c	0d46	mov	r5,r1	nrf_crypto_backend_secp256r1_public_key_from_raw@000fb208
0x000fb20e	2022	movs	r2,#0x20	nrf_crypto_backend_secp256r1_public_key_from_raw@000fb208
0x000fb210	0830	adds	r0,#0x8	nrf_crypto_backend_secp256r1_public_key_from_raw@000fb208
0x000fb212	fdf702f9	bl	0x000f841a	nrf_crypto_backend_secp256r1_public_key_from_raw@000fb208
0x000fb216	2022	movs	r2,#0x20	nrf_crypto_backend_secp256r1_public_key_from_raw@000fb208
0x000fb218	05f12001	add.w	r1,r5,#0x20	nrf_crypto_backend_secp256r1_public_key_from_raw@000fb208
0x000fb21c	04f12800	add.w	r0,r4,#0x28	nrf_crypto_backend_secp256r1_public_key_from_raw@000fb208
0x000fb220	fdf7fbf8	bl	0x000f841a	nrf_crypto_backend_secp256r1_public_key_from_raw@000fb208
0x000fb224	0020	movs	r0,#0x0	nrf_crypto_backend_secp256r1_public_key_from_raw@000fb208
0x000fb226	70bd	pop	{r4,r5,r6,pc}	nrf_crypto_backend_secp256r1_public_key_from_raw@000fb208
0x000fb228	2de9f843	push	{r3,r4,r5,r6,r7,r8,r9,lr}	nrf_crypto_backend_secp256r1_verify@000fb228
0x000fb22c	0c46	mov	r4,r1	nrf_crypto_backend_secp256r1_verify@000fb228
0x000fb22e	1749	ldr	r1,[0x000fb28c]	nrf_crypto_backend_secp256r1_verify@000fb228
0x000fb230	ddf82090	ldr.w	r9,[sp,#0x20]	nrf_crypto_backend_secp256r1_verify@000fb228
0x000fb234	0160	str	r1,[r0,#0x0]	nrf_crypto_backend_secp256r1_verify@000fb228
0x000fb236	0546	mov	r5,r0	nrf_crypto_backend_secp256r1_verify@000fb228
0x000fb238	1f46	mov	r7,r3	nrf_crypto_backend_secp256r1_verify@000fb228
0x000fb23a	9046	mov	r8,r2	nrf_crypto_backend_secp256r1_verify@000fb228
0x000fb23c	1448	ldr	r0,[0x000fb290]	nrf_crypto_backend_secp256r1_verify@000fb228
0x000fb23e	0121	movs	r1,#0x1	nrf_crypto_backend_secp256r1_verify@000fb228
0x000fb240	fff732fe	bl	0x000faea8	nrf_crypto_backend_secp256r1_verify@000fb228
0x000fb244	bff35f8f	dmb	#0x1f	nrf_crypto_backend_secp256r1_verify@000fb228
0x000fb248	0026	movs	r6,#0x0	nrf_crypto_backend_secp256r1_verify@000fb228
0x000fb24a	18b1	cbz	r0,0x000fb254	nrf_crypto_backend_secp256r1_verify@000fb228
0x000fb24c	48f20450	movw	r0,#0x8504	nrf_crypto_backend_secp256r1_verify@000fb228
0x000fb250	bde8f883	pop.w	{r3,r4,r5,r6,r7,r8,r9,pc}	nrf_crypto_backend_secp256r1_verify@000fb228
0x000fb254	fff76ef9	bl	0x000fa534	nrf_crypto_backend_secp256r1_verify@000fb228
0x000fb258	4346	mov	r3,r8	nrf_crypto_backend_secp256r1_verify@000fb228
0x000fb25a	4a46	mov	r2,r9	nrf_crypto_backend_secp256r1_verify@000fb228
0x000fb25c	04f10801	add.w	r1,r4,#0x8	nrf_crypto_backend_secp256r1_verify@000fb228
0x000fb260	2846	mov	r0,r5	nrf_crypto_backend_secp256r1_verify@000fb228
0x000fb262	0097	str	r7,[sp,#0x0]	nrf_crypto_backend_secp256r1_verify@000fb228
0x000fb264	fef7f0f9	bl	0x000f9648	nrf_crypto_backend_secp256r1_verify@000fb228
0x000fb268	0446	mov	r4,r0	nrf_crypto_backend_secp256r1_verify@000fb228
0x000fb26a	fff751f9	bl	0x000fa510	nrf_crypto_backend_secp256r1_verify@000fb228
0x000fb26e	bff35f8f	dmb	#0x1f	nrf_crypto_backend_secp256r1_verify@000fb228
0x000fb272	0748	ldr	r0,[0x000fb290]	nrf_crypto_backend_secp256r1_verify@000fb228
0x000fb274	0660	str	r6,[r0,#0x0]	nrf_crypto_backend_secp256r1_verify@000fb228
0x000fb276	2000	movs	r0,r4	nrf_crypto_backend_secp256r1_verify@000fb228
0x000fb278	ead0	beq	0x000fb250	nrf_crypto_backend_secp256r1_verify@000fb228
0x000fb27a	0649	ldr	r1,[0x000fb294]	nrf_crypto_backend_secp256r1_verify@000fb228
0x000fb27c	cc42	cmn	r4,r1	nrf_crypto_backend_secp256r1_verify@000fb228
0x000fb27e	02d1	bne	0x000fb286	nrf_crypto_backend_secp256r1_verify@000fb228
0x000fb280	48f24250	movw	r0,#0x8542	nrf_crypto_backend_secp256r1_verify@000fb228
0x000fb284	e4e7	b	0x000fb250	nrf_crypto_backend_secp256r1_verify@000fb228
0x000fb286	48f21650	movw	r0,#0x8516	nrf_crypto_backend_secp256r1_verify@000fb228
0x000fb28a	e1e7	b	0x000fb250	nrf_crypto_backend_secp256r1_verify@000fb228
0x000fb298	70b5	push	{r4,r5,r6,lr}	nrf_crypto_ecc_public_key_from_raw@000fb298
0x000fb29a	1646	mov	r6,r2	nrf_crypto_ecc_public_key_from_raw@000fb298
0x000fb29c	0c46	mov	r4,r1	nrf_crypto_ecc_public_key_from_raw@000fb298
0x000fb29e	0546	mov	r5,r0	nrf_crypto_ecc_public_key_from_raw@000fb298
0x000fb2a0	00f0e6f8	bl	0x000fb470	nrf_crypto_ecc_public_key_from_raw@000fb298
0x000fb2a4	0028	cmp	r0,#0x0	nrf_crypto_ecc_public_key_from_raw@000fb298
0x000fb2a6	0ed1	bne	0x000fb2c6	nrf_crypto_ecc_public_key_from_raw@000fb298
0x000fb2a8	aa79	ldrb	r2,[r5,#0x6]	nrf_crypto_ecc_public_key_from_raw@000fb298
0x000fb2aa	1946	mov	r1,r3	nrf_crypto_ecc_public_key_from_raw@000fb298
0x000fb2ac	3046	mov	r0,r6	nrf_crypto_ecc_public_key_from_raw@000fb298
0x000fb2ae	00f0ecf8	bl	0x000fb48a	nrf_crypto_ecc_public_key_from_raw@000fb298
0x000fb2b2	0028	cmp	r0,#0x0	nrf_crypto_ecc_public_key_from_raw@000fb298
0x000fb2b4	07d1	bne	0x000fb2c6	nrf_crypto_ecc_public_key_from_raw@000fb298
0x000fb2b6	3146	mov	r1,r6	nrf_crypto_ecc_public_key_from_raw@000fb298
0x000fb2b8	2046	mov	r0,r4	nrf_crypto_ecc_public_key_from_raw@000fb298
0x000fb2ba	fff7a5ff	bl	0x000fb208	nrf_crypto_ecc_public_key_from_raw@000fb298
0x000fb2be	0028	cmp	r0,#0x0	nrf_crypto_ecc_public_key_from_raw@000fb298
0x000fb2c0	01d1	bne	0x000fb2c6	nrf_crypto_ecc_public_key_from_raw@000fb298
0x000fb2c2	0149	ldr	r1,[0x000fb2c8]	nrf_crypto_ecc_public_key_from_raw@000fb298
0x000fb2c4	2160	str	r1,[r4,#0x0]	nrf_crypto_ecc_public_key_from_raw@000fb298
0x000fb2c6	70bd	pop	{r4,r5,r6,pc}	nrf_crypto_ecc_public_key_from_raw@000fb298
0x000fb2cc	2de9f843	push	{r3,r4,r5,r6,r7,r8,r9,lr}	nrf_crypto_ecdsa_verify@000fb2cc
0x000fb2d0	0c46	mov	r4,r1	nrf_crypto_ecdsa_verify@000fb2cc
0x000fb2d2	dde90858	ldrd	r5,r8,[sp,#0x20]	nrf_crypto_ecdsa_verify@000fb2cc
0x000fb2d6	0746	mov	r7,r0	nrf_crypto_ecdsa_verify@000fb2cc
0x000fb2d8	9946	mov	r9,r3	nrf_crypto_ecdsa_verify@000fb2cc
0x000fb2da	1646	mov	r6,r2	nrf_crypto_ecdsa_verify@000fb2cc
0x000fb2dc	0f49	ldr	r1,[0x000fb31c]	nrf_crypto_ecdsa_verify@000fb2cc
0x000fb2de	2046	mov	r0,r4	nrf_crypto_ecdsa_verify@000fb2cc
0x000fb2e0	00f0baf8	bl	0x000fb458	nrf_crypto_ecdsa_verify@000fb2cc
0x000fb2e4	0028	cmp	r0,#0x0	nrf_crypto_ecdsa_verify@000fb2cc
0x000fb2e6	11d1	bne	0x000fb30c	nrf_crypto_ecdsa_verify@000fb2cc
0x000fb2e8	6068	ldr	r0,[r4,#0x4]	nrf_crypto_ecdsa_verify@000fb2cc
0x000fb2ea	4146	mov	r1,r8	nrf_crypto_ecdsa_verify@000fb2cc
0x000fb2ec	4079	ldrb	r0,[r0,#0x5]	nrf_crypto_ecdsa_verify@000fb2cc
0x000fb2ee	4200	lsls	r2,r0,#0x1	nrf_crypto_ecdsa_verify@000fb2cc
0x000fb2f0	2846	mov	r0,r5	nrf_crypto_ecdsa_verify@000fb2cc
0x000fb2f2	00f0caf8	bl	0x000fb48a	nrf_crypto_ecdsa_verify@000fb2cc
0x000fb2f6	0028	cmp	r0,#0x0	nrf_crypto_ecdsa_verify@000fb2cc
0x000fb2f8	08d1	bne	0x000fb30c	nrf_crypto_ecdsa_verify@000fb2cc
0x000fb2fa	4eb1	cbz	r6,0x000fb310	nrf_crypto_ecdsa_verify@000fb2cc
0x000fb2fc	5fb1	cbz	r7,0x000fb316	nrf_crypto_ecdsa_verify@000fb2cc
0x000fb2fe	4b46	mov	r3,r9	nrf_crypto_ecdsa_verify@000fb2cc
0x000fb300	3246	mov	r2,r6	nrf_crypto_ecdsa_verify@000fb2cc
0x000fb302	2146	mov	r1,r4	nrf_crypto_ecdsa_verify@000fb2cc
0x000fb304	3846	mov	r0,r7	nrf_crypto_ecdsa_verify@000fb2cc
0x000fb306	0095	str	r5,[sp,#0x0]	nrf_crypto_ecdsa_verify@000fb2cc
0x000fb308	fff78eff	bl	0x000fb228	nrf_crypto_ecdsa_verify@000fb2cc
0x000fb30c	bde8f883	pop.w	{r3,r4,r5,r6,r7,r8,r9,pc}	nrf_crypto_ecdsa_verify@000fb2cc
0x000fb310	48f21050	movw	r0,#0x8510	nrf_crypto_ecdsa_verify@000fb2cc
0x000fb314	fae7	b	0x000fb30c	nrf_crypto_ecdsa_verify@000fb2cc
0x000fb316	48f21550	movw	r0,#0x8515	nrf_crypto_ecdsa_verify@000fb2cc
0x000fb31a	f7e7	b	0x000fb30c	nrf_crypto_ecdsa_verify@000fb2cc
0x000fb320	2de9f041	push	{r4,r5,r6,r7,r8,lr}	nrf_crypto_hash_finalize@000fb320
0x000fb324	1d46	mov	r5,r3	nrf_crypto_hash_finalize@000fb320
0x000fb326	dde90687	ldrd	r8,r7,[sp,#0x18]	nrf_crypto_hash_finalize@000fb320
0x000fb32a	1646	mov	r6,r2	nrf_crypto_hash_finalize@000fb320
0x000fb32c	0446	mov	r4,r0	nrf_crypto_hash_finalize@000fb320
0x000fb32e	00f02df8	bl	0x000fb38c	nrf_crypto_hash_finalize@000fb320
0x000fb332	0028	cmp	r0,#0x0	nrf_crypto_hash_finalize@000fb320
0x000fb334	0dd1	bne	0x000fb352	nrf_crypto_hash_finalize@000fb320
0x000fb336	2a46	mov	r2,r5	nrf_crypto_hash_finalize@000fb320
0x000fb338	3146	mov	r1,r6	nrf_crypto_hash_finalize@000fb320
0x000fb33a	2046	mov	r0,r4	nrf_crypto_hash_finalize@000fb320
0x000fb33c	00f03cf8	bl	0x000fb3b8	nrf_crypto_hash_finalize@000fb320
0x000fb340	0028	cmp	r0,#0x0	nrf_crypto_hash_finalize@000fb320
0x000fb342	06d1	bne	0x000fb352	nrf_crypto_hash_finalize@000fb320
0x000fb344	3a46	mov	r2,r7	nrf_crypto_hash_finalize@000fb320
0x000fb346	4146	mov	r1,r8	nrf_crypto_hash_finalize@000fb320
0x000fb348	2046	mov	r0,r4	nrf_crypto_hash_finalize@000fb320
0x000fb34a	bde8f041	pop.w	{r4,r5,r6,r7,r8,lr}	nrf_crypto_hash_finalize@000fb320
0x000fb34e	00f002b8	b.w	0x000fb356	nrf_crypto_hash_finalize@000fb320
0x000fb352	bde8f081	pop.w	{r4,r5,r6,r7,r8,pc}	nrf_crypto_hash_finalize@000fb320
0x000fb356	70b5	push	{r4,r5,r6,lr}	nrf_crypto_hash_finalize@000fb320
0x000fb358	1546	mov	r5,r2	nrf_crypto_hash_finalize@000fb320
0x000fb35a	0e46	mov	r6,r1	nrf_crypto_hash_finalize@000fb320
0x000fb35c	0446	mov	r4,r0	nrf_crypto_hash_finalize@000fb320
0x000fb35e	02f005fa	bl	0x000fd76c	nrf_crypto_hash_finalize@000fb320
0x000fb362	0028	cmp	r0,#0x0	nrf_crypto_hash_finalize@000fb320
0x000fb364	07d1	bne	0x000fb376	nrf_crypto_hash_finalize@000fb320
0x000fb366	3eb1	cbz	r6,0x000fb378	nrf_crypto_hash_finalize@000fb320
0x000fb368	6068	ldr	r0,[r4,#0x4]	nrf_crypto_hash_finalize@000fb320
0x000fb36a	2968	ldr	r1,[r5,#0x0]	nrf_crypto_hash_finalize@000fb320
0x000fb36c	c268	ldr	r2,[r0,#0xc]	nrf_crypto_hash_finalize@000fb320
0x000fb36e	9142	cmp	r1,r2	nrf_crypto_hash_finalize@000fb320
0x000fb370	05d2	bcs	0x000fb37e	nrf_crypto_hash_finalize@000fb320
0x000fb372	48f21450	movw	r0,#0x8514	nrf_crypto_hash_finalize@000fb320
0x000fb376	70bd	pop	{r4,r5,r6,pc}	nrf_crypto_hash_finalize@000fb320
0x000fb378	48f21350	movw	r0,#0x8513	nrf_crypto_hash_finalize@000fb320
0x000fb37c	70bd	pop	{r4,r5,r6,pc}	nrf_crypto_hash_finalize@000fb320
0x000fb37e	8368	ldr	r3,[r0,#0x8]	nrf_crypto_hash_finalize@000fb320
0x000fb380	2a46	mov	r2,r5	nrf_crypto_hash_finalize@000fb320
0x000fb382	3146	mov	r1,r6	nrf_crypto_hash_finalize@000fb320
0x000fb384	2046	mov	r0,r4	nrf_crypto_hash_finalize@000fb320
0x000fb386	bde87040	pop.w	{r4,r5,r6,lr}	nrf_crypto_hash_finalize@000fb320
0x000fb38a	1847	bx	r3	nrf_crypto_hash_finalize@000fb320
0x000fb38c	10b5	push	{r4,lr}	nrf_crypto_hash_init@000fb38c
0x000fb38e	50b1	cbz	r0,0x000fb3a6	nrf_crypto_hash_init@000fb38c
0x000fb390	61b1	cbz	r1,0x000fb3ac	nrf_crypto_hash_init@000fb38c
0x000fb392	4160	str	r1,[r0,#0x4]	nrf_crypto_hash_init@000fb38c
0x000fb394	0968	ldr	r1,[r1,#0x0]	nrf_crypto_hash_init@000fb38c
0x000fb396	0446	mov	r4,r0	nrf_crypto_hash_init@000fb38c
0x000fb398	8847	blx	r1	nrf_crypto_hash_init@000fb38c
0x000fb39a	0028	cmp	r0,#0x0	nrf_crypto_hash_init@000fb38c
0x000fb39c	02d1	bne	0x000fb3a4	nrf_crypto_hash_init@000fb38c
0x000fb39e	0548	ldr	r0,[0x000fb3b4]	nrf_crypto_hash_init@000fb38c
0x000fb3a0	2060	str	r0,[r4,#0x0]	nrf_crypto_hash_init@000fb38c
0x000fb3a2	0020	movs	r0,#0x0	nrf_crypto_hash_init@000fb38c
0x000fb3a4	10bd	pop	{r4,pc}	nrf_crypto_hash_init@000fb38c
0x000fb3a6	48f20150	movw	r0,#0x8501	nrf_crypto_hash_init@000fb38c
0x000fb3aa	10bd	pop	{r4,pc}	nrf_crypto_hash_init@000fb38c
0x000fb3ac	48f21050	movw	r0,#0x8510	nrf_crypto_hash_init@000fb38c
0x000fb3b0	10bd	pop	{r4,pc}	nrf_crypto_hash_init@000fb38c
0x000fb3b8	70b5	push	{r4,r5,r6,lr}	nrf_crypto_hash_update@000fb3b8
0x000fb3ba	1546	mov	r5,r2	nrf_crypto_hash_update@000fb3b8
0x000fb3bc	0e46	mov	r6,r1	nrf_crypto_hash_update@000fb3b8
0x000fb3be	0446	mov	r4,r0	nrf_crypto_hash_update@000fb3b8
0x000fb3c0	02f0d4f9	bl	0x000fd76c	nrf_crypto_hash_update@000fb3b8
0x000fb3c4	0028	cmp	r0,#0x0	nrf_crypto_hash_update@000fb3b8
0x000fb3c6	0bd1	bne	0x000fb3e0	nrf_crypto_hash_update@000fb3b8
0x000fb3c8	46b1	cbz	r6,0x000fb3dc	nrf_crypto_hash_update@000fb3b8
0x000fb3ca	55b1	cbz	r5,0x000fb3e2	nrf_crypto_hash_update@000fb3b8
0x000fb3cc	6068	ldr	r0,[r4,#0x4]	nrf_crypto_hash_update@000fb3b8
0x000fb3ce	2a46	mov	r2,r5	nrf_crypto_hash_update@000fb3b8
0x000fb3d0	3146	mov	r1,r6	nrf_crypto_hash_update@000fb3b8
0x000fb3d2	4368	ldr	r3,[r0,#0x4]	nrf_crypto_hash_update@000fb3b8
0x000fb3d4	2046	mov	r0,r4	nrf_crypto_hash_update@000fb3b8
0x000fb3d6	bde87040	pop.w	{r4,r5,r6,lr}	nrf_crypto_hash_update@000fb3b8
0x000fb3da	1847	bx	r3	nrf_crypto_hash_update@000fb3b8
0x000fb3dc	48f21050	movw	r0,#0x8510	nrf_crypto_hash_update@000fb3b8
0x000fb3e0	70bd	pop	{r4,r5,r6,pc}	nrf_crypto_hash_update@000fb3b8
0x000fb3e2	0020	movs	r0,#0x0	nrf_crypto_hash_update@000fb3b8
0x000fb3e4	70bd	pop	{r4,r5,r6,pc}	nrf_crypto_hash_update@000fb3b8
0x000fb3e8	2de9f041	push	{r4,r5,r6,r7,r8,lr}	nrf_crypto_init@000fb3e8
0x000fb3ec	0b48	ldr	r0,[0x000fb41c]	nrf_crypto_init@000fb3e8
0x000fb3ee	0c4d	ldr	r5,[0x000fb420]	nrf_crypto_init@000fb3e8
0x000fb3f0	0c4f	ldr	r7,[0x000fb424]	nrf_crypto_init@000fb3e8
0x000fb3f2	401b	subs	r0,r0,r5	nrf_crypto_init@000fb3e8
0x000fb3f4	c608	lsrs	r6,r0,#0x3	nrf_crypto_init@000fb3e8
0x000fb3f6	0120	movs	r0,#0x1	nrf_crypto_init@000fb3e8
0x000fb3f8	3870	strb	r0,[r7,#0x0]	nrf_crypto_init@000fb3e8
0x000fb3fa	0024	movs	r4,#0x0	nrf_crypto_init@000fb3e8
0x000fb3fc	06e0	b	0x000fb40c	nrf_crypto_init@000fb3e8
0x000fb400	55f83400	ldr.w	r0,[r5,r4,lsl #0x3]	nrf_crypto_init@000fb3e8
0x000fb404	8047	blx	r0	nrf_crypto_init@000fb3e8
0x000fb406	0028	cmp	r0,#0x0	nrf_crypto_init@000fb3e8
0x000fb408	05d1	bne	0x000fb416	nrf_crypto_init@000fb3e8
0x000fb40a	641c	adds	r4,r4,#0x1	nrf_crypto_init@000fb3e8
0x000fb40c	b442	cmp	r4,r6	nrf_crypto_init@000fb3e8
0x000fb40e	f7d3	bcc	0x000fb400	nrf_crypto_init@000fb3e8
0x000fb410	0220	movs	r0,#0x2	nrf_crypto_init@000fb3e8
0x000fb412	3870	strb	r0,[r7,#0x0]	nrf_crypto_init@000fb3e8
0x000fb414	0020	movs	r0,#0x0	nrf_crypto_init@000fb3e8
0x000fb416	bde8f081	pop.w	{r4,r5,r6,r7,r8,pc}	nrf_crypto_init@000fb3e8
0x000fb428	70b5	push	{r4,r5,r6,lr}	nrf_crypto_internal_double_swap_endian@000fb428
0x000fb42a	1446	mov	r4,r2	nrf_crypto_internal_double_swap_endian@000fb428
0x000fb42c	0d46	mov	r5,r1	nrf_crypto_internal_double_swap_endian@000fb428
0x000fb42e	0646	mov	r6,r0	nrf_crypto_internal_double_swap_endian@000fb428
0x000fb430	00f036f8	bl	0x000fb4a0	nrf_crypto_internal_double_swap_endian@000fb428
0x000fb434	2919	adds	r1,r5,r4	nrf_crypto_internal_double_swap_endian@000fb428
0x000fb436	3019	adds	r0,r6,r4	nrf_crypto_internal_double_swap_endian@000fb428
0x000fb438	2246	mov	r2,r4	nrf_crypto_internal_double_swap_endian@000fb428
0x000fb43a	bde87040	pop.w	{r4,r5,r6,lr}	nrf_crypto_internal_double_swap_endian@000fb428
0x000fb43e	00f02fb8	b.w	0x000fb4a0	nrf_crypto_internal_double_swap_endian@000fb428
0x000fb442	30b5	push	{r4,r5,lr}	nrf_crypto_internal_double_swap_endian_in_place@000fb442
0x000fb444	0c46	mov	r4,r1	nrf_crypto_internal_double_swap_endian_in_place@000fb442
0x000fb446	0546	mov	r5,r0	nrf_crypto_internal_double_swap_endian_in_place@000fb442
0x000fb448	00f035f8	bl	0x000fb4b6	nrf_crypto_internal_double_swap_endian_in_place@000fb442
0x000fb44c	2819	adds	r0,r5,r4	nrf_crypto_internal_double_swap_endian_in_place@000fb442
0x000fb44e	2146	mov	r1,r4	nrf_crypto_internal_double_swap_endian_in_place@000fb442
0x000fb450	bde83040	pop.w	{r4,r5,lr}	nrf_crypto_internal_double_swap_endian_in_place@000fb442
0x000fb454	00f02fb8	b.w	0x000fb4b6	nrf_crypto_internal_double_swap_endian_in_place@000fb442
0x000fb458	28b1	cbz	r0,0x000fb466	nrf_crypto_internal_ecc_key_input_check@000fb458
0x000fb45a	0068	ldr	r0,[r0,#0x0]	nrf_crypto_internal_ecc_key_input_check@000fb458
0x000fb45c	8842	cmp	r0,r1	nrf_crypto_internal_ecc_key_input_check@000fb458
0x000fb45e	05d0	beq	0x000fb46c	nrf_crypto_internal_ecc_key_input_check@000fb458
0x000fb460	48f24050	movw	r0,#0x8540	nrf_crypto_internal_ecc_key_input_check@000fb458
0x000fb464	7047	bx	lr	nrf_crypto_internal_ecc_key_input_check@000fb458
0x000fb466	48f21050	movw	r0,#0x8510	nrf_crypto_internal_ecc_key_input_check@000fb458
0x000fb46a	7047	bx	lr	nrf_crypto_internal_ecc_key_input_check@000fb458
0x000fb46c	0020	movs	r0,#0x0	nrf_crypto_internal_ecc_key_input_check@000fb458
0x000fb46e	7047	bx	lr	nrf_crypto_internal_ecc_key_input_check@000fb458
0x000fb470	28b1	cbz	r0,0x000fb47e	nrf_crypto_internal_ecc_key_output_prepare@000fb470
0x000fb472	39b1	cbz	r1,0x000fb484	nrf_crypto_internal_ecc_key_output_prepare@000fb470
0x000fb474	0022	movs	r2,#0x0	nrf_crypto_internal_ecc_key_output_prepare@000fb470
0x000fb476	c1e90020	strd	r2,r0,[r1,#0x0]	nrf_crypto_internal_ecc_key_output_prepare@000fb470
0x000fb47a	1046	mov	r0,r2	nrf_crypto_internal_ecc_key_output_prepare@000fb470
0x000fb47c	7047	bx	lr	nrf_crypto_internal_ecc_key_output_prepare@000fb470
0x000fb47e	48f21050	movw	r0,#0x8510	nrf_crypto_internal_ecc_key_output_prepare@000fb470
0x000fb482	7047	bx	lr	nrf_crypto_internal_ecc_key_output_prepare@000fb470
0x000fb484	48f21350	movw	r0,#0x8513	nrf_crypto_internal_ecc_key_output_prepare@000fb470
0x000fb488	7047	bx	lr	nrf_crypto_internal_ecc_key_output_prepare@000fb470
0x000fb48a	20b1	cbz	r0,0x000fb496	nrf_crypto_internal_ecc_raw_input_check@000fb48a
0x000fb48c	9142	cmp	r1,r2	nrf_crypto_internal_ecc_raw_input_check@000fb48a
0x000fb48e	05d0	beq	0x000fb49c	nrf_crypto_internal_ecc_raw_input_check@000fb48a
0x000fb490	48f21150	movw	r0,#0x8511	nrf_crypto_internal_ecc_raw_input_check@000fb48a
0x000fb494	7047	bx	lr	nrf_crypto_internal_ecc_raw_input_check@000fb48a
0x000fb496	48f21050	movw	r0,#0x8510	nrf_crypto_internal_ecc_raw_input_check@000fb48a
0x000fb49a	7047	bx	lr	nrf_crypto_internal_ecc_raw_input_check@000fb48a
0x000fb49c	0020	movs	r0,#0x0	nrf_crypto_internal_ecc_raw_input_check@000fb48a
0x000fb49e	7047	bx	lr	nrf_crypto_internal_ecc_raw_input_check@000fb48a
0x000fb4a0	0244	add	r2,r0	nrf_crypto_internal_swap_endian@000fb4a0
0x000fb4a2	521e	subs	r2,r2,#0x1	nrf_crypto_internal_swap_endian@000fb4a0
0x000fb4a4	04e0	b	0x000fb4b0	nrf_crypto_internal_swap_endian@000fb4a0
0x000fb4a8	11f8013b	ldrb.w	r3,[r1],#0x1	nrf_crypto_internal_swap_endian@000fb4a0
0x000fb4ac	02f80139	strb.w	r3,[r2],#-0x1	nrf_crypto_internal_swap_endian@000fb4a0
0x000fb4b0	8242	cmp	r2,r0	nrf_crypto_internal_swap_endian@000fb4a0
0x000fb4b2	f9d2	bcs	0x000fb4a8	nrf_crypto_internal_swap_endian@000fb4a0
0x000fb4b4	7047	bx	lr	nrf_crypto_internal_swap_endian@000fb4a0
0x000fb4b6	0144	add	r1,r0	nrf_crypto_internal_swap_endian_in_place@000fb4b6
0x000fb4b8	491e	subs	r1,r1,#0x1	nrf_crypto_internal_swap_endian_in_place@000fb4b6
0x000fb4ba	05e0	b	0x000fb4c8	nrf_crypto_internal_swap_endian_in_place@000fb4b6
0x000fb4bc	0278	ldrb	r2,[r0,#0x0]	nrf_crypto_internal_swap_endian_in_place@000fb4b6
0x000fb4be	0b78	ldrb	r3,[r1,#0x0]	nrf_crypto_internal_swap_endian_in_place@000fb4b6
0x000fb4c0	00f8013b	strb.w	r3,[r0],#0x1	nrf_crypto_internal_swap_endian_in_place@000fb4b6
0x000fb4c4	01f80129	strb.w	r2,[r1],#-0x1	nrf_crypto_internal_swap_endian_in_place@000fb4b6
0x000fb4c8	8142	cmp	r1,r0	nrf_crypto_internal_swap_endian_in_place@000fb4b6
0x000fb4ca	f7d2	bcs	0x000fb4bc	nrf_crypto_internal_swap_endian_in_place@000fb4b6
0x000fb4cc	7047	bx	lr	nrf_crypto_internal_swap_endian_in_place@000fb4b6
0x000fb4d0	4ff44050	mov.w	r0,#0x3000	nrf_dfu_bank0_start_addr@000fb4d0
0x000fb4d4	074a	ldr	r2,[0x000fb4f4]	nrf_dfu_bank0_start_addr@000fb4d0
0x000fb4d6	4168	ldr	r1,[r0,#0x4]	nrf_dfu_bank0_start_addr@000fb4d0
0x000fb4d8	9142	cmp	r1,r2	nrf_dfu_bank0_start_addr@000fb4d0
0x000fb4da	07d1	bne	0x000fb4ec	nrf_dfu_bank0_start_addr@000fb4d0
0x000fb4dc	8068	ldr	r0,[r0,#0x8]	nrf_dfu_bank0_start_addr@000fb4d0
0x000fb4de	411e	subs	r1,r0,#0x1	nrf_dfu_bank0_start_addr@000fb4d0
0x000fb4e0	c1f30b01	ubfx	r1,r1,#0x0,#0xc	nrf_dfu_bank0_start_addr@000fb4d0
0x000fb4e4	401a	subs	r0,r0,r1	nrf_dfu_bank0_start_addr@000fb4d0
0x000fb4e6	00f6ff70	addw	r0,r0,#0xfff	nrf_dfu_bank0_start_addr@000fb4d0
0x000fb4ea	7047	bx	lr	nrf_dfu_bank0_start_addr@000fb4d0
0x000fb4ec	4ff48050	mov.w	r0,#0x1000	nrf_dfu_bank0_start_addr@000fb4d0
0x000fb4f0	7047	bx	lr	nrf_dfu_bank0_start_addr@000fb4d0
0x000fb4f8	00b5	push	{lr}	nrf_dfu_bank1_start_addr@000fb4f8
0x000fb4fa	fff7e9ff	bl	0x000fb4d0	nrf_dfu_bank1_start_addr@000fb4f8
0x000fb4fe	0549	ldr	r1,[0x000fb514]	nrf_dfu_bank1_start_addr@000fb4f8
0x000fb500	8969	ldr	r1,[r1,#0x18]	nrf_dfu_bank1_start_addr@000fb4f8
0x000fb502	0a18	adds	r2,r1,r0	nrf_dfu_bank1_start_addr@000fb4f8
0x000fb504	401e	subs	r0,r0,#0x1	nrf_dfu_bank1_start_addr@000fb4f8
0x000fb506	0844	add	r0,r1	nrf_dfu_bank1_start_addr@000fb4f8
0x000fb508	c0f30b00	ubfx	r0,r0,#0x0,#0xc	nrf_dfu_bank1_start_addr@000fb4f8
0x000fb50c	101a	subs	r0,r2,r0	nrf_dfu_bank1_start_addr@000fb4f8
0x000fb50e	00f6ff70	addw	r0,r0,#0xfff	nrf_dfu_bank1_start_addr@000fb4f8
0x000fb512	00bd	pop	{pc}	nrf_dfu_bank1_start_addr@000fb4f8
0x000fb518	0021	movs	r1,#0x0	nrf_dfu_bank_invalidate@000fb518
0x000fb51a	0160	str	r1,[r0,#0x0]	nrf_dfu_bank_invalidate@000fb518
0x000fb51c	4160	str	r1,[r0,#0x4]	nrf_dfu_bank_invalidate@000fb518
0x000fb51e	8160	str	r1,[r0,#0x8]	nrf_dfu_bank_invalidate@000fb518
0x000fb520	0148	ldr	r0,[0x000fb528]	nrf_dfu_bank_invalidate@000fb518
0x000fb522	0163	str	r1,[r0,#0x30]	nrf_dfu_bank_invalidate@000fb518
0x000fb524	7047	bx	lr	nrf_dfu_bank_invalidate@000fb518
0x000fb52c	2de9f041	push	{r4,r5,r6,r7,r8,lr}	nrf_dfu_cache_prepare@000fb52c
0x000fb530	9846	mov	r8,r3	nrf_dfu_cache_prepare@000fb52c
0x000fb532	214f	ldr	r7,[0x000fb5b8]	nrf_dfu_cache_prepare@000fb52c
0x000fb534	1646	mov	r6,r2	nrf_dfu_cache_prepare@000fb52c
0x000fb536	0c46	mov	r4,r1	nrf_dfu_cache_prepare@000fb52c
0x000fb538	0546	mov	r5,r0	nrf_dfu_cache_prepare@000fb52c
0x000fb53a	0023	movs	r3,#0x0	nrf_dfu_cache_prepare@000fb52c
0x000fb53c	0121	movs	r1,#0x1	nrf_dfu_cache_prepare@000fb52c
0x000fb53e	5bb1	cbz	r3,0x000fb558	nrf_dfu_cache_prepare@000fb52c
0x000fb540	012b	cmp	r3,#0x1	nrf_dfu_cache_prepare@000fb52c
0x000fb542	11d0	beq	0x000fb568	nrf_dfu_cache_prepare@000fb52c
0x000fb544	022b	cmp	r3,#0x2	nrf_dfu_cache_prepare@000fb52c
0x000fb546	1ed0	beq	0x000fb586	nrf_dfu_cache_prepare@000fb52c
0x000fb548	0020	movs	r0,#0x0	nrf_dfu_cache_prepare@000fb52c
0x000fb54a	381a	subs	r0,r7,r0	nrf_dfu_cache_prepare@000fb52c
0x000fb54c	a0f51030	sub.w	r0,r0,#0x24000	nrf_dfu_cache_prepare@000fb52c
0x000fb550	a842	cmp	r0,r5	nrf_dfu_cache_prepare@000fb52c
0x000fb552	1bd2	bcs	0x000fb58c	nrf_dfu_cache_prepare@000fb52c
0x000fb554	0122	movs	r2,#0x1	nrf_dfu_cache_prepare@000fb52c
0x000fb556	1ae0	b	0x000fb58e	nrf_dfu_cache_prepare@000fb52c
0x000fb558	fff7ceff	bl	0x000fb4f8	nrf_dfu_cache_prepare@000fb52c
0x000fb55c	8eb1	cbz	r6,0x000fb582	nrf_dfu_cache_prepare@000fb52c
0x000fb55e	1749	ldr	r1,[0x000fb5bc]	nrf_dfu_cache_prepare@000fb52c
0x000fb560	096a	ldr	r1,[r1,#0x20]	nrf_dfu_cache_prepare@000fb52c
0x000fb562	0129	cmp	r1,#0x1	nrf_dfu_cache_prepare@000fb52c
0x000fb564	f1d0	beq	0x000fb54a	nrf_dfu_cache_prepare@000fb52c
0x000fb566	0ce0	b	0x000fb582	nrf_dfu_cache_prepare@000fb52c
0x000fb568	fff7b2ff	bl	0x000fb4d0	nrf_dfu_cache_prepare@000fb52c
0x000fb56c	b8f1000f	cmp.w	r8,#0x0	nrf_dfu_cache_prepare@000fb52c
0x000fb570	05d1	bne	0x000fb57e	nrf_dfu_cache_prepare@000fb52c
0x000fb572	4ff44051	mov.w	r1,#0x3000	nrf_dfu_cache_prepare@000fb52c
0x000fb576	124a	ldr	r2,[0x000fb5c0]	nrf_dfu_cache_prepare@000fb52c
0x000fb578	4968	ldr	r1,[r1,#0x4]	nrf_dfu_cache_prepare@000fb52c
0x000fb57a	9142	cmp	r1,r2	nrf_dfu_cache_prepare@000fb52c
0x000fb57c	01d0	beq	0x000fb582	nrf_dfu_cache_prepare@000fb52c
0x000fb57e	0121	movs	r1,#0x1	nrf_dfu_cache_prepare@000fb52c
0x000fb580	e3e7	b	0x000fb54a	nrf_dfu_cache_prepare@000fb52c
0x000fb582	0021	movs	r1,#0x0	nrf_dfu_cache_prepare@000fb52c
0x000fb584	e1e7	b	0x000fb54a	nrf_dfu_cache_prepare@000fb52c
0x000fb586	4ff48050	mov.w	r0,#0x1000	nrf_dfu_cache_prepare@000fb52c
0x000fb58a	dee7	b	0x000fb54a	nrf_dfu_cache_prepare@000fb52c
0x000fb58c	0022	movs	r2,#0x0	nrf_dfu_cache_prepare@000fb52c
0x000fb58e	42ea0400	orr.w	r0,r2,r4	nrf_dfu_cache_prepare@000fb52c
0x000fb592	8843	bics	r0,r1	nrf_dfu_cache_prepare@000fb52c
0x000fb594	05d0	beq	0x000fb5a2	nrf_dfu_cache_prepare@000fb52c
0x000fb596	022b	cmp	r3,#0x2	nrf_dfu_cache_prepare@000fb52c
0x000fb598	03d2	bcs	0x000fb5a2	nrf_dfu_cache_prepare@000fb52c
0x000fb59a	5b1c	adds	r3,r3,#0x1	nrf_dfu_cache_prepare@000fb52c
0x000fb59c	dbb2	uxtb	r3,r3	nrf_dfu_cache_prepare@000fb52c
0x000fb59e	022b	cmp	r3,#0x2	nrf_dfu_cache_prepare@000fb52c
0x000fb5a0	ccd9	bls	0x000fb53c	nrf_dfu_cache_prepare@000fb52c
0x000fb5a2	12b1	cbz	r2,0x000fb5aa	nrf_dfu_cache_prepare@000fb52c
0x000fb5a4	0420	movs	r0,#0x4	nrf_dfu_cache_prepare@000fb52c
0x000fb5a6	bde8f081	pop.w	{r4,r5,r6,r7,r8,pc}	nrf_dfu_cache_prepare@000fb52c
0x000fb5aa	1bb1	cbz	r3,0x000fb5b4	nrf_dfu_cache_prepare@000fb52c
0x000fb5ac	0348	ldr	r0,[0x000fb5bc]	nrf_dfu_cache_prepare@000fb52c
0x000fb5ae	1830	adds	r0,#0x18	nrf_dfu_cache_prepare@000fb52c
0x000fb5b0	fff7b2ff	bl	0x000fb518	nrf_dfu_cache_prepare@000fb52c
0x000fb5b4	0020	movs	r0,#0x0	nrf_dfu_cache_prepare@000fb52c
0x000fb5b6	f6e7	b	0x000fb5a6	nrf_dfu_cache_prepare@000fb52c
0x000fb5c4	70b5	push	{r4,r5,r6,lr}	nrf_dfu_command_req@000fb5c4
0x000fb5c6	0446	mov	r4,r0	nrf_dfu_command_req@000fb5c4
0x000fb5c8	0078	ldrb	r0,[r0,#0x0]	nrf_dfu_command_req@000fb5c4
0x000fb5ca	0928	cmp	r0,#0x9	nrf_dfu_command_req@000fb5c4
0x000fb5cc	11d2	bcs	0x000fb5f2	nrf_dfu_command_req@000fb5c4
0x000fb5ce	dfe800f0	tbb	[pc,r0]	nrf_dfu_command_req@000fb5c4
0x000fb5dc	0d46	mov	r5,r1	nrf_dfu_command_req@000fb5c4
0x000fb5de	1d49	ldr	r1,[0x000fb654]	nrf_dfu_command_req@000fb5c4
0x000fb5e0	0320	movs	r0,#0x3	nrf_dfu_command_req@000fb5c4
0x000fb5e2	c968	ldr	r1,[r1,#0xc]	nrf_dfu_command_req@000fb5c4
0x000fb5e4	8847	blx	r1	nrf_dfu_command_req@000fb5c4
0x000fb5e6	6069	ldr	r0,[r4,#0x14]	nrf_dfu_command_req@000fb5c4
0x000fb5e8	00f054fb	bl	0x000fbc94	nrf_dfu_command_req@000fb5c4
0x000fb5ec	fff765fa	bl	0x000faaba	nrf_dfu_command_req@000fb5c4
0x000fb5f0	6870	strb	r0,[r5,#0x1]	nrf_dfu_command_req@000fb5c4
0x000fb5f2	70bd	pop	{r4,r5,r6,pc}	nrf_dfu_command_req@000fb5c4
0x000fb5f4	0846	mov	r0,r1	nrf_dfu_command_req@000fb5c4
0x000fb5f6	28e0	b	0x000fb64a	nrf_dfu_command_req@000fb5c4
0x000fb5f8	0d46	mov	r5,r1	nrf_dfu_command_req@000fb5c4
0x000fb5fa	a18a	ldrh	r1,[r4,#0x14]	nrf_dfu_command_req@000fb5c4
0x000fb5fc	2069	ldr	r0,[r4,#0x10]	nrf_dfu_command_req@000fb5c4
0x000fb5fe	00f025fb	bl	0x000fbc4c	nrf_dfu_command_req@000fb5c4
0x000fb602	fff75afa	bl	0x000faaba	nrf_dfu_command_req@000fb5c4
0x000fb606	6870	strb	r0,[r5,#0x1]	nrf_dfu_command_req@000fb5c4
0x000fb608	2846	mov	r0,r5	nrf_dfu_command_req@000fb5c4
0x000fb60a	fff71ff8	bl	0x000fa64c	nrf_dfu_command_req@000fb5c4
0x000fb60e	e168	ldr	r1,[r4,#0xc]	nrf_dfu_command_req@000fb5c4
0x000fb610	0029	cmp	r1,#0x0	nrf_dfu_command_req@000fb5c4
0x000fb612	eed0	beq	0x000fb5f2	nrf_dfu_command_req@000fb5c4
0x000fb614	2069	ldr	r0,[r4,#0x10]	nrf_dfu_command_req@000fb5c4
0x000fb616	bde87040	pop.w	{r4,r5,r6,lr}	nrf_dfu_command_req@000fb5c4
0x000fb61a	0847	bx	r1	nrf_dfu_command_req@000fb5c4
0x000fb61c	0c46	mov	r4,r1	nrf_dfu_command_req@000fb5c4
0x000fb61e	0d49	ldr	r1,[0x000fb654]	nrf_dfu_command_req@000fb5c4
0x000fb620	0831	adds	r1,#0x8	nrf_dfu_command_req@000fb5c4
0x000fb622	081f	subs	r0,r1,#0x4	nrf_dfu_command_req@000fb5c4
0x000fb624	00f050fb	bl	0x000fbcc8	nrf_dfu_command_req@000fb5c4
0x000fb628	fff747fa	bl	0x000faaba	nrf_dfu_command_req@000fb5c4
0x000fb62c	6070	strb	r0,[r4,#0x1]	nrf_dfu_command_req@000fb5c4
0x000fb62e	0128	cmp	r0,#0x1	nrf_dfu_command_req@000fb5c4
0x000fb630	dfd1	bne	0x000fb5f2	nrf_dfu_command_req@000fb5c4
0x000fb632	0020	movs	r0,#0x0	nrf_dfu_command_req@000fb5c4
0x000fb634	00f054fa	bl	0x000fbae0	nrf_dfu_command_req@000fb5c4
0x000fb638	0028	cmp	r0,#0x0	nrf_dfu_command_req@000fb5c4
0x000fb63a	dad0	beq	0x000fb5f2	nrf_dfu_command_req@000fb5c4
0x000fb63c	0a20	movs	r0,#0xa	nrf_dfu_command_req@000fb5c4
0x000fb63e	6070	strb	r0,[r4,#0x1]	nrf_dfu_command_req@000fb5c4
0x000fb640	70bd	pop	{r4,r5,r6,pc}	nrf_dfu_command_req@000fb5c4
0x000fb642	0846	mov	r0,r1	nrf_dfu_command_req@000fb5c4
0x000fb644	4ff40071	mov.w	r1,#0x200	nrf_dfu_command_req@000fb5c4
0x000fb648	c160	str	r1,[r0,#0xc]	nrf_dfu_command_req@000fb5c4
0x000fb64a	bde87040	pop.w	{r4,r5,r6,lr}	nrf_dfu_command_req@000fb5c4
0x000fb64e	fef7fdbf	b.w	0x000fa64c	nrf_dfu_command_req@000fb5c4
0x000fb658	70b5	push	{r4,r5,r6,lr}	nrf_dfu_data_req@000fb658
0x000fb65a	1a4a	ldr	r2,[0x000fb6c4]	nrf_dfu_data_req@000fb658
0x000fb65c	0578	ldrb	r5,[r0,#0x0]	nrf_dfu_data_req@000fb658
0x000fb65e	0124	movs	r4,#0x1	nrf_dfu_data_req@000fb658
0x000fb660	936c	ldr	r3,[r2,#0x48]	nrf_dfu_data_req@000fb658
0x000fb662	092d	cmp	r5,#0x9	nrf_dfu_data_req@000fb658
0x000fb664	2cd2	bcs	0x000fb6c0	nrf_dfu_data_req@000fb658
0x000fb666	dfe805f0	tbb	[pc,r5]	nrf_dfu_data_req@000fb658
0x000fb674	00f032ff	bl	0x000fc4dc	nrf_dfu_data_req@000fb658
0x000fb678	22e0	b	0x000fb6c0	nrf_dfu_data_req@000fb658
0x000fb67a	00f0a5ff	bl	0x000fc5c8	nrf_dfu_data_req@000fb658
0x000fb67e	1fe0	b	0x000fb6c0	nrf_dfu_data_req@000fb658
0x000fb680	8b60	str	r3,[r1,#0x8]	nrf_dfu_data_req@000fb658
0x000fb682	106d	ldr	r0,[r2,#0x50]	nrf_dfu_data_req@000fb658
0x000fb684	4860	str	r0,[r1,#0x4]	nrf_dfu_data_req@000fb658
0x000fb686	1be0	b	0x000fb6c0	nrf_dfu_data_req@000fb658
0x000fb688	d2e91454	ldrd	r5,r4,[r2,#0x50]	nrf_dfu_data_req@000fb658
0x000fb68c	566c	ldr	r6,[r2,#0x44]	nrf_dfu_data_req@000fb658
0x000fb68e	2c1b	subs	r4,r5,r4	nrf_dfu_data_req@000fb658
0x000fb690	a642	cmp	r6,r4	nrf_dfu_data_req@000fb658
0x000fb692	03d0	beq	0x000fb69c	nrf_dfu_data_req@000fb658
0x000fb694	0820	movs	r0,#0x8	nrf_dfu_data_req@000fb658
0x000fb696	4870	strb	r0,[r1,#0x1]	nrf_dfu_data_req@000fb658
0x000fb698	0124	movs	r4,#0x1	nrf_dfu_data_req@000fb658
0x000fb69a	11e0	b	0x000fb6c0	nrf_dfu_data_req@000fb658
0x000fb69c	0024	movs	r4,#0x0	nrf_dfu_data_req@000fb658
0x000fb69e	5565	str	r5,[r2,#0x54]	nrf_dfu_data_req@000fb658
0x000fb6a0	5464	str	r4,[r2,#0x44]	nrf_dfu_data_req@000fb658
0x000fb6a2	2146	mov	r1,r4	nrf_dfu_data_req@000fb658
0x000fb6a4	d364	str	r3,[r2,#0x4c]	nrf_dfu_data_req@000fb658
0x000fb6a6	00f053ff	bl	0x000fc550	nrf_dfu_data_req@000fb658
0x000fb6aa	0749	ldr	r1,[0x000fb6c8]	nrf_dfu_data_req@000fb658
0x000fb6ac	0420	movs	r0,#0x4	nrf_dfu_data_req@000fb658
0x000fb6ae	c968	ldr	r1,[r1,#0xc]	nrf_dfu_data_req@000fb658
0x000fb6b0	8847	blx	r1	nrf_dfu_data_req@000fb658
0x000fb6b2	05e0	b	0x000fb6c0	nrf_dfu_data_req@000fb658
0x000fb6b4	8b60	str	r3,[r1,#0x8]	nrf_dfu_data_req@000fb658
0x000fb6b6	106d	ldr	r0,[r2,#0x50]	nrf_dfu_data_req@000fb658
0x000fb6b8	4860	str	r0,[r1,#0x4]	nrf_dfu_data_req@000fb658
0x000fb6ba	4ff48050	mov.w	r0,#0x1000	nrf_dfu_data_req@000fb658
0x000fb6be	c860	str	r0,[r1,#0xc]	nrf_dfu_data_req@000fb658
0x000fb6c0	2046	mov	r0,r4	nrf_dfu_data_req@000fb658
0x000fb6c2	70bd	pop	{r4,r5,r6,pc}	nrf_dfu_data_req@000fb658
0x000fb6cc	1346	mov	r3,r2	nrf_dfu_flash_erase@000fb6cc
0x000fb6ce	0a46	mov	r2,r1	nrf_dfu_flash_erase@000fb6cc
0x000fb6d0	0146	mov	r1,r0	nrf_dfu_flash_erase@000fb6cc
0x000fb6d2	0148	ldr	r0,[0x000fb6d8]	nrf_dfu_flash_erase@000fb6cc
0x000fb6d4	00f0febb	b.w	0x000fbed4	nrf_dfu_flash_erase@000fb6cc
0x000fb6dc	08b1	cbz	r0,0x000fb6e2	nrf_dfu_flash_init@000fb6dc
0x000fb6de	0349	ldr	r1,[0x000fb6ec]	nrf_dfu_flash_init@000fb6dc
0x000fb6e0	00e0	b	0x000fb6e4	nrf_dfu_flash_init@000fb6dc
0x000fb6e2	0349	ldr	r1,[0x000fb6f0]	nrf_dfu_flash_init@000fb6dc
0x000fb6e4	0022	movs	r2,#0x0	nrf_dfu_flash_init@000fb6dc
0x000fb6e6	0348	ldr	r0,[0x000fb6f4]	nrf_dfu_flash_init@000fb6dc
0x000fb6e8	00f00abc	b.w	0x000fbf00	nrf_dfu_flash_init@000fb6dc
0x000fb6f8	08b5	push	{r3,lr}	nrf_dfu_flash_store@000fb6f8
0x000fb6fa	0093	str	r3,[sp,#0x0]	nrf_dfu_flash_store@000fb6f8
0x000fb6fc	1346	mov	r3,r2	nrf_dfu_flash_store@000fb6f8
0x000fb6fe	0a46	mov	r2,r1	nrf_dfu_flash_store@000fb6f8
0x000fb700	0146	mov	r1,r0	nrf_dfu_flash_store@000fb6f8
0x000fb702	0248	ldr	r0,[0x000fb70c]	nrf_dfu_flash_store@000fb6f8
0x000fb704	00f094fc	bl	0x000fc030	nrf_dfu_flash_store@000fb6f8
0x000fb708	08bd	pop	{r3,pc}	nrf_dfu_flash_store@000fb6f8
0x000fb710	0849	ldr	r1,[0x000fb734]	nrf_dfu_init@000fb710
0x000fb712	10b5	push	{r4,lr}	nrf_dfu_init@000fb710
0x000fb714	0860	str	r0,[r1,#0x0]	nrf_dfu_init@000fb710
0x000fb716	0020	movs	r0,#0x0	nrf_dfu_init@000fb710
0x000fb718	fff71af9	bl	0x000fa950	nrf_dfu_init@000fb710
0x000fb71c	0648	ldr	r0,[0x000fb738]	nrf_dfu_init@000fb710
0x000fb71e	00f00dfa	bl	0x000fbb3c	nrf_dfu_init@000fb710
0x000fb722	0028	cmp	r0,#0x0	nrf_dfu_init@000fb710
0x000fb724	04d1	bne	0x000fb730	nrf_dfu_init@000fb710
0x000fb726	bde81040	pop.w	{r4,lr}	nrf_dfu_init@000fb710
0x000fb72a	0348	ldr	r0,[0x000fb738]	nrf_dfu_init@000fb710
0x000fb72c	00f026b8	b.w	0x000fb77c	nrf_dfu_init@000fb710
0x000fb730	10bd	pop	{r4,pc}	nrf_dfu_init@000fb710
0x000fb73c	0020	movs	r0,#0x0	nrf_dfu_init_user@000fb73c
0x000fb73e	7047	bx	lr	nrf_dfu_init_user@000fb73c
0x000fb740	1fb5	push	{r0,r1,r2,r3,r4,lr}	nrf_dfu_mbr_copy_bl@000fb740
0x000fb742	8908	lsrs	r1,r1,#0x2	nrf_dfu_mbr_copy_bl@000fb740
0x000fb744	0022	movs	r2,#0x0	nrf_dfu_mbr_copy_bl@000fb740
0x000fb746	01ab	add	r3,sp,#0x4	nrf_dfu_mbr_copy_bl@000fb740
0x000fb748	0092	str	r2,[sp,#0x0]	nrf_dfu_mbr_copy_bl@000fb740
0x000fb74a	83e80700	stm	r3,{r0,r1,r2}	nrf_dfu_mbr_copy_bl@000fb740
0x000fb74e	6846	mov	r0,sp	nrf_dfu_mbr_copy_bl@000fb740
0x000fb750	18df	svc	0x18	nrf_dfu_mbr_copy_bl@000fb740
0x000fb752	04b0	add	sp,#0x10	nrf_dfu_mbr_copy_bl@000fb740
0x000fb754	10bd	pop	{r4,pc}	nrf_dfu_mbr_copy_bl@000fb740
0x000fb758	1fb5	push	{r0,r1,r2,r3,r4,lr}	nrf_dfu_mbr_init_sd@000fb758
0x000fb75a	044b	ldr	r3,[0x000fb76c]	nrf_dfu_mbr_init_sd@000fb758
0x000fb75c	0fcb	ldmia	r3,{r0,r1,r2,r3}	nrf_dfu_mbr_init_sd@000fb758
0x000fb75e	8de80f00	stm	sp,{r0,r1,r2,r3}	nrf_dfu_mbr_init_sd@000fb758
0x000fb762	6846	mov	r0,sp	nrf_dfu_mbr_init_sd@000fb758
0x000fb764	18df	svc	0x18	nrf_dfu_mbr_init_sd@000fb758
0x000fb766	04b0	add	sp,#0x10	nrf_dfu_mbr_init_sd@000fb758
0x000fb768	10bd	pop	{r4,pc}	nrf_dfu_mbr_init_sd@000fb758
0x000fb770	4ff48050	mov.w	r0,#0x1000	nrf_dfu_mbr_irq_forward_address_set@000fb770
0x000fb774	4104	lsls	r1,r0,#0x11	nrf_dfu_mbr_irq_forward_address_set@000fb770
0x000fb776	0860	str	r0,[r1,#0x0]	nrf_dfu_mbr_irq_forward_address_set@000fb770
0x000fb778	0020	movs	r0,#0x0	nrf_dfu_mbr_irq_forward_address_set@000fb770
0x000fb77a	7047	bx	lr	nrf_dfu_mbr_irq_forward_address_set@000fb770
0x000fb77c	10b5	push	{r4,lr}	nrf_dfu_init@000fb710
0x000fb77e	0400	movs	r4,r0	nrf_dfu_init@000fb710
0x000fb780	11d0	beq	0x000fb7a6	nrf_dfu_init@000fb710
0x000fb782	0120	movs	r0,#0x1	nrf_dfu_init@000fb710
0x000fb784	fff7aaff	bl	0x000fb6dc	nrf_dfu_init@000fb710
0x000fb788	0028	cmp	r0,#0x0	nrf_dfu_init@000fb710
0x000fb78a	0bd1	bne	0x000fb7a4	nrf_dfu_init@000fb710
0x000fb78c	00f04cfa	bl	0x000fbc28	nrf_dfu_init@000fb710
0x000fb790	00f0e4fa	bl	0x000fbd5c	nrf_dfu_init@000fb710
0x000fb794	48b1	cbz	r0,0x000fb7aa	nrf_dfu_init@000fb710
0x000fb796	0949	ldr	r1,[0x000fb7bc]	nrf_dfu_init@000fb710
0x000fb798	081f	subs	r0,r1,#0x4	nrf_dfu_init@000fb710
0x000fb79a	00f095fa	bl	0x000fbcc8	nrf_dfu_init@000fb710
0x000fb79e	0128	cmp	r0,#0x1	nrf_dfu_init@000fb710
0x000fb7a0	03d0	beq	0x000fb7aa	nrf_dfu_init@000fb710
0x000fb7a2	0320	movs	r0,#0x3	nrf_dfu_init@000fb710
0x000fb7a4	10bd	pop	{r4,pc}	nrf_dfu_init@000fb710
0x000fb7a6	0720	movs	r0,#0x7	nrf_dfu_init@000fb710
0x000fb7a8	10bd	pop	{r4,pc}	nrf_dfu_init@000fb710
0x000fb7aa	0448	ldr	r0,[0x000fb7bc]	nrf_dfu_init@000fb710
0x000fb7ac	0838	subs	r0,#0x8	nrf_dfu_init@000fb710
0x000fb7ae	c460	str	r4,[r0,#0xc]	nrf_dfu_init@000fb710
0x000fb7b0	0020	movs	r0,#0x0	nrf_dfu_init@000fb710
0x000fb7b2	fff791f9	bl	0x000faad8	nrf_dfu_init@000fb710
0x000fb7b6	0020	movs	r0,#0x0	nrf_dfu_init@000fb710
0x000fb7b8	10bd	pop	{r4,pc}	nrf_dfu_init@000fb710
0x000fb7c0	8168	ldr	r1,[r0,#0x8]	nrf_dfu_req_handler_on_req@000fb7c0
0x000fb7c2	19b1	cbz	r1,0x000fb7cc	nrf_dfu_req_handler_on_req@000fb7c0
0x000fb7c4	024a	ldr	r2,[0x000fb7d0]	nrf_dfu_req_handler_on_req@000fb7c0
0x000fb7c6	1821	movs	r1,#0x18	nrf_dfu_req_handler_on_req@000fb7c0
0x000fb7c8	fef7feba	b.w	0x000f9dc8	nrf_dfu_req_handler_on_req@000fb7c0
0x000fb7cc	0720	movs	r0,#0x7	nrf_dfu_req_handler_on_req@000fb7c0
0x000fb7ce	7047	bx	lr	nrf_dfu_req_handler_on_req@000fb7c0
0x000fb7d8	30b5	push	{r4,r5,lr}	nrf_dfu_req_handler_req_process@000fb7d8
0x000fb7da	87b0	sub	sp,#0x1c	nrf_dfu_req_handler_req_process@000fb7d8
0x000fb7dc	0446	mov	r4,r0	nrf_dfu_req_handler_req_process@000fb7d8
0x000fb7de	1822	movs	r2,#0x18	nrf_dfu_req_handler_req_process@000fb7d8
0x000fb7e0	1f49	ldr	r1,[0x000fb860]	nrf_dfu_req_handler_req_process@000fb7d8
0x000fb7e2	6846	mov	r0,sp	nrf_dfu_req_handler_req_process@000fb7d8
0x000fb7e4	fcf719fe	bl	0x000f841a	nrf_dfu_req_handler_req_process@000fb7d8
0x000fb7e8	2078	ldrb	r0,[r4,#0x0]	nrf_dfu_req_handler_req_process@000fb7d8
0x000fb7ea	8df80000	strb.w	r0,[sp,#0x0]	nrf_dfu_req_handler_req_process@000fb7d8
0x000fb7ee	2278	ldrb	r2,[r4,#0x0]	nrf_dfu_req_handler_req_process@000fb7d8
0x000fb7f0	1c4d	ldr	r5,[0x000fb864]	nrf_dfu_req_handler_req_process@000fb7d8
0x000fb7f2	0d2a	cmp	r2,#0xd	nrf_dfu_req_handler_req_process@000fb7d8
0x000fb7f4	25d2	bcs	0x000fb842	nrf_dfu_req_handler_req_process@000fb7d8
0x000fb7f6	dfe802f0	tbb	[pc,r2]	nrf_dfu_req_handler_req_process@000fb7d8
0x000fb808	e968	ldr	r1,[r5,#0xc]	nrf_dfu_req_handler_req_process@000fb7d8
0x000fb80a	0720	movs	r0,#0x7	nrf_dfu_req_handler_req_process@000fb7d8
0x000fb80c	8847	blx	r1	nrf_dfu_req_handler_req_process@000fb7d8
0x000fb80e	1be0	b	0x000fb848	nrf_dfu_req_handler_req_process@000fb7d8
0x000fb810	2046	mov	r0,r4	nrf_dfu_req_handler_req_process@000fb7d8
0x000fb812	6946	mov	r1,sp	nrf_dfu_req_handler_req_process@000fb7d8
0x000fb814	062a	cmp	r2,#0x6	nrf_dfu_req_handler_req_process@000fb7d8
0x000fb816	01d0	beq	0x000fb81c	nrf_dfu_req_handler_req_process@000fb7d8
0x000fb818	012a	cmp	r2,#0x1	nrf_dfu_req_handler_req_process@000fb7d8
0x000fb81a	01d1	bne	0x000fb820	nrf_dfu_req_handler_req_process@000fb7d8
0x000fb81c	027c	ldrb	r2,[r0,#0x10]	nrf_dfu_req_handler_req_process@000fb7d8
0x000fb81e	2a70	strb	r2,[r5,#0x0]	nrf_dfu_req_handler_req_process@000fb7d8
0x000fb820	2a78	ldrb	r2,[r5,#0x0]	nrf_dfu_req_handler_req_process@000fb7d8
0x000fb822	012a	cmp	r2,#0x1	nrf_dfu_req_handler_req_process@000fb7d8
0x000fb824	05d0	beq	0x000fb832	nrf_dfu_req_handler_req_process@000fb7d8
0x000fb826	022a	cmp	r2,#0x2	nrf_dfu_req_handler_req_process@000fb7d8
0x000fb828	06d0	beq	0x000fb838	nrf_dfu_req_handler_req_process@000fb7d8
0x000fb82a	0020	movs	r0,#0x0	nrf_dfu_req_handler_req_process@000fb7d8
0x000fb82c	2870	strb	r0,[r5,#0x0]	nrf_dfu_req_handler_req_process@000fb7d8
0x000fb82e	0520	movs	r0,#0x5	nrf_dfu_req_handler_req_process@000fb7d8
0x000fb830	08e0	b	0x000fb844	nrf_dfu_req_handler_req_process@000fb7d8
0x000fb832	fff7c7fe	bl	0x000fb5c4	nrf_dfu_req_handler_req_process@000fb7d8
0x000fb836	07e0	b	0x000fb848	nrf_dfu_req_handler_req_process@000fb7d8
0x000fb838	fff70eff	bl	0x000fb658	nrf_dfu_req_handler_req_process@000fb7d8
0x000fb83c	20b9	cbnz	r0,0x000fb848	nrf_dfu_req_handler_req_process@000fb7d8
0x000fb83e	07b0	add	sp,#0x1c	nrf_dfu_req_handler_req_process@000fb7d8
0x000fb840	30bd	pop	{r4,r5,pc}	nrf_dfu_req_handler_req_process@000fb7d8
0x000fb842	0220	movs	r0,#0x2	nrf_dfu_req_handler_req_process@000fb7d8
0x000fb844	8df80100	strb.w	r0,[sp,#0x1]	nrf_dfu_req_handler_req_process@000fb7d8
0x000fb848	d4e90112	ldrd	r1,r2,[r4,#0x4]	nrf_dfu_req_handler_req_process@000fb7d8
0x000fb84c	6846	mov	r0,sp	nrf_dfu_req_handler_req_process@000fb7d8
0x000fb84e	9047	blx	r2	nrf_dfu_req_handler_req_process@000fb7d8
0x000fb850	9df80100	ldrb.w	r0,[sp,#0x1]	nrf_dfu_req_handler_req_process@000fb7d8
0x000fb854	0128	cmp	r0,#0x1	nrf_dfu_req_handler_req_process@000fb7d8
0x000fb856	f2d0	beq	0x000fb83e	nrf_dfu_req_handler_req_process@000fb7d8
0x000fb858	e968	ldr	r1,[r5,#0xc]	nrf_dfu_req_handler_req_process@000fb7d8
0x000fb85a	0520	movs	r0,#0x5	nrf_dfu_req_handler_req_process@000fb7d8
0x000fb85c	8847	blx	r1	nrf_dfu_req_handler_req_process@000fb7d8
0x000fb85e	eee7	b	0x000fb83e	nrf_dfu_req_handler_req_process@000fb7d8
0x000fb868	38b1	cbz	r0,0x000fb87a	nrf_dfu_set_adv_name_handler@000fb868
0x000fb86a	0549	ldr	r1,[0x000fb880]	nrf_dfu_set_adv_name_handler@000fb868
0x000fb86c	0160	str	r1,[r0,#0x0]	nrf_dfu_set_adv_name_handler@000fb868
0x000fb86e	0549	ldr	r1,[0x000fb884]	nrf_dfu_set_adv_name_handler@000fb868
0x000fb870	4160	str	r1,[r0,#0x4]	nrf_dfu_set_adv_name_handler@000fb868
0x000fb872	0121	movs	r1,#0x1	nrf_dfu_set_adv_name_handler@000fb868
0x000fb874	0172	strb	r1,[r0,#0x8]	nrf_dfu_set_adv_name_handler@000fb868
0x000fb876	0020	movs	r0,#0x0	nrf_dfu_set_adv_name_handler@000fb868
0x000fb878	7047	bx	lr	nrf_dfu_set_adv_name_handler@000fb868
0x000fb87a	0e20	movs	r0,#0xe	nrf_dfu_set_adv_name_handler@000fb868
0x000fb87c	7047	bx	lr	nrf_dfu_set_adv_name_handler@000fb868
0x000fb888	10b5	push	{r4,lr}	
0x000fb88a	0c00	movs	r4,r1	
0x000fb88c	0146	mov	r1,r0	
0x000fb88e	4ff01100	mov.w	r0,#0x11	
0x000fb892	07d0	beq	0x000fb8a4	
0x000fb894	2278	ldrb	r2,[r4,#0x0]	
0x000fb896	052a	cmp	r2,#0x5	
0x000fb898	05d2	bcs	0x000fb8a6	
0x000fb89a	dfe802f0	tbb	[pc,r2]	
0x000fb8a4	0e20	movs	r0,#0xe	
0x000fb8a6	10bd	pop	{r4,pc}	
0x000fb8a8	0846	mov	r0,r1	
0x000fb8aa	00f051f8	bl	0x000fb950	
0x000fb8ae	0028	cmp	r0,#0x0	
0x000fb8b0	f9d1	bne	0x000fb8a6	
0x000fb8b2	0221	movs	r1,#0x2	
0x000fb8b4	2170	strb	r1,[r4,#0x0]	
0x000fb8b6	10bd	pop	{r4,pc}	
0x000fb8b8	1120	movs	r0,#0x11	
0x000fb8ba	10bd	pop	{r4,pc}	
0x000fb8bc	0820	movs	r0,#0x8	
0x000fb8be	10bd	pop	{r4,pc}	
0x000fb8c0	0246	mov	r2,r0	
0x000fb8c2	0820	movs	r0,#0x8	
0x000fb8c4	41b1	cbz	r1,0x000fb8d8	
0x000fb8c6	0b78	ldrb	r3,[r1,#0x0]	
0x000fb8c8	022b	cmp	r3,#0x2	
0x000fb8ca	04d1	bne	0x000fb8d6	
0x000fb8cc	022a	cmp	r2,#0x2	
0x000fb8ce	05d0	beq	0x000fb8dc	
0x000fb8d0	032a	cmp	r2,#0x3	
0x000fb8d2	00d1	bne	0x000fb8d6	
0x000fb8d4	1120	movs	r0,#0x11	
0x000fb8d6	7047	bx	lr	
0x000fb8d8	0e20	movs	r0,#0xe	
0x000fb8da	7047	bx	lr	
0x000fb8dc	0020	movs	r0,#0x0	
0x000fb8de	0322	movs	r2,#0x3	
0x000fb8e0	0a70	strb	r2,[r1,#0x0]	
0x000fb8e2	7047	bx	lr	
0x000fb8e4	70b5	push	{r4,r5,r6,lr}	nrf_dfu_settings_additional_erase@000fb8e4
0x000fb8e6	0b48	ldr	r0,[0x000fb914]	nrf_dfu_settings_additional_erase@000fb8e4
0x000fb8e8	0024	movs	r4,#0x0	nrf_dfu_settings_additional_erase@000fb8e4
0x000fb8ea	d0f82413	ldr.w	r1,[r0,#0x324]	nrf_dfu_settings_additional_erase@000fb8e4
0x000fb8ee	491c	adds	r1,r1,#0x1	nrf_dfu_settings_additional_erase@000fb8e4
0x000fb8f0	03d1	bne	0x000fb8fa	nrf_dfu_settings_additional_erase@000fb8e4
0x000fb8f2	d0f86403	ldr.w	r0,[r0,#0x364]	nrf_dfu_settings_additional_erase@000fb8e4
0x000fb8f6	401c	adds	r0,r0,#0x1	nrf_dfu_settings_additional_erase@000fb8e4
0x000fb8f8	09d0	beq	0x000fb90e	nrf_dfu_settings_additional_erase@000fb8e4
0x000fb8fa	4ff47f25	mov.w	r5,#0xff000	nrf_dfu_settings_additional_erase@000fb8e4
0x000fb8fe	2846	mov	r0,r5	nrf_dfu_settings_additional_erase@000fb8e4
0x000fb900	00f0b6fb	bl	0x000fc070	nrf_dfu_settings_additional_erase@000fb8e4
0x000fb904	c922	movs	r2,#0xc9	nrf_dfu_settings_additional_erase@000fb8e4
0x000fb906	0349	ldr	r1,[0x000fb914]	nrf_dfu_settings_additional_erase@000fb8e4
0x000fb908	2846	mov	r0,r5	nrf_dfu_settings_additional_erase@000fb8e4
0x000fb90a	00f0e1fb	bl	0x000fc0d0	nrf_dfu_settings_additional_erase@000fb8e4
0x000fb90e	2046	mov	r0,r4	nrf_dfu_settings_additional_erase@000fb8e4
0x000fb910	70bd	pop	{r4,r5,r6,pc}	nrf_dfu_settings_additional_erase@000fb8e4
0x000fb918	10b5	push	{r4,lr}	nrf_dfu_settings_adv_name_copy@000fb918
0x000fb91a	28b1	cbz	r0,0x000fb928	nrf_dfu_settings_adv_name_copy@000fb918
0x000fb91c	1c22	movs	r2,#0x1c	nrf_dfu_settings_adv_name_copy@000fb918
0x000fb91e	0349	ldr	r1,[0x000fb92c]	nrf_dfu_settings_adv_name_copy@000fb918
0x000fb920	fcf77bfd	bl	0x000f841a	nrf_dfu_settings_adv_name_copy@000fb918
0x000fb924	0020	movs	r0,#0x0	nrf_dfu_settings_adv_name_copy@000fb918
0x000fb926	10bd	pop	{r4,pc}	nrf_dfu_settings_adv_name_copy@000fb918
0x000fb928	0e20	movs	r0,#0xe	nrf_dfu_settings_adv_name_copy@000fb918
0x000fb92a	10bd	pop	{r4,pc}	nrf_dfu_settings_adv_name_copy@000fb918
0x000fb930	10b5	push	{r4,lr}	bootloader_adv_name_record_valid@000fb930
0x000fb932	064c	ldr	r4,[0x000fb94c]	bootloader_adv_name_record_valid@000fb930
0x000fb934	0022	movs	r2,#0x0	bootloader_adv_name_record_valid@000fb930
0x000fb936	1821	movs	r1,#0x18	bootloader_adv_name_record_valid@000fb930
0x000fb938	201d	adds	r0,r4,#0x4	bootloader_adv_name_record_valid@000fb930
0x000fb93a	fef78ffe	bl	0x000fa65c	bootloader_adv_name_record_valid@000fb930
0x000fb93e	2168	ldr	r1,[r4,#0x0]	bootloader_adv_name_record_valid@000fb930
0x000fb940	8142	cmp	r1,r0	bootloader_adv_name_record_valid@000fb930
0x000fb942	01d1	bne	0x000fb948	bootloader_adv_name_record_valid@000fb930
0x000fb944	0120	movs	r0,#0x1	bootloader_adv_name_record_valid@000fb930
0x000fb946	10bd	pop	{r4,pc}	bootloader_adv_name_record_valid@000fb930
0x000fb948	0020	movs	r0,#0x0	bootloader_adv_name_record_valid@000fb930
0x000fb94a	10bd	pop	{r4,pc}	bootloader_adv_name_record_valid@000fb930
0x000fb950	70b5	push	{r4,r5,r6,lr}	nrf_dfu_settings_adv_name_write@000fb950
0x000fb952	0c4d	ldr	r5,[0x000fb984]	nrf_dfu_settings_adv_name_write@000fb950
0x000fb954	0400	movs	r4,r0	nrf_dfu_settings_adv_name_write@000fb950
0x000fb956	d5f86403	ldr.w	r0,[r5,#0x364]	nrf_dfu_settings_adv_name_write@000fb950
0x000fb95a	05f55975	add.w	r5,r5,#0x364	nrf_dfu_settings_adv_name_write@000fb950
0x000fb95e	03d0	beq	0x000fb968	nrf_dfu_settings_adv_name_write@000fb950
0x000fb960	401c	adds	r0,r0,#0x1	nrf_dfu_settings_adv_name_write@000fb950
0x000fb962	03d0	beq	0x000fb96c	nrf_dfu_settings_adv_name_write@000fb950
0x000fb964	0820	movs	r0,#0x8	nrf_dfu_settings_adv_name_write@000fb950
0x000fb966	70bd	pop	{r4,r5,r6,pc}	nrf_dfu_settings_adv_name_write@000fb950
0x000fb968	0e20	movs	r0,#0xe	nrf_dfu_settings_adv_name_write@000fb950
0x000fb96a	70bd	pop	{r4,r5,r6,pc}	nrf_dfu_settings_adv_name_write@000fb950
0x000fb96c	0022	movs	r2,#0x0	nrf_dfu_settings_adv_name_write@000fb950
0x000fb96e	1821	movs	r1,#0x18	nrf_dfu_settings_adv_name_write@000fb950
0x000fb970	201d	adds	r0,r4,#0x4	nrf_dfu_settings_adv_name_write@000fb950
0x000fb972	fef773fe	bl	0x000fa65c	nrf_dfu_settings_adv_name_write@000fb950
0x000fb976	2060	str	r0,[r4,#0x0]	nrf_dfu_settings_adv_name_write@000fb950
0x000fb978	0722	movs	r2,#0x7	nrf_dfu_settings_adv_name_write@000fb950
0x000fb97a	2146	mov	r1,r4	nrf_dfu_settings_adv_name_write@000fb950
0x000fb97c	2846	mov	r0,r5	nrf_dfu_settings_adv_name_write@000fb950
0x000fb97e	29df	svc	0x29	nrf_dfu_settings_adv_name_write@000fb950
0x000fb980	70bd	pop	{r4,r5,r6,pc}	nrf_dfu_settings_adv_name_write@000fb950
0x000fb988	0149	ldr	r1,[0x000fb990]	nrf_dfu_settings_backup@000fb988
0x000fb98a	01f037bd	b.w	0x000fd3fc	nrf_dfu_settings_backup@000fb988
0x000fb994	10b5	push	{r4,lr}	nrf_dfu_settings_init@000fb994
0x000fb996	fff7a1fe	bl	0x000fb6dc	nrf_dfu_settings_init@000fb994
0x000fb99a	30b9	cbnz	r0,0x000fb9aa	nrf_dfu_settings_init@000fb994
0x000fb99c	00f01cf8	bl	0x000fb9d8	nrf_dfu_settings_init@000fb994
0x000fb9a0	0020	movs	r0,#0x0	nrf_dfu_settings_init@000fb994
0x000fb9a2	00f09df8	bl	0x000fbae0	nrf_dfu_settings_init@000fb994
0x000fb9a6	0028	cmp	r0,#0x0	nrf_dfu_settings_init@000fb994
0x000fb9a8	00d0	beq	0x000fb9ac	nrf_dfu_settings_init@000fb994
0x000fb9aa	0320	movs	r0,#0x3	nrf_dfu_settings_init@000fb994
0x000fb9ac	10bd	pop	{r4,pc}	nrf_dfu_settings_init@000fb994
0x000fb9b0	10b5	push	{r4,lr}	nrf_dfu_settings_progress_reset@000fb9b0
0x000fb9b2	ff22	movs	r2,#0xff	nrf_dfu_settings_progress_reset@000fb9b0
0x000fb9b4	4ff40071	mov.w	r1,#0x200	nrf_dfu_settings_progress_reset@000fb9b0
0x000fb9b8	0648	ldr	r0,[0x000fb9d4]	nrf_dfu_settings_progress_reset@000fb9b0
0x000fb9ba	fcf74ffd	bl	0x000f845c	nrf_dfu_settings_progress_reset@000fb9b0
0x000fb9be	0548	ldr	r0,[0x000fb9d4]	nrf_dfu_settings_progress_reset@000fb9b0
0x000fb9c0	2021	movs	r1,#0x20	nrf_dfu_settings_progress_reset@000fb9b0
0x000fb9c2	2438	subs	r0,#0x24	nrf_dfu_settings_progress_reset@000fb9b0
0x000fb9c4	fcf751fd	bl	0x000f846a	nrf_dfu_settings_progress_reset@000fb9b0
0x000fb9c8	0249	ldr	r1,[0x000fb9d4]	nrf_dfu_settings_progress_reset@000fb9b0
0x000fb9ca	0020	movs	r0,#0x0	nrf_dfu_settings_progress_reset@000fb9b0
0x000fb9cc	5c39	subs	r1,#0x5c	nrf_dfu_settings_progress_reset@000fb9b0
0x000fb9ce	0863	str	r0,[r1,#0x30]	nrf_dfu_settings_progress_reset@000fb9b0
0x000fb9d0	10bd	pop	{r4,pc}	nrf_dfu_settings_progress_reset@000fb9b0
0x000fb9d8	2de9f047	push	{r4,r5,r6,r7,r8,r9,r10,lr}	nrf_dfu_settings_reinit@000fb9d8
0x000fb9dc	2e48	ldr	r0,[0x000fba98]	nrf_dfu_settings_reinit@000fb9d8
0x000fb9de	fef75bfe	bl	0x000fa698	nrf_dfu_settings_reinit@000fb9d8
0x000fb9e2	2e4e	ldr	r6,[0x000fba9c]	nrf_dfu_settings_reinit@000fb9d8
0x000fb9e4	0746	mov	r7,r0	nrf_dfu_settings_reinit@000fb9d8
0x000fb9e6	3468	ldr	r4,[r6,#0x0]	nrf_dfu_settings_reinit@000fb9d8
0x000fb9e8	2046	mov	r0,r4	nrf_dfu_settings_reinit@000fb9d8
0x000fb9ea	fef755fe	bl	0x000fa698	nrf_dfu_settings_reinit@000fb9d8
0x000fb9ee	4ff0010a	mov.w	r10,#0x1	nrf_dfu_settings_reinit@000fb9d8
0x000fb9f2	4ff00009	mov.w	r9,#0x0	nrf_dfu_settings_reinit@000fb9d8
0x000fb9f6	58b1	cbz	r0,0x000fba10	nrf_dfu_settings_reinit@000fb9d8
0x000fb9f8	6068	ldr	r0,[r4,#0x4]	nrf_dfu_settings_reinit@000fb9d8
0x000fb9fa	0128	cmp	r0,#0x1	nrf_dfu_settings_reinit@000fb9d8
0x000fb9fc	06d0	beq	0x000fba0c	nrf_dfu_settings_reinit@000fb9d8
0x000fb9fe	2046	mov	r0,r4	nrf_dfu_settings_reinit@000fb9d8
0x000fba00	fef7fefc	bl	0x000fa400	nrf_dfu_settings_reinit@000fb9d8
0x000fba04	d4f85c12	ldr.w	r1,[r4,#0x25c]	nrf_dfu_settings_reinit@000fb9d8
0x000fba08	8842	cmp	r0,r1	nrf_dfu_settings_reinit@000fb9d8
0x000fba0a	01d1	bne	0x000fba10	nrf_dfu_settings_reinit@000fb9d8
0x000fba0c	0125	movs	r5,#0x1	nrf_dfu_settings_reinit@000fb9d8
0x000fba0e	00e0	b	0x000fba12	nrf_dfu_settings_reinit@000fb9d8
0x000fba10	0025	movs	r5,#0x0	nrf_dfu_settings_reinit@000fb9d8
0x000fba12	234c	ldr	r4,[0x000fbaa0]	nrf_dfu_settings_reinit@000fb9d8
0x000fba14	4ff00208	mov.w	r8,#0x2	nrf_dfu_settings_reinit@000fb9d8
0x000fba18	4ff46071	mov.w	r1,#0x380	nrf_dfu_settings_reinit@000fb9d8
0x000fba1c	9fb1	cbz	r7,0x000fba46	nrf_dfu_settings_reinit@000fb9d8
0x000fba1e	0a46	mov	r2,r1	nrf_dfu_settings_reinit@000fb9d8
0x000fba20	1d49	ldr	r1,[0x000fba98]	nrf_dfu_settings_reinit@000fb9d8
0x000fba22	2046	mov	r0,r4	nrf_dfu_settings_reinit@000fb9d8
0x000fba24	fcf7f9fc	bl	0x000f841a	nrf_dfu_settings_reinit@000fb9d8
0x000fba28	9db1	cbz	r5,0x000fba52	nrf_dfu_settings_reinit@000fb9d8
0x000fba2a	3668	ldr	r6,[r6,#0x0]	nrf_dfu_settings_reinit@000fb9d8
0x000fba2c	2546	mov	r5,r4	nrf_dfu_settings_reinit@000fb9d8
0x000fba2e	5422	movs	r2,#0x54	nrf_dfu_settings_reinit@000fb9d8
0x000fba30	311d	adds	r1,r6,#0x4	nrf_dfu_settings_reinit@000fb9d8
0x000fba32	281d	adds	r0,r5,#0x4	nrf_dfu_settings_reinit@000fb9d8
0x000fba34	fcf7f1fc	bl	0x000f841a	nrf_dfu_settings_reinit@000fb9d8
0x000fba38	4ff43272	mov.w	r2,#0x2c8	nrf_dfu_settings_reinit@000fb9d8
0x000fba3c	06f15c01	add.w	r1,r6,#0x5c	nrf_dfu_settings_reinit@000fb9d8
0x000fba40	05f15c00	add.w	r0,r5,#0x5c	nrf_dfu_settings_reinit@000fb9d8
0x000fba44	03e0	b	0x000fba4e	nrf_dfu_settings_reinit@000fb9d8
0x000fba46	15b3	cbz	r5,0x000fba8e	nrf_dfu_settings_reinit@000fb9d8
0x000fba48	0a46	mov	r2,r1	nrf_dfu_settings_reinit@000fb9d8
0x000fba4a	1548	ldr	r0,[0x000fbaa0]	nrf_dfu_settings_reinit@000fb9d8
0x000fba4c	3168	ldr	r1,[r6,#0x0]	nrf_dfu_settings_reinit@000fb9d8
0x000fba4e	fcf7e4fc	bl	0x000f841a	nrf_dfu_settings_reinit@000fb9d8
0x000fba52	6068	ldr	r0,[r4,#0x4]	nrf_dfu_settings_reinit@000fb9d8
0x000fba54	0128	cmp	r0,#0x1	nrf_dfu_settings_reinit@000fb9d8
0x000fba56	18d1	bne	0x000fba8a	nrf_dfu_settings_reinit@000fb9d8
0x000fba58	1249	ldr	r1,[0x000fbaa4]	nrf_dfu_settings_reinit@000fb9d8
0x000fba5a	4022	movs	r2,#0x40	nrf_dfu_settings_reinit@000fb9d8
0x000fba5c	01f5e470	add.w	r0,r1,#0x1c8	nrf_dfu_settings_reinit@000fb9d8
0x000fba60	fcf7dbfc	bl	0x000f841a	nrf_dfu_settings_reinit@000fb9d8
0x000fba64	0f49	ldr	r1,[0x000fbaa4]	nrf_dfu_settings_reinit@000fb9d8
0x000fba66	1c22	movs	r2,#0x1c	nrf_dfu_settings_reinit@000fb9d8
0x000fba68	4031	adds	r1,#0x40	nrf_dfu_settings_reinit@000fb9d8
0x000fba6a	01f5e470	add.w	r0,r1,#0x1c8	nrf_dfu_settings_reinit@000fb9d8
0x000fba6e	fcf7d4fc	bl	0x000f841a	nrf_dfu_settings_reinit@000fb9d8
0x000fba72	84f86092	strb.w	r9,[r4,#0x260]	nrf_dfu_settings_reinit@000fb9d8
0x000fba76	84f8a1a2	strb.w	r10,[r4,#0x2a1]	nrf_dfu_settings_reinit@000fb9d8
0x000fba7a	0b48	ldr	r0,[0x000fbaa8]	nrf_dfu_settings_reinit@000fb9d8
0x000fba7c	84f8e292	strb.w	r9,[r4,#0x2e2]	nrf_dfu_settings_reinit@000fb9d8
0x000fba80	e169	ldr	r1,[r4,#0x1c]	nrf_dfu_settings_reinit@000fb9d8
0x000fba82	c0f82210	str.w	r1,[r0,#0x22]	nrf_dfu_settings_reinit@000fb9d8
0x000fba86	c4f80480	str.w	r8,[r4,#0x4]	nrf_dfu_settings_reinit@000fb9d8
0x000fba8a	bde8f087	pop.w	{r4,r5,r6,r7,r8,r9,r10,pc}	nrf_dfu_settings_reinit@000fb9d8
0x000fba8e	0448	ldr	r0,[0x000fbaa0]	nrf_dfu_settings_reinit@000fb9d8
0x000fba90	fcf7ebfc	bl	0x000f846a	nrf_dfu_settings_reinit@000fb9d8
0x000fba94	f7e7	b	0x000fba86	nrf_dfu_settings_reinit@000fb9d8
0x000fbaac	70b5	push	{r4,r5,r6,lr}	nrf_dfu_settings_write@000fbaac
0x000fbaae	0546	mov	r5,r0	nrf_dfu_settings_write@000fbaac
0x000fbab0	0948	ldr	r0,[0x000fbad8]	nrf_dfu_settings_write@000fbaac
0x000fbab2	01f0adfc	bl	0x000fd410	nrf_dfu_settings_write@000fbaac
0x000fbab6	084c	ldr	r4,[0x000fbad8]	nrf_dfu_settings_write@000fbaac
0x000fbab8	2060	str	r0,[r4,#0x0]	nrf_dfu_settings_write@000fbaac
0x000fbaba	2046	mov	r0,r4	nrf_dfu_settings_write@000fbaac
0x000fbabc	fef7a0fc	bl	0x000fa400	nrf_dfu_settings_write@000fbaac
0x000fbac0	c4f85c02	str.w	r0,[r4,#0x25c]	nrf_dfu_settings_write@000fbaac
0x000fbac4	a4f5e063	sub.w	r3,r4,#0x700	nrf_dfu_settings_write@000fbaac
0x000fbac8	2a46	mov	r2,r5	nrf_dfu_settings_write@000fbaac
0x000fbaca	2146	mov	r1,r4	nrf_dfu_settings_write@000fbaac
0x000fbacc	bde87040	pop.w	{r4,r5,r6,lr}	nrf_dfu_settings_write@000fbaac
0x000fbad0	0248	ldr	r0,[0x000fbadc]	nrf_dfu_settings_write@000fbaac
0x000fbad2	01f0a2bc	b.w	0x000fd41a	nrf_dfu_settings_write@000fbaac
0x000fbae0	70b5	push	{r4,r5,r6,lr}	nrf_dfu_settings_write_and_backup@000fbae0
0x000fbae2	0546	mov	r5,r0	nrf_dfu_settings_write_and_backup@000fbae0
0x000fbae4	0020	movs	r0,#0x0	nrf_dfu_settings_write_and_backup@000fbae0
0x000fbae6	fff7e1ff	bl	0x000fbaac	nrf_dfu_settings_write_and_backup@000fbae0
0x000fbaea	0400	movs	r4,r0	nrf_dfu_settings_write_and_backup@000fbae0
0x000fbaec	03d1	bne	0x000fbaf6	nrf_dfu_settings_write_and_backup@000fbae0
0x000fbaee	0349	ldr	r1,[0x000fbafc]	nrf_dfu_settings_write_and_backup@000fbae0
0x000fbaf0	2846	mov	r0,r5	nrf_dfu_settings_write_and_backup@000fbae0
0x000fbaf2	01f083fc	bl	0x000fd3fc	nrf_dfu_settings_write_and_backup@000fbae0
0x000fbaf6	2046	mov	r0,r4	nrf_dfu_settings_write_and_backup@000fbae0
0x000fbaf8	70bd	pop	{r4,r5,r6,pc}	nrf_dfu_settings_write_and_backup@000fbae0
0x000fbb00	4ff48050	mov.w	r0,#0x1000	nrf_dfu_softdevice_start_address@000fbb00
0x000fbb04	7047	bx	lr	nrf_dfu_softdevice_start_address@000fbb00
0x000fbb08	2de9f041	push	{r4,r5,r6,r7,r8,lr}	nrf_dfu_transports_close@000fbb08
0x000fbb0c	0746	mov	r7,r0	nrf_dfu_transports_close@000fbb08
0x000fbb0e	0948	ldr	r0,[0x000fbb34]	nrf_dfu_transports_close@000fbb08
0x000fbb10	094d	ldr	r5,[0x000fbb38]	nrf_dfu_transports_close@000fbb08
0x000fbb12	401b	subs	r0,r0,r5	nrf_dfu_transports_close@000fbb08
0x000fbb14	c608	lsrs	r6,r0,#0x3	nrf_dfu_transports_close@000fbb08
0x000fbb16	0020	movs	r0,#0x0	nrf_dfu_transports_close@000fbb08
0x000fbb18	0446	mov	r4,r0	nrf_dfu_transports_close@000fbb08
0x000fbb1a	07e0	b	0x000fbb2c	nrf_dfu_transports_close@000fbb08
0x000fbb1c	05ebc400	add.w	r0,r5,r4, lsl #0x3	nrf_dfu_transports_close@000fbb08
0x000fbb20	4168	ldr	r1,[r0,#0x4]	nrf_dfu_transports_close@000fbb08
0x000fbb22	3846	mov	r0,r7	nrf_dfu_transports_close@000fbb08
0x000fbb24	8847	blx	r1	nrf_dfu_transports_close@000fbb08
0x000fbb26	0028	cmp	r0,#0x0	nrf_dfu_transports_close@000fbb08
0x000fbb28	02d1	bne	0x000fbb30	nrf_dfu_transports_close@000fbb08
0x000fbb2a	641c	adds	r4,r4,#0x1	nrf_dfu_transports_close@000fbb08
0x000fbb2c	b442	cmp	r4,r6	nrf_dfu_transports_close@000fbb08
0x000fbb2e	f5d3	bcc	0x000fbb1c	nrf_dfu_transports_close@000fbb08
0x000fbb30	bde8f081	pop.w	{r4,r5,r6,r7,r8,pc}	nrf_dfu_transports_close@000fbb08
0x000fbb3c	2de9f041	push	{r4,r5,r6,r7,r8,lr}	nrf_dfu_transports_init@000fbb3c
0x000fbb40	0746	mov	r7,r0	nrf_dfu_transports_init@000fbb3c
0x000fbb42	0948	ldr	r0,[0x000fbb68]	nrf_dfu_transports_init@000fbb3c
0x000fbb44	094d	ldr	r5,[0x000fbb6c]	nrf_dfu_transports_init@000fbb3c
0x000fbb46	401b	subs	r0,r0,r5	nrf_dfu_transports_init@000fbb3c
0x000fbb48	c608	lsrs	r6,r0,#0x3	nrf_dfu_transports_init@000fbb3c
0x000fbb4a	0020	movs	r0,#0x0	nrf_dfu_transports_init@000fbb3c
0x000fbb4c	0446	mov	r4,r0	nrf_dfu_transports_init@000fbb3c
0x000fbb4e	06e0	b	0x000fbb5e	nrf_dfu_transports_init@000fbb3c
0x000fbb50	55f83410	ldr.w	r1,[r5,r4,lsl #0x3]	nrf_dfu_transports_init@000fbb3c
0x000fbb54	3846	mov	r0,r7	nrf_dfu_transports_init@000fbb3c
0x000fbb56	8847	blx	r1	nrf_dfu_transports_init@000fbb3c
0x000fbb58	0028	cmp	r0,#0x0	nrf_dfu_transports_init@000fbb3c
0x000fbb5a	02d1	bne	0x000fbb62	nrf_dfu_transports_init@000fbb3c
0x000fbb5c	641c	adds	r4,r4,#0x1	nrf_dfu_transports_init@000fbb3c
0x000fbb5e	b442	cmp	r4,r6	nrf_dfu_transports_init@000fbb3c
0x000fbb60	f6d3	bcc	0x000fbb50	nrf_dfu_transports_init@000fbb3c
0x000fbb62	bde8f081	pop.w	{r4,r5,r6,r7,r8,pc}	nrf_dfu_transports_init@000fbb3c
0x000fbb70	0122	movs	r2,#0x1	nrf_dfu_validation_postvalidate@000fbb70
0x000fbb72	01f0d5b9	b.w	0x000fcf20	nrf_dfu_validation_postvalidate@000fbb70
0x000fbb76	38b5	push	{r3,r4,r5,lr}	nrf_dfu_validation_boot_validate@000fbb76
0x000fbb78	1446	mov	r4,r2	nrf_dfu_validation_boot_validate@000fbb76
0x000fbb7a	0278	ldrb	r2,[r0,#0x0]	nrf_dfu_validation_boot_validate@000fbb76
0x000fbb7c	0b46	mov	r3,r1	nrf_dfu_validation_boot_validate@000fbb76
0x000fbb7e	6ab1	cbz	r2,0x000fbb9c	nrf_dfu_validation_boot_validate@000fbb76
0x000fbb80	012a	cmp	r2,#0x1	nrf_dfu_validation_boot_validate@000fbb76
0x000fbb82	04d0	beq	0x000fbb8e	nrf_dfu_validation_boot_validate@000fbb76
0x000fbb84	022a	cmp	r2,#0x2	nrf_dfu_validation_boot_validate@000fbb76
0x000fbb86	0bd0	beq	0x000fbba0	nrf_dfu_validation_boot_validate@000fbb76
0x000fbb88	032a	cmp	r2,#0x3	nrf_dfu_validation_boot_validate@000fbb76
0x000fbb8a	19d1	bne	0x000fbbc0	nrf_dfu_validation_boot_validate@000fbb76
0x000fbb8c	10e0	b	0x000fbbb0	nrf_dfu_validation_boot_validate@000fbb76
0x000fbb8e	d0f80150	ldr.w	r5,[r0,#0x1]	nrf_dfu_validation_boot_validate@000fbb76
0x000fbb92	0022	movs	r2,#0x0	nrf_dfu_validation_boot_validate@000fbb76
0x000fbb94	2146	mov	r1,r4	nrf_dfu_validation_boot_validate@000fbb76
0x000fbb96	1846	mov	r0,r3	nrf_dfu_validation_boot_validate@000fbb76
0x000fbb98	fef760fd	bl	0x000fa65c	nrf_dfu_validation_boot_validate@000fbb76
0x000fbb9c	0120	movs	r0,#0x1	nrf_dfu_validation_boot_validate@000fbb76
0x000fbb9e	38bd	pop	{r3,r4,r5,pc}	nrf_dfu_validation_boot_validate@000fbb76
0x000fbba0	01b0	add	sp,#0x4	nrf_dfu_validation_boot_validate@000fbb76
0x000fbba2	2246	mov	r2,r4	nrf_dfu_validation_boot_validate@000fbb76
0x000fbba4	bde83040	pop.w	{r4,r5,lr}	nrf_dfu_validation_boot_validate@000fbb76
0x000fbba8	0023	movs	r3,#0x0	nrf_dfu_validation_boot_validate@000fbb76
0x000fbbaa	401c	adds	r0,r0,#0x1	nrf_dfu_validation_boot_validate@000fbb76
0x000fbbac	00f00ab8	b.w	0x000fbbc4	nrf_dfu_validation_boot_validate@000fbb76
0x000fbbb0	411c	adds	r1,r0,#0x1	nrf_dfu_validation_boot_validate@000fbb76
0x000fbbb2	4022	movs	r2,#0x40	nrf_dfu_validation_boot_validate@000fbb76
0x000fbbb4	0020	movs	r0,#0x0	nrf_dfu_validation_boot_validate@000fbb76
0x000fbbb6	0094	str	r4,[sp,#0x0]	nrf_dfu_validation_boot_validate@000fbb76
0x000fbbb8	00f0faf8	bl	0x000fbdb0	nrf_dfu_validation_boot_validate@000fbb76
0x000fbbbc	0128	cmp	r0,#0x1	nrf_dfu_validation_boot_validate@000fbb76
0x000fbbbe	eed0	beq	0x000fbb9e	nrf_dfu_validation_boot_validate@000fbb76
0x000fbbc0	0020	movs	r0,#0x0	nrf_dfu_validation_boot_validate@000fbb76
0x000fbbc2	38bd	pop	{r3,r4,r5,pc}	nrf_dfu_validation_boot_validate@000fbb76
0x000fbbc4	2de9f041	push	{r4,r5,r6,r7,r8,lr}	nrf_dfu_validation_boot_validate@000fbb76
0x000fbbc8	aab0	sub	sp,#0xa8	nrf_dfu_validation_boot_validate@000fbb76
0x000fbbca	0546	mov	r5,r0	nrf_dfu_validation_boot_validate@000fbb76
0x000fbbcc	2020	movs	r0,#0x20	nrf_dfu_validation_boot_validate@000fbb76
0x000fbbce	8846	mov	r8,r1	nrf_dfu_validation_boot_validate@000fbb76
0x000fbbd0	2990	str	r0,[sp,#0xa4]	nrf_dfu_validation_boot_validate@000fbb76
0x000fbbd2	1e46	mov	r6,r3	nrf_dfu_validation_boot_validate@000fbb76
0x000fbbd4	1746	mov	r7,r2	nrf_dfu_validation_boot_validate@000fbb76
0x000fbbd6	0124	movs	r4,#0x1	nrf_dfu_validation_boot_validate@000fbb76
0x000fbbd8	7c21	movs	r1,#0x7c	nrf_dfu_validation_boot_validate@000fbb76
0x000fbbda	02a8	add	r0,sp,#0x8	nrf_dfu_validation_boot_validate@000fbb76
0x000fbbdc	fcf745fc	bl	0x000f846a	nrf_dfu_validation_boot_validate@000fbb76
0x000fbbe0	fef76afd	bl	0x000fa6b8	nrf_dfu_validation_boot_validate@000fbb76
0x000fbbe4	2eb1	cbz	r6,0x000fbbf2	nrf_dfu_validation_boot_validate@000fbb76
0x000fbbe6	2022	movs	r2,#0x20	nrf_dfu_validation_boot_validate@000fbb76
0x000fbbe8	2946	mov	r1,r5	nrf_dfu_validation_boot_validate@000fbb76
0x000fbbea	21a8	add	r0,sp,#0x84	nrf_dfu_validation_boot_validate@000fbb76
0x000fbbec	fff758fc	bl	0x000fb4a0	nrf_dfu_validation_boot_validate@000fbb76
0x000fbbf0	21ad	add	r5,sp,#0x84	nrf_dfu_validation_boot_validate@000fbb76
0x000fbbf2	29a9	add	r1,sp,#0xa4	nrf_dfu_validation_boot_validate@000fbb76
0x000fbbf4	0a48	ldr	r0,[0x000fbc20]	nrf_dfu_validation_boot_validate@000fbb76
0x000fbbf6	cde90001	strd	r0,r1,[sp,#0x0]	nrf_dfu_validation_boot_validate@000fbb76
0x000fbbfa	3b46	mov	r3,r7	nrf_dfu_validation_boot_validate@000fbb76
0x000fbbfc	4246	mov	r2,r8	nrf_dfu_validation_boot_validate@000fbb76
0x000fbbfe	0949	ldr	r1,[0x000fbc24]	nrf_dfu_validation_boot_validate@000fbb76
0x000fbc00	02a8	add	r0,sp,#0x8	nrf_dfu_validation_boot_validate@000fbb76
0x000fbc02	fff78dfb	bl	0x000fb320	nrf_dfu_validation_boot_validate@000fbb76
0x000fbc06	28b9	cbnz	r0,0x000fbc14	nrf_dfu_validation_boot_validate@000fbb76
0x000fbc08	2022	movs	r2,#0x20	nrf_dfu_validation_boot_validate@000fbb76
0x000fbc0a	2946	mov	r1,r5	nrf_dfu_validation_boot_validate@000fbb76
0x000fbc0c	0448	ldr	r0,[0x000fbc20]	nrf_dfu_validation_boot_validate@000fbb76
0x000fbc0e	fcf73efc	bl	0x000f848e	nrf_dfu_validation_boot_validate@000fbb76
0x000fbc12	00b1	cbz	r0,0x000fbc16	nrf_dfu_validation_boot_validate@000fbb76
0x000fbc14	0024	movs	r4,#0x0	nrf_dfu_validation_boot_validate@000fbb76
0x000fbc16	2ab0	add	sp,#0xa8	nrf_dfu_validation_boot_validate@000fbb76
0x000fbc18	2046	mov	r0,r4	nrf_dfu_validation_boot_validate@000fbb76
0x000fbc1a	bde8f081	pop.w	{r4,r5,r6,r7,r8,pc}	nrf_dfu_validation_boot_validate@000fbb76
0x000fbc28	10b5	push	{r4,lr}	nrf_dfu_validation_init@000fbc28
0x000fbc2a	0648	ldr	r0,[0x000fbc44]	nrf_dfu_validation_init@000fbc28
0x000fbc2c	064c	ldr	r4,[0x000fbc48]	nrf_dfu_validation_init@000fbc28
0x000fbc2e	806b	ldr	r0,[r0,#0x38]	nrf_dfu_validation_init@000fbc28
0x000fbc30	20b1	cbz	r0,0x000fbc3c	nrf_dfu_validation_init@000fbc28
0x000fbc32	01f067fc	bl	0x000fd504	nrf_dfu_validation_init@000fbc28
0x000fbc36	08b1	cbz	r0,0x000fbc3c	nrf_dfu_validation_init@000fbc28
0x000fbc38	0120	movs	r0,#0x1	nrf_dfu_validation_init@000fbc28
0x000fbc3a	00e0	b	0x000fbc3e	nrf_dfu_validation_init@000fbc28
0x000fbc3c	0020	movs	r0,#0x0	nrf_dfu_validation_init@000fbc28
0x000fbc3e	2070	strb	r0,[r4,#0x0]	nrf_dfu_validation_init@000fbc28
0x000fbc40	10bd	pop	{r4,pc}	nrf_dfu_validation_init@000fbc28
0x000fbc4c	2de9f041	push	{r4,r5,r6,r7,r8,lr}	nrf_dfu_validation_init_cmd_append@000fbc4c
0x000fbc50	0f4c	ldr	r4,[0x000fbc90]	nrf_dfu_validation_init_cmd_append@000fbc4c
0x000fbc52	0746	mov	r7,r0	nrf_dfu_validation_init_cmd_append@000fbc4c
0x000fbc54	0d46	mov	r5,r1	nrf_dfu_validation_init_cmd_append@000fbc4c
0x000fbc56	e06b	ldr	r0,[r4,#0x3c]	nrf_dfu_validation_init_cmd_append@000fbc4c
0x000fbc58	a26b	ldr	r2,[r4,#0x38]	nrf_dfu_validation_init_cmd_append@000fbc4c
0x000fbc5a	0126	movs	r6,#0x1	nrf_dfu_validation_init_cmd_append@000fbc4c
0x000fbc5c	4119	adds	r1,r0,r5	nrf_dfu_validation_init_cmd_append@000fbc4c
0x000fbc5e	9142	cmp	r1,r2	nrf_dfu_validation_init_cmd_append@000fbc4c
0x000fbc60	01d9	bls	0x000fbc66	nrf_dfu_validation_init_cmd_append@000fbc4c
0x000fbc62	0326	movs	r6,#0x3	nrf_dfu_validation_init_cmd_append@000fbc4c
0x000fbc64	10e0	b	0x000fbc88	nrf_dfu_validation_init_cmd_append@000fbc4c
0x000fbc66	0a49	ldr	r1,[0x000fbc90]	nrf_dfu_validation_init_cmd_append@000fbc4c
0x000fbc68	2a46	mov	r2,r5	nrf_dfu_validation_init_cmd_append@000fbc4c
0x000fbc6a	5c31	adds	r1,#0x5c	nrf_dfu_validation_init_cmd_append@000fbc4c
0x000fbc6c	0844	add	r0,r1	nrf_dfu_validation_init_cmd_append@000fbc4c
0x000fbc6e	3946	mov	r1,r7	nrf_dfu_validation_init_cmd_append@000fbc4c
0x000fbc70	fcf7d3fb	bl	0x000f841a	nrf_dfu_validation_init_cmd_append@000fbc4c
0x000fbc74	e06b	ldr	r0,[r4,#0x3c]	nrf_dfu_validation_init_cmd_append@000fbc4c
0x000fbc76	064a	ldr	r2,[0x000fbc90]	nrf_dfu_validation_init_cmd_append@000fbc4c
0x000fbc78	2844	add	r0,r5	nrf_dfu_validation_init_cmd_append@000fbc4c
0x000fbc7a	e063	str	r0,[r4,#0x3c]	nrf_dfu_validation_init_cmd_append@000fbc4c
0x000fbc7c	4032	adds	r2,#0x40	nrf_dfu_validation_init_cmd_append@000fbc4c
0x000fbc7e	2946	mov	r1,r5	nrf_dfu_validation_init_cmd_append@000fbc4c
0x000fbc80	3846	mov	r0,r7	nrf_dfu_validation_init_cmd_append@000fbc4c
0x000fbc82	fef7ebfc	bl	0x000fa65c	nrf_dfu_validation_init_cmd_append@000fbc4c
0x000fbc86	2064	str	r0,[r4,#0x40]	nrf_dfu_validation_init_cmd_append@000fbc4c
0x000fbc88	3046	mov	r0,r6	nrf_dfu_validation_init_cmd_append@000fbc4c
0x000fbc8a	bde8f081	pop.w	{r4,r5,r6,r7,r8,pc}	nrf_dfu_validation_init_cmd_append@000fbc4c
0x000fbc94	70b5	push	{r4,r5,r6,lr}	nrf_dfu_validation_init_cmd_create@000fbc94
0x000fbc96	0400	movs	r4,r0	nrf_dfu_validation_init_cmd_create@000fbc94
0x000fbc98	4ff00105	mov.w	r5,#0x1	nrf_dfu_validation_init_cmd_create@000fbc94
0x000fbc9c	04d0	beq	0x000fbca8	nrf_dfu_validation_init_cmd_create@000fbc94
0x000fbc9e	b4f5007f	cmp.w	r4,#0x200	nrf_dfu_validation_init_cmd_create@000fbc94
0x000fbca2	03d9	bls	0x000fbcac	nrf_dfu_validation_init_cmd_create@000fbc94
0x000fbca4	0425	movs	r5,#0x4	nrf_dfu_validation_init_cmd_create@000fbc94
0x000fbca6	08e0	b	0x000fbcba	nrf_dfu_validation_init_cmd_create@000fbc94
0x000fbca8	0325	movs	r5,#0x3	nrf_dfu_validation_init_cmd_create@000fbc94
0x000fbcaa	06e0	b	0x000fbcba	nrf_dfu_validation_init_cmd_create@000fbc94
0x000fbcac	0449	ldr	r1,[0x000fbcc0]	nrf_dfu_validation_init_cmd_create@000fbc94
0x000fbcae	0020	movs	r0,#0x0	nrf_dfu_validation_init_cmd_create@000fbc94
0x000fbcb0	0870	strb	r0,[r1,#0x0]	nrf_dfu_validation_init_cmd_create@000fbc94
0x000fbcb2	fff77dfe	bl	0x000fb9b0	nrf_dfu_validation_init_cmd_create@000fbc94
0x000fbcb6	0348	ldr	r0,[0x000fbcc4]	nrf_dfu_validation_init_cmd_create@000fbc94
0x000fbcb8	8463	str	r4,[r0,#0x38]	nrf_dfu_validation_init_cmd_create@000fbc94
0x000fbcba	2846	mov	r0,r5	nrf_dfu_validation_init_cmd_create@000fbc94
0x000fbcbc	70bd	pop	{r4,r5,r6,pc}	nrf_dfu_validation_init_cmd_create@000fbc94
0x000fbcc8	2de9f041	push	{r4,r5,r6,r7,r8,lr}	nrf_dfu_validation_init_cmd_execute@000fbcc8
0x000fbccc	0646	mov	r6,r0	nrf_dfu_validation_init_cmd_execute@000fbcc8
0x000fbcce	2148	ldr	r0,[0x000fbd54]	nrf_dfu_validation_init_cmd_execute@000fbcc8
0x000fbcd0	0f46	mov	r7,r1	nrf_dfu_validation_init_cmd_execute@000fbcc8
0x000fbcd2	c16b	ldr	r1,[r0,#0x3c]	nrf_dfu_validation_init_cmd_execute@000fbcc8
0x000fbcd4	806b	ldr	r0,[r0,#0x38]	nrf_dfu_validation_init_cmd_execute@000fbcc8
0x000fbcd6	8142	cmp	r1,r0	nrf_dfu_validation_init_cmd_execute@000fbcc8
0x000fbcd8	01d0	beq	0x000fbcde	nrf_dfu_validation_init_cmd_execute@000fbcc8
0x000fbcda	0824	movs	r4,#0x8	nrf_dfu_validation_init_cmd_execute@000fbcc8
0x000fbcdc	36e0	b	0x000fbd4c	nrf_dfu_validation_init_cmd_execute@000fbcc8
0x000fbcde	1e4d	ldr	r5,[0x000fbd58]	nrf_dfu_validation_init_cmd_execute@000fbcc8
0x000fbce0	2878	ldrb	r0,[r5,#0x0]	nrf_dfu_validation_init_cmd_execute@000fbcc8
0x000fbce2	40b1	cbz	r0,0x000fbcf6	nrf_dfu_validation_init_cmd_execute@000fbcc8
0x000fbce4	fff708fc	bl	0x000fb4f8	nrf_dfu_validation_init_cmd_execute@000fbcc8
0x000fbce8	3060	str	r0,[r6,#0x0]	nrf_dfu_validation_init_cmd_execute@000fbcc8
0x000fbcea	3946	mov	r1,r7	nrf_dfu_validation_init_cmd_execute@000fbcc8
0x000fbcec	e868	ldr	r0,[r5,#0xc]	nrf_dfu_validation_init_cmd_execute@000fbcc8
0x000fbcee	01f011fd	bl	0x000fd714	nrf_dfu_validation_init_cmd_execute@000fbcc8
0x000fbcf2	0446	mov	r4,r0	nrf_dfu_validation_init_cmd_execute@000fbcc8
0x000fbcf4	2ae0	b	0x000fbd4c	nrf_dfu_validation_init_cmd_execute@000fbcc8
0x000fbcf6	01f005fc	bl	0x000fd504	nrf_dfu_validation_init_cmd_execute@000fbcc8
0x000fbcfa	30b3	cbz	r0,0x000fbd4a	nrf_dfu_validation_init_cmd_execute@000fbcc8
0x000fbcfc	00f034f8	bl	0x000fbd68	nrf_dfu_validation_init_cmd_execute@000fbcc8
0x000fbd00	0446	mov	r4,r0	nrf_dfu_validation_init_cmd_execute@000fbcc8
0x000fbd02	0020	movs	r0,#0x0	nrf_dfu_validation_init_cmd_execute@000fbcc8
0x000fbd04	3060	str	r0,[r6,#0x0]	nrf_dfu_validation_init_cmd_execute@000fbcc8
0x000fbd06	3860	str	r0,[r7,#0x0]	nrf_dfu_validation_init_cmd_execute@000fbcc8
0x000fbd08	012c	cmp	r4,#0x1	nrf_dfu_validation_init_cmd_execute@000fbcc8
0x000fbd0a	16d1	bne	0x000fbd3a	nrf_dfu_validation_init_cmd_execute@000fbcc8
0x000fbd0c	3946	mov	r1,r7	nrf_dfu_validation_init_cmd_execute@000fbcc8
0x000fbd0e	e868	ldr	r0,[r5,#0xc]	nrf_dfu_validation_init_cmd_execute@000fbcc8
0x000fbd10	01f000fd	bl	0x000fd714	nrf_dfu_validation_init_cmd_execute@000fbcc8
0x000fbd14	0446	mov	r4,r0	nrf_dfu_validation_init_cmd_execute@000fbcc8
0x000fbd16	0128	cmp	r0,#0x1	nrf_dfu_validation_init_cmd_execute@000fbcc8
0x000fbd18	0fd1	bne	0x000fbd3a	nrf_dfu_validation_init_cmd_execute@000fbcc8
0x000fbd1a	e968	ldr	r1,[r5,#0xc]	nrf_dfu_validation_init_cmd_execute@000fbcc8
0x000fbd1c	3868	ldr	r0,[r7,#0x0]	nrf_dfu_validation_init_cmd_execute@000fbcc8
0x000fbd1e	0127	movs	r7,#0x1	nrf_dfu_validation_init_cmd_execute@000fbcc8
0x000fbd20	91f85520	ldrb.w	r2,[r1,#0x55]	nrf_dfu_validation_init_cmd_execute@000fbcc8
0x000fbd24	3b46	mov	r3,r7	nrf_dfu_validation_init_cmd_execute@000fbcc8
0x000fbd26	0021	movs	r1,#0x0	nrf_dfu_validation_init_cmd_execute@000fbcc8
0x000fbd28	0ab1	cbz	r2,0x000fbd2e	nrf_dfu_validation_init_cmd_execute@000fbcc8
0x000fbd2a	012a	cmp	r2,#0x1	nrf_dfu_validation_init_cmd_execute@000fbcc8
0x000fbd2c	00d1	bne	0x000fbd30	nrf_dfu_validation_init_cmd_execute@000fbcc8
0x000fbd2e	0121	movs	r1,#0x1	nrf_dfu_validation_init_cmd_execute@000fbcc8
0x000fbd30	0022	movs	r2,#0x0	nrf_dfu_validation_init_cmd_execute@000fbcc8
0x000fbd32	fff7fbfb	bl	0x000fb52c	nrf_dfu_validation_init_cmd_execute@000fbcc8
0x000fbd36	18b1	cbz	r0,0x000fbd40	nrf_dfu_validation_init_cmd_execute@000fbcc8
0x000fbd38	0424	movs	r4,#0x4	nrf_dfu_validation_init_cmd_execute@000fbcc8
0x000fbd3a	fff739fe	bl	0x000fb9b0	nrf_dfu_validation_init_cmd_execute@000fbcc8
0x000fbd3e	05e0	b	0x000fbd4c	nrf_dfu_validation_init_cmd_execute@000fbcc8
0x000fbd40	fff7dafb	bl	0x000fb4f8	nrf_dfu_validation_init_cmd_execute@000fbcc8
0x000fbd44	3060	str	r0,[r6,#0x0]	nrf_dfu_validation_init_cmd_execute@000fbcc8
0x000fbd46	2f70	strb	r7,[r5,#0x0]	nrf_dfu_validation_init_cmd_execute@000fbcc8
0x000fbd48	00e0	b	0x000fbd4c	nrf_dfu_validation_init_cmd_execute@000fbcc8
0x000fbd4a	0524	movs	r4,#0x5	nrf_dfu_validation_init_cmd_execute@000fbcc8
0x000fbd4c	2046	mov	r0,r4	nrf_dfu_validation_init_cmd_execute@000fbcc8
0x000fbd4e	bde8f081	pop.w	{r4,r5,r6,r7,r8,pc}	nrf_dfu_validation_init_cmd_execute@000fbcc8
0x000fbd5c	0148	ldr	r0,[0x000fbd64]	nrf_dfu_validation_init_cmd_present@000fbd5c
0x000fbd5e	0078	ldrb	r0,[r0,#0x0]	nrf_dfu_validation_init_cmd_present@000fbd5c
0x000fbd60	7047	bx	lr	nrf_dfu_validation_init_cmd_present@000fbd5c
0x000fbd68	38b5	push	{r3,r4,r5,lr}	nrf_dfu_validation_prevalidate@000fbd68
0x000fbd6a	0f4c	ldr	r4,[0x000fbda8]	nrf_dfu_validation_prevalidate@000fbd68
0x000fbd6c	251d	adds	r5,r4,#0x4	nrf_dfu_validation_prevalidate@000fbd68
0x000fbd6e	0020	movs	r0,#0x0	nrf_dfu_validation_prevalidate@000fbd68
0x000fbd70	94f86c31	ldrb.w	r3,[r4,#0x16c]	nrf_dfu_validation_prevalidate@000fbd68
0x000fbd74	0146	mov	r1,r0	nrf_dfu_validation_prevalidate@000fbd68
0x000fbd76	0246	mov	r2,r0	nrf_dfu_validation_prevalidate@000fbd68
0x000fbd78	3bb1	cbz	r3,0x000fbd8a	nrf_dfu_validation_prevalidate@000fbd68
0x000fbd7a	94f8d802	ldrb.w	r0,[r4,#0x2d8]	nrf_dfu_validation_prevalidate@000fbd68
0x000fbd7e	b4f8da22	ldrh.w	r2,[r4,#0x2da]	nrf_dfu_validation_prevalidate@000fbd68
0x000fbd82	04f5b875	add.w	r5,r4,#0x170	nrf_dfu_validation_prevalidate@000fbd68
0x000fbd86	04f53771	add.w	r1,r4,#0x2dc	nrf_dfu_validation_prevalidate@000fbd68
0x000fbd8a	084b	ldr	r3,[0x000fbdac]	nrf_dfu_validation_prevalidate@000fbd68
0x000fbd8c	9c68	ldr	r4,[r3,#0x8]	nrf_dfu_validation_prevalidate@000fbd68
0x000fbd8e	0094	str	r4,[sp,#0x0]	nrf_dfu_validation_prevalidate@000fbd68
0x000fbd90	5b68	ldr	r3,[r3,#0x4]	nrf_dfu_validation_prevalidate@000fbd68
0x000fbd92	00f00df8	bl	0x000fbdb0	nrf_dfu_validation_prevalidate@000fbd68
0x000fbd96	0128	cmp	r0,#0x1	nrf_dfu_validation_prevalidate@000fbd68
0x000fbd98	04d1	bne	0x000fbda4	nrf_dfu_validation_prevalidate@000fbd68
0x000fbd9a	281d	adds	r0,r5,#0x4	nrf_dfu_validation_prevalidate@000fbd68
0x000fbd9c	bde83840	pop.w	{r3,r4,r5,lr}	nrf_dfu_validation_prevalidate@000fbd68
0x000fbda0	00f052b8	b.w	0x000fbe48	nrf_dfu_validation_prevalidate@000fbd68
0x000fbda4	38bd	pop	{r3,r4,r5,pc}	nrf_dfu_validation_prevalidate@000fbd68
0x000fbdb0	2de9f041	push	{r4,r5,r6,r7,r8,lr}	nrf_dfu_validation_signature_check@000fbdb0
0x000fbdb4	ccb0	sub	sp,#0x130	nrf_dfu_validation_signature_check@000fbdb0
0x000fbdb6	0646	mov	r6,r0	nrf_dfu_validation_signature_check@000fbdb0
0x000fbdb8	2020	movs	r0,#0x20	nrf_dfu_validation_signature_check@000fbdb0
0x000fbdba	0d46	mov	r5,r1	nrf_dfu_validation_signature_check@000fbdb0
0x000fbdbc	4a90	str	r0,[sp,#0x128]	nrf_dfu_validation_signature_check@000fbdb0
0x000fbdbe	1f46	mov	r7,r3	nrf_dfu_validation_signature_check@000fbdb0
0x000fbdc0	1446	mov	r4,r2	nrf_dfu_validation_signature_check@000fbdb0
0x000fbdc2	ddf84881	ldr.w	r8,[sp,#0x148]	nrf_dfu_validation_signature_check@000fbdb0
0x000fbdc6	7c21	movs	r1,#0x7c	nrf_dfu_validation_signature_check@000fbdb0
0x000fbdc8	2ba8	add	r0,sp,#0xac	nrf_dfu_validation_signature_check@000fbdb0
0x000fbdca	fcf74efb	bl	0x000f846a	nrf_dfu_validation_signature_check@000fbdb0
0x000fbdce	a421	movs	r1,#0xa4	nrf_dfu_validation_signature_check@000fbdb0
0x000fbdd0	02a8	add	r0,sp,#0x8	nrf_dfu_validation_signature_check@000fbdb0
0x000fbdd2	fcf74afb	bl	0x000f846a	nrf_dfu_validation_signature_check@000fbdb0
0x000fbdd6	fef76ffc	bl	0x000fa6b8	nrf_dfu_validation_signature_check@000fbdb0
0x000fbdda	25b1	cbz	r5,0x000fbde6	nrf_dfu_validation_signature_check@000fbdb0
0x000fbddc	2eb1	cbz	r6,0x000fbdea	nrf_dfu_validation_signature_check@000fbdb0
0x000fbdde	1620	movs	r0,#0x16	nrf_dfu_validation_signature_check@000fbdb0
0x000fbde0	4cb0	add	sp,#0x130	nrf_dfu_validation_signature_check@000fbdb0
0x000fbde2	bde8f081	pop.w	{r4,r5,r6,r7,r8,pc}	nrf_dfu_validation_signature_check@000fbdb0
0x000fbde6	1320	movs	r0,#0x13	nrf_dfu_validation_signature_check@000fbdb0
0x000fbde8	fae7	b	0x000fbde0	nrf_dfu_validation_signature_check@000fbdb0
0x000fbdea	4aa9	add	r1,sp,#0x128	nrf_dfu_validation_signature_check@000fbdb0
0x000fbdec	1448	ldr	r0,[0x000fbe40]	nrf_dfu_validation_signature_check@000fbdb0
0x000fbdee	cde90001	strd	r0,r1,[sp,#0x0]	nrf_dfu_validation_signature_check@000fbdb0
0x000fbdf2	4346	mov	r3,r8	nrf_dfu_validation_signature_check@000fbdb0
0x000fbdf4	3a46	mov	r2,r7	nrf_dfu_validation_signature_check@000fbdb0
0x000fbdf6	1349	ldr	r1,[0x000fbe44]	nrf_dfu_validation_signature_check@000fbdb0
0x000fbdf8	2ba8	add	r0,sp,#0xac	nrf_dfu_validation_signature_check@000fbdb0
0x000fbdfa	fff791fa	bl	0x000fb320	nrf_dfu_validation_signature_check@000fbdb0
0x000fbdfe	08b9	cbnz	r0,0x000fbe04	nrf_dfu_validation_signature_check@000fbdb0
0x000fbe00	402c	cmp	r4,#0x40	nrf_dfu_validation_signature_check@000fbdb0
0x000fbe02	01d0	beq	0x000fbe08	nrf_dfu_validation_signature_check@000fbdb0
0x000fbe04	0a20	movs	r0,#0xa	nrf_dfu_validation_signature_check@000fbdb0
0x000fbe06	ebe7	b	0x000fbde0	nrf_dfu_validation_signature_check@000fbdb0
0x000fbe08	0d48	ldr	r0,[0x000fbe40]	nrf_dfu_validation_signature_check@000fbdb0
0x000fbe0a	2246	mov	r2,r4	nrf_dfu_validation_signature_check@000fbdb0
0x000fbe0c	2946	mov	r1,r5	nrf_dfu_validation_signature_check@000fbdb0
0x000fbe0e	4038	subs	r0,#0x40	nrf_dfu_validation_signature_check@000fbdb0
0x000fbe10	fcf703fb	bl	0x000f841a	nrf_dfu_validation_signature_check@000fbdb0
0x000fbe14	0a48	ldr	r0,[0x000fbe40]	nrf_dfu_validation_signature_check@000fbdb0
0x000fbe16	2021	movs	r1,#0x20	nrf_dfu_validation_signature_check@000fbdb0
0x000fbe18	4038	subs	r0,#0x40	nrf_dfu_validation_signature_check@000fbdb0
0x000fbe1a	fff712fb	bl	0x000fb442	nrf_dfu_validation_signature_check@000fbdb0
0x000fbe1e	0848	ldr	r0,[0x000fbe40]	nrf_dfu_validation_signature_check@000fbdb0
0x000fbe20	4021	movs	r1,#0x40	nrf_dfu_validation_signature_check@000fbdb0
0x000fbe22	4038	subs	r0,#0x40	nrf_dfu_validation_signature_check@000fbdb0
0x000fbe24	cde90001	strd	r0,r1,[sp,#0x0]	nrf_dfu_validation_signature_check@000fbdb0
0x000fbe28	a0f14801	sub.w	r1,r0,#0x48	nrf_dfu_validation_signature_check@000fbdb0
0x000fbe2c	044a	ldr	r2,[0x000fbe40]	nrf_dfu_validation_signature_check@000fbdb0
0x000fbe2e	02a8	add	r0,sp,#0x8	nrf_dfu_validation_signature_check@000fbdb0
0x000fbe30	4a9b	ldr	r3,[sp,#0x128]	nrf_dfu_validation_signature_check@000fbdb0
0x000fbe32	fff74bfa	bl	0x000fb2cc	nrf_dfu_validation_signature_check@000fbdb0
0x000fbe36	08b1	cbz	r0,0x000fbe3c	nrf_dfu_validation_signature_check@000fbdb0
0x000fbe38	0520	movs	r0,#0x5	nrf_dfu_validation_signature_check@000fbdb0
0x000fbe3a	d1e7	b	0x000fbde0	nrf_dfu_validation_signature_check@000fbdb0
0x000fbe3c	0120	movs	r0,#0x1	nrf_dfu_validation_signature_check@000fbdb0
0x000fbe3e	cfe7	b	0x000fbde0	nrf_dfu_validation_signature_check@000fbdb0
0x000fbe48	70b5	push	{r4,r5,r6,lr}	nrf_dfu_ver_validation_check@000fbe48
0x000fbe4a	0446	mov	r4,r0	nrf_dfu_ver_validation_check@000fbe48
0x000fbe4c	90f85400	ldrb.w	r0,[r0,#0x54]	nrf_dfu_ver_validation_check@000fbe48
0x000fbe50	0125	movs	r5,#0x1	nrf_dfu_ver_validation_check@000fbe48
0x000fbe52	78b3	cbz	r0,0x000fbeb4	nrf_dfu_ver_validation_check@000fbe48
0x000fbe54	94f85500	ldrb.w	r0,[r4,#0x55]	nrf_dfu_ver_validation_check@000fbe48
0x000fbe58	28b1	cbz	r0,0x000fbe66	nrf_dfu_ver_validation_check@000fbe48
0x000fbe5a	0128	cmp	r0,#0x1	nrf_dfu_ver_validation_check@000fbe48
0x000fbe5c	03d0	beq	0x000fbe66	nrf_dfu_ver_validation_check@000fbe48
0x000fbe5e	0228	cmp	r0,#0x2	nrf_dfu_ver_validation_check@000fbe48
0x000fbe60	01d0	beq	0x000fbe66	nrf_dfu_ver_validation_check@000fbe48
0x000fbe62	0328	cmp	r0,#0x3	nrf_dfu_ver_validation_check@000fbe48
0x000fbe64	30d1	bne	0x000fbec8	nrf_dfu_ver_validation_check@000fbe48
0x000fbe66	94f86e00	ldrb.w	r0,[r4,#0x6e]	nrf_dfu_ver_validation_check@000fbe48
0x000fbe6a	0328	cmp	r0,#0x3	nrf_dfu_ver_validation_check@000fbe48
0x000fbe6c	01d0	beq	0x000fbe72	nrf_dfu_ver_validation_check@000fbe48
0x000fbe6e	1425	movs	r5,#0x14	nrf_dfu_ver_validation_check@000fbe48
0x000fbe70	2be0	b	0x000fbeca	nrf_dfu_ver_validation_check@000fbe48
0x000fbe72	94f89200	ldrb.w	r0,[r4,#0x92]	nrf_dfu_ver_validation_check@000fbe48
0x000fbe76	10b1	cbz	r0,0x000fbe7e	nrf_dfu_ver_validation_check@000fbe48
0x000fbe78	94f89300	ldrb.w	r0,[r4,#0x93]	nrf_dfu_ver_validation_check@000fbe48
0x000fbe7c	28bb	cbnz	r0,0x000fbeca	nrf_dfu_ver_validation_check@000fbe48
0x000fbe7e	207a	ldrb	r0,[r4,#0x8]	nrf_dfu_ver_validation_check@000fbe48
0x000fbe80	c0b1	cbz	r0,0x000fbeb4	nrf_dfu_ver_validation_check@000fbe48
0x000fbe82	e068	ldr	r0,[r4,#0xc]	nrf_dfu_ver_validation_check@000fbe48
0x000fbe84	3428	cmp	r0,#0x34	nrf_dfu_ver_validation_check@000fbe48
0x000fbe86	01d0	beq	0x000fbe8c	nrf_dfu_ver_validation_check@000fbe48
0x000fbe88	1125	movs	r5,#0x11	nrf_dfu_ver_validation_check@000fbe48
0x000fbe8a	1ee0	b	0x000fbeca	nrf_dfu_ver_validation_check@000fbe48
0x000fbe8c	2046	mov	r0,r4	nrf_dfu_ver_validation_check@000fbe48
0x000fbe8e	01f053fa	bl	0x000fd338	nrf_dfu_ver_validation_check@000fbe48
0x000fbe92	68b1	cbz	r0,0x000fbeb0	nrf_dfu_ver_validation_check@000fbe48
0x000fbe94	2078	ldrb	r0,[r4,#0x0]	nrf_dfu_ver_validation_check@000fbe48
0x000fbe96	98b1	cbz	r0,0x000fbec0	nrf_dfu_ver_validation_check@000fbe48
0x000fbe98	94f85510	ldrb.w	r1,[r4,#0x55]	nrf_dfu_ver_validation_check@000fbe48
0x000fbe9c	0c48	ldr	r0,[0x000fbed0]	nrf_dfu_ver_validation_check@000fbe48
0x000fbe9e	51b1	cbz	r1,0x000fbeb6	nrf_dfu_ver_validation_check@000fbe48
0x000fbea0	0129	cmp	r1,#0x1	nrf_dfu_ver_validation_check@000fbe48
0x000fbea2	08d0	beq	0x000fbeb6	nrf_dfu_ver_validation_check@000fbe48
0x000fbea4	6168	ldr	r1,[r4,#0x4]	nrf_dfu_ver_validation_check@000fbe48
0x000fbea6	c068	ldr	r0,[r0,#0xc]	nrf_dfu_ver_validation_check@000fbe48
0x000fbea8	8142	cmp	r1,r0	nrf_dfu_ver_validation_check@000fbe48
0x000fbeaa	0ed8	bhi	0x000fbeca	nrf_dfu_ver_validation_check@000fbe48
0x000fbeac	1025	movs	r5,#0x10	nrf_dfu_ver_validation_check@000fbe48
0x000fbeae	0ce0	b	0x000fbeca	nrf_dfu_ver_validation_check@000fbe48
0x000fbeb0	1225	movs	r5,#0x12	nrf_dfu_ver_validation_check@000fbe48
0x000fbeb2	0ae0	b	0x000fbeca	nrf_dfu_ver_validation_check@000fbe48
0x000fbeb4	08e0	b	0x000fbec8	nrf_dfu_ver_validation_check@000fbe48
0x000fbeb6	6168	ldr	r1,[r4,#0x4]	nrf_dfu_ver_validation_check@000fbe48
0x000fbeb8	8068	ldr	r0,[r0,#0x8]	nrf_dfu_ver_validation_check@000fbe48
0x000fbeba	8142	cmp	r1,r0	nrf_dfu_ver_validation_check@000fbe48
0x000fbebc	05d2	bcs	0x000fbeca	nrf_dfu_ver_validation_check@000fbe48
0x000fbebe	f5e7	b	0x000fbeac	nrf_dfu_ver_validation_check@000fbe48
0x000fbec0	94f85500	ldrb.w	r0,[r4,#0x55]	nrf_dfu_ver_validation_check@000fbe48
0x000fbec4	0128	cmp	r0,#0x1	nrf_dfu_ver_validation_check@000fbe48
0x000fbec6	00d0	beq	0x000fbeca	nrf_dfu_ver_validation_check@000fbe48
0x000fbec8	0f25	movs	r5,#0xf	nrf_dfu_ver_validation_check@000fbe48
0x000fbeca	2846	mov	r0,r5	nrf_dfu_ver_validation_check@000fbe48
0x000fbecc	70bd	pop	{r4,r5,r6,pc}	nrf_dfu_ver_validation_check@000fbe48
0x000fbed4	2de9f041	push	{r4,r5,r6,r7,r8,lr}	nrf_fstorage_erase@000fbed4
0x000fbed8	0446	mov	r4,r0	nrf_fstorage_erase@000fbed4
0x000fbeda	4068	ldr	r0,[r0,#0x4]	nrf_fstorage_erase@000fbed4
0x000fbedc	1546	mov	r5,r2	nrf_fstorage_erase@000fbed4
0x000fbede	1e46	mov	r6,r3	nrf_fstorage_erase@000fbed4
0x000fbee0	0268	ldr	r2,[r0,#0x0]	nrf_fstorage_erase@000fbed4
0x000fbee2	0f46	mov	r7,r1	nrf_fstorage_erase@000fbed4
0x000fbee4	6a43	muls	r2,r5	nrf_fstorage_erase@000fbed4
0x000fbee6	2046	mov	r0,r4	nrf_fstorage_erase@000fbed4
0x000fbee8	fdf7d4fe	bl	0x000f9c94	nrf_fstorage_erase@000fbed4
0x000fbeec	2068	ldr	r0,[r4,#0x0]	nrf_fstorage_erase@000fbed4
0x000fbeee	3346	mov	r3,r6	nrf_fstorage_erase@000fbed4
0x000fbef0	2a46	mov	r2,r5	nrf_fstorage_erase@000fbed4
0x000fbef2	d0f810c0	ldr.w	r12,[r0,#0x10]	nrf_fstorage_erase@000fbed4
0x000fbef6	3946	mov	r1,r7	nrf_fstorage_erase@000fbed4
0x000fbef8	2046	mov	r0,r4	nrf_fstorage_erase@000fbed4
0x000fbefa	bde8f041	pop.w	{r4,r5,r6,r7,r8,lr}	nrf_fstorage_erase@000fbed4
0x000fbefe	6047	bx	r12	nrf_fstorage_erase@000fbed4
0x000fbf00	0160	str	r1,[r0,#0x0]	nrf_fstorage_init@000fbf00
0x000fbf02	0b68	ldr	r3,[r1,#0x0]	nrf_fstorage_init@000fbf00
0x000fbf04	1146	mov	r1,r2	nrf_fstorage_init@000fbf00
0x000fbf06	1847	bx	r3	nrf_fstorage_init@000fbf00
0x000fbf08	2de9f041	push	{r4,r5,r6,r7,r8,lr}	nrf_fstorage_is_busy@000fbf08
0x000fbf0c	28b1	cbz	r0,0x000fbf1a	nrf_fstorage_is_busy@000fbf08
0x000fbf0e	0168	ldr	r1,[r0,#0x0]	nrf_fstorage_is_busy@000fbf08
0x000fbf10	19b1	cbz	r1,0x000fbf1a	nrf_fstorage_is_busy@000fbf08
0x000fbf12	c969	ldr	r1,[r1,#0x1c]	nrf_fstorage_is_busy@000fbf08
0x000fbf14	bde8f041	pop.w	{r4,r5,r6,r7,r8,lr}	nrf_fstorage_is_busy@000fbf08
0x000fbf18	0847	bx	r1	nrf_fstorage_is_busy@000fbf08
0x000fbf1a	0d4d	ldr	r5,[0x000fbf50]	nrf_fstorage_is_busy@000fbf08
0x000fbf1c	0d48	ldr	r0,[0x000fbf54]	nrf_fstorage_is_busy@000fbf08
0x000fbf1e	0024	movs	r4,#0x0	nrf_fstorage_is_busy@000fbf08
0x000fbf20	461b	subs	r6,r0,r5	nrf_fstorage_is_busy@000fbf08
0x000fbf22	1427	movs	r7,#0x14	nrf_fstorage_is_busy@000fbf08
0x000fbf24	0de0	b	0x000fbf42	nrf_fstorage_is_busy@000fbf08
0x000fbf28	04eb8400	add.w	r0,r4,r4, lsl #0x2	nrf_fstorage_is_busy@000fbf08
0x000fbf2c	05eb8000	add.w	r0,r5,r0, lsl #0x2	nrf_fstorage_is_busy@000fbf08
0x000fbf30	0168	ldr	r1,[r0,#0x0]	nrf_fstorage_is_busy@000fbf08
0x000fbf32	29b1	cbz	r1,0x000fbf40	nrf_fstorage_is_busy@000fbf08
0x000fbf34	c969	ldr	r1,[r1,#0x1c]	nrf_fstorage_is_busy@000fbf08
0x000fbf36	8847	blx	r1	nrf_fstorage_is_busy@000fbf08
0x000fbf38	10b1	cbz	r0,0x000fbf40	nrf_fstorage_is_busy@000fbf08
0x000fbf3a	0120	movs	r0,#0x1	nrf_fstorage_is_busy@000fbf08
0x000fbf3c	bde8f081	pop.w	{r4,r5,r6,r7,r8,pc}	nrf_fstorage_is_busy@000fbf08
0x000fbf40	641c	adds	r4,r4,#0x1	nrf_fstorage_is_busy@000fbf08
0x000fbf42	b6fbf7f0	udiv	r0,r6,r7	nrf_fstorage_is_busy@000fbf08
0x000fbf46	a042	cmp	r0,r4	nrf_fstorage_is_busy@000fbf08
0x000fbf48	eed8	bhi	0x000fbf28	nrf_fstorage_is_busy@000fbf08
0x000fbf4a	0020	movs	r0,#0x0	nrf_fstorage_is_busy@000fbf08
0x000fbf4c	f6e7	b	0x000fbf3c	nrf_fstorage_is_busy@000fbf08
0x000fbf90	70b5	push	{r4,r5,r6,lr}	nrf_fstorage_sys_evt_handler@000fbf90
0x000fbf92	0146	mov	r1,r0	nrf_fstorage_sys_evt_handler@000fbf90
0x000fbf94	0228	cmp	r0,#0x2	nrf_fstorage_sys_evt_handler@000fbf90
0x000fbf96	01d0	beq	0x000fbf9c	nrf_fstorage_sys_evt_handler@000fbf90
0x000fbf98	0329	cmp	r1,#0x3	nrf_fstorage_sys_evt_handler@000fbf90
0x000fbf9a	43d1	bne	0x000fc024	nrf_fstorage_sys_evt_handler@000fbf90
0x000fbf9c	224c	ldr	r4,[0x000fc028]	nrf_fstorage_sys_evt_handler@000fbf90
0x000fbf9e	207a	ldrb	r0,[r4,#0x8]	nrf_fstorage_sys_evt_handler@000fbf90
0x000fbfa0	0028	cmp	r0,#0x0	nrf_fstorage_sys_evt_handler@000fbf90
0x000fbfa2	3fd0	beq	0x000fc024	nrf_fstorage_sys_evt_handler@000fbf90
0x000fbfa4	0128	cmp	r0,#0x1	nrf_fstorage_sys_evt_handler@000fbf90
0x000fbfa6	31d0	beq	0x000fc00c	nrf_fstorage_sys_evt_handler@000fbf90
0x000fbfa8	0228	cmp	r0,#0x2	nrf_fstorage_sys_evt_handler@000fbf90
0x000fbfaa	2fd1	bne	0x000fc00c	nrf_fstorage_sys_evt_handler@000fbf90
0x000fbfac	1f48	ldr	r0,[0x000fc02c]	nrf_fstorage_sys_evt_handler@000fbf90
0x000fbfae	0023	movs	r3,#0x0	nrf_fstorage_sys_evt_handler@000fbf90
0x000fbfb0	0229	cmp	r1,#0x2	nrf_fstorage_sys_evt_handler@000fbf90
0x000fbfb2	0068	ldr	r0,[r0,#0x0]	nrf_fstorage_sys_evt_handler@000fbf90
0x000fbfb4	02d0	beq	0x000fbfbc	nrf_fstorage_sys_evt_handler@000fbf90
0x000fbfb6	0329	cmp	r1,#0x3	nrf_fstorage_sys_evt_handler@000fbf90
0x000fbfb8	28d1	bne	0x000fc00c	nrf_fstorage_sys_evt_handler@000fbf90
0x000fbfba	19e0	b	0x000fbff0	nrf_fstorage_sys_evt_handler@000fbf90
0x000fbfbc	e360	str	r3,[r4,#0xc]	nrf_fstorage_sys_evt_handler@000fbf90
0x000fbfbe	0279	ldrb	r2,[r0,#0x4]	nrf_fstorage_sys_evt_handler@000fbf90
0x000fbfc0	12b1	cbz	r2,0x000fbfc8	nrf_fstorage_sys_evt_handler@000fbf90
0x000fbfc2	012a	cmp	r2,#0x1	nrf_fstorage_sys_evt_handler@000fbf90
0x000fbfc4	22d1	bne	0x000fc00c	nrf_fstorage_sys_evt_handler@000fbf90
0x000fbfc6	0be0	b	0x000fbfe0	nrf_fstorage_sys_evt_handler@000fbf90
0x000fbfc8	d0e90565	ldrd	r6,r5,[r0,#0x14]	nrf_fstorage_sys_evt_handler@000fbf90
0x000fbfcc	721b	subs	r2,r6,r5	nrf_fstorage_sys_evt_handler@000fbf90
0x000fbfce	142a	cmp	r2,#0x14	nrf_fstorage_sys_evt_handler@000fbf90
0x000fbfd0	00d3	bcc	0x000fbfd4	nrf_fstorage_sys_evt_handler@000fbf90
0x000fbfd2	1422	movs	r2,#0x14	nrf_fstorage_sys_evt_handler@000fbf90
0x000fbfd4	2a44	add	r2,r5	nrf_fstorage_sys_evt_handler@000fbf90
0x000fbfd6	8261	str	r2,[r0,#0x18]	nrf_fstorage_sys_evt_handler@000fbf90
0x000fbfd8	4569	ldr	r5,[r0,#0x14]	nrf_fstorage_sys_evt_handler@000fbf90
0x000fbfda	aa42	cmp	r2,r5	nrf_fstorage_sys_evt_handler@000fbf90
0x000fbfdc	0ed0	beq	0x000fbffc	nrf_fstorage_sys_evt_handler@000fbf90
0x000fbfde	15e0	b	0x000fc00c	nrf_fstorage_sys_evt_handler@000fbf90
0x000fbfe0	0169	ldr	r1,[r0,#0x10]	nrf_fstorage_sys_evt_handler@000fbf90
0x000fbfe2	491c	adds	r1,r1,#0x1	nrf_fstorage_sys_evt_handler@000fbf90
0x000fbfe4	0161	str	r1,[r0,#0x10]	nrf_fstorage_sys_evt_handler@000fbf90
0x000fbfe6	4269	ldr	r2,[r0,#0x14]	nrf_fstorage_sys_evt_handler@000fbf90
0x000fbfe8	9142	cmp	r1,r2	nrf_fstorage_sys_evt_handler@000fbf90
0x000fbfea	0fd1	bne	0x000fc00c	nrf_fstorage_sys_evt_handler@000fbf90
0x000fbfec	2372	strb	r3,[r4,#0x8]	nrf_fstorage_sys_evt_handler@000fbf90
0x000fbfee	13e0	b	0x000fc018	nrf_fstorage_sys_evt_handler@000fbf90
0x000fbff0	e268	ldr	r2,[r4,#0xc]	nrf_fstorage_sys_evt_handler@000fbf90
0x000fbff2	521c	adds	r2,r2,#0x1	nrf_fstorage_sys_evt_handler@000fbf90
0x000fbff4	e260	str	r2,[r4,#0xc]	nrf_fstorage_sys_evt_handler@000fbf90
0x000fbff6	082a	cmp	r2,#0x8	nrf_fstorage_sys_evt_handler@000fbf90
0x000fbff8	08d9	bls	0x000fc00c	nrf_fstorage_sys_evt_handler@000fbf90
0x000fbffa	e360	str	r3,[r4,#0xc]	nrf_fstorage_sys_evt_handler@000fbf90
0x000fbffc	2372	strb	r3,[r4,#0x8]	nrf_fstorage_sys_evt_handler@000fbf90
0x000fbffe	0229	cmp	r1,#0x2	nrf_fstorage_sys_evt_handler@000fbf90
0x000fc000	0ad0	beq	0x000fc018	nrf_fstorage_sys_evt_handler@000fbf90
0x000fc002	0d21	movs	r1,#0xd	nrf_fstorage_sys_evt_handler@000fbf90
0x000fc004	fef72ffd	bl	0x000faa66	nrf_fstorage_sys_evt_handler@000fbf90
0x000fc008	01f072f8	bl	0x000fd0f0	nrf_fstorage_sys_evt_handler@000fbf90
0x000fc00c	607c	ldrb	r0,[r4,#0x11]	nrf_fstorage_sys_evt_handler@000fbf90
0x000fc00e	28b1	cbz	r0,0x000fc01c	nrf_fstorage_sys_evt_handler@000fbf90
0x000fc010	bde87040	pop.w	{r4,r5,r6,lr}	nrf_fstorage_sys_evt_handler@000fbf90
0x000fc014	00f092b9	b.w	0x000fc33c	nrf_fstorage_sys_evt_handler@000fbf90
0x000fc018	0021	movs	r1,#0x0	nrf_fstorage_sys_evt_handler@000fbf90
0x000fc01a	f3e7	b	0x000fc004	nrf_fstorage_sys_evt_handler@000fbf90
0x000fc01c	bde87040	pop.w	{r4,r5,r6,lr}	nrf_fstorage_sys_evt_handler@000fbf90
0x000fc020	01f070b8	b.w	0x000fd104	nrf_fstorage_sys_evt_handler@000fbf90
0x000fc024	70bd	pop	{r4,r5,r6,pc}	nrf_fstorage_sys_evt_handler@000fbf90
0x000fc030	2de9f843	push	{r3,r4,r5,r6,r7,r8,r9,lr}	nrf_fstorage_write@000fc030
0x000fc034	0446	mov	r4,r0	nrf_fstorage_write@000fc030
0x000fc036	1d46	mov	r5,r3	nrf_fstorage_write@000fc030
0x000fc038	1646	mov	r6,r2	nrf_fstorage_write@000fc030
0x000fc03a	0f46	mov	r7,r1	nrf_fstorage_write@000fc030
0x000fc03c	0846	mov	r0,r1	nrf_fstorage_write@000fc030
0x000fc03e	ddf82080	ldr.w	r8,[sp,#0x20]	nrf_fstorage_write@000fc030
0x000fc042	fdf721fe	bl	0x000f9c88	nrf_fstorage_write@000fc030
0x000fc046	3046	mov	r0,r6	nrf_fstorage_write@000fc030
0x000fc048	fdf71efe	bl	0x000f9c88	nrf_fstorage_write@000fc030
0x000fc04c	2a46	mov	r2,r5	nrf_fstorage_write@000fc030
0x000fc04e	3946	mov	r1,r7	nrf_fstorage_write@000fc030
0x000fc050	2046	mov	r0,r4	nrf_fstorage_write@000fc030
0x000fc052	fdf71ffe	bl	0x000f9c94	nrf_fstorage_write@000fc030
0x000fc056	cdf80080	str.w	r8,[sp,#0x0]	nrf_fstorage_write@000fc030
0x000fc05a	2068	ldr	r0,[r4,#0x0]	nrf_fstorage_write@000fc030
0x000fc05c	2b46	mov	r3,r5	nrf_fstorage_write@000fc030
0x000fc05e	3246	mov	r2,r6	nrf_fstorage_write@000fc030
0x000fc060	d0f80cc0	ldr.w	r12,[r0,#0xc]	nrf_fstorage_write@000fc030
0x000fc064	3946	mov	r1,r7	nrf_fstorage_write@000fc030
0x000fc066	2046	mov	r0,r4	nrf_fstorage_write@000fc030
0x000fc068	e047	blx	r12	nrf_fstorage_write@000fc030
0x000fc06a	bde8f883	pop.w	{r3,r4,r5,r6,r7,r8,r9,pc}	nrf_fstorage_write@000fc030
0x000fc070	0949	ldr	r1,[0x000fc098]	nrf_nvmc_page_erase@000fc070
0x000fc072	0222	movs	r2,#0x2	nrf_nvmc_page_erase@000fc070
0x000fc074	0a60	str	r2,[r1,#0x0]	nrf_nvmc_page_erase@000fc070
0x000fc076	bff36f8f	isb	#0xf	nrf_nvmc_page_erase@000fc070
0x000fc07a	bff34f8f	dsb	#0xf	nrf_nvmc_page_erase@000fc070
0x000fc07e	0a1d	adds	r2,r1,#0x4	nrf_nvmc_page_erase@000fc070
0x000fc080	1060	str	r0,[r2,#0x0]	nrf_nvmc_page_erase@000fc070
0x000fc082	0648	ldr	r0,[0x000fc09c]	nrf_nvmc_page_erase@000fc070
0x000fc084	0268	ldr	r2,[r0,#0x0]	nrf_nvmc_page_erase@000fc070
0x000fc086	002a	cmp	r2,#0x0	nrf_nvmc_page_erase@000fc070
0x000fc088	fcd0	beq	0x000fc084	nrf_nvmc_page_erase@000fc070
0x000fc08a	0020	movs	r0,#0x0	nrf_nvmc_page_erase@000fc070
0x000fc08c	0860	str	r0,[r1,#0x0]	nrf_nvmc_page_erase@000fc070
0x000fc08e	bff36f8f	isb	#0xf	nrf_nvmc_page_erase@000fc070
0x000fc092	bff34f8f	dsb	#0xf	nrf_nvmc_page_erase@000fc070
0x000fc096	7047	bx	lr	nrf_nvmc_page_erase@000fc070
0x000fc0a0	094a	ldr	r2,[0x000fc0c8]	nrf_nvmc_write_word@000fc0a0
0x000fc0a2	0123	movs	r3,#0x1	nrf_nvmc_write_word@000fc0a0
0x000fc0a4	1360	str	r3,[r2,#0x0]	nrf_nvmc_write_word@000fc0a0
0x000fc0a6	bff36f8f	isb	#0xf	nrf_nvmc_write_word@000fc0a0
0x000fc0aa	bff34f8f	dsb	#0xf	nrf_nvmc_write_word@000fc0a0
0x000fc0ae	0160	str	r1,[r0,#0x0]	nrf_nvmc_write_word@000fc0a0
0x000fc0b0	0648	ldr	r0,[0x000fc0cc]	nrf_nvmc_write_word@000fc0a0
0x000fc0b2	0168	ldr	r1,[r0,#0x0]	nrf_nvmc_write_word@000fc0a0
0x000fc0b4	0029	cmp	r1,#0x0	nrf_nvmc_write_word@000fc0a0
0x000fc0b6	fcd0	beq	0x000fc0b2	nrf_nvmc_write_word@000fc0a0
0x000fc0b8	0020	movs	r0,#0x0	nrf_nvmc_write_word@000fc0a0
0x000fc0ba	1060	str	r0,[r2,#0x0]	nrf_nvmc_write_word@000fc0a0
0x000fc0bc	bff36f8f	isb	#0xf	nrf_nvmc_write_word@000fc0a0
0x000fc0c0	bff34f8f	dsb	#0xf	nrf_nvmc_write_word@000fc0a0
0x000fc0c4	7047	bx	lr	nrf_nvmc_write_word@000fc0a0
0x000fc0d0	70b5	push	{r4,r5,r6,lr}	nrf_nvmc_write_words@000fc0d0
0x000fc0d2	0e4c	ldr	r4,[0x000fc10c]	nrf_nvmc_write_words@000fc0d0
0x000fc0d4	0123	movs	r3,#0x1	nrf_nvmc_write_words@000fc0d0
0x000fc0d6	2360	str	r3,[r4,#0x0]	nrf_nvmc_write_words@000fc0d0
0x000fc0d8	bff36f8f	isb	#0xf	nrf_nvmc_write_words@000fc0d0
0x000fc0dc	bff34f8f	dsb	#0xf	nrf_nvmc_write_words@000fc0d0
0x000fc0e0	0023	movs	r3,#0x0	nrf_nvmc_write_words@000fc0d0
0x000fc0e2	0b4d	ldr	r5,[0x000fc110]	nrf_nvmc_write_words@000fc0d0
0x000fc0e4	08e0	b	0x000fc0f8	nrf_nvmc_write_words@000fc0d0
0x000fc0e8	51f82360	ldr.w	r6,[r1,r3,lsl #0x2]	nrf_nvmc_write_words@000fc0d0
0x000fc0ec	40f82360	str.w	r6,[r0,r3,lsl #0x2]	nrf_nvmc_write_words@000fc0d0
0x000fc0f0	2e68	ldr	r6,[r5,#0x0]	nrf_nvmc_write_words@000fc0d0
0x000fc0f2	002e	cmp	r6,#0x0	nrf_nvmc_write_words@000fc0d0
0x000fc0f4	fcd0	beq	0x000fc0f0	nrf_nvmc_write_words@000fc0d0
0x000fc0f6	5b1c	adds	r3,r3,#0x1	nrf_nvmc_write_words@000fc0d0
0x000fc0f8	9342	cmp	r3,r2	nrf_nvmc_write_words@000fc0d0
0x000fc0fa	f5d3	bcc	0x000fc0e8	nrf_nvmc_write_words@000fc0d0
0x000fc0fc	0020	movs	r0,#0x0	nrf_nvmc_write_words@000fc0d0
0x000fc0fe	2060	str	r0,[r4,#0x0]	nrf_nvmc_write_words@000fc0d0
0x000fc100	bff36f8f	isb	#0xf	nrf_nvmc_write_words@000fc0d0
0x000fc104	bff34f8f	dsb	#0xf	nrf_nvmc_write_words@000fc0d0
0x000fc108	70bd	pop	{r4,r5,r6,pc}	nrf_nvmc_write_words@000fc0d0
0x000fc114	08b5	push	{r3,lr}	nrf_rtc_event_clear@000fc114
0x000fc116	0022	movs	r2,#0x0	nrf_rtc_event_clear@000fc114
0x000fc118	4250	str	r2,[r0,r1]	nrf_rtc_event_clear@000fc114
0x000fc11a	4058	ldr	r0,[r0,r1]	nrf_rtc_event_clear@000fc114
0x000fc11c	0090	str	r0,[sp,#0x0]	nrf_rtc_event_clear@000fc114
0x000fc11e	08bd	pop	{r3,pc}	nrf_rtc_event_clear@000fc114
0x000fc120	20b1	cbz	r0,0x000fc12c	nrf_sdh_ble_app_ram_start_get@000fc120
0x000fc122	0349	ldr	r1,[0x000fc130]	nrf_sdh_ble_app_ram_start_get@000fc120
0x000fc124	0968	ldr	r1,[r1,#0x0]	nrf_sdh_ble_app_ram_start_get@000fc120
0x000fc126	0160	str	r1,[r0,#0x0]	nrf_sdh_ble_app_ram_start_get@000fc120
0x000fc128	0020	movs	r0,#0x0	nrf_sdh_ble_app_ram_start_get@000fc120
0x000fc12a	7047	bx	lr	nrf_sdh_ble_app_ram_start_get@000fc120
0x000fc12c	0e20	movs	r0,#0xe	nrf_sdh_ble_app_ram_start_get@000fc120
0x000fc12e	7047	bx	lr	nrf_sdh_ble_app_ram_start_get@000fc120
0x000fc134	feb5	push	{r1,r2,r3,r4,r5,r6,r7,lr}	nrf_sdh_ble_default_cfg_set@000fc134
0x000fc136	0646	mov	r6,r0	nrf_sdh_ble_default_cfg_set@000fc134
0x000fc138	0d46	mov	r5,r1	nrf_sdh_ble_default_cfg_set@000fc134
0x000fc13a	0846	mov	r0,r1	nrf_sdh_ble_default_cfg_set@000fc134
0x000fc13c	fff7f0ff	bl	0x000fc120	nrf_sdh_ble_default_cfg_set@000fc134
0x000fc140	0028	cmp	r0,#0x0	nrf_sdh_ble_default_cfg_set@000fc134
0x000fc142	44d1	bne	0x000fc1ce	nrf_sdh_ble_default_cfg_set@000fc134
0x000fc144	0024	movs	r4,#0x0	nrf_sdh_ble_default_cfg_set@000fc134
0x000fc146	0094	str	r4,[sp,#0x0]	nrf_sdh_ble_default_cfg_set@000fc134
0x000fc148	0194	str	r4,[sp,#0x4]	nrf_sdh_ble_default_cfg_set@000fc134
0x000fc14a	0127	movs	r7,#0x1	nrf_sdh_ble_default_cfg_set@000fc134
0x000fc14c	0620	movs	r0,#0x6	nrf_sdh_ble_default_cfg_set@000fc134
0x000fc14e	8df80060	strb.w	r6,[sp,#0x0]	nrf_sdh_ble_default_cfg_set@000fc134
0x000fc152	adf80400	strh.w	r0,[sp,#0x4]	nrf_sdh_ble_default_cfg_set@000fc134
0x000fc156	0294	str	r4,[sp,#0x8]	nrf_sdh_ble_default_cfg_set@000fc134
0x000fc158	8df80270	strb.w	r7,[sp,#0x2]	nrf_sdh_ble_default_cfg_set@000fc134
0x000fc15c	6946	mov	r1,sp	nrf_sdh_ble_default_cfg_set@000fc134
0x000fc15e	2020	movs	r0,#0x20	nrf_sdh_ble_default_cfg_set@000fc134
0x000fc160	2a68	ldr	r2,[r5,#0x0]	nrf_sdh_ble_default_cfg_set@000fc134
0x000fc162	69df	svc	0x69	nrf_sdh_ble_default_cfg_set@000fc134
0x000fc164	0094	str	r4,[sp,#0x0]	nrf_sdh_ble_default_cfg_set@000fc134
0x000fc166	8df80170	strb.w	r7,[sp,#0x1]	nrf_sdh_ble_default_cfg_set@000fc134
0x000fc16a	8df80240	strb.w	r4,[sp,#0x2]	nrf_sdh_ble_default_cfg_set@000fc134
0x000fc16e	0194	str	r4,[sp,#0x4]	nrf_sdh_ble_default_cfg_set@000fc134
0x000fc170	0294	str	r4,[sp,#0x8]	nrf_sdh_ble_default_cfg_set@000fc134
0x000fc172	8df80340	strb.w	r4,[sp,#0x3]	nrf_sdh_ble_default_cfg_set@000fc134
0x000fc176	6946	mov	r1,sp	nrf_sdh_ble_default_cfg_set@000fc134
0x000fc178	4020	movs	r0,#0x40	nrf_sdh_ble_default_cfg_set@000fc134
0x000fc17a	2a68	ldr	r2,[r5,#0x0]	nrf_sdh_ble_default_cfg_set@000fc134
0x000fc17c	69df	svc	0x69	nrf_sdh_ble_default_cfg_set@000fc134
0x000fc17e	0094	str	r4,[sp,#0x0]	nrf_sdh_ble_default_cfg_set@000fc134
0x000fc180	8df80060	strb.w	r6,[sp,#0x0]	nrf_sdh_ble_default_cfg_set@000fc134
0x000fc184	f720	movs	r0,#0xf7	nrf_sdh_ble_default_cfg_set@000fc134
0x000fc186	adf80200	strh.w	r0,[sp,#0x2]	nrf_sdh_ble_default_cfg_set@000fc134
0x000fc18a	0194	str	r4,[sp,#0x4]	nrf_sdh_ble_default_cfg_set@000fc134
0x000fc18c	0294	str	r4,[sp,#0x8]	nrf_sdh_ble_default_cfg_set@000fc134
0x000fc18e	6946	mov	r1,sp	nrf_sdh_ble_default_cfg_set@000fc134
0x000fc190	2320	movs	r0,#0x23	nrf_sdh_ble_default_cfg_set@000fc134
0x000fc192	2a68	ldr	r2,[r5,#0x0]	nrf_sdh_ble_default_cfg_set@000fc134
0x000fc194	69df	svc	0x69	nrf_sdh_ble_default_cfg_set@000fc134
0x000fc196	0094	str	r4,[sp,#0x0]	nrf_sdh_ble_default_cfg_set@000fc134
0x000fc198	0194	str	r4,[sp,#0x4]	nrf_sdh_ble_default_cfg_set@000fc134
0x000fc19a	0294	str	r4,[sp,#0x8]	nrf_sdh_ble_default_cfg_set@000fc134
0x000fc19c	8df80070	strb.w	r7,[sp,#0x0]	nrf_sdh_ble_default_cfg_set@000fc134
0x000fc1a0	6946	mov	r1,sp	nrf_sdh_ble_default_cfg_set@000fc134
0x000fc1a2	0120	movs	r0,#0x1	nrf_sdh_ble_default_cfg_set@000fc134
0x000fc1a4	2a68	ldr	r2,[r5,#0x0]	nrf_sdh_ble_default_cfg_set@000fc134
0x000fc1a6	69df	svc	0x69	nrf_sdh_ble_default_cfg_set@000fc134
0x000fc1a8	4ff4b060	mov.w	r0,#0x580	nrf_sdh_ble_default_cfg_set@000fc134
0x000fc1ac	0090	str	r0,[sp,#0x0]	nrf_sdh_ble_default_cfg_set@000fc134
0x000fc1ae	0194	str	r4,[sp,#0x4]	nrf_sdh_ble_default_cfg_set@000fc134
0x000fc1b0	0294	str	r4,[sp,#0x8]	nrf_sdh_ble_default_cfg_set@000fc134
0x000fc1b2	6946	mov	r1,sp	nrf_sdh_ble_default_cfg_set@000fc134
0x000fc1b4	a120	movs	r0,#0xa1	nrf_sdh_ble_default_cfg_set@000fc134
0x000fc1b6	2a68	ldr	r2,[r5,#0x0]	nrf_sdh_ble_default_cfg_set@000fc134
0x000fc1b8	69df	svc	0x69	nrf_sdh_ble_default_cfg_set@000fc134
0x000fc1ba	0094	str	r4,[sp,#0x0]	nrf_sdh_ble_default_cfg_set@000fc134
0x000fc1bc	0194	str	r4,[sp,#0x4]	nrf_sdh_ble_default_cfg_set@000fc134
0x000fc1be	0294	str	r4,[sp,#0x8]	nrf_sdh_ble_default_cfg_set@000fc134
0x000fc1c0	8df80040	strb.w	r4,[sp,#0x0]	nrf_sdh_ble_default_cfg_set@000fc134
0x000fc1c4	6946	mov	r1,sp	nrf_sdh_ble_default_cfg_set@000fc134
0x000fc1c6	a020	movs	r0,#0xa0	nrf_sdh_ble_default_cfg_set@000fc134
0x000fc1c8	2a68	ldr	r2,[r5,#0x0]	nrf_sdh_ble_default_cfg_set@000fc134
0x000fc1ca	69df	svc	0x69	nrf_sdh_ble_default_cfg_set@000fc134
0x000fc1cc	0020	movs	r0,#0x0	nrf_sdh_ble_default_cfg_set@000fc134
0x000fc1ce	febd	pop	{r1,r2,r3,r4,r5,r6,r7,pc}	nrf_sdh_ble_default_cfg_set@000fc134
0x000fc1d0	60df	svc	0x60	nrf_sdh_ble_enable@000fc1d0
0x000fc1d2	0028	cmp	r0,#0x0	nrf_sdh_ble_enable@000fc1d0
0x000fc1d4	02d1	bne	0x000fc1dc	nrf_sdh_ble_enable@000fc1d0
0x000fc1d6	024a	ldr	r2,[0x000fc1e0]	nrf_sdh_ble_enable@000fc1d0
0x000fc1d8	0121	movs	r1,#0x1	nrf_sdh_ble_enable@000fc1d0
0x000fc1da	1170	strb	r1,[r2,#0x0]	nrf_sdh_ble_enable@000fc1d0
0x000fc1dc	7047	bx	lr	nrf_sdh_ble_enable@000fc1d0
0x000fc1e4	30b5	push	{r4,r5,lr}	nrf_sdh_soc_evts_poll@000fc1e4
0x000fc1e6	1548	ldr	r0,[0x000fc23c]	nrf_sdh_soc_evts_poll@000fc1e4
0x000fc1e8	adf5017d	sub.w	sp,sp,#0x204	nrf_sdh_soc_evts_poll@000fc1e4
0x000fc1ec	0078	ldrb	r0,[r0,#0x0]	nrf_sdh_soc_evts_poll@000fc1e4
0x000fc1ee	0028	cmp	r0,#0x0	nrf_sdh_soc_evts_poll@000fc1e4
0x000fc1f0	21d0	beq	0x000fc236	nrf_sdh_soc_evts_poll@000fc1e4
0x000fc1f2	4ff4fa75	mov.w	r5,#0x1f4	nrf_sdh_soc_evts_poll@000fc1e4
0x000fc1f6	00bf	nop		nrf_sdh_soc_evts_poll@000fc1e4
0x000fc1f8	adf80052	strh.w	r5,[sp,#0x200]	nrf_sdh_soc_evts_poll@000fc1e4
0x000fc1fc	80a9	add	r1,sp,#0x200	nrf_sdh_soc_evts_poll@000fc1e4
0x000fc1fe	6846	mov	r0,sp	nrf_sdh_soc_evts_poll@000fc1e4
0x000fc200	61df	svc	0x61	nrf_sdh_soc_evts_poll@000fc1e4
0x000fc202	38b1	cbz	r0,0x000fc214	nrf_sdh_soc_evts_poll@000fc1e4
0x000fc204	0528	cmp	r0,#0x5	nrf_sdh_soc_evts_poll@000fc1e4
0x000fc206	16d0	beq	0x000fc236	nrf_sdh_soc_evts_poll@000fc1e4
0x000fc208	0df5017d	add.w	sp,sp,#0x204	nrf_sdh_soc_evts_poll@000fc1e4
0x000fc20c	bde83040	pop.w	{r4,r5,lr}	nrf_sdh_soc_evts_poll@000fc1e4
0x000fc210	fdf7d8bd	b.w	0x000f9dc4	nrf_sdh_soc_evts_poll@000fc1e4
0x000fc214	6c46	mov	r4,sp	nrf_sdh_soc_evts_poll@000fc1e4
0x000fc216	0a49	ldr	r1,[0x000fc240]	nrf_sdh_soc_evts_poll@000fc1e4
0x000fc218	7da8	add	r0,sp,#0x1f4	nrf_sdh_soc_evts_poll@000fc1e4
0x000fc21a	00f0bbf8	bl	0x000fc394	nrf_sdh_soc_evts_poll@000fc1e4
0x000fc21e	06e0	b	0x000fc22e	nrf_sdh_soc_evts_poll@000fc1e4
0x000fc220	d0e90021	ldrd	r2,r1,[r0,#0x0]	nrf_sdh_soc_evts_poll@000fc1e4
0x000fc224	2046	mov	r0,r4	nrf_sdh_soc_evts_poll@000fc1e4
0x000fc226	9047	blx	r2	nrf_sdh_soc_evts_poll@000fc1e4
0x000fc228	7da8	add	r0,sp,#0x1f4	nrf_sdh_soc_evts_poll@000fc1e4
0x000fc22a	00f0caf8	bl	0x000fc3c2	nrf_sdh_soc_evts_poll@000fc1e4
0x000fc22e	7f98	ldr	r0,[sp,#0x1fc]	nrf_sdh_soc_evts_poll@000fc1e4
0x000fc230	0028	cmp	r0,#0x0	nrf_sdh_soc_evts_poll@000fc1e4
0x000fc232	e1d0	beq	0x000fc1f8	nrf_sdh_soc_evts_poll@000fc1e4
0x000fc234	f4e7	b	0x000fc220	nrf_sdh_soc_evts_poll@000fc1e4
0x000fc236	0df5017d	add.w	sp,sp,#0x204	nrf_sdh_soc_evts_poll@000fc1e4
0x000fc23a	30bd	pop	{r4,r5,pc}	nrf_sdh_soc_evts_poll@000fc1e4
0x000fc244	f8b5	push	{r3,r4,r5,r6,r7,lr}	nrf_sdh_disable_request@000fc244
0x000fc246	134c	ldr	r4,[0x000fc294]	nrf_sdh_disable_request@000fc244
0x000fc248	2078	ldrb	r0,[r4,#0x0]	nrf_sdh_disable_request@000fc244
0x000fc24a	c0b1	cbz	r0,0x000fc27e	nrf_sdh_disable_request@000fc244
0x000fc24c	0120	movs	r0,#0x1	nrf_sdh_disable_request@000fc244
0x000fc24e	a070	strb	r0,[r4,#0x2]	nrf_sdh_disable_request@000fc244
0x000fc250	01f0a6f8	bl	0x000fd3a0	nrf_sdh_disable_request@000fc244
0x000fc254	1128	cmp	r0,#0x11	nrf_sdh_disable_request@000fc244
0x000fc256	14d0	beq	0x000fc282	nrf_sdh_disable_request@000fc244
0x000fc258	0220	movs	r0,#0x2	nrf_sdh_disable_request@000fc244
0x000fc25a	01f0b9f8	bl	0x000fd3d0	nrf_sdh_disable_request@000fc244
0x000fc25e	0025	movs	r5,#0x0	nrf_sdh_disable_request@000fc244
0x000fc260	8df80050	strb.w	r5,[sp,#0x0]	nrf_sdh_disable_request@000fc244
0x000fc264	6846	mov	r0,sp	nrf_sdh_disable_request@000fc244
0x000fc266	fdf735fe	bl	0x000f9ed4	nrf_sdh_disable_request@000fc244
0x000fc26a	11df	svc	0x11	nrf_sdh_disable_request@000fc244
0x000fc26c	0646	mov	r6,r0	nrf_sdh_disable_request@000fc244
0x000fc26e	2570	strb	r5,[r4,#0x0]	nrf_sdh_disable_request@000fc244
0x000fc270	9df80000	ldrb.w	r0,[sp,#0x0]	nrf_sdh_disable_request@000fc244
0x000fc274	fdf752fe	bl	0x000f9f1c	nrf_sdh_disable_request@000fc244
0x000fc278	2eb1	cbz	r6,0x000fc286	nrf_sdh_disable_request@000fc244
0x000fc27a	3046	mov	r0,r6	nrf_sdh_disable_request@000fc244
0x000fc27c	f8bd	pop	{r3,r4,r5,r6,r7,pc}	nrf_sdh_disable_request@000fc244
0x000fc27e	0820	movs	r0,#0x8	nrf_sdh_disable_request@000fc244
0x000fc280	f8bd	pop	{r3,r4,r5,r6,r7,pc}	nrf_sdh_disable_request@000fc244
0x000fc282	0020	movs	r0,#0x0	nrf_sdh_disable_request@000fc244
0x000fc284	f8bd	pop	{r3,r4,r5,r6,r7,pc}	nrf_sdh_disable_request@000fc244
0x000fc286	a570	strb	r5,[r4,#0x2]	nrf_sdh_disable_request@000fc244
0x000fc288	01f0f0f8	bl	0x000fd46c	nrf_sdh_disable_request@000fc244
0x000fc28c	0320	movs	r0,#0x3	nrf_sdh_disable_request@000fc244
0x000fc28e	01f09ff8	bl	0x000fd3d0	nrf_sdh_disable_request@000fc244
0x000fc292	f6e7	b	0x000fc282	nrf_sdh_disable_request@000fc244
0x000fc298	7cb5	push	{r2,r3,r4,r5,r6,lr}	nrf_sdh_enable_request@000fc298
0x000fc29a	194c	ldr	r4,[0x000fc300]	nrf_sdh_enable_request@000fc298
0x000fc29c	2078	ldrb	r0,[r4,#0x0]	nrf_sdh_enable_request@000fc298
0x000fc29e	08b1	cbz	r0,0x000fc2a4	nrf_sdh_enable_request@000fc298
0x000fc2a0	0820	movs	r0,#0x8	nrf_sdh_enable_request@000fc298
0x000fc2a2	7cbd	pop	{r2,r3,r4,r5,r6,pc}	nrf_sdh_enable_request@000fc298
0x000fc2a4	0120	movs	r0,#0x1	nrf_sdh_enable_request@000fc298
0x000fc2a6	a070	strb	r0,[r4,#0x2]	nrf_sdh_enable_request@000fc298
0x000fc2a8	0020	movs	r0,#0x0	nrf_sdh_enable_request@000fc298
0x000fc2aa	01f079f8	bl	0x000fd3a0	nrf_sdh_enable_request@000fc298
0x000fc2ae	1128	cmp	r0,#0x11	nrf_sdh_enable_request@000fc298
0x000fc2b0	19d0	beq	0x000fc2e6	nrf_sdh_enable_request@000fc298
0x000fc2b2	0020	movs	r0,#0x0	nrf_sdh_enable_request@000fc298
0x000fc2b4	01f08cf8	bl	0x000fd3d0	nrf_sdh_enable_request@000fc298
0x000fc2b8	1248	ldr	r0,[0x000fc304]	nrf_sdh_enable_request@000fc298
0x000fc2ba	0026	movs	r6,#0x0	nrf_sdh_enable_request@000fc298
0x000fc2bc	0068	ldr	r0,[r0,#0x0]	nrf_sdh_enable_request@000fc298
0x000fc2be	0190	str	r0,[sp,#0x4]	nrf_sdh_enable_request@000fc298
0x000fc2c0	8df80060	strb.w	r6,[sp,#0x0]	nrf_sdh_enable_request@000fc298
0x000fc2c4	6846	mov	r0,sp	nrf_sdh_enable_request@000fc298
0x000fc2c6	fdf705fe	bl	0x000f9ed4	nrf_sdh_enable_request@000fc298
0x000fc2ca	0f49	ldr	r1,[0x000fc308]	nrf_sdh_enable_request@000fc298
0x000fc2cc	01a8	add	r0,sp,#0x4	nrf_sdh_enable_request@000fc298
0x000fc2ce	10df	svc	0x10	nrf_sdh_enable_request@000fc298
0x000fc2d0	0500	movs	r5,r0	nrf_sdh_enable_request@000fc298
0x000fc2d2	0ad0	beq	0x000fc2ea	nrf_sdh_enable_request@000fc298
0x000fc2d4	0020	movs	r0,#0x0	nrf_sdh_enable_request@000fc298
0x000fc2d6	2070	strb	r0,[r4,#0x0]	nrf_sdh_enable_request@000fc298
0x000fc2d8	9df80000	ldrb.w	r0,[sp,#0x0]	nrf_sdh_enable_request@000fc298
0x000fc2dc	fdf71efe	bl	0x000f9f1c	nrf_sdh_enable_request@000fc298
0x000fc2e0	2db1	cbz	r5,0x000fc2ee	nrf_sdh_enable_request@000fc298
0x000fc2e2	2846	mov	r0,r5	nrf_sdh_enable_request@000fc298
0x000fc2e4	7cbd	pop	{r2,r3,r4,r5,r6,pc}	nrf_sdh_enable_request@000fc298
0x000fc2e6	0020	movs	r0,#0x0	nrf_sdh_enable_request@000fc298
0x000fc2e8	7cbd	pop	{r2,r3,r4,r5,r6,pc}	nrf_sdh_enable_request@000fc298
0x000fc2ea	0120	movs	r0,#0x1	nrf_sdh_enable_request@000fc298
0x000fc2ec	f3e7	b	0x000fc2d6	nrf_sdh_enable_request@000fc298
0x000fc2ee	a670	strb	r6,[r4,#0x2]	nrf_sdh_enable_request@000fc298
0x000fc2f0	6670	strb	r6,[r4,#0x1]	nrf_sdh_enable_request@000fc298
0x000fc2f2	01f0dbf8	bl	0x000fd4ac	nrf_sdh_enable_request@000fc298
0x000fc2f6	0120	movs	r0,#0x1	nrf_sdh_enable_request@000fc298
0x000fc2f8	01f06af8	bl	0x000fd3d0	nrf_sdh_enable_request@000fc298
0x000fc2fc	f3e7	b	0x000fc2e6	nrf_sdh_enable_request@000fc298
0x000fc30c	0eb5	push	{r1,r2,r3,lr}	SWI2_EGU2_IRQHandler@000fc30c
0x000fc30e	0749	ldr	r1,[0x000fc32c]	SWI2_EGU2_IRQHandler@000fc30c
0x000fc310	6846	mov	r0,sp	SWI2_EGU2_IRQHandler@000fc30c
0x000fc312	00f03ff8	bl	0x000fc394	SWI2_EGU2_IRQHandler@000fc30c
0x000fc316	05e0	b	0x000fc324	SWI2_EGU2_IRQHandler@000fc30c
0x000fc318	d0e90010	ldrd	r1,r0,[r0,#0x0]	SWI2_EGU2_IRQHandler@000fc30c
0x000fc31c	8847	blx	r1	SWI2_EGU2_IRQHandler@000fc30c
0x000fc31e	6846	mov	r0,sp	SWI2_EGU2_IRQHandler@000fc30c
0x000fc320	00f04ff8	bl	0x000fc3c2	SWI2_EGU2_IRQHandler@000fc30c
0x000fc324	0298	ldr	r0,[sp,#0x8]	SWI2_EGU2_IRQHandler@000fc30c
0x000fc326	0028	cmp	r0,#0x0	SWI2_EGU2_IRQHandler@000fc30c
0x000fc328	f6d1	bne	0x000fc318	SWI2_EGU2_IRQHandler@000fc30c
0x000fc32a	0ebd	pop	{r1,r2,r3,pc}	SWI2_EGU2_IRQHandler@000fc30c
0x000fc330	0148	ldr	r0,[0x000fc338]	nrf_sdh_is_enabled@000fc330
0x000fc332	0078	ldrb	r0,[r0,#0x0]	nrf_sdh_is_enabled@000fc330
0x000fc334	7047	bx	lr	nrf_sdh_is_enabled@000fc330
0x000fc33c	0548	ldr	r0,[0x000fc354]	nrf_sdh_request_continue@000fc33c
0x000fc33e	8178	ldrb	r1,[r0,#0x2]	nrf_sdh_request_continue@000fc33c
0x000fc340	19b1	cbz	r1,0x000fc34a	nrf_sdh_request_continue@000fc33c
0x000fc342	0078	ldrb	r0,[r0,#0x0]	nrf_sdh_request_continue@000fc33c
0x000fc344	18b1	cbz	r0,0x000fc34e	nrf_sdh_request_continue@000fc33c
0x000fc346	fff77dbf	b.w	0x000fc244	nrf_sdh_request_continue@000fc33c
0x000fc34a	0820	movs	r0,#0x8	nrf_sdh_request_continue@000fc33c
0x000fc34c	7047	bx	lr	nrf_sdh_request_continue@000fc33c
0x000fc34e	fff7a3bf	b.w	0x000fc298	nrf_sdh_request_continue@000fc33c
0x000fc394	0160	str	r1,[r0,#0x0]	nrf_section_iter_init@000fc394
0x000fc396	0968	ldr	r1,[r1,#0x0]	nrf_section_iter_init@000fc394
0x000fc398	4160	str	r1,[r0,#0x4]	nrf_section_iter_init@000fc394
0x000fc39a	aff30080	nop.w		nrf_section_iter_init@000fc394
0x000fc39e	10b5	push	{r4,lr}	nrf_section_iter_init@000fc394
0x000fc3a0	d0e90021	ldrd	r2,r1,[r0,#0x0]	nrf_section_iter_init@000fc394
0x000fc3a4	5368	ldr	r3,[r2,#0x4]	nrf_section_iter_init@000fc394
0x000fc3a6	9942	cmp	r1,r3	nrf_section_iter_init@000fc394
0x000fc3a8	01d1	bne	0x000fc3ae	nrf_section_iter_init@000fc394
0x000fc3aa	0021	movs	r1,#0x0	nrf_section_iter_init@000fc394
0x000fc3ac	04e0	b	0x000fc3b8	nrf_section_iter_init@000fc394
0x000fc3ae	d1e90034	ldrd	r3,r4,[r1,#0x0]	nrf_section_iter_init@000fc394
0x000fc3b2	a342	cmp	r3,r4	nrf_section_iter_init@000fc394
0x000fc3b4	02d0	beq	0x000fc3bc	nrf_section_iter_init@000fc394
0x000fc3b6	1946	mov	r1,r3	nrf_section_iter_init@000fc394
0x000fc3b8	8160	str	r1,[r0,#0x8]	nrf_section_iter_init@000fc394
0x000fc3ba	10bd	pop	{r4,pc}	nrf_section_iter_init@000fc394
0x000fc3bc	0831	adds	r1,#0x8	nrf_section_iter_init@000fc394
0x000fc3be	4160	str	r1,[r0,#0x4]	nrf_section_iter_init@000fc394
0x000fc3c0	f0e7	b	0x000fc3a4	nrf_section_iter_init@000fc394
0x000fc3c2	8168	ldr	r1,[r0,#0x8]	nrf_section_iter_next@000fc3c2
0x000fc3c4	0029	cmp	r1,#0x0	nrf_section_iter_next@000fc3c2
0x000fc3c6	0bd0	beq	0x000fc3e0	nrf_section_iter_next@000fc3c2
0x000fc3c8	0268	ldr	r2,[r0,#0x0]	nrf_section_iter_next@000fc3c2
0x000fc3ca	9268	ldr	r2,[r2,#0x8]	nrf_section_iter_next@000fc3c2
0x000fc3cc	0a44	add	r2,r1	nrf_section_iter_next@000fc3c2
0x000fc3ce	8260	str	r2,[r0,#0x8]	nrf_section_iter_next@000fc3c2
0x000fc3d0	4168	ldr	r1,[r0,#0x4]	nrf_section_iter_next@000fc3c2
0x000fc3d2	4b68	ldr	r3,[r1,#0x4]	nrf_section_iter_next@000fc3c2
0x000fc3d4	9a42	cmp	r2,r3	nrf_section_iter_next@000fc3c2
0x000fc3d6	03d1	bne	0x000fc3e0	nrf_section_iter_next@000fc3c2
0x000fc3d8	0831	adds	r1,#0x8	nrf_section_iter_next@000fc3c2
0x000fc3da	4160	str	r1,[r0,#0x4]	nrf_section_iter_next@000fc3c2
0x000fc3dc	fff7dfbf	b.w	0x000fc39e	nrf_section_iter_next@000fc3c2
0x000fc3e0	7047	bx	lr	nrf_section_iter_next@000fc3c2
0x000fc3e4	2de9f041	push	{r4,r5,r6,r7,r8,lr}	nrf_svc_handler_c@000fc3e4
0x000fc3e8	0446	mov	r4,r0	nrf_svc_handler_c@000fc3e4
0x000fc3ea	1348	ldr	r0,[0x000fc438]	nrf_svc_handler_c@000fc3e4
0x000fc3ec	134b	ldr	r3,[0x000fc43c]	nrf_svc_handler_c@000fc3e4
0x000fc3ee	c01a	subs	r0,r0,r3	nrf_svc_handler_c@000fc3e4
0x000fc3f0	0c21	movs	r1,#0xc	nrf_svc_handler_c@000fc3e4
0x000fc3f2	b0fbf1f6	udiv	r6,r0,r1	nrf_svc_handler_c@000fc3e4
0x000fc3f6	a069	ldr	r0,[r4,#0x18]	nrf_svc_handler_c@000fc3e4
0x000fc3f8	4ff0ff31	mov.w	r1,#0xffffffff	nrf_svc_handler_c@000fc3e4
0x000fc3fc	10f8022c	ldrb.w	r2,[r0,#-0x2]	nrf_svc_handler_c@000fc3e4
0x000fc400	02b9	cbnz	r2,0x000fc404	nrf_svc_handler_c@000fc3e4
0x000fc402	2169	ldr	r1,[r4,#0x10]	nrf_svc_handler_c@000fc3e4
0x000fc404	0020	movs	r0,#0x0	nrf_svc_handler_c@000fc3e4
0x000fc406	11e0	b	0x000fc42c	nrf_svc_handler_c@000fc3e4
0x000fc408	00eb4005	add.w	r5,r0,r0, lsl #0x1	nrf_svc_handler_c@000fc3e4
0x000fc40c	03eb8505	add.w	r5,r3,r5, lsl #0x2	nrf_svc_handler_c@000fc3e4
0x000fc410	2f68	ldr	r7,[r5,#0x0]	nrf_svc_handler_c@000fc3e4
0x000fc412	9742	cmp	r7,r2	nrf_svc_handler_c@000fc3e4
0x000fc414	09d1	bne	0x000fc42a	nrf_svc_handler_c@000fc3e4
0x000fc416	4f1c	adds	r7,r1,#0x1	nrf_svc_handler_c@000fc3e4
0x000fc418	02d0	beq	0x000fc420	nrf_svc_handler_c@000fc3e4
0x000fc41a	6f68	ldr	r7,[r5,#0x4]	nrf_svc_handler_c@000fc3e4
0x000fc41c	8f42	cmp	r7,r1	nrf_svc_handler_c@000fc3e4
0x000fc41e	04d1	bne	0x000fc42a	nrf_svc_handler_c@000fc3e4
0x000fc420	94e80f00	ldm.w	r4,{r0,r1,r2,r3}	nrf_svc_handler_c@000fc3e4
0x000fc424	ad68	ldr	r5,[r5,#0x8]	nrf_svc_handler_c@000fc3e4
0x000fc426	a847	blx	r5	nrf_svc_handler_c@000fc3e4
0x000fc428	03e0	b	0x000fc432	nrf_svc_handler_c@000fc3e4
0x000fc42a	401c	adds	r0,r0,#0x1	nrf_svc_handler_c@000fc3e4
0x000fc42c	b042	cmp	r0,r6	nrf_svc_handler_c@000fc3e4
0x000fc42e	ebd3	bcc	0x000fc408	nrf_svc_handler_c@000fc3e4
0x000fc430	0120	movs	r0,#0x1	nrf_svc_handler_c@000fc3e4
0x000fc432	2060	str	r0,[r4,#0x0]	nrf_svc_handler_c@000fc3e4
0x000fc434	bde8f081	pop.w	{r4,r5,r6,r7,r8,pc}	nrf_svc_handler_c@000fc3e4
0x000fc440	0248	ldr	r0,[0x000fc44c]	nrf_wdt_started@000fc440
0x000fc442	0068	ldr	r0,[r0,#0x0]	nrf_wdt_started@000fc440
0x000fc444	0028	cmp	r0,#0x0	nrf_wdt_started@000fc440
0x000fc446	00d0	beq	0x000fc44a	nrf_wdt_started@000fc440
0x000fc448	0120	movs	r0,#0x1	nrf_wdt_started@000fc440
0x000fc44a	7047	bx	lr	nrf_wdt_started@000fc440
0x000fc450	0349	ldr	r1,[0x000fc460]	nvmc_wait@000fc450
0x000fc452	0860	str	r0,[r1,#0x0]	nvmc_wait@000fc450
0x000fc454	0348	ldr	r0,[0x000fc464]	nvmc_wait@000fc450
0x000fc456	0168	ldr	r1,[r0,#0x0]	nvmc_wait@000fc450
0x000fc458	0029	cmp	r1,#0x0	nvmc_wait@000fc450
0x000fc45a	fcd0	beq	0x000fc456	nvmc_wait@000fc450
0x000fc45c	7047	bx	lr	nvmc_wait@000fc450
0x000fc468	30b5	push	{r4,r5,lr}	on_ctrl_pt_write@000fc468
0x000fc46a	87b0	sub	sp,#0x1c	on_ctrl_pt_write@000fc468
0x000fc46c	0c46	mov	r4,r1	on_ctrl_pt_write@000fc468
0x000fc46e	0546	mov	r5,r0	on_ctrl_pt_write@000fc468
0x000fc470	1822	movs	r2,#0x18	on_ctrl_pt_write@000fc468
0x000fc472	1749	ldr	r1,[0x000fc4d0]	on_ctrl_pt_write@000fc468
0x000fc474	6846	mov	r0,sp	on_ctrl_pt_write@000fc468
0x000fc476	fbf7d0ff	bl	0x000f841a	on_ctrl_pt_write@000fc468
0x000fc47a	217b	ldrb	r1,[r4,#0xc]	on_ctrl_pt_write@000fc468
0x000fc47c	1548	ldr	r0,[0x000fc4d4]	on_ctrl_pt_write@000fc468
0x000fc47e	8df80010	strb.w	r1,[sp,#0x0]	on_ctrl_pt_write@000fc468
0x000fc482	0195	str	r5,[sp,#0x4]	on_ctrl_pt_write@000fc468
0x000fc484	0129	cmp	r1,#0x1	on_ctrl_pt_write@000fc468
0x000fc486	06d0	beq	0x000fc496	on_ctrl_pt_write@000fc468
0x000fc488	0229	cmp	r1,#0x2	on_ctrl_pt_write@000fc468
0x000fc48a	17d0	beq	0x000fc4bc	on_ctrl_pt_write@000fc468
0x000fc48c	0629	cmp	r1,#0x6	on_ctrl_pt_write@000fc468
0x000fc48e	19d1	bne	0x000fc4c4	on_ctrl_pt_write@000fc468
0x000fc490	607b	ldrb	r0,[r4,#0xd]	on_ctrl_pt_write@000fc468
0x000fc492	0490	str	r0,[sp,#0x10]	on_ctrl_pt_write@000fc468
0x000fc494	16e0	b	0x000fc4c4	on_ctrl_pt_write@000fc468
0x000fc496	8188	ldrh	r1,[r0,#0x4]	on_ctrl_pt_write@000fc468
0x000fc498	c180	strh	r1,[r0,#0x6]	on_ctrl_pt_write@000fc468
0x000fc49a	607b	ldrb	r0,[r4,#0xd]	on_ctrl_pt_write@000fc468
0x000fc49c	0490	str	r0,[sp,#0x10]	on_ctrl_pt_write@000fc468
0x000fc49e	217c	ldrb	r1,[r4,#0x10]	on_ctrl_pt_write@000fc468
0x000fc4a0	e089	ldrh	r0,[r4,#0xe]	on_ctrl_pt_write@000fc468
0x000fc4a2	61f31f40	bfi	r0,r1,#0x10,#0x10	on_ctrl_pt_write@000fc468
0x000fc4a6	617c	ldrb	r1,[r4,#0x11]	on_ctrl_pt_write@000fc468
0x000fc4a8	40ea0160	orr.w	r0,r0,r1, lsl #0x18	on_ctrl_pt_write@000fc468
0x000fc4ac	0590	str	r0,[sp,#0x14]	on_ctrl_pt_write@000fc468
0x000fc4ae	0498	ldr	r0,[sp,#0x10]	on_ctrl_pt_write@000fc468
0x000fc4b0	0128	cmp	r0,#0x1	on_ctrl_pt_write@000fc468
0x000fc4b2	07d1	bne	0x000fc4c4	on_ctrl_pt_write@000fc468
0x000fc4b4	0848	ldr	r0,[0x000fc4d8]	on_ctrl_pt_write@000fc468
0x000fc4b6	fff727fb	bl	0x000fbb08	on_ctrl_pt_write@000fc468
0x000fc4ba	03e0	b	0x000fc4c4	on_ctrl_pt_write@000fc468
0x000fc4bc	b4f80d10	ldrh.w	r1,[r4,#0xd]	on_ctrl_pt_write@000fc468
0x000fc4c0	8180	strh	r1,[r0,#0x4]	on_ctrl_pt_write@000fc468
0x000fc4c2	c180	strh	r1,[r0,#0x6]	on_ctrl_pt_write@000fc468
0x000fc4c4	6846	mov	r0,sp	on_ctrl_pt_write@000fc468
0x000fc4c6	fff77bf9	bl	0x000fb7c0	on_ctrl_pt_write@000fc468
0x000fc4ca	07b0	add	sp,#0x1c	on_ctrl_pt_write@000fc468
0x000fc4cc	30bd	pop	{r4,r5,pc}	on_ctrl_pt_write@000fc468
0x000fc4dc	2de9f041	push	{r4,r5,r6,r7,r8,lr}	nrf_dfu_data_object_create@000fc4dc
0x000fc4e0	0c46	mov	r4,r1	nrf_dfu_data_object_create@000fc4dc
0x000fc4e2	0546	mov	r5,r0	nrf_dfu_data_object_create@000fc4dc
0x000fc4e4	fff73afc	bl	0x000fbd5c	nrf_dfu_data_object_create@000fc4dc
0x000fc4e8	0826	movs	r6,#0x8	nrf_dfu_data_object_create@000fc4dc
0x000fc4ea	b8b1	cbz	r0,0x000fc51c	nrf_dfu_data_object_create@000fc4dc
0x000fc4ec	6969	ldr	r1,[r5,#0x14]	nrf_dfu_data_object_create@000fc4dc
0x000fc4ee	0320	movs	r0,#0x3	nrf_dfu_data_object_create@000fc4dc
0x000fc4f0	41b3	cbz	r1,0x000fc544	nrf_dfu_data_object_create@000fc4dc
0x000fc4f2	154a	ldr	r2,[0x000fc548]	nrf_dfu_data_object_create@000fc4dc
0x000fc4f4	154b	ldr	r3,[0x000fc54c]	nrf_dfu_data_object_create@000fc4dc
0x000fc4f6	0f05	lsls	r7,r1,#0x14	nrf_dfu_data_object_create@000fc4dc
0x000fc4f8	05d0	beq	0x000fc506	nrf_dfu_data_object_create@000fc4dc
0x000fc4fa	576d	ldr	r7,[r2,#0x54]	nrf_dfu_data_object_create@000fc4dc
0x000fc4fc	d3f808c0	ldr.w	r12,[r3,#0x8]	nrf_dfu_data_object_create@000fc4dc
0x000fc500	0f44	add	r7,r1	nrf_dfu_data_object_create@000fc4dc
0x000fc502	6745	cmp	r7,r12	nrf_dfu_data_object_create@000fc4dc
0x000fc504	1ed1	bne	0x000fc544	nrf_dfu_data_object_create@000fc4dc
0x000fc506	b1f5805f	cmp.w	r1,#0x1000	nrf_dfu_data_object_create@000fc4dc
0x000fc50a	01d9	bls	0x000fc510	nrf_dfu_data_object_create@000fc4dc
0x000fc50c	0420	movs	r0,#0x4	nrf_dfu_data_object_create@000fc4dc
0x000fc50e	19e0	b	0x000fc544	nrf_dfu_data_object_create@000fc4dc
0x000fc510	506d	ldr	r0,[r2,#0x54]	nrf_dfu_data_object_create@000fc4dc
0x000fc512	d3f808c0	ldr.w	r12,[r3,#0x8]	nrf_dfu_data_object_create@000fc4dc
0x000fc516	4718	adds	r7,r0,r1	nrf_dfu_data_object_create@000fc4dc
0x000fc518	6745	cmp	r7,r12	nrf_dfu_data_object_create@000fc4dc
0x000fc51a	02d9	bls	0x000fc522	nrf_dfu_data_object_create@000fc4dc
0x000fc51c	6670	strb	r6,[r4,#0x1]	nrf_dfu_data_object_create@000fc4dc
0x000fc51e	bde8f081	pop.w	{r4,r5,r6,r7,r8,pc}	nrf_dfu_data_object_create@000fc4dc
0x000fc522	5164	str	r1,[r2,#0x44]	nrf_dfu_data_object_create@000fc4dc
0x000fc524	d16c	ldr	r1,[r2,#0x4c]	nrf_dfu_data_object_create@000fc4dc
0x000fc526	1065	str	r0,[r2,#0x50]	nrf_dfu_data_object_create@000fc4dc
0x000fc528	9164	str	r1,[r2,#0x48]	nrf_dfu_data_object_create@000fc4dc
0x000fc52a	1063	str	r0,[r2,#0x30]	nrf_dfu_data_object_create@000fc4dc
0x000fc52c	6969	ldr	r1,[r5,#0x14]	nrf_dfu_data_object_create@000fc4dc
0x000fc52e	5a68	ldr	r2,[r3,#0x4]	nrf_dfu_data_object_create@000fc4dc
0x000fc530	01f6ff71	addw	r1,r1,#0xfff	nrf_dfu_data_object_create@000fc4dc
0x000fc534	1044	add	r0,r2	nrf_dfu_data_object_create@000fc4dc
0x000fc536	090b	lsrs	r1,r1,#0xc	nrf_dfu_data_object_create@000fc4dc
0x000fc538	0022	movs	r2,#0x0	nrf_dfu_data_object_create@000fc4dc
0x000fc53a	fff7c7f8	bl	0x000fb6cc	nrf_dfu_data_object_create@000fc4dc
0x000fc53e	0028	cmp	r0,#0x0	nrf_dfu_data_object_create@000fc4dc
0x000fc540	edd0	beq	0x000fc51e	nrf_dfu_data_object_create@000fc4dc
0x000fc542	0520	movs	r0,#0x5	nrf_dfu_data_object_create@000fc4dc
0x000fc544	6070	strb	r0,[r4,#0x1]	nrf_dfu_data_object_create@000fc4dc
0x000fc546	eae7	b	0x000fc51e	nrf_dfu_data_object_create@000fc4dc
0x000fc550	10b5	push	{r4,lr}	on_data_obj_execute_request_sched@000fc550
0x000fc552	0446	mov	r4,r0	on_data_obj_execute_request_sched@000fc550
0x000fc554	86b0	sub	sp,#0x18	on_data_obj_execute_request_sched@000fc550
0x000fc556	0020	movs	r0,#0x0	on_data_obj_execute_request_sched@000fc550
0x000fc558	fff7d6fc	bl	0x000fbf08	on_data_obj_execute_request_sched@000fc550
0x000fc55c	30b1	cbz	r0,0x000fc56c	on_data_obj_execute_request_sched@000fc550
0x000fc55e	154a	ldr	r2,[0x000fc5b4]	on_data_obj_execute_request_sched@000fc550
0x000fc560	1821	movs	r1,#0x18	on_data_obj_execute_request_sched@000fc550
0x000fc562	2046	mov	r0,r4	on_data_obj_execute_request_sched@000fc550
0x000fc564	fdf730fc	bl	0x000f9dc8	on_data_obj_execute_request_sched@000fc550
0x000fc568	06b0	add	sp,#0x18	on_data_obj_execute_request_sched@000fc550
0x000fc56a	10bd	pop	{r4,pc}	on_data_obj_execute_request_sched@000fc550
0x000fc56c	1822	movs	r2,#0x18	on_data_obj_execute_request_sched@000fc550
0x000fc56e	1249	ldr	r1,[0x000fc5b8]	on_data_obj_execute_request_sched@000fc550
0x000fc570	6846	mov	r0,sp	on_data_obj_execute_request_sched@000fc550
0x000fc572	fbf752ff	bl	0x000f841a	on_data_obj_execute_request_sched@000fc550
0x000fc576	1148	ldr	r0,[0x000fc5bc]	on_data_obj_execute_request_sched@000fc550
0x000fc578	026d	ldr	r2,[r0,#0x50]	on_data_obj_execute_request_sched@000fc550
0x000fc57a	1148	ldr	r0,[0x000fc5c0]	on_data_obj_execute_request_sched@000fc550
0x000fc57c	8168	ldr	r1,[r0,#0x8]	on_data_obj_execute_request_sched@000fc550
0x000fc57e	8a42	cmp	r2,r1	on_data_obj_execute_request_sched@000fc550
0x000fc580	10d1	bne	0x000fc5a4	on_data_obj_execute_request_sched@000fc550
0x000fc582	4068	ldr	r0,[r0,#0x4]	on_data_obj_execute_request_sched@000fc550
0x000fc584	fff7f4fa	bl	0x000fbb70	on_data_obj_execute_request_sched@000fc550
0x000fc588	8df80100	strb.w	r0,[sp,#0x1]	on_data_obj_execute_request_sched@000fc550
0x000fc58c	fef795fa	bl	0x000faaba	on_data_obj_execute_request_sched@000fc550
0x000fc590	8df80100	strb.w	r0,[sp,#0x1]	on_data_obj_execute_request_sched@000fc550
0x000fc594	d4e90112	ldrd	r1,r2,[r4,#0x4]	on_data_obj_execute_request_sched@000fc550
0x000fc598	6846	mov	r0,sp	on_data_obj_execute_request_sched@000fc550
0x000fc59a	9047	blx	r2	on_data_obj_execute_request_sched@000fc550
0x000fc59c	0948	ldr	r0,[0x000fc5c4]	on_data_obj_execute_request_sched@000fc550
0x000fc59e	fff79ffa	bl	0x000fbae0	on_data_obj_execute_request_sched@000fc550
0x000fc5a2	e1e7	b	0x000fc568	on_data_obj_execute_request_sched@000fc550
0x000fc5a4	0120	movs	r0,#0x1	on_data_obj_execute_request_sched@000fc550
0x000fc5a6	8df80100	strb.w	r0,[sp,#0x1]	on_data_obj_execute_request_sched@000fc550
0x000fc5aa	d4e90112	ldrd	r1,r2,[r4,#0x4]	on_data_obj_execute_request_sched@000fc550
0x000fc5ae	6846	mov	r0,sp	on_data_obj_execute_request_sched@000fc550
0x000fc5b0	9047	blx	r2	on_data_obj_execute_request_sched@000fc550
0x000fc5b2	d9e7	b	0x000fc568	on_data_obj_execute_request_sched@000fc550
0x000fc5c8	2de9f041	push	{r4,r5,r6,r7,r8,lr}	nrf_dfu_data_object_write@000fc5c8
0x000fc5cc	0e46	mov	r6,r1	nrf_dfu_data_object_write@000fc5c8
0x000fc5ce	0446	mov	r4,r0	nrf_dfu_data_object_write@000fc5c8
0x000fc5d0	fff7c4fb	bl	0x000fbd5c	nrf_dfu_data_object_write@000fc5c8
0x000fc5d4	60b1	cbz	r0,0x000fc5f0	nrf_dfu_data_object_write@000fc5c8
0x000fc5d6	1a4d	ldr	r5,[0x000fc640]	nrf_dfu_data_object_write@000fc5c8
0x000fc5d8	d5e91401	ldrd	r0,r1,[r5,#0x50]	nrf_dfu_data_object_write@000fc5c8
0x000fc5dc	401a	subs	r0,r0,r1	nrf_dfu_data_object_write@000fc5c8
0x000fc5de	a18a	ldrh	r1,[r4,#0x14]	nrf_dfu_data_object_write@000fc5c8
0x000fc5e0	6a6c	ldr	r2,[r5,#0x44]	nrf_dfu_data_object_write@000fc5c8
0x000fc5e2	0844	add	r0,r1	nrf_dfu_data_object_write@000fc5c8
0x000fc5e4	9042	cmp	r0,r2	nrf_dfu_data_object_write@000fc5c8
0x000fc5e6	05d9	bls	0x000fc5f4	nrf_dfu_data_object_write@000fc5c8
0x000fc5e8	0320	movs	r0,#0x3	nrf_dfu_data_object_write@000fc5c8
0x000fc5ea	7070	strb	r0,[r6,#0x1]	nrf_dfu_data_object_write@000fc5c8
0x000fc5ec	bde8f081	pop.w	{r4,r5,r6,r7,r8,pc}	nrf_dfu_data_object_write@000fc5c8
0x000fc5f0	0820	movs	r0,#0x8	nrf_dfu_data_object_write@000fc5c8
0x000fc5f2	fae7	b	0x000fc5ea	nrf_dfu_data_object_write@000fc5c8
0x000fc5f4	134a	ldr	r2,[0x000fc644]	nrf_dfu_data_object_write@000fc5c8
0x000fc5f6	286b	ldr	r0,[r5,#0x30]	nrf_dfu_data_object_write@000fc5c8
0x000fc5f8	5268	ldr	r2,[r2,#0x4]	nrf_dfu_data_object_write@000fc5c8
0x000fc5fa	8718	adds	r7,r0,r2	nrf_dfu_data_object_write@000fc5c8
0x000fc5fc	104a	ldr	r2,[0x000fc640]	nrf_dfu_data_object_write@000fc5c8
0x000fc5fe	2069	ldr	r0,[r4,#0x10]	nrf_dfu_data_object_write@000fc5c8
0x000fc600	4832	adds	r2,#0x48	nrf_dfu_data_object_write@000fc5c8
0x000fc602	fef72bf8	bl	0x000fa65c	nrf_dfu_data_object_write@000fc5c8
0x000fc606	d4e90331	ldrd	r3,r1,[r4,#0xc]	nrf_dfu_data_object_write@000fc5c8
0x000fc60a	8046	mov	r8,r0	nrf_dfu_data_object_write@000fc5c8
0x000fc60c	a28a	ldrh	r2,[r4,#0x14]	nrf_dfu_data_object_write@000fc5c8
0x000fc60e	3846	mov	r0,r7	nrf_dfu_data_object_write@000fc5c8
0x000fc610	fff772f8	bl	0x000fb6f8	nrf_dfu_data_object_write@000fc5c8
0x000fc614	20b1	cbz	r0,0x000fc620	nrf_dfu_data_object_write@000fc5c8
0x000fc616	d4e90310	ldrd	r1,r0,[r4,#0xc]	nrf_dfu_data_object_write@000fc5c8
0x000fc61a	bde8f041	pop.w	{r4,r5,r6,r7,r8,lr}	nrf_dfu_data_object_write@000fc5c8
0x000fc61e	0847	bx	r1	nrf_dfu_data_object_write@000fc5c8
0x000fc620	a18a	ldrh	r1,[r4,#0x14]	nrf_dfu_data_object_write@000fc5c8
0x000fc622	286b	ldr	r0,[r5,#0x30]	nrf_dfu_data_object_write@000fc5c8
0x000fc624	0844	add	r0,r1	nrf_dfu_data_object_write@000fc5c8
0x000fc626	2863	str	r0,[r5,#0x30]	nrf_dfu_data_object_write@000fc5c8
0x000fc628	a18a	ldrh	r1,[r4,#0x14]	nrf_dfu_data_object_write@000fc5c8
0x000fc62a	286d	ldr	r0,[r5,#0x50]	nrf_dfu_data_object_write@000fc5c8
0x000fc62c	c5f84880	str.w	r8,[r5,#0x48]	nrf_dfu_data_object_write@000fc5c8
0x000fc630	0844	add	r0,r1	nrf_dfu_data_object_write@000fc5c8
0x000fc632	2865	str	r0,[r5,#0x50]	nrf_dfu_data_object_write@000fc5c8
0x000fc634	c6f80880	str.w	r8,[r6,#0x8]	nrf_dfu_data_object_write@000fc5c8
0x000fc638	286d	ldr	r0,[r5,#0x50]	nrf_dfu_data_object_write@000fc5c8
0x000fc63a	7060	str	r0,[r6,#0x4]	nrf_dfu_data_object_write@000fc5c8
0x000fc63c	d6e7	b	0x000fc5ec	nrf_dfu_data_object_write@000fc5c8
0x000fc648	0149	ldr	r1,[0x000fc650]	
0x000fc64a	0620	movs	r0,#0x6	
0x000fc64c	c968	ldr	r1,[r1,#0xc]	
0x000fc64e	0847	bx	r1	
0x000fc654	0948	ldr	r0,[0x000fc67c]	app_error_fault_handler@000fc654
0x000fc656	0068	ldr	r0,[r0,#0x0]	app_error_fault_handler@000fc654
0x000fc658	c007	lsls	r0,r0,#0x1f	app_error_fault_handler@000fc654
0x000fc65a	00d0	beq	0x000fc65e	app_error_fault_handler@000fc654
0x000fc65c	00be	bkpt	0x0	app_error_fault_handler@000fc654
0x000fc65e	bff34f8f	dsb	#0xf	app_error_fault_handler@000fc654
0x000fc662	0648	ldr	r0,[0x000fc67c]	app_error_fault_handler@000fc654
0x000fc664	e438	subs	r0,#0xe4	app_error_fault_handler@000fc654
0x000fc666	0168	ldr	r1,[r0,#0x0]	app_error_fault_handler@000fc654
0x000fc668	054a	ldr	r2,[0x000fc680]	app_error_fault_handler@000fc654
0x000fc66a	01f4e061	and	r1,r1,#0x700	app_error_fault_handler@000fc654
0x000fc66e	1143	orrs	r1,r2	app_error_fault_handler@000fc654
0x000fc670	0160	str	r1,[r0,#0x0]	app_error_fault_handler@000fc654
0x000fc672	bff34f8f	dsb	#0xf	app_error_fault_handler@000fc654
0x000fc676	00bf	nop		app_error_fault_handler@000fc654
0x000fc678	fde7	b	0x000fc676	app_error_fault_handler@000fc654
0x000fc684	0146	mov	r1,r0	on_flash_write@000fc684
0x000fc686	0148	ldr	r0,[0x000fc68c]	on_flash_write@000fc684
0x000fc688	fef735bc	b.w	0x000faef6	on_flash_write@000fc684
0x000fc690	30b5	push	{r4,r5,lr}	on_rw_authorize_req@000fc690
0x000fc692	8a1d	adds	r2,r1,#0x6	on_rw_authorize_req@000fc690
0x000fc694	8b79	ldrb	r3,[r1,#0x6]	on_rw_authorize_req@000fc690
0x000fc696	0831	adds	r1,#0x8	on_rw_authorize_req@000fc690
0x000fc698	87b0	sub	sp,#0x1c	on_rw_authorize_req@000fc690
0x000fc69a	022b	cmp	r3,#0x2	on_rw_authorize_req@000fc690
0x000fc69c	33d1	bne	0x000fc706	on_rw_authorize_req@000fc690
0x000fc69e	5388	ldrh	r3,[r2,#0x2]	on_rw_authorize_req@000fc690
0x000fc6a0	8489	ldrh	r4,[r0,#0xc]	on_rw_authorize_req@000fc690
0x000fc6a2	a342	cmp	r3,r4	on_rw_authorize_req@000fc690
0x000fc6a4	2fd1	bne	0x000fc706	on_rw_authorize_req@000fc690
0x000fc6a6	127a	ldrb	r2,[r2,#0x8]	on_rw_authorize_req@000fc690
0x000fc6a8	012a	cmp	r2,#0x1	on_rw_authorize_req@000fc690
0x000fc6aa	2cd1	bne	0x000fc706	on_rw_authorize_req@000fc690
0x000fc6ac	184c	ldr	r4,[0x000fc710]	on_rw_authorize_req@000fc690
0x000fc6ae	0df1040c	add.w	r12,sp,#0x4	on_rw_authorize_req@000fc690
0x000fc6b2	3ccc	ldmia	r4,{r2,r3,r4,r5}	on_rw_authorize_req@000fc690
0x000fc6b4	8ce83c00	stm	r12,{r2,r3,r4,r5}	on_rw_authorize_req@000fc690
0x000fc6b8	0a89	ldrh	r2,[r1,#0x8]	on_rw_authorize_req@000fc690
0x000fc6ba	adf80c20	strh.w	r2,[sp,#0xc]	on_rw_authorize_req@000fc690
0x000fc6be	4a89	ldrh	r2,[r1,#0xa]	on_rw_authorize_req@000fc690
0x000fc6c0	0c31	adds	r1,#0xc	on_rw_authorize_req@000fc690
0x000fc6c2	0491	str	r1,[sp,#0x10]	on_rw_authorize_req@000fc690
0x000fc6c4	1249	ldr	r1,[0x000fc710]	on_rw_authorize_req@000fc690
0x000fc6c6	adf80e20	strh.w	r2,[sp,#0xe]	on_rw_authorize_req@000fc690
0x000fc6ca	8039	subs	r1,#0x80	on_rw_authorize_req@000fc690
0x000fc6cc	114c	ldr	r4,[0x000fc714]	on_rw_authorize_req@000fc690
0x000fc6ce	096a	ldr	r1,[r1,#0x20]	on_rw_authorize_req@000fc690
0x000fc6d0	0591	str	r1,[sp,#0x14]	on_rw_authorize_req@000fc690
0x000fc6d2	cdf818d0	str.w	sp,[sp,#0x18]	on_rw_authorize_req@000fc690
0x000fc6d6	018a	ldrh	r1,[r0,#0x10]	on_rw_authorize_req@000fc690
0x000fc6d8	05aa	add	r2,sp,#0x14	on_rw_authorize_req@000fc690
0x000fc6da	6088	ldrh	r0,[r4,#0x2]	on_rw_authorize_req@000fc690
0x000fc6dc	addf	svc	0xad	on_rw_authorize_req@000fc690
0x000fc6de	18b9	cbnz	r0,0x000fc6e8	on_rw_authorize_req@000fc690
0x000fc6e0	6846	mov	r0,sp	on_rw_authorize_req@000fc690
0x000fc6e2	fdf781fe	bl	0x000fa3e8	on_rw_authorize_req@000fc690
0x000fc6e6	38b1	cbz	r0,0x000fc6f8	on_rw_authorize_req@000fc690
0x000fc6e8	0020	movs	r0,#0x0	on_rw_authorize_req@000fc690
0x000fc6ea	adf80800	strh.w	r0,[sp,#0x8]	on_rw_authorize_req@000fc690
0x000fc6ee	01a9	add	r1,sp,#0x4	on_rw_authorize_req@000fc690
0x000fc6f0	6088	ldrh	r0,[r4,#0x2]	on_rw_authorize_req@000fc690
0x000fc6f2	b0df	svc	0xb0	on_rw_authorize_req@000fc690
0x000fc6f4	50b1	cbz	r0,0x000fc70c	on_rw_authorize_req@000fc690
0x000fc6f6	06e0	b	0x000fc706	on_rw_authorize_req@000fc690
0x000fc6f8	40f2fd10	movw	r0,#0x1fd	on_rw_authorize_req@000fc690
0x000fc6fc	adf80800	strh.w	r0,[sp,#0x8]	on_rw_authorize_req@000fc690
0x000fc700	01a9	add	r1,sp,#0x4	on_rw_authorize_req@000fc690
0x000fc702	6088	ldrh	r0,[r4,#0x2]	on_rw_authorize_req@000fc690
0x000fc704	b0df	svc	0xb0	on_rw_authorize_req@000fc690
0x000fc706	0020	movs	r0,#0x0	on_rw_authorize_req@000fc690
0x000fc708	07b0	add	sp,#0x1c	on_rw_authorize_req@000fc690
0x000fc70a	30bd	pop	{r4,r5,pc}	on_rw_authorize_req@000fc690
0x000fc70c	0120	movs	r0,#0x1	on_rw_authorize_req@000fc690
0x000fc70e	fbe7	b	0x000fc708	on_rw_authorize_req@000fc690
0x000fc718	f8b5	push	{r3,r4,r5,r6,r7,lr}	pb_dec_bytes@000fc718
0x000fc71a	0d46	mov	r5,r1	pb_dec_bytes@000fc718
0x000fc71c	1446	mov	r4,r2	pb_dec_bytes@000fc718
0x000fc71e	0646	mov	r6,r0	pb_dec_bytes@000fc718
0x000fc720	6946	mov	r1,sp	pb_dec_bytes@000fc718
0x000fc722	00f05dfa	bl	0x000fcbe0	pb_dec_bytes@000fc718
0x000fc726	0028	cmp	r0,#0x0	pb_dec_bytes@000fc718
0x000fc728	0fd0	beq	0x000fc74a	pb_dec_bytes@000fc718
0x000fc72a	009b	ldr	r3,[sp,#0x0]	pb_dec_bytes@000fc718
0x000fc72c	b3f5803f	cmp.w	r3,#0x10000	pb_dec_bytes@000fc718
0x000fc730	0ad2	bcs	0x000fc748	pb_dec_bytes@000fc718
0x000fc732	981c	adds	r0,r3,#0x2	pb_dec_bytes@000fc718
0x000fc734	8342	cmp	r3,r0	pb_dec_bytes@000fc718
0x000fc736	07d8	bhi	0x000fc748	pb_dec_bytes@000fc718
0x000fc738	a978	ldrb	r1,[r5,#0x2]	pb_dec_bytes@000fc718
0x000fc73a	0222	movs	r2,#0x2	pb_dec_bytes@000fc718
0x000fc73c	b2eb911f	cmp.w	r2,r1, lsr #0x6	pb_dec_bytes@000fc718
0x000fc740	02d0	beq	0x000fc748	pb_dec_bytes@000fc718
0x000fc742	2989	ldrh	r1,[r5,#0x8]	pb_dec_bytes@000fc718
0x000fc744	8142	cmp	r1,r0	pb_dec_bytes@000fc718
0x000fc746	01d2	bcs	0x000fc74c	pb_dec_bytes@000fc718
0x000fc748	0020	movs	r0,#0x0	pb_dec_bytes@000fc718
0x000fc74a	f8bd	pop	{r3,r4,r5,r6,r7,pc}	pb_dec_bytes@000fc718
0x000fc74c	2380	strh	r3,[r4,#0x0]	pb_dec_bytes@000fc718
0x000fc74e	a11c	adds	r1,r4,#0x2	pb_dec_bytes@000fc718
0x000fc750	3046	mov	r0,r6	pb_dec_bytes@000fc718
0x000fc752	009a	ldr	r2,[sp,#0x0]	pb_dec_bytes@000fc718
0x000fc754	00f07afb	bl	0x000fce4c	pb_dec_bytes@000fc718
0x000fc758	f8bd	pop	{r3,r4,r5,r6,r7,pc}	pb_dec_bytes@000fc718
0x000fc75a	1146	mov	r1,r2	pb_dec_fixed32@000fc75a
0x000fc75c	00f0d5b8	b.w	0x000fc90a	pb_dec_fixed32@000fc75a
0x000fc760	1146	mov	r1,r2	pb_dec_fixed64@000fc760
0x000fc762	00f0e7b8	b.w	0x000fc934	pb_dec_fixed64@000fc760
0x000fc766	f8b5	push	{r3,r4,r5,r6,r7,lr}	pb_dec_string@000fc766
0x000fc768	0c46	mov	r4,r1	pb_dec_string@000fc766
0x000fc76a	1546	mov	r5,r2	pb_dec_string@000fc766
0x000fc76c	0646	mov	r6,r0	pb_dec_string@000fc766
0x000fc76e	6946	mov	r1,sp	pb_dec_string@000fc766
0x000fc770	00f036fa	bl	0x000fcbe0	pb_dec_string@000fc766
0x000fc774	0028	cmp	r0,#0x0	pb_dec_string@000fc766
0x000fc776	0cd0	beq	0x000fc792	pb_dec_string@000fc766
0x000fc778	009a	ldr	r2,[sp,#0x0]	pb_dec_string@000fc766
0x000fc77a	501c	adds	r0,r2,#0x1	pb_dec_string@000fc766
0x000fc77c	9042	cmp	r0,r2	pb_dec_string@000fc766
0x000fc77e	07d3	bcc	0x000fc790	pb_dec_string@000fc766
0x000fc780	a178	ldrb	r1,[r4,#0x2]	pb_dec_string@000fc766
0x000fc782	0223	movs	r3,#0x2	pb_dec_string@000fc766
0x000fc784	b3eb911f	cmp.w	r3,r1, lsr #0x6	pb_dec_string@000fc766
0x000fc788	02d0	beq	0x000fc790	pb_dec_string@000fc766
0x000fc78a	2189	ldrh	r1,[r4,#0x8]	pb_dec_string@000fc766
0x000fc78c	8142	cmp	r1,r0	pb_dec_string@000fc766
0x000fc78e	01d2	bcs	0x000fc794	pb_dec_string@000fc766
0x000fc790	0020	movs	r0,#0x0	pb_dec_string@000fc766
0x000fc792	f8bd	pop	{r3,r4,r5,r6,r7,pc}	pb_dec_string@000fc766
0x000fc794	2946	mov	r1,r5	pb_dec_string@000fc766
0x000fc796	3046	mov	r0,r6	pb_dec_string@000fc766
0x000fc798	00f058fb	bl	0x000fce4c	pb_dec_string@000fc766
0x000fc79c	009a	ldr	r2,[sp,#0x0]	pb_dec_string@000fc766
0x000fc79e	0021	movs	r1,#0x0	pb_dec_string@000fc766
0x000fc7a0	a954	strb	r1,[r5,r2]	pb_dec_string@000fc766
0x000fc7a2	f8bd	pop	{r3,r4,r5,r6,r7,pc}	pb_dec_string@000fc766
0x000fc7a4	2de9ff41	push	{r0,r1,r2,r3,r4,r5,r6,r7,r8,lr}	pb_dec_submessage@000fc7a4
0x000fc7a8	0c46	mov	r4,r1	pb_dec_submessage@000fc7a4
0x000fc7aa	ce68	ldr	r6,[r1,#0xc]	pb_dec_submessage@000fc7a4
0x000fc7ac	1746	mov	r7,r2	pb_dec_submessage@000fc7a4
0x000fc7ae	0546	mov	r5,r0	pb_dec_submessage@000fc7a4
0x000fc7b0	6946	mov	r1,sp	pb_dec_submessage@000fc7a4
0x000fc7b2	00f01dfb	bl	0x000fcdf0	pb_dec_submessage@000fc7a4
0x000fc7b6	0028	cmp	r0,#0x0	pb_dec_submessage@000fc7a4
0x000fc7b8	0ed0	beq	0x000fc7d8	pb_dec_submessage@000fc7a4
0x000fc7ba	e068	ldr	r0,[r4,#0xc]	pb_dec_submessage@000fc7a4
0x000fc7bc	0028	cmp	r0,#0x0	pb_dec_submessage@000fc7a4
0x000fc7be	0bd0	beq	0x000fc7d8	pb_dec_submessage@000fc7a4
0x000fc7c0	a078	ldrb	r0,[r4,#0x2]	pb_dec_submessage@000fc7a4
0x000fc7c2	3a46	mov	r2,r7	pb_dec_submessage@000fc7a4
0x000fc7c4	c0f30110	ubfx	r0,r0,#0x4,#0x2	pb_dec_submessage@000fc7a4
0x000fc7c8	0228	cmp	r0,#0x2	pb_dec_submessage@000fc7a4
0x000fc7ca	3146	mov	r1,r6	pb_dec_submessage@000fc7a4
0x000fc7cc	6846	mov	r0,sp	pb_dec_submessage@000fc7a4
0x000fc7ce	06d0	beq	0x000fc7de	pb_dec_submessage@000fc7a4
0x000fc7d0	00f0def8	bl	0x000fc990	pb_dec_submessage@000fc7a4
0x000fc7d4	0199	ldr	r1,[sp,#0x4]	pb_dec_submessage@000fc7a4
0x000fc7d6	6960	str	r1,[r5,#0x4]	pb_dec_submessage@000fc7a4
0x000fc7d8	04b0	add	sp,#0x10	pb_dec_submessage@000fc7a4
0x000fc7da	bde8f081	pop.w	{r4,r5,r6,r7,r8,pc}	pb_dec_submessage@000fc7a4
0x000fc7de	00f085f8	bl	0x000fc8ec	pb_dec_submessage@000fc7a4
0x000fc7e2	f7e7	b	0x000fc7d4	pb_dec_submessage@000fc7a4
0x000fc7e4	7cb5	push	{r2,r3,r4,r5,r6,lr}	pb_dec_svarint@000fc7e4
0x000fc7e6	0d46	mov	r5,r1	pb_dec_svarint@000fc7e4
0x000fc7e8	1446	mov	r4,r2	pb_dec_svarint@000fc7e4
0x000fc7ea	6946	mov	r1,sp	pb_dec_svarint@000fc7e4
0x000fc7ec	00f095f9	bl	0x000fcb1a	pb_dec_svarint@000fc7e4
0x000fc7f0	0028	cmp	r0,#0x0	pb_dec_svarint@000fc7e4
0x000fc7f2	20d0	beq	0x000fc836	pb_dec_svarint@000fc7e4
0x000fc7f4	2889	ldrh	r0,[r5,#0x8]	pb_dec_svarint@000fc7e4
0x000fc7f6	0828	cmp	r0,#0x8	pb_dec_svarint@000fc7e4
0x000fc7f8	06d0	beq	0x000fc808	pb_dec_svarint@000fc7e4
0x000fc7fa	0428	cmp	r0,#0x4	pb_dec_svarint@000fc7e4
0x000fc7fc	09d0	beq	0x000fc812	pb_dec_svarint@000fc7e4
0x000fc7fe	0228	cmp	r0,#0x2	pb_dec_svarint@000fc7e4
0x000fc800	0ad0	beq	0x000fc818	pb_dec_svarint@000fc7e4
0x000fc802	0128	cmp	r0,#0x1	pb_dec_svarint@000fc7e4
0x000fc804	0cd0	beq	0x000fc820	pb_dec_svarint@000fc7e4
0x000fc806	15e0	b	0x000fc834	pb_dec_svarint@000fc7e4
0x000fc808	dde90001	ldrd	r0,r1,[sp,#0x0]	pb_dec_svarint@000fc7e4
0x000fc80c	c4e90001	strd	r0,r1,[r4,#0x0]	pb_dec_svarint@000fc7e4
0x000fc810	0ae0	b	0x000fc828	pb_dec_svarint@000fc7e4
0x000fc812	0098	ldr	r0,[sp,#0x0]	pb_dec_svarint@000fc7e4
0x000fc814	2060	str	r0,[r4,#0x0]	pb_dec_svarint@000fc7e4
0x000fc816	06e0	b	0x000fc826	pb_dec_svarint@000fc7e4
0x000fc818	0098	ldr	r0,[sp,#0x0]	pb_dec_svarint@000fc7e4
0x000fc81a	00b2	sxth	r0,r0	pb_dec_svarint@000fc7e4
0x000fc81c	2080	strh	r0,[r4,#0x0]	pb_dec_svarint@000fc7e4
0x000fc81e	02e0	b	0x000fc826	pb_dec_svarint@000fc7e4
0x000fc820	0098	ldr	r0,[sp,#0x0]	pb_dec_svarint@000fc7e4
0x000fc822	40b2	sxtb	r0,r0	pb_dec_svarint@000fc7e4
0x000fc824	2070	strb	r0,[r4,#0x0]	pb_dec_svarint@000fc7e4
0x000fc826	c117	asrs	r1,r0,#0x1f	pb_dec_svarint@000fc7e4
0x000fc828	dde90023	ldrd	r2,r3,[sp,#0x0]	pb_dec_svarint@000fc7e4
0x000fc82c	5040	eors	r0,r2	pb_dec_svarint@000fc7e4
0x000fc82e	5940	eors	r1,r3	pb_dec_svarint@000fc7e4
0x000fc830	0843	orrs	r0,r1	pb_dec_svarint@000fc7e4
0x000fc832	01d0	beq	0x000fc838	pb_dec_svarint@000fc7e4
0x000fc834	0020	movs	r0,#0x0	pb_dec_svarint@000fc7e4
0x000fc836	7cbd	pop	{r2,r3,r4,r5,r6,pc}	pb_dec_svarint@000fc7e4
0x000fc838	0120	movs	r0,#0x1	pb_dec_svarint@000fc7e4
0x000fc83a	7cbd	pop	{r2,r3,r4,r5,r6,pc}	pb_dec_svarint@000fc7e4
0x000fc83c	7cb5	push	{r2,r3,r4,r5,r6,lr}	pb_dec_uvarint@000fc83c
0x000fc83e	0d46	mov	r5,r1	pb_dec_uvarint@000fc83c
0x000fc840	1446	mov	r4,r2	pb_dec_uvarint@000fc83c
0x000fc842	6946	mov	r1,sp	pb_dec_uvarint@000fc83c
0x000fc844	00f0a7f9	bl	0x000fcb96	pb_dec_uvarint@000fc83c
0x000fc848	0028	cmp	r0,#0x0	pb_dec_uvarint@000fc83c
0x000fc84a	20d0	beq	0x000fc88e	pb_dec_uvarint@000fc83c
0x000fc84c	2889	ldrh	r0,[r5,#0x8]	pb_dec_uvarint@000fc83c
0x000fc84e	0828	cmp	r0,#0x8	pb_dec_uvarint@000fc83c
0x000fc850	07d0	beq	0x000fc862	pb_dec_uvarint@000fc83c
0x000fc852	0021	movs	r1,#0x0	pb_dec_uvarint@000fc83c
0x000fc854	0428	cmp	r0,#0x4	pb_dec_uvarint@000fc83c
0x000fc856	09d0	beq	0x000fc86c	pb_dec_uvarint@000fc83c
0x000fc858	0228	cmp	r0,#0x2	pb_dec_uvarint@000fc83c
0x000fc85a	0ad0	beq	0x000fc872	pb_dec_uvarint@000fc83c
0x000fc85c	0128	cmp	r0,#0x1	pb_dec_uvarint@000fc83c
0x000fc85e	0cd0	beq	0x000fc87a	pb_dec_uvarint@000fc83c
0x000fc860	14e0	b	0x000fc88c	pb_dec_uvarint@000fc83c
0x000fc862	dde90001	ldrd	r0,r1,[sp,#0x0]	pb_dec_uvarint@000fc83c
0x000fc866	c4e90001	strd	r0,r1,[r4,#0x0]	pb_dec_uvarint@000fc83c
0x000fc86a	09e0	b	0x000fc880	pb_dec_uvarint@000fc83c
0x000fc86c	0098	ldr	r0,[sp,#0x0]	pb_dec_uvarint@000fc83c
0x000fc86e	2060	str	r0,[r4,#0x0]	pb_dec_uvarint@000fc83c
0x000fc870	06e0	b	0x000fc880	pb_dec_uvarint@000fc83c
0x000fc872	0098	ldr	r0,[sp,#0x0]	pb_dec_uvarint@000fc83c
0x000fc874	80b2	uxth	r0,r0	pb_dec_uvarint@000fc83c
0x000fc876	2080	strh	r0,[r4,#0x0]	pb_dec_uvarint@000fc83c
0x000fc878	02e0	b	0x000fc880	pb_dec_uvarint@000fc83c
0x000fc87a	0098	ldr	r0,[sp,#0x0]	pb_dec_uvarint@000fc83c
0x000fc87c	c0b2	uxtb	r0,r0	pb_dec_uvarint@000fc83c
0x000fc87e	2070	strb	r0,[r4,#0x0]	pb_dec_uvarint@000fc83c
0x000fc880	dde90023	ldrd	r2,r3,[sp,#0x0]	pb_dec_uvarint@000fc83c
0x000fc884	5040	eors	r0,r2	pb_dec_uvarint@000fc83c
0x000fc886	5940	eors	r1,r3	pb_dec_uvarint@000fc83c
0x000fc888	0843	orrs	r0,r1	pb_dec_uvarint@000fc83c
0x000fc88a	01d0	beq	0x000fc890	pb_dec_uvarint@000fc83c
0x000fc88c	0020	movs	r0,#0x0	pb_dec_uvarint@000fc83c
0x000fc88e	7cbd	pop	{r2,r3,r4,r5,r6,pc}	pb_dec_uvarint@000fc83c
0x000fc890	0120	movs	r0,#0x1	pb_dec_uvarint@000fc83c
0x000fc892	7cbd	pop	{r2,r3,r4,r5,r6,pc}	pb_dec_uvarint@000fc83c
0x000fc894	7cb5	push	{r2,r3,r4,r5,r6,lr}	pb_dec_varint@000fc894
0x000fc896	0d46	mov	r5,r1	pb_dec_varint@000fc894
0x000fc898	1446	mov	r4,r2	pb_dec_varint@000fc894
0x000fc89a	6946	mov	r1,sp	pb_dec_varint@000fc894
0x000fc89c	00f07bf9	bl	0x000fcb96	pb_dec_varint@000fc894
0x000fc8a0	0028	cmp	r0,#0x0	pb_dec_varint@000fc894
0x000fc8a2	20d0	beq	0x000fc8e6	pb_dec_varint@000fc894
0x000fc8a4	2889	ldrh	r0,[r5,#0x8]	pb_dec_varint@000fc894
0x000fc8a6	0828	cmp	r0,#0x8	pb_dec_varint@000fc894
0x000fc8a8	08d0	beq	0x000fc8bc	pb_dec_varint@000fc894
0x000fc8aa	0099	ldr	r1,[sp,#0x0]	pb_dec_varint@000fc894
0x000fc8ac	ca17	asrs	r2,r1,#0x1f	pb_dec_varint@000fc894
0x000fc8ae	0428	cmp	r0,#0x4	pb_dec_varint@000fc894
0x000fc8b0	0bd0	beq	0x000fc8ca	pb_dec_varint@000fc894
0x000fc8b2	0228	cmp	r0,#0x2	pb_dec_varint@000fc894
0x000fc8b4	0cd0	beq	0x000fc8d0	pb_dec_varint@000fc894
0x000fc8b6	0128	cmp	r0,#0x1	pb_dec_varint@000fc894
0x000fc8b8	0dd0	beq	0x000fc8d6	pb_dec_varint@000fc894
0x000fc8ba	13e0	b	0x000fc8e4	pb_dec_varint@000fc894
0x000fc8bc	dde90012	ldrd	r1,r2,[sp,#0x0]	pb_dec_varint@000fc894
0x000fc8c0	c4e90012	strd	r1,r2,[r4,#0x0]	pb_dec_varint@000fc894
0x000fc8c4	0846	mov	r0,r1	pb_dec_varint@000fc894
0x000fc8c6	1346	mov	r3,r2	pb_dec_varint@000fc894
0x000fc8c8	08e0	b	0x000fc8dc	pb_dec_varint@000fc894
0x000fc8ca	0846	mov	r0,r1	pb_dec_varint@000fc894
0x000fc8cc	2160	str	r1,[r4,#0x0]	pb_dec_varint@000fc894
0x000fc8ce	04e0	b	0x000fc8da	pb_dec_varint@000fc894
0x000fc8d0	08b2	sxth	r0,r1	pb_dec_varint@000fc894
0x000fc8d2	2080	strh	r0,[r4,#0x0]	pb_dec_varint@000fc894
0x000fc8d4	01e0	b	0x000fc8da	pb_dec_varint@000fc894
0x000fc8d6	48b2	sxtb	r0,r1	pb_dec_varint@000fc894
0x000fc8d8	2070	strb	r0,[r4,#0x0]	pb_dec_varint@000fc894
0x000fc8da	c317	asrs	r3,r0,#0x1f	pb_dec_varint@000fc894
0x000fc8dc	4840	eors	r0,r1	pb_dec_varint@000fc894
0x000fc8de	5340	eors	r3,r2	pb_dec_varint@000fc894
0x000fc8e0	1843	orrs	r0,r3	pb_dec_varint@000fc894
0x000fc8e2	01d0	beq	0x000fc8e8	pb_dec_varint@000fc894
0x000fc8e4	0020	movs	r0,#0x0	pb_dec_varint@000fc894
0x000fc8e6	7cbd	pop	{r2,r3,r4,r5,r6,pc}	pb_dec_varint@000fc894
0x000fc8e8	0120	movs	r0,#0x1	pb_dec_varint@000fc894
0x000fc8ea	7cbd	pop	{r2,r3,r4,r5,r6,pc}	pb_dec_varint@000fc894
0x000fc8ec	70b5	push	{r4,r5,r6,lr}	pb_decode@000fc8ec
0x000fc8ee	0d46	mov	r5,r1	pb_decode@000fc8ec
0x000fc8f0	0646	mov	r6,r0	pb_decode@000fc8ec
0x000fc8f2	1446	mov	r4,r2	pb_decode@000fc8ec
0x000fc8f4	1146	mov	r1,r2	pb_decode@000fc8ec
0x000fc8f6	2846	mov	r0,r5	pb_decode@000fc8ec
0x000fc8f8	00f095fa	bl	0x000fce26	pb_decode@000fc8ec
0x000fc8fc	2246	mov	r2,r4	pb_decode@000fc8ec
0x000fc8fe	2946	mov	r1,r5	pb_decode@000fc8ec
0x000fc900	3046	mov	r0,r6	pb_decode@000fc8ec
0x000fc902	bde87040	pop.w	{r4,r5,r6,lr}	pb_decode@000fc8ec
0x000fc906	00f043b8	b.w	0x000fc990	pb_decode@000fc8ec
0x000fc90a	38b5	push	{r3,r4,r5,lr}	pb_decode_fixed32@000fc90a
0x000fc90c	0c46	mov	r4,r1	pb_decode_fixed32@000fc90a
0x000fc90e	0422	movs	r2,#0x4	pb_decode_fixed32@000fc90a
0x000fc910	6946	mov	r1,sp	pb_decode_fixed32@000fc90a
0x000fc912	00f09bfa	bl	0x000fce4c	pb_decode_fixed32@000fc90a
0x000fc916	0028	cmp	r0,#0x0	pb_decode_fixed32@000fc90a
0x000fc918	0bd0	beq	0x000fc932	pb_decode_fixed32@000fc90a
0x000fc91a	9df80210	ldrb.w	r1,[sp,#0x2]	pb_decode_fixed32@000fc90a
0x000fc91e	bdf80000	ldrh.w	r0,[sp,#0x0]	pb_decode_fixed32@000fc90a
0x000fc922	61f31f40	bfi	r0,r1,#0x10,#0x10	pb_decode_fixed32@000fc90a
0x000fc926	9df80310	ldrb.w	r1,[sp,#0x3]	pb_decode_fixed32@000fc90a
0x000fc92a	40ea0160	orr.w	r0,r0,r1, lsl #0x18	pb_decode_fixed32@000fc90a
0x000fc92e	2060	str	r0,[r4,#0x0]	pb_decode_fixed32@000fc90a
0x000fc930	0120	movs	r0,#0x1	pb_decode_fixed32@000fc90a
0x000fc932	38bd	pop	{r3,r4,r5,pc}	pb_decode_fixed32@000fc90a
0x000fc934	1cb5	push	{r2,r3,r4,lr}	pb_decode_fixed64@000fc934
0x000fc936	0c46	mov	r4,r1	pb_decode_fixed64@000fc934
0x000fc938	0822	movs	r2,#0x8	pb_decode_fixed64@000fc934
0x000fc93a	6946	mov	r1,sp	pb_decode_fixed64@000fc934
0x000fc93c	00f086fa	bl	0x000fce4c	pb_decode_fixed64@000fc934
0x000fc940	0028	cmp	r0,#0x0	pb_decode_fixed64@000fc934
0x000fc942	24d0	beq	0x000fc98e	pb_decode_fixed64@000fc934
0x000fc944	9df80110	ldrb.w	r1,[sp,#0x1]	pb_decode_fixed64@000fc934
0x000fc948	9df80020	ldrb.w	r2,[sp,#0x0]	pb_decode_fixed64@000fc934
0x000fc94c	9df80230	ldrb.w	r3,[sp,#0x2]	pb_decode_fixed64@000fc934
0x000fc950	080e	lsrs	r0,r1,#0x18	pb_decode_fixed64@000fc934
0x000fc952	42ea0122	orr.w	r2,r2,r1, lsl #0x8	pb_decode_fixed64@000fc934
0x000fc956	42ea0342	orr.w	r2,r2,r3, lsl #0x10	pb_decode_fixed64@000fc934
0x000fc95a	40ea1340	orr.w	r0,r0,r3, lsr #0x10	pb_decode_fixed64@000fc934
0x000fc95e	9df80330	ldrb.w	r3,[sp,#0x3]	pb_decode_fixed64@000fc934
0x000fc962	9df80410	ldrb.w	r1,[sp,#0x4]	pb_decode_fixed64@000fc934
0x000fc966	40ea1320	orr.w	r0,r0,r3, lsr #0x8	pb_decode_fixed64@000fc934
0x000fc96a	0843	orrs	r0,r1	pb_decode_fixed64@000fc934
0x000fc96c	9df80510	ldrb.w	r1,[sp,#0x5]	pb_decode_fixed64@000fc934
0x000fc970	42ea0362	orr.w	r2,r2,r3, lsl #0x18	pb_decode_fixed64@000fc934
0x000fc974	40ea0120	orr.w	r0,r0,r1, lsl #0x8	pb_decode_fixed64@000fc934
0x000fc978	9df80610	ldrb.w	r1,[sp,#0x6]	pb_decode_fixed64@000fc934
0x000fc97c	40ea0140	orr.w	r0,r0,r1, lsl #0x10	pb_decode_fixed64@000fc934
0x000fc980	9df80710	ldrb.w	r1,[sp,#0x7]	pb_decode_fixed64@000fc934
0x000fc984	40ea0160	orr.w	r0,r0,r1, lsl #0x18	pb_decode_fixed64@000fc934
0x000fc988	c4e90020	strd	r2,r0,[r4,#0x0]	pb_decode_fixed64@000fc934
0x000fc98c	0120	movs	r0,#0x1	pb_decode_fixed64@000fc934
0x000fc98e	1cbd	pop	{r2,r3,r4,pc}	pb_decode_fixed64@000fc934
0x000fc990	2de9f04f	push	{r4,r5,r6,r7,r8,r9,r10,r11,lr}	pb_decode_noinit@000fc990
0x000fc994	0546	mov	r5,r0	pb_decode_noinit@000fc990
0x000fc996	9db0	sub	sp,#0x74	pb_decode_noinit@000fc990
0x000fc998	0020	movs	r0,#0x0	pb_decode_noinit@000fc990
0x000fc99a	0f90	str	r0,[sp,#0x3c]	pb_decode_noinit@000fc990
0x000fc99c	0646	mov	r6,r0	pb_decode_noinit@000fc990
0x000fc99e	1090	str	r0,[sp,#0x40]	pb_decode_noinit@000fc990
0x000fc9a0	4ff0ff3a	mov.w	r10,#0xffffffff	pb_decode_noinit@000fc990
0x000fc9a4	01a8	add	r0,sp,#0x4	pb_decode_noinit@000fc990
0x000fc9a6	00f05ff9	bl	0x000fcc68	pb_decode_noinit@000fc990
0x000fc9aa	4ff0010b	mov.w	r11,#0x1	pb_decode_noinit@000fc990
0x000fc9ae	0df13c09	add.w	r9,sp,#0x3c	pb_decode_noinit@000fc990
0x000fc9b2	83e0	b	0x000fcabc	pb_decode_noinit@000fc990
0x000fc9b4	12ab	add	r3,sp,#0x48	pb_decode_noinit@000fc990
0x000fc9b6	6a46	mov	r2,sp	pb_decode_noinit@000fc990
0x000fc9b8	0ba9	add	r1,sp,#0x2c	pb_decode_noinit@000fc990
0x000fc9ba	2846	mov	r0,r5	pb_decode_noinit@000fc990
0x000fc9bc	00f0caf8	bl	0x000fcb54	pb_decode_noinit@000fc990
0x000fc9c0	50b1	cbz	r0,0x000fc9d8	pb_decode_noinit@000fc990
0x000fc9c2	01a8	add	r0,sp,#0x4	pb_decode_noinit@000fc990
0x000fc9c4	0099	ldr	r1,[sp,#0x0]	pb_decode_noinit@000fc990
0x000fc9c6	00f060f9	bl	0x000fcc8a	pb_decode_noinit@000fc990
0x000fc9ca	60b1	cbz	r0,0x000fc9e6	pb_decode_noinit@000fc990
0x000fc9cc	0298	ldr	r0,[sp,#0x8]	pb_decode_noinit@000fc990
0x000fc9ce	8078	ldrb	r0,[r0,#0x2]	pb_decode_noinit@000fc990
0x000fc9d0	10f0300f	tst	r0,#0x30	pb_decode_noinit@000fc990
0x000fc9d4	54d0	beq	0x000fca80	pb_decode_noinit@000fc990
0x000fc9d6	61e0	b	0x000fca9c	pb_decode_noinit@000fc990
0x000fc9d8	9df84800	ldrb.w	r0,[sp,#0x48]	pb_decode_noinit@000fc990
0x000fc9dc	0028	cmp	r0,#0x0	pb_decode_noinit@000fc990
0x000fc9de	71d1	bne	0x000fcac4	pb_decode_noinit@000fc990
0x000fc9e0	1db0	add	sp,#0x74	pb_decode_noinit@000fc990
0x000fc9e2	bde8f08f	pop.w	{r4,r5,r6,r7,r8,r9,r10,r11,pc}	pb_decode_noinit@000fc990
0x000fc9e6	0098	ldr	r0,[sp,#0x0]	pb_decode_noinit@000fc990
0x000fc9e8	b042	cmp	r0,r6	pb_decode_noinit@000fc990
0x000fc9ea	43d3	bcc	0x000fca74	pb_decode_noinit@000fc990
0x000fc9ec	029c	ldr	r4,[sp,#0x8]	pb_decode_noinit@000fc990
0x000fc9ee	01ae	add	r6,sp,#0x4	pb_decode_noinit@000fc990
0x000fc9f0	0298	ldr	r0,[sp,#0x8]	pb_decode_noinit@000fc990
0x000fc9f2	8078	ldrb	r0,[r0,#0x2]	pb_decode_noinit@000fc990
0x000fc9f4	00f00f00	and	r0,r0,#0xf	pb_decode_noinit@000fc990
0x000fc9f8	0828	cmp	r0,#0x8	pb_decode_noinit@000fc990
0x000fc9fa	12d0	beq	0x000fca22	pb_decode_noinit@000fc990
0x000fc9fc	3046	mov	r0,r6	pb_decode_noinit@000fc990
0x000fc9fe	00f05bf9	bl	0x000fccb8	pb_decode_noinit@000fc990
0x000fca02	0298	ldr	r0,[sp,#0x8]	pb_decode_noinit@000fc990
0x000fca04	a042	cmp	r0,r4	pb_decode_noinit@000fc990
0x000fca06	f3d1	bne	0x000fc9f0	pb_decode_noinit@000fc990
0x000fca08	5646	mov	r6,r10	pb_decode_noinit@000fc990
0x000fca0a	0098	ldr	r0,[sp,#0x0]	pb_decode_noinit@000fc990
0x000fca0c	b042	cmp	r0,r6	pb_decode_noinit@000fc990
0x000fca0e	31d3	bcc	0x000fca74	pb_decode_noinit@000fc990
0x000fca10	d5f80880	ldr.w	r8,[r5,#0x8]	pb_decode_noinit@000fc990
0x000fca14	0790	str	r0,[sp,#0x1c]	pb_decode_noinit@000fc990
0x000fca16	9df82c00	ldrb.w	r0,[sp,#0x2c]	pb_decode_noinit@000fc990
0x000fca1a	0e90	str	r0,[sp,#0x38]	pb_decode_noinit@000fc990
0x000fca1c	0598	ldr	r0,[sp,#0x14]	pb_decode_noinit@000fc990
0x000fca1e	0468	ldr	r4,[r0,#0x0]	pb_decode_noinit@000fc990
0x000fca20	21e0	b	0x000fca66	pb_decode_noinit@000fc990
0x000fca22	0298	ldr	r0,[sp,#0x8]	pb_decode_noinit@000fc990
0x000fca24	0688	ldrh	r6,[r0,#0x0]	pb_decode_noinit@000fc990
0x000fca26	f0e7	b	0x000fca0a	pb_decode_noinit@000fc990
0x000fca28	2068	ldr	r0,[r4,#0x0]	pb_decode_noinit@000fc990
0x000fca2a	0768	ldr	r7,[r0,#0x0]	pb_decode_noinit@000fc990
0x000fca2c	2fb1	cbz	r7,0x000fca3a	pb_decode_noinit@000fc990
0x000fca2e	2146	mov	r1,r4	pb_decode_noinit@000fc990
0x000fca30	2846	mov	r0,r5	pb_decode_noinit@000fc990
0x000fca32	0e9b	ldr	r3,[sp,#0x38]	pb_decode_noinit@000fc990
0x000fca34	079a	ldr	r2,[sp,#0x1c]	pb_decode_noinit@000fc990
0x000fca36	b847	blx	r7	pb_decode_noinit@000fc990
0x000fca38	12e0	b	0x000fca60	pb_decode_noinit@000fc990
0x000fca3a	1195	str	r5,[sp,#0x44]	pb_decode_noinit@000fc990
0x000fca3c	2168	ldr	r1,[r4,#0x0]	pb_decode_noinit@000fc990
0x000fca3e	0798	ldr	r0,[sp,#0x1c]	pb_decode_noinit@000fc990
0x000fca40	0e9f	ldr	r7,[sp,#0x38]	pb_decode_noinit@000fc990
0x000fca42	8968	ldr	r1,[r1,#0x8]	pb_decode_noinit@000fc990
0x000fca44	0988	ldrh	r1,[r1,#0x0]	pb_decode_noinit@000fc990
0x000fca46	8142	cmp	r1,r0	pb_decode_noinit@000fc990
0x000fca48	0cd1	bne	0x000fca64	pb_decode_noinit@000fc990
0x000fca4a	2146	mov	r1,r4	pb_decode_noinit@000fc990
0x000fca4c	17a8	add	r0,sp,#0x5c	pb_decode_noinit@000fc990
0x000fca4e	fef7a3f9	bl	0x000fad98	pb_decode_noinit@000fc990
0x000fca52	84f80cb0	strb.w	r11,[r4,#0xc]	pb_decode_noinit@000fc990
0x000fca56	17aa	add	r2,sp,#0x5c	pb_decode_noinit@000fc990
0x000fca58	3946	mov	r1,r7	pb_decode_noinit@000fc990
0x000fca5a	1198	ldr	r0,[sp,#0x44]	pb_decode_noinit@000fc990
0x000fca5c	fdf78bfe	bl	0x000fa776	pb_decode_noinit@000fc990
0x000fca60	0028	cmp	r0,#0x0	pb_decode_noinit@000fc990
0x000fca62	bdd0	beq	0x000fc9e0	pb_decode_noinit@000fc990
0x000fca64	a468	ldr	r4,[r4,#0x8]	pb_decode_noinit@000fc990
0x000fca66	14b1	cbz	r4,0x000fca6e	pb_decode_noinit@000fc990
0x000fca68	a968	ldr	r1,[r5,#0x8]	pb_decode_noinit@000fc990
0x000fca6a	4145	cmp	r1,r8	pb_decode_noinit@000fc990
0x000fca6c	dcd0	beq	0x000fca28	pb_decode_noinit@000fc990
0x000fca6e	a968	ldr	r1,[r5,#0x8]	pb_decode_noinit@000fc990
0x000fca70	4145	cmp	r1,r8	pb_decode_noinit@000fc990
0x000fca72	23d1	bne	0x000fcabc	pb_decode_noinit@000fc990
0x000fca74	9df82c10	ldrb.w	r1,[sp,#0x2c]	pb_decode_noinit@000fc990
0x000fca78	2846	mov	r0,r5	pb_decode_noinit@000fc990
0x000fca7a	00f023fa	bl	0x000fcec4	pb_decode_noinit@000fc990
0x000fca7e	1be0	b	0x000fcab8	pb_decode_noinit@000fc990
0x000fca80	0398	ldr	r0,[sp,#0xc]	pb_decode_noinit@000fc990
0x000fca82	4028	cmp	r0,#0x40	pb_decode_noinit@000fc990
0x000fca84	0ad2	bcs	0x000fca9c	pb_decode_noinit@000fc990
0x000fca86	00f01f00	and	r0,r0,#0x1f	pb_decode_noinit@000fc990
0x000fca8a	0bfa00f2	lsl.w	r2,r11,r0	pb_decode_noinit@000fc990
0x000fca8e	0398	ldr	r0,[sp,#0xc]	pb_decode_noinit@000fc990
0x000fca90	4009	lsrs	r0,r0,#0x5	pb_decode_noinit@000fc990
0x000fca92	59f82030	ldr.w	r3,[r9,r0,lsl #0x2]	pb_decode_noinit@000fc990
0x000fca96	1343	orrs	r3,r2	pb_decode_noinit@000fc990
0x000fca98	49f82030	str.w	r3,[r9,r0,lsl #0x2]	pb_decode_noinit@000fc990
0x000fca9c	ec68	ldr	r4,[r5,#0xc]	pb_decode_noinit@000fc990
0x000fca9e	2cb1	cbz	r4,0x000fcaac	pb_decode_noinit@000fc990
0x000fcaa0	01ab	add	r3,sp,#0x4	pb_decode_noinit@000fc990
0x000fcaa2	9df82c20	ldrb.w	r2,[sp,#0x2c]	pb_decode_noinit@000fc990
0x000fcaa6	2846	mov	r0,r5	pb_decode_noinit@000fc990
0x000fcaa8	0099	ldr	r1,[sp,#0x0]	pb_decode_noinit@000fc990
0x000fcaaa	a047	blx	r4	pb_decode_noinit@000fc990
0x000fcaac	01aa	add	r2,sp,#0x4	pb_decode_noinit@000fc990
0x000fcaae	9df82c10	ldrb.w	r1,[sp,#0x2c]	pb_decode_noinit@000fc990
0x000fcab2	2846	mov	r0,r5	pb_decode_noinit@000fc990
0x000fcab4	fdf75ffe	bl	0x000fa776	pb_decode_noinit@000fc990
0x000fcab8	0028	cmp	r0,#0x0	pb_decode_noinit@000fc990
0x000fcaba	91d0	beq	0x000fc9e0	pb_decode_noinit@000fc990
0x000fcabc	a868	ldr	r0,[r5,#0x8]	pb_decode_noinit@000fc990
0x000fcabe	0028	cmp	r0,#0x0	pb_decode_noinit@000fc990
0x000fcac0	7ff478af	bne.w	0x000fc9b4	pb_decode_noinit@000fc990
0x000fcac4	dde90204	ldrd	r0,r4,[sp,#0x8]	pb_decode_noinit@000fc990
0x000fcac8	8578	ldrb	r5,[r0,#0x2]	pb_decode_noinit@000fc990
0x000fcaca	01a8	add	r0,sp,#0x4	pb_decode_noinit@000fc990
0x000fcacc	00f0f4f8	bl	0x000fccb8	pb_decode_noinit@000fc990
0x000fcad0	0028	cmp	r0,#0x0	pb_decode_noinit@000fc990
0x000fcad2	f7d1	bne	0x000fcac4	pb_decode_noinit@000fc990
0x000fcad4	15f0300f	tst	r5,#0x30	pb_decode_noinit@000fc990
0x000fcad8	03d1	bne	0x000fcae2	pb_decode_noinit@000fc990
0x000fcada	0298	ldr	r0,[sp,#0x8]	pb_decode_noinit@000fc990
0x000fcadc	0088	ldrh	r0,[r0,#0x0]	pb_decode_noinit@000fc990
0x000fcade	00b1	cbz	r0,0x000fcae2	pb_decode_noinit@000fc990
0x000fcae0	641c	adds	r4,r4,#0x1	pb_decode_noinit@000fc990
0x000fcae2	c4b1	cbz	r4,0x000fcb16	pb_decode_noinit@000fc990
0x000fcae4	0020	movs	r0,#0x0	pb_decode_noinit@000fc990
0x000fcae6	4946	mov	r1,r9	pb_decode_noinit@000fc990
0x000fcae8	05e0	b	0x000fcaf6	pb_decode_noinit@000fc990
0x000fcaec	51f82020	ldr.w	r2,[r1,r0,lsl #0x2]	pb_decode_noinit@000fc990
0x000fcaf0	521c	adds	r2,r2,#0x1	pb_decode_noinit@000fc990
0x000fcaf2	0ed1	bne	0x000fcb12	pb_decode_noinit@000fc990
0x000fcaf4	401c	adds	r0,r0,#0x1	pb_decode_noinit@000fc990
0x000fcaf6	b0eb541f	cmp.w	r0,r4, lsr #0x5	pb_decode_noinit@000fc990
0x000fcafa	f7d3	bcc	0x000fcaec	pb_decode_noinit@000fc990
0x000fcafc	6009	lsrs	r0,r4,#0x5	pb_decode_noinit@000fc990
0x000fcafe	59f82010	ldr.w	r1,[r9,r0,lsl #0x2]	pb_decode_noinit@000fc990
0x000fcb02	04f01f00	and	r0,r4,#0x1f	pb_decode_noinit@000fc990
0x000fcb06	c0f12002	rsb.w	r2,r0,#0x20	pb_decode_noinit@000fc990
0x000fcb0a	2afa02f0	lsr.w	r0,r10,r2	pb_decode_noinit@000fc990
0x000fcb0e	8142	cmp	r1,r0	pb_decode_noinit@000fc990
0x000fcb10	01d0	beq	0x000fcb16	pb_decode_noinit@000fc990
0x000fcb12	0020	movs	r0,#0x0	pb_decode_noinit@000fc990
0x000fcb14	64e7	b	0x000fc9e0	pb_decode_noinit@000fc990
0x000fcb16	0120	movs	r0,#0x1	pb_decode_noinit@000fc990
0x000fcb18	62e7	b	0x000fc9e0	pb_decode_noinit@000fc990
0x000fcb1a	1cb5	push	{r2,r3,r4,lr}	pb_decode_svarint@000fcb1a
0x000fcb1c	0c46	mov	r4,r1	pb_decode_svarint@000fcb1a
0x000fcb1e	6946	mov	r1,sp	pb_decode_svarint@000fcb1a
0x000fcb20	00f039f8	bl	0x000fcb96	pb_decode_svarint@000fcb1a
0x000fcb24	0028	cmp	r0,#0x0	pb_decode_svarint@000fcb1a
0x000fcb26	14d0	beq	0x000fcb52	pb_decode_svarint@000fcb1a
0x000fcb28	dde90002	ldrd	r0,r2,[sp,#0x0]	pb_decode_svarint@000fcb1a
0x000fcb2c	c107	lsls	r1,r0,#0x1f	pb_decode_svarint@000fcb1a
0x000fcb2e	09d0	beq	0x000fcb44	pb_decode_svarint@000fcb1a
0x000fcb30	5108	lsrs	r1,r2,#0x1	pb_decode_svarint@000fcb1a
0x000fcb32	4fea3000	rrx	r0,r0	pb_decode_svarint@000fcb1a
0x000fcb36	6fea0002	mvn.w	r2,r0	pb_decode_svarint@000fcb1a
0x000fcb3a	6fea0100	mvn.w	r0,r1	pb_decode_svarint@000fcb1a
0x000fcb3e	c4e90020	strd	r2,r0,[r4,#0x0]	pb_decode_svarint@000fcb1a
0x000fcb42	04e0	b	0x000fcb4e	pb_decode_svarint@000fcb1a
0x000fcb44	5108	lsrs	r1,r2,#0x1	pb_decode_svarint@000fcb1a
0x000fcb46	4fea3000	rrx	r0,r0	pb_decode_svarint@000fcb1a
0x000fcb4a	c4e90001	strd	r0,r1,[r4,#0x0]	pb_decode_svarint@000fcb1a
0x000fcb4e	4ff00100	mov.w	r0,#0x1	pb_decode_svarint@000fcb1a
0x000fcb52	1cbd	pop	{r2,r3,r4,pc}	pb_decode_svarint@000fcb1a
0x000fcb54	f8b5	push	{r3,r4,r5,r6,r7,lr}	pb_decode_tag@000fcb54
0x000fcb56	0746	mov	r7,r0	pb_decode_tag@000fcb54
0x000fcb58	0020	movs	r0,#0x0	pb_decode_tag@000fcb54
0x000fcb5a	1870	strb	r0,[r3,#0x0]	pb_decode_tag@000fcb54
0x000fcb5c	0870	strb	r0,[r1,#0x0]	pb_decode_tag@000fcb54
0x000fcb5e	0e46	mov	r6,r1	pb_decode_tag@000fcb54
0x000fcb60	1060	str	r0,[r2,#0x0]	pb_decode_tag@000fcb54
0x000fcb62	1c46	mov	r4,r3	pb_decode_tag@000fcb54
0x000fcb64	1546	mov	r5,r2	pb_decode_tag@000fcb54
0x000fcb66	6946	mov	r1,sp	pb_decode_tag@000fcb54
0x000fcb68	3846	mov	r0,r7	pb_decode_tag@000fcb54
0x000fcb6a	00f039f8	bl	0x000fcbe0	pb_decode_tag@000fcb54
0x000fcb6e	0100	movs	r1,r0	pb_decode_tag@000fcb54
0x000fcb70	4ff00100	mov.w	r0,#0x1	pb_decode_tag@000fcb54
0x000fcb74	09d0	beq	0x000fcb8a	pb_decode_tag@000fcb54
0x000fcb76	0099	ldr	r1,[sp,#0x0]	pb_decode_tag@000fcb54
0x000fcb78	59b1	cbz	r1,0x000fcb92	pb_decode_tag@000fcb54
0x000fcb7a	c808	lsrs	r0,r1,#0x3	pb_decode_tag@000fcb54
0x000fcb7c	2860	str	r0,[r5,#0x0]	pb_decode_tag@000fcb54
0x000fcb7e	0098	ldr	r0,[sp,#0x0]	pb_decode_tag@000fcb54
0x000fcb80	00f00700	and	r0,r0,#0x7	pb_decode_tag@000fcb54
0x000fcb84	3070	strb	r0,[r6,#0x0]	pb_decode_tag@000fcb54
0x000fcb86	0120	movs	r0,#0x1	pb_decode_tag@000fcb54
0x000fcb88	f8bd	pop	{r3,r4,r5,r6,r7,pc}	pb_decode_tag@000fcb54
0x000fcb8a	b968	ldr	r1,[r7,#0x8]	pb_decode_tag@000fcb54
0x000fcb8c	09b1	cbz	r1,0x000fcb92	pb_decode_tag@000fcb54
0x000fcb8e	0020	movs	r0,#0x0	pb_decode_tag@000fcb54
0x000fcb90	f8bd	pop	{r3,r4,r5,r6,r7,pc}	pb_decode_tag@000fcb54
0x000fcb92	2070	strb	r0,[r4,#0x0]	pb_decode_tag@000fcb54
0x000fcb94	fbe7	b	0x000fcb8e	pb_decode_tag@000fcb54
0x000fcb96	2de9f843	push	{r3,r4,r5,r6,r7,r8,r9,lr}	pb_decode_varint@000fcb96
0x000fcb9a	0026	movs	r6,#0x0	pb_decode_varint@000fcb96
0x000fcb9c	8846	mov	r8,r1	pb_decode_varint@000fcb96
0x000fcb9e	8146	mov	r9,r0	pb_decode_varint@000fcb96
0x000fcba0	3446	mov	r4,r6	pb_decode_varint@000fcb96
0x000fcba2	3546	mov	r5,r6	pb_decode_varint@000fcb96
0x000fcba4	04e0	b	0x000fcbb0	pb_decode_varint@000fcb96
0x000fcba6	402e	cmp	r6,#0x40	pb_decode_varint@000fcb96
0x000fcba8	02d3	bcc	0x000fcbb0	pb_decode_varint@000fcb96
0x000fcbaa	0020	movs	r0,#0x0	pb_decode_varint@000fcb96
0x000fcbac	bde8f883	pop.w	{r3,r4,r5,r6,r7,r8,r9,pc}	pb_decode_varint@000fcb96
0x000fcbb0	6946	mov	r1,sp	pb_decode_varint@000fcb96
0x000fcbb2	4846	mov	r0,r9	pb_decode_varint@000fcb96
0x000fcbb4	00f076f9	bl	0x000fcea4	pb_decode_varint@000fcb96
0x000fcbb8	0028	cmp	r0,#0x0	pb_decode_varint@000fcb96
0x000fcbba	f7d0	beq	0x000fcbac	pb_decode_varint@000fcb96
0x000fcbbc	9df80070	ldrb.w	r7,[sp,#0x0]	pb_decode_varint@000fcb96
0x000fcbc0	3246	mov	r2,r6	pb_decode_varint@000fcb96
0x000fcbc2	07f07f00	and	r0,r7,#0x7f	pb_decode_varint@000fcb96
0x000fcbc6	c10f	lsrs	r1,r0,#0x1f	pb_decode_varint@000fcb96
0x000fcbc8	fbf718fc	bl	0x000f83fc	pb_decode_varint@000fcb96
0x000fcbcc	2943	orrs	r1,r5	pb_decode_varint@000fcb96
0x000fcbce	0443	orrs	r4,r0	pb_decode_varint@000fcb96
0x000fcbd0	f61d	adds	r6,r6,#0x7	pb_decode_varint@000fcb96
0x000fcbd2	0d46	mov	r5,r1	pb_decode_varint@000fcb96
0x000fcbd4	3806	lsls	r0,r7,#0x18	pb_decode_varint@000fcb96
0x000fcbd6	e6d4	bmi	0x000fcba6	pb_decode_varint@000fcb96
0x000fcbd8	c8e90041	strd	r4,r1,[r8,#0x0]	pb_decode_varint@000fcb96
0x000fcbdc	0120	movs	r0,#0x1	pb_decode_varint@000fcb96
0x000fcbde	e5e7	b	0x000fcbac	pb_decode_varint@000fcb96
0x000fcbe0	f8b5	push	{r3,r4,r5,r6,r7,lr}	pb_decode_varint32@000fcbe0
0x000fcbe2	0e46	mov	r6,r1	pb_decode_varint32@000fcbe0
0x000fcbe4	0746	mov	r7,r0	pb_decode_varint32@000fcbe0
0x000fcbe6	6946	mov	r1,sp	pb_decode_varint32@000fcbe0
0x000fcbe8	00f05cf9	bl	0x000fcea4	pb_decode_varint32@000fcbe0
0x000fcbec	0028	cmp	r0,#0x0	pb_decode_varint32@000fcbe0
0x000fcbee	0ad0	beq	0x000fcc06	pb_decode_varint32@000fcbe0
0x000fcbf0	9df80040	ldrb.w	r4,[sp,#0x0]	pb_decode_varint32@000fcbe0
0x000fcbf4	2006	lsls	r0,r4,#0x18	pb_decode_varint32@000fcbe0
0x000fcbf6	16d5	bpl	0x000fcc26	pb_decode_varint32@000fcbe0
0x000fcbf8	0725	movs	r5,#0x7	pb_decode_varint32@000fcbe0
0x000fcbfa	04f07f04	and	r4,r4,#0x7f	pb_decode_varint32@000fcbe0
0x000fcbfe	03e0	b	0x000fcc08	pb_decode_varint32@000fcbe0
0x000fcc00	202d	cmp	r5,#0x20	pb_decode_varint32@000fcbe0
0x000fcc02	01d3	bcc	0x000fcc08	pb_decode_varint32@000fcbe0
0x000fcc04	0020	movs	r0,#0x0	pb_decode_varint32@000fcbe0
0x000fcc06	f8bd	pop	{r3,r4,r5,r6,r7,pc}	pb_decode_varint32@000fcbe0
0x000fcc08	6946	mov	r1,sp	pb_decode_varint32@000fcbe0
0x000fcc0a	3846	mov	r0,r7	pb_decode_varint32@000fcbe0
0x000fcc0c	00f04af9	bl	0x000fcea4	pb_decode_varint32@000fcbe0
0x000fcc10	0028	cmp	r0,#0x0	pb_decode_varint32@000fcbe0
0x000fcc12	f8d0	beq	0x000fcc06	pb_decode_varint32@000fcbe0
0x000fcc14	9df80010	ldrb.w	r1,[sp,#0x0]	pb_decode_varint32@000fcbe0
0x000fcc18	01f07f00	and	r0,r1,#0x7f	pb_decode_varint32@000fcbe0
0x000fcc1c	a840	lsls	r0,r5	pb_decode_varint32@000fcbe0
0x000fcc1e	0443	orrs	r4,r0	pb_decode_varint32@000fcbe0
0x000fcc20	ed1d	adds	r5,r5,#0x7	pb_decode_varint32@000fcbe0
0x000fcc22	0806	lsls	r0,r1,#0x18	pb_decode_varint32@000fcbe0
0x000fcc24	ecd4	bmi	0x000fcc00	pb_decode_varint32@000fcbe0
0x000fcc26	0120	movs	r0,#0x1	pb_decode_varint32@000fcbe0
0x000fcc28	3460	str	r4,[r6,#0x0]	pb_decode_varint32@000fcbe0
0x000fcc2a	f8bd	pop	{r3,r4,r5,r6,r7,pc}	pb_decode_varint32@000fcbe0
0x000fcc2c	10b5	push	{r4,lr}	nrf_dfu_init_command_decode_callback@000fcc2c
0x000fcc2e	5968	ldr	r1,[r3,#0x4]	nrf_dfu_init_command_decode_callback@000fcc2c
0x000fcc30	0b4a	ldr	r2,[0x000fcc60]	nrf_dfu_init_command_decode_callback@000fcc2c
0x000fcc32	c968	ldr	r1,[r1,#0xc]	nrf_dfu_init_command_decode_callback@000fcc2c
0x000fcc34	9142	cmp	r1,r2	nrf_dfu_init_command_decode_callback@000fcc2c
0x000fcc36	12d1	bne	0x000fcc5e	nrf_dfu_init_command_decode_callback@000fcc2c
0x000fcc38	0a4a	ldr	r2,[0x000fcc64]	nrf_dfu_init_command_decode_callback@000fcc2c
0x000fcc3a	d0e90110	ldrd	r1,r0,[r0,#0x4]	nrf_dfu_init_command_decode_callback@000fcc2c
0x000fcc3e	d2e90134	ldrd	r3,r4,[r2,#0x4]	nrf_dfu_init_command_decode_callback@000fcc2c
0x000fcc42	2343	orrs	r3,r4	nrf_dfu_init_command_decode_callback@000fcc2c
0x000fcc44	01d0	beq	0x000fcc4a	nrf_dfu_init_command_decode_callback@000fcc2c
0x000fcc46	0020	movs	r0,#0x0	nrf_dfu_init_command_decode_callback@000fcc2c
0x000fcc48	08e0	b	0x000fcc5c	nrf_dfu_init_command_decode_callback@000fcc2c
0x000fcc4a	11f8013b	ldrb.w	r3,[r1],#0x1	nrf_dfu_init_command_decode_callback@000fcc2c
0x000fcc4e	a0f10100	sub.w	r0,r0,#0x1	nrf_dfu_init_command_decode_callback@000fcc2c
0x000fcc52	1b06	lsls	r3,r3,#0x18	nrf_dfu_init_command_decode_callback@000fcc2c
0x000fcc54	f9d4	bmi	0x000fcc4a	nrf_dfu_init_command_decode_callback@000fcc2c
0x000fcc56	c2e90110	strd	r1,r0,[r2,#0x4]	nrf_dfu_init_command_decode_callback@000fcc2c
0x000fcc5a	0120	movs	r0,#0x1	nrf_dfu_init_command_decode_callback@000fcc2c
0x000fcc5c	9070	strb	r0,[r2,#0x2]	nrf_dfu_init_command_decode_callback@000fcc2c
0x000fcc5e	10bd	pop	{r4,pc}	nrf_dfu_init_command_decode_callback@000fcc2c
0x000fcc68	c260	str	r2,[r0,#0xc]	pb_field_iter_begin@000fcc68
0x000fcc6a	0023	movs	r3,#0x0	pb_field_iter_begin@000fcc68
0x000fcc6c	0160	str	r1,[r0,#0x0]	pb_field_iter_begin@000fcc68
0x000fcc6e	c0e90113	strd	r1,r3,[r0,#0x4]	pb_field_iter_begin@000fcc68
0x000fcc72	8b88	ldrh	r3,[r1,#0x4]	pb_field_iter_begin@000fcc68
0x000fcc74	1a44	add	r2,r3	pb_field_iter_begin@000fcc68
0x000fcc76	0261	str	r2,[r0,#0x10]	pb_field_iter_begin@000fcc68
0x000fcc78	b1f90630	ldrsh.w	r3,[r1,#0x6]	pb_field_iter_begin@000fcc68
0x000fcc7c	1a44	add	r2,r3	pb_field_iter_begin@000fcc68
0x000fcc7e	4261	str	r2,[r0,#0x14]	pb_field_iter_begin@000fcc68
0x000fcc80	0888	ldrh	r0,[r1,#0x0]	pb_field_iter_begin@000fcc68
0x000fcc82	0028	cmp	r0,#0x0	pb_field_iter_begin@000fcc68
0x000fcc84	00d0	beq	0x000fcc88	pb_field_iter_begin@000fcc68
0x000fcc86	0120	movs	r0,#0x1	pb_field_iter_begin@000fcc68
0x000fcc88	7047	bx	lr	pb_field_iter_begin@000fcc68
0x000fcc8a	70b5	push	{r4,r5,r6,lr}	pb_field_iter_find@000fcc8a
0x000fcc8c	4568	ldr	r5,[r0,#0x4]	pb_field_iter_find@000fcc8a
0x000fcc8e	0e46	mov	r6,r1	pb_field_iter_find@000fcc8a
0x000fcc90	0446	mov	r4,r0	pb_field_iter_find@000fcc8a
0x000fcc92	6068	ldr	r0,[r4,#0x4]	pb_field_iter_find@000fcc8a
0x000fcc94	0188	ldrh	r1,[r0,#0x0]	pb_field_iter_find@000fcc8a
0x000fcc96	b142	cmp	r1,r6	pb_field_iter_find@000fcc8a
0x000fcc98	06d1	bne	0x000fcca8	pb_field_iter_find@000fcc8a
0x000fcc9a	8078	ldrb	r0,[r0,#0x2]	pb_field_iter_find@000fcc8a
0x000fcc9c	00f00f00	and	r0,r0,#0xf	pb_field_iter_find@000fcc8a
0x000fcca0	0828	cmp	r0,#0x8	pb_field_iter_find@000fcc8a
0x000fcca2	01d0	beq	0x000fcca8	pb_field_iter_find@000fcc8a
0x000fcca4	0120	movs	r0,#0x1	pb_field_iter_find@000fcc8a
0x000fcca6	70bd	pop	{r4,r5,r6,pc}	pb_field_iter_find@000fcc8a
0x000fcca8	2046	mov	r0,r4	pb_field_iter_find@000fcc8a
0x000fccaa	00f005f8	bl	0x000fccb8	pb_field_iter_find@000fcc8a
0x000fccae	6068	ldr	r0,[r4,#0x4]	pb_field_iter_find@000fcc8a
0x000fccb0	a842	cmp	r0,r5	pb_field_iter_find@000fcc8a
0x000fccb2	eed1	bne	0x000fcc92	pb_field_iter_find@000fcc8a
0x000fccb4	0020	movs	r0,#0x0	pb_field_iter_find@000fcc8a
0x000fccb6	70bd	pop	{r4,r5,r6,pc}	pb_field_iter_find@000fcc8a
0x000fccb8	30b5	push	{r4,r5,lr}	pb_field_iter_next@000fccb8
0x000fccba	4168	ldr	r1,[r0,#0x4]	pb_field_iter_next@000fccb8
0x000fccbc	0a88	ldrh	r2,[r1,#0x0]	pb_field_iter_next@000fccb8
0x000fccbe	5ab1	cbz	r2,0x000fccd8	pb_field_iter_next@000fccb8
0x000fccc0	01f11003	add.w	r3,r1,#0x10	pb_field_iter_next@000fccb8
0x000fccc4	4360	str	r3,[r0,#0x4]	pb_field_iter_next@000fccb8
0x000fccc6	0a8a	ldrh	r2,[r1,#0x10]	pb_field_iter_next@000fccb8
0x000fccc8	42b1	cbz	r2,0x000fccdc	pb_field_iter_next@000fccb8
0x000fccca	8c78	ldrb	r4,[r1,#0x2]	pb_field_iter_next@000fccb8
0x000fcccc	0a89	ldrh	r2,[r1,#0x8]	pb_field_iter_next@000fccb8
0x000fccce	c4f30115	ubfx	r5,r4,#0x4,#0x2	pb_field_iter_next@000fccb8
0x000fccd2	032d	cmp	r5,#0x3	pb_field_iter_next@000fccb8
0x000fccd4	07d0	beq	0x000fcce6	pb_field_iter_next@000fccb8
0x000fccd6	0be0	b	0x000fccf0	pb_field_iter_next@000fccb8
0x000fccd8	0020	movs	r0,#0x0	pb_field_iter_next@000fccb8
0x000fccda	30bd	pop	{r4,r5,pc}	pb_field_iter_next@000fccb8
0x000fccdc	c268	ldr	r2,[r0,#0xc]	pb_field_iter_next@000fccb8
0x000fccde	0168	ldr	r1,[r0,#0x0]	pb_field_iter_next@000fccb8
0x000fcce0	fff7c2ff	bl	0x000fcc68	pb_field_iter_next@000fccb8
0x000fcce4	f8e7	b	0x000fccd8	pb_field_iter_next@000fccb8
0x000fcce6	9d78	ldrb	r5,[r3,#0x2]	pb_field_iter_next@000fccb8
0x000fcce8	c5f30115	ubfx	r5,r5,#0x4,#0x2	pb_field_iter_next@000fccb8
0x000fccec	032d	cmp	r5,#0x3	pb_field_iter_next@000fccb8
0x000fccee	06d0	beq	0x000fccfe	pb_field_iter_next@000fccb8
0x000fccf0	0225	movs	r5,#0x2	pb_field_iter_next@000fccb8
0x000fccf2	b5eb141f	cmp.w	r5,r4, lsr #0x4	pb_field_iter_next@000fccb8
0x000fccf6	08d1	bne	0x000fcd0a	pb_field_iter_next@000fccb8
0x000fccf8	4c89	ldrh	r4,[r1,#0xa]	pb_field_iter_next@000fccb8
0x000fccfa	6243	muls	r2,r4	pb_field_iter_next@000fccb8
0x000fccfc	09e0	b	0x000fcd12	pb_field_iter_next@000fccb8
0x000fccfe	8d88	ldrh	r5,[r1,#0x4]	pb_field_iter_next@000fccb8
0x000fcd00	0469	ldr	r4,[r0,#0x10]	pb_field_iter_next@000fccb8
0x000fcd02	0022	movs	r2,#0x0	pb_field_iter_next@000fccb8
0x000fcd04	641b	subs	r4,r4,r5	pb_field_iter_next@000fccb8
0x000fcd06	0461	str	r4,[r0,#0x10]	pb_field_iter_next@000fccb8
0x000fcd08	03e0	b	0x000fcd12	pb_field_iter_next@000fccb8
0x000fcd0a	b5eb941f	cmp.w	r5,r4, lsr #0x6	pb_field_iter_next@000fccb8
0x000fcd0e	00d1	bne	0x000fcd12	pb_field_iter_next@000fccb8
0x000fcd10	0422	movs	r2,#0x4	pb_field_iter_next@000fccb8
0x000fcd12	8978	ldrb	r1,[r1,#0x2]	pb_field_iter_next@000fccb8
0x000fcd14	11f0300f	tst	r1,#0x30	pb_field_iter_next@000fccb8
0x000fcd18	02d1	bne	0x000fcd20	pb_field_iter_next@000fccb8
0x000fcd1a	8168	ldr	r1,[r0,#0x8]	pb_field_iter_next@000fccb8
0x000fcd1c	491c	adds	r1,r1,#0x1	pb_field_iter_next@000fccb8
0x000fcd1e	8160	str	r1,[r0,#0x8]	pb_field_iter_next@000fccb8
0x000fcd20	9c88	ldrh	r4,[r3,#0x4]	pb_field_iter_next@000fccb8
0x000fcd22	0169	ldr	r1,[r0,#0x10]	pb_field_iter_next@000fccb8
0x000fcd24	2144	add	r1,r4	pb_field_iter_next@000fccb8
0x000fcd26	1144	add	r1,r2	pb_field_iter_next@000fccb8
0x000fcd28	0161	str	r1,[r0,#0x10]	pb_field_iter_next@000fccb8
0x000fcd2a	b3f90620	ldrsh.w	r2,[r3,#0x6]	pb_field_iter_next@000fccb8
0x000fcd2e	1144	add	r1,r2	pb_field_iter_next@000fccb8
0x000fcd30	4161	str	r1,[r0,#0x14]	pb_field_iter_next@000fccb8
0x000fcd32	0120	movs	r0,#0x1	pb_field_iter_next@000fccb8
0x000fcd34	30bd	pop	{r4,r5,pc}	pb_field_iter_next@000fccb8
0x000fcd36	30b5	push	{r4,r5,lr}	pb_field_set_to_default@000fcd36
0x000fcd38	4168	ldr	r1,[r0,#0x4]	pb_field_set_to_default@000fcd36
0x000fcd3a	0024	movs	r4,#0x0	pb_field_set_to_default@000fcd36
0x000fcd3c	87b0	sub	sp,#0x1c	pb_field_set_to_default@000fcd36
0x000fcd3e	8978	ldrb	r1,[r1,#0x2]	pb_field_set_to_default@000fcd36
0x000fcd40	01f00f02	and	r2,r1,#0xf	pb_field_set_to_default@000fcd36
0x000fcd44	082a	cmp	r2,#0x8	pb_field_set_to_default@000fcd36
0x000fcd46	11d0	beq	0x000fcd6c	pb_field_set_to_default@000fcd36
0x000fcd48	8a09	lsrs	r2,r1,#0x6	pb_field_set_to_default@000fcd36
0x000fcd4a	1ed0	beq	0x000fcd8a	pb_field_set_to_default@000fcd36
0x000fcd4c	0222	movs	r2,#0x2	pb_field_set_to_default@000fcd36
0x000fcd4e	b2eb911f	cmp.w	r2,r1, lsr #0x6	pb_field_set_to_default@000fcd36
0x000fcd52	09d1	bne	0x000fcd68	pb_field_set_to_default@000fcd36
0x000fcd54	0269	ldr	r2,[r0,#0x10]	pb_field_set_to_default@000fcd36
0x000fcd56	c1f30111	ubfx	r1,r1,#0x4,#0x2	pb_field_set_to_default@000fcd36
0x000fcd5a	0229	cmp	r1,#0x2	pb_field_set_to_default@000fcd36
0x000fcd5c	1460	str	r4,[r2,#0x0]	pb_field_set_to_default@000fcd36
0x000fcd5e	01d0	beq	0x000fcd64	pb_field_set_to_default@000fcd36
0x000fcd60	0329	cmp	r1,#0x3	pb_field_set_to_default@000fcd36
0x000fcd62	01d1	bne	0x000fcd68	pb_field_set_to_default@000fcd36
0x000fcd64	4069	ldr	r0,[r0,#0x14]	pb_field_set_to_default@000fcd36
0x000fcd66	0480	strh	r4,[r0,#0x0]	pb_field_set_to_default@000fcd36
0x000fcd68	07b0	add	sp,#0x1c	pb_field_set_to_default@000fcd36
0x000fcd6a	30bd	pop	{r4,r5,pc}	pb_field_set_to_default@000fcd36
0x000fcd6c	0069	ldr	r0,[r0,#0x10]	pb_field_set_to_default@000fcd36
0x000fcd6e	0568	ldr	r5,[r0,#0x0]	pb_field_set_to_default@000fcd36
0x000fcd70	08e0	b	0x000fcd84	pb_field_set_to_default@000fcd36
0x000fcd72	2c73	strb	r4,[r5,#0xc]	pb_field_set_to_default@000fcd36
0x000fcd74	2946	mov	r1,r5	pb_field_set_to_default@000fcd36
0x000fcd76	6846	mov	r0,sp	pb_field_set_to_default@000fcd36
0x000fcd78	fef70ef8	bl	0x000fad98	pb_field_set_to_default@000fcd36
0x000fcd7c	6846	mov	r0,sp	pb_field_set_to_default@000fcd36
0x000fcd7e	fff7daff	bl	0x000fcd36	pb_field_set_to_default@000fcd36
0x000fcd82	ad68	ldr	r5,[r5,#0x8]	pb_field_set_to_default@000fcd36
0x000fcd84	002d	cmp	r5,#0x0	pb_field_set_to_default@000fcd36
0x000fcd86	f4d1	bne	0x000fcd72	pb_field_set_to_default@000fcd36
0x000fcd88	eee7	b	0x000fcd68	pb_field_set_to_default@000fcd36
0x000fcd8a	c1f30111	ubfx	r1,r1,#0x4,#0x2	pb_field_set_to_default@000fcd36
0x000fcd8e	0129	cmp	r1,#0x1	pb_field_set_to_default@000fcd36
0x000fcd90	12d0	beq	0x000fcdb8	pb_field_set_to_default@000fcd36
0x000fcd92	0229	cmp	r1,#0x2	pb_field_set_to_default@000fcd36
0x000fcd94	e6d0	beq	0x000fcd64	pb_field_set_to_default@000fcd36
0x000fcd96	0329	cmp	r1,#0x3	pb_field_set_to_default@000fcd36
0x000fcd98	e4d0	beq	0x000fcd64	pb_field_set_to_default@000fcd36
0x000fcd9a	4268	ldr	r2,[r0,#0x4]	pb_field_set_to_default@000fcd36
0x000fcd9c	9178	ldrb	r1,[r2,#0x2]	pb_field_set_to_default@000fcd36
0x000fcd9e	01f00f01	and	r1,r1,#0xf	pb_field_set_to_default@000fcd36
0x000fcda2	0729	cmp	r1,#0x7	pb_field_set_to_default@000fcd36
0x000fcda4	0bd0	beq	0x000fcdbe	pb_field_set_to_default@000fcd36
0x000fcda6	d168	ldr	r1,[r2,#0xc]	pb_field_set_to_default@000fcd36
0x000fcda8	81b1	cbz	r1,0x000fcdcc	pb_field_set_to_default@000fcd36
0x000fcdaa	1289	ldrh	r2,[r2,#0x8]	pb_field_set_to_default@000fcd36
0x000fcdac	0069	ldr	r0,[r0,#0x10]	pb_field_set_to_default@000fcd36
0x000fcdae	07b0	add	sp,#0x1c	pb_field_set_to_default@000fcd36
0x000fcdb0	bde83040	pop.w	{r4,r5,lr}	pb_field_set_to_default@000fcd36
0x000fcdb4	fbf731bb	b.w	0x000f841a	pb_field_set_to_default@000fcd36
0x000fcdb8	4169	ldr	r1,[r0,#0x14]	pb_field_set_to_default@000fcd36
0x000fcdba	0c70	strb	r4,[r1,#0x0]	pb_field_set_to_default@000fcd36
0x000fcdbc	ede7	b	0x000fcd9a	pb_field_set_to_default@000fcd36
0x000fcdbe	0169	ldr	r1,[r0,#0x10]	pb_field_set_to_default@000fcd36
0x000fcdc0	d068	ldr	r0,[r2,#0xc]	pb_field_set_to_default@000fcd36
0x000fcdc2	07b0	add	sp,#0x1c	pb_field_set_to_default@000fcd36
0x000fcdc4	bde83040	pop.w	{r4,r5,lr}	pb_field_set_to_default@000fcd36
0x000fcdc8	00f02db8	b.w	0x000fce26	pb_field_set_to_default@000fcd36
0x000fcdcc	1189	ldrh	r1,[r2,#0x8]	pb_field_set_to_default@000fcd36
0x000fcdce	0069	ldr	r0,[r0,#0x10]	pb_field_set_to_default@000fcd36
0x000fcdd0	07b0	add	sp,#0x1c	pb_field_set_to_default@000fcd36
0x000fcdd2	bde83040	pop.w	{r4,r5,lr}	pb_field_set_to_default@000fcd36
0x000fcdd6	fbf748bb	b.w	0x000f846a	pb_field_set_to_default@000fcd36
0x000fcddc	10b5	push	{r4,lr}	pb_istream_from_buffer@000fcddc
0x000fcdde	034b	ldr	r3,[0x000fcdec]	pb_istream_from_buffer@000fcddc
0x000fcde0	0024	movs	r4,#0x0	pb_istream_from_buffer@000fcddc
0x000fcde2	08c0	stmia	r0!,{r3}	pb_istream_from_buffer@000fcddc
0x000fcde4	80e81600	stm	r0,{r1,r2,r4}	pb_istream_from_buffer@000fcddc
0x000fcde8	10bd	pop	{r4,pc}	pb_istream_from_buffer@000fcddc
0x000fcdf0	38b5	push	{r3,r4,r5,lr}	pb_make_string_substream@000fcdf0
0x000fcdf2	0d46	mov	r5,r1	pb_make_string_substream@000fcdf0
0x000fcdf4	0446	mov	r4,r0	pb_make_string_substream@000fcdf0
0x000fcdf6	6946	mov	r1,sp	pb_make_string_substream@000fcdf0
0x000fcdf8	fff7f2fe	bl	0x000fcbe0	pb_make_string_substream@000fcdf0
0x000fcdfc	0028	cmp	r0,#0x0	pb_make_string_substream@000fcdf0
0x000fcdfe	0bd0	beq	0x000fce18	pb_make_string_substream@000fcdf0
0x000fce00	d4e90002	ldrd	r0,r2,[r4,#0x0]	pb_make_string_substream@000fcdf0
0x000fce04	d4e90213	ldrd	r1,r3,[r4,#0x8]	pb_make_string_substream@000fcdf0
0x000fce08	c5e90002	strd	r0,r2,[r5,#0x0]	pb_make_string_substream@000fcdf0
0x000fce0c	c5e90213	strd	r1,r3,[r5,#0x8]	pb_make_string_substream@000fcdf0
0x000fce10	0098	ldr	r0,[sp,#0x0]	pb_make_string_substream@000fcdf0
0x000fce12	8142	cmp	r1,r0	pb_make_string_substream@000fcdf0
0x000fce14	01d2	bcs	0x000fce1a	pb_make_string_substream@000fcdf0
0x000fce16	0020	movs	r0,#0x0	pb_make_string_substream@000fcdf0
0x000fce18	38bd	pop	{r3,r4,r5,pc}	pb_make_string_substream@000fcdf0
0x000fce1a	a860	str	r0,[r5,#0x8]	pb_make_string_substream@000fcdf0
0x000fce1c	a168	ldr	r1,[r4,#0x8]	pb_make_string_substream@000fcdf0
0x000fce1e	081a	subs	r0,r1,r0	pb_make_string_substream@000fcdf0
0x000fce20	a060	str	r0,[r4,#0x8]	pb_make_string_substream@000fcdf0
0x000fce22	0120	movs	r0,#0x1	pb_make_string_substream@000fcdf0
0x000fce24	38bd	pop	{r3,r4,r5,pc}	pb_make_string_substream@000fcdf0
0x000fce26	00b5	push	{lr}	pb_message_set_to_defaults@000fce26
0x000fce28	0a46	mov	r2,r1	pb_message_set_to_defaults@000fce26
0x000fce2a	87b0	sub	sp,#0x1c	pb_message_set_to_defaults@000fce26
0x000fce2c	0146	mov	r1,r0	pb_message_set_to_defaults@000fce26
0x000fce2e	6846	mov	r0,sp	pb_message_set_to_defaults@000fce26
0x000fce30	fff71aff	bl	0x000fcc68	pb_message_set_to_defaults@000fce26
0x000fce34	0028	cmp	r0,#0x0	pb_message_set_to_defaults@000fce26
0x000fce36	07d0	beq	0x000fce48	pb_message_set_to_defaults@000fce26
0x000fce38	6846	mov	r0,sp	pb_message_set_to_defaults@000fce26
0x000fce3a	fff77cff	bl	0x000fcd36	pb_message_set_to_defaults@000fce26
0x000fce3e	6846	mov	r0,sp	pb_message_set_to_defaults@000fce26
0x000fce40	fff73aff	bl	0x000fccb8	pb_message_set_to_defaults@000fce26
0x000fce44	0028	cmp	r0,#0x0	pb_message_set_to_defaults@000fce26
0x000fce46	f7d1	bne	0x000fce38	pb_message_set_to_defaults@000fce26
0x000fce48	07b0	add	sp,#0x1c	pb_message_set_to_defaults@000fce26
0x000fce4a	00bd	pop	{pc}	pb_message_set_to_defaults@000fce26
0x000fce4c	7fb5	push	{r0,r1,r2,r3,r4,r5,r6,lr}	pb_read@000fce4c
0x000fce4e	1446	mov	r4,r2	pb_read@000fce4c
0x000fce50	0546	mov	r5,r0	pb_read@000fce4c
0x000fce52	a9b9	cbnz	r1,0x000fce80	pb_read@000fce4c
0x000fce54	124a	ldr	r2,[0x000fcea0]	pb_read@000fce4c
0x000fce56	2868	ldr	r0,[r5,#0x0]	pb_read@000fce4c
0x000fce58	9042	cmp	r0,r2	pb_read@000fce4c
0x000fce5a	08d1	bne	0x000fce6e	pb_read@000fce4c
0x000fce5c	10e0	b	0x000fce80	pb_read@000fce4c
0x000fce5e	1022	movs	r2,#0x10	pb_read@000fce4c
0x000fce60	6946	mov	r1,sp	pb_read@000fce4c
0x000fce62	2846	mov	r0,r5	pb_read@000fce4c
0x000fce64	fff7f2ff	bl	0x000fce4c	pb_read@000fce4c
0x000fce68	0028	cmp	r0,#0x0	pb_read@000fce4c
0x000fce6a	07d0	beq	0x000fce7c	pb_read@000fce4c
0x000fce6c	103c	subs	r4,#0x10	pb_read@000fce4c
0x000fce6e	102c	cmp	r4,#0x10	pb_read@000fce4c
0x000fce70	f5d8	bhi	0x000fce5e	pb_read@000fce4c
0x000fce72	2246	mov	r2,r4	pb_read@000fce4c
0x000fce74	6946	mov	r1,sp	pb_read@000fce4c
0x000fce76	2846	mov	r0,r5	pb_read@000fce4c
0x000fce78	fff7e8ff	bl	0x000fce4c	pb_read@000fce4c
0x000fce7c	04b0	add	sp,#0x10	pb_read@000fce4c
0x000fce7e	70bd	pop	{r4,r5,r6,pc}	pb_read@000fce4c
0x000fce80	a868	ldr	r0,[r5,#0x8]	pb_read@000fce4c
0x000fce82	a042	cmp	r0,r4	pb_read@000fce4c
0x000fce84	01d2	bcs	0x000fce8a	pb_read@000fce4c
0x000fce86	0020	movs	r0,#0x0	pb_read@000fce4c
0x000fce88	f8e7	b	0x000fce7c	pb_read@000fce4c
0x000fce8a	2b68	ldr	r3,[r5,#0x0]	pb_read@000fce4c
0x000fce8c	2246	mov	r2,r4	pb_read@000fce4c
0x000fce8e	2846	mov	r0,r5	pb_read@000fce4c
0x000fce90	9847	blx	r3	pb_read@000fce4c
0x000fce92	0028	cmp	r0,#0x0	pb_read@000fce4c
0x000fce94	f2d0	beq	0x000fce7c	pb_read@000fce4c
0x000fce96	a868	ldr	r0,[r5,#0x8]	pb_read@000fce4c
0x000fce98	001b	subs	r0,r0,r4	pb_read@000fce4c
0x000fce9a	a860	str	r0,[r5,#0x8]	pb_read@000fce4c
0x000fce9c	0120	movs	r0,#0x1	pb_read@000fce4c
0x000fce9e	ede7	b	0x000fce7c	pb_read@000fce4c
0x000fcea4	10b5	push	{r4,lr}	pb_readbyte@000fcea4
0x000fcea6	0446	mov	r4,r0	pb_readbyte@000fcea4
0x000fcea8	8068	ldr	r0,[r0,#0x8]	pb_readbyte@000fcea4
0x000fceaa	0028	cmp	r0,#0x0	pb_readbyte@000fcea4
0x000fceac	09d0	beq	0x000fcec2	pb_readbyte@000fcea4
0x000fceae	2368	ldr	r3,[r4,#0x0]	pb_readbyte@000fcea4
0x000fceb0	0122	movs	r2,#0x1	pb_readbyte@000fcea4
0x000fceb2	2046	mov	r0,r4	pb_readbyte@000fcea4
0x000fceb4	9847	blx	r3	pb_readbyte@000fcea4
0x000fceb6	0028	cmp	r0,#0x0	pb_readbyte@000fcea4
0x000fceb8	03d0	beq	0x000fcec2	pb_readbyte@000fcea4
0x000fceba	a068	ldr	r0,[r4,#0x8]	pb_readbyte@000fcea4
0x000fcebc	401e	subs	r0,r0,#0x1	pb_readbyte@000fcea4
0x000fcebe	a060	str	r0,[r4,#0x8]	pb_readbyte@000fcea4
0x000fcec0	0120	movs	r0,#0x1	pb_readbyte@000fcea4
0x000fcec2	10bd	pop	{r4,pc}	pb_readbyte@000fcea4
0x000fcec4	38b5	push	{r3,r4,r5,lr}	pb_skip_field@000fcec4
0x000fcec6	0024	movs	r4,#0x0	pb_skip_field@000fcec4
0x000fcec8	39b1	cbz	r1,0x000fceda	pb_skip_field@000fcec4
0x000fceca	0129	cmp	r1,#0x1	pb_skip_field@000fcec4
0x000fcecc	12d0	beq	0x000fcef4	pb_skip_field@000fcec4
0x000fcece	0229	cmp	r1,#0x2	pb_skip_field@000fcec4
0x000fced0	12d0	beq	0x000fcef8	pb_skip_field@000fcec4
0x000fced2	0529	cmp	r1,#0x5	pb_skip_field@000fcec4
0x000fced4	1dd0	beq	0x000fcf12	pb_skip_field@000fcec4
0x000fced6	0020	movs	r0,#0x0	pb_skip_field@000fcec4
0x000fced8	38bd	pop	{r3,r4,r5,pc}	pb_skip_field@000fcec4
0x000fceda	0546	mov	r5,r0	pb_skip_field@000fcec4
0x000fcedc	0122	movs	r2,#0x1	pb_skip_field@000fcec4
0x000fcede	6946	mov	r1,sp	pb_skip_field@000fcec4
0x000fcee0	2846	mov	r0,r5	pb_skip_field@000fcec4
0x000fcee2	fff7b3ff	bl	0x000fce4c	pb_skip_field@000fcec4
0x000fcee6	90b1	cbz	r0,0x000fcf0e	pb_skip_field@000fcec4
0x000fcee8	9df80000	ldrb.w	r0,[sp,#0x0]	pb_skip_field@000fcec4
0x000fceec	0006	lsls	r0,r0,#0x18	pb_skip_field@000fcec4
0x000fceee	f5d4	bmi	0x000fcedc	pb_skip_field@000fcec4
0x000fcef0	0120	movs	r0,#0x1	pb_skip_field@000fcec4
0x000fcef2	38bd	pop	{r3,r4,r5,pc}	pb_skip_field@000fcec4
0x000fcef4	0822	movs	r2,#0x8	pb_skip_field@000fcec4
0x000fcef6	0de0	b	0x000fcf14	pb_skip_field@000fcec4
0x000fcef8	0546	mov	r5,r0	pb_skip_field@000fcec4
0x000fcefa	6946	mov	r1,sp	pb_skip_field@000fcec4
0x000fcefc	fff770fe	bl	0x000fcbe0	pb_skip_field@000fcec4
0x000fcf00	28b1	cbz	r0,0x000fcf0e	pb_skip_field@000fcec4
0x000fcf02	0021	movs	r1,#0x0	pb_skip_field@000fcec4
0x000fcf04	2846	mov	r0,r5	pb_skip_field@000fcec4
0x000fcf06	009a	ldr	r2,[sp,#0x0]	pb_skip_field@000fcec4
0x000fcf08	fff7a0ff	bl	0x000fce4c	pb_skip_field@000fcec4
0x000fcf0c	38bd	pop	{r3,r4,r5,pc}	pb_skip_field@000fcec4
0x000fcf0e	2046	mov	r0,r4	pb_skip_field@000fcec4
0x000fcf10	38bd	pop	{r3,r4,r5,pc}	pb_skip_field@000fcec4
0x000fcf12	0422	movs	r2,#0x4	pb_skip_field@000fcec4
0x000fcf14	bde83840	pop.w	{r3,r4,r5,lr}	pb_skip_field@000fcec4
0x000fcf18	0021	movs	r1,#0x0	pb_skip_field@000fcec4
0x000fcf1a	fff797bf	b.w	0x000fce4c	pb_skip_field@000fcec4
0x000fcf20	2de9f04f	push	{r4,r5,r6,r7,r8,r9,r10,r11,lr}	nrf_dfu_validation_postvalidate_impl@000fcf20
0x000fcf24	8146	mov	r9,r0	nrf_dfu_validation_postvalidate_impl@000fcf20
0x000fcf26	2f48	ldr	r0,[0x000fcfe4]	nrf_dfu_validation_postvalidate_impl@000fcf20
0x000fcf28	1746	mov	r7,r2	nrf_dfu_validation_postvalidate_impl@000fcf20
0x000fcf2a	0e46	mov	r6,r1	nrf_dfu_validation_postvalidate_impl@000fcf20
0x000fcf2c	c468	ldr	r4,[r0,#0xc]	nrf_dfu_validation_postvalidate_impl@000fcf20
0x000fcf2e	0a46	mov	r2,r1	nrf_dfu_validation_postvalidate_impl@000fcf20
0x000fcf30	93b0	sub	sp,#0x4c	nrf_dfu_validation_postvalidate_impl@000fcf20
0x000fcf32	0125	movs	r5,#0x1	nrf_dfu_validation_postvalidate_impl@000fcf20
0x000fcf34	4946	mov	r1,r9	nrf_dfu_validation_postvalidate_impl@000fcf20
0x000fcf36	2046	mov	r0,r4	nrf_dfu_validation_postvalidate_impl@000fcf20
0x000fcf38	fdf7e0fd	bl	0x000faafc	nrf_dfu_validation_postvalidate_impl@000fcf20
0x000fcf3c	dff8a880	ldr.w	r8,[0x000fcfe8]	nrf_dfu_validation_postvalidate_impl@000fcf20
0x000fcf40	aa46	mov	r10,r5	nrf_dfu_validation_postvalidate_impl@000fcf20
0x000fcf42	70b1	cbz	r0,0x000fcf62	nrf_dfu_validation_postvalidate_impl@000fcf20
0x000fcf44	94f85500	ldrb.w	r0,[r4,#0x55]	nrf_dfu_validation_postvalidate_impl@000fcf20
0x000fcf48	68b1	cbz	r0,0x000fcf66	nrf_dfu_validation_postvalidate_impl@000fcf20
0x000fcf4a	00f00101	and	r1,r0,#0x1	nrf_dfu_validation_postvalidate_impl@000fcf20
0x000fcf4e	c0f34002	ubfx	r2,r0,#0x1,#0x1	nrf_dfu_validation_postvalidate_impl@000fcf20
0x000fcf52	4b46	mov	r3,r9	nrf_dfu_validation_postvalidate_impl@000fcf20
0x000fcf54	2046	mov	r0,r4	nrf_dfu_validation_postvalidate_impl@000fcf20
0x000fcf56	cde90067	strd	r6,r7,[sp,#0x0]	nrf_dfu_validation_postvalidate_impl@000fcf20
0x000fcf5a	00f049f8	bl	0x000fcff0	nrf_dfu_validation_postvalidate_impl@000fcf20
0x000fcf5e	08b3	cbz	r0,0x000fcfa4	nrf_dfu_validation_postvalidate_impl@000fcf20
0x000fcf60	21e0	b	0x000fcfa6	nrf_dfu_validation_postvalidate_impl@000fcf20
0x000fcf62	1725	movs	r5,#0x17	nrf_dfu_validation_postvalidate_impl@000fcf20
0x000fcf64	1fe0	b	0x000fcfa6	nrf_dfu_validation_postvalidate_impl@000fcf20
0x000fcf66	cde9006a	strd	r6,r10,[sp,#0x0]	nrf_dfu_validation_postvalidate_impl@000fcf20
0x000fcf6a	4b46	mov	r3,r9	nrf_dfu_validation_postvalidate_impl@000fcf20
0x000fcf6c	0022	movs	r2,#0x0	nrf_dfu_validation_postvalidate_impl@000fcf20
0x000fcf6e	2146	mov	r1,r4	nrf_dfu_validation_postvalidate_impl@000fcf20
0x000fcf70	02a8	add	r0,sp,#0x8	nrf_dfu_validation_postvalidate_impl@000fcf20
0x000fcf72	fdf74bfa	bl	0x000fa40c	nrf_dfu_validation_postvalidate_impl@000fcf20
0x000fcf76	4ff0000b	mov.w	r11,#0x0	nrf_dfu_validation_postvalidate_impl@000fcf20
0x000fcf7a	98b1	cbz	r0,0x000fcfa4	nrf_dfu_validation_postvalidate_impl@000fcf20
0x000fcf7c	3fb3	cbz	r7,0x000fcfce	nrf_dfu_validation_postvalidate_impl@000fcf20
0x000fcf7e	4122	movs	r2,#0x41	nrf_dfu_validation_postvalidate_impl@000fcf20
0x000fcf80	02a9	add	r1,sp,#0x8	nrf_dfu_validation_postvalidate_impl@000fcf20
0x000fcf82	1a48	ldr	r0,[0x000fcfec]	nrf_dfu_validation_postvalidate_impl@000fcf20
0x000fcf84	fbf749fa	bl	0x000f841a	nrf_dfu_validation_postvalidate_impl@000fcf20
0x000fcf88	c8f820b0	str.w	r11,[r8,#0x20]	nrf_dfu_validation_postvalidate_impl@000fcf20
0x000fcf8c	c8f82ca0	str.w	r10,[r8,#0x2c]	nrf_dfu_validation_postvalidate_impl@000fcf20
0x000fcf90	94f89210	ldrb.w	r1,[r4,#0x92]	nrf_dfu_validation_postvalidate_impl@000fcf20
0x000fcf94	11b1	cbz	r1,0x000fcf9c	nrf_dfu_validation_postvalidate_impl@000fcf20
0x000fcf96	94f89310	ldrb.w	r1,[r4,#0x93]	nrf_dfu_validation_postvalidate_impl@000fcf20
0x000fcf9a	d9b9	cbnz	r1,0x000fcfd4	nrf_dfu_validation_postvalidate_impl@000fcf20
0x000fcf9c	6168	ldr	r1,[r4,#0x4]	nrf_dfu_validation_postvalidate_impl@000fcf20
0x000fcf9e	c8f80810	str.w	r1,[r8,#0x8]	nrf_dfu_validation_postvalidate_impl@000fcf20
0x000fcfa2	17e0	b	0x000fcfd4	nrf_dfu_validation_postvalidate_impl@000fcf20
0x000fcfa4	0525	movs	r5,#0x5	nrf_dfu_validation_postvalidate_impl@000fcf20
0x000fcfa6	6fb1	cbz	r7,0x000fcfc4	nrf_dfu_validation_postvalidate_impl@000fcf20
0x000fcfa8	012d	cmp	r5,#0x1	nrf_dfu_validation_postvalidate_impl@000fcf20
0x000fcfaa	13d0	beq	0x000fcfd4	nrf_dfu_validation_postvalidate_impl@000fcf20
0x000fcfac	0e48	ldr	r0,[0x000fcfe8]	nrf_dfu_validation_postvalidate_impl@000fcf20
0x000fcfae	2430	adds	r0,#0x24	nrf_dfu_validation_postvalidate_impl@000fcf20
0x000fcfb0	fef7b2fa	bl	0x000fb518	nrf_dfu_validation_postvalidate_impl@000fcf20
0x000fcfb4	fef7fcfc	bl	0x000fb9b0	nrf_dfu_validation_postvalidate_impl@000fcf20
0x000fcfb8	c8f84890	str.w	r9,[r8,#0x48]	nrf_dfu_validation_postvalidate_impl@000fcf20
0x000fcfbc	13b0	add	sp,#0x4c	nrf_dfu_validation_postvalidate_impl@000fcf20
0x000fcfbe	2846	mov	r0,r5	nrf_dfu_validation_postvalidate_impl@000fcf20
0x000fcfc0	bde8f08f	pop.w	{r4,r5,r6,r7,r8,r9,r10,r11,pc}	nrf_dfu_validation_postvalidate_impl@000fcf20
0x000fcfc4	012d	cmp	r5,#0x1	nrf_dfu_validation_postvalidate_impl@000fcf20
0x000fcfc6	02d0	beq	0x000fcfce	nrf_dfu_validation_postvalidate_impl@000fcf20
0x000fcfc8	fef7f2fc	bl	0x000fb9b0	nrf_dfu_validation_postvalidate_impl@000fcf20
0x000fcfcc	f6e7	b	0x000fcfbc	nrf_dfu_validation_postvalidate_impl@000fcf20
0x000fcfce	c8f814a0	str.w	r10,[r8,#0x14]	nrf_dfu_validation_postvalidate_impl@000fcf20
0x000fcfd2	f3e7	b	0x000fcfbc	nrf_dfu_validation_postvalidate_impl@000fcf20
0x000fcfd4	0022	movs	r2,#0x0	nrf_dfu_validation_postvalidate_impl@000fcf20
0x000fcfd6	3146	mov	r1,r6	nrf_dfu_validation_postvalidate_impl@000fcf20
0x000fcfd8	4846	mov	r0,r9	nrf_dfu_validation_postvalidate_impl@000fcf20
0x000fcfda	fdf73ffb	bl	0x000fa65c	nrf_dfu_validation_postvalidate_impl@000fcf20
0x000fcfde	c8e90960	strd	r6,r0,[r8,#0x24]	nrf_dfu_validation_postvalidate_impl@000fcf20
0x000fcfe2	e7e7	b	0x000fcfb4	nrf_dfu_validation_postvalidate_impl@000fcf20
0x000fcff0	2de9f047	push	{r4,r5,r6,r7,r8,r9,r10,lr}	postvalidate@000fcff0
0x000fcff4	a4b0	sub	sp,#0x90	postvalidate@000fcff0
0x000fcff6	8846	mov	r8,r1	postvalidate@000fcff0
0x000fcff8	dde92c5a	ldrd	r5,r10,[sp,#0xb0]	postvalidate@000fcff0
0x000fcffc	0446	mov	r4,r0	postvalidate@000fcff0
0x000fcffe	9946	mov	r9,r3	postvalidate@000fcff0
0x000fd000	1646	mov	r6,r2	postvalidate@000fcff0
0x000fd002	4421	movs	r1,#0x44	postvalidate@000fcff0
0x000fd004	02a8	add	r0,sp,#0x8	postvalidate@000fcff0
0x000fd006	fbf730fa	bl	0x000f846a	postvalidate@000fcff0
0x000fd00a	4421	movs	r1,#0x44	postvalidate@000fcff0
0x000fd00c	13a8	add	r0,sp,#0x4c	postvalidate@000fcff0
0x000fd00e	fbf72cfa	bl	0x000f846a	postvalidate@000fcff0
0x000fd012	4f46	mov	r7,r9	postvalidate@000fcff0
0x000fd014	b8f1000f	cmp.w	r8,#0x0	postvalidate@000fcff0
0x000fd018	24d0	beq	0x000fd064	postvalidate@000fcff0
0x000fd01a	09f50051	add.w	r1,r9,#0x2000	postvalidate@000fcff0
0x000fd01e	314b	ldr	r3,[0x000fd0e4]	postvalidate@000fcff0
0x000fd020	4a68	ldr	r2,[r1,#0x4]	postvalidate@000fcff0
0x000fd022	a06d	ldr	r0,[r4,#0x58]	postvalidate@000fcff0
0x000fd024	9a42	cmp	r2,r3	postvalidate@000fcff0
0x000fd026	41d1	bne	0x000fd0ac	postvalidate@000fcff0
0x000fd028	8a68	ldr	r2,[r1,#0x8]	postvalidate@000fcff0
0x000fd02a	411e	subs	r1,r0,#0x1	postvalidate@000fcff0
0x000fd02c	c1f30b01	ubfx	r1,r1,#0x0,#0xc	postvalidate@000fcff0
0x000fd030	401a	subs	r0,r0,r1	postvalidate@000fcff0
0x000fd032	41f6ff71	movw	r1,#0x1fff	postvalidate@000fcff0
0x000fd036	0844	add	r0,r1	postvalidate@000fcff0
0x000fd038	8242	cmp	r2,r0	postvalidate@000fcff0
0x000fd03a	37d3	bcc	0x000fd0ac	postvalidate@000fcff0
0x000fd03c	4846	mov	r0,r9	postvalidate@000fcff0
0x000fd03e	fdf77bfe	bl	0x000fad38	postvalidate@000fcff0
0x000fd042	00b1	cbz	r0,0x000fd046	postvalidate@000fcff0
0x000fd044	8eb3	cbz	r6,0x000fd0aa	postvalidate@000fcff0
0x000fd046	0121	movs	r1,#0x1	postvalidate@000fcff0
0x000fd048	a06d	ldr	r0,[r4,#0x58]	postvalidate@000fcff0
0x000fd04a	cde90001	strd	r0,r1,[sp,#0x0]	postvalidate@000fcff0
0x000fd04e	4b46	mov	r3,r9	postvalidate@000fcff0
0x000fd050	0022	movs	r2,#0x0	postvalidate@000fcff0
0x000fd052	2146	mov	r1,r4	postvalidate@000fcff0
0x000fd054	02a8	add	r0,sp,#0x8	postvalidate@000fcff0
0x000fd056	fdf7d9f9	bl	0x000fa40c	postvalidate@000fcff0
0x000fd05a	0028	cmp	r0,#0x0	postvalidate@000fcff0
0x000fd05c	27d0	beq	0x000fd0ae	postvalidate@000fcff0
0x000fd05e	a06d	ldr	r0,[r4,#0x58]	postvalidate@000fcff0
0x000fd060	0744	add	r7,r0	postvalidate@000fcff0
0x000fd062	2d1a	subs	r5,r5,r0	postvalidate@000fcff0
0x000fd064	56b1	cbz	r6,0x000fd07c	postvalidate@000fcff0
0x000fd066	0020	movs	r0,#0x0	postvalidate@000fcff0
0x000fd068	cde90050	strd	r5,r0,[sp,#0x0]	postvalidate@000fcff0
0x000fd06c	3b46	mov	r3,r7	postvalidate@000fcff0
0x000fd06e	4246	mov	r2,r8	postvalidate@000fcff0
0x000fd070	2146	mov	r1,r4	postvalidate@000fcff0
0x000fd072	13a8	add	r0,sp,#0x4c	postvalidate@000fcff0
0x000fd074	fdf7caf9	bl	0x000fa40c	postvalidate@000fcff0
0x000fd078	0028	cmp	r0,#0x0	postvalidate@000fcff0
0x000fd07a	18d0	beq	0x000fd0ae	postvalidate@000fcff0
0x000fd07c	baf1000f	cmp.w	r10,#0x0	postvalidate@000fcff0
0x000fd080	2ed0	beq	0x000fd0e0	postvalidate@000fcff0
0x000fd082	194d	ldr	r5,[0x000fd0e8]	postvalidate@000fcff0
0x000fd084	b8f1000f	cmp.w	r8,#0x0	postvalidate@000fcff0
0x000fd088	19d0	beq	0x000fd0be	postvalidate@000fcff0
0x000fd08a	4846	mov	r0,r9	postvalidate@000fcff0
0x000fd08c	fdf754fe	bl	0x000fad38	postvalidate@000fcff0
0x000fd090	18b1	cbz	r0,0x000fd09a	postvalidate@000fcff0
0x000fd092	05f11800	add.w	r0,r5,#0x18	postvalidate@000fcff0
0x000fd096	fef73ffa	bl	0x000fb518	postvalidate@000fcff0
0x000fd09a	4122	movs	r2,#0x41	postvalidate@000fcff0
0x000fd09c	02a9	add	r1,sp,#0x8	postvalidate@000fcff0
0x000fd09e	1348	ldr	r0,[0x000fd0ec]	postvalidate@000fcff0
0x000fd0a0	fbf7bbf9	bl	0x000f841a	postvalidate@000fcff0
0x000fd0a4	36b1	cbz	r6,0x000fd0b4	postvalidate@000fcff0
0x000fd0a6	ac20	movs	r0,#0xac	postvalidate@000fcff0
0x000fd0a8	05e0	b	0x000fd0b6	postvalidate@000fcff0
0x000fd0aa	ffe7	b	0x000fd0ac	postvalidate@000fcff0
0x000fd0ac	0020	movs	r0,#0x0	postvalidate@000fcff0
0x000fd0ae	24b0	add	sp,#0x90	postvalidate@000fcff0
0x000fd0b0	bde8f087	pop.w	{r4,r5,r6,r7,r8,r9,r10,pc}	postvalidate@000fcff0
0x000fd0b4	a520	movs	r0,#0xa5	postvalidate@000fcff0
0x000fd0b6	e862	str	r0,[r5,#0x2c]	postvalidate@000fcff0
0x000fd0b8	a06d	ldr	r0,[r4,#0x58]	postvalidate@000fcff0
0x000fd0ba	6863	str	r0,[r5,#0x34]	postvalidate@000fcff0
0x000fd0bc	01e0	b	0x000fd0c2	postvalidate@000fcff0
0x000fd0be	aa20	movs	r0,#0xaa	postvalidate@000fcff0
0x000fd0c0	e862	str	r0,[r5,#0x2c]	postvalidate@000fcff0
0x000fd0c2	6eb1	cbz	r6,0x000fd0e0	postvalidate@000fcff0
0x000fd0c4	0948	ldr	r0,[0x000fd0ec]	postvalidate@000fcff0
0x000fd0c6	4122	movs	r2,#0x41	postvalidate@000fcff0
0x000fd0c8	13a9	add	r1,sp,#0x4c	postvalidate@000fcff0
0x000fd0ca	8230	adds	r0,#0x82	postvalidate@000fcff0
0x000fd0cc	fbf7a5f9	bl	0x000f841a	postvalidate@000fcff0
0x000fd0d0	94f89200	ldrb.w	r0,[r4,#0x92]	postvalidate@000fcff0
0x000fd0d4	10b1	cbz	r0,0x000fd0dc	postvalidate@000fcff0
0x000fd0d6	94f89300	ldrb.w	r0,[r4,#0x93]	postvalidate@000fcff0
0x000fd0da	08b9	cbnz	r0,0x000fd0e0	postvalidate@000fcff0
0x000fd0dc	6068	ldr	r0,[r4,#0x4]	postvalidate@000fcff0
0x000fd0de	e860	str	r0,[r5,#0xc]	postvalidate@000fcff0
0x000fd0e0	0120	movs	r0,#0x1	postvalidate@000fcff0
0x000fd0e2	e4e7	b	0x000fd0ae	postvalidate@000fcff0
0x000fd0f0	0348	ldr	r0,[0x000fd100]	queue_free@000fd0f0
0x000fd0f2	0249	ldr	r1,[0x000fd0fc]	queue_free@000fd0f0
0x000fd0f4	0068	ldr	r0,[r0,#0x0]	queue_free@000fd0f0
0x000fd0f6	fdf7a5be	b.w	0x000fae44	queue_free@000fd0f0
0x000fd104	2de9f041	push	{r4,r5,r6,r7,r8,lr}	queue_process@000fd104
0x000fd108	224c	ldr	r4,[0x000fd194]	queue_process@000fd104
0x000fd10a	0025	movs	r5,#0x0	queue_process@000fd104
0x000fd10c	224e	ldr	r6,[0x000fd198]	queue_process@000fd104
0x000fd10e	207a	ldrb	r0,[r4,#0x8]	queue_process@000fd104
0x000fd110	0127	movs	r7,#0x1	queue_process@000fd104
0x000fd112	30b9	cbnz	r0,0x000fd122	queue_process@000fd104
0x000fd114	2148	ldr	r0,[0x000fd19c]	queue_process@000fd104
0x000fd116	311d	adds	r1,r6,#0x4	queue_process@000fd104
0x000fd118	0068	ldr	r0,[r0,#0x0]	queue_process@000fd104
0x000fd11a	fdf79efe	bl	0x000fae5a	queue_process@000fd104
0x000fd11e	3060	str	r0,[r6,#0x0]	queue_process@000fd104
0x000fd120	38b1	cbz	r0,0x000fd132	queue_process@000fd104
0x000fd122	0220	movs	r0,#0x2	queue_process@000fd104
0x000fd124	2072	strb	r0,[r4,#0x8]	queue_process@000fd104
0x000fd126	3168	ldr	r1,[r6,#0x0]	queue_process@000fd104
0x000fd128	0879	ldrb	r0,[r1,#0x4]	queue_process@000fd104
0x000fd12a	28b1	cbz	r0,0x000fd138	queue_process@000fd104
0x000fd12c	0128	cmp	r0,#0x1	queue_process@000fd104
0x000fd12e	1cd1	bne	0x000fd16a	queue_process@000fd104
0x000fd130	14e0	b	0x000fd15c	queue_process@000fd104
0x000fd132	6560	str	r5,[r4,#0x4]	queue_process@000fd104
0x000fd134	bde8f081	pop.w	{r4,r5,r6,r7,r8,pc}	queue_process@000fd104
0x000fd138	d1e90503	ldrd	r0,r3,[r1,#0x14]	queue_process@000fd104
0x000fd13c	c01a	subs	r0,r0,r3	queue_process@000fd104
0x000fd13e	1428	cmp	r0,#0x14	queue_process@000fd104
0x000fd140	00d3	bcc	0x000fd144	queue_process@000fd104
0x000fd142	1420	movs	r0,#0x14	queue_process@000fd104
0x000fd144	b7eb900f	cmp.w	r7,r0, lsr #0x2	queue_process@000fd104
0x000fd148	01d2	bcs	0x000fd14e	queue_process@000fd104
0x000fd14a	8208	lsrs	r2,r0,#0x2	queue_process@000fd104
0x000fd14c	00e0	b	0x000fd150	queue_process@000fd104
0x000fd14e	0122	movs	r2,#0x1	queue_process@000fd104
0x000fd150	0869	ldr	r0,[r1,#0x10]	queue_process@000fd104
0x000fd152	c968	ldr	r1,[r1,#0xc]	queue_process@000fd104
0x000fd154	1844	add	r0,r3	queue_process@000fd104
0x000fd156	1944	add	r1,r3	queue_process@000fd104
0x000fd158	29df	svc	0x29	queue_process@000fd104
0x000fd15a	03e0	b	0x000fd164	queue_process@000fd104
0x000fd15c	d1e90301	ldrd	r0,r1,[r1,#0xc]	queue_process@000fd104
0x000fd160	0844	add	r0,r1	queue_process@000fd104
0x000fd162	28df	svc	0x28	queue_process@000fd104
0x000fd164	58b1	cbz	r0,0x000fd17e	queue_process@000fd104
0x000fd166	1128	cmp	r0,#0x11	queue_process@000fd104
0x000fd168	12d0	beq	0x000fd190	queue_process@000fd104
0x000fd16a	0321	movs	r1,#0x3	queue_process@000fd104
0x000fd16c	3068	ldr	r0,[r6,#0x0]	queue_process@000fd104
0x000fd16e	fdf77afc	bl	0x000faa66	queue_process@000fd104
0x000fd172	2572	strb	r5,[r4,#0x8]	queue_process@000fd104
0x000fd174	6560	str	r5,[r4,#0x4]	queue_process@000fd104
0x000fd176	bde8f041	pop.w	{r4,r5,r6,r7,r8,lr}	queue_process@000fd104
0x000fd17a	fff7b9bf	b.w	0x000fd0f0	queue_process@000fd104
0x000fd17e	207c	ldrb	r0,[r4,#0x10]	queue_process@000fd104
0x000fd180	0028	cmp	r0,#0x0	queue_process@000fd104
0x000fd182	d7d1	bne	0x000fd134	queue_process@000fd104
0x000fd184	bde8f041	pop.w	{r4,r5,r6,r7,r8,lr}	queue_process@000fd104
0x000fd188	0021	movs	r1,#0x0	queue_process@000fd104
0x000fd18a	0220	movs	r0,#0x2	queue_process@000fd104
0x000fd18c	fef700bf	b.w	0x000fbf90	queue_process@000fd104
0x000fd190	2772	strb	r7,[r4,#0x8]	queue_process@000fd104
0x000fd192	cfe7	b	0x000fd134	queue_process@000fd104
0x000fd1a0	10b5	push	{r4,lr}	queue_start@000fd1a0
0x000fd1a2	074c	ldr	r4,[0x000fd1c0]	queue_start@000fd1a0
0x000fd1a4	201d	adds	r0,r4,#0x4	queue_start@000fd1a0
0x000fd1a6	fdf771fe	bl	0x000fae8c	queue_start@000fd1a0
0x000fd1aa	0028	cmp	r0,#0x0	queue_start@000fd1a0
0x000fd1ac	06d1	bne	0x000fd1bc	queue_start@000fd1a0
0x000fd1ae	607c	ldrb	r0,[r4,#0x11]	queue_start@000fd1a0
0x000fd1b0	0028	cmp	r0,#0x0	queue_start@000fd1a0
0x000fd1b2	03d1	bne	0x000fd1bc	queue_start@000fd1a0
0x000fd1b4	bde81040	pop.w	{r4,lr}	queue_start@000fd1a0
0x000fd1b8	fff7a4bf	b.w	0x000fd104	queue_start@000fd1a0
0x000fd1bc	10bd	pop	{r4,pc}	queue_start@000fd1a0
0x000fd1c4	10b5	push	{r4,lr}	nrf_fstorage_nvmc_read@000fd1c4
0x000fd1c6	1046	mov	r0,r2	nrf_fstorage_nvmc_read@000fd1c4
0x000fd1c8	1a46	mov	r2,r3	nrf_fstorage_nvmc_read@000fd1c4
0x000fd1ca	fbf726f9	bl	0x000f841a	nrf_fstorage_nvmc_read@000fd1c4
0x000fd1ce	0020	movs	r0,#0x0	nrf_fstorage_nvmc_read@000fd1c4
0x000fd1d0	10bd	pop	{r4,pc}	nrf_fstorage_nvmc_read@000fd1c4
0x000fd1d2	10b5	push	{r4,lr}	nrf_fstorage_sd_read@000fd1d2
0x000fd1d4	1046	mov	r0,r2	nrf_fstorage_sd_read@000fd1d2
0x000fd1d6	1a46	mov	r2,r3	nrf_fstorage_sd_read@000fd1d2
0x000fd1d8	fbf71ff9	bl	0x000f841a	nrf_fstorage_sd_read@000fd1d2
0x000fd1dc	0020	movs	r0,#0x0	nrf_fstorage_sd_read@000fd1d2
0x000fd1de	10bd	pop	{r4,pc}	nrf_fstorage_sd_read@000fd1d2
0x000fd1e0	2de9f041	push	{r4,r5,r6,r7,r8,lr}	read_raw_value@000fd1e0
0x000fd1e4	1e68	ldr	r6,[r3,#0x0]	read_raw_value@000fd1e0
0x000fd1e6	1c46	mov	r4,r3	read_raw_value@000fd1e0
0x000fd1e8	1546	mov	r5,r2	read_raw_value@000fd1e0
0x000fd1ea	0746	mov	r7,r0	read_raw_value@000fd1e0
0x000fd1ec	21b1	cbz	r1,0x000fd1f8	read_raw_value@000fd1e0
0x000fd1ee	0129	cmp	r1,#0x1	read_raw_value@000fd1e0
0x000fd1f0	18d0	beq	0x000fd224	read_raw_value@000fd1e0
0x000fd1f2	0529	cmp	r1,#0x5	read_raw_value@000fd1e0
0x000fd1f4	23d1	bne	0x000fd23e	read_raw_value@000fd1e0
0x000fd1f6	19e0	b	0x000fd22c	read_raw_value@000fd1e0
0x000fd1f8	0020	movs	r0,#0x0	read_raw_value@000fd1e0
0x000fd1fa	2060	str	r0,[r4,#0x0]	read_raw_value@000fd1e0
0x000fd1fc	401c	adds	r0,r0,#0x1	read_raw_value@000fd1e0
0x000fd1fe	2060	str	r0,[r4,#0x0]	read_raw_value@000fd1e0
0x000fd200	b042	cmp	r0,r6	read_raw_value@000fd1e0
0x000fd202	1cd8	bhi	0x000fd23e	read_raw_value@000fd1e0
0x000fd204	0122	movs	r2,#0x1	read_raw_value@000fd1e0
0x000fd206	2946	mov	r1,r5	read_raw_value@000fd1e0
0x000fd208	3846	mov	r0,r7	read_raw_value@000fd1e0
0x000fd20a	fff71ffe	bl	0x000fce4c	read_raw_value@000fd1e0
0x000fd20e	0028	cmp	r0,#0x0	read_raw_value@000fd1e0
0x000fd210	06d0	beq	0x000fd220	read_raw_value@000fd1e0
0x000fd212	15f8010b	ldrb.w	r0,[r5],#0x1	read_raw_value@000fd1e0
0x000fd216	0006	lsls	r0,r0,#0x18	read_raw_value@000fd1e0
0x000fd218	01d5	bpl	0x000fd21e	read_raw_value@000fd1e0
0x000fd21a	2068	ldr	r0,[r4,#0x0]	read_raw_value@000fd1e0
0x000fd21c	eee7	b	0x000fd1fc	read_raw_value@000fd1e0
0x000fd21e	0120	movs	r0,#0x1	read_raw_value@000fd1e0
0x000fd220	bde8f081	pop.w	{r4,r5,r6,r7,r8,pc}	read_raw_value@000fd1e0
0x000fd224	0820	movs	r0,#0x8	read_raw_value@000fd1e0
0x000fd226	0246	mov	r2,r0	read_raw_value@000fd1e0
0x000fd228	1860	str	r0,[r3,#0x0]	read_raw_value@000fd1e0
0x000fd22a	02e0	b	0x000fd232	read_raw_value@000fd1e0
0x000fd22c	0420	movs	r0,#0x4	read_raw_value@000fd1e0
0x000fd22e	0246	mov	r2,r0	read_raw_value@000fd1e0
0x000fd230	1860	str	r0,[r3,#0x0]	read_raw_value@000fd1e0
0x000fd232	2946	mov	r1,r5	read_raw_value@000fd1e0
0x000fd234	3846	mov	r0,r7	read_raw_value@000fd1e0
0x000fd236	bde8f041	pop.w	{r4,r5,r6,r7,r8,lr}	read_raw_value@000fd1e0
0x000fd23a	fff707be	b.w	0x000fce4c	read_raw_value@000fd1e0
0x000fd23e	0020	movs	r0,#0x0	read_raw_value@000fd1e0
0x000fd240	eee7	b	0x000fd220	read_raw_value@000fd1e0
0x000fd242	70b5	push	{r4,r5,r6,lr}	response_crc_add@000fd242
0x000fd244	1646	mov	r6,r2	response_crc_add@000fd242
0x000fd246	0a46	mov	r2,r1	response_crc_add@000fd242
0x000fd248	0446	mov	r4,r0	response_crc_add@000fd242
0x000fd24a	c11c	adds	r1,r0,#0x3	response_crc_add@000fd242
0x000fd24c	1046	mov	r0,r2	response_crc_add@000fd242
0x000fd24e	00f03ffa	bl	0x000fd6d0	response_crc_add@000fd242
0x000fd252	0546	mov	r5,r0	response_crc_add@000fd242
0x000fd254	6119	adds	r1,r4,r5	response_crc_add@000fd242
0x000fd256	3046	mov	r0,r6	response_crc_add@000fd242
0x000fd258	c91c	adds	r1,r1,#0x3	response_crc_add@000fd242
0x000fd25a	00f039fa	bl	0x000fd6d0	response_crc_add@000fd242
0x000fd25e	2844	add	r0,r5	response_crc_add@000fd242
0x000fd260	70bd	pop	{r4,r5,r6,pc}	response_crc_add@000fd242
0x000fd264	03b5	push	{r0,r1,lr}	response_send@000fd264
0x000fd266	094a	ldr	r2,[0x000fd28c]	response_send@000fd264
0x000fd268	85b0	sub	sp,#0x14	response_send@000fd264
0x000fd26a	d2e91612	ldrd	r1,r2,[r2,#0x58]	response_send@000fd264
0x000fd26e	cde90012	strd	r1,r2,[sp,#0x0]	response_send@000fd264
0x000fd272	0749	ldr	r1,[0x000fd290]	response_send@000fd264
0x000fd274	8989	ldrh	r1,[r1,#0xc]	response_send@000fd264
0x000fd276	adf80010	strh.w	r1,[sp,#0x0]	response_send@000fd264
0x000fd27a	06a9	add	r1,sp,#0x18	response_send@000fd264
0x000fd27c	cde90210	strd	r1,r0,[sp,#0x8]	response_send@000fd264
0x000fd280	0448	ldr	r0,[0x000fd294]	response_send@000fd264
0x000fd282	6946	mov	r1,sp	response_send@000fd264
0x000fd284	4088	ldrh	r0,[r0,#0x2]	response_send@000fd264
0x000fd286	aedf	svc	0xae	response_send@000fd264
0x000fd288	07b0	add	sp,#0x1c	response_send@000fd264
0x000fd28a	00bd	pop	{pc}	response_send@000fd264
0x000fd298	0846	mov	r0,r1	nrf_fstorage_nvmc_rmap@000fd298
0x000fd29a	7047	bx	lr	nrf_fstorage_nvmc_rmap@000fd298
0x000fd29c	0846	mov	r0,r1	nrf_fstorage_sd_rmap@000fd29c
0x000fd29e	7047	bx	lr	nrf_fstorage_sd_rmap@000fd29c
0x000fd2a0	70b5	push	{r4,r5,r6,lr}	nrf_bootloader_sd_activate@000fd2a0
0x000fd2a2	fef72dfc	bl	0x000fbb00	nrf_bootloader_sd_activate@000fd2a0
0x000fd2a6	114a	ldr	r2,[0x000fd2ec]	nrf_bootloader_sd_activate@000fd2a0
0x000fd2a8	114e	ldr	r6,[0x000fd2f0]	nrf_bootloader_sd_activate@000fd2a0
0x000fd2aa	136b	ldr	r3,[r2,#0x30]	nrf_bootloader_sd_activate@000fd2a0
0x000fd2ac	546b	ldr	r4,[r2,#0x34]	nrf_bootloader_sd_activate@000fd2a0
0x000fd2ae	916c	ldr	r1,[r2,#0x48]	nrf_bootloader_sd_activate@000fd2a0
0x000fd2b0	e21a	subs	r2,r4,r3	nrf_bootloader_sd_activate@000fd2a0
0x000fd2b2	551e	subs	r5,r2,#0x1	nrf_bootloader_sd_activate@000fd2a0
0x000fd2b4	c5f30b05	ubfx	r5,r5,#0x0,#0xc	nrf_bootloader_sd_activate@000fd2a0
0x000fd2b8	521b	subs	r2,r2,r5	nrf_bootloader_sd_activate@000fd2a0
0x000fd2ba	42f20405	movw	r5,#0x2004	nrf_bootloader_sd_activate@000fd2a0
0x000fd2be	1844	add	r0,r3	nrf_bootloader_sd_activate@000fd2a0
0x000fd2c0	6d58	ldr	r5,[r5,r1]	nrf_bootloader_sd_activate@000fd2a0
0x000fd2c2	02f6ff72	addw	r2,r2,#0xfff	nrf_bootloader_sd_activate@000fd2a0
0x000fd2c6	b542	cmp	r5,r6	nrf_bootloader_sd_activate@000fd2a0
0x000fd2c8	01d0	beq	0x000fd2ce	nrf_bootloader_sd_activate@000fd2a0
0x000fd2ca	0320	movs	r0,#0x3	nrf_bootloader_sd_activate@000fd2a0
0x000fd2cc	70bd	pop	{r4,r5,r6,pc}	nrf_bootloader_sd_activate@000fd2a0
0x000fd2ce	1944	add	r1,r3	nrf_bootloader_sd_activate@000fd2a0
0x000fd2d0	a342	cmp	r3,r4	nrf_bootloader_sd_activate@000fd2a0
0x000fd2d2	01d1	bne	0x000fd2d8	nrf_bootloader_sd_activate@000fd2a0
0x000fd2d4	0020	movs	r0,#0x0	nrf_bootloader_sd_activate@000fd2a0
0x000fd2d6	70bd	pop	{r4,r5,r6,pc}	nrf_bootloader_sd_activate@000fd2a0
0x000fd2d8	0823	movs	r3,#0x8	nrf_bootloader_sd_activate@000fd2a0
0x000fd2da	fdf7affc	bl	0x000fac3c	nrf_bootloader_sd_activate@000fd2a0
0x000fd2de	0028	cmp	r0,#0x0	nrf_bootloader_sd_activate@000fd2a0
0x000fd2e0	f9d1	bne	0x000fd2d6	nrf_bootloader_sd_activate@000fd2a0
0x000fd2e2	bde87040	pop.w	{r4,r5,r6,lr}	nrf_bootloader_sd_activate@000fd2a0
0x000fd2e6	fef7fbbb	b.w	0x000fbae0	nrf_bootloader_sd_activate@000fd2a0
0x000fd2f4	f0b5	push	{r4,r5,r6,r7,lr}	sd_req_check@000fd2f4
0x000fd2f6	0546	mov	r5,r0	sd_req_check@000fd2f4
0x000fd2f8	0020	movs	r0,#0x0	sd_req_check@000fd2f4
0x000fd2fa	0346	mov	r3,r0	sd_req_check@000fd2f4
0x000fd2fc	4ff44054	mov.w	r4,#0x3000	sd_req_check@000fd2f4
0x000fd300	0c4e	ldr	r6,[0x000fd334]	sd_req_check@000fd2f4
0x000fd302	4ff6fe77	movw	r7,#0xfffe	sd_req_check@000fd2f4
0x000fd306	12e0	b	0x000fd32e	sd_req_check@000fd2f4
0x000fd308	d4f804c0	ldr.w	r12,[r4,#0x4]	sd_req_check@000fd2f4
0x000fd30c	b445	cmp	r12,r6	sd_req_check@000fd2f4
0x000fd30e	05d1	bne	0x000fd31c	sd_req_check@000fd2f4
0x000fd310	55f823c0	ldr.w	r12,[r5,r3,lsl #0x2]	sd_req_check@000fd2f4
0x000fd314	b4f80ce0	ldrh.w	lr,[r4,#0xc]	sd_req_check@000fd2f4
0x000fd318	f445	cmp	r12,lr	sd_req_check@000fd2f4
0x000fd31a	04d0	beq	0x000fd326	sd_req_check@000fd2f4
0x000fd31c	2ab1	cbz	r2,0x000fd32a	sd_req_check@000fd2f4
0x000fd31e	55f823c0	ldr.w	r12,[r5,r3,lsl #0x2]	sd_req_check@000fd2f4
0x000fd322	bc45	cmp	r12,r7	sd_req_check@000fd2f4
0x000fd324	01d1	bne	0x000fd32a	sd_req_check@000fd2f4
0x000fd326	0120	movs	r0,#0x1	sd_req_check@000fd2f4
0x000fd328	f0bd	pop	{r4,r5,r6,r7,pc}	sd_req_check@000fd2f4
0x000fd32a	5b1c	adds	r3,r3,#0x1	sd_req_check@000fd2f4
0x000fd32c	dbb2	uxtb	r3,r3	sd_req_check@000fd2f4
0x000fd32e	8b42	cmp	r3,r1	sd_req_check@000fd2f4
0x000fd330	ead3	bcc	0x000fd308	sd_req_check@000fd2f4
0x000fd332	f0bd	pop	{r4,r5,r6,r7,pc}	sd_req_check@000fd2f4
0x000fd338	10b5	push	{r4,lr}	sd_req_ok@000fd338
0x000fd33a	4ff44051	mov.w	r1,#0x3000	sd_req_ok@000fd338
0x000fd33e	174b	ldr	r3,[0x000fd39c]	sd_req_ok@000fd338
0x000fd340	4a68	ldr	r2,[r1,#0x4]	sd_req_ok@000fd338
0x000fd342	018a	ldrh	r1,[r0,#0x10]	sd_req_ok@000fd338
0x000fd344	9a42	cmp	r2,r3	sd_req_ok@000fd338
0x000fd346	21d1	bne	0x000fd38c	sd_req_ok@000fd338
0x000fd348	71b1	cbz	r1,0x000fd368	sd_req_ok@000fd338
0x000fd34a	00f11403	add.w	r3,r0,#0x14	sd_req_ok@000fd338
0x000fd34e	4269	ldr	r2,[r0,#0x14]	sd_req_ok@000fd338
0x000fd350	90f85500	ldrb.w	r0,[r0,#0x55]	sd_req_ok@000fd338
0x000fd354	62b1	cbz	r2,0x000fd370	sd_req_ok@000fd338
0x000fd356	0428	cmp	r0,#0x4	sd_req_ok@000fd338
0x000fd358	08d0	beq	0x000fd36c	sd_req_ok@000fd338
0x000fd35a	0022	movs	r2,#0x0	sd_req_ok@000fd338
0x000fd35c	bde81040	pop.w	{r4,lr}	sd_req_ok@000fd338
0x000fd360	c9b2	uxtb	r1,r1	sd_req_ok@000fd338
0x000fd362	1846	mov	r0,r3	sd_req_ok@000fd338
0x000fd364	fff7c6bf	b.w	0x000fd2f4	sd_req_ok@000fd338
0x000fd368	0020	movs	r0,#0x0	sd_req_ok@000fd338
0x000fd36a	10bd	pop	{r4,pc}	sd_req_ok@000fd338
0x000fd36c	0122	movs	r2,#0x1	sd_req_ok@000fd338
0x000fd36e	f5e7	b	0x000fd35c	sd_req_ok@000fd338
0x000fd370	10b1	cbz	r0,0x000fd378	sd_req_ok@000fd338
0x000fd372	0128	cmp	r0,#0x1	sd_req_ok@000fd338
0x000fd374	08d1	bne	0x000fd388	sd_req_ok@000fd338
0x000fd376	f7e7	b	0x000fd368	sd_req_ok@000fd338
0x000fd378	0129	cmp	r1,#0x1	sd_req_ok@000fd338
0x000fd37a	05d9	bls	0x000fd388	sd_req_ok@000fd338
0x000fd37c	c9b2	uxtb	r1,r1	sd_req_ok@000fd338
0x000fd37e	0022	movs	r2,#0x0	sd_req_ok@000fd338
0x000fd380	1846	mov	r0,r3	sd_req_ok@000fd338
0x000fd382	fff7b7ff	bl	0x000fd2f4	sd_req_ok@000fd338
0x000fd386	efe7	b	0x000fd368	sd_req_ok@000fd338
0x000fd388	0120	movs	r0,#0x1	sd_req_ok@000fd338
0x000fd38a	10bd	pop	{r4,pc}	sd_req_ok@000fd338
0x000fd38c	11b1	cbz	r1,0x000fd394	sd_req_ok@000fd338
0x000fd38e	4169	ldr	r1,[r0,#0x14]	sd_req_ok@000fd338
0x000fd390	0029	cmp	r1,#0x0	sd_req_ok@000fd338
0x000fd392	e9d1	bne	0x000fd368	sd_req_ok@000fd338
0x000fd394	0078	ldrb	r0,[r0,#0x0]	sd_req_ok@000fd338
0x000fd396	0028	cmp	r0,#0x0	sd_req_ok@000fd338
0x000fd398	f6d1	bne	0x000fd388	sd_req_ok@000fd338
0x000fd39a	10bd	pop	{r4,pc}	sd_req_ok@000fd338
0x000fd3a0	3eb5	push	{r1,r2,r3,r4,r5,lr}	sdh_request_observer_notify@000fd3a0
0x000fd3a2	0446	mov	r4,r0	sdh_request_observer_notify@000fd3a0
0x000fd3a4	0949	ldr	r1,[0x000fd3cc]	sdh_request_observer_notify@000fd3a0
0x000fd3a6	6846	mov	r0,sp	sdh_request_observer_notify@000fd3a0
0x000fd3a8	fef7f4ff	bl	0x000fc394	sdh_request_observer_notify@000fd3a0
0x000fd3ac	08e0	b	0x000fd3c0	sdh_request_observer_notify@000fd3a0
0x000fd3b0	d0e90021	ldrd	r2,r1,[r0,#0x0]	sdh_request_observer_notify@000fd3a0
0x000fd3b4	2046	mov	r0,r4	sdh_request_observer_notify@000fd3a0
0x000fd3b6	9047	blx	r2	sdh_request_observer_notify@000fd3a0
0x000fd3b8	30b1	cbz	r0,0x000fd3c8	sdh_request_observer_notify@000fd3a0
0x000fd3ba	6846	mov	r0,sp	sdh_request_observer_notify@000fd3a0
0x000fd3bc	fff701f8	bl	0x000fc3c2	sdh_request_observer_notify@000fd3a0
0x000fd3c0	0298	ldr	r0,[sp,#0x8]	sdh_request_observer_notify@000fd3a0
0x000fd3c2	0028	cmp	r0,#0x0	sdh_request_observer_notify@000fd3a0
0x000fd3c4	f4d1	bne	0x000fd3b0	sdh_request_observer_notify@000fd3a0
0x000fd3c6	3ebd	pop	{r1,r2,r3,r4,r5,pc}	sdh_request_observer_notify@000fd3a0
0x000fd3c8	1120	movs	r0,#0x11	sdh_request_observer_notify@000fd3a0
0x000fd3ca	3ebd	pop	{r1,r2,r3,r4,r5,pc}	sdh_request_observer_notify@000fd3a0
0x000fd3d0	3eb5	push	{r1,r2,r3,r4,r5,lr}	sdh_state_observer_notify@000fd3d0
0x000fd3d2	0446	mov	r4,r0	sdh_state_observer_notify@000fd3d0
0x000fd3d4	0849	ldr	r1,[0x000fd3f8]	sdh_state_observer_notify@000fd3d0
0x000fd3d6	6846	mov	r0,sp	sdh_state_observer_notify@000fd3d0
0x000fd3d8	fef7dcff	bl	0x000fc394	sdh_state_observer_notify@000fd3d0
0x000fd3dc	07e0	b	0x000fd3ee	sdh_state_observer_notify@000fd3d0
0x000fd3e0	d0e90021	ldrd	r2,r1,[r0,#0x0]	sdh_state_observer_notify@000fd3d0
0x000fd3e4	2046	mov	r0,r4	sdh_state_observer_notify@000fd3d0
0x000fd3e6	9047	blx	r2	sdh_state_observer_notify@000fd3d0
0x000fd3e8	6846	mov	r0,sp	sdh_state_observer_notify@000fd3d0
0x000fd3ea	fef7eaff	bl	0x000fc3c2	sdh_state_observer_notify@000fd3d0
0x000fd3ee	0298	ldr	r0,[sp,#0x8]	sdh_state_observer_notify@000fd3d0
0x000fd3f0	0028	cmp	r0,#0x0	sdh_state_observer_notify@000fd3d0
0x000fd3f2	f5d1	bne	0x000fd3e0	sdh_state_observer_notify@000fd3d0
0x000fd3f4	3ebd	pop	{r1,r2,r3,r4,r5,pc}	sdh_state_observer_notify@000fd3d0
0x000fd3fc	0246	mov	r2,r0	settings_backup@000fd3fc
0x000fd3fe	0348	ldr	r0,[0x000fd40c]	settings_backup@000fd3fc
0x000fd400	014b	ldr	r3,[0x000fd408]	settings_backup@000fd3fc
0x000fd402	0068	ldr	r0,[r0,#0x0]	settings_backup@000fd3fc
0x000fd404	00f009b8	b.w	0x000fd41a	settings_backup@000fd3fc
0x000fd410	0022	movs	r2,#0x0	settings_crc_get@000fd410
0x000fd412	5821	movs	r1,#0x58	settings_crc_get@000fd410
0x000fd414	001d	adds	r0,r0,#0x4	settings_crc_get@000fd410
0x000fd416	fdf721b9	b.w	0x000fa65c	settings_crc_get@000fd410
0x000fd41a	2de9f041	push	{r4,r5,r6,r7,r8,lr}	settings_write@000fd41a
0x000fd41e	1446	mov	r4,r2	settings_write@000fd41a
0x000fd420	4ff46075	mov.w	r5,#0x380	settings_write@000fd41a
0x000fd424	1e46	mov	r6,r3	settings_write@000fd41a
0x000fd426	0f46	mov	r7,r1	settings_write@000fd41a
0x000fd428	8046	mov	r8,r0	settings_write@000fd41a
0x000fd42a	2a46	mov	r2,r5	settings_write@000fd41a
0x000fd42c	fbf72ff8	bl	0x000f848e	settings_write@000fd41a
0x000fd430	30b1	cbz	r0,0x000fd440	settings_write@000fd41a
0x000fd432	0022	movs	r2,#0x0	settings_write@000fd41a
0x000fd434	0121	movs	r1,#0x1	settings_write@000fd41a
0x000fd436	4046	mov	r0,r8	settings_write@000fd41a
0x000fd438	fef748f9	bl	0x000fb6cc	settings_write@000fd41a
0x000fd43c	98b9	cbnz	r0,0x000fd466	settings_write@000fd41a
0x000fd43e	05e0	b	0x000fd44c	settings_write@000fd41a
0x000fd440	0cb1	cbz	r4,0x000fd446	settings_write@000fd41a
0x000fd442	0020	movs	r0,#0x0	settings_write@000fd41a
0x000fd444	a047	blx	r4	settings_write@000fd41a
0x000fd446	0020	movs	r0,#0x0	settings_write@000fd41a
0x000fd448	bde8f081	pop.w	{r4,r5,r6,r7,r8,pc}	settings_write@000fd41a
0x000fd44c	2a46	mov	r2,r5	settings_write@000fd41a
0x000fd44e	3946	mov	r1,r7	settings_write@000fd41a
0x000fd450	3046	mov	r0,r6	settings_write@000fd41a
0x000fd452	faf7e2ff	bl	0x000f841a	settings_write@000fd41a
0x000fd456	2346	mov	r3,r4	settings_write@000fd41a
0x000fd458	2a46	mov	r2,r5	settings_write@000fd41a
0x000fd45a	3146	mov	r1,r6	settings_write@000fd41a
0x000fd45c	4046	mov	r0,r8	settings_write@000fd41a
0x000fd45e	fef74bf9	bl	0x000fb6f8	settings_write@000fd41a
0x000fd462	0028	cmp	r0,#0x0	settings_write@000fd41a
0x000fd464	f0d0	beq	0x000fd448	settings_write@000fd41a
0x000fd466	0320	movs	r0,#0x3	settings_write@000fd41a
0x000fd468	eee7	b	0x000fd448	settings_write@000fd41a
0x000fd46c	10b5	push	{r4,lr}	softdevice_evt_irq_disable@000fd46c
0x000fd46e	1620	movs	r0,#0x16	softdevice_evt_irq_disable@000fd46c
0x000fd470	fcf7f8fb	bl	0x000f9c64	softdevice_evt_irq_disable@000fd46c
0x000fd474	48b1	cbz	r0,0x000fd48a	softdevice_evt_irq_disable@000fd46c
0x000fd476	0c48	ldr	r0,[0x000fd4a8]	softdevice_evt_irq_disable@000fd46c
0x000fd478	8268	ldr	r2,[r0,#0x8]	softdevice_evt_irq_disable@000fd46c
0x000fd47a	4ff48001	mov.w	r1,#0x400000	softdevice_evt_irq_disable@000fd46c
0x000fd47e	52b1	cbz	r2,0x000fd496	softdevice_evt_irq_disable@000fd46c
0x000fd480	0168	ldr	r1,[r0,#0x0]	softdevice_evt_irq_disable@000fd46c
0x000fd482	21f48001	bic	r1,r1,#0x400000	softdevice_evt_irq_disable@000fd46c
0x000fd486	0160	str	r1,[r0,#0x0]	softdevice_evt_irq_disable@000fd46c
0x000fd488	10bd	pop	{r4,pc}	softdevice_evt_irq_disable@000fd46c
0x000fd48a	bde81040	pop.w	{r4,lr}	softdevice_evt_irq_disable@000fd46c
0x000fd48e	42f20100	movw	r0,#0x2001	softdevice_evt_irq_disable@000fd46c
0x000fd492	fcf797bc	b.w	0x000f9dc4	softdevice_evt_irq_disable@000fd46c
0x000fd496	4ff0e020	mov.w	r0,#0xe000e000	softdevice_evt_irq_disable@000fd46c
0x000fd49a	c0f88011	str.w	r1,[r0,#0x180]	softdevice_evt_irq_disable@000fd46c
0x000fd49e	bff34f8f	dsb	#0xf	softdevice_evt_irq_disable@000fd46c
0x000fd4a2	bff36f8f	isb	#0xf	softdevice_evt_irq_disable@000fd46c
0x000fd4a6	10bd	pop	{r4,pc}	softdevice_evt_irq_disable@000fd46c
0x000fd4ac	10b5	push	{r4,lr}	softdevices_evt_irq_enable@000fd4ac
0x000fd4ae	1620	movs	r0,#0x16	softdevices_evt_irq_enable@000fd4ac
0x000fd4b0	fcf7d8fb	bl	0x000f9c64	softdevices_evt_irq_enable@000fd4ac
0x000fd4b4	a0b1	cbz	r0,0x000fd4e0	softdevices_evt_irq_enable@000fd4ac
0x000fd4b6	1148	ldr	r0,[0x000fd4fc]	softdevices_evt_irq_enable@000fd4ac
0x000fd4b8	90f80004	ldrb.w	r0,[r0,#0x400]	softdevices_evt_irq_enable@000fd4ac
0x000fd4bc	4009	lsrs	r0,r0,#0x5	softdevices_evt_irq_enable@000fd4ac
0x000fd4be	0828	cmp	r0,#0x8	softdevices_evt_irq_enable@000fd4ac
0x000fd4c0	11d2	bcs	0x000fd4e6	softdevices_evt_irq_enable@000fd4ac
0x000fd4c2	0121	movs	r1,#0x1	softdevices_evt_irq_enable@000fd4ac
0x000fd4c4	8140	lsls	r1,r0	softdevices_evt_irq_enable@000fd4ac
0x000fd4c6	11f0ec0f	tst	r1,#0xec	softdevices_evt_irq_enable@000fd4ac
0x000fd4ca	0cd0	beq	0x000fd4e6	softdevices_evt_irq_enable@000fd4ac
0x000fd4cc	0c48	ldr	r0,[0x000fd500]	softdevices_evt_irq_enable@000fd4ac
0x000fd4ce	8268	ldr	r2,[r0,#0x8]	softdevices_evt_irq_enable@000fd4ac
0x000fd4d0	4ff48001	mov.w	r1,#0x400000	softdevices_evt_irq_enable@000fd4ac
0x000fd4d4	6ab1	cbz	r2,0x000fd4f2	softdevices_evt_irq_enable@000fd4ac
0x000fd4d6	0168	ldr	r1,[r0,#0x0]	softdevices_evt_irq_enable@000fd4ac
0x000fd4d8	41f48001	orr	r1,r1,#0x400000	softdevices_evt_irq_enable@000fd4ac
0x000fd4dc	0160	str	r1,[r0,#0x0]	softdevices_evt_irq_enable@000fd4ac
0x000fd4de	10bd	pop	{r4,pc}	softdevices_evt_irq_enable@000fd4ac
0x000fd4e0	42f20100	movw	r0,#0x2001	softdevices_evt_irq_enable@000fd4ac
0x000fd4e4	01e0	b	0x000fd4ea	softdevices_evt_irq_enable@000fd4ac
0x000fd4e6	42f20200	movw	r0,#0x2002	softdevices_evt_irq_enable@000fd4ac
0x000fd4ea	bde81040	pop.w	{r4,lr}	softdevices_evt_irq_enable@000fd4ac
0x000fd4ee	fcf769bc	b.w	0x000f9dc4	softdevices_evt_irq_enable@000fd4ac
0x000fd4f2	4ff0e020	mov.w	r0,#0xe000e000	softdevices_evt_irq_enable@000fd4ac
0x000fd4f6	c0f80011	str.w	r1,[r0,#0x100]	softdevices_evt_irq_enable@000fd4ac
0x000fd4fa	10bd	pop	{r4,pc}	softdevices_evt_irq_enable@000fd4ac
0x000fd504	7fb5	push	{r0,r1,r2,r3,r4,r5,r6,lr}	stored_init_cmd_decode@000fd504
0x000fd506	2a48	ldr	r0,[0x000fd5b0]	stored_init_cmd_decode@000fd504
0x000fd508	00f15c01	add.w	r1,r0,#0x5c	stored_init_cmd_decode@000fd504
0x000fd50c	826b	ldr	r2,[r0,#0x38]	stored_init_cmd_decode@000fd504
0x000fd50e	6846	mov	r0,sp	stored_init_cmd_decode@000fd504
0x000fd510	fff764fc	bl	0x000fcddc	stored_init_cmd_decode@000fd504
0x000fd514	274e	ldr	r6,[0x000fd5b4]	stored_init_cmd_decode@000fd504
0x000fd516	9de80700	ldm.w	sp,{r0,r1,r2}	stored_init_cmd_decode@000fd504
0x000fd51a	06f11c03	add.w	r3,r6,#0x1c	stored_init_cmd_decode@000fd504
0x000fd51e	274c	ldr	r4,[0x000fd5bc]	stored_init_cmd_decode@000fd504
0x000fd520	83e80700	stm	r3,{r0,r1,r2}	stored_init_cmd_decode@000fd504
0x000fd524	1946	mov	r1,r3	stored_init_cmd_decode@000fd504
0x000fd526	2448	ldr	r0,[0x000fd5b8]	stored_init_cmd_decode@000fd504
0x000fd528	c860	str	r0,[r1,#0xc]	stored_init_cmd_decode@000fd504
0x000fd52a	0020	movs	r0,#0x0	stored_init_cmd_decode@000fd504
0x000fd52c	a070	strb	r0,[r4,#0x2]	stored_init_cmd_decode@000fd504
0x000fd52e	6060	str	r0,[r4,#0x4]	stored_init_cmd_decode@000fd504
0x000fd530	a060	str	r0,[r4,#0x8]	stored_init_cmd_decode@000fd504
0x000fd532	4ff44771	mov.w	r1,#0x31c	stored_init_cmd_decode@000fd504
0x000fd536	a6f54070	sub.w	r0,r6,#0x300	stored_init_cmd_decode@000fd504
0x000fd53a	faf796ff	bl	0x000f846a	stored_init_cmd_decode@000fd504
0x000fd53e	a6f54072	sub.w	r2,r6,#0x300	stored_init_cmd_decode@000fd504
0x000fd542	1f49	ldr	r1,[0x000fd5c0]	stored_init_cmd_decode@000fd504
0x000fd544	02f54770	add.w	r0,r2,#0x31c	stored_init_cmd_decode@000fd504
0x000fd548	fff7d0f9	bl	0x000fc8ec	stored_init_cmd_decode@000fd504
0x000fd54c	0028	cmp	r0,#0x0	stored_init_cmd_decode@000fd504
0x000fd54e	2bd0	beq	0x000fd5a8	stored_init_cmd_decode@000fd504
0x000fd550	a078	ldrb	r0,[r4,#0x2]	stored_init_cmd_decode@000fd504
0x000fd552	58b3	cbz	r0,0x000fd5ac	stored_init_cmd_decode@000fd504
0x000fd554	a6f54070	sub.w	r0,r6,#0x300	stored_init_cmd_decode@000fd504
0x000fd558	90f86c11	ldrb.w	r1,[r0,#0x16c]	stored_init_cmd_decode@000fd504
0x000fd55c	0029	cmp	r1,#0x0	stored_init_cmd_decode@000fd504
0x000fd55e	0178	ldrb	r1,[r0,#0x0]	stored_init_cmd_decode@000fd504
0x000fd560	1cd0	beq	0x000fd59c	stored_init_cmd_decode@000fd504
0x000fd562	19bb	cbnz	r1,0x000fd5ac	stored_init_cmd_decode@000fd504
0x000fd564	90f87201	ldrb.w	r0,[r0,#0x172]	stored_init_cmd_decode@000fd504
0x000fd568	00b3	cbz	r0,0x000fd5ac	stored_init_cmd_decode@000fd504
0x000fd56a	d4e90112	ldrd	r1,r2,[r4,#0x4]	stored_init_cmd_decode@000fd504
0x000fd56e	a6f5c675	sub.w	r5,r6,#0x18c	stored_init_cmd_decode@000fd504
0x000fd572	6846	mov	r0,sp	stored_init_cmd_decode@000fd504
0x000fd574	fff732fc	bl	0x000fcddc	stored_init_cmd_decode@000fd504
0x000fd578	9de80f00	ldm.w	sp,{r0,r1,r2,r3}	stored_init_cmd_decode@000fd504
0x000fd57c	1c36	adds	r6,#0x1c	stored_init_cmd_decode@000fd504
0x000fd57e	86e80f00	stm	r6,{r0,r1,r2,r3}	stored_init_cmd_decode@000fd504
0x000fd582	4ff4b271	mov.w	r1,#0x164	stored_init_cmd_decode@000fd504
0x000fd586	2846	mov	r0,r5	stored_init_cmd_decode@000fd504
0x000fd588	faf76fff	bl	0x000f846a	stored_init_cmd_decode@000fd504
0x000fd58c	2a46	mov	r2,r5	stored_init_cmd_decode@000fd504
0x000fd58e	0d49	ldr	r1,[0x000fd5c4]	stored_init_cmd_decode@000fd504
0x000fd590	3046	mov	r0,r6	stored_init_cmd_decode@000fd504
0x000fd592	fff7abf9	bl	0x000fc8ec	stored_init_cmd_decode@000fd504
0x000fd596	0028	cmp	r0,#0x0	stored_init_cmd_decode@000fd504
0x000fd598	06d0	beq	0x000fd5a8	stored_init_cmd_decode@000fd504
0x000fd59a	03e0	b	0x000fd5a4	stored_init_cmd_decode@000fd504
0x000fd59c	31b1	cbz	r1,0x000fd5ac	stored_init_cmd_decode@000fd504
0x000fd59e	8079	ldrb	r0,[r0,#0x6]	stored_init_cmd_decode@000fd504
0x000fd5a0	20b1	cbz	r0,0x000fd5ac	stored_init_cmd_decode@000fd504
0x000fd5a2	094d	ldr	r5,[0x000fd5c8]	stored_init_cmd_decode@000fd504
0x000fd5a4	0120	movs	r0,#0x1	stored_init_cmd_decode@000fd504
0x000fd5a6	e560	str	r5,[r4,#0xc]	stored_init_cmd_decode@000fd504
0x000fd5a8	04b0	add	sp,#0x10	stored_init_cmd_decode@000fd504
0x000fd5aa	70bd	pop	{r4,r5,r6,pc}	stored_init_cmd_decode@000fd504
0x000fd5ac	0020	movs	r0,#0x0	stored_init_cmd_decode@000fd504
0x000fd5ae	fbe7	b	0x000fd5a8	stored_init_cmd_decode@000fd504
0x000fd5cc	70b5	push	{r4,r5,r6,lr}	timer_activate@000fd5cc
0x000fd5ce	0346	mov	r3,r0	timer_activate@000fd5cc
0x000fd5d0	6ff07f40	mvn	r0,#0xff000000	timer_activate@000fd5cc
0x000fd5d4	8142	cmp	r1,r0	timer_activate@000fd5cc
0x000fd5d6	00d2	bcs	0x000fd5da	timer_activate@000fd5cc
0x000fd5d8	0846	mov	r0,r1	timer_activate@000fd5cc
0x000fd5da	124d	ldr	r5,[0x000fd624]	timer_activate@000fd5cc
0x000fd5dc	d5f80425	ldr.w	r2,[r5,#0x504]	timer_activate@000fd5cc
0x000fd5e0	0244	add	r2,r0	timer_activate@000fd5cc
0x000fd5e2	081a	subs	r0,r1,r0	timer_activate@000fd5cc
0x000fd5e4	411e	subs	r1,r0,#0x1	timer_activate@000fd5cc
0x000fd5e6	22f07f42	bic	r2,r2,#0xff000000	timer_activate@000fd5cc
0x000fd5ea	5860	str	r0,[r3,#0x4]	timer_activate@000fd5cc
0x000fd5ec	9529	cmp	r1,#0x95	timer_activate@000fd5cc
0x000fd5ee	02d2	bcs	0x000fd5f6	timer_activate@000fd5cc
0x000fd5f0	9630	adds	r0,#0x96	timer_activate@000fd5cc
0x000fd5f2	963a	subs	r2,#0x96	timer_activate@000fd5cc
0x000fd5f4	5860	str	r0,[r3,#0x4]	timer_activate@000fd5cc
0x000fd5f6	1c7b	ldrb	r4,[r3,#0xc]	timer_activate@000fd5cc
0x000fd5f8	05eb8400	add.w	r0,r5,r4, lsl #0x2	timer_activate@000fd5cc
0x000fd5fc	c0f84025	str.w	r2,[r0,#0x540]	timer_activate@000fd5cc
0x000fd600	0949	ldr	r1,[0x000fd628]	timer_activate@000fd5cc
0x000fd602	4ff4f860	mov.w	r0,#0x7c0	timer_activate@000fd5cc
0x000fd606	8847	blx	r1	timer_activate@000fd5cc
0x000fd608	4ff4a070	mov.w	r0,#0x140	timer_activate@000fd5cc
0x000fd60c	00eb8401	add.w	r1,r0,r4, lsl #0x2	timer_activate@000fd5cc
0x000fd610	2846	mov	r0,r5	timer_activate@000fd5cc
0x000fd612	fef77ffd	bl	0x000fc114	timer_activate@000fd5cc
0x000fd616	4ff48030	mov.w	r0,#0x10000	timer_activate@000fd5cc
0x000fd61a	a040	lsls	r0,r4	timer_activate@000fd5cc
0x000fd61c	c5f80403	str.w	r0,[r5,#0x304]	timer_activate@000fd5cc
0x000fd620	70bd	pop	{r4,r5,r6,pc}	timer_activate@000fd5cc
0x000fd62c	70b5	push	{r4,r5,r6,lr}	timer_init@000fd62c
0x000fd62e	174e	ldr	r6,[0x000fd68c]	timer_init@000fd62c
0x000fd630	3078	ldrb	r0,[r6,#0x0]	timer_init@000fd62c
0x000fd632	0028	cmp	r0,#0x0	timer_init@000fd62c
0x000fd634	29d1	bne	0x000fd68a	timer_init@000fd62c
0x000fd636	1648	ldr	r0,[0x000fd690]	timer_init@000fd62c
0x000fd638	0068	ldr	r0,[r0,#0x0]	timer_init@000fd62c
0x000fd63a	0125	movs	r5,#0x1	timer_init@000fd62c
0x000fd63c	c0f30040	ubfx	r0,r0,#0x10,#0x1	timer_init@000fd62c
0x000fd640	08b9	cbnz	r0,0x000fd646	timer_init@000fd62c
0x000fd642	1448	ldr	r0,[0x000fd694]	timer_init@000fd62c
0x000fd644	0560	str	r5,[r0,#0x0]	timer_init@000fd62c
0x000fd646	144c	ldr	r4,[0x000fd698]	timer_init@000fd62c
0x000fd648	4ff48071	mov.w	r1,#0x100	timer_init@000fd62c
0x000fd64c	2046	mov	r0,r4	timer_init@000fd62c
0x000fd64e	fef761fd	bl	0x000fc114	timer_init@000fd62c
0x000fd652	4ff4a071	mov.w	r1,#0x140	timer_init@000fd62c
0x000fd656	2046	mov	r0,r4	timer_init@000fd62c
0x000fd658	fef75cfd	bl	0x000fc114	timer_init@000fd62c
0x000fd65c	4ff4a271	mov.w	r1,#0x144	timer_init@000fd62c
0x000fd660	2046	mov	r0,r4	timer_init@000fd62c
0x000fd662	fef757fd	bl	0x000fc114	timer_init@000fd62c
0x000fd666	0d49	ldr	r1,[0x000fd69c]	timer_init@000fd62c
0x000fd668	a020	movs	r0,#0xa0	timer_init@000fd62c
0x000fd66a	81f80004	strb.w	r0,[r1,#0x400]	timer_init@000fd62c
0x000fd66e	0b49	ldr	r1,[0x000fd69c]	timer_init@000fd62c
0x000fd670	1020	movs	r0,#0x10	timer_init@000fd62c
0x000fd672	2039	subs	r1,#0x20	timer_init@000fd62c
0x000fd674	c1f80001	str.w	r0,[r1,#0x100]	timer_init@000fd62c
0x000fd678	0020	movs	r0,#0x0	timer_init@000fd62c
0x000fd67a	c4f80805	str.w	r0,[r4,#0x508]	timer_init@000fd62c
0x000fd67e	a560	str	r5,[r4,#0x8]	timer_init@000fd62c
0x000fd680	2560	str	r5,[r4,#0x0]	timer_init@000fd62c
0x000fd682	0220	movs	r0,#0x2	timer_init@000fd62c
0x000fd684	c4f80403	str.w	r0,[r4,#0x304]	timer_init@000fd62c
0x000fd688	3570	strb	r5,[r6,#0x0]	timer_init@000fd62c
0x000fd68a	70bd	pop	{r4,r5,r6,pc}	timer_init@000fd62c
0x000fd6a0	70b5	push	{r4,r5,r6,lr}	timer_start@000fd6a0
0x000fd6a2	1546	mov	r5,r2	timer_start@000fd6a0
0x000fd6a4	0e46	mov	r6,r1	timer_start@000fd6a0
0x000fd6a6	0446	mov	r4,r0	timer_start@000fd6a0
0x000fd6a8	fff7c0ff	bl	0x000fd62c	timer_start@000fd6a0
0x000fd6ac	3146	mov	r1,r6	timer_start@000fd6a0
0x000fd6ae	2046	mov	r0,r4	timer_start@000fd6a0
0x000fd6b0	2560	str	r5,[r4,#0x0]	timer_start@000fd6a0
0x000fd6b2	bde87040	pop.w	{r4,r5,r6,lr}	timer_start@000fd6a0
0x000fd6b6	fff789bf	b.w	0x000fd5cc	timer_start@000fd6a0
0x000fd6bc	017b	ldrb	r1,[r0,#0xc]	timer_stop@000fd6bc
0x000fd6be	4ff48030	mov.w	r0,#0x10000	timer_stop@000fd6bc
0x000fd6c2	8840	lsls	r0,r1	timer_stop@000fd6bc
0x000fd6c4	0149	ldr	r1,[0x000fd6cc]	timer_stop@000fd6bc
0x000fd6c6	c1f80803	str.w	r0,[r1,#0x308]	timer_stop@000fd6bc
0x000fd6ca	7047	bx	lr	timer_stop@000fd6bc
0x000fd6d0	0870	strb	r0,[r1,#0x0]	uint32_encode@000fd6d0
0x000fd6d2	020a	lsrs	r2,r0,#0x8	uint32_encode@000fd6d0
0x000fd6d4	4a70	strb	r2,[r1,#0x1]	uint32_encode@000fd6d0
0x000fd6d6	020c	lsrs	r2,r0,#0x10	uint32_encode@000fd6d0
0x000fd6d8	8a70	strb	r2,[r1,#0x2]	uint32_encode@000fd6d0
0x000fd6da	000e	lsrs	r0,r0,#0x18	uint32_encode@000fd6d0
0x000fd6dc	c870	strb	r0,[r1,#0x3]	uint32_encode@000fd6d0
0x000fd6de	0420	movs	r0,#0x4	uint32_encode@000fd6d0
0x000fd6e0	7047	bx	lr	uint32_encode@000fd6d0
0x000fd6e4	10b5	push	{r4,lr}	nrf_fstorage_nvmc_uninit@000fd6e4
0x000fd6e6	0248	ldr	r0,[0x000fd6f0]	nrf_fstorage_nvmc_uninit@000fd6e4
0x000fd6e8	fdf7cdfb	bl	0x000fae86	nrf_fstorage_nvmc_uninit@000fd6e4
0x000fd6ec	0020	movs	r0,#0x0	nrf_fstorage_nvmc_uninit@000fd6e4
0x000fd6ee	10bd	pop	{r4,pc}	nrf_fstorage_nvmc_uninit@000fd6e4
0x000fd6f4	10b5	push	{r4,lr}	nrf_fstorage_sd_uninit@000fd6f4
0x000fd6f6	1421	movs	r1,#0x14	nrf_fstorage_sd_uninit@000fd6f4
0x000fd6f8	0448	ldr	r0,[0x000fd70c]	nrf_fstorage_sd_uninit@000fd6f4
0x000fd6fa	faf7b6fe	bl	0x000f846a	nrf_fstorage_sd_uninit@000fd6f4
0x000fd6fe	0448	ldr	r0,[0x000fd710]	nrf_fstorage_sd_uninit@000fd6f4
0x000fd700	0068	ldr	r0,[r0,#0x0]	nrf_fstorage_sd_uninit@000fd6f4
0x000fd702	fdf779fb	bl	0x000fadf8	nrf_fstorage_sd_uninit@000fd6f4
0x000fd706	0020	movs	r0,#0x0	nrf_fstorage_sd_uninit@000fd6f4
0x000fd708	10bd	pop	{r4,pc}	nrf_fstorage_sd_uninit@000fd6f4
0x000fd714	30b5	push	{r4,r5,lr}	update_data_size_get@000fd714
0x000fd716	0f24	movs	r4,#0xf	update_data_size_get@000fd714
0x000fd718	90f85530	ldrb.w	r3,[r0,#0x55]	update_data_size_get@000fd714
0x000fd71c	0022	movs	r2,#0x0	update_data_size_get@000fd714
0x000fd71e	0bb1	cbz	r3,0x000fd724	update_data_size_get@000fd714
0x000fd720	042b	cmp	r3,#0x4	update_data_size_get@000fd714
0x000fd722	03d1	bne	0x000fd72c	update_data_size_get@000fd714
0x000fd724	90f86450	ldrb.w	r5,[r0,#0x64]	update_data_size_get@000fd714
0x000fd728	012d	cmp	r5,#0x1	update_data_size_get@000fd714
0x000fd72a	06d0	beq	0x000fd73a	update_data_size_get@000fd714
0x000fd72c	dd07	lsls	r5,r3,#0x1f	update_data_size_get@000fd714
0x000fd72e	07d0	beq	0x000fd740	update_data_size_get@000fd714
0x000fd730	90f85650	ldrb.w	r5,[r0,#0x56]	update_data_size_get@000fd714
0x000fd734	012d	cmp	r5,#0x1	update_data_size_get@000fd714
0x000fd736	02d0	beq	0x000fd73e	update_data_size_get@000fd714
0x000fd738	02e0	b	0x000fd740	update_data_size_get@000fd714
0x000fd73a	826e	ldr	r2,[r0,#0x68]	update_data_size_get@000fd714
0x000fd73c	0de0	b	0x000fd75a	update_data_size_get@000fd714
0x000fd73e	826d	ldr	r2,[r0,#0x58]	update_data_size_get@000fd714
0x000fd740	9b07	lsls	r3,r3,#0x1e	update_data_size_get@000fd714
0x000fd742	0ad5	bpl	0x000fd75a	update_data_size_get@000fd714
0x000fd744	90f85c30	ldrb.w	r3,[r0,#0x5c]	update_data_size_get@000fd714
0x000fd748	012b	cmp	r3,#0x1	update_data_size_get@000fd714
0x000fd74a	06d1	bne	0x000fd75a	update_data_size_get@000fd714
0x000fd74c	064b	ldr	r3,[0x000fd768]	update_data_size_get@000fd714
0x000fd74e	006e	ldr	r0,[r0,#0x60]	update_data_size_get@000fd714
0x000fd750	c3f57e23	rsb.w	r3,r3,#0xfe000	update_data_size_get@000fd714
0x000fd754	9842	cmp	r0,r3	update_data_size_get@000fd714
0x000fd756	05d8	bhi	0x000fd764	update_data_size_get@000fd714
0x000fd758	0244	add	r2,r0	update_data_size_get@000fd714
0x000fd75a	0ab1	cbz	r2,0x000fd760	update_data_size_get@000fd714
0x000fd75c	0124	movs	r4,#0x1	update_data_size_get@000fd714
0x000fd75e	0a60	str	r2,[r1,#0x0]	update_data_size_get@000fd714
0x000fd760	2046	mov	r0,r4	update_data_size_get@000fd714
0x000fd762	30bd	pop	{r4,r5,pc}	update_data_size_get@000fd714
0x000fd764	0424	movs	r4,#0x4	update_data_size_get@000fd714
0x000fd766	fbe7	b	0x000fd760	update_data_size_get@000fd714
0x000fd76c	30b1	cbz	r0,0x000fd77c	verify_context@000fd76c
0x000fd76e	0068	ldr	r0,[r0,#0x0]	verify_context@000fd76c
0x000fd770	0549	ldr	r1,[0x000fd788]	verify_context@000fd76c
0x000fd772	8842	cmp	r0,r1	verify_context@000fd76c
0x000fd774	05d0	beq	0x000fd782	verify_context@000fd76c
0x000fd776	48f20250	movw	r0,#0x8502	verify_context@000fd76c
0x000fd77a	7047	bx	lr	verify_context@000fd76c
0x000fd77c	48f20150	movw	r0,#0x8501	verify_context@000fd76c
0x000fd780	7047	bx	lr	verify_context@000fd76c
0x000fd782	0020	movs	r0,#0x0	verify_context@000fd76c
0x000fd784	7047	bx	lr	verify_context@000fd76c
0x000fd78c	70b5	push	{r4,r5,r6,lr}	wdt_feed@000fd78c
0x000fd78e	fef757fe	bl	0x000fc440	wdt_feed@000fd78c
0x000fd792	0028	cmp	r0,#0x0	wdt_feed@000fd78c
0x000fd794	11d0	beq	0x000fd7ba	wdt_feed@000fd78c
0x000fd796	0020	movs	r0,#0x0	wdt_feed@000fd78c
0x000fd798	084a	ldr	r2,[0x000fd7bc]	wdt_feed@000fd78c
0x000fd79a	094b	ldr	r3,[0x000fd7c0]	wdt_feed@000fd78c
0x000fd79c	094c	ldr	r4,[0x000fd7c4]	wdt_feed@000fd78c
0x000fd79e	0121	movs	r1,#0x1	wdt_feed@000fd78c
0x000fd7a0	1668	ldr	r6,[r2,#0x0]	wdt_feed@000fd78c
0x000fd7a2	01fa00f5	lsl.w	r5,r1,r0	wdt_feed@000fd78c
0x000fd7a6	2e42	tst	r6,r5	wdt_feed@000fd78c
0x000fd7a8	03d0	beq	0x000fd7b2	wdt_feed@000fd78c
0x000fd7aa	04eb8005	add.w	r5,r4,r0, lsl #0x2	wdt_feed@000fd78c
0x000fd7ae	c5f80036	str.w	r3,[r5,#0x600]	wdt_feed@000fd78c
0x000fd7b2	401c	adds	r0,r0,#0x1	wdt_feed@000fd78c
0x000fd7b4	c0b2	uxtb	r0,r0	wdt_feed@000fd78c
0x000fd7b6	0728	cmp	r0,#0x7	wdt_feed@000fd78c
0x000fd7b8	f2d3	bcc	0x000fd7a0	wdt_feed@000fd78c
0x000fd7ba	70bd	pop	{r4,r5,r6,pc}	wdt_feed@000fd78c
0x000fd7c8	fff7e0bf	b.w	0x000fd78c	wdt_feed_timer_handler@000fd7c8
0x000fd7cc	0020	movs	r0,#0x0	nrf_fstorage_nvmc_wmap@000fd7cc
0x000fd7ce	7047	bx	lr	nrf_fstorage_nvmc_wmap@000fd7cc
0x000fd7d0	0020	movs	r0,#0x0	nrf_fstorage_sd_wmap@000fd7d0
0x000fd7d2	7047	bx	lr	nrf_fstorage_sd_wmap@000fd7d0
0x000fd7d4	2de9fc41	push	{r2,r3,r4,r5,r6,r7,r8,lr}	nrf_fstorage_nvmc_write@000fd7d4
0x000fd7d8	8046	mov	r8,r0	nrf_fstorage_nvmc_write@000fd7d4
0x000fd7da	1c46	mov	r4,r3	nrf_fstorage_nvmc_write@000fd7d4
0x000fd7dc	1746	mov	r7,r2	nrf_fstorage_nvmc_write@000fd7d4
0x000fd7de	0e46	mov	r6,r1	nrf_fstorage_nvmc_write@000fd7d4
0x000fd7e0	0c48	ldr	r0,[0x000fd814]	nrf_fstorage_nvmc_write@000fd7d4
0x000fd7e2	089d	ldr	r5,[sp,#0x20]	nrf_fstorage_nvmc_write@000fd7d4
0x000fd7e4	fdf752fb	bl	0x000fae8c	nrf_fstorage_nvmc_write@000fd7d4
0x000fd7e8	10b1	cbz	r0,0x000fd7f0	nrf_fstorage_nvmc_write@000fd7d4
0x000fd7ea	1120	movs	r0,#0x11	nrf_fstorage_nvmc_write@000fd7d4
0x000fd7ec	bde8fc81	pop.w	{r2,r3,r4,r5,r6,r7,r8,pc}	nrf_fstorage_nvmc_write@000fd7d4
0x000fd7f0	a208	lsrs	r2,r4,#0x2	nrf_fstorage_nvmc_write@000fd7d4
0x000fd7f2	3946	mov	r1,r7	nrf_fstorage_nvmc_write@000fd7d4
0x000fd7f4	3046	mov	r0,r6	nrf_fstorage_nvmc_write@000fd7d4
0x000fd7f6	fef76bfc	bl	0x000fc0d0	nrf_fstorage_nvmc_write@000fd7d4
0x000fd7fa	0648	ldr	r0,[0x000fd814]	nrf_fstorage_nvmc_write@000fd7d4
0x000fd7fc	fdf743fb	bl	0x000fae86	nrf_fstorage_nvmc_write@000fd7d4
0x000fd800	3346	mov	r3,r6	nrf_fstorage_nvmc_write@000fd7d4
0x000fd802	3a46	mov	r2,r7	nrf_fstorage_nvmc_write@000fd7d4
0x000fd804	0121	movs	r1,#0x1	nrf_fstorage_nvmc_write@000fd7d4
0x000fd806	4046	mov	r0,r8	nrf_fstorage_nvmc_write@000fd7d4
0x000fd808	cde90045	strd	r4,r5,[sp,#0x0]	nrf_fstorage_nvmc_write@000fd7d4
0x000fd80c	fdf710f9	bl	0x000faa30	nrf_fstorage_nvmc_write@000fd7d4
0x000fd810	0020	movs	r0,#0x0	nrf_fstorage_nvmc_write@000fd7d4
0x000fd812	ebe7	b	0x000fd7ec	nrf_fstorage_nvmc_write@000fd7d4
0x000fd818	2de9f84f	push	{r3,r4,r5,r6,r7,r8,r9,r10,r11,lr}	nrf_fstorage_sd_write@000fd818
0x000fd81c	114d	ldr	r5,[0x000fd864]	nrf_fstorage_sd_write@000fd818
0x000fd81e	8846	mov	r8,r1	nrf_fstorage_sd_write@000fd818
0x000fd820	8146	mov	r9,r0	nrf_fstorage_sd_write@000fd818
0x000fd822	1e46	mov	r6,r3	nrf_fstorage_sd_write@000fd818
0x000fd824	1746	mov	r7,r2	nrf_fstorage_sd_write@000fd818
0x000fd826	6946	mov	r1,sp	nrf_fstorage_sd_write@000fd818
0x000fd828	ddf828a0	ldr.w	r10,[sp,#0x28]	nrf_fstorage_sd_write@000fd818
0x000fd82c	2868	ldr	r0,[r5,#0x0]	nrf_fstorage_sd_write@000fd818
0x000fd82e	fdf7fefa	bl	0x000fae2e	nrf_fstorage_sd_write@000fd818
0x000fd832	0400	movs	r4,r0	nrf_fstorage_sd_write@000fd818
0x000fd834	13d0	beq	0x000fd85e	nrf_fstorage_sd_write@000fd818
0x000fd836	1c21	movs	r1,#0x1c	nrf_fstorage_sd_write@000fd818
0x000fd838	faf717fe	bl	0x000f846a	nrf_fstorage_sd_write@000fd818
0x000fd83c	0020	movs	r0,#0x0	nrf_fstorage_sd_write@000fd818
0x000fd83e	2071	strb	r0,[r4,#0x4]	nrf_fstorage_sd_write@000fd818
0x000fd840	c4f80090	str.w	r9,[r4,#0x0]	nrf_fstorage_sd_write@000fd818
0x000fd844	c4e90486	strd	r8,r6,[r4,#0x10]	nrf_fstorage_sd_write@000fd818
0x000fd848	c4e902a7	strd	r10,r7,[r4,#0x8]	nrf_fstorage_sd_write@000fd818
0x000fd84c	6946	mov	r1,sp	nrf_fstorage_sd_write@000fd818
0x000fd84e	2868	ldr	r0,[r5,#0x0]	nrf_fstorage_sd_write@000fd818
0x000fd850	fdf70efb	bl	0x000fae70	nrf_fstorage_sd_write@000fd818
0x000fd854	fff7a4fc	bl	0x000fd1a0	nrf_fstorage_sd_write@000fd818
0x000fd858	0020	movs	r0,#0x0	nrf_fstorage_sd_write@000fd818
0x000fd85a	bde8f88f	pop.w	{r3,r4,r5,r6,r7,r8,r9,r10,r11,pc}	nrf_fstorage_sd_write@000fd818
0x000fd85e	0420	movs	r0,#0x4	nrf_fstorage_sd_write@000fd818
0x000fd860	fbe7	b	0x000fd85a	nrf_fstorage_sd_write@000fd818
0x000fd8b0	0338	subs	r0,#0x3	nrfx_coredep_delay_machine_code_dfu_timers@000fd8b0
0x000fd8b2	fdd8	bhi	0x000fd8b0	nrfx_coredep_delay_machine_code_dfu_timers@000fd8b0
0x000fd8b4	7047	bx	lr	nrfx_coredep_delay_machine_code_dfu_timers@000fd8b0
0x000fdaa0	0338	subs	r0,#0x3	nrfx_coredep_delay_machine_code_ble_dfu@000fdaa0
0x000fdaa2	fdd8	bhi	0x000fdaa0	nrfx_coredep_delay_machine_code_ble_dfu@000fdaa0
0x000fdaa4	7047	bx	lr	nrfx_coredep_delay_machine_code_ble_dfu@000fdaa0
0x000fdc90	88de	udf	#0x88	
0x000fdca0	78de	udf	#0x78	
