r1_entry,r1_name,rank,reference_entry,reference_name,similarity,significance,r1_self_significance,reference_self_significance
0x000f83e6,"BusFault_Handler",1,0x000f82e4,"NMI_Handler",1.000000000,8.766523578,8.766523578,8.766523578
0x000f83e6,"BusFault_Handler",2,0x000f82e6,"HardFault_Handler",1.000000000,8.766523578,8.766523578,8.766523578
0x000f83e6,"BusFault_Handler",3,0x000f82e8,"MemoryManagement_Handler",1.000000000,8.766523578,8.766523578,8.766523578
0x000f83e6,"BusFault_Handler",4,0x000f82ea,"BusFault_Handler",1.000000000,8.766523578,8.766523578,8.766523578
0x000f83e6,"BusFault_Handler",5,0x000f82ec,"UsageFault_Handler",1.000000000,8.766523578,8.766523578,8.766523578
0x000f83e6,"BusFault_Handler",6,0x000f82f0,"DebugMon_Handler",1.000000000,8.766523578,8.766523578,8.766523578
0x000f83e6,"BusFault_Handler",7,0x000f82f2,"PendSV_Handler",1.000000000,8.766523578,8.766523578,8.766523578
0x000f83e6,"BusFault_Handler",8,0x000f82f4,"SysTick_Handler",1.000000000,8.766523578,8.766523578,8.766523578
0x000f83e6,"BusFault_Handler",9,0x000f82f6,"COMP_LPCOMP_IRQHandler",1.000000000,8.766523578,8.766523578,8.766523578
0x000f83e6,"BusFault_Handler",10,0x000fd928,"_exit",1.000000000,8.766523578,8.766523578,8.766523578
0x000f83e6,"BusFault_Handler",11,0x000f8240,"_stack_init",0.000000000,4.214273637,8.766523578,8.379975367
0x000f83e6,"BusFault_Handler",12,0x000f87e4,"rmap",0.000000000,4.214273637,8.766523578,8.572937276
0x000f84ec,"CRYPTOCELL_IRQHandler",1,0x000f9e1c,"nrf_bootloader_wdt_feed_timer_start",0.105600483,2.495425561,17.048353566,16.112391892
0x000f84ec,"CRYPTOCELL_IRQHandler",2,0x000fa420,"pb_istream_from_buffer",0.094491870,2.100254662,17.048353566,16.348298473
0x000f84ec,"CRYPTOCELL_IRQHandler",3,0x000f8248,"_start",0.000000000,1.718431389,17.048353566,17.465628009
0x000f84ec,"CRYPTOCELL_IRQHandler",4,0x000f9390,"nrf_sdh_ble_evts_poll",0.000000000,1.718431389,17.048353566,15.911585613
0x000f84ec,"CRYPTOCELL_IRQHandler",5,0x000f93a0,"nrf_sdh_ble_app_ram_start_get",0.000000000,1.718431389,17.048353566,15.428501673
0x000f84ec,"CRYPTOCELL_IRQHandler",6,0x000fa0fc,"nrf_bootloader_wdt_feed",0.000000000,1.718431389,17.048353566,15.132416731
0x000f84ec,"CRYPTOCELL_IRQHandler",7,0x000fb2d8,"nrf_dfu_flash_init",0.000000000,1.718431389,17.048353566,15.470655266
0x000f84ec,"CRYPTOCELL_IRQHandler",8,0x000fb348,"nrf_dfu_mbr_copy_bl",0.000000000,1.718431389,17.048353566,15.951893824
0x000f84ec,"CRYPTOCELL_IRQHandler",9,0x000fbd3c,"crypto_init",0.000000000,1.718431389,17.048353566,16.229349774
0x000f84ec,"CRYPTOCELL_IRQHandler",10,0x000fd860,"exit",0.000000000,1.718431389,17.048353566,16.571403855
0x000f84ec,"CRYPTOCELL_IRQHandler",11,0x000fba44,"nrf_dfu_bank0_start_addr",0.094924723,1.268481307,17.048353566,18.512561266
0x000f84ec,"CRYPTOCELL_IRQHandler",12,0x000f8200,"__do_global_dtors_aux",0.000000000,0.843841358,17.048353566,15.089155543
0x000f8510,"CRYS_COMMON_ReverseMemcpy32",1,0x000fce84,"CRYS_COMMON_ReverseMemcpy32",1.000000000,43.234176672,43.234176672,43.234176672
0x000f8510,"CRYS_COMMON_ReverseMemcpy32",2,0x000f9774,"nrf_crypto_internal_swap_endian",0.284094213,4.962847939,43.234176672,26.570915745
0x000f8510,"CRYS_COMMON_ReverseMemcpy32",3,0x000f9544,"nrf_nvmc_write_words",0.184267350,2.429119266,43.234176672,37.394697243
0x000f8510,"CRYS_COMMON_ReverseMemcpy32",4,0x000f975c,"nrf_crypto_internal_swap_endian_in_place",0.181463105,1.513703934,43.234176672,29.145400264
0x000f8510,"CRYS_COMMON_ReverseMemcpy32",5,0x000fc7c4,"PkaSetRegsMapTab",0.150443026,1.239310581,43.234176672,37.264814671
0x000f8510,"CRYS_COMMON_ReverseMemcpy32",6,0x000fd908,"memset",0.199059683,0.434895939,43.234176672,20.537093130
0x000f8510,"CRYS_COMMON_ReverseMemcpy32",7,0x000fd8ec,"memcpy",0.146137739,0.049765333,43.234176672,29.534490883
0x000f8510,"CRYS_COMMON_ReverseMemcpy32",8,0x000fa1e4,"buf_read",0.133291131,-0.141525437,43.234176672,32.420387120
0x000f8510,"CRYS_COMMON_ReverseMemcpy32",9,0x000fc730,"nrf_cc310_bl_hash_sha256_finalize",0.170466197,-1.037032744,43.234176672,63.584595672
0x000f8510,"CRYS_COMMON_ReverseMemcpy32",10,0x000fd888,"__libc_init_array",0.112691478,-1.126769291,43.234176672,34.661576447
0x000f8510,"CRYS_COMMON_ReverseMemcpy32",11,0x000fd918,"strlen",0.138934352,-1.170794623,43.234176672,22.927287501
0x000f8510,"CRYS_COMMON_ReverseMemcpy32",12,0x000f9178,"sdh_state_observer_notify",0.121215774,-1.518352056,43.234176672,24.423210600
0x000f83ec,"DebugMon_Handler",1,0x000f82e4,"NMI_Handler",1.000000000,8.766523578,8.766523578,8.766523578
0x000f83ec,"DebugMon_Handler",2,0x000f82e6,"HardFault_Handler",1.000000000,8.766523578,8.766523578,8.766523578
0x000f83ec,"DebugMon_Handler",3,0x000f82e8,"MemoryManagement_Handler",1.000000000,8.766523578,8.766523578,8.766523578
0x000f83ec,"DebugMon_Handler",4,0x000f82ea,"BusFault_Handler",1.000000000,8.766523578,8.766523578,8.766523578
0x000f83ec,"DebugMon_Handler",5,0x000f82ec,"UsageFault_Handler",1.000000000,8.766523578,8.766523578,8.766523578
0x000f83ec,"DebugMon_Handler",6,0x000f82f0,"DebugMon_Handler",1.000000000,8.766523578,8.766523578,8.766523578
0x000f83ec,"DebugMon_Handler",7,0x000f82f2,"PendSV_Handler",1.000000000,8.766523578,8.766523578,8.766523578
0x000f83ec,"DebugMon_Handler",8,0x000f82f4,"SysTick_Handler",1.000000000,8.766523578,8.766523578,8.766523578
0x000f83ec,"DebugMon_Handler",9,0x000f82f6,"COMP_LPCOMP_IRQHandler",1.000000000,8.766523578,8.766523578,8.766523578
0x000f83ec,"DebugMon_Handler",10,0x000fd928,"_exit",1.000000000,8.766523578,8.766523578,8.766523578
0x000f83ec,"DebugMon_Handler",11,0x000f8240,"_stack_init",0.000000000,4.214273637,8.766523578,8.379975367
0x000f83ec,"DebugMon_Handler",12,0x000f87e4,"rmap",0.000000000,4.214273637,8.766523578,8.572937276
0x000f83f2,"Default_Handler",1,0x000f82e4,"NMI_Handler",1.000000000,8.766523578,8.766523578,8.766523578
0x000f83f2,"Default_Handler",2,0x000f82e6,"HardFault_Handler",1.000000000,8.766523578,8.766523578,8.766523578
0x000f83f2,"Default_Handler",3,0x000f82e8,"MemoryManagement_Handler",1.000000000,8.766523578,8.766523578,8.766523578
0x000f83f2,"Default_Handler",4,0x000f82ea,"BusFault_Handler",1.000000000,8.766523578,8.766523578,8.766523578
0x000f83f2,"Default_Handler",5,0x000f82ec,"UsageFault_Handler",1.000000000,8.766523578,8.766523578,8.766523578
0x000f83f2,"Default_Handler",6,0x000f82f0,"DebugMon_Handler",1.000000000,8.766523578,8.766523578,8.766523578
0x000f83f2,"Default_Handler",7,0x000f82f2,"PendSV_Handler",1.000000000,8.766523578,8.766523578,8.766523578
0x000f83f2,"Default_Handler",8,0x000f82f4,"SysTick_Handler",1.000000000,8.766523578,8.766523578,8.766523578
0x000f83f2,"Default_Handler",9,0x000f82f6,"COMP_LPCOMP_IRQHandler",1.000000000,8.766523578,8.766523578,8.766523578
0x000f83f2,"Default_Handler",10,0x000fd928,"_exit",1.000000000,8.766523578,8.766523578,8.766523578
0x000f83f2,"Default_Handler",11,0x000f8240,"_stack_init",0.000000000,4.214273637,8.766523578,8.379975367
0x000f83f2,"Default_Handler",12,0x000f87e4,"rmap",0.000000000,4.214273637,8.766523578,8.572937276
0x000f83e2,"HardFault_Handler",1,0x000f82e4,"NMI_Handler",1.000000000,8.766523578,8.766523578,8.766523578
0x000f83e2,"HardFault_Handler",2,0x000f82e6,"HardFault_Handler",1.000000000,8.766523578,8.766523578,8.766523578
0x000f83e2,"HardFault_Handler",3,0x000f82e8,"MemoryManagement_Handler",1.000000000,8.766523578,8.766523578,8.766523578
0x000f83e2,"HardFault_Handler",4,0x000f82ea,"BusFault_Handler",1.000000000,8.766523578,8.766523578,8.766523578
0x000f83e2,"HardFault_Handler",5,0x000f82ec,"UsageFault_Handler",1.000000000,8.766523578,8.766523578,8.766523578
0x000f83e2,"HardFault_Handler",6,0x000f82f0,"DebugMon_Handler",1.000000000,8.766523578,8.766523578,8.766523578
0x000f83e2,"HardFault_Handler",7,0x000f82f2,"PendSV_Handler",1.000000000,8.766523578,8.766523578,8.766523578
0x000f83e2,"HardFault_Handler",8,0x000f82f4,"SysTick_Handler",1.000000000,8.766523578,8.766523578,8.766523578
0x000f83e2,"HardFault_Handler",9,0x000f82f6,"COMP_LPCOMP_IRQHandler",1.000000000,8.766523578,8.766523578,8.766523578
0x000f83e2,"HardFault_Handler",10,0x000fd928,"_exit",1.000000000,8.766523578,8.766523578,8.766523578
0x000f83e2,"HardFault_Handler",11,0x000f8240,"_stack_init",0.000000000,4.214273637,8.766523578,8.379975367
0x000f83e2,"HardFault_Handler",12,0x000f87e4,"rmap",0.000000000,4.214273637,8.766523578,8.572937276
0x000f83e4,"MemoryManagement_Handler",1,0x000f82e4,"NMI_Handler",1.000000000,8.766523578,8.766523578,8.766523578
0x000f83e4,"MemoryManagement_Handler",2,0x000f82e6,"HardFault_Handler",1.000000000,8.766523578,8.766523578,8.766523578
0x000f83e4,"MemoryManagement_Handler",3,0x000f82e8,"MemoryManagement_Handler",1.000000000,8.766523578,8.766523578,8.766523578
0x000f83e4,"MemoryManagement_Handler",4,0x000f82ea,"BusFault_Handler",1.000000000,8.766523578,8.766523578,8.766523578
0x000f83e4,"MemoryManagement_Handler",5,0x000f82ec,"UsageFault_Handler",1.000000000,8.766523578,8.766523578,8.766523578
0x000f83e4,"MemoryManagement_Handler",6,0x000f82f0,"DebugMon_Handler",1.000000000,8.766523578,8.766523578,8.766523578
0x000f83e4,"MemoryManagement_Handler",7,0x000f82f2,"PendSV_Handler",1.000000000,8.766523578,8.766523578,8.766523578
0x000f83e4,"MemoryManagement_Handler",8,0x000f82f4,"SysTick_Handler",1.000000000,8.766523578,8.766523578,8.766523578
0x000f83e4,"MemoryManagement_Handler",9,0x000f82f6,"COMP_LPCOMP_IRQHandler",1.000000000,8.766523578,8.766523578,8.766523578
0x000f83e4,"MemoryManagement_Handler",10,0x000fd928,"_exit",1.000000000,8.766523578,8.766523578,8.766523578
0x000f83e4,"MemoryManagement_Handler",11,0x000f8240,"_stack_init",0.000000000,4.214273637,8.766523578,8.379975367
0x000f83e4,"MemoryManagement_Handler",12,0x000f87e4,"rmap",0.000000000,4.214273637,8.766523578,8.572937276
0x000f83e0,"NMI_Handler",1,0x000f82e4,"NMI_Handler",1.000000000,8.766523578,8.766523578,8.766523578
0x000f83e0,"NMI_Handler",2,0x000f82e6,"HardFault_Handler",1.000000000,8.766523578,8.766523578,8.766523578
0x000f83e0,"NMI_Handler",3,0x000f82e8,"MemoryManagement_Handler",1.000000000,8.766523578,8.766523578,8.766523578
0x000f83e0,"NMI_Handler",4,0x000f82ea,"BusFault_Handler",1.000000000,8.766523578,8.766523578,8.766523578
0x000f83e0,"NMI_Handler",5,0x000f82ec,"UsageFault_Handler",1.000000000,8.766523578,8.766523578,8.766523578
0x000f83e0,"NMI_Handler",6,0x000f82f0,"DebugMon_Handler",1.000000000,8.766523578,8.766523578,8.766523578
0x000f83e0,"NMI_Handler",7,0x000f82f2,"PendSV_Handler",1.000000000,8.766523578,8.766523578,8.766523578
0x000f83e0,"NMI_Handler",8,0x000f82f4,"SysTick_Handler",1.000000000,8.766523578,8.766523578,8.766523578
0x000f83e0,"NMI_Handler",9,0x000f82f6,"COMP_LPCOMP_IRQHandler",1.000000000,8.766523578,8.766523578,8.766523578
0x000f83e0,"NMI_Handler",10,0x000fd928,"_exit",1.000000000,8.766523578,8.766523578,8.766523578
0x000f83e0,"NMI_Handler",11,0x000f8240,"_stack_init",0.000000000,4.214273637,8.766523578,8.379975367
0x000f83e0,"NMI_Handler",12,0x000f87e4,"rmap",0.000000000,4.214273637,8.766523578,8.572937276
0x000f83ee,"PendSV_Handler",1,0x000f82e4,"NMI_Handler",1.000000000,8.766523578,8.766523578,8.766523578
0x000f83ee,"PendSV_Handler",2,0x000f82e6,"HardFault_Handler",1.000000000,8.766523578,8.766523578,8.766523578
0x000f83ee,"PendSV_Handler",3,0x000f82e8,"MemoryManagement_Handler",1.000000000,8.766523578,8.766523578,8.766523578
0x000f83ee,"PendSV_Handler",4,0x000f82ea,"BusFault_Handler",1.000000000,8.766523578,8.766523578,8.766523578
0x000f83ee,"PendSV_Handler",5,0x000f82ec,"UsageFault_Handler",1.000000000,8.766523578,8.766523578,8.766523578
0x000f83ee,"PendSV_Handler",6,0x000f82f0,"DebugMon_Handler",1.000000000,8.766523578,8.766523578,8.766523578
0x000f83ee,"PendSV_Handler",7,0x000f82f2,"PendSV_Handler",1.000000000,8.766523578,8.766523578,8.766523578
0x000f83ee,"PendSV_Handler",8,0x000f82f4,"SysTick_Handler",1.000000000,8.766523578,8.766523578,8.766523578
0x000f83ee,"PendSV_Handler",9,0x000f82f6,"COMP_LPCOMP_IRQHandler",1.000000000,8.766523578,8.766523578,8.766523578
0x000f83ee,"PendSV_Handler",10,0x000fd928,"_exit",1.000000000,8.766523578,8.766523578,8.766523578
0x000f83ee,"PendSV_Handler",11,0x000f8240,"_stack_init",0.000000000,4.214273637,8.766523578,8.379975367
0x000f83ee,"PendSV_Handler",12,0x000f87e4,"rmap",0.000000000,4.214273637,8.766523578,8.572937276
0x000f852c,"PkaAddAff",1,0x000f82e4,"NMI_Handler",0.096322694,-7.135709360,62.594338498,8.766523578
0x000f852c,"PkaAddAff",2,0x000f82e6,"HardFault_Handler",0.096322694,-7.135709360,62.594338498,8.766523578
0x000f852c,"PkaAddAff",3,0x000f82e8,"MemoryManagement_Handler",0.096322694,-7.135709360,62.594338498,8.766523578
0x000f852c,"PkaAddAff",4,0x000f82ea,"BusFault_Handler",0.096322694,-7.135709360,62.594338498,8.766523578
0x000f852c,"PkaAddAff",5,0x000f82ec,"UsageFault_Handler",0.096322694,-7.135709360,62.594338498,8.766523578
0x000f852c,"PkaAddAff",6,0x000f82f0,"DebugMon_Handler",0.096322694,-7.135709360,62.594338498,8.766523578
0x000f852c,"PkaAddAff",7,0x000f82f2,"PendSV_Handler",0.096322694,-7.135709360,62.594338498,8.766523578
0x000f852c,"PkaAddAff",8,0x000f82f4,"SysTick_Handler",0.096322694,-7.135709360,62.594338498,8.766523578
0x000f852c,"PkaAddAff",9,0x000f82f6,"COMP_LPCOMP_IRQHandler",0.096322694,-7.135709360,62.594338498,8.766523578
0x000f852c,"PkaAddAff",10,0x000fd928,"_exit",0.096322694,-7.135709360,62.594338498,8.766523578
0x000f852c,"PkaAddAff",11,0x000f866c,"nrf_atomic_u32_fetch_store",0.096991722,-7.459007769,62.594338498,20.043934639
0x000f852c,"PkaAddAff",12,0x000f97b8,"__NVIC_SystemReset",0.066042527,-7.705464445,62.594338498,11.873922398
0x000f8640,"PkaAddJcbAfn2Mdf",1,0x000fc910,"PkaSetRegsSizesTab",0.154895354,-6.711003948,76.905404504,22.442562969
0x000f8640,"PkaAddJcbAfn2Mdf",2,0x000f866c,"nrf_atomic_u32_fetch_store",0.121332746,-7.954561034,76.905404504,20.043934639
0x000f8640,"PkaAddJcbAfn2Mdf",3,0x000fd448,"PkaJcb2Afn",0.198509070,-8.268821306,76.905404504,48.341608100
0x000f8640,"PkaAddJcbAfn2Mdf",4,0x000f8682,"nrf_atomic_u32_fetch_or",0.115127205,-8.273764386,76.905404504,21.597634049
0x000f8640,"PkaAddJcbAfn2Mdf",5,0x000f869a,"nrf_atomic_u32_and",0.115127205,-8.273764386,76.905404504,21.597634049
0x000f8640,"PkaAddJcbAfn2Mdf",6,0x000fd918,"strlen",0.110510340,-8.592967738,76.905404504,22.927287501
0x000f8640,"PkaAddJcbAfn2Mdf",7,0x000f82e4,"NMI_Handler",0.086053364,-8.869566416,76.905404504,8.766523578
0x000f8640,"PkaAddJcbAfn2Mdf",8,0x000f82e6,"HardFault_Handler",0.086053364,-8.869566416,76.905404504,8.766523578
0x000f8640,"PkaAddJcbAfn2Mdf",9,0x000f82e8,"MemoryManagement_Handler",0.086053364,-8.869566416,76.905404504,8.766523578
0x000f8640,"PkaAddJcbAfn2Mdf",10,0x000f82ea,"BusFault_Handler",0.086053364,-8.869566416,76.905404504,8.766523578
0x000f8640,"PkaAddJcbAfn2Mdf",11,0x000f82ec,"UsageFault_Handler",0.086053364,-8.869566416,76.905404504,8.766523578
0x000f8640,"PkaAddJcbAfn2Mdf",12,0x000f82f0,"DebugMon_Handler",0.086053364,-8.869566416,76.905404504,8.766523578
0x000f87d4,"PkaClearBlockOfRegs",1,0x000fc9c8,"PkaClearBlockOfRegs",0.650765681,85.523242098,161.961052329,146.558511690
0x000f87d4,"PkaClearBlockOfRegs",2,0x000fcb2c,"PkaCopyDataIntoPkaReg",0.172383914,-2.106277621,161.961052329,101.685937537
0x000f87d4,"PkaClearBlockOfRegs",3,0x000fc7c4,"PkaSetRegsMapTab",0.126815943,-4.506845536,161.961052329,37.264814671
0x000f87d4,"PkaClearBlockOfRegs",4,0x000fd888,"__libc_init_array",0.122111728,-4.662459086,161.961052329,34.661576447
0x000f87d4,"PkaClearBlockOfRegs",5,0x000f82bc,"Reset_Handler",0.111122056,-5.446748980,161.961052329,26.461217820
0x000f87d4,"PkaClearBlockOfRegs",6,0x000f8c48,"nvmc_wait",0.113464960,-5.799341812,161.961052329,14.328249014
0x000f87d4,"PkaClearBlockOfRegs",7,0x000f94d8,"wait_for_flash_ready",0.113464960,-5.799341812,161.961052329,14.328249014
0x000f87d4,"PkaClearBlockOfRegs",8,0x000fa060,"wdt_feed",0.091845176,-7.468797534,161.961052329,34.451333587
0x000f87d4,"PkaClearBlockOfRegs",9,0x000fa094,"wdt_feed_timer_handler",0.091845176,-7.468797534,161.961052329,34.451333587
0x000f87d4,"PkaClearBlockOfRegs",10,0x000fc910,"PkaSetRegsSizesTab",0.082826906,-7.556395072,161.961052329,22.442562969
0x000f87d4,"PkaClearBlockOfRegs",11,0x000fd918,"strlen",0.076371116,-7.826601525,161.961052329,22.927287501
0x000f87d4,"PkaClearBlockOfRegs",12,0x000fd908,"memset",0.074833624,-7.876898619,161.961052329,20.537093130
0x000f8914,"PkaCopyDataIntoPkaReg",1,0x000fcb2c,"PkaCopyDataIntoPkaReg",0.686419406,63.753776949,106.810014404,101.685937537
0x000f8914,"PkaCopyDataIntoPkaReg",2,0x000fc9c8,"PkaClearBlockOfRegs",0.196996397,0.959869471,106.810014404,146.558511690
0x000f8914,"PkaCopyDataIntoPkaReg",3,0x000fc7c4,"PkaSetRegsMapTab",0.170142932,-0.342508077,106.810014404,37.264814671
0x000f8914,"PkaCopyDataIntoPkaReg",4,0x000fd918,"strlen",0.157435758,-1.998926940,106.810014404,22.927287501
0x000f8914,"PkaCopyDataIntoPkaReg",5,0x000fd908,"memset",0.123614428,-3.939238057,106.810014404,20.537093130
0x000f8914,"PkaCopyDataIntoPkaReg",6,0x000fc910,"PkaSetRegsSizesTab",0.119464560,-4.066159082,106.810014404,22.442562969
0x000f8914,"PkaCopyDataIntoPkaReg",7,0x000f975c,"nrf_crypto_internal_swap_endian_in_place",0.112371536,-4.367139146,106.810014404,29.145400264
0x000f8914,"PkaCopyDataIntoPkaReg",8,0x000fc80c,"PkaGetRegEffectiveSizeInBits",0.141750491,-5.154565637,106.810014404,85.362759231
0x000f8914,"PkaCopyDataIntoPkaReg",9,0x000f82bc,"Reset_Handler",0.103731311,-5.253258566,106.810014404,26.461217820
0x000f8914,"PkaCopyDataIntoPkaReg",10,0x000fa1b6,"pb_field_iter_find",0.108641227,-5.909054879,106.810014404,36.710176325
0x000f8914,"PkaCopyDataIntoPkaReg",11,0x000f9774,"nrf_crypto_internal_swap_endian",0.077852800,-6.418774531,106.810014404,26.570915745
0x000f8914,"PkaCopyDataIntoPkaReg",12,0x000f82e4,"NMI_Handler",0.072168350,-6.422344538,106.810014404,8.766523578
0x000f89d0,"PkaDoubleMdf2Jcb",1,0x000f866c,"nrf_atomic_u32_fetch_store",0.131698154,-7.521411635,66.184784865,20.043934639
0x000f89d0,"PkaDoubleMdf2Jcb",2,0x000f8682,"nrf_atomic_u32_fetch_or",0.124962476,-7.835087100,66.184784865,21.597634049
0x000f89d0,"PkaDoubleMdf2Jcb",3,0x000f869a,"nrf_atomic_u32_and",0.124962476,-7.835087100,66.184784865,21.597634049
0x000f89d0,"PkaDoubleMdf2Jcb",4,0x000fc910,"PkaSetRegsSizesTab",0.121707463,-8.148762564,66.184784865,22.442562969
0x000f89d0,"PkaDoubleMdf2Jcb",5,0x000fd918,"strlen",0.119951194,-8.148762564,66.184784865,22.927287501
0x000f89d0,"PkaDoubleMdf2Jcb",6,0x000f82e4,"NMI_Handler",0.093404868,-8.481697641,66.184784865,8.766523578
0x000f89d0,"PkaDoubleMdf2Jcb",7,0x000f82e6,"HardFault_Handler",0.093404868,-8.481697641,66.184784865,8.766523578
0x000f89d0,"PkaDoubleMdf2Jcb",8,0x000f82e8,"MemoryManagement_Handler",0.093404868,-8.481697641,66.184784865,8.766523578
0x000f89d0,"PkaDoubleMdf2Jcb",9,0x000f82ea,"BusFault_Handler",0.093404868,-8.481697641,66.184784865,8.766523578
0x000f89d0,"PkaDoubleMdf2Jcb",10,0x000f82ec,"UsageFault_Handler",0.093404868,-8.481697641,66.184784865,8.766523578
0x000f89d0,"PkaDoubleMdf2Jcb",11,0x000f82f0,"DebugMon_Handler",0.093404868,-8.481697641,66.184784865,8.766523578
0x000f89d0,"PkaDoubleMdf2Jcb",12,0x000f82f2,"PendSV_Handler",0.093404868,-8.481697641,66.184784865,8.766523578
0x000f8b48,"PkaDoubleMdf2Mdf",1,0x000f866c,"nrf_atomic_u32_fetch_store",0.129537848,-8.273928443,68.208600803,20.043934639
0x000f8b48,"PkaDoubleMdf2Mdf",2,0x000f8682,"nrf_atomic_u32_fetch_or",0.122912658,-8.596743575,68.208600803,21.597634049
0x000f8b48,"PkaDoubleMdf2Mdf",3,0x000f869a,"nrf_atomic_u32_and",0.122912658,-8.596743575,68.208600803,21.597634049
0x000f8b48,"PkaDoubleMdf2Mdf",4,0x000fc910,"PkaSetRegsSizesTab",0.119711039,-8.919558706,68.208600803,22.442562969
0x000f8b48,"PkaDoubleMdf2Mdf",5,0x000fd918,"strlen",0.117983578,-8.919558706,68.208600803,22.927287501
0x000f8b48,"PkaDoubleMdf2Mdf",6,0x000f82e4,"NMI_Handler",0.091872705,-9.159348633,68.208600803,8.766523578
0x000f8b48,"PkaDoubleMdf2Mdf",7,0x000f82e6,"HardFault_Handler",0.091872705,-9.159348633,68.208600803,8.766523578
0x000f8b48,"PkaDoubleMdf2Mdf",8,0x000f82e8,"MemoryManagement_Handler",0.091872705,-9.159348633,68.208600803,8.766523578
0x000f8b48,"PkaDoubleMdf2Mdf",9,0x000f82ea,"BusFault_Handler",0.091872705,-9.159348633,68.208600803,8.766523578
0x000f8b48,"PkaDoubleMdf2Mdf",10,0x000f82ec,"UsageFault_Handler",0.091872705,-9.159348633,68.208600803,8.766523578
0x000f8b48,"PkaDoubleMdf2Mdf",11,0x000f82f0,"DebugMon_Handler",0.091872705,-9.159348633,68.208600803,8.766523578
0x000f8b48,"PkaDoubleMdf2Mdf",12,0x000f82f2,"PendSV_Handler",0.091872705,-9.159348633,68.208600803,8.766523578
0x000f8cf4,"PkaEcdsaVerify",1,0x000fc584,"nrf_cc310_bl_ecdsa_verify_secp256r1",0.088027346,-11.515396388,126.085257645,18.697918980
0x000f8cf4,"PkaEcdsaVerify",2,0x000f82e4,"NMI_Handler",0.066122670,-11.837383769,126.085257645,8.766523578
0x000f8cf4,"PkaEcdsaVerify",3,0x000f82e6,"HardFault_Handler",0.066122670,-11.837383769,126.085257645,8.766523578
0x000f8cf4,"PkaEcdsaVerify",4,0x000f82e8,"MemoryManagement_Handler",0.066122670,-11.837383769,126.085257645,8.766523578
0x000f8cf4,"PkaEcdsaVerify",5,0x000f82ea,"BusFault_Handler",0.066122670,-11.837383769,126.085257645,8.766523578
0x000f8cf4,"PkaEcdsaVerify",6,0x000f82ec,"UsageFault_Handler",0.066122670,-11.837383769,126.085257645,8.766523578
0x000f8cf4,"PkaEcdsaVerify",7,0x000f82f0,"DebugMon_Handler",0.066122670,-11.837383769,126.085257645,8.766523578
0x000f8cf4,"PkaEcdsaVerify",8,0x000f82f2,"PendSV_Handler",0.066122670,-11.837383769,126.085257645,8.766523578
0x000f8cf4,"PkaEcdsaVerify",9,0x000f82f4,"SysTick_Handler",0.066122670,-11.837383769,126.085257645,8.766523578
0x000f8cf4,"PkaEcdsaVerify",10,0x000f82f6,"COMP_LPCOMP_IRQHandler",0.066122670,-11.837383769,126.085257645,8.766523578
0x000f8cf4,"PkaEcdsaVerify",11,0x000fd928,"_exit",0.066122670,-11.837383769,126.085257645,8.766523578
0x000f8cf4,"PkaEcdsaVerify",12,0x000f97b8,"__NVIC_SystemReset",0.045336234,-12.525049098,126.085257645,11.873922398
0x000f8f80,"PkaFinishAndMutexUnlock",1,0x000fcb08,"PkaFinishAndMutexUnlock",0.809839909,18.109362604,22.196951884,22.124799157
0x000f8f80,"PkaFinishAndMutexUnlock",2,0x000fbea8,"nrf_dfu_validation_init_cmd_create",0.413043556,8.413138219,22.196951884,25.968053209
0x000f8f80,"PkaFinishAndMutexUnlock",3,0x000f95b6,"nrf_crypto_internal_ecc_raw_input_check",0.297894499,6.712904314,22.196951884,20.893639822
0x000f8f80,"PkaFinishAndMutexUnlock",4,0x000f959e,"nrf_crypto_internal_ecc_key_input_check",0.288940553,5.935528625,22.196951884,21.830400154
0x000f8f80,"PkaFinishAndMutexUnlock",5,0x000fc3b4,"verify_context_ecdsa_verify_secp256r1",0.242806528,5.329698282,22.196951884,20.594658968
0x000f8f80,"PkaFinishAndMutexUnlock",6,0x000fc638,"verify_context_hash_sha256",0.242806528,5.329698282,22.196951884,20.594658968
0x000f8f80,"PkaFinishAndMutexUnlock",7,0x000f8ed8,"hash_result_get",0.323992957,4.147451175,22.196951884,38.446979493
0x000f8f80,"PkaFinishAndMutexUnlock",8,0x000f9de4,"nrf_bootloader_dfu_inactivity_timer_restart",0.169989366,3.924403078,22.196951884,22.957625372
0x000f8f80,"PkaFinishAndMutexUnlock",9,0x000f9584,"nrf_crypto_internal_ecc_key_output_prepare",0.222727323,3.884298930,22.196951884,23.342888392
0x000f8f80,"PkaFinishAndMutexUnlock",10,0x000f985c,"nrf_dfu_set_adv_name_handler",0.189490183,3.534123324,22.196951884,19.648848308
0x000f8f80,"PkaFinishAndMutexUnlock",11,0x000fc658,"nrf_cc310_bl_hash_sha256_init",0.183029689,3.534123324,22.196951884,20.628690448
0x000f8f80,"PkaFinishAndMutexUnlock",12,0x000fb92c,"nrf_dfu_settings_adv_name_write",0.235646705,3.226574396,22.196951884,29.795569392
0x000f8fa4,"PkaGetNextMsBit",1,0x000fc89c,"PkaGetNextMsBit",0.669755783,38.885965531,65.530341970,61.639874465
0x000f8fa4,"PkaGetNextMsBit",2,0x000f9b98,"nrf_bootloader_flash_protect",0.135829434,-1.655907122,65.530341970,38.965021271
0x000f8fa4,"PkaGetNextMsBit",3,0x000f96b4,"nrf_crypto_hash_finalize",0.138004213,-1.922486883,65.530341970,40.417589591
0x000f8fa4,"PkaGetNextMsBit",4,0x000f9680,"nrf_crypto_hash_update",0.127798023,-2.622423329,65.530341970,35.569951845
0x000f8fa4,"PkaGetNextMsBit",5,0x000fc3b4,"verify_context_ecdsa_verify_secp256r1",0.127995654,-2.908157014,65.530341970,20.594658968
0x000f8fa4,"PkaGetNextMsBit",6,0x000fc638,"verify_context_hash_sha256",0.127995654,-2.908157014,65.530341970,20.594658968
0x000f8fa4,"PkaGetNextMsBit",7,0x000f959e,"nrf_crypto_internal_ecc_key_input_check",0.112832051,-3.372627594,65.530341970,21.830400154
0x000f8fa4,"PkaGetNextMsBit",8,0x000f8b04,"nrf_fstorage_sdh_state_handler",0.113095247,-3.597703413,65.530341970,19.529411617
0x000f8fa4,"PkaGetNextMsBit",9,0x000f9930,"SVC_Handler",0.095143704,-4.064713449,65.530341970,25.112414450
0x000f8fa4,"PkaGetNextMsBit",10,0x000fa348,"pb_read",0.111363688,-4.086389990,65.530341970,60.871725966
0x000f8fa4,"PkaGetNextMsBit",11,0x000fa9b8,"pb_decode_svarint",0.089716968,-4.536381940,65.530341970,39.590748545
0x000f8fa4,"PkaGetNextMsBit",12,0x000f95b6,"nrf_crypto_internal_ecc_raw_input_check",0.086603284,-4.539574081,65.530341970,20.893639822
0x000f9018,"PkaGetRegEffectiveSizeInBits",1,0x000fc80c,"PkaGetRegEffectiveSizeInBits",0.547443184,39.561827705,90.200731320,85.362759231
0x000f9018,"PkaGetRegEffectiveSizeInBits",2,0x000fc7c4,"PkaSetRegsMapTab",0.104373867,-4.791240142,90.200731320,37.264814671
0x000f9018,"PkaGetRegEffectiveSizeInBits",3,0x000fc910,"PkaSetRegsSizesTab",0.092202206,-4.913195093,90.200731320,22.442562969
0x000f9018,"PkaGetRegEffectiveSizeInBits",4,0x000fa1b6,"pb_field_iter_find",0.105180516,-5.464363625,90.200731320,36.710176325
0x000f9018,"PkaGetRegEffectiveSizeInBits",5,0x000f866c,"nrf_atomic_u32_fetch_store",0.079515337,-5.596690160,90.200731320,20.043934639
0x000f9018,"PkaGetRegEffectiveSizeInBits",6,0x000fcb2c,"PkaCopyDataIntoPkaReg",0.141254532,-5.646049313,90.200731320,101.685937537
0x000f9018,"PkaGetRegEffectiveSizeInBits",7,0x000f82e4,"NMI_Handler",0.078966857,-5.781306089,90.200731320,8.766523578
0x000f9018,"PkaGetRegEffectiveSizeInBits",8,0x000f82e6,"HardFault_Handler",0.078966857,-5.781306089,90.200731320,8.766523578
0x000f9018,"PkaGetRegEffectiveSizeInBits",9,0x000f82e8,"MemoryManagement_Handler",0.078966857,-5.781306089,90.200731320,8.766523578
0x000f9018,"PkaGetRegEffectiveSizeInBits",10,0x000f82ea,"BusFault_Handler",0.078966857,-5.781306089,90.200731320,8.766523578
0x000f9018,"PkaGetRegEffectiveSizeInBits",11,0x000f82ec,"UsageFault_Handler",0.078966857,-5.781306089,90.200731320,8.766523578
0x000f9018,"PkaGetRegEffectiveSizeInBits",12,0x000f82f0,"DebugMon_Handler",0.078966857,-5.781306089,90.200731320,8.766523578
0x000f9490,"PkaInitAndMutexLock",1,0x000fc9c0,"PkaInitAndMutexLock",1.000000000,10.133091162,10.133091162,10.133091162
0x000f9490,"PkaInitAndMutexLock",2,0x000fce7c,"SaSi_PalMemSetZero",1.000000000,10.133091162,10.133091162,10.133091162
0x000f9490,"PkaInitAndMutexLock",3,0x000f981c,"app_error_fault_handler",0.279990482,5.551358401,10.133091162,9.202545620
0x000f9490,"PkaInitAndMutexLock",4,0x000f9822,"app_error_handler_bare",0.279990482,5.551358401,10.133091162,9.202545620
0x000f9490,"PkaInitAndMutexLock",5,0x000f87fc,"uninit",0.251557098,5.551358401,10.133091162,9.965084063
0x000f9490,"PkaInitAndMutexLock",6,0x000f86b2,"nrf_atomic_flag_set_fetch",0.247998903,5.551358401,10.133091162,10.079396111
0x000f9490,"PkaInitAndMutexLock",7,0x000f86b8,"nrf_atomic_flag_clear",0.247998903,5.551358401,10.133091162,10.079396111
0x000f9490,"PkaInitAndMutexLock",8,0x000fab70,"on_flash_write",0.247998903,5.551358401,10.133091162,10.079396111
0x000f9490,"PkaInitAndMutexLock",9,0x000fb8b8,"nrf_dfu_settings_backup",0.247998903,5.551358401,10.133091162,10.079396111
0x000f9490,"PkaInitAndMutexLock",10,0x000f880c,"read",0.246378844,5.551358401,10.133091162,10.133091162
0x000f9490,"PkaInitAndMutexLock",11,0x000f8958,"read",0.246378844,5.551358401,10.133091162,10.133091162
0x000f9490,"PkaInitAndMutexLock",12,0x000fb2fc,"nrf_dfu_flash_store",0.246378844,5.551358401,10.133091162,10.133091162
0x000f90a8,"PkaInitPka",1,0x000fc94c,"PkaInitPka",0.571658982,33.490458632,62.912208286,74.763879024
0x000f90a8,"PkaInitPka",2,0x000f9994,"dfu_observer",0.186826630,1.406860491,62.912208286,43.557018114
0x000f90a8,"PkaInitPka",3,0x000f8ed8,"hash_result_get",0.154540749,-1.027715402,62.912208286,38.446979493
0x000f90a8,"PkaInitPka",4,0x000f9b98,"nrf_bootloader_flash_protect",0.148130054,-1.089515820,62.912208286,38.965021271
0x000f90a8,"PkaInitPka",5,0x000fbbdc,"is_major_softdevice_update",0.136981211,-1.364701480,62.912208286,47.159693795
0x000f90a8,"PkaInitPka",6,0x000fa0b0,"nrf_bootloader_wdt_init",0.141243716,-1.623221067,62.912208286,34.810676806
0x000f90a8,"PkaInitPka",7,0x000f9ca4,"timer_init",0.151028061,-1.923912408,62.912208286,31.199830201
0x000f90a8,"PkaInitPka",8,0x000faa84,"dfu_observer",0.139349250,-2.225831874,62.912208286,24.346816371
0x000f90a8,"PkaInitPka",9,0x000fa1e4,"buf_read",0.115774864,-2.564931069,62.912208286,32.420387120
0x000f90a8,"PkaInitPka",10,0x000fcb08,"PkaFinishAndMutexUnlock",0.128880822,-2.674015911,62.912208286,22.124799157
0x000f90a8,"PkaInitPka",11,0x000f8a60,"nrf_fstorage_sys_evt_handler",0.151891017,-2.780529275,62.912208286,109.470564857
0x000f90a8,"PkaInitPka",12,0x000fa348,"pb_read",0.118681057,-2.783551866,62.912208286,60.871725966
0x000f9124,"PkaJcb2Afn",1,0x000fd448,"PkaJcb2Afn",0.268198665,1.617957310,70.215596145,48.341608100
0x000f9124,"PkaJcb2Afn",2,0x000fc910,"PkaSetRegsSizesTab",0.162764964,-3.105028583,70.215596145,22.442562969
0x000f9124,"PkaJcb2Afn",3,0x000f866c,"nrf_atomic_u32_fetch_store",0.127497176,-4.513086090,70.215596145,20.043934639
0x000f9124,"PkaJcb2Afn",4,0x000f8682,"nrf_atomic_u32_fetch_or",0.120976356,-4.753793439,70.215596145,21.597634049
0x000f9124,"PkaJcb2Afn",5,0x000f869a,"nrf_atomic_u32_and",0.120976356,-4.753793439,70.215596145,21.597634049
0x000f9124,"PkaJcb2Afn",6,0x000fd918,"strlen",0.116124926,-4.994500788,70.215596145,22.927287501
0x000f9124,"PkaJcb2Afn",7,0x000f82e4,"NMI_Handler",0.090425390,-6.071076326,70.215596145,8.766523578
0x000f9124,"PkaJcb2Afn",8,0x000f82e6,"HardFault_Handler",0.090425390,-6.071076326,70.215596145,8.766523578
0x000f9124,"PkaJcb2Afn",9,0x000f82e8,"MemoryManagement_Handler",0.090425390,-6.071076326,70.215596145,8.766523578
0x000f9124,"PkaJcb2Afn",10,0x000f82ea,"BusFault_Handler",0.090425390,-6.071076326,70.215596145,8.766523578
0x000f9124,"PkaJcb2Afn",11,0x000f82ec,"UsageFault_Handler",0.090425390,-6.071076326,70.215596145,8.766523578
0x000f9124,"PkaJcb2Afn",12,0x000f82f0,"DebugMon_Handler",0.090425390,-6.071076326,70.215596145,8.766523578
0x000f91d4,"PkaSetRegsMapTab",1,0x000fc7c4,"PkaSetRegsMapTab",0.852101416,32.311058456,41.864773156,37.264814671
0x000f91d4,"PkaSetRegsMapTab",2,0x000fb9cc,"nrf_dfu_transports_init",0.226864966,3.466346285,41.864773156,31.431685470
0x000f91d4,"PkaSetRegsMapTab",3,0x000fb9fc,"nrf_dfu_transports_close",0.226864966,3.466346285,41.864773156,31.431685470
0x000f91d4,"PkaSetRegsMapTab",4,0x000f9724,"nrf_crypto_init",0.222440471,3.454827884,41.864773156,32.453061159
0x000f91d4,"PkaSetRegsMapTab",5,0x000f82bc,"Reset_Handler",0.218383579,2.113602933,41.864773156,26.461217820
0x000f91d4,"PkaSetRegsMapTab",6,0x000fd888,"__libc_init_array",0.165464505,1.399688281,41.864773156,34.661576447
0x000f91d4,"PkaSetRegsMapTab",7,0x000fce84,"CRYS_COMMON_ReverseMemcpy32",0.140461471,1.204755378,41.864773156,43.234176672
0x000f91d4,"PkaSetRegsMapTab",8,0x000fd8d0,"memcmp",0.145052104,0.971000041,41.864773156,37.212197940
0x000f91d4,"PkaSetRegsMapTab",9,0x000fd918,"strlen",0.203693564,0.811075051,41.864773156,22.927287501
0x000f91d4,"PkaSetRegsMapTab",10,0x000fc910,"PkaSetRegsSizesTab",0.186354496,0.317804986,41.864773156,22.442562969
0x000f91d4,"PkaSetRegsMapTab",11,0x000f881c,"erase",0.136462562,0.196673777,41.864773156,41.869569817
0x000f91d4,"PkaSetRegsMapTab",12,0x000fa1b6,"pb_field_iter_find",0.132779681,0.026905408,41.864773156,36.710176325
0x000f921c,"PkaSetRegsSizesTab",1,0x000fc910,"PkaSetRegsSizesTab",0.387969490,5.730135092,38.535873200,22.442562969
0x000f921c,"PkaSetRegsSizesTab",2,0x000fc7c4,"PkaSetRegsMapTab",0.141871185,-0.510516863,38.535873200,37.264814671
0x000f921c,"PkaSetRegsSizesTab",3,0x000f866c,"nrf_atomic_u32_fetch_store",0.179131461,-1.134483570,38.535873200,20.043934639
0x000f921c,"PkaSetRegsSizesTab",4,0x000f8682,"nrf_atomic_u32_fetch_or",0.169969814,-1.171732887,38.535873200,21.597634049
0x000f921c,"PkaSetRegsSizesTab",5,0x000f869a,"nrf_atomic_u32_and",0.169969814,-1.171732887,38.535873200,21.597634049
0x000f921c,"PkaSetRegsSizesTab",6,0x000fd918,"strlen",0.163153635,-1.208982205,38.535873200,22.927287501
0x000f921c,"PkaSetRegsSizesTab",7,0x000fa1b6,"pb_field_iter_find",0.108527949,-2.165428346,38.535873200,36.710176325
0x000f921c,"PkaSetRegsSizesTab",8,0x000f9774,"nrf_crypto_internal_swap_endian",0.115745151,-2.191930747,38.535873200,26.570915745
0x000f921c,"PkaSetRegsSizesTab",9,0x000f975c,"nrf_crypto_internal_swap_endian_in_place",0.109115327,-2.229180065,38.535873200,29.145400264
0x000f921c,"PkaSetRegsSizesTab",10,0x000fce84,"CRYS_COMMON_ReverseMemcpy32",0.086022572,-2.601673239,38.535873200,43.234176672
0x000f921c,"PkaSetRegsSizesTab",11,0x000f82bc,"Reset_Handler",0.105973883,-2.901143005,38.535873200,26.461217820
0x000f921c,"PkaSetRegsSizesTab",12,0x000fd908,"memset",0.105669645,-3.151141311,38.535873200,20.537093130
0x000f9258,"PkaSum2ScalarMullt",1,0x000fd60c,"PkaSum2ScalarMullt",0.607463348,77.054740039,177.797671373,169.149852208
0x000f9258,"PkaSum2ScalarMullt",2,0x000fa1b6,"pb_field_iter_find",0.115760837,-7.306507323,177.797671373,36.710176325
0x000f9258,"PkaSum2ScalarMullt",3,0x000fbea8,"nrf_dfu_validation_init_cmd_create",0.078310734,-9.622924018,177.797671373,25.968053209
0x000f9258,"PkaSum2ScalarMullt",4,0x000f82e4,"NMI_Handler",0.055281683,-9.672637679,177.797671373,8.766523578
0x000f9258,"PkaSum2ScalarMullt",5,0x000f82e6,"HardFault_Handler",0.055281683,-9.672637679,177.797671373,8.766523578
0x000f9258,"PkaSum2ScalarMullt",6,0x000f82e8,"MemoryManagement_Handler",0.055281683,-9.672637679,177.797671373,8.766523578
0x000f9258,"PkaSum2ScalarMullt",7,0x000f82ea,"BusFault_Handler",0.055281683,-9.672637679,177.797671373,8.766523578
0x000f9258,"PkaSum2ScalarMullt",8,0x000f82ec,"UsageFault_Handler",0.055281683,-9.672637679,177.797671373,8.766523578
0x000f9258,"PkaSum2ScalarMullt",9,0x000f82f0,"DebugMon_Handler",0.055281683,-9.672637679,177.797671373,8.766523578
0x000f9258,"PkaSum2ScalarMullt",10,0x000f82f2,"PendSV_Handler",0.055281683,-9.672637679,177.797671373,8.766523578
0x000f9258,"PkaSum2ScalarMullt",11,0x000f82f4,"SysTick_Handler",0.055281683,-9.672637679,177.797671373,8.766523578
0x000f9258,"PkaSum2ScalarMullt",12,0x000f82f6,"COMP_LPCOMP_IRQHandler",0.055281683,-9.672637679,177.797671373,8.766523578
0x000f9998,"RTC2_IRQHandler",1,0x000f9d28,"RTC2_IRQHandler",0.149964371,-3.066293690,79.196998400,69.812088109
0x000f9998,"RTC2_IRQHandler",2,0x000fb744,"nrf_dfu_settings_reinit",0.142626088,-3.663845499,79.196998400,104.120436085
0x000f9998,"RTC2_IRQHandler",3,0x000fd888,"__libc_init_array",0.106245517,-5.071892909,79.196998400,34.661576447
0x000f9998,"RTC2_IRQHandler",4,0x000fb964,"nrf_dfu_settings_adv_name_copy",0.067249005,-5.770796760,79.196998400,16.517275992
0x000f9998,"RTC2_IRQHandler",5,0x000fbe8c,"nrf_dfu_validation_init",0.064496885,-5.770796760,79.196998400,17.433127988
0x000f9998,"RTC2_IRQHandler",6,0x000fba44,"nrf_dfu_bank0_start_addr",0.062866886,-5.932049678,79.196998400,18.512561266
0x000f9998,"RTC2_IRQHandler",7,0x000fb9cc,"nrf_dfu_transports_init",0.073423788,-6.015467735,79.196998400,31.431685470
0x000f9998,"RTC2_IRQHandler",8,0x000fb9fc,"nrf_dfu_transports_close",0.073423788,-6.015467735,79.196998400,31.431685470
0x000f9998,"RTC2_IRQHandler",9,0x000fb698,"nrf_dfu_req_handler_on_req",0.061258264,-6.189469674,79.196998400,18.368693562
0x000f9998,"RTC2_IRQHandler",10,0x000f9724,"nrf_crypto_init",0.071991821,-6.213535279,79.196998400,32.453061159
0x000f9998,"RTC2_IRQHandler",11,0x000f8c20,"nrf52_errata_98",0.055888659,-6.328184767,79.196998400,21.829653284
0x000f9998,"RTC2_IRQHandler",12,0x000fb2cc,"dfu_fstorage_evt_handler",0.060557656,-6.387537219,79.196998400,18.656314793
0x000f83d8,"Reset_Handler",1,0x000f8774,"nrf_fstorage_write",0.450929423,4.163538133,12.165869517,13.434864643
0x000f83d8,"Reset_Handler",2,0x000f8782,"nrf_fstorage_erase",0.450929423,4.163538133,12.165869517,13.434864643
0x000f83d8,"Reset_Handler",3,0x000f87d8,"init",0.000000000,3.382326221,12.165869517,10.611468972
0x000f83d8,"Reset_Handler",4,0x000f8944,"nrf_fstorage_sdh_req_handler",0.000000000,3.382326221,12.165869517,11.393174392
0x000f83d8,"Reset_Handler",5,0x000f8968,"uninit",0.000000000,3.382326221,12.165869517,11.866338467
0x000f83d8,"Reset_Handler",6,0x000f97b8,"__NVIC_SystemReset",0.000000000,3.382326221,12.165869517,11.873922398
0x000f83d8,"Reset_Handler",7,0x000f9944,"ble_srv_is_notification_enabled",0.000000000,3.382326221,12.165869517,11.393337701
0x000f83d8,"Reset_Handler",8,0x000f995c,"do_reset",0.000000000,3.382326221,12.165869517,11.873922398
0x000f83d8,"Reset_Handler",9,0x000f9980,"inactivity_timeout",0.000000000,3.382326221,12.165869517,11.281974576
0x000f83d8,"Reset_Handler",10,0x000faa5c,"pb_dec_fixed32",0.000000000,3.382326221,12.165869517,11.686790572
0x000f83d8,"Reset_Handler",11,0x000faa7c,"pb_dec_fixed64",0.000000000,3.382326221,12.165869517,11.686790572
0x000f83d8,"Reset_Handler",12,0x000fba2c,"nrf_dfu_bank_invalidate",0.000000000,3.382326221,12.165869517,11.537451209
0x000f83c4,"SVC_Handler",1,0x000f9930,"SVC_Handler",1.000000000,25.112414450,25.112414450,25.112414450
0x000f83c4,"SVC_Handler",2,0x000f82f8,"app_sched_init",0.303811036,6.029604233,25.112414450,32.347923690
0x000f83c4,"SVC_Handler",3,0x000f8b04,"nrf_fstorage_sdh_state_handler",0.291718799,4.845059718,25.112414450,19.529411617
0x000f83c4,"SVC_Handler",4,0x000fba44,"nrf_dfu_bank0_start_addr",0.188498523,2.250384421,25.112414450,18.512561266
0x000f83c4,"SVC_Handler",5,0x000f9094,"bsp_board_led_on",0.147213906,2.242373523,25.112414450,26.508397982
0x000f83c4,"SVC_Handler",6,0x000f90bc,"bsp_board_led_off",0.147213906,2.242373523,25.112414450,26.508397982
0x000f83c4,"SVC_Handler",7,0x000f8be0,"nrf_section_iter_init",0.106481431,2.052104917,25.112414450,21.981283081
0x000f83c4,"SVC_Handler",8,0x000fc658,"nrf_cc310_bl_hash_sha256_init",0.111298497,1.382244900,25.112414450,20.628690448
0x000f83c4,"SVC_Handler",9,0x000f9b98,"nrf_bootloader_flash_protect",0.186846257,0.951379129,25.112414450,38.965021271
0x000f83c4,"SVC_Handler",10,0x000fbea8,"nrf_dfu_validation_init_cmd_create",0.095254442,0.712977376,25.112414450,25.968053209
0x000f83c4,"SVC_Handler",11,0x000fbed8,"nrf_dfu_validation_init_cmd_append",0.090051848,0.712977376,25.112414450,28.340777790
0x000f83c4,"SVC_Handler",12,0x000f959e,"nrf_crypto_internal_ecc_key_input_check",0.045244144,0.493928939,25.112414450,21.830400154
0x000f9c30,"SWI0_EGU0_IRQHandler",1,0x000f8c0c,"nrf52_errata_36",0.259080559,5.544903925,10.126636686,9.697243372
0x000f9c30,"SWI0_EGU0_IRQHandler",2,0x000fb384,"nrf_dfu_mbr_irq_forward_address_set",0.258617307,5.544903925,10.126636686,9.710465577
0x000f9c30,"SWI0_EGU0_IRQHandler",3,0x000fb328,"ext_error_set",0.256132423,5.544903925,10.126636686,9.782618304
0x000f9c30,"SWI0_EGU0_IRQHandler",4,0x000f9010,"cc310_bl_backend_uninit",0.253495371,5.544903925,10.126636686,9.861522050
0x000f9c30,"SWI0_EGU0_IRQHandler",5,0x000fa098,"WDT_IRQHandler",0.253495371,5.544903925,10.126636686,9.861522050
0x000f9c30,"SWI0_EGU0_IRQHandler",6,0x000f9054,"cc310_bl_backend_enable",0.251153903,5.544903925,10.126636686,9.933674777
0x000f9c30,"SWI0_EGU0_IRQHandler",7,0x000f9950,"flash_write_callback",0.251153903,5.544903925,10.126636686,9.933674777
0x000f9c30,"SWI0_EGU0_IRQHandler",8,0x000f9e40,"flash_write_callback",0.251153903,5.544903925,10.126636686,9.933674777
0x000f9c30,"SWI0_EGU0_IRQHandler",9,0x000fd7f0,"SaSi_HalClearInterruptBit",0.251153903,5.544903925,10.126636686,9.933674777
0x000f9c30,"SWI0_EGU0_IRQHandler",10,0x000fd7fc,"SaSi_HalMaskInterrupt",0.251153903,5.544903925,10.126636686,9.933674777
0x000f9c30,"SWI0_EGU0_IRQHandler",11,0x000fd83c,"CRYPTOCELL_IRQHandler",0.251153903,5.544903925,10.126636686,9.933674777
0x000f9c30,"SWI0_EGU0_IRQHandler",12,0x000f8224,"frame_dummy",0.246456168,5.544903925,10.126636686,10.084687428
0x000fc30c,"SWI2_EGU2_IRQHandler",1,0x000f9334,"SWI2_EGU2_IRQHandler",0.915874293,22.444671852,24.478583622,24.478583622
0x000fc30c,"SWI2_EGU2_IRQHandler",2,0x000f930c,"nrf_sdh_evts_poll",0.832998269,20.410760081,24.478583622,24.423210600
0x000fc30c,"SWI2_EGU2_IRQHandler",3,0x000f9178,"sdh_state_observer_notify",0.664494061,16.342936540,24.478583622,24.423210600
0x000fc30c,"SWI2_EGU2_IRQHandler",4,0x000f9148,"sdh_request_observer_notify",0.378433149,7.793021511,24.478583622,32.420161189
0x000fc30c,"SWI2_EGU2_IRQHandler",5,0x000fa324,"pb_message_set_to_defaults",0.297299048,7.089376450,24.478583622,27.202209184
0x000fc30c,"SWI2_EGU2_IRQHandler",6,0x000f9774,"nrf_crypto_internal_swap_endian",0.262649580,5.644864969,24.478583622,26.570915745
0x000fc30c,"SWI2_EGU2_IRQHandler",7,0x000f975c,"nrf_crypto_internal_swap_endian_in_place",0.213922221,3.871351289,24.478583622,29.145400264
0x000fc30c,"SWI2_EGU2_IRQHandler",8,0x000f8be0,"nrf_section_iter_init",0.175143936,3.448567126,24.478583622,21.981283081
0x000fc30c,"SWI2_EGU2_IRQHandler",9,0x000faa84,"dfu_observer",0.165120421,2.998967266,24.478583622,24.346816371
0x000fc30c,"SWI2_EGU2_IRQHandler",10,0x000fd908,"memset",0.227456067,2.825121190,24.478583622,20.537093130
0x000fc30c,"SWI2_EGU2_IRQHandler",11,0x000fc5ac,"set_digest_in_hw_sha256",0.237466043,2.457447625,24.478583622,14.698052713
0x000fc30c,"SWI2_EGU2_IRQHandler",12,0x000fc910,"PkaSetRegsSizesTab",0.174425441,2.425046808,24.478583622,22.442562969
0x000f943c,"SaSi_HalClearInterruptBit",1,0x000f8c0c,"nrf52_errata_36",0.259080559,5.544903925,10.126636686,9.697243372
0x000f943c,"SaSi_HalClearInterruptBit",2,0x000fb384,"nrf_dfu_mbr_irq_forward_address_set",0.258617307,5.544903925,10.126636686,9.710465577
0x000f943c,"SaSi_HalClearInterruptBit",3,0x000fb328,"ext_error_set",0.256132423,5.544903925,10.126636686,9.782618304
0x000f943c,"SaSi_HalClearInterruptBit",4,0x000f9010,"cc310_bl_backend_uninit",0.253495371,5.544903925,10.126636686,9.861522050
0x000f943c,"SaSi_HalClearInterruptBit",5,0x000fa098,"WDT_IRQHandler",0.253495371,5.544903925,10.126636686,9.861522050
0x000f943c,"SaSi_HalClearInterruptBit",6,0x000f9054,"cc310_bl_backend_enable",0.251153903,5.544903925,10.126636686,9.933674777
0x000f943c,"SaSi_HalClearInterruptBit",7,0x000f9950,"flash_write_callback",0.251153903,5.544903925,10.126636686,9.933674777
0x000f943c,"SaSi_HalClearInterruptBit",8,0x000f9e40,"flash_write_callback",0.251153903,5.544903925,10.126636686,9.933674777
0x000f943c,"SaSi_HalClearInterruptBit",9,0x000fd7f0,"SaSi_HalClearInterruptBit",0.251153903,5.544903925,10.126636686,9.933674777
0x000f943c,"SaSi_HalClearInterruptBit",10,0x000fd7fc,"SaSi_HalMaskInterrupt",0.251153903,5.544903925,10.126636686,9.933674777
0x000f943c,"SaSi_HalClearInterruptBit",11,0x000fd83c,"CRYPTOCELL_IRQHandler",0.251153903,5.544903925,10.126636686,9.933674777
0x000f943c,"SaSi_HalClearInterruptBit",12,0x000f8224,"frame_dummy",0.246456168,5.544903925,10.126636686,10.084687428
0x000f9448,"SaSi_HalMaskInterrupt",1,0x000f8c0c,"nrf52_errata_36",0.259080559,5.544903925,10.126636686,9.697243372
0x000f9448,"SaSi_HalMaskInterrupt",2,0x000fb384,"nrf_dfu_mbr_irq_forward_address_set",0.258617307,5.544903925,10.126636686,9.710465577
0x000f9448,"SaSi_HalMaskInterrupt",3,0x000fb328,"ext_error_set",0.256132423,5.544903925,10.126636686,9.782618304
0x000f9448,"SaSi_HalMaskInterrupt",4,0x000f9010,"cc310_bl_backend_uninit",0.253495371,5.544903925,10.126636686,9.861522050
0x000f9448,"SaSi_HalMaskInterrupt",5,0x000fa098,"WDT_IRQHandler",0.253495371,5.544903925,10.126636686,9.861522050
0x000f9448,"SaSi_HalMaskInterrupt",6,0x000f9054,"cc310_bl_backend_enable",0.251153903,5.544903925,10.126636686,9.933674777
0x000f9448,"SaSi_HalMaskInterrupt",7,0x000f9950,"flash_write_callback",0.251153903,5.544903925,10.126636686,9.933674777
0x000f9448,"SaSi_HalMaskInterrupt",8,0x000f9e40,"flash_write_callback",0.251153903,5.544903925,10.126636686,9.933674777
0x000f9448,"SaSi_HalMaskInterrupt",9,0x000fd7f0,"SaSi_HalClearInterruptBit",0.251153903,5.544903925,10.126636686,9.933674777
0x000f9448,"SaSi_HalMaskInterrupt",10,0x000fd7fc,"SaSi_HalMaskInterrupt",0.251153903,5.544903925,10.126636686,9.933674777
0x000f9448,"SaSi_HalMaskInterrupt",11,0x000fd83c,"CRYPTOCELL_IRQHandler",0.251153903,5.544903925,10.126636686,9.933674777
0x000f9448,"SaSi_HalMaskInterrupt",12,0x000f8224,"frame_dummy",0.246456168,5.544903925,10.126636686,10.084687428
0x000f9454,"SaSi_HalWaitInterrupt",1,0x000fd808,"SaSi_HalWaitInterrupt",0.466653788,9.796768835,30.204626234,23.331570503
0x000f9454,"SaSi_HalWaitInterrupt",2,0x000fb9cc,"nrf_dfu_transports_init",0.143630792,1.813788536,30.204626234,31.431685470
0x000f9454,"SaSi_HalWaitInterrupt",3,0x000fb9fc,"nrf_dfu_transports_close",0.143630792,1.813788536,30.204626234,31.431685470
0x000f9454,"SaSi_HalWaitInterrupt",4,0x000f975c,"nrf_crypto_internal_swap_endian_in_place",0.109314987,1.506292253,30.204626234,29.145400264
0x000f9454,"SaSi_HalWaitInterrupt",5,0x000f9724,"nrf_crypto_init",0.140829594,1.324160850,30.204626234,32.453061159
0x000f9454,"SaSi_HalWaitInterrupt",6,0x000f9774,"nrf_crypto_internal_swap_endian",0.115956943,1.298341073,30.204626234,26.570915745
0x000f9454,"SaSi_HalWaitInterrupt",7,0x000fd908,"memset",0.137951920,0.258585175,30.204626234,20.537093130
0x000f9454,"SaSi_HalWaitInterrupt",8,0x000f82bc,"Reset_Handler",0.054081795,-0.557604963,30.204626234,26.461217820
0x000f9454,"SaSi_HalWaitInterrupt",9,0x000f9178,"sdh_state_observer_notify",0.065536802,-0.585288307,30.204626234,24.423210600
0x000f9454,"SaSi_HalWaitInterrupt",10,0x000f930c,"nrf_sdh_evts_poll",0.065536802,-0.585288307,30.204626234,24.423210600
0x000f9454,"SaSi_HalWaitInterrupt",11,0x000f9334,"SWI2_EGU2_IRQHandler",0.065438483,-0.585288307,30.204626234,24.478583622
0x000f9454,"SaSi_HalWaitInterrupt",12,0x000fa324,"pb_message_set_to_defaults",0.061088885,-0.585288307,30.204626234,27.202209184
0x000f83f0,"SysTick_Handler",1,0x000f82e4,"NMI_Handler",1.000000000,8.766523578,8.766523578,8.766523578
0x000f83f0,"SysTick_Handler",2,0x000f82e6,"HardFault_Handler",1.000000000,8.766523578,8.766523578,8.766523578
0x000f83f0,"SysTick_Handler",3,0x000f82e8,"MemoryManagement_Handler",1.000000000,8.766523578,8.766523578,8.766523578
0x000f83f0,"SysTick_Handler",4,0x000f82ea,"BusFault_Handler",1.000000000,8.766523578,8.766523578,8.766523578
0x000f83f0,"SysTick_Handler",5,0x000f82ec,"UsageFault_Handler",1.000000000,8.766523578,8.766523578,8.766523578
0x000f83f0,"SysTick_Handler",6,0x000f82f0,"DebugMon_Handler",1.000000000,8.766523578,8.766523578,8.766523578
0x000f83f0,"SysTick_Handler",7,0x000f82f2,"PendSV_Handler",1.000000000,8.766523578,8.766523578,8.766523578
0x000f83f0,"SysTick_Handler",8,0x000f82f4,"SysTick_Handler",1.000000000,8.766523578,8.766523578,8.766523578
0x000f83f0,"SysTick_Handler",9,0x000f82f6,"COMP_LPCOMP_IRQHandler",1.000000000,8.766523578,8.766523578,8.766523578
0x000f83f0,"SysTick_Handler",10,0x000fd928,"_exit",1.000000000,8.766523578,8.766523578,8.766523578
0x000f83f0,"SysTick_Handler",11,0x000f8240,"_stack_init",0.000000000,4.214273637,8.766523578,8.379975367
0x000f83f0,"SysTick_Handler",12,0x000f87e4,"rmap",0.000000000,4.214273637,8.766523578,8.572937276
0x000f9a10,"SystemInit",1,0x000f8c20,"nrf52_errata_98",0.156114536,-4.183962511,175.194063786,21.829653284
0x000f9a10,"SystemInit",2,0x000fb744,"nrf_dfu_settings_reinit",0.168395942,-5.682206141,175.194063786,104.120436085
0x000f9a10,"SystemInit",3,0x000f9b98,"nrf_bootloader_flash_protect",0.116667550,-7.463395982,175.194063786,38.965021271
0x000f9a10,"SystemInit",4,0x000f91a0,"softdevice_evt_irq_disable",0.096083499,-8.406009096,175.194063786,20.660240445
0x000f9a10,"SystemInit",5,0x000fba44,"nrf_dfu_bank0_start_addr",0.094474019,-8.511064095,175.194063786,18.512561266
0x000f9a10,"SystemInit",6,0x000f9070,"cc310_bl_backend_disable",0.088883489,-8.923043792,175.194063786,13.234035506
0x000f9a10,"SystemInit",7,0x000fa0fc,"nrf_bootloader_wdt_feed",0.082214494,-9.380129312,175.194063786,15.132416731
0x000f9a10,"SystemInit",8,0x000fd860,"exit",0.076408762,-9.380129312,175.194063786,16.571403855
0x000f9a10,"SystemInit",9,0x000fa030,"nrf_bootloader_mbr_addrs_populate",0.080748899,-9.502365197,175.194063786,23.196136331
0x000f9a10,"SystemInit",10,0x000fbe8c,"nrf_dfu_validation_init",0.073470294,-9.713610702,175.194063786,17.433127988
0x000f9a10,"SystemInit",11,0x000fc790,"nrf_cc310_bl_init",0.073687414,-10.101430084,175.194063786,24.207055109
0x000f9a10,"SystemInit",12,0x000f9054,"cc310_bl_backend_enable",0.060301692,-10.230645398,175.194063786,9.933674777
0x000f83e8,"UsageFault_Handler",1,0x000f82e4,"NMI_Handler",1.000000000,8.766523578,8.766523578,8.766523578
0x000f83e8,"UsageFault_Handler",2,0x000f82e6,"HardFault_Handler",1.000000000,8.766523578,8.766523578,8.766523578
0x000f83e8,"UsageFault_Handler",3,0x000f82e8,"MemoryManagement_Handler",1.000000000,8.766523578,8.766523578,8.766523578
0x000f83e8,"UsageFault_Handler",4,0x000f82ea,"BusFault_Handler",1.000000000,8.766523578,8.766523578,8.766523578
0x000f83e8,"UsageFault_Handler",5,0x000f82ec,"UsageFault_Handler",1.000000000,8.766523578,8.766523578,8.766523578
0x000f83e8,"UsageFault_Handler",6,0x000f82f0,"DebugMon_Handler",1.000000000,8.766523578,8.766523578,8.766523578
0x000f83e8,"UsageFault_Handler",7,0x000f82f2,"PendSV_Handler",1.000000000,8.766523578,8.766523578,8.766523578
0x000f83e8,"UsageFault_Handler",8,0x000f82f4,"SysTick_Handler",1.000000000,8.766523578,8.766523578,8.766523578
0x000f83e8,"UsageFault_Handler",9,0x000f82f6,"COMP_LPCOMP_IRQHandler",1.000000000,8.766523578,8.766523578,8.766523578
0x000f83e8,"UsageFault_Handler",10,0x000fd928,"_exit",1.000000000,8.766523578,8.766523578,8.766523578
0x000f83e8,"UsageFault_Handler",11,0x000f8240,"_stack_init",0.000000000,4.214273637,8.766523578,8.379975367
0x000f83e8,"UsageFault_Handler",12,0x000f87e4,"rmap",0.000000000,4.214273637,8.766523578,8.572937276
0x000fa978,"__NVIC_SystemReset",1,0x000f97b8,"__NVIC_SystemReset",0.513193151,4.139756958,18.040058899,11.873922398
0x000fa978,"__NVIC_SystemReset",2,0x000f995c,"do_reset",0.513193151,4.139756958,18.040058899,11.873922398
0x000fa978,"__NVIC_SystemReset",3,0x000f8248,"_start",0.000000000,1.718431389,18.040058899,17.465628009
0x000fa978,"__NVIC_SystemReset",4,0x000f9390,"nrf_sdh_ble_evts_poll",0.000000000,1.718431389,18.040058899,15.911585613
0x000fa978,"__NVIC_SystemReset",5,0x000f93a0,"nrf_sdh_ble_app_ram_start_get",0.000000000,1.718431389,18.040058899,15.428501673
0x000fa978,"__NVIC_SystemReset",6,0x000fa0fc,"nrf_bootloader_wdt_feed",0.000000000,1.718431389,18.040058899,15.132416731
0x000fa978,"__NVIC_SystemReset",7,0x000fb2d8,"nrf_dfu_flash_init",0.000000000,1.718431389,18.040058899,15.470655266
0x000fa978,"__NVIC_SystemReset",8,0x000fb348,"nrf_dfu_mbr_copy_bl",0.000000000,1.718431389,18.040058899,15.951893824
0x000fa978,"__NVIC_SystemReset",9,0x000fbd3c,"crypto_init",0.000000000,1.718431389,18.040058899,16.229349774
0x000fa978,"__NVIC_SystemReset",10,0x000fd860,"exit",0.000000000,1.718431389,18.040058899,16.571403855
0x000fa978,"__NVIC_SystemReset",11,0x000f8c48,"nvmc_wait",0.120258400,1.708695837,18.040058899,14.328249014
0x000fa978,"__NVIC_SystemReset",12,0x000f94d8,"wait_for_flash_ready",0.120258400,1.708695837,18.040058899,14.328249014
0x000f9c64,"__sd_nvic_app_accessible_irq",1,0x000f9658,"nrf_crypto_hash_init",0.162525627,2.489765527,34.498581766,31.379879909
0x000f9c64,"__sd_nvic_app_accessible_irq",2,0x000fc3d4,"nrf_cc310_bl_ecdsa_verify_init_secp256r1",0.136793422,1.041516100,34.498581766,28.391102178
0x000f9c64,"__sd_nvic_app_accessible_irq",3,0x000fb92c,"nrf_dfu_settings_adv_name_write",0.133353819,0.985431272,34.498581766,29.795569392
0x000f9c64,"__sd_nvic_app_accessible_irq",4,0x000f8bf2,"nrf_section_iter_next",0.129289584,0.956617596,34.498581766,28.822381645
0x000f9c64,"__sd_nvic_app_accessible_irq",5,0x000f9680,"nrf_crypto_hash_update",0.150566875,0.500210951,34.498581766,35.569951845
0x000f9c64,"__sd_nvic_app_accessible_irq",6,0x000f8518,"nrf_atfifo_init",0.139698037,0.169332395,34.498581766,40.348585297
0x000f9c64,"__sd_nvic_app_accessible_irq",7,0x000f82f8,"app_sched_init",0.110177419,0.072306621,34.498581766,32.347923690
0x000f9c64,"__sd_nvic_app_accessible_irq",8,0x000f85d6,"nrf_atfifo_item_put",0.091656020,-0.149123706,34.498581766,33.752682087
0x000f9c64,"__sd_nvic_app_accessible_irq",9,0x000fa1e4,"buf_read",0.091602359,-0.213228608,34.498581766,32.420387120
0x000f9c64,"__sd_nvic_app_accessible_irq",10,0x000fc910,"PkaSetRegsSizesTab",0.148952313,-0.235803438,34.498581766,22.442562969
0x000f9c64,"__sd_nvic_app_accessible_irq",11,0x000f9930,"SVC_Handler",0.129371498,-0.294076700,34.498581766,25.112414450
0x000f9c64,"__sd_nvic_app_accessible_irq",12,0x000fbea8,"nrf_dfu_validation_init_cmd_create",0.116381152,-0.390428063,34.498581766,25.968053209
0x000f9c88,"addr_is_aligned32",1,0x000f93a0,"nrf_sdh_ble_app_ram_start_get",0.452581310,8.146402551,15.515130709,15.428501673
0x000f9c88,"addr_is_aligned32",2,0x000f8b04,"nrf_fstorage_sdh_state_handler",0.517258255,7.258578176,15.515130709,19.529411617
0x000f9c88,"addr_is_aligned32",3,0x000fa0fc,"nrf_bootloader_wdt_feed",0.200849660,4.661587176,15.515130709,15.132416731
0x000f9c88,"addr_is_aligned32",4,0x000f9390,"nrf_sdh_ble_evts_poll",0.192785361,4.661587176,15.515130709,15.911585613
0x000f9c88,"addr_is_aligned32",5,0x000f985c,"nrf_dfu_set_adv_name_handler",0.376097197,4.502493257,15.515130709,19.648848308
0x000f9c88,"addr_is_aligned32",6,0x000f9930,"SVC_Handler",0.347906798,3.840269692,15.515130709,25.112414450
0x000f9c88,"addr_is_aligned32",7,0x000fb698,"nrf_dfu_req_handler_on_req",0.286625924,3.494340914,15.515130709,18.368693562
0x000f9c88,"addr_is_aligned32",8,0x000f91a0,"softdevice_evt_irq_disable",0.258117457,3.433690600,15.515130709,20.660240445
0x000f9c88,"addr_is_aligned32",9,0x000fb2d8,"nrf_dfu_flash_init",0.082941420,3.041391533,15.515130709,15.470655266
0x000f9c88,"addr_is_aligned32",10,0x000fd860,"exit",0.078500374,3.041391533,15.515130709,16.571403855
0x000f9c88,"addr_is_aligned32",11,0x000fc3b4,"verify_context_ecdsa_verify_secp256r1",0.263848205,2.264074855,15.515130709,20.594658968
0x000f9c88,"addr_is_aligned32",12,0x000fc638,"verify_context_hash_sha256",0.263848205,2.264074855,15.515130709,20.594658968
0x000f9c94,"addr_is_within_bounds",1,0x000f9584,"nrf_crypto_internal_ecc_key_output_prepare",0.197642778,3.649688056,25.142866577,23.342888392
0x000f9c94,"addr_is_within_bounds",2,0x000fb2cc,"dfu_fstorage_evt_handler",0.234046926,3.432346578,25.142866577,18.656314793
0x000f9c94,"addr_is_within_bounds",3,0x000f8be0,"nrf_section_iter_init",0.166458866,2.715316353,25.142866577,21.981283081
0x000f9c94,"addr_is_within_bounds",4,0x000fc790,"nrf_cc310_bl_init",0.180085324,2.689525776,25.142866577,24.207055109
0x000f9c94,"addr_is_within_bounds",5,0x000fc5ac,"set_digest_in_hw_sha256",0.221367857,2.511461677,25.142866577,14.698052713
0x000f9c94,"addr_is_within_bounds",6,0x000f8bf2,"nrf_section_iter_next",0.183087440,1.969718101,25.142866577,28.822381645
0x000f9c94,"addr_is_within_bounds",7,0x000f9178,"sdh_state_observer_notify",0.113124299,1.697566617,25.142866577,24.423210600
0x000f9c94,"addr_is_within_bounds",8,0x000f930c,"nrf_sdh_evts_poll",0.113124299,1.697566617,25.142866577,24.423210600
0x000f9c94,"addr_is_within_bounds",9,0x000f9334,"SWI2_EGU2_IRQHandler",0.112954588,1.697566617,25.142866577,24.478583622
0x000f9c94,"addr_is_within_bounds",10,0x000fd8ec,"memcpy",0.136359500,1.510091974,25.142866577,29.534490883
0x000f9c94,"addr_is_within_bounds",11,0x000f92e0,"nrf_sdh_request_continue",0.087625637,1.044775550,25.142866577,25.722174830
0x000f9c94,"addr_is_within_bounds",12,0x000fbea8,"nrf_dfu_validation_init_cmd_create",0.087084207,1.044775550,25.142866577,25.968053209
0x000f9d44,"advertising_start",1,0x000f8b44,"erase",0.255895281,4.047782601,28.107441820,41.112571844
0x000f9d44,"advertising_start",2,0x000f8b90,"write",0.253321539,3.778590910,28.107441820,41.829482488
0x000f9d44,"advertising_start",3,0x000f8be0,"nrf_section_iter_init",0.204397636,3.645371615,28.107441820,21.981283081
0x000f9d44,"advertising_start",4,0x000fab7c,"advertising_start",0.248011595,3.620046285,28.107441820,44.368347526
0x000f9d44,"advertising_start",5,0x000f9094,"bsp_board_led_on",0.083147244,1.112668309,28.107441820,26.508397982
0x000f9d44,"advertising_start",6,0x000f90bc,"bsp_board_led_off",0.083147244,1.112668309,28.107441820,26.508397982
0x000f9d44,"advertising_start",7,0x000f8988,"init",0.101134729,0.923345035,28.107441820,24.973033380
0x000f9d44,"advertising_start",8,0x000f9774,"nrf_crypto_internal_swap_endian",0.065328548,0.735549715,28.107441820,26.570915745
0x000f9d44,"advertising_start",9,0x000f9178,"sdh_state_observer_notify",0.069033394,0.490563044,28.107441820,24.423210600
0x000f9d44,"advertising_start",10,0x000f930c,"nrf_sdh_evts_poll",0.069033394,0.490563044,28.107441820,24.423210600
0x000f9d44,"advertising_start",11,0x000f9334,"SWI2_EGU2_IRQHandler",0.068929828,0.490563044,28.107441820,24.478583622
0x000f9d44,"advertising_start",12,0x000fc658,"nrf_cc310_bl_hash_sha256_init",0.098458392,0.132721623,28.107441820,20.628690448
0x000fc654,"app_error_fault_handler",1,0x000fba44,"nrf_dfu_bank0_start_addr",0.175723912,1.304214717,28.625923030,18.512561266
0x000fc654,"app_error_fault_handler",2,0x000fbed8,"nrf_dfu_validation_init_cmd_append",0.084621268,1.244738598,28.625923030,28.340777790
0x000fc654,"app_error_fault_handler",3,0x000f9094,"bsp_board_led_on",0.085444627,1.182774280,28.625923030,26.508397982
0x000fc654,"app_error_fault_handler",4,0x000f90bc,"bsp_board_led_off",0.085444627,1.182774280,28.625923030,26.508397982
0x000fc654,"app_error_fault_handler",5,0x000f9930,"SVC_Handler",0.088511649,0.692800937,28.625923030,25.112414450
0x000fc654,"app_error_fault_handler",6,0x000f9de4,"nrf_bootloader_dfu_inactivity_timer_restart",0.097135149,0.509778584,28.625923030,22.957625372
0x000fc654,"app_error_fault_handler",7,0x000f8c20,"nrf52_errata_98",0.100538447,0.264791913,28.625923030,21.829653284
0x000fc654,"app_error_fault_handler",8,0x000f92e0,"nrf_sdh_request_continue",0.037251323,-0.346621868,28.625923030,25.722174830
0x000fc654,"app_error_fault_handler",9,0x000fbea8,"nrf_dfu_validation_init_cmd_create",0.037021151,-0.346621868,28.625923030,25.968053209
0x000fc654,"app_error_fault_handler",10,0x000f82f8,"app_sched_init",0.075379703,-0.520891710,28.625923030,32.347923690
0x000fc654,"app_error_fault_handler",11,0x000f9584,"nrf_crypto_internal_ecc_key_output_prepare",0.039725851,-0.591608539,28.625923030,23.342888392
0x000fc654,"app_error_fault_handler",12,0x000fb2d8,"nrf_dfu_flash_init",0.125771329,-0.777119091,28.625923030,15.470655266
0x000f9dc4,"app_error_handler_bare",1,0x000f9020,"cc310_bl_backend_init",0.091122429,-5.837601996,119.796615315,24.000797821
0x000f9dc4,"app_error_handler_bare",2,0x000fc584,"nrf_cc310_bl_ecdsa_verify_secp256r1",0.086634300,-6.004588439,119.796615315,18.697918980
0x000f9dc4,"app_error_handler_bare",3,0x000fc3d4,"nrf_cc310_bl_ecdsa_verify_init_secp256r1",0.100970055,-6.074473211,119.796615315,28.391102178
0x000f9dc4,"app_error_handler_bare",4,0x000f9f24,"sd_activate",0.102779818,-6.488554324,119.796615315,51.234137998
0x000f9dc4,"app_error_handler_bare",5,0x000fc110,"postvalidate",0.148464345,-6.742094550,119.796615315,228.721801946
0x000f9dc4,"app_error_handler_bare",6,0x000fb744,"nrf_dfu_settings_reinit",0.139197829,-6.766802848,119.796615315,104.120436085
0x000f9dc4,"app_error_handler_bare",7,0x000f95cc,"nrf_crypto_ecc_public_key_from_raw",0.084623455,-7.164236090,119.796615315,39.387338565
0x000f9dc4,"app_error_handler_bare",8,0x000f9484,"nrf_sdh_ble_enable",0.056406189,-7.421113971,119.796615315,17.384406865
0x000f9dc4,"app_error_handler_bare",9,0x000fba44,"nrf_dfu_bank0_start_addr",0.058023671,-7.534538045,119.796615315,18.512561266
0x000f9dc4,"app_error_handler_bare",10,0x000f8c20,"nrf52_errata_98",0.062904107,-7.599588181,119.796615315,21.829653284
0x000f9dc4,"app_error_handler_bare",11,0x000fbea8,"nrf_dfu_validation_init_cmd_create",0.067793153,-7.701845848,119.796615315,25.968053209
0x000f9dc4,"app_error_handler_bare",12,0x000f87d8,"init",0.030427459,-7.817376593,119.796615315,10.611468972
0x000f9dc8,"app_sched_event_put",1,0x000f8340,"app_sched_event_put",0.176412143,-1.460461813,112.248187899,101.037494760
0x000f9dc8,"app_sched_event_put",2,0x000fc3d4,"nrf_cc310_bl_ecdsa_verify_init_secp256r1",0.159716623,-1.868199118,112.248187899,28.391102178
0x000f9dc8,"app_sched_event_put",3,0x000fc110,"postvalidate",0.167865103,-2.393352426,112.248187899,228.721801946
0x000f9dc8,"app_sched_event_put",4,0x000f9680,"nrf_crypto_hash_update",0.149249568,-2.737657677,112.248187899,35.569951845
0x000f9dc8,"app_sched_event_put",5,0x000f8ed8,"hash_result_get",0.145089107,-3.119282902,112.248187899,38.446979493
0x000f9dc8,"app_sched_event_put",6,0x000f8518,"nrf_atfifo_init",0.134048243,-3.699740387,112.248187899,40.348585297
0x000f9dc8,"app_sched_event_put",7,0x000f9658,"nrf_crypto_hash_init",0.120547485,-4.092645026,112.248187899,31.379879909
0x000f9dc8,"app_sched_event_put",8,0x000f96b4,"nrf_crypto_hash_finalize",0.132736906,-4.146158536,112.248187899,40.417589591
0x000f9dc8,"app_sched_event_put",9,0x000f8a60,"nrf_fstorage_sys_evt_handler",0.161637396,-4.543170506,112.248187899,109.470564857
0x000f9dc8,"app_sched_event_put",10,0x000f987c,"nrf_dfu_set_adv_name_on_sys_evt",0.119462178,-4.826683261,112.248187899,34.690293882
0x000f9dc8,"app_sched_event_put",11,0x000fbea8,"nrf_dfu_validation_init_cmd_create",0.107939413,-4.897651093,112.248187899,25.968053209
0x000f9dc8,"app_sched_event_put",12,0x000fb744,"nrf_dfu_settings_reinit",0.151762197,-5.029238401,112.248187899,104.120436085
0x000f9e68,"app_sched_execute",1,0x000fd908,"memset",0.125096753,-2.977297774,61.302012431,20.537093130
0x000f9e68,"app_sched_execute",2,0x000fc910,"PkaSetRegsSizesTab",0.117620519,-3.116215590,61.302012431,22.442562969
0x000f9e68,"app_sched_execute",3,0x000f8a60,"nrf_fstorage_sys_evt_handler",0.141500214,-3.200302732,61.302012431,109.470564857
0x000f9e68,"app_sched_execute",4,0x000f9774,"nrf_crypto_internal_swap_endian",0.105151396,-3.671886855,61.302012431,26.570915745
0x000f9e68,"app_sched_execute",5,0x000f975c,"nrf_crypto_internal_swap_endian_in_place",0.099128377,-3.810804671,61.302012431,29.145400264
0x000f9e68,"app_sched_execute",6,0x000fb9cc,"nrf_dfu_transports_init",0.095690676,-4.046469997,61.302012431,31.431685470
0x000f9e68,"app_sched_execute",7,0x000fb9fc,"nrf_dfu_transports_close",0.095690676,-4.046469997,61.302012431,31.431685470
0x000f9e68,"app_sched_execute",8,0x000f9724,"nrf_crypto_init",0.093824443,-4.185387814,61.302012431,32.453061159
0x000f9e68,"app_sched_execute",9,0x000f8c20,"nrf52_errata_98",0.090238734,-4.432270569,61.302012431,21.829653284
0x000f9e68,"app_sched_execute",10,0x000f866c,"nrf_atomic_u32_fetch_store",0.082458155,-4.526311106,61.302012431,20.043934639
0x000f9e68,"app_sched_execute",11,0x000f9de4,"nrf_bootloader_dfu_inactivity_timer_restart",0.087184088,-4.571188385,61.302012431,22.957625372
0x000f9e68,"app_sched_execute",12,0x000f8682,"nrf_atomic_u32_fetch_or",0.078240847,-4.665228922,61.302012431,21.597634049
0x000f9ea8,"app_sched_init",1,0x000f8b04,"nrf_fstorage_sdh_state_handler",0.295809295,2.991467693,35.074003931,19.529411617
0x000f9ea8,"app_sched_init",2,0x000f9b98,"nrf_bootloader_flash_protect",0.187511426,2.686024207,35.074003931,38.965021271
0x000f9ea8,"app_sched_init",3,0x000f82f8,"app_sched_init",0.169442086,1.784883923,35.074003931,32.347923690
0x000f9ea8,"app_sched_init",4,0x000f9930,"SVC_Handler",0.198960701,1.518042635,35.074003931,25.112414450
0x000f9ea8,"app_sched_init",5,0x000f864c,"nrf_atfifo_item_free",0.112362396,0.136156660,35.074003931,35.395313926
0x000f9ea8,"app_sched_init",6,0x000f85d6,"nrf_atfifo_item_put",0.115641002,0.082788402,35.074003931,33.752682087
0x000f9ea8,"app_sched_init",7,0x000fc790,"nrf_cc310_bl_init",0.142785694,-0.344157659,35.074003931,24.207055109
0x000f9ea8,"app_sched_init",8,0x000f985c,"nrf_dfu_set_adv_name_handler",0.152987191,-0.688644848,35.074003931,19.648848308
0x000f9ea8,"app_sched_init",9,0x000f9de4,"nrf_bootloader_dfu_inactivity_timer_restart",0.134517089,-0.695774918,35.074003931,22.957625372
0x000f9ea8,"app_sched_init",10,0x000f91a0,"softdevice_evt_irq_disable",0.147612034,-0.742013105,35.074003931,20.660240445
0x000f9ea8,"app_sched_init",11,0x000f93a0,"nrf_sdh_ble_app_ram_start_get",0.184099069,-0.902117878,35.074003931,15.428501673
0x000f9ea8,"app_sched_init",12,0x000fd8ec,"memcpy",0.071527530,-2.001965133,35.074003931,29.534490883
0x000f9ed4,"app_util_critical_region_enter",1,0x000f846c,"app_util_critical_region_enter",0.688231033,31.296371445,52.628483253,47.491178901
0x000f9ed4,"app_util_critical_region_enter",2,0x000f84b4,"app_util_critical_region_exit",0.280304925,6.337198883,52.628483253,39.553937952
0x000f9ed4,"app_util_critical_region_enter",3,0x000f9102,"bsp_board_init",0.220338351,2.221793613,52.628483253,31.481840290
0x000f9ed4,"app_util_critical_region_enter",4,0x000f9b90,"jump_to_addr",0.268081513,1.854017621,52.628483253,18.701983586
0x000f9ed4,"app_util_critical_region_enter",5,0x000f9930,"SVC_Handler",0.166454341,-0.585659850,52.628483253,25.112414450
0x000f9ed4,"app_util_critical_region_enter",6,0x000fd808,"SaSi_HalWaitInterrupt",0.143690676,-1.737383365,52.628483253,23.331570503
0x000f9ed4,"app_util_critical_region_enter",7,0x000f86be,"nrf_balloc_init",0.111516647,-1.972623540,52.628483253,45.989289360
0x000f9ed4,"app_util_critical_region_enter",8,0x000fc7c4,"PkaSetRegsMapTab",0.116211926,-2.000310464,52.628483253,37.264814671
0x000f9ed4,"app_util_critical_region_enter",9,0x000fb744,"nrf_dfu_settings_reinit",0.147170772,-2.076932147,52.628483253,104.120436085
0x000f9ed4,"app_util_critical_region_enter",10,0x000f9c3c,"timer_activate",0.107923915,-2.353724398,52.628483253,54.889271351
0x000f9ed4,"app_util_critical_region_enter",11,0x000fba44,"nrf_dfu_bank0_start_addr",0.123229668,-2.668878922,52.628483253,18.512561266
0x000f9ed4,"app_util_critical_region_enter",12,0x000fbed8,"nrf_dfu_validation_init_cmd_append",0.092207101,-3.198875447,52.628483253,28.340777790
0x000f9f1c,"app_util_critical_region_exit",1,0x000f84b4,"app_util_critical_region_exit",0.675588116,25.889064361,46.460783435,39.553937952
0x000f9f1c,"app_util_critical_region_exit",2,0x000f846c,"app_util_critical_region_enter",0.270600075,6.871726430,46.460783435,47.491178901
0x000f9f1c,"app_util_critical_region_exit",3,0x000fb744,"nrf_dfu_settings_reinit",0.172606547,0.023427335,46.460783435,104.120436085
0x000f9f1c,"app_util_critical_region_exit",4,0x000f9658,"nrf_crypto_hash_init",0.150481316,-0.196401161,46.460783435,31.379879909
0x000f9f1c,"app_util_critical_region_exit",5,0x000f987c,"nrf_dfu_set_adv_name_on_sys_evt",0.130578982,-0.808063259,46.460783435,34.690293882
0x000f9f1c,"app_util_critical_region_exit",6,0x000f9680,"nrf_crypto_hash_update",0.128621408,-0.927383490,46.460783435,35.569951845
0x000f9f1c,"app_util_critical_region_exit",7,0x000f8ed8,"hash_result_get",0.122784925,-1.046703721,46.460783435,38.446979493
0x000f9f1c,"app_util_critical_region_exit",8,0x000f96b4,"nrf_crypto_hash_finalize",0.119217004,-1.166023952,46.460783435,40.417589591
0x000f9f1c,"app_util_critical_region_exit",9,0x000f9584,"nrf_crypto_internal_ecc_key_output_prepare",0.148142319,-1.183505532,46.460783435,23.342888392
0x000f9f1c,"app_util_critical_region_exit",10,0x000f9b90,"jump_to_addr",0.171852681,-1.301332791,46.460783435,18.701983586
0x000f9f1c,"app_util_critical_region_exit",11,0x000fc3b4,"verify_context_ecdsa_verify_secp256r1",0.146271115,-1.434025855,46.460783435,20.594658968
0x000f9f1c,"app_util_critical_region_exit",12,0x000fc638,"verify_context_hash_sha256",0.146271115,-1.434025855,46.460783435,20.594658968
0x000f846a,"armcc_memclr",1,0x000fc9c0,"PkaInitAndMutexLock",1.000000000,10.133091162,10.133091162,10.133091162
0x000f846a,"armcc_memclr",2,0x000fce7c,"SaSi_PalMemSetZero",1.000000000,10.133091162,10.133091162,10.133091162
0x000f846a,"armcc_memclr",3,0x000f981c,"app_error_fault_handler",0.279990482,5.551358401,10.133091162,9.202545620
0x000f846a,"armcc_memclr",4,0x000f9822,"app_error_handler_bare",0.279990482,5.551358401,10.133091162,9.202545620
0x000f846a,"armcc_memclr",5,0x000f87fc,"uninit",0.251557098,5.551358401,10.133091162,9.965084063
0x000f846a,"armcc_memclr",6,0x000f86b2,"nrf_atomic_flag_set_fetch",0.247998903,5.551358401,10.133091162,10.079396111
0x000f846a,"armcc_memclr",7,0x000f86b8,"nrf_atomic_flag_clear",0.247998903,5.551358401,10.133091162,10.079396111
0x000f846a,"armcc_memclr",8,0x000fab70,"on_flash_write",0.247998903,5.551358401,10.133091162,10.079396111
0x000f846a,"armcc_memclr",9,0x000fb8b8,"nrf_dfu_settings_backup",0.247998903,5.551358401,10.133091162,10.079396111
0x000f846a,"armcc_memclr",10,0x000f880c,"read",0.246378844,5.551358401,10.133091162,10.133091162
0x000f846a,"armcc_memclr",11,0x000f8958,"read",0.246378844,5.551358401,10.133091162,10.133091162
0x000f846a,"armcc_memclr",12,0x000fb2fc,"nrf_dfu_flash_store",0.246378844,5.551358401,10.133091162,10.133091162
0x000f845c,"armcc_memset_core",1,0x000fd908,"memset",0.662888103,13.579605878,21.705516728,20.537093130
0x000f845c,"armcc_memset_core",2,0x000f975c,"nrf_crypto_internal_swap_endian_in_place",0.443748100,8.699544403,21.705516728,29.145400264
0x000f845c,"armcc_memset_core",3,0x000fd918,"strlen",0.299202792,6.915180407,21.705516728,22.927287501
0x000f845c,"armcc_memset_core",4,0x000f9774,"nrf_crypto_internal_swap_endian",0.327172783,5.669160949,21.705516728,26.570915745
0x000f845c,"armcc_memset_core",5,0x000fc910,"PkaSetRegsSizesTab",0.220762095,5.088794383,21.705516728,22.442562969
0x000f845c,"armcc_memset_core",6,0x000fd808,"SaSi_HalWaitInterrupt",0.156853654,3.633395096,21.705516728,23.331570503
0x000f845c,"armcc_memset_core",7,0x000fd8ec,"memcpy",0.256094222,3.307521448,21.705516728,29.534490883
0x000f845c,"armcc_memset_core",8,0x000f9178,"sdh_state_observer_notify",0.219154971,3.112081419,21.705516728,24.423210600
0x000f845c,"armcc_memset_core",9,0x000f930c,"nrf_sdh_evts_poll",0.219154971,3.112081419,21.705516728,24.423210600
0x000f845c,"armcc_memset_core",10,0x000f9334,"SWI2_EGU2_IRQHandler",0.218826190,3.112081419,21.705516728,24.478583622
0x000f845c,"armcc_memset_core",11,0x000fa324,"pb_message_set_to_defaults",0.204281143,3.112081419,21.705516728,27.202209184
0x000f845c,"armcc_memset_core",12,0x000f8682,"nrf_atomic_u32_fetch_or",0.146850341,2.889212408,21.705516728,21.597634049
0x000f83fc,"armcc_runtime_lsl64",1,0x000f985c,"nrf_dfu_set_adv_name_handler",0.185174864,0.743355317,35.954030712,19.648848308
0x000f83fc,"armcc_runtime_lsl64",2,0x000f85d6,"nrf_atfifo_item_put",0.092235321,-0.067425291,35.954030712,33.752682087
0x000f83fc,"armcc_runtime_lsl64",3,0x000f8b04,"nrf_fstorage_sdh_state_handler",0.155080922,-0.411620486,35.954030712,19.529411617
0x000f83fc,"armcc_runtime_lsl64",4,0x000fd8ec,"memcpy",0.096701805,-0.452418835,35.954030712,29.534490883
0x000f83fc,"armcc_runtime_lsl64",5,0x000f91a0,"softdevice_evt_irq_disable",0.145426784,-0.485950689,35.954030712,20.660240445
0x000f83fc,"armcc_runtime_lsl64",6,0x000f864c,"nrf_atfifo_item_free",0.089620302,-0.542480180,35.954030712,35.395313926
0x000f83fc,"armcc_runtime_lsl64",7,0x000f9584,"nrf_crypto_internal_ecc_key_output_prepare",0.112657101,-0.672248828,35.954030712,23.342888392
0x000f83fc,"armcc_runtime_lsl64",8,0x000f93a0,"nrf_sdh_ble_app_ram_start_get",0.181373664,-0.705780682,35.954030712,15.428501673
0x000f83fc,"armcc_runtime_lsl64",9,0x000fb2cc,"dfu_fstorage_evt_handler",0.131889773,-0.892078821,35.954030712,18.656314793
0x000f83fc,"armcc_runtime_lsl64",10,0x000fb698,"nrf_dfu_req_handler_on_req",0.133415643,-0.965355485,35.954030712,18.368693562
0x000f83fc,"armcc_runtime_lsl64",11,0x000f8738,"nrf_balloc_free",0.064396198,-1.331293728,35.954030712,33.701848306
0x000f83fc,"armcc_runtime_lsl64",12,0x000f82f8,"app_sched_init",0.069245418,-1.460841310,35.954030712,32.347923690
0x000f84c8,"armcc_scatterload",1,0x000fd888,"__libc_init_array",0.290129943,6.265204113,32.915808703,34.661576447
0x000f84c8,"armcc_scatterload",2,0x000f82bc,"Reset_Handler",0.263665801,4.791524570,32.915808703,26.461217820
0x000f84c8,"armcc_scatterload",3,0x000f9724,"nrf_crypto_init",0.171063383,2.626007413,32.915808703,32.453061159
0x000f84c8,"armcc_scatterload",4,0x000fb9cc,"nrf_dfu_transports_init",0.174465953,2.530926304,32.915808703,31.431685470
0x000f84c8,"armcc_scatterload",5,0x000fb9fc,"nrf_dfu_transports_close",0.174465953,2.530926304,32.915808703,31.431685470
0x000f84c8,"armcc_scatterload",6,0x000f98d4,"nrf_svc_handler_c",0.215201811,1.271712105,32.915808703,61.942299705
0x000f84c8,"armcc_scatterload",7,0x000fa060,"wdt_feed",0.107163929,0.165329601,32.915808703,34.451333587
0x000f84c8,"armcc_scatterload",8,0x000fa094,"wdt_feed_timer_handler",0.107163929,0.165329601,32.915808703,34.451333587
0x000f84c8,"armcc_scatterload",9,0x000fd8d0,"memcmp",0.109736867,-0.074714967,32.915808703,37.212197940
0x000f84c8,"armcc_scatterload",10,0x000fc7c4,"PkaSetRegsMapTab",0.109644459,-0.494545662,32.915808703,37.264814671
0x000f84c8,"armcc_scatterload",11,0x000f975c,"nrf_crypto_internal_swap_endian_in_place",0.103661222,-0.559519842,32.915808703,29.145400264
0x000f84c8,"armcc_scatterload",12,0x000f9774,"nrf_crypto_internal_swap_endian",0.109959656,-0.654600952,32.915808703,26.570915745
0x000f9c4c,"armcc_scatterload_copy_loop",1,0x000fd908,"memset",0.513056634,9.476309222,24.708853673,20.537093130
0x000f9c4c,"armcc_scatterload_copy_loop",2,0x000f975c,"nrf_crypto_internal_swap_endian_in_place",0.406553090,9.323397942,24.708853673,29.145400264
0x000f9c4c,"armcc_scatterload_copy_loop",3,0x000f9774,"nrf_crypto_internal_swap_endian",0.299749128,6.404120963,24.708853673,26.570915745
0x000f9c4c,"armcc_scatterload_copy_loop",4,0x000fd918,"strlen",0.274123584,4.742139945,24.708853673,22.927287501
0x000f9c4c,"armcc_scatterload_copy_loop",5,0x000f9178,"sdh_state_observer_notify",0.200785380,3.972962105,24.708853673,24.423210600
0x000f9c4c,"armcc_scatterload_copy_loop",6,0x000f930c,"nrf_sdh_evts_poll",0.200785380,3.972962105,24.708853673,24.423210600
0x000f9c4c,"armcc_scatterload_copy_loop",7,0x000f9334,"SWI2_EGU2_IRQHandler",0.200484157,3.972962105,24.708853673,24.478583622
0x000f9c4c,"armcc_scatterload_copy_loop",8,0x000fa324,"pb_message_set_to_defaults",0.187158277,3.972962105,24.708853673,27.202209184
0x000f9c4c,"armcc_scatterload_copy_loop",9,0x000fd8ec,"memcpy",0.234628379,3.832613676,24.708853673,29.534490883
0x000f9c4c,"armcc_scatterload_copy_loop",10,0x000fc910,"PkaSetRegsSizesTab",0.202257794,2.931813583,24.708853673,22.442562969
0x000f9c4c,"armcc_scatterload_copy_loop",11,0x000faa84,"dfu_observer",0.126499947,1.822498352,24.708853673,24.346816371
0x000f9c4c,"armcc_scatterload_copy_loop",12,0x000fd808,"SaSi_HalWaitInterrupt",0.143706165,1.492473960,24.708853673,23.331570503
0x000f9f9c,"ble_dfu_init",1,0x000f9e1c,"nrf_bootloader_wdt_feed_timer_start",0.116719165,3.803196082,15.045455080,16.112391892
0x000f9f9c,"ble_dfu_init",2,0x000f8e40,"nrf_crypto_backend_secp256r1_public_key_from_raw",0.083582199,3.384289613,15.045455080,13.689627138
0x000f9f9c,"ble_dfu_init",3,0x000fa420,"pb_istream_from_buffer",0.176478781,2.584871171,15.045455080,16.348298473
0x000f9f9c,"ble_dfu_init",4,0x000fab30,"response_send",0.087115425,2.329812908,15.045455080,13.079303673
0x000f9f9c,"ble_dfu_init",5,0x000f8f24,"cc310_bl_backend_hash_sha256_init",0.082517673,2.329812908,15.045455080,13.889053703
0x000f9f9c,"ble_dfu_init",6,0x000f978a,"nrf_crypto_internal_double_swap_endian",0.081962105,2.329812908,15.045455080,13.996232483
0x000f9f9c,"ble_dfu_init",7,0x000f8200,"__do_global_dtors_aux",0.000000000,2.134405097,15.045455080,15.089155543
0x000f9f9c,"ble_dfu_init",8,0x000fb860,"nrf_dfu_settings_write",0.000000000,2.134405097,15.045455080,16.570089689
0x000f9f9c,"ble_dfu_init",9,0x000fba70,"nrf_dfu_bank1_start_addr",0.000000000,2.134405097,15.045455080,15.798820028
0x000f9f9c,"ble_dfu_init",10,0x000fb348,"nrf_dfu_mbr_copy_bl",0.073459942,2.076519092,15.045455080,15.951893824
0x000f9f9c,"ble_dfu_init",11,0x000fbd3c,"crypto_init",0.072455879,2.076519092,15.045455080,16.229349774
0x000f9f9c,"ble_dfu_init",12,0x000f87d8,"init",0.264523077,1.783924487,15.045455080,10.611468972
0x000fa060,"ble_dfu_req_handler_callback",1,0x000fc00c,"nrf_dfu_validation_boot_validate",0.211379489,2.961674099,109.095615520,51.910000644
0x000fa060,"ble_dfu_req_handler_callback",2,0x000fafc0,"ble_dfu_req_handler_callback",0.232273678,2.596214905,109.095615520,104.447917083
0x000fa060,"ble_dfu_req_handler_callback",3,0x000f88d8,"event_send",0.166175687,-0.471910572,109.095615520,51.342429642
0x000fa060,"ble_dfu_req_handler_callback",4,0x000fbb40,"update_data_size_get",0.171081252,-1.165640764,109.095615520,67.651976529
0x000fa060,"ble_dfu_req_handler_callback",5,0x000fc5ac,"set_digest_in_hw_sha256",0.169698009,-2.177624447,109.095615520,14.698052713
0x000fa060,"ble_dfu_req_handler_callback",6,0x000fa97e,"pb_dec_submessage",0.130395098,-3.568407690,109.095615520,42.615906139
0x000fa060,"ble_dfu_req_handler_callback",7,0x000fa5d6,"pb_make_string_substream",0.101224583,-4.950669849,109.095615520,41.905001897
0x000fa060,"ble_dfu_req_handler_callback",8,0x000f98a2,"nrf_dfu_set_adv_name_on_call",0.126534363,-5.364862024,109.095615520,41.881896894
0x000fa060,"ble_dfu_req_handler_callback",9,0x000fb3b0,"on_data_obj_execute_request_sched",0.092026666,-6.049428526,109.095615520,44.532081875
0x000fa060,"ble_dfu_req_handler_callback",10,0x000fb2cc,"dfu_fstorage_evt_handler",0.079047507,-6.466751384,109.095615520,18.656314793
0x000fa060,"ble_dfu_req_handler_callback",11,0x000f8e40,"nrf_crypto_backend_secp256r1_public_key_from_raw",0.063965882,-6.597286377,109.095615520,13.689627138
0x000fa060,"ble_dfu_req_handler_callback",12,0x000fbbdc,"is_major_softdevice_update",0.105177672,-6.662654790,109.095615520,47.159693795
0x000fa118,"ble_dfu_transport_close",1,0x000faf54,"ble_dfu_transport_close",0.194680669,2.557053344,67.936481719,52.577722413
0x000fa118,"ble_dfu_transport_close",2,0x000f98a2,"nrf_dfu_set_adv_name_on_call",0.111291705,-3.406013623,67.936481719,41.881896894
0x000fa118,"ble_dfu_transport_close",3,0x000fa060,"wdt_feed",0.094524266,-4.398935818,67.936481719,34.451333587
0x000fa118,"ble_dfu_transport_close",4,0x000fa094,"wdt_feed_timer_handler",0.094524266,-4.398935818,67.936481719,34.451333587
0x000fa118,"ble_dfu_transport_close",5,0x000f82bc,"Reset_Handler",0.089368636,-4.628650584,67.936481719,26.461217820
0x000fa118,"ble_dfu_transport_close",6,0x000f9658,"nrf_crypto_hash_init",0.088244897,-4.702524551,67.936481719,31.379879909
0x000fa118,"ble_dfu_transport_close",7,0x000fc3b4,"verify_context_ecdsa_verify_secp256r1",0.086504976,-4.712460055,67.936481719,20.594658968
0x000fa118,"ble_dfu_transport_close",8,0x000fc638,"verify_context_hash_sha256",0.086504976,-4.712460055,67.936481719,20.594658968
0x000fa118,"ble_dfu_transport_close",9,0x000f95b6,"nrf_crypto_internal_ecc_raw_input_check",0.085631729,-4.712460055,67.936481719,20.893639822
0x000fa118,"ble_dfu_transport_close",10,0x000f959e,"nrf_crypto_internal_ecc_key_input_check",0.083057859,-4.878084270,67.936481719,21.830400154
0x000fa118,"ble_dfu_transport_close",11,0x000f96b4,"nrf_crypto_hash_finalize",0.094704755,-5.048014375,67.936481719,40.417589591
0x000fa118,"ble_dfu_transport_close",12,0x000fba44,"nrf_dfu_bank0_start_addr",0.068344033,-5.350553593,67.936481719,18.512561266
0x000fa178,"ble_dfu_transport_init",1,0x000fb1dc,"ble_dfu_transport_init",0.270425789,9.954010261,102.140292709,134.626939496
0x000fa178,"ble_dfu_transport_init",2,0x000f8c20,"nrf52_errata_98",0.147217269,-2.809969902,102.140292709,21.829653284
0x000fa178,"ble_dfu_transport_init",3,0x000fba44,"nrf_dfu_bank0_start_addr",0.117663614,-4.379171431,102.140292709,18.512561266
0x000fa178,"ble_dfu_transport_init",4,0x000f9020,"cc310_bl_backend_init",0.111582848,-4.858978210,102.140292709,24.000797821
0x000fa178,"ble_dfu_transport_init",5,0x000fc584,"nrf_cc310_bl_ecdsa_verify_secp256r1",0.098381661,-5.450325623,102.140292709,18.697918980
0x000fa178,"ble_dfu_transport_init",6,0x000f9de4,"nrf_bootloader_dfu_inactivity_timer_restart",0.085607328,-6.211598352,102.140292709,22.957625372
0x000fa178,"ble_dfu_transport_init",7,0x000f8f24,"cc310_bl_backend_hash_sha256_init",0.072642081,-6.273891702,102.140292709,13.889053703
0x000fa178,"ble_dfu_transport_init",8,0x000f949c,"nrf_sdh_soc_evts_poll",0.104545978,-6.619846508,102.140292709,38.413477544
0x000fa178,"ble_dfu_transport_init",9,0x000f8c0c,"nrf52_errata_36",0.059716089,-6.795927235,102.140292709,9.697243372
0x000fa178,"ble_dfu_transport_init",10,0x000fc790,"nrf_cc310_bl_init",0.073453546,-6.855073028,102.140292709,24.207055109
0x000fa178,"ble_dfu_transport_init",11,0x000fa0fc,"nrf_bootloader_wdt_feed",0.064526067,-6.882771479,102.140292709,15.132416731
0x000fa178,"ble_dfu_transport_init",12,0x000fd860,"exit",0.059969437,-6.882771479,102.140292709,16.571403855
0x000fa210,"ble_evt_handler",1,0x000fa110,"pb_field_iter_begin",0.096477161,-8.461837455,258.352503008,31.757283148
0x000fa210,"ble_evt_handler",2,0x000fa3e0,"pb_dec_bytes",0.095474262,-9.533708309,258.352503008,44.315128121
0x000fa210,"ble_evt_handler",3,0x000f98a2,"nrf_dfu_set_adv_name_on_call",0.092185896,-9.955261300,258.352503008,41.881896894
0x000fa210,"ble_evt_handler",4,0x000fa3a0,"pb_dec_string",0.091823380,-10.177650290,258.352503008,45.467570049
0x000fa210,"ble_evt_handler",5,0x000fbb40,"update_data_size_get",0.114652615,-10.373576033,258.352503008,67.651976529
0x000fa210,"ble_evt_handler",6,0x000f9020,"cc310_bl_backend_init",0.077832145,-10.411167603,258.352503008,24.000797821
0x000fa210,"ble_evt_handler",7,0x000f95cc,"nrf_crypto_ecc_public_key_from_raw",0.082674862,-10.944258102,258.352503008,39.387338565
0x000fa210,"ble_evt_handler",8,0x000f92e0,"nrf_sdh_request_continue",0.069415000,-11.448946467,258.352503008,25.722174830
0x000fa210,"ble_evt_handler",9,0x000f9094,"bsp_board_led_on",0.067446416,-11.493851500,258.352503008,26.508397982
0x000fa210,"ble_evt_handler",10,0x000f90bc,"bsp_board_led_off",0.067446416,-11.493851500,258.352503008,26.508397982
0x000fa210,"ble_evt_handler",11,0x000f949c,"nrf_sdh_soc_evts_poll",0.079926663,-11.648917609,258.352503008,38.413477544
0x000fa210,"ble_evt_handler",12,0x000fc584,"nrf_cc310_bl_ecdsa_verify_secp256r1",0.060722460,-11.680505766,258.352503008,18.697918980
0x000fa3e8,"ble_srv_is_notification_enabled",1,0x000f9944,"ble_srv_is_notification_enabled",1.000000000,11.393337701,11.393337701,11.393337701
0x000fa3e8,"ble_srv_is_notification_enabled",2,0x000f87d8,"init",0.202809240,5.048631902,11.393337701,10.611468972
0x000fa3e8,"ble_srv_is_notification_enabled",3,0x000f8944,"nrf_fstorage_sdh_req_handler",0.187507277,5.048631902,11.393337701,11.393174392
0x000fa3e8,"ble_srv_is_notification_enabled",4,0x000f8968,"uninit",0.000000000,3.382326221,11.393337701,11.866338467
0x000fa3e8,"ble_srv_is_notification_enabled",5,0x000f97b8,"__NVIC_SystemReset",0.000000000,3.382326221,11.393337701,11.873922398
0x000fa3e8,"ble_srv_is_notification_enabled",6,0x000f995c,"do_reset",0.000000000,3.382326221,11.393337701,11.873922398
0x000fa3e8,"ble_srv_is_notification_enabled",7,0x000f9980,"inactivity_timeout",0.000000000,3.382326221,11.393337701,11.281974576
0x000fa3e8,"ble_srv_is_notification_enabled",8,0x000faa5c,"pb_dec_fixed32",0.000000000,3.382326221,11.393337701,11.686790572
0x000fa3e8,"ble_srv_is_notification_enabled",9,0x000faa7c,"pb_dec_fixed64",0.000000000,3.382326221,11.393337701,11.686790572
0x000fa3e8,"ble_srv_is_notification_enabled",10,0x000fba2c,"nrf_dfu_bank_invalidate",0.000000000,3.382326221,11.393337701,11.537451209
0x000fa3e8,"ble_srv_is_notification_enabled",11,0x000fc2ec,"nrf_dfu_validation_activation_prepare",0.000000000,3.382326221,11.393337701,11.686790572
0x000fa3e8,"ble_srv_is_notification_enabled",12,0x000f9070,"cc310_bl_backend_disable",0.161863700,2.954365142,11.393337701,13.234035506
0x000fa3f0,"boot_validate",1,0x000f9584,"nrf_crypto_internal_ecc_key_output_prepare",0.319396102,5.952025849,22.005582157,23.342888392
0x000fa3f0,"boot_validate",2,0x000fc790,"nrf_cc310_bl_init",0.252369708,5.132553744,22.005582157,24.207055109
0x000fa3f0,"boot_validate",3,0x000fc3b4,"verify_context_ecdsa_verify_secp256r1",0.184335979,3.924403078,22.005582157,20.594658968
0x000fa3f0,"boot_validate",4,0x000fc638,"verify_context_hash_sha256",0.184335979,3.924403078,22.005582157,20.594658968
0x000fa3f0,"boot_validate",5,0x000f95b6,"nrf_crypto_internal_ecc_raw_input_check",0.182475152,3.924403078,22.005582157,20.893639822
0x000fa3f0,"boot_validate",6,0x000fcb08,"PkaFinishAndMutexUnlock",0.175366277,3.924403078,22.005582157,22.124799157
0x000fa3f0,"boot_validate",7,0x000f9de4,"nrf_bootloader_dfu_inactivity_timer_restart",0.171003199,3.924403078,22.005582157,22.957625372
0x000fa3f0,"boot_validate",8,0x000f987c,"nrf_dfu_set_adv_name_on_sys_evt",0.310639581,3.807567051,22.005582157,34.690293882
0x000fa3f0,"boot_validate",9,0x000f8c20,"nrf52_errata_98",0.186345765,3.682877773,22.005582157,21.829653284
0x000fa3f0,"boot_validate",10,0x000f985c,"nrf_dfu_set_adv_name_handler",0.190620320,3.534123324,22.005582157,19.648848308
0x000fa3f0,"boot_validate",11,0x000fc658,"nrf_cc310_bl_hash_sha256_init",0.184121295,3.534123324,22.005582157,20.628690448
0x000fa3f0,"boot_validate",12,0x000f959e,"nrf_crypto_internal_ecc_key_input_check",0.176990416,3.157616178,22.005582157,21.830400154
0x000fa400,"boot_validation_crc",1,0x000f9980,"inactivity_timeout",0.201534483,5.055086378,10.829347715,11.281974576
0x000fa400,"boot_validation_crc",2,0x000fba2c,"nrf_dfu_bank_invalidate",0.196822136,5.055086378,10.829347715,11.537451209
0x000fa400,"boot_validation_crc",3,0x000faa5c,"pb_dec_fixed32",0.194216073,5.055086378,10.829347715,11.686790572
0x000fa400,"boot_validation_crc",4,0x000faa7c,"pb_dec_fixed64",0.194216073,5.055086378,10.829347715,11.686790572
0x000fa400,"boot_validation_crc",5,0x000fc2ec,"nrf_dfu_validation_activation_prepare",0.194216073,5.055086378,10.829347715,11.686790572
0x000fa400,"boot_validation_crc",6,0x000f87d8,"init",0.147845648,4.735451429,10.829347715,10.611468972
0x000fa400,"boot_validation_crc",7,0x000fb36a,"nrf_dfu_mbr_init_sd",0.315335459,4.265765836,10.829347715,12.126692768
0x000fa400,"boot_validation_crc",8,0x000fc004,"fw_hash_ok",0.308928419,4.265765836,10.829347715,12.383047125
0x000fa400,"boot_validation_crc",9,0x000f8944,"nrf_fstorage_sdh_req_handler",0.000000000,3.382326221,10.829347715,11.393174392
0x000fa400,"boot_validation_crc",10,0x000f8968,"uninit",0.000000000,3.382326221,10.829347715,11.866338467
0x000fa400,"boot_validation_crc",11,0x000f97b8,"__NVIC_SystemReset",0.000000000,3.382326221,10.829347715,11.873922398
0x000fa400,"boot_validation_crc",12,0x000f9944,"ble_srv_is_notification_enabled",0.000000000,3.382326221,10.829347715,11.393337701
0x000fa40c,"boot_validation_extract",1,0x000fc064,"boot_validation_extract",0.333914443,16.127390626,77.665544024,84.532858413
0x000fa40c,"boot_validation_extract",2,0x000fa110,"pb_field_iter_begin",0.118966331,-2.590297899,77.665544024,31.757283148
0x000fa40c,"boot_validation_extract",3,0x000fbd78,"nrf_dfu_validation_signature_check",0.134410146,-2.991812715,77.665544024,55.664865506
0x000fa40c,"boot_validation_extract",4,0x000fa3e0,"pb_dec_bytes",0.107763241,-4.358300161,77.665544024,44.315128121
0x000fa40c,"boot_validation_extract",5,0x000fc5ac,"set_digest_in_hw_sha256",0.106243154,-4.667797364,77.665544024,14.698052713
0x000fa40c,"boot_validation_extract",6,0x000fc5e4,"read_digest_in_hw_sha256",0.084022264,-4.667797364,77.665544024,19.901186018
0x000fa40c,"boot_validation_extract",7,0x000f8738,"nrf_balloc_free",0.095607024,-4.965025160,77.665544024,33.701848306
0x000fa40c,"boot_validation_extract",8,0x000fa3a0,"pb_dec_string",0.101962483,-5.015323320,77.665544024,45.467570049
0x000fa40c,"boot_validation_extract",9,0x000f8be0,"nrf_section_iter_init",0.084930474,-5.120499026,77.665544024,21.981283081
0x000fa40c,"boot_validation_extract",10,0x000f8e40,"nrf_crypto_backend_secp256r1_public_key_from_raw",0.076722429,-5.171551340,77.665544024,13.689627138
0x000fa40c,"boot_validation_extract",11,0x000fbe20,"nrf_dfu_validation_hash_ok",0.094858858,-5.266942363,77.665544024,44.198391504
0x000fa40c,"boot_validation_extract",12,0x000fa420,"pb_istream_from_buffer",0.066125554,-5.587323181,77.665544024,16.348298473
0x000fb930,"bootloader_adv_name_record_valid",1,0x000f985c,"nrf_dfu_set_adv_name_handler",0.247656713,4.584245644,20.617972274,19.648848308
0x000fb930,"bootloader_adv_name_record_valid",2,0x000f93a0,"nrf_sdh_ble_app_ram_start_get",0.298020832,3.883463300,20.617972274,15.428501673
0x000fb930,"bootloader_adv_name_record_valid",3,0x000fb698,"nrf_dfu_req_handler_on_req",0.172669804,3.797740131,20.617972274,18.368693562
0x000fb930,"bootloader_adv_name_record_valid",4,0x000f91a0,"softdevice_evt_irq_disable",0.154446031,3.737089816,20.617972274,20.660240445
0x000fb930,"bootloader_adv_name_record_valid",5,0x000fc584,"nrf_cc310_bl_ecdsa_verify_secp256r1",0.156567378,3.078045231,20.617972274,18.697918980
0x000fb930,"bootloader_adv_name_record_valid",6,0x000fc3b4,"verify_context_ecdsa_verify_secp256r1",0.158948002,2.158279925,20.617972274,20.594658968
0x000fb930,"bootloader_adv_name_record_valid",7,0x000fc638,"verify_context_hash_sha256",0.158948002,2.158279925,20.617972274,20.594658968
0x000fb930,"bootloader_adv_name_record_valid",8,0x000f95b6,"nrf_crypto_internal_ecc_raw_input_check",0.157343460,2.158279925,20.617972274,20.893639822
0x000fb930,"bootloader_adv_name_record_valid",9,0x000f8b04,"nrf_fstorage_sdh_state_handler",0.083656987,2.149743484,20.617972274,19.529411617
0x000fb930,"bootloader_adv_name_record_valid",10,0x000f9de4,"nrf_bootloader_dfu_inactivity_timer_restart",0.139751982,2.037131283,20.617972274,22.957625372
0x000fb930,"bootloader_adv_name_record_valid",11,0x000fc790,"nrf_cc310_bl_init",0.153161678,1.684587271,20.617972274,24.207055109
0x000fb930,"bootloader_adv_name_record_valid",12,0x000fba44,"nrf_dfu_bank0_start_addr",0.082515869,1.558075140,20.617972274,18.512561266
0x000fa4a4,"bootloader_reset",1,0x000fa1e4,"buf_read",0.177033838,1.289243077,48.334606436,32.420387120
0x000fa4a4,"bootloader_reset",2,0x000fbe20,"nrf_dfu_validation_hash_ok",0.133943207,-0.228688085,48.334606436,44.198391504
0x000fa4a4,"bootloader_reset",3,0x000f91cc,"softdevices_evt_irq_enable",0.144839187,-0.514072600,48.334606436,32.291932928
0x000fa4a4,"bootloader_reset",4,0x000fbea8,"nrf_dfu_validation_init_cmd_create",0.150331000,-0.796580506,48.334606436,25.968053209
0x000fa4a4,"bootloader_reset",5,0x000f9774,"nrf_crypto_internal_swap_endian",0.141671721,-0.986530227,48.334606436,26.570915745
0x000fa4a4,"bootloader_reset",6,0x000fd8ec,"memcpy",0.127307187,-1.268057263,48.334606436,29.534490883
0x000fa4a4,"bootloader_reset",7,0x000f985c,"nrf_dfu_set_adv_name_handler",0.146164411,-1.415382901,48.334606436,19.648848308
0x000fa4a4,"bootloader_reset",8,0x000fc658,"nrf_cc310_bl_hash_sha256_init",0.141181069,-1.415382901,48.334606436,20.628690448
0x000fa4a4,"bootloader_reset",9,0x000f9584,"nrf_crypto_internal_ecc_key_output_prepare",0.129656918,-1.594363248,48.334606436,23.342888392
0x000fa4a4,"bootloader_reset",10,0x000fce84,"CRYS_COMMON_ReverseMemcpy32",0.105291373,-1.642791498,48.334606436,43.234176672
0x000fa4a4,"bootloader_reset",11,0x000fb92c,"nrf_dfu_settings_adv_name_write",0.110681508,-1.833003710,48.334606436,29.795569392
0x000fa4a4,"bootloader_reset",12,0x000f86be,"nrf_balloc_init",0.108435872,-1.835780069,48.334606436,45.989289360
0x000fa4e4,"cc310_backend_mutex_trylock",1,0x000f93a0,"nrf_sdh_ble_app_ram_start_get",0.310400671,4.673729133,19.475961726,15.428501673
0x000fa4e4,"cc310_backend_mutex_trylock",2,0x000f985c,"nrf_dfu_set_adv_name_handler",0.257944417,4.129391186,19.475961726,19.648848308
0x000fa4e4,"cc310_backend_mutex_trylock",3,0x000fc584,"nrf_cc310_bl_ecdsa_verify_secp256r1",0.163071216,4.042708588,19.475961726,18.697918980
0x000fa4e4,"cc310_backend_mutex_trylock",4,0x000fb698,"nrf_dfu_req_handler_on_req",0.179842539,3.266570114,19.475961726,18.368693562
0x000fa4e4,"cc310_backend_mutex_trylock",5,0x000f91a0,"softdevice_evt_irq_disable",0.160861747,3.205919799,19.475961726,20.660240445
0x000fa4e4,"cc310_backend_mutex_trylock",6,0x000faa44,"pb_decode_fixed32",0.071922620,2.354715553,19.475961726,19.127269137
0x000fa4e4,"cc310_backend_mutex_trylock",7,0x000fc3b4,"verify_context_ecdsa_verify_secp256r1",0.165550731,1.768000171,19.475961726,20.594658968
0x000fa4e4,"cc310_backend_mutex_trylock",8,0x000fc638,"verify_context_hash_sha256",0.165550731,1.768000171,19.475961726,20.594658968
0x000fa4e4,"cc310_backend_mutex_trylock",9,0x000f95b6,"nrf_crypto_internal_ecc_raw_input_check",0.163879536,1.768000171,19.475961726,20.893639822
0x000fa4e4,"cc310_backend_mutex_trylock",10,0x000f9484,"nrf_sdh_ble_enable",0.077236455,1.731966866,19.475961726,17.384406865
0x000fa4e4,"cc310_backend_mutex_trylock",11,0x000fb8c4,"nrf_dfu_settings_write_and_backup",0.075430606,1.731966866,19.475961726,17.935554343
0x000fa4e4,"cc310_backend_mutex_trylock",12,0x000f8b04,"nrf_fstorage_sdh_state_handler",0.087132113,1.618573468,19.475961726,19.529411617
0x000fa500,"cc310_backend_mutex_unlock",1,0x000f9070,"cc310_bl_backend_disable",0.400464271,5.116754217,11.680336096,13.234035506
0x000fa500,"cc310_backend_mutex_unlock",2,0x000f87d8,"init",0.197610290,5.048631902,11.680336096,10.611468972
0x000fa500,"cc310_backend_mutex_unlock",3,0x000f8944,"nrf_fstorage_sdh_req_handler",0.182700588,5.048631902,11.680336096,11.393174392
0x000fa500,"cc310_backend_mutex_unlock",4,0x000f9944,"ble_srv_is_notification_enabled",0.182697817,5.048631902,11.680336096,11.393337701
0x000fa500,"cc310_backend_mutex_unlock",5,0x000f8968,"uninit",0.000000000,3.382326221,11.680336096,11.866338467
0x000fa500,"cc310_backend_mutex_unlock",6,0x000f97b8,"__NVIC_SystemReset",0.000000000,3.382326221,11.680336096,11.873922398
0x000fa500,"cc310_backend_mutex_unlock",7,0x000f995c,"do_reset",0.000000000,3.382326221,11.680336096,11.873922398
0x000fa500,"cc310_backend_mutex_unlock",8,0x000f9980,"inactivity_timeout",0.000000000,3.382326221,11.680336096,11.281974576
0x000fa500,"cc310_backend_mutex_unlock",9,0x000faa5c,"pb_dec_fixed32",0.000000000,3.382326221,11.680336096,11.686790572
0x000fa500,"cc310_backend_mutex_unlock",10,0x000faa7c,"pb_dec_fixed64",0.000000000,3.382326221,11.680336096,11.686790572
0x000fa500,"cc310_backend_mutex_unlock",11,0x000fba2c,"nrf_dfu_bank_invalidate",0.000000000,3.382326221,11.680336096,11.537451209
0x000fa500,"cc310_backend_mutex_unlock",12,0x000fc2ec,"nrf_dfu_validation_activation_prepare",0.000000000,3.382326221,11.680336096,11.686790572
0x000fa510,"cc310_bl_backend_disable",1,0x000f9070,"cc310_bl_backend_disable",0.486969198,5.803171422,15.902897937,13.234035506
0x000fa510,"cc310_bl_backend_disable",2,0x000f9518,"nrf_nvmc_write_word",0.269427918,3.986576412,15.902897937,19.455287611
0x000fa510,"cc310_bl_backend_disable",3,0x000f9e1c,"nrf_bootloader_wdt_feed_timer_start",0.111546472,3.803196082,15.902897937,16.112391892
0x000fa510,"cc310_bl_backend_disable",4,0x000f94e8,"nrf_nvmc_page_erase",0.256267386,3.150300105,15.902897937,20.871725082
0x000fa510,"cc310_bl_backend_disable",5,0x000f91a0,"softdevice_evt_irq_disable",0.258110417,2.460372759,15.902897937,20.660240445
0x000fa510,"cc310_bl_backend_disable",6,0x000f8200,"__do_global_dtors_aux",0.000000000,2.134405097,15.902897937,15.089155543
0x000fa510,"cc310_bl_backend_disable",7,0x000f8e40,"nrf_crypto_backend_secp256r1_public_key_from_raw",0.000000000,2.134405097,15.902897937,13.689627138
0x000fa510,"cc310_bl_backend_disable",8,0x000fb860,"nrf_dfu_settings_write",0.000000000,2.134405097,15.902897937,16.570089689
0x000fa510,"cc310_bl_backend_disable",9,0x000fba70,"nrf_dfu_bank1_start_addr",0.000000000,2.134405097,15.902897937,15.798820028
0x000fa510,"cc310_bl_backend_disable",10,0x000fa420,"pb_istream_from_buffer",0.099812372,1.365576489,15.902897937,16.348298473
0x000fa510,"cc310_bl_backend_disable",11,0x000f8774,"nrf_fstorage_write",0.000000000,1.079928392,15.902897937,13.434864643
0x000fa510,"cc310_bl_backend_disable",12,0x000f8782,"nrf_fstorage_erase",0.000000000,1.079928392,15.902897937,13.434864643
0x000fa534,"cc310_bl_backend_enable",1,0x000f9070,"cc310_bl_backend_disable",0.144173697,4.584479204,12.795499117,13.234035506
0x000fa534,"cc310_bl_backend_enable",2,0x000f876c,"nrf_fstorage_init",0.000000000,2.966352513,12.795499117,12.977786468
0x000fa534,"cc310_bl_backend_enable",3,0x000f97a2,"nrf_crypto_internal_double_swap_endian_in_place",0.000000000,2.966352513,12.795499117,13.232857116
0x000fa534,"cc310_bl_backend_enable",4,0x000f9b6c,"nrf_bootloader_app_start",0.000000000,2.966352513,12.795499117,12.872793677
0x000fa534,"cc310_bl_backend_enable",5,0x000fa95e,"pb_decode",0.000000000,2.966352513,12.795499117,13.376410647
0x000fa534,"cc310_bl_backend_enable",6,0x000fb36a,"nrf_dfu_mbr_init_sd",0.000000000,2.966352513,12.795499117,12.126692768
0x000fa534,"cc310_bl_backend_enable",7,0x000fb900,"nrf_dfu_settings_progress_reset",0.000000000,2.966352513,12.795499117,13.154645564
0x000fa534,"cc310_bl_backend_enable",8,0x000fb97c,"nrf_dfu_settings_adv_name_is_valid",0.000000000,2.966352513,12.795499117,13.175049138
0x000fa534,"cc310_bl_backend_enable",9,0x000fc004,"fw_hash_ok",0.000000000,2.966352513,12.795499117,12.383047125
0x000fa534,"cc310_bl_backend_enable",10,0x000f87d8,"init",0.180644320,2.954365142,12.795499117,10.611468972
0x000fa534,"cc310_bl_backend_enable",11,0x000f8944,"nrf_fstorage_sdh_req_handler",0.167014701,2.954365142,12.795499117,11.393174392
0x000fa534,"cc310_bl_backend_enable",12,0x000f9944,"ble_srv_is_notification_enabled",0.167012168,2.954365142,12.795499117,11.393337701
0x000fa54c,"cc310_bl_backend_hash_sha256_finalize",1,0x000f8f34,"cc310_bl_backend_hash_sha256_finalize",0.429138380,15.856707730,45.339973390,46.070512185
0x000fa54c,"cc310_bl_backend_hash_sha256_finalize",2,0x000f9280,"nrf_sdh_disable_request",0.141839694,0.554943377,45.339973390,50.510036860
0x000fa54c,"cc310_bl_backend_hash_sha256_finalize",3,0x000f9584,"nrf_crypto_internal_ecc_key_output_prepare",0.152645152,-0.713213600,45.339973390,23.342888392
0x000fa54c,"cc310_bl_backend_hash_sha256_finalize",4,0x000fc3d4,"nrf_cc310_bl_ecdsa_verify_init_secp256r1",0.125375136,-1.165192319,45.339973390,28.391102178
0x000fa54c,"cc310_bl_backend_hash_sha256_finalize",5,0x000f8be0,"nrf_section_iter_init",0.137289799,-1.220560422,45.339973390,21.981283081
0x000fa54c,"cc310_bl_backend_hash_sha256_finalize",6,0x000f9658,"nrf_crypto_hash_init",0.108930619,-1.481305644,45.339973390,31.379879909
0x000fa54c,"cc310_bl_backend_hash_sha256_finalize",7,0x000fc584,"nrf_cc310_bl_ecdsa_verify_secp256r1",0.153809021,-1.525755312,45.339973390,18.697918980
0x000fa54c,"cc310_bl_backend_hash_sha256_finalize",8,0x000f9020,"cc310_bl_backend_init",0.129167365,-1.674752581,45.339973390,24.000797821
0x000fa54c,"cc310_bl_backend_hash_sha256_finalize",9,0x000f9680,"nrf_crypto_hash_update",0.100915426,-1.704801548,45.339973390,35.569951845
0x000fa54c,"cc310_bl_backend_hash_sha256_finalize",10,0x000fc790,"nrf_cc310_bl_init",0.122950836,-1.821421433,45.339973390,24.207055109
0x000fa54c,"cc310_bl_backend_hash_sha256_finalize",11,0x000fc3b4,"verify_context_ecdsa_verify_secp256r1",0.130308404,-1.952478149,45.339973390,20.594658968
0x000fa54c,"cc310_bl_backend_hash_sha256_finalize",12,0x000fc638,"verify_context_hash_sha256",0.130308404,-1.952478149,45.339973390,20.594658968
0x000fa594,"cc310_bl_backend_hash_sha256_init",1,0x000fb36a,"nrf_dfu_mbr_init_sd",0.360497132,6.343077407,11.875365965,12.126692768
0x000fa594,"cc310_bl_backend_hash_sha256_init",2,0x000f9b6c,"nrf_bootloader_app_start",0.192117715,4.793973159,11.875365965,12.872793677
0x000fa594,"cc310_bl_backend_hash_sha256_init",3,0x000fb900,"nrf_dfu_settings_progress_reset",0.188290231,4.793973159,11.875365965,13.154645564
0x000fa594,"cc310_bl_backend_hash_sha256_init",4,0x000f97a2,"nrf_crypto_internal_double_swap_endian_in_place",0.187268049,4.793973159,11.875365965,13.232857116
0x000fa594,"cc310_bl_backend_hash_sha256_init",5,0x000fa95e,"pb_decode",0.185434421,4.793973159,11.875365965,13.376410647
0x000fa594,"cc310_bl_backend_hash_sha256_init",6,0x000f8f24,"cc310_bl_backend_hash_sha256_init",0.281717520,4.324381413,11.875365965,13.889053703
0x000fa594,"cc310_bl_backend_hash_sha256_init",7,0x000f978a,"nrf_crypto_internal_double_swap_endian",0.279820795,4.324381413,11.875365965,13.996232483
0x000fa594,"cc310_bl_backend_hash_sha256_init",8,0x000fc004,"fw_hash_ok",0.113876475,4.271298731,11.875365965,12.383047125
0x000fa594,"cc310_bl_backend_hash_sha256_init",9,0x000f8968,"uninit",0.207971448,3.163859097,11.875365965,11.866338467
0x000fa594,"cc310_bl_backend_hash_sha256_init",10,0x000f8e40,"nrf_crypto_backend_secp256r1_public_key_from_raw",0.285351840,3.047895147,11.875365965,13.689627138
0x000fa594,"cc310_bl_backend_hash_sha256_init",11,0x000f876c,"nrf_fstorage_init",0.000000000,2.966352513,11.875365965,12.977786468
0x000fa594,"cc310_bl_backend_hash_sha256_init",12,0x000f9070,"cc310_bl_backend_disable",0.000000000,2.966352513,11.875365965,13.234035506
0x000fa5a4,"cc310_bl_backend_hash_sha256_update",1,0x000f8f98,"cc310_bl_backend_hash_sha256_update",0.407332655,17.006584337,54.090291089,60.184065554
0x000fa5a4,"cc310_bl_backend_hash_sha256_update",2,0x000fc584,"nrf_cc310_bl_ecdsa_verify_secp256r1",0.231508035,0.842679724,54.090291089,18.697918980
0x000fa5a4,"cc310_bl_backend_hash_sha256_update",3,0x000f9020,"cc310_bl_backend_init",0.149325059,-1.314260052,54.090291089,24.000797821
0x000fa5a4,"cc310_bl_backend_hash_sha256_update",4,0x000fb698,"nrf_dfu_req_handler_on_req",0.123738958,-2.842850144,54.090291089,18.368693562
0x000fa5a4,"cc310_bl_backend_hash_sha256_update",5,0x000f985c,"nrf_dfu_set_adv_name_handler",0.117788859,-2.939648154,54.090291089,19.648848308
0x000fa5a4,"cc310_bl_backend_hash_sha256_update",6,0x000f92e0,"nrf_sdh_request_continue",0.108157790,-3.013432198,54.090291089,25.722174830
0x000fa5a4,"cc310_bl_backend_hash_sha256_update",7,0x000f9584,"nrf_crypto_internal_ecc_key_output_prepare",0.104486040,-3.230042182,54.090291089,23.342888392
0x000fa5a4,"cc310_bl_backend_hash_sha256_update",8,0x000f93a0,"nrf_sdh_ble_app_ram_start_get",0.109024515,-3.692217228,54.090291089,15.428501673
0x000fa5a4,"cc310_bl_backend_hash_sha256_update",9,0x000fc3b4,"verify_context_ecdsa_verify_secp256r1",0.087613001,-4.176207275,54.090291089,20.594658968
0x000fa5a4,"cc310_bl_backend_hash_sha256_update",10,0x000fc638,"verify_context_hash_sha256",0.087613001,-4.176207275,54.090291089,20.594658968
0x000fa5a4,"cc310_bl_backend_hash_sha256_update",11,0x000f95b6,"nrf_crypto_internal_ecc_raw_input_check",0.086728569,-4.176207275,54.090291089,20.893639822
0x000fa5a4,"cc310_bl_backend_hash_sha256_update",12,0x000f959e,"nrf_crypto_internal_ecc_key_input_check",0.084121730,-4.273005285,54.090291089,21.830400154
0x000fa608,"cc310_bl_backend_init",1,0x000fc3b4,"verify_context_ecdsa_verify_secp256r1",0.443365883,8.169506337,29.459645527,20.594658968
0x000fa608,"cc310_bl_backend_init",2,0x000fc638,"verify_context_hash_sha256",0.443365883,8.169506337,29.459645527,20.594658968
0x000fa608,"cc310_bl_backend_init",3,0x000f9020,"cc310_bl_backend_init",0.333177635,6.519030736,29.459645527,24.000797821
0x000fa608,"cc310_bl_backend_init",4,0x000f959e,"nrf_crypto_internal_ecc_key_input_check",0.269769395,4.402160586,29.459645527,21.830400154
0x000fa608,"cc310_bl_backend_init",5,0x000f95b6,"nrf_crypto_internal_ecc_raw_input_check",0.278129248,4.227129843,29.459645527,20.893639822
0x000fa608,"cc310_bl_backend_init",6,0x000f92e0,"nrf_sdh_request_continue",0.197439115,3.331607142,29.459645527,25.722174830
0x000fa608,"cc310_bl_backend_init",7,0x000f987c,"nrf_dfu_set_adv_name_on_sys_evt",0.200359914,1.987216272,29.459645527,34.690293882
0x000fa608,"cc310_bl_backend_init",8,0x000f9584,"nrf_crypto_internal_ecc_key_output_prepare",0.160474023,1.677405934,29.459645527,23.342888392
0x000fa608,"cc310_bl_backend_init",9,0x000f8ed8,"hash_result_get",0.188400741,0.834788653,29.459645527,38.446979493
0x000fa608,"cc310_bl_backend_init",10,0x000fc584,"nrf_cc310_bl_ecdsa_verify_secp256r1",0.183779372,0.737010599,29.459645527,18.697918980
0x000fa608,"cc310_bl_backend_init",11,0x000fb9cc,"nrf_dfu_transports_init",0.096153217,0.278195238,29.459645527,31.431685470
0x000fa608,"cc310_bl_backend_init",12,0x000fb9fc,"nrf_dfu_transports_close",0.096153217,0.278195238,29.459645527,31.431685470
0x000fa640,"cc310_bl_backend_uninit",1,0x000f8c0c,"nrf52_errata_36",0.259080559,5.544903925,10.126636686,9.697243372
0x000fa640,"cc310_bl_backend_uninit",2,0x000fb384,"nrf_dfu_mbr_irq_forward_address_set",0.258617307,5.544903925,10.126636686,9.710465577
0x000fa640,"cc310_bl_backend_uninit",3,0x000fb328,"ext_error_set",0.256132423,5.544903925,10.126636686,9.782618304
0x000fa640,"cc310_bl_backend_uninit",4,0x000f9010,"cc310_bl_backend_uninit",0.253495371,5.544903925,10.126636686,9.861522050
0x000fa640,"cc310_bl_backend_uninit",5,0x000fa098,"WDT_IRQHandler",0.253495371,5.544903925,10.126636686,9.861522050
0x000fa640,"cc310_bl_backend_uninit",6,0x000f9054,"cc310_bl_backend_enable",0.251153903,5.544903925,10.126636686,9.933674777
0x000fa640,"cc310_bl_backend_uninit",7,0x000f9950,"flash_write_callback",0.251153903,5.544903925,10.126636686,9.933674777
0x000fa640,"cc310_bl_backend_uninit",8,0x000f9e40,"flash_write_callback",0.251153903,5.544903925,10.126636686,9.933674777
0x000fa640,"cc310_bl_backend_uninit",9,0x000fd7f0,"SaSi_HalClearInterruptBit",0.251153903,5.544903925,10.126636686,9.933674777
0x000fa640,"cc310_bl_backend_uninit",10,0x000fd7fc,"SaSi_HalMaskInterrupt",0.251153903,5.544903925,10.126636686,9.933674777
0x000fa640,"cc310_bl_backend_uninit",11,0x000fd83c,"CRYPTOCELL_IRQHandler",0.251153903,5.544903925,10.126636686,9.933674777
0x000fa640,"cc310_bl_backend_uninit",12,0x000f8224,"frame_dummy",0.246456168,5.544903925,10.126636686,10.084687428
0x000fa64c,"cmd_response_offset_and_crc_set",1,0x000fa420,"pb_istream_from_buffer",0.218566681,4.202680473,17.691408762,16.348298473
0x000fa64c,"cmd_response_offset_and_crc_set",2,0x000fba44,"nrf_dfu_bank0_start_addr",0.092275008,2.513978681,17.691408762,18.512561266
0x000fa64c,"cmd_response_offset_and_crc_set",3,0x000faa44,"pb_decode_fixed32",0.056246172,2.095072213,17.691408762,19.127269137
0x000fa64c,"cmd_response_offset_and_crc_set",4,0x000fb348,"nrf_dfu_mbr_copy_bl",0.129213850,2.058163074,17.691408762,15.951893824
0x000fa64c,"cmd_response_offset_and_crc_set",5,0x000fbd3c,"crypto_init",0.127447733,2.058163074,17.691408762,16.229349774
0x000fa64c,"cmd_response_offset_and_crc_set",6,0x000fb2cc,"dfu_fstorage_evt_handler",0.114567797,1.529884790,17.691408762,18.656314793
0x000fa64c,"cmd_response_offset_and_crc_set",7,0x000f985c,"nrf_dfu_set_adv_name_handler",0.110320433,1.529884790,17.691408762,19.648848308
0x000fa64c,"cmd_response_offset_and_crc_set",8,0x000faa62,"pb_decode_fixed64",0.103931558,1.529884790,17.691408762,21.377225095
0x000fa64c,"cmd_response_offset_and_crc_set",9,0x000f8e40,"nrf_crypto_backend_secp256r1_public_key_from_raw",0.147018599,1.435414386,17.691408762,13.689627138
0x000fa64c,"cmd_response_offset_and_crc_set",10,0x000fb698,"nrf_dfu_req_handler_on_req",0.057946632,1.139168672,17.691408762,18.368693562
0x000fa64c,"cmd_response_offset_and_crc_set",11,0x000f866c,"nrf_atomic_u32_fetch_store",0.000000000,0.886483973,17.691408762,20.043934639
0x000fa64c,"cmd_response_offset_and_crc_set",12,0x000f94e8,"nrf_nvmc_page_erase",0.000000000,0.886483973,17.691408762,20.871725082
0x000fa65c,"crc32_compute",1,0x000f84e0,"crc32_compute",0.405884079,16.674040466,55.506410372,54.149857603
0x000fa65c,"crc32_compute",2,0x000fa060,"wdt_feed",0.215142829,2.754382177,55.506410372,34.451333587
0x000fa65c,"crc32_compute",3,0x000fa094,"wdt_feed_timer_handler",0.215142829,2.754382177,55.506410372,34.451333587
0x000fa65c,"crc32_compute",4,0x000f8790,"nrf_fstorage_is_busy",0.177951273,1.959991484,55.506410372,53.518220228
0x000fa65c,"crc32_compute",5,0x000fd8d0,"memcmp",0.193732690,1.293519233,55.506410372,37.212197940
0x000fa65c,"crc32_compute",6,0x000f86be,"nrf_balloc_init",0.174013180,1.108318449,55.506410372,45.989289360
0x000fa65c,"crc32_compute",7,0x000fb2d8,"nrf_dfu_flash_init",0.227891315,-0.036989733,55.506410372,15.470655266
0x000fa65c,"crc32_compute",8,0x000fc3b4,"verify_context_ecdsa_verify_secp256r1",0.177275009,-0.803047869,55.506410372,20.594658968
0x000fa65c,"crc32_compute",9,0x000fc638,"verify_context_hash_sha256",0.177275009,-0.803047869,55.506410372,20.594658968
0x000fa65c,"crc32_compute",10,0x000f959e,"nrf_crypto_internal_ecc_key_input_check",0.170210816,-0.922568406,55.506410372,21.830400154
0x000fa65c,"crc32_compute",11,0x000fb964,"nrf_dfu_settings_adv_name_copy",0.170061781,-1.651040043,55.506410372,16.517275992
0x000fa65c,"crc32_compute",12,0x000fc7c4,"PkaSetRegsMapTab",0.129792439,-1.775822655,55.506410372,37.264814671
0x000fa698,"crc_ok",1,0x000fc790,"nrf_cc310_bl_init",0.183686041,3.966245142,23.631042931,24.207055109
0x000fa698,"crc_ok",2,0x000f9584,"nrf_crypto_internal_ecc_key_output_prepare",0.188209318,3.249545780,23.631042931,23.342888392
0x000fa698,"crc_ok",3,0x000fc3b4,"verify_context_ecdsa_verify_secp256r1",0.179223735,3.215255223,23.631042931,20.594658968
0x000fa698,"crc_ok",4,0x000fc638,"verify_context_hash_sha256",0.179223735,3.215255223,23.631042931,20.594658968
0x000fa698,"crc_ok",5,0x000f959e,"nrf_crypto_internal_ecc_key_input_check",0.100096771,1.863473026,23.631042931,21.830400154
0x000fa698,"crc_ok",6,0x000f8be0,"nrf_section_iter_init",0.099622841,1.863473026,23.631042931,21.981283081
0x000fa698,"crc_ok",7,0x000f8c20,"nrf52_errata_98",0.116665049,1.470202010,23.631042931,21.829653284
0x000fa698,"crc_ok",8,0x000faa84,"dfu_observer",0.043756004,0.493928939,23.631042931,24.346816371
0x000fa698,"crc_ok",9,0x000f9930,"SVC_Handler",0.042870208,0.493928939,23.631042931,25.112414450
0x000fa698,"crc_ok",10,0x000f95b6,"nrf_crypto_internal_ecc_raw_input_check",0.048567360,0.158998931,23.631042931,20.893639822
0x000fa698,"crc_ok",11,0x000fcb08,"PkaFinishAndMutexUnlock",0.046675271,0.158998931,23.631042931,22.124799157
0x000fa698,"crc_ok",12,0x000f9de4,"nrf_bootloader_dfu_inactivity_timer_restart",0.045514000,0.158998931,23.631042931,22.957625372
0x000fa6b8,"crypto_init",1,0x000f8be0,"nrf_section_iter_init",0.289482943,6.027493692,25.494896970,21.981283081
0x000fa6b8,"crypto_init",2,0x000f9de4,"nrf_bootloader_dfu_inactivity_timer_restart",0.190147337,3.128733451,25.494896970,22.957625372
0x000fa6b8,"crypto_init",3,0x000f8c20,"nrf52_errata_98",0.196809480,2.841773222,25.494896970,21.829653284
0x000fa6b8,"crypto_init",4,0x000fb2cc,"dfu_fstorage_evt_handler",0.138813248,1.565423893,25.494896970,18.656314793
0x000fa6b8,"crypto_init",5,0x000f985c,"nrf_dfu_set_adv_name_handler",0.133667034,1.565423893,25.494896970,19.648848308
0x000fa6b8,"crypto_init",6,0x000f8988,"init",0.107701560,1.550361689,25.494896970,24.973033380
0x000fa6b8,"crypto_init",7,0x000f9584,"nrf_crypto_internal_ecc_key_output_prepare",0.080684855,1.249835670,25.494896970,23.342888392
0x000fa6b8,"crypto_init",8,0x000f9178,"sdh_state_observer_notify",0.073515837,1.159553255,25.494896970,24.423210600
0x000fa6b8,"crypto_init",9,0x000f930c,"nrf_sdh_evts_poll",0.073515837,1.159553255,25.494896970,24.423210600
0x000fa6b8,"crypto_init",10,0x000f9334,"SWI2_EGU2_IRQHandler",0.073405547,1.159553255,25.494896970,24.478583622
0x000fa6b8,"crypto_init",11,0x000fbed8,"nrf_dfu_validation_init_cmd_append",0.091166928,0.999751927,25.494896970,28.340777790
0x000fa6b8,"crypto_init",12,0x000f9484,"nrf_sdh_ble_enable",0.196657615,0.973003403,25.494896970,17.384406865
0x000f9cac,"dfu_advertising_name_get",1,0x000f985c,"nrf_dfu_set_adv_name_handler",0.118169312,-4.000166537,57.519261306,19.648848308
0x000f9cac,"dfu_advertising_name_get",2,0x000fb964,"nrf_dfu_settings_adv_name_copy",0.121127695,-4.187916477,57.519261306,16.517275992
0x000f9cac,"dfu_advertising_name_get",3,0x000f9de4,"nrf_bootloader_dfu_inactivity_timer_restart",0.096621249,-4.899478112,57.519261306,22.957625372
0x000f9cac,"dfu_advertising_name_get",4,0x000fc658,"nrf_cc310_bl_hash_sha256_init",0.088767626,-5.131290515,57.519261306,20.628690448
0x000f9cac,"dfu_advertising_name_get",5,0x000fb2cc,"dfu_fstorage_evt_handler",0.085376568,-5.388115147,57.519261306,18.656314793
0x000f9cac,"dfu_advertising_name_get",6,0x000fab30,"response_send",0.072972858,-5.486957146,57.519261306,13.079303673
0x000f9cac,"dfu_advertising_name_get",7,0x000fc3d4,"nrf_cc310_bl_ecdsa_verify_init_secp256r1",0.092247385,-5.496919062,57.519261306,28.391102178
0x000f9cac,"dfu_advertising_name_get",8,0x000f93a0,"nrf_sdh_ble_app_ram_start_get",0.078979690,-5.514038235,57.519261306,15.428501673
0x000f9cac,"dfu_advertising_name_get",9,0x000fb2d8,"nrf_dfu_flash_init",0.078803544,-5.514038235,57.519261306,15.470655266
0x000f9cac,"dfu_advertising_name_get",10,0x000fbe8c,"nrf_dfu_validation_init",0.076879898,-5.575865087,57.519261306,17.433127988
0x000f9cac,"dfu_advertising_name_get",11,0x000fab7c,"advertising_start",0.101234709,-5.625892910,57.519261306,44.368347526
0x000f9cac,"dfu_advertising_name_get",12,0x000f8e40,"nrf_crypto_backend_secp256r1_public_key_from_raw",0.070013226,-5.674051212,57.519261306,13.689627138
0x000faa66,"event_send",1,0x000f88d8,"event_send",0.922494845,47.089891754,52.227172887,51.342429642
0x000faa66,"event_send",2,0x000f8bf2,"nrf_section_iter_next",0.317047686,5.589806219,52.227172887,28.822381645
0x000faa66,"event_send",3,0x000f86ec,"nrf_balloc_alloc",0.205484109,2.601559239,52.227172887,61.515838206
0x000faa66,"event_send",4,0x000fc5ac,"set_digest_in_hw_sha256",0.297590878,2.357831421,52.227172887,14.698052713
0x000faa66,"event_send",5,0x000fbb40,"update_data_size_get",0.191266230,0.938803755,52.227172887,67.651976529
0x000faa66,"event_send",6,0x000fa200,"pb_decode_varint32",0.180379119,0.938461300,52.227172887,77.399513763
0x000faa66,"event_send",7,0x000fa97e,"pb_dec_submessage",0.171501479,-0.075130999,52.227172887,42.615906139
0x000faa66,"event_send",8,0x000fbb90,"pb_decoding_callback",0.174436428,-0.296013702,52.227172887,45.326959377
0x000faa66,"event_send",9,0x000f98d4,"nrf_svc_handler_c",0.168172503,-0.594358901,52.227172887,61.942299705
0x000faa66,"event_send",10,0x000fc2f4,"nrf_dfu_ver_validation_check",0.180768764,-0.623081486,52.227172887,113.937218237
0x000faa66,"event_send",11,0x000fa5d6,"pb_make_string_substream",0.143925886,-0.890165280,52.227172887,41.905001897
0x000faa66,"event_send",12,0x000fb2cc,"dfu_fstorage_evt_handler",0.194260260,-1.139344744,52.227172887,18.656314793
0x000faaba,"ext_err_code_handle",1,0x000fb3a0,"ext_err_code_handle",0.408007421,7.453543876,18.367413327,22.516963153
0x000faaba,"ext_err_code_handle",2,0x000fa0fc,"nrf_bootloader_wdt_feed",0.410769591,6.051706794,18.367413327,15.132416731
0x000faaba,"ext_err_code_handle",3,0x000f9390,"nrf_sdh_ble_evts_poll",0.394276815,6.051706794,18.367413327,15.911585613
0x000faaba,"ext_err_code_handle",4,0x000fb698,"nrf_dfu_req_handler_on_req",0.304547496,5.717302608,18.367413327,18.368693562
0x000faaba,"ext_err_code_handle",5,0x000fb2cc,"dfu_fstorage_evt_handler",0.308813253,4.990460836,18.367413327,18.656314793
0x000faaba,"ext_err_code_handle",6,0x000f985c,"nrf_dfu_set_adv_name_handler",0.197694143,3.200213689,18.367413327,19.648848308
0x000faaba,"ext_err_code_handle",7,0x000f9de4,"nrf_bootloader_dfu_inactivity_timer_restart",0.218651174,3.102297824,18.367413327,22.957625372
0x000faaba,"ext_err_code_handle",8,0x000f91a0,"softdevice_evt_irq_disable",0.139002233,2.816797413,18.367413327,20.660240445
0x000faaba,"ext_err_code_handle",9,0x000f93a0,"nrf_sdh_ble_app_ram_start_get",0.173361080,2.535963396,18.367413327,15.428501673
0x000faaba,"ext_err_code_handle",10,0x000fc910,"PkaSetRegsSizesTab",0.149392607,2.266254115,18.367413327,22.442562969
0x000faaba,"ext_err_code_handle",11,0x000fba44,"nrf_dfu_bank0_start_addr",0.063277600,2.185354623,18.367413327,18.512561266
0x000faaba,"ext_err_code_handle",12,0x000faa44,"pb_decode_fixed32",0.054686106,2.095072213,18.367413327,19.127269137
0x000faac8,"ext_error_get",1,0x000f87d8,"init",0.197610290,5.048631902,11.680336096,10.611468972
0x000faac8,"ext_error_get",2,0x000f8944,"nrf_fstorage_sdh_req_handler",0.182700588,5.048631902,11.680336096,11.393174392
0x000faac8,"ext_error_get",3,0x000f9944,"ble_srv_is_notification_enabled",0.182697817,5.048631902,11.680336096,11.393337701
0x000faac8,"ext_error_get",4,0x000f8968,"uninit",0.000000000,3.382326221,11.680336096,11.866338467
0x000faac8,"ext_error_get",5,0x000f97b8,"__NVIC_SystemReset",0.000000000,3.382326221,11.680336096,11.873922398
0x000faac8,"ext_error_get",6,0x000f995c,"do_reset",0.000000000,3.382326221,11.680336096,11.873922398
0x000faac8,"ext_error_get",7,0x000f9980,"inactivity_timeout",0.000000000,3.382326221,11.680336096,11.281974576
0x000faac8,"ext_error_get",8,0x000faa5c,"pb_dec_fixed32",0.000000000,3.382326221,11.680336096,11.686790572
0x000faac8,"ext_error_get",9,0x000faa7c,"pb_dec_fixed64",0.000000000,3.382326221,11.680336096,11.686790572
0x000faac8,"ext_error_get",10,0x000fba2c,"nrf_dfu_bank_invalidate",0.000000000,3.382326221,11.680336096,11.537451209
0x000faac8,"ext_error_get",11,0x000fc2ec,"nrf_dfu_validation_activation_prepare",0.000000000,3.382326221,11.680336096,11.686790572
0x000faac8,"ext_error_get",12,0x000f9070,"cc310_bl_backend_disable",0.157714375,2.954365142,11.680336096,13.234035506
0x000faad8,"ext_error_set",1,0x000f8c0c,"nrf52_errata_36",0.259080559,5.544903925,10.126636686,9.697243372
0x000faad8,"ext_error_set",2,0x000fb384,"nrf_dfu_mbr_irq_forward_address_set",0.258617307,5.544903925,10.126636686,9.710465577
0x000faad8,"ext_error_set",3,0x000fb328,"ext_error_set",0.256132423,5.544903925,10.126636686,9.782618304
0x000faad8,"ext_error_set",4,0x000f9010,"cc310_bl_backend_uninit",0.253495371,5.544903925,10.126636686,9.861522050
0x000faad8,"ext_error_set",5,0x000fa098,"WDT_IRQHandler",0.253495371,5.544903925,10.126636686,9.861522050
0x000faad8,"ext_error_set",6,0x000f9054,"cc310_bl_backend_enable",0.251153903,5.544903925,10.126636686,9.933674777
0x000faad8,"ext_error_set",7,0x000f9950,"flash_write_callback",0.251153903,5.544903925,10.126636686,9.933674777
0x000faad8,"ext_error_set",8,0x000f9e40,"flash_write_callback",0.251153903,5.544903925,10.126636686,9.933674777
0x000faad8,"ext_error_set",9,0x000fd7f0,"SaSi_HalClearInterruptBit",0.251153903,5.544903925,10.126636686,9.933674777
0x000faad8,"ext_error_set",10,0x000fd7fc,"SaSi_HalMaskInterrupt",0.251153903,5.544903925,10.126636686,9.933674777
0x000faad8,"ext_error_set",11,0x000fd83c,"CRYPTOCELL_IRQHandler",0.251153903,5.544903925,10.126636686,9.933674777
0x000faad8,"ext_error_set",12,0x000f8224,"frame_dummy",0.246456168,5.544903925,10.126636686,10.084687428
0x000faafc,"fw_hash_ok",1,0x000fb8e4,"nrf_dfu_settings_init",0.228795198,2.283391416,35.257117975,27.321323295
0x000faafc,"fw_hash_ok",2,0x000fa110,"pb_field_iter_begin",0.090958546,0.260524003,35.257117975,31.757283148
0x000faafc,"fw_hash_ok",3,0x000fc5ac,"set_digest_in_hw_sha256",0.156583031,0.049810694,35.257117975,14.698052713
0x000faafc,"fw_hash_ok",4,0x000fc5e4,"read_digest_in_hw_sha256",0.123833492,0.049810694,35.257117975,19.901186018
0x000faafc,"fw_hash_ok",5,0x000f8b44,"erase",0.125118044,0.046357385,35.257117975,41.112571844
0x000faafc,"fw_hash_ok",6,0x000f8b90,"write",0.123859633,-0.334888536,35.257117975,41.829482488
0x000faafc,"fw_hash_ok",7,0x000fab7c,"advertising_start",0.097940463,-0.969261756,35.257117975,44.368347526
0x000faafc,"fw_hash_ok",8,0x000fbe20,"nrf_dfu_validation_hash_ok",0.107564389,-1.154171618,35.257117975,44.198391504
0x000faafc,"fw_hash_ok",9,0x000fc3d4,"nrf_cc310_bl_ecdsa_verify_init_secp256r1",0.081640352,-1.164362351,35.257117975,28.391102178
0x000faafc,"fw_hash_ok",10,0x000f9148,"sdh_request_observer_notify",0.088342683,-1.218857476,35.257117975,32.420161189
0x000faafc,"fw_hash_ok",11,0x000fb3b0,"on_data_obj_execute_request_sched",0.109865940,-1.415602183,35.257117975,44.532081875
0x000faafc,"fw_hash_ok",12,0x000fa1b6,"pb_field_iter_find",0.095530075,-1.481303961,35.257117975,36.710176325
0x000fab04,"gap_params_init",1,0x000f8c20,"nrf52_errata_98",0.125413297,-3.845503700,131.869984584,21.829653284
0x000fab04,"gap_params_init",2,0x000fb3a0,"ext_err_code_handle",0.081127609,-6.595019868,131.869984584,22.516963153
0x000fab04,"gap_params_init",3,0x000fba44,"nrf_dfu_bank0_start_addr",0.076282154,-6.699099594,131.869984584,18.512561266
0x000fab04,"gap_params_init",4,0x000f9de4,"nrf_bootloader_dfu_inactivity_timer_restart",0.074816492,-7.121346733,131.869984584,22.957625372
0x000fab04,"gap_params_init",5,0x000f8c0c,"nrf52_errata_36",0.052188853,-7.464859536,131.869984584,9.697243372
0x000fab04,"gap_params_init",6,0x000fab30,"response_send",0.046683206,-7.622683477,131.869984584,13.079303673
0x000fab04,"gap_params_init",7,0x000fa0fc,"nrf_bootloader_wdt_feed",0.056392533,-7.672111820,131.869984584,15.132416731
0x000fab04,"gap_params_init",8,0x000fd860,"exit",0.052410267,-7.672111820,131.869984584,16.571403855
0x000fab04,"gap_params_init",9,0x000f8e40,"nrf_crypto_backend_secp256r1_public_key_from_raw",0.044789830,-7.906563628,131.869984584,13.689627138
0x000fab04,"gap_params_init",10,0x000fc790,"nrf_cc310_bl_init",0.061167055,-7.933345444,131.869984584,24.207055109
0x000fab04,"gap_params_init",11,0x000fbe8c,"nrf_dfu_validation_init",0.050394714,-7.955991971,131.869984584,17.433127988
0x000fab04,"gap_params_init",12,0x000fb2cc,"dfu_fstorage_evt_handler",0.054618279,-8.113815912,131.869984584,18.656314793
0x000fabf4,"hash_result_get",1,0x000f987c,"nrf_dfu_set_adv_name_on_sys_evt",0.287808894,6.372299535,50.069863937,34.690293882
0x000fabf4,"hash_result_get",2,0x000f8ed8,"hash_result_get",0.239910650,4.413321976,50.069863937,38.446979493
0x000fabf4,"hash_result_get",3,0x000f9584,"nrf_crypto_internal_ecc_key_output_prepare",0.270584499,3.169258115,50.069863937,23.342888392
0x000fabf4,"hash_result_get",4,0x000fc3b4,"verify_context_ecdsa_verify_secp256r1",0.238174811,1.461660221,50.069863937,20.594658968
0x000fabf4,"hash_result_get",5,0x000fc638,"verify_context_hash_sha256",0.238174811,1.461660221,50.069863937,20.594658968
0x000fabf4,"hash_result_get",6,0x000f95b6,"nrf_crypto_internal_ecc_raw_input_check",0.235770494,1.461660221,50.069863937,20.893639822
0x000fabf4,"hash_result_get",7,0x000f959e,"nrf_crypto_internal_ecc_key_input_check",0.228683836,1.373327467,50.069863937,21.830400154
0x000fabf4,"hash_result_get",8,0x000f9680,"nrf_crypto_hash_update",0.157578474,-0.125806930,50.069863937,35.569951845
0x000fabf4,"hash_result_get",9,0x000f96b4,"nrf_crypto_hash_finalize",0.146056817,-0.479137947,50.069863937,40.417589591
0x000fabf4,"hash_result_get",10,0x000f93a0,"nrf_sdh_ble_app_ram_start_get",0.199285891,-0.963269980,50.069863937,15.428501673
0x000fabf4,"hash_result_get",11,0x000f985c,"nrf_dfu_set_adv_name_handler",0.165607513,-1.316600997,50.069863937,19.648848308
0x000fabf4,"hash_result_get",12,0x000f9994,"dfu_observer",0.118333388,-1.620617962,50.069863937,43.557018114
0x000fac3c,"image_copy",1,0x000f9e94,"image_copy",0.163035908,-1.060601051,97.255511975,86.319955225
0x000fac3c,"image_copy",2,0x000fb8c4,"nrf_dfu_settings_write_and_backup",0.116247971,-3.951408029,97.255511975,17.935554343
0x000fac3c,"image_copy",3,0x000f8988,"init",0.108925643,-3.960201075,97.255511975,24.973033380
0x000fac3c,"image_copy",4,0x000f881c,"erase",0.117428642,-4.320229708,97.255511975,41.869569817
0x000fac3c,"image_copy",5,0x000faaa8,"nrf_dfu_init",0.099213166,-4.633055574,97.255511975,22.382412976
0x000fac3c,"image_copy",6,0x000fc3d4,"nrf_cc310_bl_ecdsa_verify_init_secp256r1",0.102184473,-4.805664673,97.255511975,28.391102178
0x000fac3c,"image_copy",7,0x000f8b24,"queue_start",0.098009385,-4.860271422,97.255511975,22.787069649
0x000fac3c,"image_copy",8,0x000fba44,"nrf_dfu_bank0_start_addr",0.088082381,-5.038274401,97.255511975,18.512561266
0x000fac3c,"image_copy",9,0x000f9658,"nrf_crypto_hash_init",0.090456629,-5.298479648,97.255511975,31.379879909
0x000fac3c,"image_copy",10,0x000fb8e4,"nrf_dfu_settings_init",0.086960305,-5.314703119,97.255511975,27.321323295
0x000fac3c,"image_copy",11,0x000f95b6,"nrf_crypto_internal_ecc_raw_input_check",0.086459622,-5.508769644,97.255511975,20.893639822
0x000fac3c,"image_copy",12,0x000f887c,"write",0.091918462,-5.550712013,97.255511975,32.639553966
0x000fad38,"is_major_softdevice_update",1,0x000fbbdc,"is_major_softdevice_update",0.348355987,11.794266691,57.785830412,47.159693795
0x000fad38,"is_major_softdevice_update",2,0x000fc110,"postvalidate",0.240139830,11.427106849,57.785830412,228.721801946
0x000fad38,"is_major_softdevice_update",3,0x000f853e,"nrf_atfifo_clear",0.158238924,0.171270519,57.785830412,59.146581425
0x000fad38,"is_major_softdevice_update",4,0x000f86be,"nrf_balloc_init",0.168315909,0.054480175,57.785830412,45.989289360
0x000fad38,"is_major_softdevice_update",5,0x000fa1b6,"pb_field_iter_find",0.167286172,0.000173150,57.785830412,36.710176325
0x000fad38,"is_major_softdevice_update",6,0x000fbb90,"pb_decoding_callback",0.159956791,-0.104166044,57.785830412,45.326959377
0x000fad38,"is_major_softdevice_update",7,0x000f88d8,"event_send",0.155186561,-1.182211431,57.785830412,51.342429642
0x000fad38,"is_major_softdevice_update",8,0x000f8582,"nrf_atfifo_item_alloc",0.152554553,-1.269292102,57.785830412,67.340170572
0x000fad38,"is_major_softdevice_update",9,0x000f8ed8,"hash_result_get",0.159485928,-1.320515833,57.785830412,38.446979493
0x000fad38,"is_major_softdevice_update",10,0x000fa1e4,"buf_read",0.143210134,-1.471023120,57.785830412,32.420387120
0x000fad38,"is_major_softdevice_update",11,0x000f8bf2,"nrf_section_iter_next",0.149277872,-1.480748797,57.785830412,28.822381645
0x000fad38,"is_major_softdevice_update",12,0x000fc2f4,"nrf_dfu_ver_validation_check",0.172943406,-1.576943729,57.785830412,113.937218237
0x000fad98,"iter_from_extension",1,0x000f8be0,"nrf_section_iter_init",0.371342666,5.497835695,30.984299561,21.981283081
0x000fad98,"iter_from_extension",2,0x000fc5ac,"set_digest_in_hw_sha256",0.339247455,4.042662955,30.984299561,14.698052713
0x000fad98,"iter_from_extension",3,0x000f8bf2,"nrf_section_iter_next",0.229789084,3.240031814,30.984299561,28.822381645
0x000fad98,"iter_from_extension",4,0x000fa5d6,"pb_make_string_substream",0.198829274,2.047179406,30.984299561,41.905001897
0x000fad98,"iter_from_extension",5,0x000f88d8,"event_send",0.210022763,1.857955466,30.984299561,51.342429642
0x000fad98,"iter_from_extension",6,0x000fb3b0,"on_data_obj_execute_request_sched",0.163405690,1.209660614,30.984299561,44.532081875
0x000fad98,"iter_from_extension",7,0x000f9484,"nrf_sdh_ble_enable",0.294104939,1.128674215,30.984299561,17.384406865
0x000fad98,"iter_from_extension",8,0x000f86be,"nrf_balloc_init",0.184569529,0.902263502,30.984299561,45.989289360
0x000fad98,"iter_from_extension",9,0x000fa1b6,"pb_field_iter_find",0.156385214,0.878218269,30.984299561,36.710176325
0x000fad98,"iter_from_extension",10,0x000fa97e,"pb_dec_submessage",0.162506831,0.874047950,30.984299561,42.615906139
0x000fad98,"iter_from_extension",11,0x000f86ec,"nrf_balloc_alloc",0.178207476,0.551477809,30.984299561,61.515838206
0x000fad98,"iter_from_extension",12,0x000f9344,"nrf_sdh_ble_evts_poll",0.139132432,0.507498246,30.984299561,40.977641877
0x000fadc8,"main",1,0x000f9828,"main",0.613132831,17.167786349,43.454843378,27.405337805
0x000fadc8,"main",2,0x000f9e4c,"bl_activate",0.090951332,-1.501745514,43.454843378,41.526389488
0x000fadc8,"main",3,0x000f8e60,"nrf_crypto_backend_secp256r1_verify",0.090188480,-1.531225525,43.454843378,41.490541585
0x000fadc8,"main",4,0x000fab7c,"advertising_start",0.080608691,-2.170045415,43.454843378,44.368347526
0x000fadc8,"main",5,0x000f8f34,"cc310_bl_backend_hash_sha256_finalize",0.084876620,-2.307576461,43.454843378,46.070512185
0x000fadc8,"main",6,0x000f9994,"dfu_observer",0.083220723,-2.474463919,43.454843378,43.557018114
0x000fadc8,"main",7,0x000f89c0,"queue_process",0.124549837,-4.136583565,43.454843378,109.164565923
0x000fadc8,"main",8,0x000faaa8,"nrf_dfu_init",0.047133248,-4.393597184,43.454843378,22.382412976
0x000fadc8,"main",9,0x000f96f0,"nrf_crypto_hash_calculate",0.041922000,-4.403484771,43.454843378,27.590064527
0x000fadc8,"main",10,0x000f840c,"app_sched_execute",0.034130394,-4.428009860,43.454843378,44.390276633
0x000fadc8,"main",11,0x000fba70,"nrf_dfu_bank1_start_addr",0.052736385,-4.493374648,43.454843378,15.798820028
0x000fadc8,"main",12,0x000f8248,"_start",0.048749113,-4.504893049,43.454843378,17.465628009
0x000f848e,"memcmp",1,0x000fb9cc,"nrf_dfu_transports_init",0.231228838,4.500325562,27.949722045,31.431685470
0x000f848e,"memcmp",2,0x000fb9fc,"nrf_dfu_transports_close",0.231228838,4.500325562,27.949722045,31.431685470
0x000f848e,"memcmp",3,0x000f9724,"nrf_crypto_init",0.226719235,4.032136018,27.949722045,32.453061159
0x000f848e,"memcmp",4,0x000fd8d0,"memcmp",0.240287511,3.681579527,27.949722045,37.212197940
0x000f848e,"memcmp",5,0x000f82bc,"Reset_Handler",0.150103886,2.998824394,27.949722045,26.461217820
0x000f848e,"memcmp",6,0x000f9774,"nrf_crypto_internal_swap_endian",0.121770046,1.929351106,27.949722045,26.570915745
0x000f848e,"memcmp",7,0x000f975c,"nrf_crypto_internal_swap_endian_in_place",0.114795119,1.298341073,27.949722045,29.145400264
0x000f848e,"memcmp",8,0x000fd808,"SaSi_HalWaitInterrupt",0.132668455,0.949404421,27.949722045,23.331570503
0x000f848e,"memcmp",9,0x000fd888,"__libc_init_array",0.181989314,0.862862292,27.949722045,34.661576447
0x000f848e,"memcmp",10,0x000fd908,"memset",0.144867666,0.704417749,27.949722045,20.537093130
0x000f848e,"memcmp",11,0x000f9178,"sdh_state_observer_notify",0.068822265,0.005143662,27.949722045,24.423210600
0x000f848e,"memcmp",12,0x000f930c,"nrf_sdh_evts_poll",0.068822265,0.005143662,27.949722045,24.423210600
0x000f841a,"memmove",1,0x000fd908,"memset",0.228589120,1.055426324,75.825421516,20.537093130
0x000f841a,"memmove",2,0x000fd8ec,"memcpy",0.175630428,-0.468614727,75.825421516,29.534490883
0x000f841a,"memmove",3,0x000f84e0,"crc32_compute",0.152484882,-1.574301873,75.825421516,54.149857603
0x000f841a,"memmove",4,0x000f975c,"nrf_crypto_internal_swap_endian_in_place",0.146050053,-1.956160511,75.825421516,29.145400264
0x000f841a,"memmove",5,0x000fd918,"strlen",0.141473796,-2.425250865,75.825421516,22.927287501
0x000f841a,"memmove",6,0x000f9774,"nrf_crypto_internal_swap_endian",0.124731082,-3.339711966,75.825421516,26.570915745
0x000f841a,"memmove",7,0x000fc7c4,"PkaSetRegsMapTab",0.117966503,-3.677179601,75.825421516,37.264814671
0x000f841a,"memmove",8,0x000f9e4c,"bl_activate",0.111129253,-4.043063930,75.825421516,41.526389488
0x000f841a,"memmove",9,0x000fcb2c,"PkaCopyDataIntoPkaReg",0.149242183,-4.286210141,75.825421516,101.685937537
0x000f841a,"memmove",10,0x000faa84,"dfu_observer",0.087449840,-4.981602478,75.825421516,24.346816371
0x000f841a,"memmove",11,0x000f8200,"__do_global_dtors_aux",0.073873571,-5.322965976,75.825421516,15.089155543
0x000f841a,"memmove",12,0x000fce84,"CRYS_COMMON_ReverseMemcpy32",0.091424553,-5.544807794,75.825421516,43.234176672
0x000f846e,"memset",1,0x000f880c,"read",0.623189422,7.842224782,10.133091162,10.133091162
0x000f846e,"memset",2,0x000f8958,"read",0.623189422,7.842224782,10.133091162,10.133091162
0x000f846e,"memset",3,0x000f981c,"app_error_fault_handler",0.279990482,5.551358401,10.133091162,9.202545620
0x000f846e,"memset",4,0x000f9822,"app_error_handler_bare",0.279990482,5.551358401,10.133091162,9.202545620
0x000f846e,"memset",5,0x000f87fc,"uninit",0.251557098,5.551358401,10.133091162,9.965084063
0x000f846e,"memset",6,0x000f86b2,"nrf_atomic_flag_set_fetch",0.247998903,5.551358401,10.133091162,10.079396111
0x000f846e,"memset",7,0x000f86b8,"nrf_atomic_flag_clear",0.247998903,5.551358401,10.133091162,10.079396111
0x000f846e,"memset",8,0x000fab70,"on_flash_write",0.247998903,5.551358401,10.133091162,10.079396111
0x000f846e,"memset",9,0x000fb8b8,"nrf_dfu_settings_backup",0.247998903,5.551358401,10.133091162,10.079396111
0x000f846e,"memset",10,0x000fb2fc,"nrf_dfu_flash_store",0.246378844,5.551358401,10.133091162,10.133091162
0x000f846e,"memset",11,0x000fb318,"nrf_dfu_flash_erase",0.246378844,5.551358401,10.133091162,10.133091162
0x000f846e,"memset",12,0x000fb8a4,"settings_backup",0.246378844,5.551358401,10.133091162,10.133091162
0x000fa776,"nanopb_decode_field",1,0x000fa608,"decode_field",0.628116351,121.012603429,209.124393427,240.441759227
0x000fa776,"nanopb_decode_field",2,0x000fa27a,"pb_field_set_to_default",0.261573884,13.082344731,209.124393427,116.481782295
0x000fa776,"nanopb_decode_field",3,0x000fa132,"pb_field_iter_next",0.257775995,12.167558692,209.124393427,90.692477379
0x000fa776,"nanopb_decode_field",4,0x000f9680,"nrf_crypto_hash_update",0.172983450,-0.989625148,209.124393427,35.569951845
0x000fa776,"nanopb_decode_field",5,0x000f987c,"nrf_dfu_set_adv_name_on_sys_evt",0.167690495,-1.762380882,209.124393427,34.690293882
0x000fa776,"nanopb_decode_field",6,0x000fa1b6,"pb_field_iter_find",0.162015973,-2.020182742,209.124393427,36.710176325
0x000fa776,"nanopb_decode_field",7,0x000f96b4,"nrf_crypto_hash_finalize",0.159966451,-2.367058800,209.124393427,40.417589591
0x000fa776,"nanopb_decode_field",8,0x000fbb40,"update_data_size_get",0.154856454,-3.884648222,209.124393427,67.651976529
0x000fa776,"nanopb_decode_field",9,0x000f9604,"nrf_crypto_ecdsa_verify",0.142741018,-3.942192902,209.124393427,44.609503286
0x000fa776,"nanopb_decode_field",10,0x000fbd78,"nrf_dfu_validation_signature_check",0.130410102,-5.589184124,209.124393427,55.664865506
0x000fa776,"nanopb_decode_field",11,0x000fc5ac,"set_digest_in_hw_sha256",0.129339044,-6.014199655,209.124393427,14.698052713
0x000fa776,"nanopb_decode_field",12,0x000f8ed8,"hash_result_get",0.125973209,-6.523818979,209.124393427,38.446979493
0x000fadf8,"nrf_atfifo_clear",1,0x000fc584,"nrf_cc310_bl_ecdsa_verify_secp256r1",0.596253885,10.231452174,16.545138868,18.697918980
0x000fadf8,"nrf_atfifo_clear",2,0x000f93a0,"nrf_sdh_ble_app_ram_start_get",0.350929853,5.632641368,16.545138868,15.428501673
0x000fadf8,"nrf_atfifo_clear",3,0x000f9020,"cc310_bl_backend_init",0.319001629,3.878964681,16.545138868,24.000797821
0x000fadf8,"nrf_atfifo_clear",4,0x000f985c,"nrf_dfu_set_adv_name_handler",0.291624357,3.674536728,16.545138868,19.648848308
0x000fadf8,"nrf_atfifo_clear",5,0x000f9484,"nrf_sdh_ble_enable",0.087321260,2.781395703,16.545138868,17.384406865
0x000fadf8,"nrf_atfifo_clear",6,0x000fb8c4,"nrf_dfu_settings_write_and_backup",0.085279621,2.781395703,16.545138868,17.935554343
0x000fadf8,"nrf_atfifo_clear",7,0x000fb698,"nrf_dfu_req_handler_on_req",0.203324676,2.735400098,16.545138868,18.368693562
0x000fadf8,"nrf_atfifo_clear",8,0x000f91a0,"softdevice_evt_irq_disable",0.181865551,2.674749783,16.545138868,20.660240445
0x000fadf8,"nrf_atfifo_clear",9,0x000fa0fc,"nrf_bootloader_wdt_feed",0.110549041,2.174592098,16.545138868,15.132416731
0x000fadf8,"nrf_atfifo_clear",10,0x000f9390,"nrf_sdh_ble_evts_poll",0.106110396,2.174592098,16.545138868,15.911585613
0x000fadf8,"nrf_atfifo_clear",11,0x000f8248,"_start",0.091905107,2.100482183,16.545138868,17.465628009
0x000fadf8,"nrf_atfifo_clear",12,0x000faa44,"pb_decode_fixed32",0.081313595,1.731966866,16.545138868,19.127269137
0x000fae08,"nrf_atfifo_init",1,0x000f8518,"nrf_atfifo_init",0.553510940,18.460191216,36.060250572,40.348585297
0x000fae08,"nrf_atfifo_init",2,0x000f987c,"nrf_dfu_set_adv_name_on_sys_evt",0.333335781,8.523429434,36.060250572,34.690293882
0x000fae08,"nrf_atfifo_init",3,0x000f9584,"nrf_crypto_internal_ecc_key_output_prepare",0.399153125,7.663913005,36.060250572,23.342888392
0x000fae08,"nrf_atfifo_init",4,0x000f985c,"nrf_dfu_set_adv_name_handler",0.322457785,4.118367409,36.060250572,19.648848308
0x000fae08,"nrf_atfifo_init",5,0x000f959e,"nrf_crypto_internal_ecc_key_input_check",0.277510079,3.223196306,36.060250572,21.830400154
0x000fae08,"nrf_atfifo_init",6,0x000fc3b4,"verify_context_ecdsa_verify_secp256r1",0.289027471,3.204866844,36.060250572,20.594658968
0x000fae08,"nrf_atfifo_init",7,0x000fc638,"verify_context_hash_sha256",0.289027471,3.204866844,36.060250572,20.594658968
0x000fae08,"nrf_atfifo_init",8,0x000f95b6,"nrf_crypto_internal_ecc_raw_input_check",0.286109808,3.204866844,36.060250572,20.893639822
0x000fae08,"nrf_atfifo_init",9,0x000fc3d4,"nrf_cc310_bl_ecdsa_verify_init_secp256r1",0.189108486,2.641173543,36.060250572,28.391102178
0x000fae08,"nrf_atfifo_init",10,0x000f8ed8,"hash_result_get",0.193806657,1.878025011,36.060250572,38.446979493
0x000fae08,"nrf_atfifo_init",11,0x000f93a0,"nrf_sdh_ble_app_ram_start_get",0.305262629,1.743502661,36.060250572,15.428501673
0x000fae08,"nrf_atfifo_init",12,0x000f9658,"nrf_crypto_hash_init",0.160333476,1.273156068,36.060250572,31.379879909
0x000fae2e,"nrf_atfifo_item_alloc",1,0x000fc584,"nrf_cc310_bl_ecdsa_verify_secp256r1",0.394159655,6.636265155,22.596374677,18.697918980
0x000fae2e,"nrf_atfifo_item_alloc",2,0x000f9020,"cc310_bl_backend_init",0.254237023,5.218684714,22.596374677,24.000797821
0x000fae2e,"nrf_atfifo_item_alloc",3,0x000faa62,"pb_decode_fixed64",0.200099363,3.913228380,22.596374677,21.377225095
0x000fae2e,"nrf_atfifo_item_alloc",4,0x000faa44,"pb_decode_fixed32",0.216581439,3.132668871,22.596374677,19.127269137
0x000fae2e,"nrf_atfifo_item_alloc",5,0x000f8b24,"queue_start",0.057302483,1.084557972,22.596374677,22.787069649
0x000fae2e,"nrf_atfifo_item_alloc",6,0x000fc3b4,"verify_context_ecdsa_verify_secp256r1",0.056883696,1.013401329,22.596374677,20.594658968
0x000fae2e,"nrf_atfifo_item_alloc",7,0x000fc638,"verify_context_hash_sha256",0.056883696,1.013401329,22.596374677,20.594658968
0x000fae2e,"nrf_atfifo_item_alloc",8,0x000f9930,"SVC_Handler",0.059167821,0.425658670,22.596374677,25.112414450
0x000fae2e,"nrf_atfifo_item_alloc",9,0x000f8988,"init",0.053898650,0.328359861,22.596374677,24.973033380
0x000fae2e,"nrf_atfifo_item_alloc",10,0x000f8582,"nrf_atfifo_item_alloc",0.221857807,0.276125162,22.596374677,67.340170572
0x000fae2e,"nrf_atfifo_item_alloc",11,0x000f959e,"nrf_crypto_internal_ecc_key_input_check",0.054616951,0.257203218,22.596374677,21.830400154
0x000fae2e,"nrf_atfifo_item_alloc",12,0x000f8be0,"nrf_section_iter_init",0.054358355,0.257203218,22.596374677,21.981283081
0x000fae44,"nrf_atfifo_item_free",1,0x000f85d6,"nrf_atfifo_item_put",0.494814732,8.520921245,20.016221357,33.752682087
0x000fae44,"nrf_atfifo_item_free",2,0x000f864c,"nrf_atfifo_item_free",0.480785946,8.255337289,20.016221357,35.395313926
0x000fae44,"nrf_atfifo_item_free",3,0x000f8b04,"nrf_fstorage_sdh_state_handler",0.342245959,7.194397544,20.016221357,19.529411617
0x000fae44,"nrf_atfifo_item_free",4,0x000f985c,"nrf_dfu_set_adv_name_handler",0.192341951,3.746955035,20.016221357,19.648848308
0x000fae44,"nrf_atfifo_item_free",5,0x000f91a0,"softdevice_evt_irq_disable",0.136979139,3.439854318,20.016221357,20.660240445
0x000fae44,"nrf_atfifo_item_free",6,0x000fc584,"nrf_cc310_bl_ecdsa_verify_secp256r1",0.179621481,3.341014970,20.016221357,18.697918980
0x000fae44,"nrf_atfifo_item_free",7,0x000faaa8,"nrf_dfu_init",0.158124037,2.986757127,20.016221357,22.382412976
0x000fae44,"nrf_atfifo_item_free",8,0x000fb698,"nrf_dfu_req_handler_on_req",0.112701034,2.960449522,20.016221357,18.368693562
0x000fae44,"nrf_atfifo_item_free",9,0x000fc790,"nrf_cc310_bl_init",0.205683913,2.955927070,20.016221357,24.207055109
0x000fae44,"nrf_atfifo_item_free",10,0x000fb2cc,"dfu_fstorage_evt_handler",0.111412077,2.075021662,20.016221357,18.656314793
0x000fae44,"nrf_atfifo_item_free",11,0x000fc658,"nrf_cc310_bl_hash_sha256_init",0.103624033,2.075021662,20.016221357,20.628690448
0x000fae44,"nrf_atfifo_item_free",12,0x000f93a0,"nrf_sdh_ble_app_ram_start_get",0.170837913,1.846344268,20.016221357,15.428501673
0x000fae5a,"nrf_atfifo_item_get",1,0x000fc584,"nrf_cc310_bl_ecdsa_verify_secp256r1",0.393313934,6.024938704,22.667781750,18.697918980
0x000fae5a,"nrf_atfifo_item_get",2,0x000f9020,"cc310_bl_backend_init",0.253691524,5.553614723,22.667781750,24.000797821
0x000fae5a,"nrf_atfifo_item_get",3,0x000faa62,"pb_decode_fixed64",0.243186886,4.382848614,22.667781750,21.377225095
0x000fae5a,"nrf_atfifo_item_get",4,0x000faa44,"pb_decode_fixed32",0.263218058,3.712988598,22.667781750,19.127269137
0x000fae5a,"nrf_atfifo_item_get",5,0x000f8988,"init",0.092957365,1.844347258,22.667781750,24.973033380
0x000fae5a,"nrf_atfifo_item_get",6,0x000f8be0,"nrf_section_iter_init",0.096927726,1.773190616,22.667781750,21.981283081
0x000fae5a,"nrf_atfifo_item_get",7,0x000f8738,"nrf_balloc_free",0.188104350,1.187734879,22.667781750,33.701848306
0x000fae5a,"nrf_atfifo_item_get",8,0x000f9178,"sdh_state_observer_notify",0.090272096,1.061079729,22.667781750,24.423210600
0x000fae5a,"nrf_atfifo_item_get",9,0x000f930c,"nrf_sdh_evts_poll",0.090272096,1.061079729,22.667781750,24.423210600
0x000fae5a,"nrf_atfifo_item_get",10,0x000f9334,"SWI2_EGU2_IRQHandler",0.090136668,1.061079729,22.667781750,24.478583622
0x000fae5a,"nrf_atfifo_item_get",11,0x000f9930,"SVC_Handler",0.059040869,0.760588679,22.667781750,25.112414450
0x000fae5a,"nrf_atfifo_item_get",12,0x000f9094,"bsp_board_led_on",0.094673752,0.602518527,22.667781750,26.508397982
0x000fae70,"nrf_atfifo_item_put",1,0x000f85d6,"nrf_atfifo_item_put",0.494814732,8.520921245,20.016221357,33.752682087
0x000fae70,"nrf_atfifo_item_put",2,0x000f864c,"nrf_atfifo_item_free",0.480785946,8.255337289,20.016221357,35.395313926
0x000fae70,"nrf_atfifo_item_put",3,0x000f8b04,"nrf_fstorage_sdh_state_handler",0.342245959,7.194397544,20.016221357,19.529411617
0x000fae70,"nrf_atfifo_item_put",4,0x000f985c,"nrf_dfu_set_adv_name_handler",0.192341951,3.746955035,20.016221357,19.648848308
0x000fae70,"nrf_atfifo_item_put",5,0x000f91a0,"softdevice_evt_irq_disable",0.136979139,3.439854318,20.016221357,20.660240445
0x000fae70,"nrf_atfifo_item_put",6,0x000fc584,"nrf_cc310_bl_ecdsa_verify_secp256r1",0.179621481,3.341014970,20.016221357,18.697918980
0x000fae70,"nrf_atfifo_item_put",7,0x000faaa8,"nrf_dfu_init",0.158124037,2.986757127,20.016221357,22.382412976
0x000fae70,"nrf_atfifo_item_put",8,0x000fb698,"nrf_dfu_req_handler_on_req",0.112701034,2.960449522,20.016221357,18.368693562
0x000fae70,"nrf_atfifo_item_put",9,0x000fc790,"nrf_cc310_bl_init",0.205683913,2.955927070,20.016221357,24.207055109
0x000fae70,"nrf_atfifo_item_put",10,0x000fb2cc,"dfu_fstorage_evt_handler",0.111412077,2.075021662,20.016221357,18.656314793
0x000fae70,"nrf_atfifo_item_put",11,0x000fc658,"nrf_cc310_bl_hash_sha256_init",0.103624033,2.075021662,20.016221357,20.628690448
0x000fae70,"nrf_atfifo_item_put",12,0x000f93a0,"nrf_sdh_ble_app_ram_start_get",0.170837913,1.846344268,20.016221357,15.428501673
0x000f829c,"nrf_atfifo_rspace_close",1,0x000f864c,"nrf_atfifo_item_free",0.612814972,15.859074404,27.109835477,35.395313926
0x000f829c,"nrf_atfifo_rspace_close",2,0x000f85d6,"nrf_atfifo_item_put",0.373828438,8.177928828,27.109835477,33.752682087
0x000f829c,"nrf_atfifo_rspace_close",3,0x000f85f6,"nrf_atfifo_item_get",0.302204912,4.977536346,27.109835477,65.243848374
0x000f829c,"nrf_atfifo_rspace_close",4,0x000f9774,"nrf_crypto_internal_swap_endian",0.177134243,3.984930867,27.109835477,26.570915745
0x000f829c,"nrf_atfifo_rspace_close",5,0x000fc910,"PkaSetRegsSizesTab",0.242925434,3.838935459,27.109835477,22.442562969
0x000f829c,"nrf_atfifo_rspace_close",6,0x000f9178,"sdh_state_observer_notify",0.163222663,3.267726995,27.109835477,24.423210600
0x000f829c,"nrf_atfifo_rspace_close",7,0x000f930c,"nrf_sdh_evts_poll",0.163222663,3.267726995,27.109835477,24.423210600
0x000f829c,"nrf_atfifo_rspace_close",8,0x000f9334,"SWI2_EGU2_IRQHandler",0.162977792,3.267726995,27.109835477,24.478583622
0x000f829c,"nrf_atfifo_rspace_close",9,0x000fd918,"strlen",0.202568066,2.666481461,27.109835477,22.927287501
0x000f829c,"nrf_atfifo_rspace_close",10,0x000f8682,"nrf_atomic_u32_fetch_or",0.211030889,2.421494790,27.109835477,21.597634049
0x000f829c,"nrf_atfifo_rspace_close",11,0x000f869a,"nrf_atomic_u32_and",0.211030889,2.421494790,27.109835477,21.597634049
0x000f829c,"nrf_atfifo_rspace_close",12,0x000f975c,"nrf_crypto_internal_swap_endian_in_place",0.135475258,2.177924268,27.109835477,29.145400264
0x000f8262,"nrf_atfifo_rspace_req",1,0x000f85f6,"nrf_atfifo_item_get",0.839158409,47.759576848,55.712077014,65.243848374
0x000f8262,"nrf_atfifo_rspace_req",2,0x000f8582,"nrf_atfifo_item_alloc",0.399781891,17.543598977,55.712077014,67.340170572
0x000f8262,"nrf_atfifo_rspace_req",3,0x000f853e,"nrf_atfifo_clear",0.299863907,9.714093890,55.712077014,59.146581425
0x000f8262,"nrf_atfifo_rspace_req",4,0x000fa1b6,"pb_field_iter_find",0.244878949,3.896487789,55.712077014,36.710176325
0x000f8262,"nrf_atfifo_rspace_req",5,0x000f85d6,"nrf_atfifo_item_put",0.213840837,2.087165542,55.712077014,33.752682087
0x000f8262,"nrf_atfifo_rspace_req",6,0x000f864c,"nrf_atfifo_item_free",0.207778108,1.948247725,55.712077014,35.395313926
0x000f8262,"nrf_atfifo_rspace_req",7,0x000fa110,"pb_field_iter_begin",0.165162661,-0.084008983,55.712077014,31.757283148
0x000f8262,"nrf_atfifo_rspace_req",8,0x000fd8d0,"memcmp",0.153586657,-0.822994588,55.712077014,37.212197940
0x000f8262,"nrf_atfifo_rspace_req",9,0x000f8738,"nrf_balloc_free",0.134494760,-1.742747575,55.712077014,33.701848306
0x000f8262,"nrf_atfifo_rspace_req",10,0x000f9344,"nrf_sdh_ble_evts_poll",0.123696894,-1.807987221,55.712077014,40.977641877
0x000f8262,"nrf_atfifo_rspace_req",11,0x000f949c,"nrf_sdh_soc_evts_poll",0.122912655,-2.054853970,55.712077014,38.413477544
0x000f8262,"nrf_atfifo_rspace_req",12,0x000f86be,"nrf_balloc_init",0.124100071,-2.728547665,55.712077014,45.989289360
0x000f82ae,"nrf_atfifo_space_clear",1,0x000f853e,"nrf_atfifo_clear",0.829666205,44.345719737,53.237590799,59.146581425
0x000f82ae,"nrf_atfifo_space_clear",2,0x000f85f6,"nrf_atfifo_item_get",0.246412699,5.137251677,53.237590799,65.243848374
0x000f82ae,"nrf_atfifo_space_clear",3,0x000f8582,"nrf_atfifo_item_alloc",0.234155369,4.888627802,53.237590799,67.340170572
0x000f82ae,"nrf_atfifo_space_clear",4,0x000f85d6,"nrf_atfifo_item_put",0.259837725,4.724067900,53.237590799,33.752682087
0x000f82ae,"nrf_atfifo_space_clear",5,0x000f864c,"nrf_atfifo_item_free",0.213151854,2.704928737,53.237590799,35.395313926
0x000f82ae,"nrf_atfifo_space_clear",6,0x000fa1b6,"pb_field_iter_find",0.141985225,-0.720663395,53.237590799,36.710176325
0x000f82ae,"nrf_atfifo_space_clear",7,0x000f8738,"nrf_balloc_free",0.137973186,-1.017710105,53.237590799,33.701848306
0x000f82ae,"nrf_atfifo_space_clear",8,0x000fbbdc,"is_major_softdevice_update",0.122427838,-1.411539084,53.237590799,47.159693795
0x000f82ae,"nrf_atfifo_space_clear",9,0x000fc3d4,"nrf_cc310_bl_ecdsa_verify_init_secp256r1",0.130751319,-1.531694243,53.237590799,28.391102178
0x000f82ae,"nrf_atfifo_space_clear",10,0x000f86ec,"nrf_balloc_alloc",0.134911412,-1.542606943,53.237590799,61.515838206
0x000f82ae,"nrf_atfifo_space_clear",11,0x000fa110,"pb_field_iter_begin",0.130418073,-1.571899430,53.237590799,31.757283148
0x000f82ae,"nrf_atfifo_space_clear",12,0x000fbb90,"pb_decoding_callback",0.118542722,-1.805460740,53.237590799,45.326959377
0x000f8250,"nrf_atfifo_wspace_close",1,0x000f85d6,"nrf_atfifo_item_put",0.586078751,14.056136333,25.467203639,33.752682087
0x000f8250,"nrf_atfifo_wspace_close",2,0x000f864c,"nrf_atfifo_item_free",0.378251473,7.759434581,25.467203639,35.395313926
0x000f8250,"nrf_atfifo_wspace_close",3,0x000f85f6,"nrf_atfifo_item_get",0.314702845,5.164630412,25.467203639,65.243848374
0x000f8250,"nrf_atfifo_wspace_close",4,0x000fc910,"PkaSetRegsSizesTab",0.252971815,4.390034830,25.467203639,22.442562969
0x000f8250,"nrf_atfifo_wspace_close",5,0x000f853e,"nrf_atfifo_clear",0.281912971,4.060119287,25.467203639,59.146581425
0x000f8250,"nrf_atfifo_wspace_close",6,0x000f9178,"sdh_state_observer_notify",0.169972870,3.944747037,25.467203639,24.423210600
0x000f8250,"nrf_atfifo_wspace_close",7,0x000f930c,"nrf_sdh_evts_poll",0.169972870,3.944747037,25.467203639,24.423210600
0x000f8250,"nrf_atfifo_wspace_close",8,0x000f9334,"SWI2_EGU2_IRQHandler",0.169717873,3.944747037,25.467203639,24.478583622
0x000f8250,"nrf_atfifo_wspace_close",9,0x000f9774,"nrf_crypto_internal_swap_endian",0.184459775,3.739944195,25.467203639,26.570915745
0x000f8250,"nrf_atfifo_wspace_close",10,0x000fd918,"strlen",0.210945435,3.213565916,25.467203639,22.927287501
0x000f8250,"nrf_atfifo_wspace_close",11,0x000f8682,"nrf_atomic_u32_fetch_or",0.219758245,2.926605687,25.467203639,21.597634049
0x000f8250,"nrf_atfifo_wspace_close",12,0x000f869a,"nrf_atomic_u32_and",0.219758245,2.926605687,25.467203639,21.597634049
0x000f8218,"nrf_atfifo_wspace_req",1,0x000f8582,"nrf_atfifo_item_alloc",0.822836325,47.778407311,55.523222678,67.340170572
0x000f8218,"nrf_atfifo_wspace_req",2,0x000f85f6,"nrf_atfifo_item_get",0.407069397,17.314866571,55.523222678,65.243848374
0x000f8218,"nrf_atfifo_wspace_req",3,0x000f853e,"nrf_atfifo_clear",0.293116025,9.338668852,55.523222678,59.146581425
0x000f8218,"nrf_atfifo_wspace_req",4,0x000f85d6,"nrf_atfifo_item_put",0.214248265,2.087165542,55.523222678,33.752682087
0x000f8218,"nrf_atfifo_wspace_req",5,0x000f864c,"nrf_atfifo_item_free",0.208173985,1.948247725,55.523222678,35.395313926
0x000f8218,"nrf_atfifo_wspace_req",6,0x000fa1b6,"pb_field_iter_find",0.183190351,0.594217853,55.523222678,36.710176325
0x000f8218,"nrf_atfifo_wspace_req",7,0x000fa110,"pb_field_iter_begin",0.165477344,-0.084008983,55.523222678,31.757283148
0x000f8218,"nrf_atfifo_wspace_req",8,0x000f86be,"nrf_balloc_init",0.145660570,-1.340326244,55.523222678,45.989289360
0x000f8218,"nrf_atfifo_wspace_req",9,0x000f8738,"nrf_balloc_free",0.134751011,-1.742747575,55.523222678,33.701848306
0x000f8218,"nrf_atfifo_wspace_req",10,0x000f9344,"nrf_sdh_ble_evts_poll",0.123932572,-1.807987221,55.523222678,40.977641877
0x000f8218,"nrf_atfifo_wspace_req",11,0x000f949c,"nrf_sdh_soc_evts_poll",0.123146839,-2.054853970,55.523222678,38.413477544
0x000f8218,"nrf_atfifo_wspace_req",12,0x000fd8d0,"memcmp",0.131157109,-2.155581044,55.523222678,37.212197940
0x000fae86,"nrf_atomic_flag_clear",1,0x000f9980,"inactivity_timeout",0.201534483,5.055086378,10.829347715,11.281974576
0x000fae86,"nrf_atomic_flag_clear",2,0x000fba2c,"nrf_dfu_bank_invalidate",0.196822136,5.055086378,10.829347715,11.537451209
0x000fae86,"nrf_atomic_flag_clear",3,0x000faa5c,"pb_dec_fixed32",0.194216073,5.055086378,10.829347715,11.686790572
0x000fae86,"nrf_atomic_flag_clear",4,0x000faa7c,"pb_dec_fixed64",0.194216073,5.055086378,10.829347715,11.686790572
0x000fae86,"nrf_atomic_flag_clear",5,0x000fc2ec,"nrf_dfu_validation_activation_prepare",0.194216073,5.055086378,10.829347715,11.686790572
0x000fae86,"nrf_atomic_flag_clear",6,0x000f87d8,"init",0.147845648,4.735451429,10.829347715,10.611468972
0x000fae86,"nrf_atomic_flag_clear",7,0x000fb36a,"nrf_dfu_mbr_init_sd",0.315335459,4.265765836,10.829347715,12.126692768
0x000fae86,"nrf_atomic_flag_clear",8,0x000fc004,"fw_hash_ok",0.308928419,4.265765836,10.829347715,12.383047125
0x000fae86,"nrf_atomic_flag_clear",9,0x000f8944,"nrf_fstorage_sdh_req_handler",0.000000000,3.382326221,10.829347715,11.393174392
0x000fae86,"nrf_atomic_flag_clear",10,0x000f8968,"uninit",0.000000000,3.382326221,10.829347715,11.866338467
0x000fae86,"nrf_atomic_flag_clear",11,0x000f97b8,"__NVIC_SystemReset",0.000000000,3.382326221,10.829347715,11.873922398
0x000fae86,"nrf_atomic_flag_clear",12,0x000f9944,"ble_srv_is_notification_enabled",0.000000000,3.382326221,10.829347715,11.393337701
0x000f8346,"nrf_atomic_internal_add",1,0x000f8682,"nrf_atomic_u32_fetch_or",0.668455821,14.496593266,23.151333459,21.597634049
0x000f8346,"nrf_atomic_internal_add",2,0x000f869a,"nrf_atomic_u32_and",0.668455821,14.496593266,23.151333459,21.597634049
0x000f8346,"nrf_atomic_internal_add",3,0x000f866c,"nrf_atomic_u32_fetch_store",0.704486668,14.041738808,23.151333459,20.043934639
0x000f8346,"nrf_atomic_internal_add",4,0x000fc910,"PkaSetRegsSizesTab",0.228034406,5.370546716,23.151333459,22.442562969
0x000f8346,"nrf_atomic_internal_add",5,0x000fd918,"strlen",0.224743811,5.370546716,23.151333459,22.927287501
0x000f8346,"nrf_atomic_internal_add",6,0x000fd908,"memset",0.145559728,2.889212408,23.151333459,20.537093130
0x000f8346,"nrf_atomic_internal_add",7,0x000fd808,"SaSi_HalWaitInterrupt",0.069815700,1.753831909,23.151333459,23.331570503
0x000f8346,"nrf_atomic_internal_add",8,0x000f82bc,"Reset_Handler",0.145978816,1.096321083,23.151333459,26.461217820
0x000f8346,"nrf_atomic_internal_add",9,0x000f9178,"sdh_state_observer_notify",0.111375426,0.884865652,23.151333459,24.423210600
0x000f8346,"nrf_atomic_internal_add",10,0x000f930c,"nrf_sdh_evts_poll",0.111375426,0.884865652,23.151333459,24.423210600
0x000f8346,"nrf_atomic_internal_add",11,0x000f9334,"SWI2_EGU2_IRQHandler",0.111208338,0.884865652,23.151333459,24.478583622
0x000f8346,"nrf_atomic_internal_add",12,0x000f9774,"nrf_crypto_internal_swap_endian",0.122351766,0.660076190,23.151333459,26.570915745
0x000f8312,"nrf_atomic_internal_and",1,0x000f869a,"nrf_atomic_u32_and",0.953603970,20.646507567,23.151333459,21.597634049
0x000f8312,"nrf_atomic_internal_and",2,0x000f8682,"nrf_atomic_u32_fetch_or",0.668455821,14.496593266,23.151333459,21.597634049
0x000f8312,"nrf_atomic_internal_and",3,0x000f866c,"nrf_atomic_u32_fetch_store",0.704486668,14.041738808,23.151333459,20.043934639
0x000f8312,"nrf_atomic_internal_and",4,0x000fc910,"PkaSetRegsSizesTab",0.228034406,5.370546716,23.151333459,22.442562969
0x000f8312,"nrf_atomic_internal_and",5,0x000fd918,"strlen",0.224743811,5.370546716,23.151333459,22.927287501
0x000f8312,"nrf_atomic_internal_and",6,0x000fd908,"memset",0.145559728,2.889212408,23.151333459,20.537093130
0x000f8312,"nrf_atomic_internal_and",7,0x000fd808,"SaSi_HalWaitInterrupt",0.069815700,1.753831909,23.151333459,23.331570503
0x000f8312,"nrf_atomic_internal_and",8,0x000f82bc,"Reset_Handler",0.145978816,1.096321083,23.151333459,26.461217820
0x000f8312,"nrf_atomic_internal_and",9,0x000f9178,"sdh_state_observer_notify",0.111375426,0.884865652,23.151333459,24.423210600
0x000f8312,"nrf_atomic_internal_and",10,0x000f930c,"nrf_sdh_evts_poll",0.111375426,0.884865652,23.151333459,24.423210600
0x000f8312,"nrf_atomic_internal_and",11,0x000f9334,"SWI2_EGU2_IRQHandler",0.111208338,0.884865652,23.151333459,24.478583622
0x000f8312,"nrf_atomic_internal_and",12,0x000f9774,"nrf_crypto_internal_swap_endian",0.122351766,0.660076190,23.151333459,26.570915745
0x000f837a,"nrf_atomic_internal_cmp_exch",1,0x000f866c,"nrf_atomic_u32_fetch_store",0.359152572,5.384658992,54.540545592,20.043934639
0x000f837a,"nrf_atomic_internal_cmp_exch",2,0x000f8682,"nrf_atomic_u32_fetch_or",0.340783777,5.287860982,54.540545592,21.597634049
0x000f837a,"nrf_atomic_internal_cmp_exch",3,0x000f869a,"nrf_atomic_u32_and",0.340783777,5.287860982,54.540545592,21.597634049
0x000f837a,"nrf_atomic_internal_cmp_exch",4,0x000fc910,"PkaSetRegsSizesTab",0.135524160,-2.128796744,54.540545592,22.442562969
0x000f837a,"nrf_atomic_internal_cmp_exch",5,0x000fd918,"strlen",0.133568512,-2.128796744,54.540545592,22.927287501
0x000f837a,"nrf_atomic_internal_cmp_exch",6,0x000fc7c4,"PkaSetRegsMapTab",0.098268010,-3.290372858,54.540545592,37.264814671
0x000f837a,"nrf_atomic_internal_cmp_exch",7,0x000fa1b6,"pb_field_iter_find",0.095215745,-3.732692331,54.540545592,36.710176325
0x000f837a,"nrf_atomic_internal_cmp_exch",8,0x000f853e,"nrf_atfifo_clear",0.107179824,-3.773960325,54.540545592,59.146581425
0x000f837a,"nrf_atomic_internal_cmp_exch",9,0x000f96b4,"nrf_crypto_hash_finalize",0.087253713,-3.786145690,54.540545592,40.417589591
0x000f837a,"nrf_atomic_internal_cmp_exch",10,0x000f8518,"nrf_atfifo_init",0.091025380,-3.788863959,54.540545592,40.348585297
0x000f837a,"nrf_atomic_internal_cmp_exch",11,0x000fd908,"memset",0.086508261,-4.005711120,54.540545592,20.537093130
0x000f837a,"nrf_atomic_internal_cmp_exch",12,0x000f82bc,"Reset_Handler",0.086757331,-4.053456275,54.540545592,26.461217820
0x000f832c,"nrf_atomic_internal_eor",1,0x000f8682,"nrf_atomic_u32_fetch_or",0.668455821,14.496593266,23.151333459,21.597634049
0x000f832c,"nrf_atomic_internal_eor",2,0x000f869a,"nrf_atomic_u32_and",0.668455821,14.496593266,23.151333459,21.597634049
0x000f832c,"nrf_atomic_internal_eor",3,0x000f866c,"nrf_atomic_u32_fetch_store",0.704486668,14.041738808,23.151333459,20.043934639
0x000f832c,"nrf_atomic_internal_eor",4,0x000fc910,"PkaSetRegsSizesTab",0.228034406,5.370546716,23.151333459,22.442562969
0x000f832c,"nrf_atomic_internal_eor",5,0x000fd918,"strlen",0.224743811,5.370546716,23.151333459,22.927287501
0x000f832c,"nrf_atomic_internal_eor",6,0x000fd908,"memset",0.145559728,2.889212408,23.151333459,20.537093130
0x000f832c,"nrf_atomic_internal_eor",7,0x000fd808,"SaSi_HalWaitInterrupt",0.069815700,1.753831909,23.151333459,23.331570503
0x000f832c,"nrf_atomic_internal_eor",8,0x000f82bc,"Reset_Handler",0.145978816,1.096321083,23.151333459,26.461217820
0x000f832c,"nrf_atomic_internal_eor",9,0x000f9178,"sdh_state_observer_notify",0.111375426,0.884865652,23.151333459,24.423210600
0x000f832c,"nrf_atomic_internal_eor",10,0x000f930c,"nrf_sdh_evts_poll",0.111375426,0.884865652,23.151333459,24.423210600
0x000f832c,"nrf_atomic_internal_eor",11,0x000f9334,"SWI2_EGU2_IRQHandler",0.111208338,0.884865652,23.151333459,24.478583622
0x000f832c,"nrf_atomic_internal_eor",12,0x000f9774,"nrf_crypto_internal_swap_endian",0.122351766,0.660076190,23.151333459,26.570915745
0x000f82e0,"nrf_atomic_internal_mov",1,0x000f866c,"nrf_atomic_u32_fetch_store",0.948855177,19.009192751,21.597634049,20.043934639
0x000f82e0,"nrf_atomic_internal_mov",2,0x000f8682,"nrf_atomic_u32_fetch_or",0.700978438,15.425820207,21.597634049,21.597634049
0x000f82e0,"nrf_atomic_internal_mov",3,0x000f869a,"nrf_atomic_u32_and",0.700978438,15.425820207,21.597634049,21.597634049
0x000f82e0,"nrf_atomic_internal_mov",4,0x000fc910,"PkaSetRegsSizesTab",0.239129044,4.915692258,21.597634049,22.442562969
0x000f82e0,"nrf_atomic_internal_mov",5,0x000fd918,"strlen",0.235678351,4.915692258,21.597634049,22.927287501
0x000f82e0,"nrf_atomic_internal_mov",6,0x000fd908,"memset",0.152641697,3.774640268,21.597634049,20.537093130
0x000f82e0,"nrf_atomic_internal_mov",7,0x000fd808,"SaSi_HalWaitInterrupt",0.073212468,1.298977451,21.597634049,23.331570503
0x000f82e0,"nrf_atomic_internal_mov",8,0x000f82bc,"Reset_Handler",0.153081174,0.851334412,21.597634049,26.461217820
0x000f82e0,"nrf_atomic_internal_mov",9,0x000f9178,"sdh_state_observer_notify",0.116794214,0.597905423,21.597634049,24.423210600
0x000f82e0,"nrf_atomic_internal_mov",10,0x000f930c,"nrf_sdh_evts_poll",0.116794214,0.597905423,21.597634049,24.423210600
0x000f82e0,"nrf_atomic_internal_mov",11,0x000f9334,"SWI2_EGU2_IRQHandler",0.116618996,0.597905423,21.597634049,24.478583622
0x000f82e0,"nrf_atomic_internal_mov",12,0x000f8b04,"nrf_fstorage_sdh_state_handler",0.000000000,0.470510265,21.597634049,19.529411617
0x000f82f8,"nrf_atomic_internal_orr",1,0x000f8682,"nrf_atomic_u32_fetch_or",0.953603970,20.646507567,23.151333459,21.597634049
0x000f82f8,"nrf_atomic_internal_orr",2,0x000f869a,"nrf_atomic_u32_and",0.668455821,14.496593266,23.151333459,21.597634049
0x000f82f8,"nrf_atomic_internal_orr",3,0x000f866c,"nrf_atomic_u32_fetch_store",0.704486668,14.041738808,23.151333459,20.043934639
0x000f82f8,"nrf_atomic_internal_orr",4,0x000fc910,"PkaSetRegsSizesTab",0.228034406,5.370546716,23.151333459,22.442562969
0x000f82f8,"nrf_atomic_internal_orr",5,0x000fd918,"strlen",0.224743811,5.370546716,23.151333459,22.927287501
0x000f82f8,"nrf_atomic_internal_orr",6,0x000fd908,"memset",0.145559728,2.889212408,23.151333459,20.537093130
0x000f82f8,"nrf_atomic_internal_orr",7,0x000fd808,"SaSi_HalWaitInterrupt",0.069815700,1.753831909,23.151333459,23.331570503
0x000f82f8,"nrf_atomic_internal_orr",8,0x000f82bc,"Reset_Handler",0.145978816,1.096321083,23.151333459,26.461217820
0x000f82f8,"nrf_atomic_internal_orr",9,0x000f9178,"sdh_state_observer_notify",0.111375426,0.884865652,23.151333459,24.423210600
0x000f82f8,"nrf_atomic_internal_orr",10,0x000f930c,"nrf_sdh_evts_poll",0.111375426,0.884865652,23.151333459,24.423210600
0x000f82f8,"nrf_atomic_internal_orr",11,0x000f9334,"SWI2_EGU2_IRQHandler",0.111208338,0.884865652,23.151333459,24.478583622
0x000f82f8,"nrf_atomic_internal_orr",12,0x000f9774,"nrf_crypto_internal_swap_endian",0.122351766,0.660076190,23.151333459,26.570915745
0x000f8360,"nrf_atomic_internal_sub",1,0x000f8682,"nrf_atomic_u32_fetch_or",0.646403582,13.705500159,24.340860077,21.597634049
0x000f8360,"nrf_atomic_internal_sub",2,0x000f869a,"nrf_atomic_u32_and",0.646403582,13.705500159,24.340860077,21.597634049
0x000f8360,"nrf_atomic_internal_sub",3,0x000f866c,"nrf_atomic_u32_fetch_store",0.681245777,13.315220405,24.340860077,20.043934639
0x000f8360,"nrf_atomic_internal_sub",4,0x000fd918,"strlen",0.284877547,6.225384721,24.340860077,22.927287501
0x000f8360,"nrf_atomic_internal_sub",5,0x000fc910,"PkaSetRegsSizesTab",0.220511591,4.545762873,24.340860077,22.442562969
0x000f8360,"nrf_atomic_internal_sub",6,0x000fd908,"memset",0.140757738,2.135180062,24.340860077,20.537093130
0x000f8360,"nrf_atomic_internal_sub",7,0x000fc7c4,"PkaSetRegsMapTab",0.209587943,1.517756496,24.340860077,37.264814671
0x000f8360,"nrf_atomic_internal_sub",8,0x000f82bc,"Reset_Handler",0.141163000,1.341307754,24.340860077,26.461217820
0x000f8360,"nrf_atomic_internal_sub",9,0x000f9178,"sdh_state_observer_notify",0.107701170,1.171825880,24.340860077,24.423210600
0x000f8360,"nrf_atomic_internal_sub",10,0x000f930c,"nrf_sdh_evts_poll",0.107701170,1.171825880,24.340860077,24.423210600
0x000f8360,"nrf_atomic_internal_sub",11,0x000f9334,"SWI2_EGU2_IRQHandler",0.107539594,1.171825880,24.340860077,24.478583622
0x000f8360,"nrf_atomic_internal_sub",12,0x000fc3b4,"verify_context_ecdsa_verify_secp256r1",0.054109357,1.013401329,24.340860077,20.594658968
0x000f83a4,"nrf_atomic_internal_sub_hs",1,0x000f8682,"nrf_atomic_u32_fetch_or",0.475030109,8.993056108,30.986354056,21.597634049
0x000f83a4,"nrf_atomic_internal_sub_hs",2,0x000f869a,"nrf_atomic_u32_and",0.475030109,8.993056108,30.986354056,21.597634049
0x000f83a4,"nrf_atomic_internal_sub_hs",3,0x000f866c,"nrf_atomic_u32_fetch_store",0.500634997,8.818025366,30.986354056,20.043934639
0x000f83a4,"nrf_atomic_internal_sub_hs",4,0x000fd918,"strlen",0.244053899,3.403254233,30.986354056,22.927287501
0x000f83a4,"nrf_atomic_internal_sub_hs",5,0x000fc7c4,"PkaSetRegsMapTab",0.213510043,3.098219554,30.986354056,37.264814671
0x000f83a4,"nrf_atomic_internal_sub_hs",6,0x000f975c,"nrf_crypto_internal_swap_endian_in_place",0.135022464,2.037913350,30.986354056,29.145400264
0x000f83a4,"nrf_atomic_internal_sub_hs",7,0x000f9774,"nrf_crypto_internal_swap_endian",0.143226401,1.862882608,30.986354056,26.570915745
0x000f83a4,"nrf_atomic_internal_sub_hs",8,0x000fc910,"PkaSetRegsSizesTab",0.188911741,1.744221697,30.986354056,22.442562969
0x000f83a4,"nrf_atomic_internal_sub_hs",9,0x000fd908,"memset",0.170393911,0.987728895,30.986354056,20.537093130
0x000f83a4,"nrf_atomic_internal_sub_hs",10,0x000f82bc,"Reset_Handler",0.120933997,0.880875815,30.986354056,26.461217820
0x000f83a4,"nrf_atomic_internal_sub_hs",11,0x000f9544,"nrf_nvmc_write_words",0.124527329,0.467524067,30.986354056,37.394697243
0x000f83a4,"nrf_atomic_internal_sub_hs",12,0x000fce84,"CRYS_COMMON_ReverseMemcpy32",0.145458460,0.160502586,30.986354056,43.234176672
0x000fae8c,"nrf_atomic_u32_fetch_or",1,0x000fb36a,"nrf_dfu_mbr_init_sd",0.275416819,5.895879899,12.327674103,12.126692768
0x000fae8c,"nrf_atomic_u32_fetch_or",2,0x000fc004,"fw_hash_ok",0.269820853,5.895879899,12.327674103,12.383047125
0x000fae8c,"nrf_atomic_u32_fetch_or",3,0x000fb97c,"nrf_dfu_settings_adv_name_is_valid",0.150989327,4.590933680,12.327674103,13.175049138
0x000fae8c,"nrf_atomic_u32_fetch_or",4,0x000fab30,"response_send",0.256189559,4.121341934,12.327674103,13.079303673
0x000fae8c,"nrf_atomic_u32_fetch_or",5,0x000f8e40,"nrf_crypto_backend_secp256r1_public_key_from_raw",0.323007692,3.382663576,12.327674103,13.689627138
0x000fae8c,"nrf_atomic_u32_fetch_or",6,0x000f876c,"nrf_fstorage_init",0.000000000,2.966352513,12.327674103,12.977786468
0x000fae8c,"nrf_atomic_u32_fetch_or",7,0x000f9070,"cc310_bl_backend_disable",0.000000000,2.966352513,12.327674103,13.234035506
0x000fae8c,"nrf_atomic_u32_fetch_or",8,0x000f97a2,"nrf_crypto_internal_double_swap_endian_in_place",0.000000000,2.966352513,12.327674103,13.232857116
0x000fae8c,"nrf_atomic_u32_fetch_or",9,0x000f9b6c,"nrf_bootloader_app_start",0.000000000,2.966352513,12.327674103,12.872793677
0x000fae8c,"nrf_atomic_u32_fetch_or",10,0x000fa95e,"pb_decode",0.000000000,2.966352513,12.327674103,13.376410647
0x000fae8c,"nrf_atomic_u32_fetch_or",11,0x000fb900,"nrf_dfu_settings_progress_reset",0.000000000,2.966352513,12.327674103,13.154645564
0x000fae8c,"nrf_atomic_u32_fetch_or",12,0x000f9980,"inactivity_timeout",0.176022026,2.960819618,12.327674103,11.281974576
0x000faea8,"nrf_atomic_u32_fetch_store",1,0x000fb36a,"nrf_dfu_mbr_init_sd",0.275416819,5.895879899,12.327674103,12.126692768
0x000faea8,"nrf_atomic_u32_fetch_store",2,0x000fc004,"fw_hash_ok",0.269820853,5.895879899,12.327674103,12.383047125
0x000faea8,"nrf_atomic_u32_fetch_store",3,0x000fb97c,"nrf_dfu_settings_adv_name_is_valid",0.150989327,4.590933680,12.327674103,13.175049138
0x000faea8,"nrf_atomic_u32_fetch_store",4,0x000fab30,"response_send",0.256189559,4.121341934,12.327674103,13.079303673
0x000faea8,"nrf_atomic_u32_fetch_store",5,0x000f876c,"nrf_fstorage_init",0.000000000,2.966352513,12.327674103,12.977786468
0x000faea8,"nrf_atomic_u32_fetch_store",6,0x000f9070,"cc310_bl_backend_disable",0.000000000,2.966352513,12.327674103,13.234035506
0x000faea8,"nrf_atomic_u32_fetch_store",7,0x000f97a2,"nrf_crypto_internal_double_swap_endian_in_place",0.000000000,2.966352513,12.327674103,13.232857116
0x000faea8,"nrf_atomic_u32_fetch_store",8,0x000f9b6c,"nrf_bootloader_app_start",0.000000000,2.966352513,12.327674103,12.872793677
0x000faea8,"nrf_atomic_u32_fetch_store",9,0x000fa95e,"pb_decode",0.000000000,2.966352513,12.327674103,13.376410647
0x000faea8,"nrf_atomic_u32_fetch_store",10,0x000fb900,"nrf_dfu_settings_progress_reset",0.000000000,2.966352513,12.327674103,13.154645564
0x000faea8,"nrf_atomic_u32_fetch_store",11,0x000f9980,"inactivity_timeout",0.176022026,2.960819618,12.327674103,11.281974576
0x000faea8,"nrf_atomic_u32_fetch_store",12,0x000fba2c,"nrf_dfu_bank_invalidate",0.171906220,2.960819618,12.327674103,11.537451209
0x000faeb2,"nrf_balloc_alloc",1,0x000f86ec,"nrf_balloc_alloc",0.650659866,35.362052635,58.600011158,61.515838206
0x000faeb2,"nrf_balloc_alloc",2,0x000f8738,"nrf_balloc_free",0.259986609,4.622019032,58.600011158,33.701848306
0x000faeb2,"nrf_balloc_alloc",3,0x000f86be,"nrf_balloc_init",0.186083888,1.140820852,58.600011158,45.989289360
0x000faeb2,"nrf_balloc_alloc",4,0x000f88d8,"event_send",0.175211057,0.452546929,58.600011158,51.342429642
0x000faeb2,"nrf_balloc_alloc",5,0x000f8bf2,"nrf_section_iter_next",0.183420360,0.327138831,58.600011158,28.822381645
0x000faeb2,"nrf_balloc_alloc",6,0x000fa3e0,"pb_dec_bytes",0.148960901,-0.555588487,58.600011158,44.315128121
0x000faeb2,"nrf_balloc_alloc",7,0x000fc5ac,"set_digest_in_hw_sha256",0.217971241,-0.765330924,58.600011158,14.698052713
0x000faeb2,"nrf_balloc_alloc",8,0x000fa3a0,"pb_dec_string",0.141848930,-1.218115570,58.600011158,45.467570049
0x000faeb2,"nrf_balloc_alloc",9,0x000fbbdc,"is_major_softdevice_update",0.138065638,-1.570360870,58.600011158,47.159693795
0x000faeb2,"nrf_balloc_alloc",10,0x000fa97e,"pb_dec_submessage",0.129645831,-1.703379663,58.600011158,42.615906139
0x000faeb2,"nrf_balloc_alloc",11,0x000f95cc,"nrf_crypto_ecc_public_key_from_raw",0.139898073,-1.793212082,58.600011158,39.387338565
0x000faeb2,"nrf_balloc_alloc",12,0x000f853e,"nrf_atfifo_clear",0.130667487,-1.837412050,58.600011158,59.146581425
0x000faef6,"nrf_balloc_free",1,0x000f8738,"nrf_balloc_free",0.799504294,25.630055867,32.203521919,33.701848306
0x000faef6,"nrf_balloc_free",2,0x000f86ec,"nrf_balloc_alloc",0.229830575,2.885546975,32.203521919,61.515838206
0x000faef6,"nrf_balloc_free",3,0x000f86be,"nrf_balloc_init",0.218249437,2.450247109,32.203521919,45.989289360
0x000faef6,"nrf_balloc_free",4,0x000f8bf2,"nrf_section_iter_next",0.139716905,2.035411948,32.203521919,28.822381645
0x000faef6,"nrf_balloc_free",5,0x000fa110,"pb_field_iter_begin",0.163993583,1.920286502,32.203521919,31.757283148
0x000faef6,"nrf_balloc_free",6,0x000f85d6,"nrf_atfifo_item_put",0.136030474,1.787384087,32.203521919,33.752682087
0x000faef6,"nrf_balloc_free",7,0x000fc5ac,"set_digest_in_hw_sha256",0.226396634,1.655087510,32.203521919,14.698052713
0x000faef6,"nrf_balloc_free",8,0x000f8be0,"nrf_section_iter_init",0.166979654,1.369844181,32.203521919,21.981283081
0x000faef6,"nrf_balloc_free",9,0x000f864c,"nrf_atfifo_item_free",0.132173794,1.328428989,32.203521919,35.395313926
0x000faef6,"nrf_balloc_free",10,0x000f9148,"sdh_request_observer_notify",0.114367095,1.166269503,32.203521919,32.420161189
0x000faef6,"nrf_balloc_free",11,0x000f9178,"sdh_state_observer_notify",0.136968640,0.595782846,32.203521919,24.423210600
0x000faef6,"nrf_balloc_free",12,0x000f930c,"nrf_sdh_evts_poll",0.136968640,0.595782846,32.203521919,24.423210600
0x000faf26,"nrf_balloc_init",1,0x000f86be,"nrf_balloc_init",0.441382917,16.466866859,47.248823551,45.989289360
0x000faf26,"nrf_balloc_init",2,0x000f985c,"nrf_dfu_set_adv_name_handler",0.275260676,2.484789370,47.248823551,19.648848308
0x000faf26,"nrf_balloc_init",3,0x000fa1e4,"buf_read",0.208917494,2.412364226,47.248823551,32.420387120
0x000faf26,"nrf_balloc_init",4,0x000f8738,"nrf_balloc_free",0.208996317,2.136001374,47.248823551,33.701848306
0x000faf26,"nrf_balloc_init",5,0x000f8ed8,"hash_result_get",0.194514986,1.569223245,47.248823551,38.446979493
0x000faf26,"nrf_balloc_init",6,0x000fc3b4,"verify_context_ecdsa_verify_secp256r1",0.245481574,1.444372474,47.248823551,20.594658968
0x000faf26,"nrf_balloc_init",7,0x000fc638,"verify_context_hash_sha256",0.245481574,1.444372474,47.248823551,20.594658968
0x000faf26,"nrf_balloc_init",8,0x000f959e,"nrf_crypto_internal_ecc_key_input_check",0.235699433,1.356039720,47.248823551,21.830400154
0x000faf26,"nrf_balloc_init",9,0x000f9584,"nrf_crypto_internal_ecc_key_output_prepare",0.218131162,1.079220268,47.248823551,23.342888392
0x000faf26,"nrf_balloc_init",10,0x000f93a0,"nrf_sdh_ble_app_ram_start_get",0.260582319,0.556978705,47.248823551,15.428501673
0x000faf26,"nrf_balloc_init",11,0x000fbbdc,"is_major_softdevice_update",0.167488733,0.427995926,47.248823551,47.159693795
0x000faf26,"nrf_balloc_init",12,0x000f9178,"sdh_state_observer_notify",0.183446329,0.302429645,47.248823551,24.423210600
0x000fb004,"nrf_bootloader_acl_add",1,0x000f9b98,"nrf_bootloader_flash_protect",0.268770673,6.874285278,43.308398302,38.965021271
0x000fb004,"nrf_bootloader_acl_add",2,0x000fc790,"nrf_cc310_bl_init",0.212572226,1.761014476,43.308398302,24.207055109
0x000fb004,"nrf_bootloader_acl_add",3,0x000f987c,"nrf_dfu_set_adv_name_on_sys_evt",0.165604878,1.512701346,43.308398302,34.690293882
0x000fb004,"nrf_bootloader_acl_add",4,0x000f9994,"dfu_observer",0.147544253,0.824989598,43.308398302,43.557018114
0x000fb004,"nrf_bootloader_acl_add",5,0x000f8b04,"nrf_fstorage_sdh_state_handler",0.208768304,0.493930006,43.308398302,19.529411617
0x000fb004,"nrf_bootloader_acl_add",6,0x000f9930,"SVC_Handler",0.175630631,0.459374802,43.308398302,25.112414450
0x000fb004,"nrf_bootloader_acl_add",7,0x000f82f8,"app_sched_init",0.149573359,0.401782797,43.308398302,32.347923690
0x000fb004,"nrf_bootloader_acl_add",8,0x000f8c20,"nrf52_errata_98",0.184958109,0.287193187,43.308398302,21.829653284
0x000fb004,"nrf_bootloader_acl_add",9,0x000f91cc,"softdevices_evt_irq_enable",0.133044371,-0.120717739,43.308398302,32.291932928
0x000fb004,"nrf_bootloader_acl_add",10,0x000f9584,"nrf_crypto_internal_ecc_key_output_prepare",0.123852520,-1.542743757,43.308398302,23.342888392
0x000fb004,"nrf_bootloader_acl_add",11,0x000f8b24,"queue_start",0.101736169,-2.575520125,43.308398302,22.787069649
0x000fb004,"nrf_bootloader_acl_add",12,0x000f8ed8,"hash_result_get",0.084850708,-2.643548781,43.308398302,38.446979493
0x000f9d78,"nrf_bootloader_app_activate",1,0x000f8a60,"nrf_fstorage_sys_evt_handler",0.165167636,-0.520986130,55.624072411,109.470564857
0x000f9d78,"nrf_bootloader_app_activate",2,0x000f9f24,"sd_activate",0.137202968,-1.523825095,55.624072411,51.234137998
0x000f9d78,"nrf_bootloader_app_activate",3,0x000fc584,"nrf_cc310_bl_ecdsa_verify_secp256r1",0.131199606,-2.997469711,55.624072411,18.697918980
0x000f9d78,"nrf_bootloader_app_activate",4,0x000fba44,"nrf_dfu_bank0_start_addr",0.087871463,-4.540802369,55.624072411,18.512561266
0x000f9d78,"nrf_bootloader_app_activate",5,0x000f9484,"nrf_sdh_ble_enable",0.085421938,-4.567290153,55.624072411,17.384406865
0x000f9d78,"nrf_bootloader_app_activate",6,0x000fb744,"nrf_dfu_settings_reinit",0.119787534,-4.745612576,55.624072411,104.120436085
0x000f9d78,"nrf_bootloader_app_activate",7,0x000f9020,"cc310_bl_backend_init",0.065789466,-5.294877470,55.624072411,24.000797821
0x000f9d78,"nrf_bootloader_app_activate",8,0x000fbed8,"nrf_dfu_validation_init_cmd_append",0.065750181,-5.337454435,55.624072411,28.340777790
0x000f9d78,"nrf_bootloader_app_activate",9,0x000f92e0,"nrf_sdh_request_continue",0.064570526,-5.506663512,55.624072411,25.722174830
0x000f9d78,"nrf_bootloader_app_activate",10,0x000f9e1c,"nrf_bootloader_wdt_feed_timer_start",0.049810243,-5.655914681,55.624072411,16.112391892
0x000f9d78,"nrf_bootloader_app_activate",11,0x000f8200,"__do_global_dtors_aux",0.050573235,-5.697702560,55.624072411,15.089155543
0x000f9d78,"nrf_bootloader_app_activate",12,0x000fba70,"nrf_dfu_bank1_start_addr",0.045814632,-5.761413155,55.624072411,15.798820028
0x000fa870,"nrf_bootloader_app_is_valid",1,0x000fb744,"nrf_dfu_settings_reinit",0.184709765,0.670529243,76.713493915,104.120436085
0x000fa870,"nrf_bootloader_app_is_valid",2,0x000f987c,"nrf_dfu_set_adv_name_on_sys_evt",0.138486796,-2.951353840,76.713493915,34.690293882
0x000fa870,"nrf_bootloader_app_is_valid",3,0x000f9f24,"sd_activate",0.123610397,-3.809508933,76.713493915,51.234137998
0x000fa870,"nrf_bootloader_app_is_valid",4,0x000fc3b4,"verify_context_ecdsa_verify_secp256r1",0.114053065,-3.974554451,76.713493915,20.594658968
0x000fa870,"nrf_bootloader_app_is_valid",5,0x000fc638,"verify_context_hash_sha256",0.114053065,-3.974554451,76.713493915,20.594658968
0x000fa870,"nrf_bootloader_app_is_valid",6,0x000f95b6,"nrf_crypto_internal_ecc_raw_input_check",0.112901727,-3.974554451,76.713493915,20.893639822
0x000fa870,"nrf_bootloader_app_is_valid",7,0x000f959e,"nrf_crypto_internal_ecc_key_input_check",0.109508190,-4.176013798,76.713493915,21.830400154
0x000fa870,"nrf_bootloader_app_is_valid",8,0x000fbed8,"nrf_dfu_validation_init_cmd_append",0.101618895,-4.203602440,76.713493915,28.340777790
0x000fa870,"nrf_bootloader_app_is_valid",9,0x000fb964,"nrf_dfu_settings_adv_name_copy",0.107228680,-4.342043371,76.713493915,16.517275992
0x000fa870,"nrf_bootloader_app_is_valid",10,0x000fba44,"nrf_dfu_bank0_start_addr",0.100063163,-4.491105117,76.713493915,18.512561266
0x000fa870,"nrf_bootloader_app_is_valid",11,0x000fc790,"nrf_cc310_bl_init",0.093680577,-4.911754572,76.713493915,24.207055109
0x000fa870,"nrf_bootloader_app_is_valid",12,0x000fc658,"nrf_cc310_bl_hash_sha256_init",0.090908178,-4.946421413,76.713493915,20.628690448
0x000faf56,"nrf_bootloader_app_start_final",1,0x000f9bdc,"nrf_bootloader_app_start_final",0.606727995,46.944580554,95.428382843,84.043515900
0x000faf56,"nrf_bootloader_app_start_final",2,0x000f9b90,"jump_to_addr",0.092239077,-5.371386342,95.428382843,18.701983586
0x000faf56,"nrf_bootloader_app_start_final",3,0x000f9054,"cc310_bl_backend_enable",0.082946027,-5.923294147,95.428382843,9.933674777
0x000faf56,"nrf_bootloader_app_start_final",4,0x000f9b6c,"nrf_bootloader_app_start",0.062718598,-6.400537559,95.428382843,12.872793677
0x000faf56,"nrf_bootloader_app_start_final",5,0x000f9070,"cc310_bl_backend_disable",0.061130393,-6.400537559,95.428382843,13.234035506
0x000faf56,"nrf_bootloader_app_start_final",6,0x000f84b4,"app_util_critical_region_exit",0.090952746,-6.455608868,95.428382843,39.553937952
0x000faf56,"nrf_bootloader_app_start_final",7,0x000f9b98,"nrf_bootloader_flash_protect",0.090800276,-6.507805805,95.428382843,38.965021271
0x000faf56,"nrf_bootloader_app_start_final",8,0x000f9e1c,"nrf_bootloader_wdt_feed_timer_start",0.037102919,-7.316317361,95.428382843,16.112391892
0x000faf56,"nrf_bootloader_app_start_final",9,0x000f9f24,"sd_activate",0.087733729,-7.336758917,95.428382843,51.234137998
0x000faf56,"nrf_bootloader_app_start_final",10,0x000f9518,"nrf_nvmc_write_word",0.044808958,-7.355024384,95.428382843,19.455287611
0x000faf56,"nrf_bootloader_app_start_final",11,0x000fba70,"nrf_dfu_bank1_start_addr",0.034126648,-7.421815835,95.428382843,15.798820028
0x000faf56,"nrf_bootloader_app_start_final",12,0x000f9828,"main",0.060975277,-7.482098730,95.428382843,27.405337805
0x000f9f50,"nrf_bootloader_bl_activate",1,0x000f9e4c,"bl_activate",0.346579768,10.010070601,48.810944898,41.526389488
0x000f9f50,"nrf_bootloader_bl_activate",2,0x000f8a60,"nrf_fstorage_sys_evt_handler",0.162623408,-1.218098763,48.810944898,109.470564857
0x000f9f50,"nrf_bootloader_bl_activate",3,0x000fbea8,"nrf_dfu_validation_init_cmd_create",0.129618132,-1.941248102,48.810944898,25.968053209
0x000f9f50,"nrf_bootloader_bl_activate",4,0x000f9f24,"sd_activate",0.109950897,-2.393888738,48.810944898,51.234137998
0x000f9f50,"nrf_bootloader_bl_activate",5,0x000fba44,"nrf_dfu_bank0_start_addr",0.128607882,-2.668878922,48.810944898,18.512561266
0x000f9f50,"nrf_bootloader_bl_activate",6,0x000fb744,"nrf_dfu_settings_reinit",0.140615335,-2.917961868,48.810944898,104.120436085
0x000f9f50,"nrf_bootloader_bl_activate",7,0x000fbed8,"nrf_dfu_validation_init_cmd_append",0.096231372,-3.198875447,48.810944898,28.340777790
0x000f9f50,"nrf_bootloader_bl_activate",8,0x000f92e0,"nrf_sdh_request_continue",0.093346276,-3.462549090,48.810944898,25.722174830
0x000f9f50,"nrf_bootloader_bl_activate",9,0x000fb92c,"nrf_dfu_settings_adv_name_write",0.086975024,-3.663836758,48.810944898,29.795569392
0x000f9f50,"nrf_bootloader_bl_activate",10,0x000f9658,"nrf_crypto_hash_init",0.084215541,-3.840502267,48.810944898,31.379879909
0x000f9f50,"nrf_bootloader_bl_activate",11,0x000f8bf2,"nrf_section_iter_next",0.088248721,-3.858066839,48.810944898,28.822381645
0x000f9f50,"nrf_bootloader_bl_activate",12,0x000faf54,"ble_dfu_transport_close",0.083429147,-3.917362896,48.810944898,52.577722413
0x000fafdc,"nrf_bootloader_dfu_inactivity_timer_restart",1,0x000f9de4,"nrf_bootloader_dfu_inactivity_timer_restart",0.267355517,6.044937556,22.326993604,22.957625372
0x000fafdc,"nrf_bootloader_dfu_inactivity_timer_restart",2,0x000fa0fc,"nrf_bootloader_wdt_feed",0.293005621,2.732304252,22.326993604,15.132416731
0x000fafdc,"nrf_bootloader_dfu_inactivity_timer_restart",3,0x000f9390,"nrf_sdh_ble_evts_poll",0.281241176,2.732304252,22.326993604,15.911585613
0x000fafdc,"nrf_bootloader_dfu_inactivity_timer_restart",4,0x000fc3b4,"verify_context_ecdsa_verify_secp256r1",0.132034196,2.655608951,22.326993604,20.594658968
0x000fafdc,"nrf_bootloader_dfu_inactivity_timer_restart",5,0x000fc638,"verify_context_hash_sha256",0.132034196,2.655608951,22.326993604,20.594658968
0x000fafdc,"nrf_bootloader_dfu_inactivity_timer_restart",6,0x000f95b6,"nrf_crypto_internal_ecc_raw_input_check",0.130701342,2.655608951,22.326993604,20.893639822
0x000fafdc,"nrf_bootloader_dfu_inactivity_timer_restart",7,0x000fb2cc,"dfu_fstorage_evt_handler",0.165522859,2.606223139,22.326993604,18.656314793
0x000fafdc,"nrf_bootloader_dfu_inactivity_timer_restart",8,0x000fb3a0,"ext_err_code_handle",0.138977144,2.509352916,22.326993604,22.516963153
0x000fafdc,"nrf_bootloader_dfu_inactivity_timer_restart",9,0x000f985c,"nrf_dfu_set_adv_name_handler",0.136535476,2.265329197,22.326993604,19.648848308
0x000fafdc,"nrf_bootloader_dfu_inactivity_timer_restart",10,0x000fb698,"nrf_dfu_req_handler_on_req",0.160616372,2.119073162,22.326993604,18.368693562
0x000fafdc,"nrf_bootloader_dfu_inactivity_timer_restart",11,0x000f959e,"nrf_crypto_internal_ecc_key_input_check",0.126772794,1.894116446,22.326993604,21.830400154
0x000fafdc,"nrf_bootloader_dfu_inactivity_timer_restart",12,0x000f9584,"nrf_crypto_internal_ecc_key_output_prepare",0.121115454,1.229975338,22.326993604,23.342888392
0x000fa908,"nrf_bootloader_dfu_observer",1,0x000f9994,"dfu_observer",0.286388797,7.311773458,42.914404040,43.557018114
0x000fa908,"nrf_bootloader_dfu_observer",2,0x000fc00c,"nrf_dfu_validation_boot_validate",0.276335859,7.175028951,42.914404040,51.910000644
0x000fa908,"nrf_bootloader_dfu_observer",3,0x000f97dc,"dfu_observer",0.206799496,3.339357846,42.914404040,34.937296525
0x000fa908,"nrf_bootloader_dfu_observer",4,0x000faa84,"dfu_observer",0.232759157,2.277940709,42.914404040,24.346816371
0x000fa908,"nrf_bootloader_dfu_observer",5,0x000fa58a,"pb_skip_field",0.173906625,1.819177625,42.914404040,55.779323443
0x000fa908,"nrf_bootloader_dfu_observer",6,0x000f9c3c,"timer_activate",0.175482825,1.566603376,42.914404040,54.889271351
0x000fa908,"nrf_bootloader_dfu_observer",7,0x000f9094,"bsp_board_led_on",0.137340076,-0.474261434,42.914404040,26.508397982
0x000fa908,"nrf_bootloader_dfu_observer",8,0x000f90bc,"bsp_board_led_off",0.137340076,-0.474261434,42.914404040,26.508397982
0x000fa908,"nrf_bootloader_dfu_observer",9,0x000f95cc,"nrf_crypto_ecc_public_key_from_raw",0.085219153,-1.827646255,42.914404040,39.387338565
0x000fa908,"nrf_bootloader_dfu_observer",10,0x000fc064,"boot_validation_extract",0.138938665,-2.466490110,42.914404040,84.532858413
0x000fa908,"nrf_bootloader_dfu_observer",11,0x000fb2cc,"dfu_fstorage_evt_handler",0.100865332,-2.478255439,42.914404040,18.656314793
0x000fa908,"nrf_bootloader_dfu_observer",12,0x000f985c,"nrf_dfu_set_adv_name_handler",0.097125958,-2.478255439,42.914404040,19.648848308
0x000fb044,"nrf_bootloader_fw_activate",1,0x000f9f84,"nrf_bootloader_fw_activate",0.237932339,5.588802598,68.367625031,112.790985413
0x000fb044,"nrf_bootloader_fw_activate",2,0x000f987c,"nrf_dfu_set_adv_name_on_sys_evt",0.170381588,-1.183327979,68.367625031,34.690293882
0x000fb044,"nrf_bootloader_fw_activate",3,0x000fc790,"nrf_cc310_bl_init",0.174048375,-1.294993784,68.367625031,24.207055109
0x000fb044,"nrf_bootloader_fw_activate",4,0x000f9020,"cc310_bl_backend_init",0.167648870,-1.542663578,68.367625031,24.000797821
0x000fb044,"nrf_bootloader_fw_activate",5,0x000f9584,"nrf_crypto_internal_ecc_key_output_prepare",0.164425282,-1.943164751,68.367625031,23.342888392
0x000fb044,"nrf_bootloader_fw_activate",6,0x000fbea8,"nrf_dfu_validation_init_cmd_create",0.152900115,-2.145713813,68.367625031,25.968053209
0x000fb044,"nrf_bootloader_fw_activate",7,0x000f9994,"dfu_observer",0.124783139,-3.548897559,68.367625031,43.557018114
0x000fb044,"nrf_bootloader_fw_activate",8,0x000fc584,"nrf_cc310_bl_ecdsa_verify_secp256r1",0.122151627,-3.827488896,68.367625031,18.697918980
0x000fb044,"nrf_bootloader_fw_activate",9,0x000f8c20,"nrf52_errata_98",0.097522575,-4.582162162,68.367625031,21.829653284
0x000fb044,"nrf_bootloader_fw_activate",10,0x000f9f24,"sd_activate",0.107547086,-5.073694748,68.367625031,51.234137998
0x000fb044,"nrf_bootloader_fw_activate",11,0x000f98a2,"nrf_dfu_set_adv_name_on_call",0.094785664,-5.538385038,68.367625031,41.881896894
0x000fb044,"nrf_bootloader_fw_activate",12,0x000f9b98,"nrf_bootloader_flash_protect",0.089576705,-5.631579300,68.367625031,38.965021271
0x000fb0b8,"nrf_bootloader_init",1,0x000f99ec,"nrf_bootloader_init",0.272749374,14.304856484,92.256013925,166.534310351
0x000fb0b8,"nrf_bootloader_init",2,0x000f9f84,"nrf_bootloader_fw_activate",0.182194918,-0.933958337,92.256013925,112.790985413
0x000fb0b8,"nrf_bootloader_init",3,0x000f9020,"cc310_bl_backend_init",0.142070376,-2.723333885,92.256013925,24.000797821
0x000fb0b8,"nrf_bootloader_init",4,0x000fb8c4,"nrf_dfu_settings_write_and_backup",0.149375536,-2.776779003,92.256013925,17.935554343
0x000fb0b8,"nrf_bootloader_init",5,0x000fc584,"nrf_cc310_bl_ecdsa_verify_secp256r1",0.132762716,-3.412059027,92.256013925,18.697918980
0x000fb0b8,"nrf_bootloader_init",6,0x000f8b24,"queue_start",0.125939440,-3.722677888,92.256013925,22.787069649
0x000fb0b8,"nrf_bootloader_init",7,0x000fb1dc,"ble_dfu_transport_init",0.167042527,-3.833655972,92.256013925,134.626939496
0x000fb0b8,"nrf_bootloader_init",8,0x000f8988,"init",0.118458493,-3.959152609,92.256013925,24.973033380
0x000fb0b8,"nrf_bootloader_init",9,0x000fb8e4,"nrf_dfu_settings_init",0.111741668,-4.195627330,92.256013925,27.321323295
0x000fb0b8,"nrf_bootloader_init",10,0x000faaa8,"nrf_dfu_init",0.102048240,-4.872247058,92.256013925,22.382412976
0x000fb0b8,"nrf_bootloader_init",11,0x000f887c,"write",0.099962894,-5.614475657,92.256013925,32.639553966
0x000fb0b8,"nrf_bootloader_init",12,0x000f9828,"main",0.084175259,-6.036976379,92.256013925,27.405337805
0x000fb168,"nrf_bootloader_mbr_addrs_populate",1,0x000fa030,"nrf_bootloader_mbr_addrs_populate",0.909596818,21.152341691,23.196136331,23.196136331
0x000fb168,"nrf_bootloader_mbr_addrs_populate",2,0x000faa84,"dfu_observer",0.341649127,7.376739829,23.196136331,24.346816371
0x000fb168,"nrf_bootloader_mbr_addrs_populate",3,0x000f8c20,"nrf52_errata_98",0.195882307,3.948461278,23.196136331,21.829653284
0x000fb168,"nrf_bootloader_mbr_addrs_populate",4,0x000f91a0,"softdevice_evt_irq_disable",0.203549995,3.558181524,23.196136331,20.660240445
0x000fb168,"nrf_bootloader_mbr_addrs_populate",5,0x000fba44,"nrf_dfu_bank0_start_addr",0.220340063,3.167901769,23.196136331,18.512561266
0x000fb168,"nrf_bootloader_mbr_addrs_populate",6,0x000fbe8c,"nrf_dfu_validation_init",0.230515492,2.777622015,23.196136331,17.433127988
0x000fb168,"nrf_bootloader_mbr_addrs_populate",7,0x000fa0fc,"nrf_bootloader_wdt_feed",0.257950711,2.387342261,23.196136331,15.132416731
0x000fb168,"nrf_bootloader_mbr_addrs_populate",8,0x000fd860,"exit",0.239735034,2.387342261,23.196136331,16.571403855
0x000fb168,"nrf_bootloader_mbr_addrs_populate",9,0x000f8c48,"nvmc_wait",0.335210592,2.384916285,23.196136331,14.328249014
0x000fb168,"nrf_bootloader_mbr_addrs_populate",10,0x000f94d8,"wait_for_flash_ready",0.335210592,2.384916285,23.196136331,14.328249014
0x000fb168,"nrf_bootloader_mbr_addrs_populate",11,0x000fc790,"nrf_cc310_bl_init",0.108051525,1.768105863,23.196136331,24.207055109
0x000fb168,"nrf_bootloader_mbr_addrs_populate",12,0x000fd808,"SaSi_HalWaitInterrupt",0.077085123,1.068398844,23.196136331,23.331570503
0x000fd2a0,"nrf_bootloader_sd_activate",1,0x000f9f24,"sd_activate",0.174582143,1.411654100,59.099732378,51.234137998
0x000fd2a0,"nrf_bootloader_sd_activate",2,0x000f92e0,"nrf_sdh_request_continue",0.188261222,-0.115534757,59.099732378,25.722174830
0x000fd2a0,"nrf_bootloader_sd_activate",3,0x000f8a60,"nrf_fstorage_sys_evt_handler",0.168430295,-1.153633705,59.099732378,109.470564857
0x000fd2a0,"nrf_bootloader_sd_activate",4,0x000fc584,"nrf_cc310_bl_ecdsa_verify_secp256r1",0.172130113,-1.381745159,59.099732378,18.697918980
0x000fd2a0,"nrf_bootloader_sd_activate",5,0x000fc790,"nrf_cc310_bl_init",0.113043684,-3.306754449,59.099732378,24.207055109
0x000fd2a0,"nrf_bootloader_sd_activate",6,0x000f8b24,"queue_start",0.106414990,-3.511683600,59.099732378,22.787069649
0x000fd2a0,"nrf_bootloader_sd_activate",7,0x000fc3b4,"verify_context_ecdsa_verify_secp256r1",0.084368531,-4.779993181,59.099732378,20.594658968
0x000fd2a0,"nrf_bootloader_sd_activate",8,0x000fc638,"verify_context_hash_sha256",0.084368531,-4.779993181,59.099732378,20.594658968
0x000fd2a0,"nrf_bootloader_sd_activate",9,0x000f8c20,"nrf52_errata_98",0.073552693,-4.863290426,59.099732378,21.829653284
0x000fd2a0,"nrf_bootloader_sd_activate",10,0x000faf54,"ble_dfu_transport_close",0.085681113,-4.908352395,59.099732378,52.577722413
0x000fd2a0,"nrf_bootloader_sd_activate",11,0x000f96f0,"nrf_crypto_hash_calculate",0.063799185,-5.233735265,59.099732378,27.590064527
0x000fd2a0,"nrf_bootloader_sd_activate",12,0x000f9b98,"nrf_bootloader_flash_protect",0.072429982,-5.251298562,59.099732378,38.965021271
0x000fb198,"nrf_bootloader_wdt_feed",1,0x000fc584,"nrf_cc310_bl_ecdsa_verify_secp256r1",0.471107100,9.166207825,17.620589656,18.697918980
0x000fb198,"nrf_bootloader_wdt_feed",2,0x000fa0fc,"nrf_bootloader_wdt_feed",0.572565925,8.095368430,17.620589656,15.132416731
0x000fb198,"nrf_bootloader_wdt_feed",3,0x000f9390,"nrf_sdh_ble_evts_poll",0.333403968,4.752836144,17.620589656,15.911585613
0x000fb198,"nrf_bootloader_wdt_feed",4,0x000f9020,"cc310_bl_backend_init",0.303868915,4.213894689,17.620589656,24.000797821
0x000fb198,"nrf_bootloader_wdt_feed",5,0x000f9de4,"nrf_bootloader_dfu_inactivity_timer_restart",0.268184908,3.700038602,17.620589656,22.957625372
0x000fb198,"nrf_bootloader_wdt_feed",6,0x000fb698,"nrf_dfu_req_handler_on_req",0.190406457,3.227363351,17.620589656,18.368693562
0x000fb198,"nrf_bootloader_wdt_feed",7,0x000fb2cc,"dfu_fstorage_evt_handler",0.196222967,2.515121273,17.620589656,18.656314793
0x000fb198,"nrf_bootloader_wdt_feed",8,0x000fb3a0,"ext_err_code_handle",0.164753725,2.418251050,17.620589656,22.516963153
0x000fb198,"nrf_bootloader_wdt_feed",9,0x000faa44,"pb_decode_fixed32",0.077456263,2.354715553,17.620589656,19.127269137
0x000fb198,"nrf_bootloader_wdt_feed",10,0x000f9484,"nrf_sdh_ble_enable",0.083178937,1.731966866,17.620589656,17.384406865
0x000fb198,"nrf_bootloader_wdt_feed",11,0x000fb8c4,"nrf_dfu_settings_write_and_backup",0.081234149,1.731966866,17.620589656,17.935554343
0x000fb198,"nrf_bootloader_wdt_feed",12,0x000f91a0,"softdevice_evt_irq_disable",0.083096498,1.526686580,17.620589656,20.660240445
0x000fb1ac,"nrf_bootloader_wdt_feed_timer_start",1,0x000f9e1c,"nrf_bootloader_wdt_feed_timer_start",0.113963631,3.803196082,15.487684868,16.112391892
0x000fb1ac,"nrf_bootloader_wdt_feed_timer_start",2,0x000fba70,"nrf_dfu_bank1_start_addr",0.105468323,3.703924562,15.487684868,15.798820028
0x000fb1ac,"nrf_bootloader_wdt_feed_timer_start",3,0x000fab30,"response_send",0.124107262,2.649447857,15.487684868,13.079303673
0x000fb1ac,"nrf_bootloader_wdt_feed_timer_start",4,0x000f8200,"__do_global_dtors_aux",0.000000000,2.134405097,15.487684868,15.089155543
0x000fb1ac,"nrf_bootloader_wdt_feed_timer_start",5,0x000f8e40,"nrf_crypto_backend_secp256r1_public_key_from_raw",0.000000000,2.134405097,15.487684868,13.689627138
0x000fb1ac,"nrf_bootloader_wdt_feed_timer_start",6,0x000fb860,"nrf_dfu_settings_write",0.000000000,2.134405097,15.487684868,16.570089689
0x000fb1ac,"nrf_bootloader_wdt_feed_timer_start",7,0x000fb36a,"nrf_dfu_mbr_init_sd",0.133421626,1.594971152,15.487684868,12.126692768
0x000fb1ac,"nrf_bootloader_wdt_feed_timer_start",8,0x000fc004,"fw_hash_ok",0.130710742,1.594971152,15.487684868,12.383047125
0x000fb1ac,"nrf_bootloader_wdt_feed_timer_start",9,0x000fb97c,"nrf_dfu_settings_adv_name_is_valid",0.123275283,1.594971152,15.487684868,13.175049138
0x000fb1ac,"nrf_bootloader_wdt_feed_timer_start",10,0x000f9518,"nrf_nvmc_write_word",0.089991889,1.372030965,15.487684868,19.455287611
0x000fb1ac,"nrf_bootloader_wdt_feed_timer_start",11,0x000f8774,"nrf_fstorage_write",0.000000000,1.079928392,15.487684868,13.434864643
0x000fb1ac,"nrf_bootloader_wdt_feed_timer_start",12,0x000f8782,"nrf_fstorage_erase",0.000000000,1.079928392,15.487684868,13.434864643
0x000fb1c0,"nrf_bootloader_wdt_init",1,0x000fa0b0,"nrf_bootloader_wdt_init",0.266688927,5.770121425,41.028154903,34.810676806
0x000fb1c0,"nrf_bootloader_wdt_init",2,0x000f9ca4,"timer_init",0.232850792,3.798564039,41.028154903,31.199830201
0x000fb1c0,"nrf_bootloader_wdt_init",3,0x000f9020,"cc310_bl_backend_init",0.136888782,-0.755272684,41.028154903,24.000797821
0x000fb1c0,"nrf_bootloader_wdt_init",4,0x000fc584,"nrf_cc310_bl_ecdsa_verify_secp256r1",0.163003477,-0.828590532,41.028154903,18.697918980
0x000fb1c0,"nrf_bootloader_wdt_init",5,0x000f987c,"nrf_dfu_set_adv_name_on_sys_evt",0.080727889,-1.431192615,41.028154903,34.690293882
0x000fb1c0,"nrf_bootloader_wdt_init",6,0x000f9280,"nrf_sdh_disable_request",0.098761999,-2.093198557,41.028154903,50.510036860
0x000fb1c0,"nrf_bootloader_wdt_init",7,0x000f9102,"bsp_board_init",0.075492133,-2.244414351,41.028154903,31.481840290
0x000fb1c0,"nrf_bootloader_wdt_init",8,0x000f9680,"nrf_crypto_hash_update",0.079517658,-2.248668383,41.028154903,35.569951845
0x000fb1c0,"nrf_bootloader_wdt_init",9,0x000f9b98,"nrf_bootloader_flash_protect",0.049587611,-2.759540748,41.028154903,38.965021271
0x000fb1c0,"nrf_bootloader_wdt_init",10,0x000f84b4,"app_util_critical_region_exit",0.049150391,-2.759540748,41.028154903,39.553937952
0x000fb1c0,"nrf_bootloader_wdt_init",11,0x000f92e0,"nrf_sdh_request_continue",0.068365691,-2.812849497,41.028154903,25.722174830
0x000fb1c0,"nrf_bootloader_wdt_init",12,0x000f8bf2,"nrf_section_iter_next",0.059600250,-2.832858596,41.028154903,28.822381645
0x000f9648,"nrf_cc310_bl_ecdsa_verify_hash_secp256r1",1,0x000fc420,"nrf_cc310_bl_ecdsa_verify_hash_secp256r1",0.518343987,36.920703863,91.073996518,89.135840673
0x000f9648,"nrf_cc310_bl_ecdsa_verify_hash_secp256r1",2,0x000f9604,"nrf_crypto_ecdsa_verify",0.184504105,0.485375938,91.073996518,44.609503286
0x000f9648,"nrf_cc310_bl_ecdsa_verify_hash_secp256r1",3,0x000fc584,"nrf_cc310_bl_ecdsa_verify_secp256r1",0.209836996,0.004870241,91.073996518,18.697918980
0x000f9648,"nrf_cc310_bl_ecdsa_verify_hash_secp256r1",4,0x000f9020,"cc310_bl_backend_init",0.165883964,-1.336498045,91.073996518,24.000797821
0x000f9648,"nrf_cc310_bl_ecdsa_verify_hash_secp256r1",5,0x000f9680,"nrf_crypto_hash_update",0.154834445,-2.246470599,91.073996518,35.569951845
0x000f9648,"nrf_cc310_bl_ecdsa_verify_hash_secp256r1",6,0x000fab7c,"advertising_start",0.139027870,-2.303321655,91.073996518,44.368347526
0x000f9648,"nrf_cc310_bl_ecdsa_verify_hash_secp256r1",7,0x000f987c,"nrf_dfu_set_adv_name_on_sys_evt",0.143094754,-2.904555354,91.073996518,34.690293882
0x000f9648,"nrf_cc310_bl_ecdsa_verify_hash_secp256r1",8,0x000fc3d4,"nrf_cc310_bl_ecdsa_verify_init_secp256r1",0.127165649,-3.252506071,91.073996518,28.391102178
0x000f9648,"nrf_cc310_bl_ecdsa_verify_hash_secp256r1",9,0x000f8b44,"erase",0.128275476,-3.627563655,91.073996518,41.112571844
0x000f9648,"nrf_cc310_bl_ecdsa_verify_hash_secp256r1",10,0x000f8e40,"nrf_crypto_backend_secp256r1_public_key_from_raw",0.131204508,-3.693280080,91.073996518,13.689627138
0x000f9648,"nrf_cc310_bl_ecdsa_verify_hash_secp256r1",11,0x000f8ed8,"hash_result_get",0.134553650,-3.841609942,91.073996518,38.446979493
0x000f9648,"nrf_cc310_bl_ecdsa_verify_hash_secp256r1",12,0x000f8b90,"write",0.126985307,-3.861827302,91.073996518,41.829482488
0x000f95fc,"nrf_cc310_bl_ecdsa_verify_init_secp256r1",1,0x000fc3d4,"nrf_cc310_bl_ecdsa_verify_init_secp256r1",0.528584973,13.435680794,26.709230832,28.391102178
0x000f95fc,"nrf_cc310_bl_ecdsa_verify_init_secp256r1",2,0x000f9584,"nrf_crypto_internal_ecc_key_output_prepare",0.235718585,3.846023940,26.709230832,23.342888392
0x000f95fc,"nrf_cc310_bl_ecdsa_verify_init_secp256r1",3,0x000f985c,"nrf_dfu_set_adv_name_handler",0.250444500,3.064107086,26.709230832,19.648848308
0x000f95fc,"nrf_cc310_bl_ecdsa_verify_init_secp256r1",4,0x000f9658,"nrf_crypto_hash_init",0.194836752,2.799714421,26.709230832,31.379879909
0x000f95fc,"nrf_cc310_bl_ecdsa_verify_init_secp256r1",5,0x000fb92c,"nrf_dfu_settings_adv_name_write",0.158268089,2.375709813,26.709230832,29.795569392
0x000f95fc,"nrf_cc310_bl_ecdsa_verify_init_secp256r1",6,0x000fc658,"nrf_cc310_bl_hash_sha256_init",0.201880680,1.898344619,26.709230832,20.628690448
0x000f95fc,"nrf_cc310_bl_ecdsa_verify_init_secp256r1",7,0x000f8518,"nrf_atfifo_init",0.183953273,1.704425734,26.709230832,40.348585297
0x000f95fc,"nrf_cc310_bl_ecdsa_verify_init_secp256r1",8,0x000fa1e4,"buf_read",0.151378273,1.439973996,26.709230832,32.420387120
0x000f95fc,"nrf_cc310_bl_ecdsa_verify_init_secp256r1",9,0x000fbea8,"nrf_dfu_validation_init_cmd_create",0.138523513,1.432705118,26.709230832,25.968053209
0x000f95fc,"nrf_cc310_bl_ecdsa_verify_init_secp256r1",10,0x000fc5ac,"set_digest_in_hw_sha256",0.155756133,1.350456905,26.709230832,14.698052713
0x000f95fc,"nrf_cc310_bl_ecdsa_verify_init_secp256r1",11,0x000fc5e4,"read_digest_in_hw_sha256",0.123179541,1.350456905,26.709230832,19.901186018
0x000f95fc,"nrf_cc310_bl_ecdsa_verify_init_secp256r1",12,0x000f8be0,"nrf_section_iter_init",0.142243735,1.322931062,26.709230832,21.981283081
0x000f9670,"nrf_cc310_bl_hash_sha256_finalize",1,0x000fc730,"nrf_cc310_bl_hash_sha256_finalize",0.840561659,53.144153226,68.607328076,63.584595672
0x000f9670,"nrf_cc310_bl_hash_sha256_finalize",2,0x000fa97e,"pb_dec_submessage",0.161103150,-0.486442797,68.607328076,42.615906139
0x000f9670,"nrf_cc310_bl_hash_sha256_finalize",3,0x000f9484,"nrf_sdh_ble_enable",0.218103081,-0.577929363,68.607328076,17.384406865
0x000f9670,"nrf_cc310_bl_hash_sha256_finalize",4,0x000fce84,"CRYS_COMMON_ReverseMemcpy32",0.163484236,-1.698854443,68.607328076,43.234176672
0x000f9670,"nrf_cc310_bl_hash_sha256_finalize",5,0x000fa1e4,"buf_read",0.148007453,-2.131734744,68.607328076,32.420387120
0x000f9670,"nrf_cc310_bl_hash_sha256_finalize",6,0x000fc5ac,"set_digest_in_hw_sha256",0.176344521,-2.162929578,68.607328076,14.698052713
0x000f9670,"nrf_cc310_bl_hash_sha256_finalize",7,0x000fc68c,"nrf_cc310_bl_hash_sha256_update",0.148247632,-2.951303932,68.607328076,88.210742466
0x000f9670,"nrf_cc310_bl_hash_sha256_finalize",8,0x000fb2cc,"dfu_fstorage_evt_handler",0.133825075,-3.236797651,68.607328076,18.656314793
0x000f9670,"nrf_cc310_bl_hash_sha256_finalize",9,0x000f8bf2,"nrf_section_iter_next",0.127313926,-3.570684672,68.607328076,28.822381645
0x000f9670,"nrf_cc310_bl_hash_sha256_finalize",10,0x000fa550,"pb_decode_tag",0.123120298,-3.600007147,68.607328076,43.443756798
0x000f9670,"nrf_cc310_bl_hash_sha256_finalize",11,0x000fa5d6,"pb_make_string_substream",0.109753532,-4.033640190,68.607328076,41.905001897
0x000f9670,"nrf_cc310_bl_hash_sha256_finalize",12,0x000fb3b0,"on_data_obj_execute_request_sched",0.103213612,-4.198345247,68.607328076,44.532081875
0x000f96d0,"nrf_cc310_bl_hash_sha256_init",1,0x000fc658,"nrf_cc310_bl_hash_sha256_init",0.454779894,9.028932220,19.776200969,20.628690448
0x000f96d0,"nrf_cc310_bl_hash_sha256_init",2,0x000f985c,"nrf_dfu_set_adv_name_handler",0.256288389,5.096581286,19.776200969,19.648848308
0x000f96d0,"nrf_cc310_bl_hash_sha256_init",3,0x000fb99c,"nrf_dfu_settings_additional_erase",0.254426433,4.277093283,19.776200969,18.665035183
0x000f96d0,"nrf_cc310_bl_hash_sha256_init",4,0x000fb964,"nrf_dfu_settings_adv_name_copy",0.234101698,3.734440382,19.776200969,16.517275992
0x000f96d0,"nrf_cc310_bl_hash_sha256_init",5,0x000f8b04,"nrf_fstorage_sdh_state_handler",0.127515254,3.217274149,19.776200969,19.529411617
0x000f96d0,"nrf_cc310_bl_hash_sha256_init",6,0x000f93a0,"nrf_sdh_ble_app_ram_start_get",0.247262496,3.203270366,19.776200969,15.428501673
0x000f96d0,"nrf_cc310_bl_hash_sha256_init",7,0x000fb2d8,"nrf_dfu_flash_init",0.246711032,3.203270366,19.776200969,15.470655266
0x000f96d0,"nrf_cc310_bl_hash_sha256_init",8,0x000fc3b4,"verify_context_ecdsa_verify_secp256r1",0.198702186,3.143843570,19.776200969,20.594658968
0x000f96d0,"nrf_cc310_bl_hash_sha256_init",9,0x000fc638,"verify_context_hash_sha256",0.198702186,3.143843570,19.776200969,20.594658968
0x000f96d0,"nrf_cc310_bl_hash_sha256_init",10,0x000f95b6,"nrf_crypto_internal_ecc_raw_input_check",0.196696335,3.143843570,19.776200969,20.893639822
0x000f96d0,"nrf_cc310_bl_hash_sha256_init",11,0x000fcb08,"PkaFinishAndMutexUnlock",0.189033431,3.143843570,19.776200969,22.124799157
0x000f96d0,"nrf_cc310_bl_hash_sha256_init",12,0x000f9de4,"nrf_bootloader_dfu_inactivity_timer_restart",0.184330317,3.143843570,19.776200969,22.957625372
0x000f9704,"nrf_cc310_bl_hash_sha256_update",1,0x000fc68c,"nrf_cc310_bl_hash_sha256_update",0.886812632,78.066126168,93.238372211,88.210742466
0x000f9704,"nrf_cc310_bl_hash_sha256_update",2,0x000fc730,"nrf_cc310_bl_hash_sha256_finalize",0.150058006,-2.398933205,93.238372211,63.584595672
0x000f9704,"nrf_cc310_bl_hash_sha256_update",3,0x000fc5ac,"set_digest_in_hw_sha256",0.164915124,-2.806114743,93.238372211,14.698052713
0x000f9704,"nrf_cc310_bl_hash_sha256_update",4,0x000fc3d4,"nrf_cc310_bl_ecdsa_verify_init_secp256r1",0.137331012,-2.886732316,93.238372211,28.391102178
0x000f9704,"nrf_cc310_bl_hash_sha256_update",5,0x000f98a2,"nrf_dfu_set_adv_name_on_call",0.147161805,-2.975422868,93.238372211,41.881896894
0x000f9704,"nrf_cc310_bl_hash_sha256_update",6,0x000fbbdc,"is_major_softdevice_update",0.139783967,-3.119764778,93.238372211,47.159693795
0x000f9704,"nrf_cc310_bl_hash_sha256_update",7,0x000fb2cc,"dfu_fstorage_evt_handler",0.137048309,-3.258040648,93.238372211,18.656314793
0x000f9704,"nrf_cc310_bl_hash_sha256_update",8,0x000f9680,"nrf_crypto_hash_update",0.135969775,-3.802386601,93.238372211,35.569951845
0x000f9704,"nrf_cc310_bl_hash_sha256_update",9,0x000f985c,"nrf_dfu_set_adv_name_handler",0.122000416,-4.030650014,93.238372211,19.648848308
0x000f9704,"nrf_cc310_bl_hash_sha256_update",10,0x000fa5d6,"pb_make_string_substream",0.103498746,-4.595168035,93.238372211,41.905001897
0x000f9704,"nrf_cc310_bl_hash_sha256_update",11,0x000f9484,"nrf_sdh_ble_enable",0.115859214,-4.696000540,93.238372211,17.384406865
0x000f9704,"nrf_cc310_bl_hash_sha256_update",12,0x000f96b4,"nrf_crypto_hash_finalize",0.126028080,-4.803591820,93.238372211,40.417589591
0x000f97a8,"nrf_cc310_bl_hash_update_internal",1,0x000fcea0,"nrf_cc310_bl_hash_update_internal",0.475766131,30.084196463,95.663919704,75.045901766
0x000f97a8,"nrf_cc310_bl_hash_update_internal",2,0x000f96b4,"nrf_crypto_hash_finalize",0.169927008,-1.327009935,95.663919704,40.417589591
0x000f97a8,"nrf_cc310_bl_hash_update_internal",3,0x000fa1b6,"pb_field_iter_find",0.156860000,-1.935265257,95.663919704,36.710176325
0x000f97a8,"nrf_cc310_bl_hash_update_internal",4,0x000f866c,"nrf_atomic_u32_fetch_store",0.132837770,-3.651037086,95.663919704,20.043934639
0x000f97a8,"nrf_cc310_bl_hash_update_internal",5,0x000f9178,"sdh_state_observer_notify",0.124416530,-3.737036408,95.663919704,24.423210600
0x000f97a8,"nrf_cc310_bl_hash_update_internal",6,0x000f930c,"nrf_sdh_evts_poll",0.124416530,-3.737036408,95.663919704,24.423210600
0x000f97a8,"nrf_cc310_bl_hash_update_internal",7,0x000f9334,"SWI2_EGU2_IRQHandler",0.124229878,-3.737036408,95.663919704,24.478583622
0x000f97a8,"nrf_cc310_bl_hash_update_internal",8,0x000f8682,"nrf_atomic_u32_fetch_or",0.126043806,-3.908139169,95.663919704,21.597634049
0x000f97a8,"nrf_cc310_bl_hash_update_internal",9,0x000f869a,"nrf_atomic_u32_and",0.126043806,-3.908139169,95.663919704,21.597634049
0x000f97a8,"nrf_cc310_bl_hash_update_internal",10,0x000f9680,"nrf_crypto_hash_update",0.131863180,-4.232711082,95.663919704,35.569951845
0x000f97a8,"nrf_cc310_bl_hash_update_internal",11,0x000fc5ac,"set_digest_in_hw_sha256",0.163874469,-4.304529470,95.663919704,14.698052713
0x000f97a8,"nrf_cc310_bl_hash_update_internal",12,0x000fc910,"PkaSetRegsSizesTab",0.117849962,-4.353727951,95.663919704,22.442562969
0x000f9898,"nrf_cc310_bl_init",1,0x000fc790,"nrf_cc310_bl_init",0.402311848,9.269272065,27.930994811,24.207055109
0x000f9898,"nrf_cc310_bl_init",2,0x000f91cc,"softdevices_evt_irq_enable",0.173544420,2.738304215,27.930994811,32.291932928
0x000f9898,"nrf_cc310_bl_init",3,0x000f9584,"nrf_crypto_internal_ecc_key_output_prepare",0.161554477,2.723366337,27.930994811,23.342888392
0x000f9898,"nrf_cc310_bl_init",4,0x000f8c20,"nrf52_errata_98",0.159180606,1.803596362,27.930994811,21.829653284
0x000f9898,"nrf_cc310_bl_init",5,0x000f987c,"nrf_dfu_set_adv_name_on_sys_evt",0.180329373,0.821578104,27.930994811,34.690293882
0x000f9898,"nrf_cc310_bl_init",6,0x000f985c,"nrf_dfu_set_adv_name_handler",0.113479971,0.325290240,27.930994811,19.648848308
0x000f9898,"nrf_cc310_bl_init",7,0x000f85d6,"nrf_atfifo_item_put",0.133155452,0.118183306,27.930994811,33.752682087
0x000f9898,"nrf_cc310_bl_init",8,0x000f8b04,"nrf_fstorage_sdh_state_handler",0.113980129,0.080303569,27.930994811,19.529411617
0x000f9898,"nrf_cc310_bl_init",9,0x000f91a0,"softdevice_evt_irq_disable",0.109492888,0.080303569,27.930994811,20.660240445
0x000f9898,"nrf_cc310_bl_init",10,0x000f864c,"nrf_atfifo_item_free",0.129380283,-0.237421143,27.930994811,35.395313926
0x000f9898,"nrf_cc310_bl_init",11,0x000f92e0,"nrf_sdh_request_continue",0.037837172,-0.346621868,27.930994811,25.722174830
0x000f9898,"nrf_cc310_bl_init",12,0x000fbea8,"nrf_dfu_validation_init_cmd_create",0.037603380,-0.346621868,27.930994811,25.968053209
0x000fb208,"nrf_crypto_backend_secp256r1_public_key_from_raw",1,0x000f8e40,"nrf_crypto_backend_secp256r1_public_key_from_raw",1.000000000,13.689627138,13.689627138,13.689627138
0x000fb208,"nrf_crypto_backend_secp256r1_public_key_from_raw",2,0x000fb348,"nrf_dfu_mbr_copy_bl",0.298858851,5.064548985,13.689627138,15.951893824
0x000fb208,"nrf_crypto_backend_secp256r1_public_key_from_raw",3,0x000f8f24,"cc310_bl_backend_hash_sha256_init",0.246202857,4.102371853,13.689627138,13.889053703
0x000fb208,"nrf_crypto_backend_secp256r1_public_key_from_raw",4,0x000f978a,"nrf_crypto_internal_double_swap_endian",0.244545242,4.102371853,13.689627138,13.996232483
0x000fb208,"nrf_crypto_backend_secp256r1_public_key_from_raw",5,0x000f9e1c,"nrf_bootloader_wdt_feed_timer_start",0.138384367,3.906964041,13.689627138,16.112391892
0x000fb208,"nrf_crypto_backend_secp256r1_public_key_from_raw",6,0x000fab30,"response_send",0.188985792,3.579697420,13.689627138,13.079303673
0x000fb208,"nrf_crypto_backend_secp256r1_public_key_from_raw",7,0x000fbd3c,"crypto_init",0.157183780,3.309196822,13.689627138,16.229349774
0x000fb208,"nrf_crypto_backend_secp256r1_public_key_from_raw",8,0x000fa420,"pb_istream_from_buffer",0.201985005,3.202012807,13.689627138,16.348298473
0x000fb208,"nrf_crypto_backend_secp256r1_public_key_from_raw",9,0x000f8200,"__do_global_dtors_aux",0.000000000,2.134405097,13.689627138,15.089155543
0x000fb208,"nrf_crypto_backend_secp256r1_public_key_from_raw",10,0x000fb860,"nrf_dfu_settings_write",0.000000000,2.134405097,13.689627138,16.570089689
0x000fb208,"nrf_crypto_backend_secp256r1_public_key_from_raw",11,0x000fba70,"nrf_dfu_bank1_start_addr",0.000000000,2.134405097,13.689627138,15.798820028
0x000fb208,"nrf_crypto_backend_secp256r1_public_key_from_raw",12,0x000f9b6c,"nrf_bootloader_app_start",0.167898433,1.798010631,13.689627138,12.872793677
0x000fb228,"nrf_crypto_backend_secp256r1_verify",1,0x000f8e60,"nrf_crypto_backend_secp256r1_verify",0.396821190,13.787794797,43.856695270,41.490541585
0x000fb228,"nrf_crypto_backend_secp256r1_verify",2,0x000f9680,"nrf_crypto_hash_update",0.235327594,4.847770329,43.856695270,35.569951845
0x000fb228,"nrf_crypto_backend_secp256r1_verify",3,0x000f95cc,"nrf_crypto_ecc_public_key_from_raw",0.121464818,0.401865198,43.856695270,39.387338565
0x000fb228,"nrf_crypto_backend_secp256r1_verify",4,0x000f96b4,"nrf_crypto_hash_finalize",0.132011179,-0.611231164,43.856695270,40.417589591
0x000fb228,"nrf_crypto_backend_secp256r1_verify",5,0x000f8f34,"cc310_bl_backend_hash_sha256_finalize",0.103782098,-1.104640554,43.856695270,46.070512185
0x000fb228,"nrf_crypto_backend_secp256r1_verify",6,0x000faa44,"pb_decode_fixed32",0.121418300,-1.928915553,43.856695270,19.127269137
0x000fb228,"nrf_crypto_backend_secp256r1_verify",7,0x000faa62,"pb_decode_fixed64",0.112178240,-1.951952355,43.856695270,21.377225095
0x000fb228,"nrf_crypto_backend_secp256r1_verify",8,0x000f887c,"write",0.085216872,-2.055617964,43.856695270,32.639553966
0x000fb228,"nrf_crypto_backend_secp256r1_verify",9,0x000f987c,"nrf_dfu_set_adv_name_on_sys_evt",0.080887360,-2.142096544,43.856695270,34.690293882
0x000fb228,"nrf_crypto_backend_secp256r1_verify",10,0x000fa9b8,"pb_decode_svarint",0.071395656,-2.261779469,43.856695270,39.590748545
0x000fb228,"nrf_crypto_backend_secp256r1_verify",11,0x000f9604,"nrf_crypto_ecdsa_verify",0.089583107,-2.398099909,43.856695270,44.609503286
0x000fb228,"nrf_crypto_backend_secp256r1_verify",12,0x000fb8e4,"nrf_dfu_settings_init",0.088365354,-2.633925252,43.856695270,27.321323295
0x000fb298,"nrf_crypto_ecc_public_key_from_raw",1,0x000f95cc,"nrf_crypto_ecc_public_key_from_raw",0.294783437,6.735881208,33.288121754,39.387338565
0x000fb298,"nrf_crypto_ecc_public_key_from_raw",2,0x000f96f0,"nrf_crypto_hash_calculate",0.267934155,4.550355832,33.288121754,27.590064527
0x000fb298,"nrf_crypto_ecc_public_key_from_raw",3,0x000fc584,"nrf_cc310_bl_ecdsa_verify_secp256r1",0.307356000,3.292238697,33.288121754,18.697918980
0x000fb298,"nrf_crypto_ecc_public_key_from_raw",4,0x000f9020,"cc310_bl_backend_init",0.198247775,1.884461496,33.288121754,24.000797821
0x000fb298,"nrf_crypto_ecc_public_key_from_raw",5,0x000f887c,"write",0.061299761,-1.113353450,33.288121754,32.639553966
0x000fb298,"nrf_crypto_ecc_public_key_from_raw",6,0x000f8bf2,"nrf_section_iter_next",0.063909350,-1.171245206,33.288121754,28.822381645
0x000fb298,"nrf_crypto_ecc_public_key_from_raw",7,0x000f9658,"nrf_crypto_hash_init",0.060602522,-1.171245206,33.288121754,31.379879909
0x000fb298,"nrf_crypto_ecc_public_key_from_raw",8,0x000f9148,"sdh_request_observer_notify",0.059396991,-1.171245206,33.288121754,32.420161189
0x000fb298,"nrf_crypto_ecc_public_key_from_raw",9,0x000fc3d4,"nrf_cc310_bl_ecdsa_verify_init_secp256r1",0.064522167,-1.266326315,33.288121754,28.391102178
0x000fb298,"nrf_crypto_ecc_public_key_from_raw",10,0x000f9094,"bsp_board_led_on",0.069954710,-1.586716082,33.288121754,26.508397982
0x000fb298,"nrf_crypto_ecc_public_key_from_raw",11,0x000f90bc,"bsp_board_led_off",0.069954710,-1.586716082,33.288121754,26.508397982
0x000fb298,"nrf_crypto_ecc_public_key_from_raw",12,0x000f97dc,"dfu_observer",0.058887567,-1.604732248,33.288121754,34.937296525
0x000fb2cc,"nrf_crypto_ecdsa_verify",1,0x000f9604,"nrf_crypto_ecdsa_verify",0.631216747,25.575266874,43.388662318,44.609503286
0x000fb2cc,"nrf_crypto_ecdsa_verify",2,0x000f9680,"nrf_crypto_hash_update",0.281738630,6.559532137,43.388662318,35.569951845
0x000fb2cc,"nrf_crypto_ecdsa_verify",3,0x000f96b4,"nrf_crypto_hash_finalize",0.251697829,5.707796641,43.388662318,40.417589591
0x000fb2cc,"nrf_crypto_ecdsa_verify",4,0x000f987c,"nrf_dfu_set_adv_name_on_sys_evt",0.216015491,3.020599919,43.388662318,34.690293882
0x000fb2cc,"nrf_crypto_ecdsa_verify",5,0x000f8ed8,"hash_result_get",0.203121861,2.825287000,43.388662318,38.446979493
0x000fb2cc,"nrf_crypto_ecdsa_verify",6,0x000f95cc,"nrf_crypto_ecc_public_key_from_raw",0.166348803,1.326584295,43.388662318,39.387338565
0x000fb2cc,"nrf_crypto_ecdsa_verify",7,0x000f9658,"nrf_crypto_hash_init",0.142831583,-0.354635772,43.388662318,31.379879909
0x000fb2cc,"nrf_crypto_ecdsa_verify",8,0x000f9994,"dfu_observer",0.127604503,-0.363256324,43.388662318,43.557018114
0x000fb2cc,"nrf_crypto_ecdsa_verify",9,0x000f9148,"sdh_request_observer_notify",0.135299222,-0.502027940,43.388662318,32.420161189
0x000fb2cc,"nrf_crypto_ecdsa_verify",10,0x000fc420,"nrf_cc310_bl_ecdsa_verify_hash_secp256r1",0.161789496,-1.162952530,43.388662318,89.135840673
0x000fb2cc,"nrf_crypto_ecdsa_verify",11,0x000fa3e0,"pb_dec_bytes",0.116115005,-1.501173961,43.388662318,44.315128121
0x000fb2cc,"nrf_crypto_ecdsa_verify",12,0x000fa3a0,"pb_dec_string",0.114406755,-1.501173961,43.388662318,45.467570049
0x000fb320,"nrf_crypto_hash_finalize",1,0x000f96b4,"nrf_crypto_hash_finalize",0.367980749,11.331825618,56.642490836,40.417589591
0x000fb320,"nrf_crypto_hash_finalize",2,0x000f9680,"nrf_crypto_hash_update",0.271412491,5.270606857,56.642490836,35.569951845
0x000fb320,"nrf_crypto_hash_finalize",3,0x000f96f0,"nrf_crypto_hash_calculate",0.296734439,4.488200292,56.642490836,27.590064527
0x000fb320,"nrf_crypto_hash_finalize",4,0x000f9604,"nrf_crypto_ecdsa_verify",0.210887202,3.098277097,56.642490836,44.609503286
0x000fb320,"nrf_crypto_hash_finalize",5,0x000fc584,"nrf_cc310_bl_ecdsa_verify_secp256r1",0.225597879,0.213195013,56.642490836,18.697918980
0x000fb320,"nrf_crypto_hash_finalize",6,0x000f9020,"cc310_bl_backend_init",0.185420628,-0.464239402,56.642490836,24.000797821
0x000fb320,"nrf_crypto_hash_finalize",7,0x000f987c,"nrf_dfu_set_adv_name_on_sys_evt",0.158616742,-1.104697471,56.642490836,34.690293882
0x000fb320,"nrf_crypto_hash_finalize",8,0x000fc3b4,"verify_context_ecdsa_verify_secp256r1",0.154021204,-2.175601692,56.642490836,20.594658968
0x000fb320,"nrf_crypto_hash_finalize",9,0x000fc638,"verify_context_hash_sha256",0.154021204,-2.175601692,56.642490836,20.594658968
0x000fb320,"nrf_crypto_hash_finalize",10,0x000f9584,"nrf_crypto_internal_ecc_key_output_prepare",0.140155242,-2.486882875,56.642490836,23.342888392
0x000fb320,"nrf_crypto_hash_finalize",11,0x000f9148,"sdh_request_observer_notify",0.113839458,-2.870071134,56.642490836,32.420161189
0x000fb320,"nrf_crypto_hash_finalize",12,0x000fcea0,"nrf_cc310_bl_hash_update_internal",0.144443946,-3.081074018,56.642490836,75.045901766
0x000fb38c,"nrf_crypto_hash_init",1,0x000f9658,"nrf_crypto_hash_init",0.643387648,19.424014630,34.127263129,31.379879909
0x000fb38c,"nrf_crypto_hash_init",2,0x000f9584,"nrf_crypto_internal_ecc_key_output_prepare",0.519595606,11.559174590,34.127263129,23.342888392
0x000fb38c,"nrf_crypto_hash_init",3,0x000fc3b4,"verify_context_ecdsa_verify_secp256r1",0.458417535,8.349216797,34.127263129,20.594658968
0x000fb38c,"nrf_crypto_hash_init",4,0x000fc638,"verify_context_hash_sha256",0.458417535,8.349216797,34.127263129,20.594658968
0x000fb38c,"nrf_crypto_hash_init",5,0x000f9724,"nrf_crypto_init",0.355401883,8.214726548,34.127263129,32.453061159
0x000fb38c,"nrf_crypto_hash_init",6,0x000f987c,"nrf_dfu_set_adv_name_on_sys_evt",0.319156120,7.764133725,34.127263129,34.690293882
0x000fb38c,"nrf_crypto_hash_init",7,0x000f959e,"nrf_crypto_internal_ecc_key_input_check",0.371416697,6.495051326,34.127263129,21.830400154
0x000fb38c,"nrf_crypto_hash_init",8,0x000f9680,"nrf_crypto_hash_update",0.292367519,6.354853532,34.127263129,35.569951845
0x000fb38c,"nrf_crypto_hash_init",9,0x000f95b6,"nrf_crypto_internal_ecc_raw_input_check",0.339677921,5.099071337,34.127263129,20.893639822
0x000fb38c,"nrf_crypto_hash_init",10,0x000f96b4,"nrf_crypto_hash_finalize",0.270990499,5.080721728,34.127263129,40.417589591
0x000fb38c,"nrf_crypto_hash_init",11,0x000f8ed8,"hash_result_get",0.261651711,4.702014151,34.127263129,38.446979493
0x000fb38c,"nrf_crypto_hash_init",12,0x000f8790,"nrf_fstorage_is_busy",0.239164081,3.505470737,34.127263129,53.518220228
0x000fb3b8,"nrf_crypto_hash_update",1,0x000f9680,"nrf_crypto_hash_update",0.326983902,8.001522911,35.455336855,35.569951845
0x000fb3b8,"nrf_crypto_hash_update",2,0x000f96b4,"nrf_crypto_hash_finalize",0.264226323,4.942861557,35.455336855,40.417589591
0x000fb3b8,"nrf_crypto_hash_update",3,0x000f9604,"nrf_crypto_ecdsa_verify",0.242123645,4.695304607,35.455336855,44.609503286
0x000fb3b8,"nrf_crypto_hash_update",4,0x000f987c,"nrf_dfu_set_adv_name_on_sys_evt",0.209078263,3.449897999,35.455336855,34.690293882
0x000fb3b8,"nrf_crypto_hash_update",5,0x000fc420,"nrf_cc310_bl_ecdsa_verify_hash_secp256r1",0.226708004,3.055856282,35.455336855,89.135840673
0x000fb3b8,"nrf_crypto_hash_update",6,0x000fc584,"nrf_cc310_bl_ecdsa_verify_secp256r1",0.295829024,2.362586339,35.455336855,18.697918980
0x000fb3b8,"nrf_crypto_hash_update",7,0x000f9584,"nrf_crypto_internal_ecc_key_output_prepare",0.225974483,1.841301670,35.455336855,23.342888392
0x000fb3b8,"nrf_crypto_hash_update",8,0x000f95cc,"nrf_crypto_ecc_public_key_from_raw",0.141640842,0.933679048,35.455336855,39.387338565
0x000fb3b8,"nrf_crypto_hash_update",9,0x000f9f24,"sd_activate",0.166614885,0.705047651,35.455336855,51.234137998
0x000fb3b8,"nrf_crypto_hash_update",10,0x000f9020,"cc310_bl_backend_init",0.190812757,0.655144108,35.455336855,24.000797821
0x000fb3b8,"nrf_crypto_hash_update",11,0x000fb6f4,"settings_write",0.131997637,0.384489175,35.455336855,42.795878234
0x000fb3b8,"nrf_crypto_hash_update",12,0x000f8ed8,"hash_result_get",0.159021436,0.292569774,35.455336855,38.446979493
0x000fb3e8,"nrf_crypto_init",1,0x000f9724,"nrf_crypto_init",0.521694820,15.840165637,39.152603881,32.453061159
0x000fb3e8,"nrf_crypto_init",2,0x000fb9cc,"nrf_dfu_transports_init",0.279089477,6.181179624,39.152603881,31.431685470
0x000fb3e8,"nrf_crypto_init",3,0x000fb9fc,"nrf_dfu_transports_close",0.279089477,6.181179624,39.152603881,31.431685470
0x000fb3e8,"nrf_crypto_init",4,0x000fc7c4,"PkaSetRegsMapTab",0.165258086,2.662309536,39.152603881,37.264814671
0x000fb3e8,"nrf_crypto_init",5,0x000f9658,"nrf_crypto_hash_init",0.177047041,1.915848985,39.152603881,31.379879909
0x000fb3e8,"nrf_crypto_init",6,0x000fd888,"__libc_init_array",0.148070588,1.009497988,39.152603881,34.661576447
0x000fb3e8,"nrf_crypto_init",7,0x000f975c,"nrf_crypto_internal_swap_endian_in_place",0.127662053,-0.279551277,39.152603881,29.145400264
0x000fb3e8,"nrf_crypto_init",8,0x000f9774,"nrf_crypto_internal_swap_endian",0.135418773,-0.314670162,39.152603881,26.570915745
0x000fb3e8,"nrf_crypto_init",9,0x000fd8d0,"memcmp",0.098874106,-0.424307892,39.152603881,37.212197940
0x000fb3e8,"nrf_crypto_init",10,0x000fd908,"memset",0.161105314,-0.490264586,39.152603881,20.537093130
0x000fb3e8,"nrf_crypto_init",11,0x000f82bc,"Reset_Handler",0.122127888,-0.670140086,39.152603881,26.461217820
0x000fb3e8,"nrf_crypto_init",12,0x000fce84,"CRYS_COMMON_ReverseMemcpy32",0.100644140,-1.260468057,39.152603881,43.234176672
0x000fb428,"nrf_crypto_internal_double_swap_endian",1,0x000f978a,"nrf_crypto_internal_double_swap_endian",0.321180280,6.332596343,14.399686497,13.996232483
0x000fb428,"nrf_crypto_internal_double_swap_endian",2,0x000f97a2,"nrf_crypto_internal_double_swap_endian_in_place",0.337726207,5.038270740,14.399686497,13.232857116
0x000fb428,"nrf_crypto_internal_double_swap_endian",3,0x000f9b6c,"nrf_bootloader_app_start",0.324479801,4.871388967,14.399686497,12.872793677
0x000fb428,"nrf_crypto_internal_double_swap_endian",4,0x000f8f24,"cc310_bl_backend_hash_sha256_init",0.149919655,4.345880125,14.399686497,13.889053703
0x000fb428,"nrf_crypto_internal_double_swap_endian",5,0x000fb900,"nrf_dfu_settings_progress_reset",0.157436236,3.051554521,14.399686497,13.154645564
0x000fb428,"nrf_crypto_internal_double_swap_endian",6,0x000fa95e,"pb_decode",0.155048390,3.051554521,14.399686497,13.376410647
0x000fb428,"nrf_crypto_internal_double_swap_endian",7,0x000f8e40,"nrf_crypto_backend_secp256r1_public_key_from_raw",0.151853706,2.852487336,14.399686497,13.689627138
0x000fb428,"nrf_crypto_internal_double_swap_endian",8,0x000f9e1c,"nrf_bootloader_wdt_feed_timer_start",0.132399001,2.852487336,14.399686497,16.112391892
0x000fb428,"nrf_crypto_internal_double_swap_endian",9,0x000f8774,"nrf_fstorage_write",0.000000000,2.550378805,14.399686497,13.434864643
0x000fb428,"nrf_crypto_internal_double_swap_endian",10,0x000f8782,"nrf_fstorage_erase",0.000000000,2.550378805,14.399686497,13.434864643
0x000fb428,"nrf_crypto_internal_double_swap_endian",11,0x000f8c48,"nvmc_wait",0.000000000,2.550378805,14.399686497,14.328249014
0x000fb428,"nrf_crypto_internal_double_swap_endian",12,0x000f90e4,"bsp_board_leds_off",0.000000000,2.550378805,14.399686497,13.973586200
0x000fb442,"nrf_crypto_internal_double_swap_endian_in_place",1,0x000f97a2,"nrf_crypto_internal_double_swap_endian_in_place",0.589093893,8.975197779,12.989540627,13.232857116
0x000fb442,"nrf_crypto_internal_double_swap_endian_in_place",2,0x000f9b6c,"nrf_bootloader_app_start",0.355750953,6.645926932,12.989540627,12.872793677
0x000fb442,"nrf_crypto_internal_double_swap_endian_in_place",3,0x000f978a,"nrf_crypto_internal_double_swap_endian",0.352133446,5.038270740,12.989540627,13.996232483
0x000fb442,"nrf_crypto_internal_double_swap_endian_in_place",4,0x000fb900,"nrf_dfu_settings_progress_reset",0.172608867,4.793973159,12.989540627,13.154645564
0x000fb442,"nrf_crypto_internal_double_swap_endian_in_place",5,0x000fa95e,"pb_decode",0.169990897,4.793973159,12.989540627,13.376410647
0x000fb442,"nrf_crypto_internal_double_swap_endian_in_place",6,0x000f8968,"uninit",0.190650975,3.163859097,12.989540627,11.866338467
0x000fb442,"nrf_crypto_internal_double_swap_endian_in_place",7,0x000f8f24,"cc310_bl_backend_hash_sha256_init",0.164367890,3.051554521,12.989540627,13.889053703
0x000fb442,"nrf_crypto_internal_double_swap_endian_in_place",8,0x000f876c,"nrf_fstorage_init",0.000000000,2.966352513,12.989540627,12.977786468
0x000fb442,"nrf_crypto_internal_double_swap_endian_in_place",9,0x000f9070,"cc310_bl_backend_disable",0.000000000,2.966352513,12.989540627,13.234035506
0x000fb442,"nrf_crypto_internal_double_swap_endian_in_place",10,0x000fb36a,"nrf_dfu_mbr_init_sd",0.000000000,2.966352513,12.989540627,12.126692768
0x000fb442,"nrf_crypto_internal_double_swap_endian_in_place",11,0x000fb97c,"nrf_dfu_settings_adv_name_is_valid",0.000000000,2.966352513,12.989540627,13.175049138
0x000fb442,"nrf_crypto_internal_double_swap_endian_in_place",12,0x000fc004,"fw_hash_ok",0.000000000,2.966352513,12.989540627,12.383047125
0x000fb458,"nrf_crypto_internal_ecc_key_input_check",1,0x000f959e,"nrf_crypto_internal_ecc_key_input_check",0.649357163,13.293849361,21.129224176,21.830400154
0x000fb458,"nrf_crypto_internal_ecc_key_input_check",2,0x000f9584,"nrf_crypto_internal_ecc_key_output_prepare",0.602577512,12.309409124,21.129224176,23.342888392
0x000fb458,"nrf_crypto_internal_ecc_key_input_check",3,0x000fc3b4,"verify_context_ecdsa_verify_secp256r1",0.467051005,10.004813348,21.129224176,20.594658968
0x000fb458,"nrf_crypto_internal_ecc_key_input_check",4,0x000fc638,"verify_context_hash_sha256",0.467051005,10.004813348,21.129224176,20.594658968
0x000fb458,"nrf_crypto_internal_ecc_key_input_check",5,0x000f95b6,"nrf_crypto_internal_ecc_raw_input_check",0.403357949,8.629974867,21.129224176,20.893639822
0x000fb458,"nrf_crypto_internal_ecc_key_input_check",6,0x000f987c,"nrf_dfu_set_adv_name_on_sys_evt",0.469937182,8.303475890,21.129224176,34.690293882
0x000fb458,"nrf_crypto_internal_ecc_key_input_check",7,0x000fc790,"nrf_cc310_bl_init",0.353466156,7.174642902,21.129224176,24.207055109
0x000fb458,"nrf_crypto_internal_ecc_key_input_check",8,0x000f985c,"nrf_dfu_set_adv_name_handler",0.357630866,6.834399909,21.129224176,19.648848308
0x000fb458,"nrf_crypto_internal_ecc_key_input_check",9,0x000f9de4,"nrf_bootloader_dfu_inactivity_timer_restart",0.243593271,5.498272770,21.129224176,22.957625372
0x000fb458,"nrf_crypto_internal_ecc_key_input_check",10,0x000fcb08,"PkaFinishAndMutexUnlock",0.239008820,5.329698282,21.129224176,22.124799157
0x000fb458,"nrf_crypto_internal_ecc_key_input_check",11,0x000f93a0,"nrf_sdh_ble_app_ram_start_get",0.430359619,5.273280892,21.129224176,15.428501673
0x000fb458,"nrf_crypto_internal_ecc_key_input_check",12,0x000f92e0,"nrf_sdh_request_continue",0.232962542,3.582296551,21.129224176,25.722174830
0x000fb470,"nrf_crypto_internal_ecc_key_output_prepare",1,0x000f9584,"nrf_crypto_internal_ecc_key_output_prepare",1.000000000,23.342888392,23.342888392,23.342888392
0x000fb470,"nrf_crypto_internal_ecc_key_output_prepare",2,0x000f987c,"nrf_dfu_set_adv_name_on_sys_evt",0.420093681,7.920737627,23.342888392,34.690293882
0x000fb470,"nrf_crypto_internal_ecc_key_output_prepare",3,0x000f959e,"nrf_crypto_internal_ecc_key_input_check",0.365398099,7.451770004,23.342888392,21.830400154
0x000fb470,"nrf_crypto_internal_ecc_key_output_prepare",4,0x000fc3b4,"verify_context_ecdsa_verify_secp256r1",0.380563073,7.164809776,23.342888392,20.594658968
0x000fb470,"nrf_crypto_internal_ecc_key_output_prepare",5,0x000fc638,"verify_context_hash_sha256",0.380563073,7.164809776,23.342888392,20.594658968
0x000fb470,"nrf_crypto_internal_ecc_key_output_prepare",6,0x000f95b6,"nrf_crypto_internal_ecc_raw_input_check",0.376721380,7.164809776,23.342888392,20.893639822
0x000fb470,"nrf_crypto_internal_ecc_key_output_prepare",7,0x000f985c,"nrf_dfu_set_adv_name_handler",0.379297409,6.658906127,23.342888392,19.648848308
0x000fb470,"nrf_crypto_internal_ecc_key_output_prepare",8,0x000f9658,"nrf_crypto_hash_init",0.317021179,5.621236676,23.342888392,31.379879909
0x000fb470,"nrf_crypto_internal_ecc_key_output_prepare",9,0x000fc790,"nrf_cc310_bl_init",0.252844740,4.931005875,23.342888392,24.207055109
0x000fb470,"nrf_crypto_internal_ecc_key_output_prepare",10,0x000f93a0,"nrf_sdh_ble_app_ram_start_get",0.401939939,4.334596299,23.342888392,15.428501673
0x000fb470,"nrf_crypto_internal_ecc_key_output_prepare",11,0x000f92e0,"nrf_sdh_request_continue",0.217578383,4.072269893,23.342888392,25.722174830
0x000fb470,"nrf_crypto_internal_ecc_key_output_prepare",12,0x000f9de4,"nrf_bootloader_dfu_inactivity_timer_restart",0.227507090,4.052873418,23.342888392,22.957625372
0x000fb48a,"nrf_crypto_internal_ecc_raw_input_check",1,0x000f95b6,"nrf_crypto_internal_ecc_raw_input_check",0.626760875,12.275267311,20.192463844,20.893639822
0x000fb48a,"nrf_crypto_internal_ecc_raw_input_check",2,0x000f9584,"nrf_crypto_internal_ecc_key_output_prepare",0.622159364,12.022448895,20.192463844,23.342888392
0x000fb48a,"nrf_crypto_internal_ecc_raw_input_check",3,0x000f987c,"nrf_dfu_set_adv_name_on_sys_evt",0.485208645,8.285146428,20.192463844,34.690293882
0x000fb48a,"nrf_crypto_internal_ecc_raw_input_check",4,0x000fc3b4,"verify_context_ecdsa_verify_secp256r1",0.420712793,8.239695113,20.192463844,20.594658968
0x000fb48a,"nrf_crypto_internal_ecc_raw_input_check",5,0x000fc638,"verify_context_hash_sha256",0.420712793,8.239695113,20.192463844,20.594658968
0x000fb48a,"nrf_crypto_internal_ecc_raw_input_check",6,0x000f985c,"nrf_dfu_set_adv_name_handler",0.369252732,7.671537339,20.192463844,19.648848308
0x000fb48a,"nrf_crypto_internal_ecc_raw_input_check",7,0x000f959e,"nrf_crypto_internal_ecc_key_input_check",0.403947903,7.512374775,20.192463844,21.830400154
0x000fb48a,"nrf_crypto_internal_ecc_raw_input_check",8,0x000fc790,"nrf_cc310_bl_init",0.364952681,6.839712893,20.192463844,24.207055109
0x000fb48a,"nrf_crypto_internal_ecc_raw_input_check",9,0x000f93a0,"nrf_sdh_ble_app_ram_start_get",0.444344937,5.852119508,20.192463844,15.428501673
0x000fb48a,"nrf_crypto_internal_ecc_raw_input_check",10,0x000f9de4,"nrf_bootloader_dfu_inactivity_timer_restart",0.251509277,5.107993015,20.192463844,22.957625372
0x000fb48a,"nrf_crypto_internal_ecc_raw_input_check",11,0x000fcb08,"PkaFinishAndMutexUnlock",0.246775846,4.939418527,20.192463844,22.124799157
0x000fb48a,"nrf_crypto_internal_ecc_raw_input_check",12,0x000fc658,"nrf_cc310_bl_hash_sha256_init",0.195536510,4.358907167,20.192463844,20.628690448
0x000fb4a0,"nrf_crypto_internal_swap_endian",1,0x000fd908,"memset",0.590932726,11.962399861,25.198191360,20.537093130
0x000fb4a0,"nrf_crypto_internal_swap_endian",2,0x000f975c,"nrf_crypto_internal_swap_endian_in_place",0.475076419,11.141801044,25.198191360,29.145400264
0x000fb4a0,"nrf_crypto_internal_swap_endian",3,0x000fd8ec,"memcpy",0.371117370,7.560440059,25.198191360,29.534490883
0x000fb4a0,"nrf_crypto_internal_swap_endian",4,0x000fd918,"strlen",0.356839948,7.405988468,25.198191360,22.927287501
0x000fb4a0,"nrf_crypto_internal_swap_endian",5,0x000f9774,"nrf_crypto_internal_swap_endian",0.295902380,6.159134292,25.198191360,26.570915745
0x000fb4a0,"nrf_crypto_internal_swap_endian",6,0x000f9178,"sdh_state_observer_notify",0.198208656,3.686001876,25.198191360,24.423210600
0x000fb4a0,"nrf_crypto_internal_swap_endian",7,0x000f930c,"nrf_sdh_evts_poll",0.198208656,3.686001876,25.198191360,24.423210600
0x000fb4a0,"nrf_crypto_internal_swap_endian",8,0x000f9334,"SWI2_EGU2_IRQHandler",0.197911299,3.686001876,25.198191360,24.478583622
0x000fb4a0,"nrf_crypto_internal_swap_endian",9,0x000fa324,"pb_message_set_to_defaults",0.184756433,3.686001876,25.198191360,27.202209184
0x000fb4a0,"nrf_crypto_internal_swap_endian",10,0x000fc910,"PkaSetRegsSizesTab",0.199662174,3.552573386,25.198191360,22.442562969
0x000fb4a0,"nrf_crypto_internal_swap_endian",11,0x000faa84,"dfu_observer",0.124876545,2.534609239,25.198191360,24.346816371
0x000fb4a0,"nrf_crypto_internal_swap_endian",12,0x000f84e0,"crc32_compute",0.249568680,2.476598616,25.198191360,54.149857603
0x000fb4b6,"nrf_crypto_internal_swap_endian_in_place",1,0x000f975c,"nrf_crypto_internal_swap_endian_in_place",0.441910320,11.557703403,28.186515519,29.145400264
0x000fb4b6,"nrf_crypto_internal_swap_endian_in_place",2,0x000fd908,"memset",0.549678451,10.841481985,28.186515519,20.537093130
0x000fb4b6,"nrf_crypto_internal_swap_endian_in_place",3,0x000f9774,"nrf_crypto_internal_swap_endian",0.342428885,8.559929828,28.186515519,26.570915745
0x000fb4b6,"nrf_crypto_internal_swap_endian_in_place",4,0x000fd8ec,"memcpy",0.345208874,7.910501544,28.186515519,29.534490883
0x000fb4b6,"nrf_crypto_internal_swap_endian_in_place",5,0x000fd918,"strlen",0.331928189,6.220937429,28.186515519,22.927287501
0x000fb4b6,"nrf_crypto_internal_swap_endian_in_place",6,0x000f9178,"sdh_state_observer_notify",0.184371287,3.299956978,28.186515519,24.423210600
0x000fb4b6,"nrf_crypto_internal_swap_endian_in_place",7,0x000f930c,"nrf_sdh_evts_poll",0.184371287,3.299956978,28.186515519,24.423210600
0x000fb4b6,"nrf_crypto_internal_swap_endian_in_place",8,0x000f9334,"SWI2_EGU2_IRQHandler",0.184094689,3.299956978,28.186515519,24.478583622
0x000fb4b6,"nrf_crypto_internal_swap_endian_in_place",9,0x000fa324,"pb_message_set_to_defaults",0.171858192,3.299956978,28.186515519,27.202209184
0x000fb4b6,"nrf_crypto_internal_swap_endian_in_place",10,0x000fc910,"PkaSetRegsSizesTab",0.185723332,2.384729129,28.186515519,22.442562969
0x000fb4b6,"nrf_crypto_internal_swap_endian_in_place",11,0x000f84e0,"crc32_compute",0.232145758,2.251887064,28.186515519,54.149857603
0x000fb4b6,"nrf_crypto_internal_swap_endian_in_place",12,0x000fd888,"__libc_init_array",0.195528879,1.228713712,28.186515519,34.661576447
0x000fb4d0,"nrf_dfu_bank0_start_addr",1,0x000f985c,"nrf_dfu_set_adv_name_handler",0.205812755,4.589327401,22.069003999,19.648848308
0x000fb4d0,"nrf_dfu_bank0_start_addr",2,0x000f91a0,"softdevice_evt_irq_disable",0.198581587,4.134472943,22.069003999,20.660240445
0x000fb4d0,"nrf_dfu_bank0_start_addr",3,0x000fba44,"nrf_dfu_bank0_start_addr",0.243856060,4.089045106,22.069003999,18.512561266
0x000fb4d0,"nrf_dfu_bank0_start_addr",4,0x000f9de4,"nrf_bootloader_dfu_inactivity_timer_restart",0.180965036,3.704045230,22.069003999,22.957625372
0x000fb4d0,"nrf_dfu_bank0_start_addr",5,0x000fc790,"nrf_cc310_bl_init",0.192088741,3.290857078,22.069003999,24.207055109
0x000fb4d0,"nrf_dfu_bank0_start_addr",6,0x000f8c20,"nrf52_errata_98",0.119310660,2.948782588,22.069003999,21.829653284
0x000fb4d0,"nrf_dfu_bank0_start_addr",7,0x000fb2cc,"dfu_fstorage_evt_handler",0.131240230,2.917394028,22.069003999,18.656314793
0x000fb4d0,"nrf_dfu_bank0_start_addr",8,0x000fb3a0,"ext_err_code_handle",0.114872529,2.917394028,22.069003999,22.516963153
0x000fb4d0,"nrf_dfu_bank0_start_addr",9,0x000f93a0,"nrf_sdh_ble_app_ram_start_get",0.247667377,2.769909569,22.069003999,15.428501673
0x000fb4d0,"nrf_dfu_bank0_start_addr",10,0x000f8b04,"nrf_fstorage_sdh_state_handler",0.133167808,2.554426458,22.069003999,19.529411617
0x000fb4d0,"nrf_dfu_bank0_start_addr",11,0x000fb698,"nrf_dfu_req_handler_on_req",0.132758585,2.462539570,22.069003999,18.368693562
0x000fb4d0,"nrf_dfu_bank0_start_addr",12,0x000fc3b4,"verify_context_ecdsa_verify_secp256r1",0.122208465,2.098786979,22.069003999,20.594658968
0x000fb4f8,"nrf_dfu_bank1_start_addr",1,0x000fba70,"nrf_dfu_bank1_start_addr",0.268754071,2.341391561,24.077949529,15.798820028
0x000fb4f8,"nrf_dfu_bank1_start_addr",2,0x000f9de4,"nrf_bootloader_dfu_inactivity_timer_restart",0.063727158,1.243821100,24.077949529,22.957625372
0x000fb4f8,"nrf_dfu_bank1_start_addr",3,0x000f8c20,"nrf52_errata_98",0.065959950,0.853541346,24.077949529,21.829653284
0x000fb4f8,"nrf_dfu_bank1_start_addr",4,0x000f9020,"cc310_bl_backend_init",0.056000598,0.382124514,24.077949529,24.000797821
0x000fb4f8,"nrf_dfu_bank1_start_addr",5,0x000fba44,"nrf_dfu_bank0_start_addr",0.074195673,0.072981837,24.077949529,18.512561266
0x000fb4f8,"nrf_dfu_bank1_start_addr",6,0x000f94e8,"nrf_nvmc_page_erase",0.061994474,-0.026289682,24.077949529,20.871725082
0x000fb4f8,"nrf_dfu_bank1_start_addr",7,0x000fc584,"nrf_cc310_bl_ecdsa_verify_secp256r1",0.066684004,-0.032516638,24.077949529,18.697918980
0x000fb4f8,"nrf_dfu_bank1_start_addr",8,0x000f8b24,"queue_start",0.000000000,-0.361437151,24.077949529,22.787069649
0x000fb4f8,"nrf_dfu_bank1_start_addr",9,0x000f95b6,"nrf_crypto_internal_ecc_raw_input_check",0.000000000,-0.361437151,24.077949529,20.893639822
0x000fb4f8,"nrf_dfu_bank1_start_addr",10,0x000fa030,"nrf_bootloader_mbr_addrs_populate",0.000000000,-0.361437151,24.077949529,23.196136331
0x000fb4f8,"nrf_dfu_bank1_start_addr",11,0x000fc3b4,"verify_context_ecdsa_verify_secp256r1",0.000000000,-0.361437151,24.077949529,20.594658968
0x000fb4f8,"nrf_dfu_bank1_start_addr",12,0x000fc638,"verify_context_hash_sha256",0.000000000,-0.361437151,24.077949529,20.594658968
0x000fb518,"nrf_dfu_bank_invalidate",1,0x000fa420,"pb_istream_from_buffer",0.231490550,5.273522194,16.423475532,16.348298473
0x000fb518,"nrf_dfu_bank_invalidate",2,0x000f985c,"nrf_dfu_set_adv_name_handler",0.237497360,3.009221811,16.423475532,19.648848308
0x000fb518,"nrf_dfu_bank_invalidate",3,0x000fb348,"nrf_dfu_mbr_copy_bl",0.136854278,3.006368867,16.423475532,15.951893824
0x000fb518,"nrf_dfu_bank_invalidate",4,0x000fbd3c,"crypto_init",0.134983729,3.006368867,16.423475532,16.229349774
0x000fb518,"nrf_dfu_bank_invalidate",5,0x000f8e40,"nrf_crypto_backend_secp256r1_public_key_from_raw",0.155711823,2.271690693,16.423475532,13.689627138
0x000fb518,"nrf_dfu_bank_invalidate",6,0x000fba44,"nrf_dfu_bank0_start_addr",0.097731238,1.891229994,16.423475532,18.512561266
0x000fb518,"nrf_dfu_bank_invalidate",7,0x000fab30,"response_send",0.162294144,1.537012520,16.423475532,13.079303673
0x000fb518,"nrf_dfu_bank_invalidate",8,0x000faa44,"pb_decode_fixed32",0.059572014,1.472323526,16.423475532,19.127269137
0x000fb518,"nrf_dfu_bank_invalidate",9,0x000f9e1c,"nrf_bootloader_wdt_feed_timer_start",0.108722635,1.471302485,16.423475532,16.112391892
0x000fb518,"nrf_dfu_bank_invalidate",10,0x000f9484,"nrf_sdh_ble_enable",0.000000000,1.302457681,16.423475532,17.384406865
0x000fb518,"nrf_dfu_bank_invalidate",11,0x000f9518,"nrf_nvmc_write_word",0.000000000,1.302457681,16.423475532,19.455287611
0x000fb518,"nrf_dfu_bank_invalidate",12,0x000f9b90,"jump_to_addr",0.000000000,1.302457681,16.423475532,18.701983586
0x000fb52c,"nrf_dfu_cache_prepare",1,0x000fba98,"nrf_dfu_cache_prepare",0.193207965,1.428340695,103.658903032,84.877406723
0x000fb52c,"nrf_dfu_cache_prepare",2,0x000f987c,"nrf_dfu_set_adv_name_on_sys_evt",0.123367173,-3.868556566,103.658903032,34.690293882
0x000fb52c,"nrf_dfu_cache_prepare",3,0x000fbd78,"nrf_dfu_validation_signature_check",0.133426046,-4.162952444,103.658903032,55.664865506
0x000fb52c,"nrf_dfu_cache_prepare",4,0x000f9f24,"sd_activate",0.118331563,-4.491310705,103.658903032,51.234137998
0x000fb52c,"nrf_dfu_cache_prepare",5,0x000f8ed8,"hash_result_get",0.116003577,-4.847375888,103.658903032,38.446979493
0x000fb52c,"nrf_dfu_cache_prepare",6,0x000f95b6,"nrf_crypto_internal_ecc_raw_input_check",0.099859029,-4.941908344,103.658903032,20.893639822
0x000fb52c,"nrf_dfu_cache_prepare",7,0x000f959e,"nrf_crypto_internal_ecc_key_input_check",0.096857522,-5.186613175,103.658903032,21.830400154
0x000fb52c,"nrf_dfu_cache_prepare",8,0x000f9680,"nrf_crypto_hash_update",0.101736637,-5.850088407,103.658903032,35.569951845
0x000fb52c,"nrf_dfu_cache_prepare",9,0x000f82e4,"NMI_Handler",0.073323532,-6.142167702,103.658903032,8.766523578
0x000fb52c,"nrf_dfu_cache_prepare",10,0x000f82e6,"HardFault_Handler",0.073323532,-6.142167702,103.658903032,8.766523578
0x000fb52c,"nrf_dfu_cache_prepare",11,0x000f82e8,"MemoryManagement_Handler",0.073323532,-6.142167702,103.658903032,8.766523578
0x000fb52c,"nrf_dfu_cache_prepare",12,0x000f82ea,"BusFault_Handler",0.073323532,-6.142167702,103.658903032,8.766523578
0x000fb5c4,"nrf_dfu_command_req",1,0x000fc00c,"nrf_dfu_validation_boot_validate",0.267386567,7.630034231,92.840305126,51.910000644
0x000fb5c4,"nrf_dfu_command_req",2,0x000fb430,"nrf_dfu_req_handler_req",0.180442490,4.823595079,92.840305126,293.447225744
0x000fb5c4,"nrf_dfu_command_req",3,0x000fb2cc,"dfu_fstorage_evt_handler",0.184248335,-1.054220243,92.840305126,18.656314793
0x000fb5c4,"nrf_dfu_command_req",4,0x000fc5ac,"set_digest_in_hw_sha256",0.176335714,-1.811951218,92.840305126,14.698052713
0x000fb5c4,"nrf_dfu_command_req",5,0x000f887c,"write",0.142852827,-2.475145257,92.840305126,32.639553966
0x000fb5c4,"nrf_dfu_command_req",6,0x000f8988,"init",0.145276562,-2.609278666,92.840305126,24.973033380
0x000fb5c4,"nrf_dfu_command_req",7,0x000f98a2,"nrf_dfu_set_adv_name_on_call",0.138735622,-3.972922670,92.840305126,41.881896894
0x000fb5c4,"nrf_dfu_command_req",8,0x000fb8c4,"nrf_dfu_settings_write_and_backup",0.119166847,-4.315025866,92.840305126,17.935554343
0x000fb5c4,"nrf_dfu_command_req",9,0x000f881c,"erase",0.123103009,-4.417019185,92.840305126,41.869569817
0x000fb5c4,"nrf_dfu_command_req",10,0x000fa5d6,"pb_make_string_substream",0.093171200,-4.776991090,92.840305126,41.905001897
0x000fb5c4,"nrf_dfu_command_req",11,0x000faaa8,"nrf_dfu_init",0.101704314,-5.043228589,92.840305126,22.382412976
0x000fb5c4,"nrf_dfu_command_req",12,0x000fb698,"nrf_dfu_req_handler_on_req",0.095388341,-5.080883846,92.840305126,18.368693562
0x000fc4dc,"nrf_dfu_data_object_create",1,0x000fc584,"nrf_cc310_bl_ecdsa_verify_secp256r1",0.190434117,-1.545919290,77.067560648,18.697918980
0x000fc4dc,"nrf_dfu_data_object_create",2,0x000f9020,"cc310_bl_backend_init",0.173407404,-1.561220575,77.067560648,24.000797821
0x000fc4dc,"nrf_dfu_data_object_create",3,0x000fa97e,"pb_dec_submessage",0.164378552,-1.632668016,77.067560648,42.615906139
0x000fc4dc,"nrf_dfu_data_object_create",4,0x000fa5d6,"pb_make_string_substream",0.153869047,-3.371772826,77.067560648,41.905001897
0x000fc4dc,"nrf_dfu_data_object_create",5,0x000fa1b6,"pb_field_iter_find",0.127643920,-3.954214682,77.067560648,36.710176325
0x000fc4dc,"nrf_dfu_data_object_create",6,0x000fb2cc,"dfu_fstorage_evt_handler",0.125605984,-3.962639245,77.067560648,18.656314793
0x000fc4dc,"nrf_dfu_data_object_create",7,0x000f9f24,"sd_activate",0.132546943,-4.224672373,77.067560648,51.234137998
0x000fc4dc,"nrf_dfu_data_object_create",8,0x000fc110,"postvalidate",0.143344290,-4.426812720,77.067560648,228.721801946
0x000fc4dc,"nrf_dfu_data_object_create",9,0x000fb430,"nrf_dfu_req_handler_req",0.147071970,-4.735164499,77.067560648,293.447225744
0x000fc4dc,"nrf_dfu_data_object_create",10,0x000fc5ac,"set_digest_in_hw_sha256",0.142890421,-4.906928387,77.067560648,14.698052713
0x000fc4dc,"nrf_dfu_data_object_create",11,0x000fa550,"pb_decode_tag",0.112432950,-5.011842598,77.067560648,43.443756798
0x000fc4dc,"nrf_dfu_data_object_create",12,0x000f8bf2,"nrf_section_iter_next",0.108216639,-5.028258144,77.067560648,28.822381645
0x000fc5c8,"nrf_dfu_data_object_write",1,0x000fa5d6,"pb_make_string_substream",0.163968437,-1.190040588,80.392338526,41.905001897
0x000fc5c8,"nrf_dfu_data_object_write",2,0x000fc110,"postvalidate",0.170138304,-1.297069856,80.392338526,228.721801946
0x000fc5c8,"nrf_dfu_data_object_write",3,0x000fc5ac,"set_digest_in_hw_sha256",0.199774800,-1.778593111,80.392338526,14.698052713
0x000fc5c8,"nrf_dfu_data_object_write",4,0x000fc584,"nrf_cc310_bl_ecdsa_verify_secp256r1",0.186129417,-2.312443041,80.392338526,18.697918980
0x000fc5c8,"nrf_dfu_data_object_write",5,0x000f88d8,"event_send",0.164788028,-2.435841055,80.392338526,51.342429642
0x000fc5c8,"nrf_dfu_data_object_write",6,0x000f8582,"nrf_atfifo_item_alloc",0.171653768,-2.995882345,80.392338526,67.340170572
0x000fc5c8,"nrf_dfu_data_object_write",7,0x000fa110,"pb_field_iter_begin",0.142732632,-3.028069724,80.392338526,31.757283148
0x000fc5c8,"nrf_dfu_data_object_write",8,0x000f85f6,"nrf_atfifo_item_get",0.171000586,-3.071485724,80.392338526,65.243848374
0x000fc5c8,"nrf_dfu_data_object_write",9,0x000f9020,"cc310_bl_backend_init",0.145073402,-3.764488617,80.392338526,24.000797821
0x000fc5c8,"nrf_dfu_data_object_write",10,0x000fb2cc,"dfu_fstorage_evt_handler",0.143715434,-4.143184882,80.392338526,18.656314793
0x000fc5c8,"nrf_dfu_data_object_write",11,0x000fa97e,"pb_dec_submessage",0.135940664,-4.355536056,80.392338526,42.615906139
0x000fc5c8,"nrf_dfu_data_object_write",12,0x000f98d4,"nrf_svc_handler_c",0.155536447,-4.817671817,80.392338526,61.942299705
0x000fb658,"nrf_dfu_data_req",1,0x000fc00c,"nrf_dfu_validation_boot_validate",0.283678040,7.457169540,76.618437926,51.910000644
0x000fb658,"nrf_dfu_data_req",2,0x000f98a2,"nrf_dfu_set_adv_name_on_call",0.151058194,-3.222074580,76.618437926,41.881896894
0x000fb658,"nrf_dfu_data_req",3,0x000f8a60,"nrf_fstorage_sys_evt_handler",0.158256845,-3.400595960,76.618437926,109.470564857
0x000fb658,"nrf_dfu_data_req",4,0x000f8e40,"nrf_crypto_backend_secp256r1_public_key_from_raw",0.077289221,-5.432193705,76.618437926,13.689627138
0x000fb658,"nrf_dfu_data_req",5,0x000fc5ac,"set_digest_in_hw_sha256",0.100776390,-5.662775225,76.618437926,14.698052713
0x000fb658,"nrf_dfu_data_req",6,0x000fc5e4,"read_digest_in_hw_sha256",0.079698881,-5.662775225,76.618437926,19.901186018
0x000fb658,"nrf_dfu_data_req",7,0x000f97dc,"dfu_observer",0.098733571,-5.670349996,76.618437926,34.937296525
0x000fb658,"nrf_dfu_data_req",8,0x000f8be0,"nrf_section_iter_init",0.077016438,-5.769108238,76.618437926,21.981283081
0x000fb658,"nrf_dfu_data_req",9,0x000fa420,"pb_istream_from_buffer",0.066614062,-5.876470509,76.618437926,16.348298473
0x000fb658,"nrf_dfu_data_req",10,0x000fab30,"response_send",0.062326959,-6.048854606,76.618437926,13.079303673
0x000fb658,"nrf_dfu_data_req",11,0x000f9944,"ble_srv_is_notification_enabled",0.064969774,-6.161905206,76.618437926,11.393337701
0x000fb658,"nrf_dfu_data_req",12,0x000fb2cc,"dfu_fstorage_evt_handler",0.072921111,-6.163630736,76.618437926,18.656314793
0x000fb6cc,"nrf_dfu_flash_erase",1,0x000f981c,"app_error_fault_handler",0.279990482,5.551358401,10.133091162,9.202545620
0x000fb6cc,"nrf_dfu_flash_erase",2,0x000f9822,"app_error_handler_bare",0.279990482,5.551358401,10.133091162,9.202545620
0x000fb6cc,"nrf_dfu_flash_erase",3,0x000f87fc,"uninit",0.251557098,5.551358401,10.133091162,9.965084063
0x000fb6cc,"nrf_dfu_flash_erase",4,0x000f86b2,"nrf_atomic_flag_set_fetch",0.247998903,5.551358401,10.133091162,10.079396111
0x000fb6cc,"nrf_dfu_flash_erase",5,0x000f86b8,"nrf_atomic_flag_clear",0.247998903,5.551358401,10.133091162,10.079396111
0x000fb6cc,"nrf_dfu_flash_erase",6,0x000fab70,"on_flash_write",0.247998903,5.551358401,10.133091162,10.079396111
0x000fb6cc,"nrf_dfu_flash_erase",7,0x000fb8b8,"nrf_dfu_settings_backup",0.247998903,5.551358401,10.133091162,10.079396111
0x000fb6cc,"nrf_dfu_flash_erase",8,0x000f880c,"read",0.246378844,5.551358401,10.133091162,10.133091162
0x000fb6cc,"nrf_dfu_flash_erase",9,0x000f8958,"read",0.246378844,5.551358401,10.133091162,10.133091162
0x000fb6cc,"nrf_dfu_flash_erase",10,0x000fb2fc,"nrf_dfu_flash_store",0.246378844,5.551358401,10.133091162,10.133091162
0x000fb6cc,"nrf_dfu_flash_erase",11,0x000fb318,"nrf_dfu_flash_erase",0.246378844,5.551358401,10.133091162,10.133091162
0x000fb6cc,"nrf_dfu_flash_erase",12,0x000fb8a4,"settings_backup",0.246378844,5.551358401,10.133091162,10.133091162
0x000fb6dc,"nrf_dfu_flash_init",1,0x000fb2d8,"nrf_dfu_flash_init",0.545251142,9.691227482,15.961589256,15.470655266
0x000fb6dc,"nrf_dfu_flash_init",2,0x000f93a0,"nrf_sdh_ble_app_ram_start_get",0.290815718,6.143249472,15.961589256,15.428501673
0x000fb6dc,"nrf_dfu_flash_init",3,0x000fd860,"exit",0.215415614,4.999749659,15.961589256,16.571403855
0x000fb6dc,"nrf_dfu_flash_init",4,0x000fb964,"nrf_dfu_settings_adv_name_copy",0.275336756,4.952448433,15.961589256,16.517275992
0x000fb6dc,"nrf_dfu_flash_init",5,0x000fa0fc,"nrf_bootloader_wdt_feed",0.082548651,3.041391533,15.961589256,15.132416731
0x000fb6dc,"nrf_dfu_flash_init",6,0x000f9390,"nrf_sdh_ble_evts_poll",0.079234247,3.041391533,15.961589256,15.911585613
0x000fb6dc,"nrf_dfu_flash_init",7,0x000f985c,"nrf_dfu_set_adv_name_handler",0.241669229,2.539489335,15.961589256,19.648848308
0x000fb6dc,"nrf_dfu_flash_init",8,0x000fc658,"nrf_cc310_bl_hash_sha256_init",0.233429739,2.539489335,15.961589256,20.628690448
0x000fb6dc,"nrf_dfu_flash_init",9,0x000fba44,"nrf_dfu_bank0_start_addr",0.164931033,2.505387638,15.961589256,18.512561266
0x000fb6dc,"nrf_dfu_flash_init",10,0x000f8200,"__do_global_dtors_aux",0.082745080,2.166801502,15.961589256,15.089155543
0x000fb6dc,"nrf_dfu_flash_init",11,0x000fc3b4,"verify_context_ecdsa_verify_secp256r1",0.233701916,1.973004307,15.961589256,20.594658968
0x000fb6dc,"nrf_dfu_flash_init",12,0x000fc638,"verify_context_hash_sha256",0.233701916,1.973004307,15.961589256,20.594658968
0x000fb6f8,"nrf_dfu_flash_store",1,0x000f981c,"app_error_fault_handler",0.279990482,5.551358401,10.133091162,9.202545620
0x000fb6f8,"nrf_dfu_flash_store",2,0x000f9822,"app_error_handler_bare",0.279990482,5.551358401,10.133091162,9.202545620
0x000fb6f8,"nrf_dfu_flash_store",3,0x000f87fc,"uninit",0.251557098,5.551358401,10.133091162,9.965084063
0x000fb6f8,"nrf_dfu_flash_store",4,0x000f86b2,"nrf_atomic_flag_set_fetch",0.247998903,5.551358401,10.133091162,10.079396111
0x000fb6f8,"nrf_dfu_flash_store",5,0x000f86b8,"nrf_atomic_flag_clear",0.247998903,5.551358401,10.133091162,10.079396111
0x000fb6f8,"nrf_dfu_flash_store",6,0x000fab70,"on_flash_write",0.247998903,5.551358401,10.133091162,10.079396111
0x000fb6f8,"nrf_dfu_flash_store",7,0x000fb8b8,"nrf_dfu_settings_backup",0.247998903,5.551358401,10.133091162,10.079396111
0x000fb6f8,"nrf_dfu_flash_store",8,0x000f880c,"read",0.246378844,5.551358401,10.133091162,10.133091162
0x000fb6f8,"nrf_dfu_flash_store",9,0x000f8958,"read",0.246378844,5.551358401,10.133091162,10.133091162
0x000fb6f8,"nrf_dfu_flash_store",10,0x000fb2fc,"nrf_dfu_flash_store",0.246378844,5.551358401,10.133091162,10.133091162
0x000fb6f8,"nrf_dfu_flash_store",11,0x000fb318,"nrf_dfu_flash_erase",0.246378844,5.551358401,10.133091162,10.133091162
0x000fb6f8,"nrf_dfu_flash_store",12,0x000fb8a4,"settings_backup",0.246378844,5.551358401,10.133091162,10.133091162
0x000fb710,"nrf_dfu_init",1,0x000fc790,"nrf_cc310_bl_init",0.233633599,1.872630062,60.735422457,24.207055109
0x000fb710,"nrf_dfu_init",2,0x000faaa8,"nrf_dfu_init",0.206373060,0.502721402,60.735422457,22.382412976
0x000fb710,"nrf_dfu_init",3,0x000f9f24,"sd_activate",0.137118551,-1.201455401,60.735422457,51.234137998
0x000fb710,"nrf_dfu_init",4,0x000fc584,"nrf_cc310_bl_ecdsa_verify_secp256r1",0.175007289,-1.237630432,60.735422457,18.697918980
0x000fb710,"nrf_dfu_init",5,0x000fa0b0,"nrf_bootloader_wdt_init",0.141722152,-1.243210614,60.735422457,34.810676806
0x000fb710,"nrf_dfu_init",6,0x000f8b24,"queue_start",0.160099546,-1.396374736,60.735422457,22.787069649
0x000fb710,"nrf_dfu_init",7,0x000f8c20,"nrf52_errata_98",0.150125458,-1.697525672,60.735422457,21.829653284
0x000fb710,"nrf_dfu_init",8,0x000f9020,"cc310_bl_backend_init",0.137964688,-2.051282356,60.735422457,24.000797821
0x000fb710,"nrf_dfu_init",9,0x000f91cc,"softdevices_evt_irq_enable",0.128036252,-2.188416694,60.735422457,32.291932928
0x000fb710,"nrf_dfu_init",10,0x000fb8c4,"nrf_dfu_settings_write_and_backup",0.150105380,-2.321774336,60.735422457,17.935554343
0x000fb710,"nrf_dfu_init",11,0x000f8988,"init",0.119037278,-2.985651057,60.735422457,24.973033380
0x000fb710,"nrf_dfu_init",12,0x000fb8e4,"nrf_dfu_settings_init",0.112287635,-3.118426402,60.735422457,27.321323295
0x000fcc2c,"nrf_dfu_init_command_decode_callback",1,0x000fbb90,"pb_decoding_callback",0.283216319,7.322560772,55.114158926,45.326959377
0x000fcc2c,"nrf_dfu_init_command_decode_callback",2,0x000fa1e4,"buf_read",0.236529657,2.938867135,55.114158926,32.420387120
0x000fcc2c,"nrf_dfu_init_command_decode_callback",3,0x000fbbdc,"is_major_softdevice_update",0.163147697,0.022061936,55.114158926,47.159693795
0x000fcc2c,"nrf_dfu_init_command_decode_callback",4,0x000fa1b6,"pb_field_iter_find",0.140296339,-1.294567949,55.114158926,36.710176325
0x000fcc2c,"nrf_dfu_init_command_decode_callback",5,0x000fa0b0,"nrf_bootloader_wdt_init",0.154321381,-1.386484330,55.114158926,34.810676806
0x000fcc2c,"nrf_dfu_init_command_decode_callback",6,0x000f8a60,"nrf_fstorage_sys_evt_handler",0.164128798,-1.615514455,55.114158926,109.470564857
0x000fcc2c,"nrf_dfu_init_command_decode_callback",7,0x000f9ca4,"timer_init",0.165011652,-1.676019909,55.114158926,31.199830201
0x000fcc2c,"nrf_dfu_init_command_decode_callback",8,0x000f88d8,"event_send",0.149122374,-2.218127649,55.114158926,51.342429642
0x000fcc2c,"nrf_dfu_init_command_decode_callback",9,0x000fb2cc,"dfu_fstorage_evt_handler",0.146094950,-2.246396271,55.114158926,18.656314793
0x000fcc2c,"nrf_dfu_init_command_decode_callback",10,0x000fc5ac,"set_digest_in_hw_sha256",0.178595733,-2.483079920,55.114158926,14.698052713
0x000fcc2c,"nrf_dfu_init_command_decode_callback",11,0x000f9680,"nrf_crypto_hash_update",0.127517879,-2.761360295,55.114158926,35.569951845
0x000fcc2c,"nrf_dfu_init_command_decode_callback",12,0x000f8be0,"nrf_section_iter_init",0.118449016,-2.859453987,55.114158926,21.981283081
0x000fb73c,"nrf_dfu_init_user",1,0x000f87e8,"wmap",1.000000000,8.228918894,8.228918894,8.228918894
0x000fb73c,"nrf_dfu_init_user",2,0x000f892e,"wmap",1.000000000,8.228918894,8.228918894,8.228918894
0x000fb73c,"nrf_dfu_init_user",3,0x000f99e8,"nrf_dfu_init_user",1.000000000,8.228918894,8.228918894,8.228918894
0x000fb73c,"nrf_dfu_init_user",4,0x000fba90,"nrf_dfu_softdevice_start_address",1.000000000,8.228918894,8.228918894,8.228918894
0x000fb73c,"nrf_dfu_init_user",5,0x000f8240,"_stack_init",0.440148133,6.121474264,8.228918894,8.379975367
0x000fb73c,"nrf_dfu_init_user",6,0x000fd92c,"_init",0.440148133,6.121474264,8.228918894,8.379975367
0x000fb73c,"nrf_dfu_init_user",7,0x000fd938,"_fini",0.440148133,6.121474264,8.228918894,8.379975367
0x000fb73c,"nrf_dfu_init_user",8,0x000f87e4,"rmap",0.423256041,6.121474264,8.228918894,8.572937276
0x000fb73c,"nrf_dfu_init_user",9,0x000f892a,"rmap",0.423256041,6.121474264,8.228918894,8.572937276
0x000fb73c,"nrf_dfu_init_user",10,0x000f9300,"nrf_sdh_is_enabled",0.423256041,6.121474264,8.228918894,8.572937276
0x000fb73c,"nrf_dfu_init_user",11,0x000fbf18,"nrf_dfu_validation_init_cmd_present",0.423256041,6.121474264,8.228918894,8.572937276
0x000fb73c,"nrf_dfu_init_user",12,0x000fb384,"nrf_dfu_mbr_irq_forward_address_set",0.774373233,4.518484028,8.228918894,9.710465577
0x000fb740,"nrf_dfu_mbr_copy_bl",1,0x000f87d8,"init",0.362435949,6.401757109,10.822893239,10.611468972
0x000fb740,"nrf_dfu_mbr_copy_bl",2,0x000f88d0,"sd_flash_write",0.575808206,5.125403216,10.822893239,10.126636686
0x000fb740,"nrf_dfu_mbr_copy_bl",3,0x000f88d4,"sd_flash_page_erase",0.575808206,5.125403216,10.822893239,10.126636686
0x000fb740,"nrf_dfu_mbr_copy_bl",4,0x000f9140,"sd_softdevice_enable",0.575808206,5.125403216,10.822893239,10.126636686
0x000fb740,"nrf_dfu_mbr_copy_bl",5,0x000f9144,"sd_softdevice_disable",0.575808206,5.125403216,10.822893239,10.126636686
0x000fb740,"nrf_dfu_mbr_copy_bl",6,0x000f9338,"sd_ble_enable",0.575808206,5.125403216,10.822893239,10.126636686
0x000fb740,"nrf_dfu_mbr_copy_bl",7,0x000f933c,"sd_ble_cfg_set",0.575808206,5.125403216,10.822893239,10.126636686
0x000fb740,"nrf_dfu_mbr_copy_bl",8,0x000f9340,"sd_ble_evt_get",0.575808206,5.125403216,10.822893239,10.126636686
0x000fb740,"nrf_dfu_mbr_copy_bl",9,0x000f9498,"sd_evt_get",0.575808206,5.125403216,10.822893239,10.126636686
0x000fb740,"nrf_dfu_mbr_copy_bl",10,0x000f994c,"sd_app_evt_wait",0.575808206,5.125403216,10.822893239,10.126636686
0x000fb740,"nrf_dfu_mbr_copy_bl",11,0x000faad0,"sd_ble_gap_addr_set",0.575808206,5.125403216,10.822893239,10.126636686
0x000fb740,"nrf_dfu_mbr_copy_bl",12,0x000faad4,"sd_ble_gap_addr_get",0.575808206,5.125403216,10.822893239,10.126636686
0x000fb758,"nrf_dfu_mbr_init_sd",1,0x000f87d8,"init",0.362435949,6.401757109,10.822893239,10.611468972
0x000fb758,"nrf_dfu_mbr_init_sd",2,0x000f88d0,"sd_flash_write",0.575808206,5.125403216,10.822893239,10.126636686
0x000fb758,"nrf_dfu_mbr_init_sd",3,0x000f88d4,"sd_flash_page_erase",0.575808206,5.125403216,10.822893239,10.126636686
0x000fb758,"nrf_dfu_mbr_init_sd",4,0x000f9140,"sd_softdevice_enable",0.575808206,5.125403216,10.822893239,10.126636686
0x000fb758,"nrf_dfu_mbr_init_sd",5,0x000f9144,"sd_softdevice_disable",0.575808206,5.125403216,10.822893239,10.126636686
0x000fb758,"nrf_dfu_mbr_init_sd",6,0x000f9338,"sd_ble_enable",0.575808206,5.125403216,10.822893239,10.126636686
0x000fb758,"nrf_dfu_mbr_init_sd",7,0x000f933c,"sd_ble_cfg_set",0.575808206,5.125403216,10.822893239,10.126636686
0x000fb758,"nrf_dfu_mbr_init_sd",8,0x000f9340,"sd_ble_evt_get",0.575808206,5.125403216,10.822893239,10.126636686
0x000fb758,"nrf_dfu_mbr_init_sd",9,0x000f9498,"sd_evt_get",0.575808206,5.125403216,10.822893239,10.126636686
0x000fb758,"nrf_dfu_mbr_init_sd",10,0x000f994c,"sd_app_evt_wait",0.575808206,5.125403216,10.822893239,10.126636686
0x000fb758,"nrf_dfu_mbr_init_sd",11,0x000faad0,"sd_ble_gap_addr_set",0.575808206,5.125403216,10.822893239,10.126636686
0x000fb758,"nrf_dfu_mbr_init_sd",12,0x000faad4,"sd_ble_gap_addr_get",0.575808206,5.125403216,10.822893239,10.126636686
0x000fb770,"nrf_dfu_mbr_irq_forward_address_set",1,0x000fb384,"nrf_dfu_mbr_irq_forward_address_set",1.000000000,9.710465577,9.710465577,9.710465577
0x000fb770,"nrf_dfu_mbr_irq_forward_address_set",2,0x000f9010,"cc310_bl_backend_uninit",0.659786756,7.763617578,9.710465577,9.861522050
0x000fb770,"nrf_dfu_mbr_irq_forward_address_set",3,0x000fa098,"WDT_IRQHandler",0.659786756,7.763617578,9.710465577,9.861522050
0x000fb770,"nrf_dfu_mbr_irq_forward_address_set",4,0x000fb328,"ext_error_set",0.593892224,7.491751924,9.710465577,9.782618304
0x000fb770,"nrf_dfu_mbr_irq_forward_address_set",5,0x000f8c0c,"nrf52_errata_36",0.273260419,5.544903925,9.710465577,9.697243372
0x000fb770,"nrf_dfu_mbr_irq_forward_address_set",6,0x000f9054,"cc310_bl_backend_enable",0.264899926,5.544903925,9.710465577,9.933674777
0x000fb770,"nrf_dfu_mbr_irq_forward_address_set",7,0x000f9950,"flash_write_callback",0.264899926,5.544903925,9.710465577,9.933674777
0x000fb770,"nrf_dfu_mbr_irq_forward_address_set",8,0x000f9e40,"flash_write_callback",0.264899926,5.544903925,9.710465577,9.933674777
0x000fb770,"nrf_dfu_mbr_irq_forward_address_set",9,0x000fd7f0,"SaSi_HalClearInterruptBit",0.264899926,5.544903925,9.710465577,9.933674777
0x000fb770,"nrf_dfu_mbr_irq_forward_address_set",10,0x000fd7fc,"SaSi_HalMaskInterrupt",0.264899926,5.544903925,9.710465577,9.933674777
0x000fb770,"nrf_dfu_mbr_irq_forward_address_set",11,0x000fd83c,"CRYPTOCELL_IRQHandler",0.264899926,5.544903925,9.710465577,9.933674777
0x000fb770,"nrf_dfu_mbr_irq_forward_address_set",12,0x000f8224,"frame_dummy",0.259945077,5.544903925,9.710465577,10.084687428
0x000fa950,"nrf_dfu_observer",1,0x000faa84,"dfu_observer",0.387897208,7.976799330,28.004557317,24.346816371
0x000fa950,"nrf_dfu_observer",2,0x000f9584,"nrf_crypto_internal_ecc_key_output_prepare",0.304819220,6.346379267,28.004557317,23.342888392
0x000fa950,"nrf_dfu_observer",3,0x000f9658,"nrf_crypto_hash_init",0.251952924,4.653283883,28.004557317,31.379879909
0x000fa950,"nrf_dfu_observer",4,0x000fbea8,"nrf_dfu_validation_init_cmd_create",0.178063883,3.388090837,28.004557317,25.968053209
0x000fa950,"nrf_dfu_observer",5,0x000f959e,"nrf_crypto_internal_ecc_key_input_check",0.199997989,2.972188478,28.004557317,21.830400154
0x000fa950,"nrf_dfu_observer",6,0x000fc3b4,"verify_context_ecdsa_verify_secp256r1",0.208298427,2.764237298,28.004557317,20.594658968
0x000fa950,"nrf_dfu_observer",7,0x000fc638,"verify_context_hash_sha256",0.208298427,2.764237298,28.004557317,20.594658968
0x000fa950,"nrf_dfu_observer",8,0x000f95b6,"nrf_crypto_internal_ecc_raw_input_check",0.206195704,2.764237298,28.004557317,20.893639822
0x000fa950,"nrf_dfu_observer",9,0x000fcb08,"PkaFinishAndMutexUnlock",0.198162723,2.764237298,28.004557317,22.124799157
0x000fa950,"nrf_dfu_observer",10,0x000fb92c,"nrf_dfu_settings_adv_name_write",0.163109216,2.449077618,28.004557317,29.795569392
0x000fa950,"nrf_dfu_observer",11,0x000f9178,"sdh_state_observer_notify",0.163755003,2.272229881,28.004557317,24.423210600
0x000fa950,"nrf_dfu_observer",12,0x000f930c,"nrf_sdh_evts_poll",0.163755003,2.272229881,28.004557317,24.423210600
0x000fb7c0,"nrf_dfu_req_handler_on_req",1,0x000fb698,"nrf_dfu_req_handler_on_req",0.622854706,12.196879721,18.368693562,18.368693562
0x000fb7c0,"nrf_dfu_req_handler_on_req",2,0x000fb2cc,"dfu_fstorage_evt_handler",0.421087030,7.841692169,18.368693562,18.656314793
0x000fb7c0,"nrf_dfu_req_handler_on_req",3,0x000f985c,"nrf_dfu_set_adv_name_handler",0.292907847,5.387651834,18.368693562,19.648848308
0x000fb7c0,"nrf_dfu_req_handler_on_req",4,0x000fb3a0,"ext_err_code_handle",0.214756845,4.155916494,18.368693562,22.516963153
0x000fb7c0,"nrf_dfu_req_handler_on_req",5,0x000f93a0,"nrf_sdh_ble_app_ram_start_get",0.287941036,3.494340914,18.368693562,15.428501673
0x000fb7c0,"nrf_dfu_req_handler_on_req",6,0x000fa0fc,"nrf_bootloader_wdt_feed",0.288884029,3.455134151,18.368693562,15.132416731
0x000fb7c0,"nrf_dfu_req_handler_on_req",7,0x000f9390,"nrf_sdh_ble_evts_poll",0.277285069,3.455134151,18.368693562,15.911585613
0x000fb7c0,"nrf_dfu_req_handler_on_req",8,0x000fc3b4,"verify_context_ecdsa_verify_secp256r1",0.231391797,3.434914118,18.368693562,20.594658968
0x000fb7c0,"nrf_dfu_req_handler_on_req",9,0x000fc638,"verify_context_hash_sha256",0.231391797,3.434914118,18.368693562,20.594658968
0x000fb7c0,"nrf_dfu_req_handler_on_req",10,0x000f95b6,"nrf_crypto_internal_ecc_raw_input_check",0.229055953,3.434914118,18.368693562,20.893639822
0x000fb7c0,"nrf_dfu_req_handler_on_req",11,0x000f9584,"nrf_crypto_internal_ecc_key_output_prepare",0.259827469,3.382505601,18.368693562,23.342888392
0x000fb7c0,"nrf_dfu_req_handler_on_req",12,0x000f91a0,"softdevice_evt_irq_disable",0.138995033,3.347967430,18.368693562,20.660240445
0x000fb7d8,"nrf_dfu_req_handler_req_process",1,0x000fc00c,"nrf_dfu_validation_boot_validate",0.289443550,9.266733048,86.999093551,51.910000644
0x000fb7d8,"nrf_dfu_req_handler_req_process",2,0x000fb430,"nrf_dfu_req_handler_req",0.203361474,8.820225052,86.999093551,293.447225744
0x000fb7d8,"nrf_dfu_req_handler_req_process",3,0x000f98a2,"nrf_dfu_set_adv_name_on_call",0.190666077,0.207401190,86.999093551,41.881896894
0x000fb7d8,"nrf_dfu_req_handler_req_process",4,0x000f9020,"cc310_bl_backend_init",0.138451629,-2.707692695,86.999093551,24.000797821
0x000fb7d8,"nrf_dfu_req_handler_req_process",5,0x000fa97e,"pb_dec_submessage",0.123883443,-2.929305189,86.999093551,42.615906139
0x000fb7d8,"nrf_dfu_req_handler_req_process",6,0x000fc584,"nrf_cc310_bl_ecdsa_verify_secp256r1",0.137003715,-3.133202433,86.999093551,18.697918980
0x000fb7d8,"nrf_dfu_req_handler_req_process",7,0x000fc5ac,"set_digest_in_hw_sha256",0.149196667,-3.415306244,86.999093551,14.698052713
0x000fb7d8,"nrf_dfu_req_handler_req_process",8,0x000f9344,"nrf_sdh_ble_evts_poll",0.098717976,-4.609581781,86.999093551,40.977641877
0x000fb7d8,"nrf_dfu_req_handler_req_process",9,0x000f95cc,"nrf_crypto_ecc_public_key_from_raw",0.104065274,-4.847349284,86.999093551,39.387338565
0x000fb7d8,"nrf_dfu_req_handler_req_process",10,0x000fa5d6,"pb_make_string_substream",0.107695024,-4.973389321,86.999093551,41.905001897
0x000fb7d8,"nrf_dfu_req_handler_req_process",11,0x000fb2cc,"dfu_fstorage_evt_handler",0.089181306,-5.120334165,86.999093551,18.656314793
0x000fb7d8,"nrf_dfu_req_handler_req_process",12,0x000f949c,"nrf_sdh_soc_evts_poll",0.094599138,-5.205250733,86.999093551,38.413477544
0x000fb868,"nrf_dfu_set_adv_name_handler",1,0x000f985c,"nrf_dfu_set_adv_name_handler",0.671167778,13.763397560,19.913311861,19.648848308
0x000fb868,"nrf_dfu_set_adv_name_handler",2,0x000f93a0,"nrf_sdh_ble_app_ram_start_get",0.551519940,7.524052880,19.913311861,15.428501673
0x000fb868,"nrf_dfu_set_adv_name_handler",3,0x000fc3b4,"verify_context_ecdsa_verify_secp256r1",0.360646135,6.834399909,19.913311861,20.594658968
0x000fb868,"nrf_dfu_set_adv_name_handler",4,0x000fc638,"verify_context_hash_sha256",0.360646135,6.834399909,19.913311861,20.594658968
0x000fb868,"nrf_dfu_set_adv_name_handler",5,0x000f95b6,"nrf_crypto_internal_ecc_raw_input_check",0.357005498,6.834399909,19.913311861,20.893639822
0x000fb868,"nrf_dfu_set_adv_name_handler",6,0x000f9584,"nrf_crypto_internal_ecc_key_output_prepare",0.375672715,6.658906127,19.913311861,23.342888392
0x000fb868,"nrf_dfu_set_adv_name_handler",7,0x000f959e,"nrf_crypto_internal_ecc_key_input_check",0.346274827,6.112373966,19.913311861,21.830400154
0x000fb868,"nrf_dfu_set_adv_name_handler",8,0x000fc658,"nrf_cc310_bl_hash_sha256_init",0.246326826,5.551435743,19.913311861,20.628690448
0x000fb868,"nrf_dfu_set_adv_name_handler",9,0x000fb698,"nrf_dfu_req_handler_on_req",0.290108721,5.387651834,19.913311861,18.368693562
0x000fb868,"nrf_dfu_set_adv_name_handler",10,0x000fb2cc,"dfu_fstorage_evt_handler",0.246063007,5.302451177,19.913311861,18.656314793
0x000fb868,"nrf_dfu_set_adv_name_handler",11,0x000f9de4,"nrf_bootloader_dfu_inactivity_timer_restart",0.254021606,5.107993015,19.913311861,22.957625372
0x000fb868,"nrf_dfu_set_adv_name_handler",12,0x000f91a0,"softdevice_evt_irq_disable",0.213421777,4.134472943,19.913311861,20.660240445
0x000fb8e4,"nrf_dfu_settings_additional_erase",1,0x000f8c20,"nrf52_errata_98",0.165949069,2.304511587,25.555900308,21.829653284
0x000fb8e4,"nrf_dfu_settings_additional_erase",2,0x000fc790,"nrf_cc310_bl_init",0.095599834,1.283056662,25.555900308,24.207055109
0x000fb8e4,"nrf_dfu_settings_additional_erase",3,0x000f9de4,"nrf_bootloader_dfu_inactivity_timer_restart",0.104485356,1.094821681,25.555900308,22.957625372
0x000fb8e4,"nrf_dfu_settings_additional_erase",4,0x000fbed8,"nrf_dfu_validation_init_cmd_append",0.091024551,0.999751927,25.555900308,28.340777790
0x000fb8e4,"nrf_dfu_settings_additional_erase",5,0x000fb8e4,"nrf_dfu_settings_init",0.075549922,0.828781410,25.555900308,27.321323295
0x000fb8e4,"nrf_dfu_settings_additional_erase",6,0x000fb2cc,"dfu_fstorage_evt_handler",0.117180828,0.748509000,25.555900308,18.656314793
0x000fb8e4,"nrf_dfu_settings_additional_erase",7,0x000fb698,"nrf_dfu_req_handler_on_req",0.118536526,0.461548772,25.555900308,18.368693562
0x000fb8e4,"nrf_dfu_settings_additional_erase",8,0x000fba44,"nrf_dfu_bank0_start_addr",0.121649255,0.233940995,25.555900308,18.512561266
0x000fb8e4,"nrf_dfu_settings_additional_erase",9,0x000f9584,"nrf_crypto_internal_ecc_key_output_prepare",0.042731902,0.073366756,25.555900308,23.342888392
0x000fb8e4,"nrf_dfu_settings_additional_erase",10,0x000f959e,"nrf_crypto_internal_ecc_key_input_check",0.044727922,-0.213593473,25.555900308,21.830400154
0x000fb8e4,"nrf_dfu_settings_additional_erase",11,0x000f8be0,"nrf_section_iter_init",0.044516148,-0.213593473,25.555900308,21.981283081
0x000fb8e4,"nrf_dfu_settings_additional_erase",12,0x000faa84,"dfu_observer",0.041545679,-0.213593473,25.555900308,24.346816371
0x000fb918,"nrf_dfu_settings_adv_name_copy",1,0x000f93a0,"nrf_sdh_ble_app_ram_start_get",0.544640345,9.536177960,15.449945225,15.428501673
0x000fb918,"nrf_dfu_settings_adv_name_copy",2,0x000fa0fc,"nrf_bootloader_wdt_feed",0.330539979,6.395113258,15.449945225,15.132416731
0x000fb918,"nrf_dfu_settings_adv_name_copy",3,0x000f9390,"nrf_sdh_ble_evts_poll",0.317268495,6.395113258,15.449945225,15.911585613
0x000fb918,"nrf_dfu_settings_adv_name_copy",4,0x000fb2d8,"nrf_dfu_flash_init",0.297926714,6.143249472,15.449945225,15.470655266
0x000fb918,"nrf_dfu_settings_adv_name_copy",5,0x000f985c,"nrf_dfu_set_adv_name_handler",0.452598687,5.852119508,15.449945225,19.648848308
0x000fb918,"nrf_dfu_settings_adv_name_copy",6,0x000fc3b4,"verify_context_ecdsa_verify_secp256r1",0.437677485,5.273280892,15.449945225,20.594658968
0x000fb918,"nrf_dfu_settings_adv_name_copy",7,0x000fc638,"verify_context_hash_sha256",0.437677485,5.273280892,15.449945225,20.594658968
0x000fb918,"nrf_dfu_settings_adv_name_copy",8,0x000f95b6,"nrf_crypto_internal_ecc_raw_input_check",0.433259236,5.273280892,15.449945225,20.893639822
0x000fb918,"nrf_dfu_settings_adv_name_copy",9,0x000fb698,"nrf_dfu_req_handler_on_req",0.398442739,5.195017685,15.449945225,18.368693562
0x000fb918,"nrf_dfu_settings_adv_name_copy",10,0x000fb964,"nrf_dfu_settings_adv_name_copy",0.282699760,4.952448433,15.449945225,16.517275992
0x000fb918,"nrf_dfu_settings_adv_name_copy",11,0x000f959e,"nrf_crypto_internal_ecc_key_input_check",0.420236572,4.772653933,15.449945225,21.830400154
0x000fb918,"nrf_dfu_settings_adv_name_copy",12,0x000f9584,"nrf_crypto_internal_ecc_key_output_prepare",0.401483171,4.334596299,15.449945225,23.342888392
0x000fb950,"nrf_dfu_settings_adv_name_write",1,0x000fb92c,"nrf_dfu_settings_adv_name_write",0.342665615,8.016409885,35.582355262,29.795569392
0x000fb950,"nrf_dfu_settings_adv_name_write",2,0x000f9584,"nrf_crypto_internal_ecc_key_output_prepare",0.296463830,4.968992339,35.582355262,23.342888392
0x000fb950,"nrf_dfu_settings_adv_name_write",3,0x000f987c,"nrf_dfu_set_adv_name_on_sys_evt",0.206563689,3.353097534,35.582355262,34.690293882
0x000fb950,"nrf_dfu_settings_adv_name_write",4,0x000f9de4,"nrf_bootloader_dfu_inactivity_timer_restart",0.223988409,2.248977621,35.582355262,22.957625372
0x000fb950,"nrf_dfu_settings_adv_name_write",5,0x000f959e,"nrf_crypto_internal_ecc_key_input_check",0.222586038,2.102382831,35.582355262,21.830400154
0x000fb950,"nrf_dfu_settings_adv_name_write",6,0x000f9658,"nrf_crypto_hash_init",0.161623787,2.088442726,35.582355262,31.379879909
0x000fb950,"nrf_dfu_settings_adv_name_write",7,0x000fc3b4,"verify_context_ecdsa_verify_secp256r1",0.231823939,2.049014573,35.582355262,20.594658968
0x000fb950,"nrf_dfu_settings_adv_name_write",8,0x000fc638,"verify_context_hash_sha256",0.231823939,2.049014573,35.582355262,20.594658968
0x000fb950,"nrf_dfu_settings_adv_name_write",9,0x000f95b6,"nrf_crypto_internal_ecc_raw_input_check",0.229483732,2.049014573,35.582355262,20.893639822
0x000fb950,"nrf_dfu_settings_adv_name_write",10,0x000f985c,"nrf_dfu_set_adv_name_handler",0.228825498,1.776702895,35.582355262,19.648848308
0x000fb950,"nrf_dfu_settings_adv_name_write",11,0x000f92e0,"nrf_sdh_request_continue",0.165219213,0.925817384,35.582355262,25.722174830
0x000fb950,"nrf_dfu_settings_adv_name_write",12,0x000fbea8,"nrf_dfu_validation_init_cmd_create",0.153564559,0.667476403,35.582355262,25.968053209
0x000fb988,"nrf_dfu_settings_backup",1,0x000f981c,"app_error_fault_handler",0.279990482,5.551358401,10.133091162,9.202545620
0x000fb988,"nrf_dfu_settings_backup",2,0x000f9822,"app_error_handler_bare",0.279990482,5.551358401,10.133091162,9.202545620
0x000fb988,"nrf_dfu_settings_backup",3,0x000f87fc,"uninit",0.251557098,5.551358401,10.133091162,9.965084063
0x000fb988,"nrf_dfu_settings_backup",4,0x000f86b2,"nrf_atomic_flag_set_fetch",0.247998903,5.551358401,10.133091162,10.079396111
0x000fb988,"nrf_dfu_settings_backup",5,0x000f86b8,"nrf_atomic_flag_clear",0.247998903,5.551358401,10.133091162,10.079396111
0x000fb988,"nrf_dfu_settings_backup",6,0x000fab70,"on_flash_write",0.247998903,5.551358401,10.133091162,10.079396111
0x000fb988,"nrf_dfu_settings_backup",7,0x000fb8b8,"nrf_dfu_settings_backup",0.247998903,5.551358401,10.133091162,10.079396111
0x000fb988,"nrf_dfu_settings_backup",8,0x000f880c,"read",0.246378844,5.551358401,10.133091162,10.133091162
0x000fb988,"nrf_dfu_settings_backup",9,0x000f8958,"read",0.246378844,5.551358401,10.133091162,10.133091162
0x000fb988,"nrf_dfu_settings_backup",10,0x000fb2fc,"nrf_dfu_flash_store",0.246378844,5.551358401,10.133091162,10.133091162
0x000fb988,"nrf_dfu_settings_backup",11,0x000fb318,"nrf_dfu_flash_erase",0.246378844,5.551358401,10.133091162,10.133091162
0x000fb988,"nrf_dfu_settings_backup",12,0x000fb8a4,"settings_backup",0.246378844,5.551358401,10.133091162,10.133091162
0x000fb994,"nrf_dfu_settings_init",1,0x000fb8e4,"nrf_dfu_settings_init",0.733834308,19.185676213,25.868691181,27.321323295
0x000fb994,"nrf_dfu_settings_init",2,0x000fc584,"nrf_cc310_bl_ecdsa_verify_secp256r1",0.360224315,5.490941510,25.868691181,18.697918980
0x000fb994,"nrf_dfu_settings_init",3,0x000f8988,"init",0.246864552,5.231132189,25.868691181,24.973033380
0x000fb994,"nrf_dfu_settings_init",4,0x000f8b24,"queue_start",0.262454659,4.944171960,25.868691181,22.787069649
0x000fb994,"nrf_dfu_settings_init",5,0x000f9020,"cc310_bl_backend_init",0.232348380,4.832326885,25.868691181,24.000797821
0x000fb994,"nrf_dfu_settings_init",6,0x000f887c,"write",0.272964061,4.326786965,25.868691181,32.639553966
0x000fb994,"nrf_dfu_settings_init",7,0x000fb8c4,"nrf_dfu_settings_write_and_backup",0.311294899,3.796331045,25.868691181,17.935554343
0x000fb994,"nrf_dfu_settings_init",8,0x000faaa8,"nrf_dfu_init",0.212665993,3.221099478,25.868691181,22.382412976
0x000fb994,"nrf_dfu_settings_init",9,0x000fb1dc,"ble_dfu_transport_init",0.194305190,0.435039365,25.868691181,134.626939496
0x000fb994,"nrf_dfu_settings_init",10,0x000f96f0,"nrf_crypto_hash_calculate",0.046174962,0.242727686,25.868691181,27.590064527
0x000fb994,"nrf_dfu_settings_init",11,0x000f881c,"erase",0.179519312,0.091903895,25.868691181,41.869569817
0x000fb994,"nrf_dfu_settings_init",12,0x000f959e,"nrf_crypto_internal_ecc_key_input_check",0.059958183,0.062632984,25.868691181,21.830400154
0x000fb9b0,"nrf_dfu_settings_progress_reset",1,0x000f9e1c,"nrf_bootloader_wdt_feed_timer_start",0.236223047,5.575755026,15.673855496,16.112391892
0x000fb9b0,"nrf_dfu_settings_progress_reset",2,0x000f8e40,"nrf_crypto_backend_secp256r1_public_key_from_raw",0.141489342,3.906964041,15.673855496,13.689627138
0x000fb9b0,"nrf_dfu_settings_progress_reset",3,0x000f8f24,"cc310_bl_backend_hash_sha256_init",0.139687295,2.852487336,15.673855496,13.889053703
0x000fb9b0,"nrf_dfu_settings_progress_reset",4,0x000f978a,"nrf_crypto_internal_double_swap_endian",0.138746820,2.852487336,15.673855496,13.996232483
0x000fb9b0,"nrf_dfu_settings_progress_reset",5,0x000fb348,"nrf_dfu_mbr_copy_bl",0.124354217,2.599193520,15.673855496,15.951893824
0x000fb9b0,"nrf_dfu_settings_progress_reset",6,0x000f8200,"__do_global_dtors_aux",0.000000000,2.134405097,15.673855496,15.089155543
0x000fb9b0,"nrf_dfu_settings_progress_reset",7,0x000fb860,"nrf_dfu_settings_write",0.000000000,2.134405097,15.673855496,16.570089689
0x000fb9b0,"nrf_dfu_settings_progress_reset",8,0x000fba70,"nrf_dfu_bank1_start_addr",0.000000000,2.134405097,15.673855496,15.798820028
0x000fb9b0,"nrf_dfu_settings_progress_reset",9,0x000f9b6c,"nrf_bootloader_app_start",0.149672721,1.798010631,15.673855496,12.872793677
0x000fb9b0,"nrf_dfu_settings_progress_reset",10,0x000fb900,"nrf_dfu_settings_progress_reset",0.146690851,1.798010631,15.673855496,13.154645564
0x000fb9b0,"nrf_dfu_settings_progress_reset",11,0x000f97a2,"nrf_crypto_internal_double_swap_endian_in_place",0.145894503,1.798010631,15.673855496,13.232857116
0x000fb9b0,"nrf_dfu_settings_progress_reset",12,0x000fa95e,"pb_decode",0.144465982,1.798010631,15.673855496,13.376410647
0x000fb9d8,"nrf_dfu_settings_reinit",1,0x000fb744,"nrf_dfu_settings_reinit",0.233847912,4.805389838,95.241286362,104.120436085
0x000fb9d8,"nrf_dfu_settings_reinit",2,0x000fc3b4,"verify_context_ecdsa_verify_secp256r1",0.079721364,-6.359079933,95.241286362,20.594658968
0x000fb9d8,"nrf_dfu_settings_reinit",3,0x000fc638,"verify_context_hash_sha256",0.079721364,-6.359079933,95.241286362,20.594658968
0x000fb9d8,"nrf_dfu_settings_reinit",4,0x000f95b6,"nrf_crypto_internal_ecc_raw_input_check",0.078916596,-6.359079933,95.241286362,20.893639822
0x000fb9d8,"nrf_dfu_settings_reinit",5,0x000f959e,"nrf_crypto_internal_ecc_key_input_check",0.076544565,-6.605701364,95.241286362,21.830400154
0x000fb9d8,"nrf_dfu_settings_reinit",6,0x000f9e1c,"nrf_bootloader_wdt_feed_timer_start",0.037141797,-7.498508717,95.241286362,16.112391892
0x000fb9d8,"nrf_dfu_settings_reinit",7,0x000f9f24,"sd_activate",0.090746296,-7.544470253,95.241286362,51.234137998
0x000fb9d8,"nrf_dfu_settings_reinit",8,0x000fb2d8,"nrf_dfu_flash_init",0.036577429,-7.797527749,95.241286362,15.470655266
0x000fb9d8,"nrf_dfu_settings_reinit",9,0x000f8240,"_stack_init",0.000000000,-7.809738013,95.241286362,8.379975367
0x000fb9d8,"nrf_dfu_settings_reinit",10,0x000f82e4,"NMI_Handler",0.000000000,-7.809738013,95.241286362,8.766523578
0x000fb9d8,"nrf_dfu_settings_reinit",11,0x000f82e6,"HardFault_Handler",0.000000000,-7.809738013,95.241286362,8.766523578
0x000fb9d8,"nrf_dfu_settings_reinit",12,0x000f82e8,"MemoryManagement_Handler",0.000000000,-7.809738013,95.241286362,8.766523578
0x000fbaac,"nrf_dfu_settings_write",1,0x000fba44,"nrf_dfu_bank0_start_addr",0.079014369,1.558075140,21.941373952,18.512561266
0x000fbaac,"nrf_dfu_settings_write",2,0x000f8c20,"nrf52_errata_98",0.070243770,1.211117144,21.941373952,21.829653284
0x000fbaac,"nrf_dfu_settings_write",3,0x000fbd3c,"crypto_init",0.107287724,0.749546171,21.941373952,16.229349774
0x000fbaac,"nrf_dfu_settings_write",4,0x000f8682,"nrf_atomic_u32_fetch_or",0.000000000,0.470510265,21.941373952,21.597634049
0x000fbaac,"nrf_dfu_settings_write",5,0x000f869a,"nrf_atomic_u32_and",0.000000000,0.470510265,21.941373952,21.597634049
0x000fbaac,"nrf_dfu_settings_write",6,0x000f8b04,"nrf_fstorage_sdh_state_handler",0.000000000,0.470510265,21.941373952,19.529411617
0x000fbaac,"nrf_dfu_settings_write",7,0x000f91a0,"softdevice_evt_irq_disable",0.000000000,0.470510265,21.941373952,20.660240445
0x000fbaac,"nrf_dfu_settings_write",8,0x000fb698,"nrf_dfu_req_handler_on_req",0.000000000,0.470510265,21.941373952,18.368693562
0x000fbaac,"nrf_dfu_settings_write",9,0x000fd908,"memset",0.000000000,0.470510265,21.941373952,20.537093130
0x000fbaac,"nrf_dfu_settings_write",10,0x000f9de4,"nrf_bootloader_dfu_inactivity_timer_restart",0.067865968,0.463261591,21.941373952,22.957625372
0x000fbaac,"nrf_dfu_settings_write",11,0x000fb860,"nrf_dfu_settings_write",0.105542651,0.218376155,21.941373952,16.570089689
0x000fbaac,"nrf_dfu_settings_write",12,0x000f9e1c,"nrf_bootloader_wdt_feed_timer_start",0.087900763,-0.035434910,21.941373952,16.112391892
0x000fbae0,"nrf_dfu_settings_write_and_backup",1,0x000fb8c4,"nrf_dfu_settings_write_and_backup",0.869718973,15.858816805,17.935554343,17.935554343
0x000fbae0,"nrf_dfu_settings_write_and_backup",2,0x000f8b24,"queue_start",0.439103055,6.739041188,17.935554343,22.787069649
0x000fbae0,"nrf_dfu_settings_write_and_backup",3,0x000f8988,"init",0.409929827,6.136596031,17.935554343,24.973033380
0x000fbae0,"nrf_dfu_settings_write_and_backup",4,0x000f9484,"nrf_sdh_ble_enable",0.200046457,4.678459043,17.935554343,17.384406865
0x000fbae0,"nrf_dfu_settings_write_and_backup",5,0x000faaa8,"nrf_dfu_init",0.274430656,4.013516904,17.935554343,22.382412976
0x000fbae0,"nrf_dfu_settings_write_and_backup",6,0x000fb8e4,"nrf_dfu_settings_init",0.300498463,3.796331045,17.935554343,27.321323295
0x000fbae0,"nrf_dfu_settings_write_and_backup",7,0x000f887c,"write",0.348532691,3.690213375,17.935554343,32.639553966
0x000fbae0,"nrf_dfu_settings_write_and_backup",8,0x000f881c,"erase",0.300347033,2.185094061,17.935554343,41.869569817
0x000fbae0,"nrf_dfu_settings_write_and_backup",9,0x000fc584,"nrf_cc310_bl_ecdsa_verify_secp256r1",0.077708923,1.731966866,17.935554343,18.697918980
0x000fbae0,"nrf_dfu_settings_write_and_backup",10,0x000faa44,"pb_decode_fixed32",0.076426591,1.731966866,17.935554343,19.127269137
0x000fbae0,"nrf_dfu_settings_write_and_backup",11,0x000f8200,"__do_global_dtors_aux",0.132045710,1.730164674,17.935554343,15.089155543
0x000fbae0,"nrf_dfu_settings_write_and_backup",12,0x000f9518,"nrf_nvmc_write_word",0.000000000,1.302457681,17.935554343,19.455287611
0x000fbb00,"nrf_dfu_softdevice_start_address",1,0x000f87e8,"wmap",1.000000000,8.228918894,8.228918894,8.228918894
0x000fbb00,"nrf_dfu_softdevice_start_address",2,0x000f892e,"wmap",1.000000000,8.228918894,8.228918894,8.228918894
0x000fbb00,"nrf_dfu_softdevice_start_address",3,0x000f99e8,"nrf_dfu_init_user",1.000000000,8.228918894,8.228918894,8.228918894
0x000fbb00,"nrf_dfu_softdevice_start_address",4,0x000fba90,"nrf_dfu_softdevice_start_address",1.000000000,8.228918894,8.228918894,8.228918894
0x000fbb00,"nrf_dfu_softdevice_start_address",5,0x000f8240,"_stack_init",0.440148133,6.121474264,8.228918894,8.379975367
0x000fbb00,"nrf_dfu_softdevice_start_address",6,0x000fd92c,"_init",0.440148133,6.121474264,8.228918894,8.379975367
0x000fbb00,"nrf_dfu_softdevice_start_address",7,0x000fd938,"_fini",0.440148133,6.121474264,8.228918894,8.379975367
0x000fbb00,"nrf_dfu_softdevice_start_address",8,0x000f87e4,"rmap",0.423256041,6.121474264,8.228918894,8.572937276
0x000fbb00,"nrf_dfu_softdevice_start_address",9,0x000f892a,"rmap",0.423256041,6.121474264,8.228918894,8.572937276
0x000fbb00,"nrf_dfu_softdevice_start_address",10,0x000f9300,"nrf_sdh_is_enabled",0.423256041,6.121474264,8.228918894,8.572937276
0x000fbb00,"nrf_dfu_softdevice_start_address",11,0x000fbf18,"nrf_dfu_validation_init_cmd_present",0.423256041,6.121474264,8.228918894,8.572937276
0x000fbb00,"nrf_dfu_softdevice_start_address",12,0x000fb384,"nrf_dfu_mbr_irq_forward_address_set",0.774373233,4.518484028,8.228918894,9.710465577
0x000fbb08,"nrf_dfu_transports_close",1,0x000fb9cc,"nrf_dfu_transports_init",0.407814468,11.438733512,35.474639208,31.431685470
0x000fbb08,"nrf_dfu_transports_close",2,0x000fb9fc,"nrf_dfu_transports_close",0.407814468,11.438733512,35.474639208,31.431685470
0x000fbb08,"nrf_dfu_transports_close",3,0x000f9724,"nrf_crypto_init",0.238288628,5.638239514,35.474639208,32.453061159
0x000fbb08,"nrf_dfu_transports_close",4,0x000fc7c4,"PkaSetRegsMapTab",0.144005552,1.152084248,35.474639208,37.264814671
0x000fbb08,"nrf_dfu_transports_close",5,0x000fd888,"__libc_init_array",0.157040398,0.954509602,35.474639208,34.661576447
0x000fbb08,"nrf_dfu_transports_close",6,0x000f82bc,"Reset_Handler",0.129526143,0.400533351,35.474639208,26.461217820
0x000fbb08,"nrf_dfu_transports_close",7,0x000fd8d0,"memcmp",0.104863695,-0.074714967,35.474639208,37.212197940
0x000fbb08,"nrf_dfu_transports_close",8,0x000f9148,"sdh_request_observer_notify",0.081779240,-0.484210595,35.474639208,32.420161189
0x000fbb08,"nrf_dfu_transports_close",9,0x000f975c,"nrf_crypto_internal_swap_endian_in_place",0.099057856,-0.559519842,35.474639208,29.145400264
0x000fbb08,"nrf_dfu_transports_close",10,0x000f9774,"nrf_crypto_internal_swap_endian",0.105076590,-0.654600952,35.474639208,26.570915745
0x000fbb08,"nrf_dfu_transports_close",11,0x000f9544,"nrf_nvmc_write_words",0.085048949,-0.672617117,35.474639208,37.394697243
0x000fbb08,"nrf_dfu_transports_close",12,0x000fd808,"SaSi_HalWaitInterrupt",0.114480936,-1.034925390,35.474639208,23.331570503
0x000fbb3c,"nrf_dfu_transports_init",1,0x000fb9cc,"nrf_dfu_transports_init",0.419011441,11.946451579,33.920939798,31.431685470
0x000fbb3c,"nrf_dfu_transports_init",2,0x000fb9fc,"nrf_dfu_transports_close",0.419011441,11.946451579,33.920939798,31.431685470
0x000fbb3c,"nrf_dfu_transports_init",3,0x000f9724,"nrf_crypto_init",0.244831092,6.163059757,33.920939798,32.453061159
0x000fbb3c,"nrf_dfu_transports_init",4,0x000fc7c4,"PkaSetRegsMapTab",0.147959375,1.116965363,33.920939798,37.264814671
0x000fbb3c,"nrf_dfu_transports_init",5,0x000fd888,"__libc_init_array",0.161352107,0.936180140,33.920939798,34.661576447
0x000fbb3c,"nrf_dfu_transports_init",6,0x000f82bc,"Reset_Handler",0.133082419,0.822531322,33.920939798,26.461217820
0x000fbb3c,"nrf_dfu_transports_init",7,0x000f975c,"nrf_crypto_internal_swap_endian_in_place",0.101777593,-0.115831219,33.920939798,29.145400264
0x000fbb3c,"nrf_dfu_transports_init",8,0x000fd8d0,"memcmp",0.107742838,-0.128083225,33.920939798,37.212197940
0x000fbb3c,"nrf_dfu_transports_init",9,0x000f9774,"nrf_crypto_internal_swap_endian",0.107961578,-0.234897218,33.920939798,26.570915745
0x000fbb3c,"nrf_dfu_transports_init",10,0x000f9148,"sdh_request_observer_notify",0.084024575,-0.579291704,33.920939798,32.420161189
0x000fbb3c,"nrf_dfu_transports_init",11,0x000fd808,"SaSi_HalWaitInterrupt",0.117624130,-0.711161216,33.920939798,23.331570503
0x000fbb3c,"nrf_dfu_transports_init",12,0x000f9544,"nrf_nvmc_write_words",0.087384057,-0.745893781,33.920939798,37.394697243
0x000fbb76,"nrf_dfu_validation_boot_validate",1,0x000f987c,"nrf_dfu_set_adv_name_on_sys_evt",0.192733376,0.316675721,64.126949213,34.690293882
0x000fbb76,"nrf_dfu_validation_boot_validate",2,0x000fafc0,"ble_dfu_req_handler_callback",0.183655378,-0.946353202,64.126949213,104.447917083
0x000fbb76,"nrf_dfu_validation_boot_validate",3,0x000f98a2,"nrf_dfu_set_adv_name_on_call",0.125925302,-2.901753272,64.126949213,41.881896894
0x000fbb76,"nrf_dfu_validation_boot_validate",4,0x000fa97e,"pb_dec_submessage",0.110901019,-3.324864442,64.126949213,42.615906139
0x000fbb76,"nrf_dfu_validation_boot_validate",5,0x000fb8e4,"nrf_dfu_settings_init",0.118159543,-3.485037112,64.126949213,27.321323295
0x000fbb76,"nrf_dfu_validation_boot_validate",6,0x000fbd78,"nrf_dfu_validation_signature_check",0.112364072,-3.728910658,64.126949213,55.664865506
0x000fbb76,"nrf_dfu_validation_boot_validate",7,0x000f8bf2,"nrf_section_iter_next",0.096165488,-4.261822638,64.126949213,28.822381645
0x000fbb76,"nrf_dfu_validation_boot_validate",8,0x000fb92c,"nrf_dfu_settings_adv_name_write",0.093080960,-4.408270416,64.126949213,29.795569392
0x000fbb76,"nrf_dfu_validation_boot_validate",9,0x000f8be0,"nrf_section_iter_init",0.084890715,-4.454574199,64.126949213,21.981283081
0x000fbb76,"nrf_dfu_validation_boot_validate",10,0x000f8e40,"nrf_crypto_backend_secp256r1_public_key_from_raw",0.085191389,-4.518664750,64.126949213,13.689627138
0x000fbb76,"nrf_dfu_validation_boot_validate",11,0x000fc3b4,"verify_context_ecdsa_verify_secp256r1",0.094954166,-4.547702772,64.126949213,20.594658968
0x000fbb76,"nrf_dfu_validation_boot_validate",12,0x000fc638,"verify_context_hash_sha256",0.094954166,-4.547702772,64.126949213,20.594658968
0x000fbc28,"nrf_dfu_validation_init",1,0x000f9020,"cc310_bl_backend_init",0.228356582,4.134491309,25.985386616,24.000797821
0x000fbc28,"nrf_dfu_validation_init",2,0x000fc584,"nrf_cc310_bl_ecdsa_verify_secp256r1",0.215821632,1.785236377,25.985386616,18.697918980
0x000fbc28,"nrf_dfu_validation_init",3,0x000fbed8,"nrf_dfu_validation_init_cmd_append",0.090040695,1.244738598,25.985386616,28.340777790
0x000fbc28,"nrf_dfu_validation_init",4,0x000f92e0,"nrf_sdh_request_continue",0.090518284,1.139240124,25.985386616,25.722174830
0x000fbc28,"nrf_dfu_validation_init",5,0x000fbea8,"nrf_dfu_validation_init_cmd_create",0.084121637,1.022686379,25.985386616,25.968053209
0x000fbc28,"nrf_dfu_validation_init",6,0x000f959e,"nrf_crypto_internal_ecc_key_input_check",0.094483834,0.532713036,25.985386616,21.830400154
0x000fbc28,"nrf_dfu_validation_init",7,0x000f9de4,"nrf_bootloader_dfu_inactivity_timer_restart",0.103356006,0.509778584,25.985386616,22.957625372
0x000fbc28,"nrf_dfu_validation_init",8,0x000f95b6,"nrf_crypto_internal_ecc_raw_input_check",0.097411782,0.287726365,25.985386616,20.893639822
0x000fbc28,"nrf_dfu_validation_init",9,0x000fcb08,"PkaFinishAndMutexUnlock",0.093616810,0.287726365,25.985386616,22.124799157
0x000fbc28,"nrf_dfu_validation_init",10,0x000f8c20,"nrf52_errata_98",0.106977263,0.264791913,25.985386616,21.829653284
0x000fbc28,"nrf_dfu_validation_init",11,0x000fb2cc,"dfu_fstorage_evt_handler",0.115914256,0.205439461,25.985386616,18.656314793
0x000fbc28,"nrf_dfu_validation_init",12,0x000fb698,"nrf_dfu_req_handler_on_req",0.117255301,-0.039547210,25.985386616,18.368693562
0x000fbc4c,"nrf_dfu_validation_init_cmd_append",1,0x000fbed8,"nrf_dfu_validation_init_cmd_append",0.321968796,5.721512867,36.111882655,28.340777790
0x000fbc4c,"nrf_dfu_validation_init_cmd_append",2,0x000fc658,"nrf_cc310_bl_hash_sha256_init",0.344773707,4.141989244,36.111882655,20.628690448
0x000fbc4c,"nrf_dfu_validation_init_cmd_append",3,0x000fb92c,"nrf_dfu_settings_adv_name_write",0.218490491,2.322668029,36.111882655,29.795569392
0x000fbc4c,"nrf_dfu_validation_init_cmd_append",4,0x000f82f8,"app_sched_init",0.207634121,2.322668029,36.111882655,32.347923690
0x000fbc4c,"nrf_dfu_validation_init_cmd_append",5,0x000fb964,"nrf_dfu_settings_adv_name_copy",0.328731975,2.294352699,36.111882655,16.517275992
0x000fbc4c,"nrf_dfu_validation_init_cmd_append",6,0x000f8b44,"erase",0.155657709,1.102915329,36.111882655,41.112571844
0x000fbc4c,"nrf_dfu_validation_init_cmd_append",7,0x000f987c,"nrf_dfu_set_adv_name_on_sys_evt",0.162443820,0.813247617,36.111882655,34.690293882
0x000fbc4c,"nrf_dfu_validation_init_cmd_append",8,0x000f959e,"nrf_crypto_internal_ecc_key_input_check",0.218718257,0.782100753,36.111882655,21.830400154
0x000fbc4c,"nrf_dfu_validation_init_cmd_append",9,0x000f95b6,"nrf_crypto_internal_ecc_raw_input_check",0.225496092,0.779269220,36.111882655,20.893639822
0x000fbc4c,"nrf_dfu_validation_init_cmd_append",10,0x000f8b90,"write",0.154092135,0.692969539,36.111882655,41.829482488
0x000fbc4c,"nrf_dfu_validation_init_cmd_append",11,0x000fba44,"nrf_dfu_bank0_start_addr",0.223975003,0.342847954,36.111882655,18.512561266
0x000fbc4c,"nrf_dfu_validation_init_cmd_append",12,0x000f9094,"bsp_board_led_on",0.172811028,0.307439551,36.111882655,26.508397982
0x000fbc94,"nrf_dfu_validation_init_cmd_create",1,0x000fbea8,"nrf_dfu_validation_init_cmd_create",0.700849144,17.987323000,25.668374030,25.968053209
0x000fbc94,"nrf_dfu_validation_init_cmd_create",2,0x000fcb08,"PkaFinishAndMutexUnlock",0.417110561,8.413138219,25.668374030,22.124799157
0x000fbc94,"nrf_dfu_validation_init_cmd_create",3,0x000f8518,"nrf_atfifo_init",0.387534537,7.819389507,25.668374030,40.348585297
0x000fbc94,"nrf_dfu_validation_init_cmd_create",4,0x000fc3d4,"nrf_cc310_bl_ecdsa_verify_init_secp256r1",0.393811606,7.760067755,25.668374030,28.391102178
0x000fbc94,"nrf_dfu_validation_init_cmd_create",5,0x000fb92c,"nrf_dfu_settings_adv_name_write",0.263469264,5.203364815,25.668374030,29.795569392
0x000fbc94,"nrf_dfu_validation_init_cmd_create",6,0x000f959e,"nrf_crypto_internal_ecc_key_input_check",0.262190959,4.905520920,25.668374030,21.830400154
0x000fbc94,"nrf_dfu_validation_init_cmd_create",7,0x000f95b6,"nrf_crypto_internal_ecc_raw_input_check",0.270315966,4.660534249,25.668374030,20.893639822
0x000fbc94,"nrf_dfu_validation_init_cmd_create",8,0x000f8ed8,"hash_result_get",0.293998275,4.035703223,25.668374030,38.446979493
0x000fbc94,"nrf_dfu_validation_init_cmd_create",9,0x000f9584,"nrf_crypto_internal_ecc_key_output_prepare",0.202107631,3.781199345,25.668374030,23.342888392
0x000fbc94,"nrf_dfu_validation_init_cmd_create",10,0x000f9de4,"nrf_bootloader_dfu_inactivity_timer_restart",0.215347018,3.491189050,25.668374030,22.957625372
0x000fbc94,"nrf_dfu_validation_init_cmd_create",11,0x000fc3b4,"verify_context_ecdsa_verify_secp256r1",0.220327939,3.291226002,25.668374030,20.594658968
0x000fbc94,"nrf_dfu_validation_init_cmd_create",12,0x000fc638,"verify_context_hash_sha256",0.220327939,3.291226002,25.668374030,20.594658968
0x000fbcc8,"nrf_dfu_validation_init_cmd_execute",1,0x000fbf74,"nrf_dfu_validation_init_cmd_execute",0.228946661,4.721114640,92.142259361,74.097402048
0x000fbcc8,"nrf_dfu_validation_init_cmd_execute",2,0x000f8a60,"nrf_fstorage_sys_evt_handler",0.174601218,-2.146091268,92.142259361,109.470564857
0x000fbcc8,"nrf_dfu_validation_init_cmd_execute",3,0x000f9f24,"sd_activate",0.131373907,-3.528518334,92.142259361,51.234137998
0x000fbcc8,"nrf_dfu_validation_init_cmd_execute",4,0x000f9020,"cc310_bl_backend_init",0.117881215,-4.232968066,92.142259361,24.000797821
0x000fbcc8,"nrf_dfu_validation_init_cmd_execute",5,0x000fc584,"nrf_cc310_bl_ecdsa_verify_secp256r1",0.103934878,-4.904357832,92.142259361,18.697918980
0x000fbcc8,"nrf_dfu_validation_init_cmd_execute",6,0x000fb2d8,"nrf_dfu_flash_init",0.101677319,-4.956362395,92.142259361,15.470655266
0x000fbcc8,"nrf_dfu_validation_init_cmd_execute",7,0x000fc3b4,"verify_context_ecdsa_verify_secp256r1",0.102475013,-5.000607321,92.142259361,20.594658968
0x000fbcc8,"nrf_dfu_validation_init_cmd_execute",8,0x000fc638,"verify_context_hash_sha256",0.102475013,-5.000607321,92.142259361,20.594658968
0x000fbcc8,"nrf_dfu_validation_init_cmd_execute",9,0x000f959e,"nrf_crypto_internal_ecc_key_input_check",0.098391509,-5.241314669,92.142259361,21.830400154
0x000fbcc8,"nrf_dfu_validation_init_cmd_execute",10,0x000fba44,"nrf_dfu_bank0_start_addr",0.090044359,-5.385379491,92.142259361,18.512561266
0x000fbcc8,"nrf_dfu_validation_init_cmd_execute",11,0x000f9f84,"nrf_bootloader_fw_activate",0.145450028,-5.845667240,92.142259361,112.790985413
0x000fbcc8,"nrf_dfu_validation_init_cmd_execute",12,0x000f8c20,"nrf52_errata_98",0.079053564,-5.903555117,92.142259361,21.829653284
0x000fbd5c,"nrf_dfu_validation_init_cmd_present",1,0x000f8c0c,"nrf52_errata_36",0.259080559,5.544903925,10.126636686,9.697243372
0x000fbd5c,"nrf_dfu_validation_init_cmd_present",2,0x000fb384,"nrf_dfu_mbr_irq_forward_address_set",0.258617307,5.544903925,10.126636686,9.710465577
0x000fbd5c,"nrf_dfu_validation_init_cmd_present",3,0x000fb328,"ext_error_set",0.256132423,5.544903925,10.126636686,9.782618304
0x000fbd5c,"nrf_dfu_validation_init_cmd_present",4,0x000f9010,"cc310_bl_backend_uninit",0.253495371,5.544903925,10.126636686,9.861522050
0x000fbd5c,"nrf_dfu_validation_init_cmd_present",5,0x000fa098,"WDT_IRQHandler",0.253495371,5.544903925,10.126636686,9.861522050
0x000fbd5c,"nrf_dfu_validation_init_cmd_present",6,0x000f9054,"cc310_bl_backend_enable",0.251153903,5.544903925,10.126636686,9.933674777
0x000fbd5c,"nrf_dfu_validation_init_cmd_present",7,0x000f9950,"flash_write_callback",0.251153903,5.544903925,10.126636686,9.933674777
0x000fbd5c,"nrf_dfu_validation_init_cmd_present",8,0x000f9e40,"flash_write_callback",0.251153903,5.544903925,10.126636686,9.933674777
0x000fbd5c,"nrf_dfu_validation_init_cmd_present",9,0x000fd7f0,"SaSi_HalClearInterruptBit",0.251153903,5.544903925,10.126636686,9.933674777
0x000fbd5c,"nrf_dfu_validation_init_cmd_present",10,0x000fd7fc,"SaSi_HalMaskInterrupt",0.251153903,5.544903925,10.126636686,9.933674777
0x000fbd5c,"nrf_dfu_validation_init_cmd_present",11,0x000fd83c,"CRYPTOCELL_IRQHandler",0.251153903,5.544903925,10.126636686,9.933674777
0x000fbd5c,"nrf_dfu_validation_init_cmd_present",12,0x000f8224,"frame_dummy",0.246456168,5.544903925,10.126636686,10.084687428
0x000fbb70,"nrf_dfu_validation_postvalidate",1,0x000fc9c0,"PkaInitAndMutexLock",1.000000000,10.133091162,10.133091162,10.133091162
0x000fbb70,"nrf_dfu_validation_postvalidate",2,0x000fce7c,"SaSi_PalMemSetZero",1.000000000,10.133091162,10.133091162,10.133091162
0x000fbb70,"nrf_dfu_validation_postvalidate",3,0x000f981c,"app_error_fault_handler",0.279990482,5.551358401,10.133091162,9.202545620
0x000fbb70,"nrf_dfu_validation_postvalidate",4,0x000f9822,"app_error_handler_bare",0.279990482,5.551358401,10.133091162,9.202545620
0x000fbb70,"nrf_dfu_validation_postvalidate",5,0x000f87fc,"uninit",0.251557098,5.551358401,10.133091162,9.965084063
0x000fbb70,"nrf_dfu_validation_postvalidate",6,0x000f86b2,"nrf_atomic_flag_set_fetch",0.247998903,5.551358401,10.133091162,10.079396111
0x000fbb70,"nrf_dfu_validation_postvalidate",7,0x000f86b8,"nrf_atomic_flag_clear",0.247998903,5.551358401,10.133091162,10.079396111
0x000fbb70,"nrf_dfu_validation_postvalidate",8,0x000fab70,"on_flash_write",0.247998903,5.551358401,10.133091162,10.079396111
0x000fbb70,"nrf_dfu_validation_postvalidate",9,0x000fb8b8,"nrf_dfu_settings_backup",0.247998903,5.551358401,10.133091162,10.079396111
0x000fbb70,"nrf_dfu_validation_postvalidate",10,0x000f880c,"read",0.246378844,5.551358401,10.133091162,10.133091162
0x000fbb70,"nrf_dfu_validation_postvalidate",11,0x000f8958,"read",0.246378844,5.551358401,10.133091162,10.133091162
0x000fbb70,"nrf_dfu_validation_postvalidate",12,0x000fb2fc,"nrf_dfu_flash_store",0.246378844,5.551358401,10.133091162,10.133091162
0x000fcf20,"nrf_dfu_validation_postvalidate_impl",1,0x000fc110,"postvalidate",0.206665946,5.043724341,115.234054311,228.721801946
0x000fcf20,"nrf_dfu_validation_postvalidate_impl",2,0x000f9680,"nrf_crypto_hash_update",0.133536570,-4.077581838,115.234054311,35.569951845
0x000fcf20,"nrf_dfu_validation_postvalidate_impl",3,0x000f9604,"nrf_crypto_ecdsa_verify",0.123894429,-4.701327842,115.234054311,44.609503286
0x000fcf20,"nrf_dfu_validation_postvalidate_impl",4,0x000fc3d4,"nrf_cc310_bl_ecdsa_verify_init_secp256r1",0.113995346,-4.991938504,115.234054311,28.391102178
0x000fcf20,"nrf_dfu_validation_postvalidate_impl",5,0x000f98a2,"nrf_dfu_set_adv_name_on_call",0.116249264,-5.355949482,115.234054311,41.881896894
0x000fcf20,"nrf_dfu_validation_postvalidate_impl",6,0x000fbea8,"nrf_dfu_validation_init_cmd_create",0.090080822,-6.195606363,115.234054311,25.968053209
0x000fcf20,"nrf_dfu_validation_postvalidate_impl",7,0x000f9584,"nrf_crypto_internal_ecc_key_output_prepare",0.080844648,-6.613687905,115.234054311,23.342888392
0x000fcf20,"nrf_dfu_validation_postvalidate_impl",8,0x000f9658,"nrf_crypto_hash_init",0.087214014,-6.734249385,115.234054311,31.379879909
0x000fcf20,"nrf_dfu_validation_postvalidate_impl",9,0x000f96b4,"nrf_crypto_hash_finalize",0.103601396,-6.821662990,115.234054311,40.417589591
0x000fcf20,"nrf_dfu_validation_postvalidate_impl",10,0x000fc658,"nrf_cc310_bl_hash_sha256_init",0.068137330,-7.025087339,115.234054311,20.628690448
0x000fcf20,"nrf_dfu_validation_postvalidate_impl",11,0x000fbed8,"nrf_dfu_validation_init_cmd_append",0.075773605,-7.086136041,115.234054311,28.340777790
0x000fcf20,"nrf_dfu_validation_postvalidate_impl",12,0x000f9020,"cc310_bl_backend_init",0.070727807,-7.152799570,115.234054311,24.000797821
0x000fbd68,"nrf_dfu_validation_prevalidate",1,0x000fa030,"nrf_bootloader_mbr_addrs_populate",0.196354136,0.174029086,43.506369013,23.196136331
0x000fbd68,"nrf_dfu_validation_prevalidate",2,0x000fbf24,"nrf_dfu_validation_prevalidate",0.133521299,-0.765925689,43.506369013,36.087975246
0x000fbd68,"nrf_dfu_validation_prevalidate",3,0x000f8a60,"nrf_fstorage_sys_evt_handler",0.149857479,-1.641587528,43.506369013,109.470564857
0x000fbd68,"nrf_dfu_validation_prevalidate",4,0x000f8c20,"nrf52_errata_98",0.141873581,-1.754401555,43.506369013,21.829653284
0x000fbd68,"nrf_dfu_validation_prevalidate",5,0x000f9de4,"nrf_bootloader_dfu_inactivity_timer_restart",0.137071058,-1.803229785,43.506369013,22.957625372
0x000fbd68,"nrf_dfu_validation_prevalidate",6,0x000fba44,"nrf_dfu_bank0_start_addr",0.136472194,-2.157245803,43.506369013,18.512561266
0x000fbd68,"nrf_dfu_validation_prevalidate",7,0x000f8c48,"nvmc_wait",0.163281191,-2.481206676,43.506369013,14.328249014
0x000fbd68,"nrf_dfu_validation_prevalidate",8,0x000f94d8,"wait_for_flash_ready",0.163281191,-2.481206676,43.506369013,14.328249014
0x000fbd68,"nrf_dfu_validation_prevalidate",9,0x000fb2d8,"nrf_dfu_flash_init",0.097677595,-3.622845399,43.506369013,15.470655266
0x000fbd68,"nrf_dfu_validation_prevalidate",10,0x000f9f24,"sd_activate",0.081654035,-3.744850173,43.506369013,51.234137998
0x000fbd68,"nrf_dfu_validation_prevalidate",11,0x000f9930,"SVC_Handler",0.068740667,-3.915814778,43.506369013,25.112414450
0x000fbd68,"nrf_dfu_validation_prevalidate",12,0x000fbed8,"nrf_dfu_validation_init_cmd_append",0.065719286,-3.951506919,43.506369013,28.340777790
0x000fbdb0,"nrf_dfu_validation_signature_check",1,0x000fbd78,"nrf_dfu_validation_signature_check",0.369496872,14.319554725,53.686723270,55.664865506
0x000fbdb0,"nrf_dfu_validation_signature_check",2,0x000f9680,"nrf_crypto_hash_update",0.242343253,3.428746438,53.686723270,35.569951845
0x000fbdb0,"nrf_dfu_validation_signature_check",3,0x000f96b4,"nrf_crypto_hash_finalize",0.210858879,1.876082754,53.686723270,40.417589591
0x000fbdb0,"nrf_dfu_validation_signature_check",4,0x000f8ed8,"hash_result_get",0.209057589,1.834914253,53.686723270,38.446979493
0x000fbdb0,"nrf_dfu_validation_signature_check",5,0x000f987c,"nrf_dfu_set_adv_name_on_sys_evt",0.198175735,1.057999067,53.686723270,34.690293882
0x000fbdb0,"nrf_dfu_validation_signature_check",6,0x000f9658,"nrf_crypto_hash_init",0.194280546,0.602835776,53.686723270,31.379879909
0x000fbdb0,"nrf_dfu_validation_signature_check",7,0x000f8518,"nrf_atfifo_init",0.168591695,0.574056420,53.686723270,40.348585297
0x000fbdb0,"nrf_dfu_validation_signature_check",8,0x000fc3d4,"nrf_cc310_bl_ecdsa_verify_init_secp256r1",0.182645689,0.390693694,53.686723270,28.391102178
0x000fbdb0,"nrf_dfu_validation_signature_check",9,0x000f9584,"nrf_crypto_internal_ecc_key_output_prepare",0.166468592,-1.413991914,53.686723270,23.342888392
0x000fbdb0,"nrf_dfu_validation_signature_check",10,0x000f98a2,"nrf_dfu_set_adv_name_on_call",0.139433965,-1.938482420,53.686723270,41.881896894
0x000fbdb0,"nrf_dfu_validation_signature_check",11,0x000fb92c,"nrf_dfu_settings_adv_name_write",0.134549977,-2.224107100,53.686723270,29.795569392
0x000fbdb0,"nrf_dfu_validation_signature_check",12,0x000fa550,"pb_decode_tag",0.128337277,-2.283079510,53.686723270,43.443756798
0x000fbe48,"nrf_dfu_ver_validation_check",1,0x000fc2f4,"nrf_dfu_ver_validation_check",0.298233364,9.314099861,79.056676898,113.937218237
0x000fbe48,"nrf_dfu_ver_validation_check",2,0x000f98a2,"nrf_dfu_set_adv_name_on_call",0.248236190,2.209111236,79.056676898,41.881896894
0x000fbe48,"nrf_dfu_ver_validation_check",3,0x000fbb40,"update_data_size_get",0.216944906,1.035021015,79.056676898,67.651976529
0x000fbe48,"nrf_dfu_ver_validation_check",4,0x000f88d8,"event_send",0.200987133,-0.692909147,79.056676898,51.342429642
0x000fbe48,"nrf_dfu_ver_validation_check",5,0x000fac14,"ble_evt_handler",0.160321933,-2.621327370,79.056676898,307.419305852
0x000fbe48,"nrf_dfu_ver_validation_check",6,0x000fbbdc,"is_major_softdevice_update",0.169983672,-2.912654056,79.056676898,47.159693795
0x000fbe48,"nrf_dfu_ver_validation_check",7,0x000f987c,"nrf_dfu_set_adv_name_on_sys_evt",0.173430820,-3.186876155,79.056676898,34.690293882
0x000fbe48,"nrf_dfu_ver_validation_check",8,0x000fc5ac,"set_digest_in_hw_sha256",0.180214214,-3.570050372,79.056676898,14.698052713
0x000fbe48,"nrf_dfu_ver_validation_check",9,0x000fc730,"nrf_cc310_bl_hash_sha256_finalize",0.163129585,-3.884117133,79.056676898,63.584595672
0x000fbe48,"nrf_dfu_ver_validation_check",10,0x000fb2cc,"dfu_fstorage_evt_handler",0.149762208,-3.915174210,79.056676898,18.656314793
0x000fbe48,"nrf_dfu_ver_validation_check",11,0x000fa97e,"pb_dec_submessage",0.147278625,-3.962668108,79.056676898,42.615906139
0x000fbe48,"nrf_dfu_ver_validation_check",12,0x000f8bf2,"nrf_section_iter_next",0.147999324,-4.002931432,79.056676898,28.822381645
0x000fbed4,"nrf_fstorage_erase",1,0x000fb698,"nrf_dfu_req_handler_on_req",0.111763192,2.904716687,19.201749158,18.368693562
0x000fbed4,"nrf_fstorage_erase",2,0x000f8774,"nrf_fstorage_write",0.298498841,2.279625592,19.201749158,13.434864643
0x000fbed4,"nrf_fstorage_erase",3,0x000f8782,"nrf_fstorage_erase",0.298498841,2.279625592,19.201749158,13.434864643
0x000fbed4,"nrf_fstorage_erase",4,0x000f8bf2,"nrf_section_iter_next",0.252558825,2.050566867,19.201749158,28.822381645
0x000fbed4,"nrf_fstorage_erase",5,0x000fb2cc,"dfu_fstorage_evt_handler",0.110484960,2.019288827,19.201749158,18.656314793
0x000fbed4,"nrf_fstorage_erase",6,0x000f8be0,"nrf_section_iter_init",0.159266447,1.984007554,19.201749158,21.981283081
0x000fbed4,"nrf_fstorage_erase",7,0x000f8682,"nrf_atomic_u32_fetch_or",0.061697833,1.858825386,19.201749158,21.597634049
0x000fbed4,"nrf_fstorage_erase",8,0x000f869a,"nrf_atomic_u32_and",0.061697833,1.858825386,19.201749158,21.597634049
0x000fbed4,"nrf_fstorage_erase",9,0x000f9178,"sdh_state_observer_notify",0.148330272,1.411217531,19.201749158,24.423210600
0x000fbed4,"nrf_fstorage_erase",10,0x000f930c,"nrf_sdh_evts_poll",0.148330272,1.411217531,19.201749158,24.423210600
0x000fbed4,"nrf_fstorage_erase",11,0x000f9334,"SWI2_EGU2_IRQHandler",0.148107744,1.411217531,19.201749158,24.478583622
0x000fbed4,"nrf_fstorage_erase",12,0x000f866c,"nrf_atomic_u32_fetch_store",0.065023446,1.327655369,19.201749158,20.043934639
0x000fbf00,"nrf_fstorage_init",1,0x000f876c,"nrf_fstorage_init",1.000000000,12.977786468,12.977786468,12.977786468
0x000fbf00,"nrf_fstorage_init",2,0x000f8774,"nrf_fstorage_write",0.320717515,4.716081277,12.977786468,13.434864643
0x000fbf00,"nrf_fstorage_init",3,0x000f8782,"nrf_fstorage_erase",0.320717515,4.716081277,12.977786468,13.434864643
0x000fbf00,"nrf_fstorage_init",4,0x000f9070,"cc310_bl_backend_disable",0.000000000,2.966352513,12.977786468,13.234035506
0x000fbf00,"nrf_fstorage_init",5,0x000f97a2,"nrf_crypto_internal_double_swap_endian_in_place",0.000000000,2.966352513,12.977786468,13.232857116
0x000fbf00,"nrf_fstorage_init",6,0x000f9b6c,"nrf_bootloader_app_start",0.000000000,2.966352513,12.977786468,12.872793677
0x000fbf00,"nrf_fstorage_init",7,0x000fa95e,"pb_decode",0.000000000,2.966352513,12.977786468,13.376410647
0x000fbf00,"nrf_fstorage_init",8,0x000fb36a,"nrf_dfu_mbr_init_sd",0.000000000,2.966352513,12.977786468,12.126692768
0x000fbf00,"nrf_fstorage_init",9,0x000fb900,"nrf_dfu_settings_progress_reset",0.000000000,2.966352513,12.977786468,13.154645564
0x000fbf00,"nrf_fstorage_init",10,0x000fb97c,"nrf_dfu_settings_adv_name_is_valid",0.000000000,2.966352513,12.977786468,13.175049138
0x000fbf00,"nrf_fstorage_init",11,0x000fc004,"fw_hash_ok",0.000000000,2.966352513,12.977786468,12.383047125
0x000fbf00,"nrf_fstorage_init",12,0x000fb394,"on_dfu_complete",0.253141182,1.736958201,12.977786468,10.539343807
0x000fbf08,"nrf_fstorage_is_busy",1,0x000f8790,"nrf_fstorage_is_busy",0.454916715,19.572895692,58.308903231,53.518220228
0x000fbf08,"nrf_fstorage_is_busy",2,0x000f9680,"nrf_crypto_hash_update",0.381680692,10.656565209,58.308903231,35.569951845
0x000fbf08,"nrf_fstorage_is_busy",3,0x000f96b4,"nrf_crypto_hash_finalize",0.353773366,10.100893944,58.308903231,40.417589591
0x000fbf08,"nrf_fstorage_is_busy",4,0x000f959e,"nrf_crypto_internal_ecc_key_input_check",0.330096747,5.192467178,58.308903231,21.830400154
0x000fbf08,"nrf_fstorage_is_busy",5,0x000f9658,"nrf_crypto_hash_init",0.281705002,4.986241013,58.308903231,31.379879909
0x000fbf08,"nrf_fstorage_is_busy",6,0x000f95b6,"nrf_crypto_internal_ecc_raw_input_check",0.308614879,4.007166090,58.308903231,20.893639822
0x000fbf08,"nrf_fstorage_is_busy",7,0x000fc3b4,"verify_context_ecdsa_verify_secp256r1",0.302820035,3.760202317,58.308903231,20.594658968
0x000fbf08,"nrf_fstorage_is_busy",8,0x000fc638,"verify_context_hash_sha256",0.302820035,3.760202317,58.308903231,20.594658968
0x000fbf08,"nrf_fstorage_is_busy",9,0x000fb92c,"nrf_dfu_settings_adv_name_write",0.244126963,3.173659193,58.308903231,29.795569392
0x000fbf08,"nrf_fstorage_is_busy",10,0x000f86be,"nrf_balloc_init",0.211157086,2.713347439,58.308903231,45.989289360
0x000fbf08,"nrf_fstorage_is_busy",11,0x000f987c,"nrf_dfu_set_adv_name_on_sys_evt",0.222321281,2.340152296,58.308903231,34.690293882
0x000fbf08,"nrf_fstorage_is_busy",12,0x000fb964,"nrf_dfu_settings_adv_name_copy",0.290164085,1.875575271,58.308903231,16.517275992
0x000fa99c,"nrf_fstorage_nvmc_erase",1,0x000f881c,"erase",0.340718872,8.170438877,34.271080497,41.869569817
0x000fa99c,"nrf_fstorage_nvmc_erase",2,0x000f82f8,"app_sched_init",0.184720906,3.007741174,34.271080497,32.347923690
0x000fa99c,"nrf_fstorage_nvmc_erase",3,0x000fd8d0,"memcmp",0.165018529,2.103862433,34.271080497,37.212197940
0x000fa99c,"nrf_fstorage_nvmc_erase",4,0x000fb92c,"nrf_dfu_settings_adv_name_write",0.153757748,1.492684011,34.271080497,29.795569392
0x000fa99c,"nrf_fstorage_nvmc_erase",5,0x000fbed8,"nrf_dfu_validation_init_cmd_append",0.158687143,1.207440683,34.271080497,28.340777790
0x000fa99c,"nrf_fstorage_nvmc_erase",6,0x000f959e,"nrf_crypto_internal_ecc_key_input_check",0.188531593,1.017278464,34.271080497,21.830400154
0x000fa99c,"nrf_fstorage_nvmc_erase",7,0x000f8b44,"erase",0.156917386,0.971282415,34.271080497,41.112571844
0x000fa99c,"nrf_fstorage_nvmc_erase",8,0x000f95b6,"nrf_crypto_internal_ecc_raw_input_check",0.194373977,0.922197354,34.271080497,20.893639822
0x000fa99c,"nrf_fstorage_nvmc_erase",9,0x000fc658,"nrf_cc310_bl_hash_sha256_init",0.196127463,0.827116244,34.271080497,20.628690448
0x000fa99c,"nrf_fstorage_nvmc_erase",10,0x000f9724,"nrf_crypto_init",0.115852339,0.768341505,34.271080497,32.453061159
0x000fa99c,"nrf_fstorage_nvmc_erase",11,0x000f9094,"bsp_board_led_on",0.144833499,0.706939975,34.271080497,26.508397982
0x000fa99c,"nrf_fstorage_nvmc_erase",12,0x000f90bc,"bsp_board_led_off",0.144833499,0.706939975,34.271080497,26.508397982
0x000faa30,"nrf_fstorage_nvmc_event_send",1,0x000fb2cc,"dfu_fstorage_evt_handler",0.404961439,6.914887408,21.172137280,18.656314793
0x000faa30,"nrf_fstorage_nvmc_event_send",2,0x000f8bf2,"nrf_section_iter_next",0.284121677,4.257439746,21.172137280,28.822381645
0x000faa30,"nrf_fstorage_nvmc_event_send",3,0x000fb698,"nrf_dfu_req_handler_on_req",0.305397959,4.240439787,21.172137280,18.368693562
0x000faa30,"nrf_fstorage_nvmc_event_send",4,0x000f8be0,"nrf_section_iter_init",0.213161325,4.237859184,21.172137280,21.981283081
0x000faa30,"nrf_fstorage_nvmc_event_send",5,0x000fc5ac,"set_digest_in_hw_sha256",0.309332682,3.945076805,21.172137280,14.698052713
0x000faa30,"nrf_fstorage_nvmc_event_send",6,0x000faa62,"pb_decode_fixed64",0.264412179,3.902713388,21.172137280,21.377225095
0x000faa30,"nrf_fstorage_nvmc_event_send",7,0x000f9178,"sdh_state_observer_notify",0.127076463,2.370571743,21.172137280,24.423210600
0x000faa30,"nrf_fstorage_nvmc_event_send",8,0x000f930c,"nrf_sdh_evts_poll",0.127076463,2.370571743,21.172137280,24.423210600
0x000faa30,"nrf_fstorage_nvmc_event_send",9,0x000f9334,"SWI2_EGU2_IRQHandler",0.126885820,2.370571743,21.172137280,24.478583622
0x000faa30,"nrf_fstorage_nvmc_event_send",10,0x000faa44,"pb_decode_fixed32",0.236821884,2.152324022,21.172137280,19.127269137
0x000faa30,"nrf_fstorage_nvmc_event_send",11,0x000fbe8c,"nrf_dfu_validation_init",0.260635988,1.955646203,21.172137280,17.433127988
0x000faa30,"nrf_fstorage_nvmc_event_send",12,0x000f985c,"nrf_dfu_set_adv_name_handler",0.151527871,1.565423893,21.172137280,19.648848308
0x000facd4,"nrf_fstorage_nvmc_init",1,0x000f87d8,"init",0.362435949,6.401757109,10.822893239,10.611468972
0x000facd4,"nrf_fstorage_nvmc_init",2,0x000f8944,"nrf_fstorage_sdh_req_handler",0.198307835,5.048631902,10.822893239,11.393174392
0x000facd4,"nrf_fstorage_nvmc_init",3,0x000f9944,"ble_srv_is_notification_enabled",0.198304827,5.048631902,10.822893239,11.393337701
0x000facd4,"nrf_fstorage_nvmc_init",4,0x000f8968,"uninit",0.000000000,3.382326221,10.822893239,11.866338467
0x000facd4,"nrf_fstorage_nvmc_init",5,0x000f97b8,"__NVIC_SystemReset",0.000000000,3.382326221,10.822893239,11.873922398
0x000facd4,"nrf_fstorage_nvmc_init",6,0x000f995c,"do_reset",0.000000000,3.382326221,10.822893239,11.873922398
0x000facd4,"nrf_fstorage_nvmc_init",7,0x000f9980,"inactivity_timeout",0.000000000,3.382326221,10.822893239,11.281974576
0x000facd4,"nrf_fstorage_nvmc_init",8,0x000faa5c,"pb_dec_fixed32",0.000000000,3.382326221,10.822893239,11.686790572
0x000facd4,"nrf_fstorage_nvmc_init",9,0x000faa7c,"pb_dec_fixed64",0.000000000,3.382326221,10.822893239,11.686790572
0x000facd4,"nrf_fstorage_nvmc_init",10,0x000fba2c,"nrf_dfu_bank_invalidate",0.000000000,3.382326221,10.822893239,11.537451209
0x000facd4,"nrf_fstorage_nvmc_init",11,0x000fc2ec,"nrf_dfu_validation_activation_prepare",0.000000000,3.382326221,10.822893239,11.686790572
0x000facd4,"nrf_fstorage_nvmc_init",12,0x000f9070,"cc310_bl_backend_disable",0.171187168,2.954365142,10.822893239,13.234035506
0x000fad18,"nrf_fstorage_nvmc_is_busy",1,0x000f87d8,"init",0.198463673,5.048631902,11.631674956,10.611468972
0x000fad18,"nrf_fstorage_nvmc_is_busy",2,0x000f8944,"nrf_fstorage_sdh_req_handler",0.183489583,5.048631902,11.631674956,11.393174392
0x000fad18,"nrf_fstorage_nvmc_is_busy",3,0x000f9944,"ble_srv_is_notification_enabled",0.183486800,5.048631902,11.631674956,11.393337701
0x000fad18,"nrf_fstorage_nvmc_is_busy",4,0x000f8968,"uninit",0.000000000,3.382326221,11.631674956,11.866338467
0x000fad18,"nrf_fstorage_nvmc_is_busy",5,0x000f97b8,"__NVIC_SystemReset",0.000000000,3.382326221,11.631674956,11.873922398
0x000fad18,"nrf_fstorage_nvmc_is_busy",6,0x000f995c,"do_reset",0.000000000,3.382326221,11.631674956,11.873922398
0x000fad18,"nrf_fstorage_nvmc_is_busy",7,0x000f9980,"inactivity_timeout",0.000000000,3.382326221,11.631674956,11.281974576
0x000fad18,"nrf_fstorage_nvmc_is_busy",8,0x000faa5c,"pb_dec_fixed32",0.000000000,3.382326221,11.631674956,11.686790572
0x000fad18,"nrf_fstorage_nvmc_is_busy",9,0x000faa7c,"pb_dec_fixed64",0.000000000,3.382326221,11.631674956,11.686790572
0x000fad18,"nrf_fstorage_nvmc_is_busy",10,0x000fba2c,"nrf_dfu_bank_invalidate",0.000000000,3.382326221,11.631674956,11.537451209
0x000fad18,"nrf_fstorage_nvmc_is_busy",11,0x000fc2ec,"nrf_dfu_validation_activation_prepare",0.000000000,3.382326221,11.631674956,11.686790572
0x000fad18,"nrf_fstorage_nvmc_is_busy",12,0x000f9070,"cc310_bl_backend_disable",0.158395467,2.954365142,11.631674956,13.234035506
0x000fd1c4,"nrf_fstorage_nvmc_read",1,0x000f880c,"read",1.000000000,10.133091162,10.133091162,10.133091162
0x000fd1c4,"nrf_fstorage_nvmc_read",2,0x000f8958,"read",1.000000000,10.133091162,10.133091162,10.133091162
0x000fd1c4,"nrf_fstorage_nvmc_read",3,0x000f981c,"app_error_fault_handler",0.279990482,5.551358401,10.133091162,9.202545620
0x000fd1c4,"nrf_fstorage_nvmc_read",4,0x000f9822,"app_error_handler_bare",0.279990482,5.551358401,10.133091162,9.202545620
0x000fd1c4,"nrf_fstorage_nvmc_read",5,0x000f87fc,"uninit",0.251557098,5.551358401,10.133091162,9.965084063
0x000fd1c4,"nrf_fstorage_nvmc_read",6,0x000f86b2,"nrf_atomic_flag_set_fetch",0.247998903,5.551358401,10.133091162,10.079396111
0x000fd1c4,"nrf_fstorage_nvmc_read",7,0x000f86b8,"nrf_atomic_flag_clear",0.247998903,5.551358401,10.133091162,10.079396111
0x000fd1c4,"nrf_fstorage_nvmc_read",8,0x000fab70,"on_flash_write",0.247998903,5.551358401,10.133091162,10.079396111
0x000fd1c4,"nrf_fstorage_nvmc_read",9,0x000fb8b8,"nrf_dfu_settings_backup",0.247998903,5.551358401,10.133091162,10.079396111
0x000fd1c4,"nrf_fstorage_nvmc_read",10,0x000fb2fc,"nrf_dfu_flash_store",0.246378844,5.551358401,10.133091162,10.133091162
0x000fd1c4,"nrf_fstorage_nvmc_read",11,0x000fb318,"nrf_dfu_flash_erase",0.246378844,5.551358401,10.133091162,10.133091162
0x000fd1c4,"nrf_fstorage_nvmc_read",12,0x000fb8a4,"settings_backup",0.246378844,5.551358401,10.133091162,10.133091162
0x000fd298,"nrf_fstorage_nvmc_rmap",1,0x000f87e4,"rmap",1.000000000,8.572937276,8.572937276,8.572937276
0x000fd298,"nrf_fstorage_nvmc_rmap",2,0x000f892a,"rmap",1.000000000,8.572937276,8.572937276,8.572937276
0x000fd298,"nrf_fstorage_nvmc_rmap",3,0x000f87e8,"wmap",0.423256041,6.121474264,8.572937276,8.228918894
0x000fd298,"nrf_fstorage_nvmc_rmap",4,0x000f892e,"wmap",0.423256041,6.121474264,8.572937276,8.228918894
0x000fd298,"nrf_fstorage_nvmc_rmap",5,0x000f99e8,"nrf_dfu_init_user",0.423256041,6.121474264,8.572937276,8.228918894
0x000fd298,"nrf_fstorage_nvmc_rmap",6,0x000fba90,"nrf_dfu_softdevice_start_address",0.423256041,6.121474264,8.572937276,8.228918894
0x000fd298,"nrf_fstorage_nvmc_rmap",7,0x000f8240,"_stack_init",0.409546487,6.121474264,8.572937276,8.379975367
0x000fd298,"nrf_fstorage_nvmc_rmap",8,0x000fd92c,"_init",0.409546487,6.121474264,8.572937276,8.379975367
0x000fd298,"nrf_fstorage_nvmc_rmap",9,0x000fd938,"_fini",0.409546487,6.121474264,8.572937276,8.379975367
0x000fd298,"nrf_fstorage_nvmc_rmap",10,0x000f9300,"nrf_sdh_is_enabled",0.393828831,6.121474264,8.572937276,8.572937276
0x000fd298,"nrf_fstorage_nvmc_rmap",11,0x000fbf18,"nrf_dfu_validation_init_cmd_present",0.393828831,6.121474264,8.572937276,8.572937276
0x000fd298,"nrf_fstorage_nvmc_rmap",12,0x000f82e4,"NMI_Handler",0.000000000,4.214273637,8.572937276,8.766523578
0x000fd6e4,"nrf_fstorage_nvmc_uninit",1,0x000f981c,"app_error_fault_handler",0.279990482,5.551358401,10.133091162,9.202545620
0x000fd6e4,"nrf_fstorage_nvmc_uninit",2,0x000f9822,"app_error_handler_bare",0.279990482,5.551358401,10.133091162,9.202545620
0x000fd6e4,"nrf_fstorage_nvmc_uninit",3,0x000f87fc,"uninit",0.251557098,5.551358401,10.133091162,9.965084063
0x000fd6e4,"nrf_fstorage_nvmc_uninit",4,0x000f86b2,"nrf_atomic_flag_set_fetch",0.247998903,5.551358401,10.133091162,10.079396111
0x000fd6e4,"nrf_fstorage_nvmc_uninit",5,0x000f86b8,"nrf_atomic_flag_clear",0.247998903,5.551358401,10.133091162,10.079396111
0x000fd6e4,"nrf_fstorage_nvmc_uninit",6,0x000fab70,"on_flash_write",0.247998903,5.551358401,10.133091162,10.079396111
0x000fd6e4,"nrf_fstorage_nvmc_uninit",7,0x000fb8b8,"nrf_dfu_settings_backup",0.247998903,5.551358401,10.133091162,10.079396111
0x000fd6e4,"nrf_fstorage_nvmc_uninit",8,0x000f880c,"read",0.246378844,5.551358401,10.133091162,10.133091162
0x000fd6e4,"nrf_fstorage_nvmc_uninit",9,0x000f8958,"read",0.246378844,5.551358401,10.133091162,10.133091162
0x000fd6e4,"nrf_fstorage_nvmc_uninit",10,0x000fb2fc,"nrf_dfu_flash_store",0.246378844,5.551358401,10.133091162,10.133091162
0x000fd6e4,"nrf_fstorage_nvmc_uninit",11,0x000fb318,"nrf_dfu_flash_erase",0.246378844,5.551358401,10.133091162,10.133091162
0x000fd6e4,"nrf_fstorage_nvmc_uninit",12,0x000fb8a4,"settings_backup",0.246378844,5.551358401,10.133091162,10.133091162
0x000fd7cc,"nrf_fstorage_nvmc_wmap",1,0x000f87e8,"wmap",1.000000000,8.228918894,8.228918894,8.228918894
0x000fd7cc,"nrf_fstorage_nvmc_wmap",2,0x000f892e,"wmap",1.000000000,8.228918894,8.228918894,8.228918894
0x000fd7cc,"nrf_fstorage_nvmc_wmap",3,0x000f99e8,"nrf_dfu_init_user",1.000000000,8.228918894,8.228918894,8.228918894
0x000fd7cc,"nrf_fstorage_nvmc_wmap",4,0x000fba90,"nrf_dfu_softdevice_start_address",1.000000000,8.228918894,8.228918894,8.228918894
0x000fd7cc,"nrf_fstorage_nvmc_wmap",5,0x000f8240,"_stack_init",0.440148133,6.121474264,8.228918894,8.379975367
0x000fd7cc,"nrf_fstorage_nvmc_wmap",6,0x000fd92c,"_init",0.440148133,6.121474264,8.228918894,8.379975367
0x000fd7cc,"nrf_fstorage_nvmc_wmap",7,0x000fd938,"_fini",0.440148133,6.121474264,8.228918894,8.379975367
0x000fd7cc,"nrf_fstorage_nvmc_wmap",8,0x000f87e4,"rmap",0.423256041,6.121474264,8.228918894,8.572937276
0x000fd7cc,"nrf_fstorage_nvmc_wmap",9,0x000f892a,"rmap",0.423256041,6.121474264,8.228918894,8.572937276
0x000fd7cc,"nrf_fstorage_nvmc_wmap",10,0x000f9300,"nrf_sdh_is_enabled",0.423256041,6.121474264,8.228918894,8.572937276
0x000fd7cc,"nrf_fstorage_nvmc_wmap",11,0x000fbf18,"nrf_dfu_validation_init_cmd_present",0.423256041,6.121474264,8.228918894,8.572937276
0x000fd7cc,"nrf_fstorage_nvmc_wmap",12,0x000fb384,"nrf_dfu_mbr_irq_forward_address_set",0.774373233,4.518484028,8.228918894,9.710465577
0x000fd7d4,"nrf_fstorage_nvmc_write",1,0x000f959e,"nrf_crypto_internal_ecc_key_input_check",0.225734633,4.663489314,25.723299483,21.830400154
0x000fd7d4,"nrf_fstorage_nvmc_write",2,0x000f95b6,"nrf_crypto_internal_ecc_raw_input_check",0.232729898,4.328559306,25.723299483,20.893639822
0x000fd7d4,"nrf_fstorage_nvmc_write",3,0x000fc658,"nrf_cc310_bl_hash_sha256_init",0.234829399,3.993629298,25.723299483,20.628690448
0x000fd7d4,"nrf_fstorage_nvmc_write",4,0x000f82f8,"app_sched_init",0.221171981,3.321292631,25.723299483,32.347923690
0x000fd7d4,"nrf_fstorage_nvmc_write",5,0x000fbed8,"nrf_dfu_validation_init_cmd_append",0.190000962,3.315758383,25.723299483,28.340777790
0x000fd7d4,"nrf_fstorage_nvmc_write",6,0x000fb964,"nrf_dfu_settings_adv_name_copy",0.276987694,2.988839272,25.723299483,16.517275992
0x000fd7d4,"nrf_fstorage_nvmc_write",7,0x000f9094,"bsp_board_led_on",0.173413570,2.815257675,25.723299483,26.508397982
0x000fd7d4,"nrf_fstorage_nvmc_write",8,0x000f90bc,"bsp_board_led_off",0.173413570,2.815257675,25.723299483,26.508397982
0x000fd7d4,"nrf_fstorage_nvmc_write",9,0x000f8b44,"erase",0.238705942,2.741464392,25.723299483,41.112571844
0x000fd7d4,"nrf_fstorage_nvmc_write",10,0x000fb92c,"nrf_dfu_settings_adv_name_write",0.184098846,1.801405495,25.723299483,29.795569392
0x000fd7d4,"nrf_fstorage_nvmc_write",11,0x000faa62,"pb_decode_fixed64",0.115430043,1.531429391,25.723299483,21.377225095
0x000fd7d4,"nrf_fstorage_nvmc_write",12,0x000fb8e4,"nrf_dfu_settings_init",0.098486166,1.498745238,25.723299483,27.321323295
0x000fa9e4,"nrf_fstorage_sd_erase",1,0x000f8b44,"erase",0.306309316,8.992429264,43.426391827,41.112571844
0x000fa9e4,"nrf_fstorage_sd_erase",2,0x000f8b90,"write",0.266708742,7.192280775,43.426391827,41.829482488
0x000fa9e4,"nrf_fstorage_sd_erase",3,0x000fc658,"nrf_cc310_bl_hash_sha256_init",0.246116791,2.002145555,43.426391827,20.628690448
0x000fa9e4,"nrf_fstorage_sd_erase",4,0x000fb92c,"nrf_dfu_settings_adv_name_write",0.192947805,1.921516747,43.426391827,29.795569392
0x000fa9e4,"nrf_fstorage_sd_erase",5,0x000fb964,"nrf_dfu_settings_adv_name_copy",0.255186859,0.888782356,43.426391827,16.517275992
0x000fa9e4,"nrf_fstorage_sd_erase",6,0x000fbed8,"nrf_dfu_validation_init_cmd_append",0.175046580,0.808153549,43.426391827,28.340777790
0x000fa9e4,"nrf_fstorage_sd_erase",7,0x000f82f8,"app_sched_init",0.161181459,0.773598346,43.426391827,32.347923690
0x000fa9e4,"nrf_fstorage_sd_erase",8,0x000fa1b6,"pb_field_iter_find",0.138164800,0.304332549,43.426391827,36.710176325
0x000fa9e4,"nrf_fstorage_sd_erase",9,0x000f9094,"bsp_board_led_on",0.151742175,-0.049289308,43.426391827,26.508397982
0x000fa9e4,"nrf_fstorage_sd_erase",10,0x000f90bc,"bsp_board_led_off",0.151742175,-0.049289308,43.426391827,26.508397982
0x000fa9e4,"nrf_fstorage_sd_erase",11,0x000f86be,"nrf_balloc_init",0.148826346,-0.222789753,43.426391827,45.989289360
0x000fa9e4,"nrf_fstorage_sd_erase",12,0x000fa550,"pb_decode_tag",0.119904299,-0.658264382,43.426391827,43.443756798
0x000face0,"nrf_fstorage_sd_init",1,0x000f8988,"init",0.424418779,9.189752115,29.958446289,24.973033380
0x000face0,"nrf_fstorage_sd_init",2,0x000f8be0,"nrf_section_iter_init",0.105856217,-0.132135061,29.958446289,21.981283081
0x000face0,"nrf_fstorage_sd_init",3,0x000f9484,"nrf_sdh_ble_enable",0.141167038,-0.747645433,29.958446289,17.384406865
0x000face0,"nrf_fstorage_sd_init",4,0x000fb8c4,"nrf_dfu_settings_write_and_backup",0.137866443,-0.747645433,29.958446289,17.935554343
0x000face0,"nrf_fstorage_sd_init",5,0x000faa62,"pb_decode_fixed64",0.086121216,-0.900321864,29.958446289,21.377225095
0x000face0,"nrf_fstorage_sd_init",6,0x000fbed8,"nrf_dfu_validation_init_cmd_append",0.048221867,-1.206698237,29.958446289,28.340777790
0x000face0,"nrf_fstorage_sd_init",7,0x000faa44,"pb_decode_fixed32",0.093214973,-1.250383349,29.958446289,19.127269137
0x000face0,"nrf_fstorage_sd_init",8,0x000fd8ec,"memcpy",0.029333701,-1.275543220,29.958446289,29.534490883
0x000face0,"nrf_fstorage_sd_init",9,0x000f887c,"write",0.065422498,-1.398596779,29.958446289,32.639553966
0x000face0,"nrf_fstorage_sd_init",10,0x000fc5ac,"set_digest_in_hw_sha256",0.048268368,-1.450573963,29.958446289,14.698052713
0x000face0,"nrf_fstorage_sd_init",11,0x000fc5e4,"read_digest_in_hw_sha256",0.038172978,-1.450573963,29.958446289,19.901186018
0x000face0,"nrf_fstorage_sd_init",12,0x000f975c,"nrf_crypto_internal_swap_endian_in_place",0.029579337,-1.450573963,29.958446289,29.145400264
0x000fad28,"nrf_fstorage_sd_is_busy",1,0x000f9070,"cc310_bl_backend_disable",0.144173697,4.584479204,12.795499117,13.234035506
0x000fad28,"nrf_fstorage_sd_is_busy",2,0x000f876c,"nrf_fstorage_init",0.000000000,2.966352513,12.795499117,12.977786468
0x000fad28,"nrf_fstorage_sd_is_busy",3,0x000f97a2,"nrf_crypto_internal_double_swap_endian_in_place",0.000000000,2.966352513,12.795499117,13.232857116
0x000fad28,"nrf_fstorage_sd_is_busy",4,0x000f9b6c,"nrf_bootloader_app_start",0.000000000,2.966352513,12.795499117,12.872793677
0x000fad28,"nrf_fstorage_sd_is_busy",5,0x000fa95e,"pb_decode",0.000000000,2.966352513,12.795499117,13.376410647
0x000fad28,"nrf_fstorage_sd_is_busy",6,0x000fb36a,"nrf_dfu_mbr_init_sd",0.000000000,2.966352513,12.795499117,12.126692768
0x000fad28,"nrf_fstorage_sd_is_busy",7,0x000fb900,"nrf_dfu_settings_progress_reset",0.000000000,2.966352513,12.795499117,13.154645564
0x000fad28,"nrf_fstorage_sd_is_busy",8,0x000fb97c,"nrf_dfu_settings_adv_name_is_valid",0.000000000,2.966352513,12.795499117,13.175049138
0x000fad28,"nrf_fstorage_sd_is_busy",9,0x000fc004,"fw_hash_ok",0.000000000,2.966352513,12.795499117,12.383047125
0x000fad28,"nrf_fstorage_sd_is_busy",10,0x000f87d8,"init",0.180644320,2.954365142,12.795499117,10.611468972
0x000fad28,"nrf_fstorage_sd_is_busy",11,0x000f8944,"nrf_fstorage_sdh_req_handler",0.167014701,2.954365142,12.795499117,11.393174392
0x000fad28,"nrf_fstorage_sd_is_busy",12,0x000f9944,"ble_srv_is_notification_enabled",0.167012168,2.954365142,12.795499117,11.393337701
0x000fd1d2,"nrf_fstorage_sd_read",1,0x000f880c,"read",1.000000000,10.133091162,10.133091162,10.133091162
0x000fd1d2,"nrf_fstorage_sd_read",2,0x000f8958,"read",1.000000000,10.133091162,10.133091162,10.133091162
0x000fd1d2,"nrf_fstorage_sd_read",3,0x000f981c,"app_error_fault_handler",0.279990482,5.551358401,10.133091162,9.202545620
0x000fd1d2,"nrf_fstorage_sd_read",4,0x000f9822,"app_error_handler_bare",0.279990482,5.551358401,10.133091162,9.202545620
0x000fd1d2,"nrf_fstorage_sd_read",5,0x000f87fc,"uninit",0.251557098,5.551358401,10.133091162,9.965084063
0x000fd1d2,"nrf_fstorage_sd_read",6,0x000f86b2,"nrf_atomic_flag_set_fetch",0.247998903,5.551358401,10.133091162,10.079396111
0x000fd1d2,"nrf_fstorage_sd_read",7,0x000f86b8,"nrf_atomic_flag_clear",0.247998903,5.551358401,10.133091162,10.079396111
0x000fd1d2,"nrf_fstorage_sd_read",8,0x000fab70,"on_flash_write",0.247998903,5.551358401,10.133091162,10.079396111
0x000fd1d2,"nrf_fstorage_sd_read",9,0x000fb8b8,"nrf_dfu_settings_backup",0.247998903,5.551358401,10.133091162,10.079396111
0x000fd1d2,"nrf_fstorage_sd_read",10,0x000fb2fc,"nrf_dfu_flash_store",0.246378844,5.551358401,10.133091162,10.133091162
0x000fd1d2,"nrf_fstorage_sd_read",11,0x000fb318,"nrf_dfu_flash_erase",0.246378844,5.551358401,10.133091162,10.133091162
0x000fd1d2,"nrf_fstorage_sd_read",12,0x000fb8a4,"settings_backup",0.246378844,5.551358401,10.133091162,10.133091162
0x000fd29c,"nrf_fstorage_sd_rmap",1,0x000f87e4,"rmap",1.000000000,8.572937276,8.572937276,8.572937276
0x000fd29c,"nrf_fstorage_sd_rmap",2,0x000f892a,"rmap",1.000000000,8.572937276,8.572937276,8.572937276
0x000fd29c,"nrf_fstorage_sd_rmap",3,0x000f87e8,"wmap",0.423256041,6.121474264,8.572937276,8.228918894
0x000fd29c,"nrf_fstorage_sd_rmap",4,0x000f892e,"wmap",0.423256041,6.121474264,8.572937276,8.228918894
0x000fd29c,"nrf_fstorage_sd_rmap",5,0x000f99e8,"nrf_dfu_init_user",0.423256041,6.121474264,8.572937276,8.228918894
0x000fd29c,"nrf_fstorage_sd_rmap",6,0x000fba90,"nrf_dfu_softdevice_start_address",0.423256041,6.121474264,8.572937276,8.228918894
0x000fd29c,"nrf_fstorage_sd_rmap",7,0x000f8240,"_stack_init",0.409546487,6.121474264,8.572937276,8.379975367
0x000fd29c,"nrf_fstorage_sd_rmap",8,0x000fd92c,"_init",0.409546487,6.121474264,8.572937276,8.379975367
0x000fd29c,"nrf_fstorage_sd_rmap",9,0x000fd938,"_fini",0.409546487,6.121474264,8.572937276,8.379975367
0x000fd29c,"nrf_fstorage_sd_rmap",10,0x000f9300,"nrf_sdh_is_enabled",0.393828831,6.121474264,8.572937276,8.572937276
0x000fd29c,"nrf_fstorage_sd_rmap",11,0x000fbf18,"nrf_dfu_validation_init_cmd_present",0.393828831,6.121474264,8.572937276,8.572937276
0x000fd29c,"nrf_fstorage_sd_rmap",12,0x000f82e4,"NMI_Handler",0.000000000,4.214273637,8.572937276,8.766523578
0x000fd6f4,"nrf_fstorage_sd_uninit",1,0x000f9b6c,"nrf_bootloader_app_start",0.171216300,4.793973159,13.394868322,12.872793677
0x000fd6f4,"nrf_fstorage_sd_uninit",2,0x000fb900,"nrf_dfu_settings_progress_reset",0.167805227,4.793973159,13.394868322,13.154645564
0x000fd6f4,"nrf_fstorage_sd_uninit",3,0x000f97a2,"nrf_crypto_internal_double_swap_endian_in_place",0.166894253,4.793973159,13.394868322,13.232857116
0x000fd6f4,"nrf_fstorage_sd_uninit",4,0x000fa95e,"pb_decode",0.165260114,4.793973159,13.394868322,13.376410647
0x000fd6f4,"nrf_fstorage_sd_uninit",5,0x000f8968,"uninit",0.185345230,3.163859097,13.394868322,11.866338467
0x000fd6f4,"nrf_fstorage_sd_uninit",6,0x000f8f24,"cc310_bl_backend_hash_sha256_init",0.159793593,3.051554521,13.394868322,13.889053703
0x000fd6f4,"nrf_fstorage_sd_uninit",7,0x000f978a,"nrf_crypto_internal_double_swap_endian",0.158717748,3.051554521,13.394868322,13.996232483
0x000fd6f4,"nrf_fstorage_sd_uninit",8,0x000f876c,"nrf_fstorage_init",0.000000000,2.966352513,13.394868322,12.977786468
0x000fd6f4,"nrf_fstorage_sd_uninit",9,0x000f9070,"cc310_bl_backend_disable",0.000000000,2.966352513,13.394868322,13.234035506
0x000fd6f4,"nrf_fstorage_sd_uninit",10,0x000fb36a,"nrf_dfu_mbr_init_sd",0.000000000,2.966352513,13.394868322,12.126692768
0x000fd6f4,"nrf_fstorage_sd_uninit",11,0x000fb97c,"nrf_dfu_settings_adv_name_is_valid",0.000000000,2.966352513,13.394868322,13.175049138
0x000fd6f4,"nrf_fstorage_sd_uninit",12,0x000fc004,"fw_hash_ok",0.000000000,2.966352513,13.394868322,12.383047125
0x000fd7d0,"nrf_fstorage_sd_wmap",1,0x000f87e8,"wmap",1.000000000,8.228918894,8.228918894,8.228918894
0x000fd7d0,"nrf_fstorage_sd_wmap",2,0x000f892e,"wmap",1.000000000,8.228918894,8.228918894,8.228918894
0x000fd7d0,"nrf_fstorage_sd_wmap",3,0x000f99e8,"nrf_dfu_init_user",1.000000000,8.228918894,8.228918894,8.228918894
0x000fd7d0,"nrf_fstorage_sd_wmap",4,0x000fba90,"nrf_dfu_softdevice_start_address",1.000000000,8.228918894,8.228918894,8.228918894
0x000fd7d0,"nrf_fstorage_sd_wmap",5,0x000f8240,"_stack_init",0.440148133,6.121474264,8.228918894,8.379975367
0x000fd7d0,"nrf_fstorage_sd_wmap",6,0x000fd92c,"_init",0.440148133,6.121474264,8.228918894,8.379975367
0x000fd7d0,"nrf_fstorage_sd_wmap",7,0x000fd938,"_fini",0.440148133,6.121474264,8.228918894,8.379975367
0x000fd7d0,"nrf_fstorage_sd_wmap",8,0x000f87e4,"rmap",0.423256041,6.121474264,8.228918894,8.572937276
0x000fd7d0,"nrf_fstorage_sd_wmap",9,0x000f892a,"rmap",0.423256041,6.121474264,8.228918894,8.572937276
0x000fd7d0,"nrf_fstorage_sd_wmap",10,0x000f9300,"nrf_sdh_is_enabled",0.423256041,6.121474264,8.228918894,8.572937276
0x000fd7d0,"nrf_fstorage_sd_wmap",11,0x000fbf18,"nrf_dfu_validation_init_cmd_present",0.423256041,6.121474264,8.228918894,8.572937276
0x000fd7d0,"nrf_fstorage_sd_wmap",12,0x000fb384,"nrf_dfu_mbr_irq_forward_address_set",0.774373233,4.518484028,8.228918894,9.710465577
0x000fd818,"nrf_fstorage_sd_write",1,0x000f8b44,"erase",0.269159412,6.815797135,43.498458977,41.112571844
0x000fd818,"nrf_fstorage_sd_write",2,0x000f8b90,"write",0.266452262,6.790953795,43.498458977,41.829482488
0x000fd818,"nrf_fstorage_sd_write",3,0x000fc658,"nrf_cc310_bl_hash_sha256_init",0.245880113,1.804516387,43.498458977,20.628690448
0x000fd818,"nrf_fstorage_sd_write",4,0x000fb92c,"nrf_dfu_settings_adv_name_write",0.192762257,1.630613008,43.498458977,29.795569392
0x000fd818,"nrf_fstorage_sd_write",5,0x000fb964,"nrf_dfu_settings_adv_name_copy",0.254941459,0.732402581,43.498458977,16.517275992
0x000fd818,"nrf_fstorage_sd_write",6,0x000fbed8,"nrf_dfu_validation_init_cmd_append",0.174878247,0.558499202,43.498458977,28.340777790
0x000fd818,"nrf_fstorage_sd_write",7,0x000f82f8,"app_sched_init",0.161026459,0.483969183,43.498458977,32.347923690
0x000fd818,"nrf_fstorage_sd_write",8,0x000fa1b6,"pb_field_iter_find",0.138031934,-0.091896125,43.498458977,36.710176325
0x000fd818,"nrf_fstorage_sd_write",9,0x000f9094,"bsp_board_led_on",0.151596252,-0.298943655,43.498458977,26.508397982
0x000fd818,"nrf_fstorage_sd_write",10,0x000f90bc,"bsp_board_led_off",0.151596252,-0.298943655,43.498458977,26.508397982
0x000fd818,"nrf_fstorage_sd_write",11,0x000f86be,"nrf_balloc_init",0.148683228,-0.302144207,43.498458977,45.989289360
0x000fd818,"nrf_fstorage_sd_write",12,0x000f95b6,"nrf_crypto_internal_ecc_raw_input_check",0.168765661,-0.890733192,43.498458977,20.893639822
0x000fbf90,"nrf_fstorage_sys_evt_handler",1,0x000f8a60,"nrf_fstorage_sys_evt_handler",0.307852608,15.970795087,120.373482281,109.470564857
0x000fbf90,"nrf_fstorage_sys_evt_handler",2,0x000f8ed8,"hash_result_get",0.233237119,4.132491703,120.373482281,38.446979493
0x000fbf90,"nrf_fstorage_sys_evt_handler",3,0x000f987c,"nrf_dfu_set_adv_name_on_sys_evt",0.215882208,2.579117104,120.373482281,34.690293882
0x000fbf90,"nrf_fstorage_sys_evt_handler",4,0x000f9680,"nrf_crypto_hash_update",0.194367334,0.521082498,120.373482281,35.569951845
0x000fbf90,"nrf_fstorage_sys_evt_handler",5,0x000f95b6,"nrf_crypto_internal_ecc_raw_input_check",0.159599092,-2.334662168,120.373482281,20.893639822
0x000fbf90,"nrf_fstorage_sys_evt_handler",6,0x000f959e,"nrf_crypto_internal_ecc_key_input_check",0.154801952,-2.619539711,120.373482281,21.830400154
0x000fbf90,"nrf_fstorage_sys_evt_handler",7,0x000f96b4,"nrf_crypto_hash_finalize",0.151555234,-3.263556913,120.373482281,40.417589591
0x000fbf90,"nrf_fstorage_sys_evt_handler",8,0x000fc3b4,"verify_context_ecdsa_verify_secp256r1",0.139358581,-3.653287073,120.373482281,20.594658968
0x000fbf90,"nrf_fstorage_sys_evt_handler",9,0x000fc638,"verify_context_hash_sha256",0.139358581,-3.653287073,120.373482281,20.594658968
0x000fbf90,"nrf_fstorage_sys_evt_handler",10,0x000f9584,"nrf_crypto_internal_ecc_key_output_prepare",0.133677361,-3.962885848,120.373482281,23.342888392
0x000fbf90,"nrf_fstorage_sys_evt_handler",11,0x000f9de4,"nrf_bootloader_dfu_inactivity_timer_restart",0.124574578,-4.285912273,120.373482281,22.957625372
0x000fbf90,"nrf_fstorage_sys_evt_handler",12,0x000f9658,"nrf_crypto_hash_init",0.127164563,-4.348628862,120.373482281,31.379879909
0x000fc030,"nrf_fstorage_write",1,0x000f8774,"nrf_fstorage_write",0.311457552,3.621787346,18.126839917,13.434864643
0x000fc030,"nrf_fstorage_write",2,0x000f8782,"nrf_fstorage_erase",0.311457552,3.621787346,18.126839917,13.434864643
0x000fc030,"nrf_fstorage_write",3,0x000f866c,"nrf_atomic_u32_fetch_store",0.067846305,1.660810223,18.126839917,20.043934639
0x000fc030,"nrf_fstorage_write",4,0x000f9484,"nrf_sdh_ble_enable",0.000000000,1.302457681,18.126839917,17.384406865
0x000fc030,"nrf_fstorage_write",5,0x000f9518,"nrf_nvmc_write_word",0.000000000,1.302457681,18.126839917,19.455287611
0x000fc030,"nrf_fstorage_write",6,0x000f9b90,"jump_to_addr",0.000000000,1.302457681,18.126839917,18.701983586
0x000fc030,"nrf_fstorage_write",7,0x000fa420,"pb_istream_from_buffer",0.000000000,1.302457681,18.126839917,16.348298473
0x000fc030,"nrf_fstorage_write",8,0x000fb8c4,"nrf_dfu_settings_write_and_backup",0.000000000,1.302457681,18.126839917,17.935554343
0x000fc030,"nrf_fstorage_write",9,0x000fb964,"nrf_dfu_settings_adv_name_copy",0.000000000,1.302457681,18.126839917,16.517275992
0x000fc030,"nrf_fstorage_write",10,0x000fb99c,"nrf_dfu_settings_additional_erase",0.000000000,1.302457681,18.126839917,18.665035183
0x000fc030,"nrf_fstorage_write",11,0x000fbe8c,"nrf_dfu_validation_init",0.000000000,1.302457681,18.126839917,17.433127988
0x000fc030,"nrf_fstorage_write",12,0x000f8682,"nrf_atomic_u32_fetch_or",0.064376317,0.796485353,18.126839917,21.597634049
0x000fc070,"nrf_nvmc_page_erase",1,0x000f94e8,"nrf_nvmc_page_erase",0.256356828,3.473549590,28.253739469,20.871725082
0x000fc070,"nrf_nvmc_page_erase",2,0x000f9518,"nrf_nvmc_write_word",0.269521953,3.186589362,28.253739469,19.455287611
0x000fc070,"nrf_nvmc_page_erase",3,0x000f9544,"nrf_nvmc_write_words",0.221940607,3.085075532,28.253739469,37.394697243
0x000fc070,"nrf_nvmc_page_erase",4,0x000f8c48,"nvmc_wait",0.300434881,1.751353714,28.253739469,14.328249014
0x000fc070,"nrf_nvmc_page_erase",5,0x000f94d8,"wait_for_flash_ready",0.300434881,1.751353714,28.253739469,14.328249014
0x000fc070,"nrf_nvmc_page_erase",6,0x000f91a0,"softdevice_evt_irq_disable",0.172133668,1.726598059,28.253739469,20.660240445
0x000fc070,"nrf_nvmc_page_erase",7,0x000fd808,"SaSi_HalWaitInterrupt",0.129044867,1.439203315,28.253739469,23.331570503
0x000fc070,"nrf_nvmc_page_erase",8,0x000fa030,"nrf_bootloader_mbr_addrs_populate",0.068023795,0.042927855,28.253739469,23.196136331
0x000fc070,"nrf_nvmc_page_erase",9,0x000f9070,"cc310_bl_backend_disable",0.245129303,0.004836687,28.253739469,13.234035506
0x000fc070,"nrf_nvmc_page_erase",10,0x000f9de4,"nrf_bootloader_dfu_inactivity_timer_restart",0.057434856,-0.171929643,28.253739469,22.957625372
0x000fc070,"nrf_nvmc_page_erase",11,0x000f82bc,"Reset_Handler",0.056403558,-0.175124174,28.253739469,26.461217820
0x000fc070,"nrf_nvmc_page_erase",12,0x000f9774,"nrf_crypto_internal_swap_endian",0.056252895,-0.175124174,28.253739469,26.570915745
0x000fc0a0,"nrf_nvmc_write_word",1,0x000f9518,"nrf_nvmc_write_word",0.368724131,5.701940071,27.138576447,19.455287611
0x000fc0a0,"nrf_nvmc_write_word",2,0x000f94e8,"nrf_nvmc_page_erase",0.263035016,3.998369833,27.138576447,20.871725082
0x000fc0a0,"nrf_nvmc_write_word",3,0x000f9544,"nrf_nvmc_write_words",0.227722241,3.011798867,27.138576447,37.394697243
0x000fc0a0,"nrf_nvmc_write_word",4,0x000f91a0,"softdevice_evt_irq_disable",0.176617813,2.294799607,27.138576447,20.660240445
0x000fc0a0,"nrf_nvmc_write_word",5,0x000f8c48,"nvmc_wait",0.308261319,2.084294838,27.138576447,14.328249014
0x000fc0a0,"nrf_nvmc_write_word",6,0x000f94d8,"wait_for_flash_ready",0.308261319,2.084294838,27.138576447,14.328249014
0x000fc0a0,"nrf_nvmc_write_word",7,0x000fd808,"SaSi_HalWaitInterrupt",0.132406533,2.055374643,27.138576447,23.331570503
0x000fc0a0,"nrf_nvmc_write_word",8,0x000fa030,"nrf_bootloader_mbr_addrs_populate",0.069795839,0.702480487,27.138576447,23.196136331
0x000fc0a0,"nrf_nvmc_write_word",9,0x000f9070,"cc310_bl_backend_disable",0.251515010,0.285219556,27.138576447,13.234035506
0x000fc0a0,"nrf_nvmc_write_word",10,0x000fc910,"PkaSetRegsSizesTab",0.064562687,0.240553288,27.138576447,22.442562969
0x000fc0a0,"nrf_nvmc_write_word",11,0x000fd918,"strlen",0.063631031,0.240553288,27.138576447,22.927287501
0x000fc0a0,"nrf_nvmc_write_word",12,0x000fd908,"memset",0.068666442,-0.094376721,27.138576447,20.537093130
0x000fc0d0,"nrf_nvmc_write_words",1,0x000f9544,"nrf_nvmc_write_words",0.215477562,3.732163569,42.054481448,37.394697243
0x000fc0d0,"nrf_nvmc_write_words",2,0x000f9724,"nrf_crypto_init",0.217965193,3.661350175,42.054481448,32.453061159
0x000fc0d0,"nrf_nvmc_write_words",3,0x000fb9cc,"nrf_dfu_transports_init",0.222300672,3.658518641,42.054481448,31.431685470
0x000fc0d0,"nrf_nvmc_write_words",4,0x000fb9fc,"nrf_dfu_transports_close",0.222300672,3.658518641,42.054481448,31.431685470
0x000fc0d0,"nrf_nvmc_write_words",5,0x000fc7c4,"PkaSetRegsMapTab",0.187539776,3.238130910,42.054481448,37.264814671
0x000fc0d0,"nrf_nvmc_write_words",6,0x000fd808,"SaSi_HalWaitInterrupt",0.195787612,0.895575440,42.054481448,23.331570503
0x000fc0d0,"nrf_nvmc_write_words",7,0x000fd888,"__libc_init_array",0.141985119,0.603092487,42.054481448,34.661576447
0x000fc0d0,"nrf_nvmc_write_words",8,0x000f94e8,"nrf_nvmc_page_erase",0.201386402,0.205801742,42.054481448,20.871725082
0x000fc0d0,"nrf_nvmc_write_words",9,0x000f9518,"nrf_nvmc_write_word",0.211728538,0.202970208,42.054481448,19.455287611
0x000fc0d0,"nrf_nvmc_write_words",10,0x000fd8d0,"memcmp",0.123908577,0.189977628,42.054481448,37.212197940
0x000fc0d0,"nrf_nvmc_write_words",11,0x000f881c,"erase",0.131307286,-0.387692678,42.054481448,41.869569817
0x000fc0d0,"nrf_nvmc_write_words",12,0x000f975c,"nrf_crypto_internal_swap_endian_in_place",0.122415343,-0.900415487,42.054481448,29.145400264
0x000fc114,"nrf_rtc_event_clear",1,0x000f87d8,"init",0.200160127,5.048631902,11.536782565,10.611468972
0x000fc114,"nrf_rtc_event_clear",2,0x000f8944,"nrf_fstorage_sdh_req_handler",0.185058040,5.048631902,11.536782565,11.393174392
0x000fc114,"nrf_rtc_event_clear",3,0x000f9944,"ble_srv_is_notification_enabled",0.185055233,5.048631902,11.536782565,11.393337701
0x000fc114,"nrf_rtc_event_clear",4,0x000f8968,"uninit",0.000000000,3.382326221,11.536782565,11.866338467
0x000fc114,"nrf_rtc_event_clear",5,0x000f97b8,"__NVIC_SystemReset",0.000000000,3.382326221,11.536782565,11.873922398
0x000fc114,"nrf_rtc_event_clear",6,0x000f995c,"do_reset",0.000000000,3.382326221,11.536782565,11.873922398
0x000fc114,"nrf_rtc_event_clear",7,0x000f9980,"inactivity_timeout",0.000000000,3.382326221,11.536782565,11.281974576
0x000fc114,"nrf_rtc_event_clear",8,0x000faa5c,"pb_dec_fixed32",0.000000000,3.382326221,11.536782565,11.686790572
0x000fc114,"nrf_rtc_event_clear",9,0x000faa7c,"pb_dec_fixed64",0.000000000,3.382326221,11.536782565,11.686790572
0x000fc114,"nrf_rtc_event_clear",10,0x000fba2c,"nrf_dfu_bank_invalidate",0.000000000,3.382326221,11.536782565,11.537451209
0x000fc114,"nrf_rtc_event_clear",11,0x000fc2ec,"nrf_dfu_validation_activation_prepare",0.000000000,3.382326221,11.536782565,11.686790572
0x000fc114,"nrf_rtc_event_clear",12,0x000f97a2,"nrf_crypto_internal_double_swap_endian_in_place",0.223182187,3.355073995,11.536782565,13.232857116
0x000fc120,"nrf_sdh_ble_app_ram_start_get",1,0x000f93a0,"nrf_sdh_ble_app_ram_start_get",0.622211168,10.017310294,16.933539944,15.428501673
0x000fc120,"nrf_sdh_ble_app_ram_start_get",2,0x000f985c,"nrf_dfu_set_adv_name_handler",0.517060406,7.978907338,16.933539944,19.648848308
0x000fc120,"nrf_sdh_ble_app_ram_start_get",3,0x000fb964,"nrf_dfu_settings_adv_name_copy",0.262802262,5.687126606,16.933539944,16.517275992
0x000fc120,"nrf_sdh_ble_app_ram_start_get",4,0x000fc3b4,"verify_context_ecdsa_verify_secp256r1",0.406872057,5.663560646,16.933539944,20.594658968
0x000fc120,"nrf_sdh_ble_app_ram_start_get",5,0x000fc638,"verify_context_hash_sha256",0.406872057,5.663560646,16.933539944,20.594658968
0x000fc120,"nrf_sdh_ble_app_ram_start_get",6,0x000f95b6,"nrf_crypto_internal_ecc_raw_input_check",0.402764781,5.663560646,16.933539944,20.893639822
0x000fc120,"nrf_sdh_ble_app_ram_start_get",7,0x000f959e,"nrf_crypto_internal_ecc_key_input_check",0.390658703,5.107583941,16.933539944,21.830400154
0x000fc120,"nrf_sdh_ble_app_ram_start_get",8,0x000fb2d8,"nrf_dfu_flash_init",0.276957484,4.952448433,16.933539944,15.470655266
0x000fc120,"nrf_sdh_ble_app_ram_start_get",9,0x000f9584,"nrf_crypto_internal_ecc_key_output_prepare",0.373225238,4.621556527,16.933539944,23.342888392
0x000fc120,"nrf_sdh_ble_app_ram_start_get",10,0x000fb698,"nrf_dfu_req_handler_on_req",0.267370448,4.025510931,16.933539944,18.368693562
0x000fc120,"nrf_sdh_ble_app_ram_start_get",11,0x000f91a0,"softdevice_evt_irq_disable",0.240777175,3.964860616,16.933539944,20.660240445
0x000fc120,"nrf_sdh_ble_app_ram_start_get",12,0x000f9de4,"nrf_bootloader_dfu_inactivity_timer_restart",0.286580899,3.937153752,16.933539944,22.957625372
0x000fc134,"nrf_sdh_ble_default_cfg_set",1,0x000f9484,"nrf_sdh_ble_enable",0.535209146,7.886849888,26.986358933,17.384406865
0x000fc134,"nrf_sdh_ble_default_cfg_set",2,0x000f8be0,"nrf_section_iter_init",0.133710432,0.743524574,26.986358933,21.981283081
0x000fc134,"nrf_sdh_ble_default_cfg_set",3,0x000f8988,"init",0.116820392,0.626049326,26.986358933,24.973033380
0x000fc134,"nrf_sdh_ble_default_cfg_set",4,0x000f98a2,"nrf_dfu_set_adv_name_on_call",0.172169784,-0.050391063,26.986358933,41.881896894
0x000fc134,"nrf_sdh_ble_default_cfg_set",5,0x000fb8c4,"nrf_dfu_settings_write_and_backup",0.147309899,-0.413706572,26.986358933,17.935554343
0x000fc134,"nrf_sdh_ble_default_cfg_set",6,0x000fbea8,"nrf_dfu_validation_init_cmd_create",0.052459381,-0.687253149,26.986358933,25.968053209
0x000fc134,"nrf_sdh_ble_default_cfg_set",7,0x000f9094,"bsp_board_led_on",0.051763347,-0.687253149,26.986358933,26.508397982
0x000fc134,"nrf_sdh_ble_default_cfg_set",8,0x000f90bc,"bsp_board_led_off",0.051763347,-0.687253149,26.986358933,26.508397982
0x000fc134,"nrf_sdh_ble_default_cfg_set",9,0x000fbed8,"nrf_dfu_validation_init_cmd_append",0.049594162,-0.687253149,26.986358933,28.340777790
0x000fc134,"nrf_sdh_ble_default_cfg_set",10,0x000f8200,"__do_global_dtors_aux",0.177341514,-0.712133683,26.986358933,15.089155543
0x000fc134,"nrf_sdh_ble_default_cfg_set",11,0x000fb8e4,"nrf_dfu_settings_init",0.045210370,-1.012679578,26.986358933,27.321323295
0x000fc134,"nrf_sdh_ble_default_cfg_set",12,0x000f96f0,"nrf_crypto_hash_calculate",0.044927983,-1.012679578,26.986358933,27.590064527
0x000fc1d0,"nrf_sdh_ble_enable",1,0x000f9484,"nrf_sdh_ble_enable",0.367837981,6.137993657,16.411618976,17.384406865
0x000fc1d0,"nrf_sdh_ble_enable",2,0x000f8200,"__do_global_dtors_aux",0.332774275,5.687044218,16.411618976,15.089155543
0x000fc1d0,"nrf_sdh_ble_enable",3,0x000fb964,"nrf_dfu_settings_adv_name_copy",0.269069945,4.949889179,16.411618976,16.517275992
0x000fc1d0,"nrf_sdh_ble_enable",4,0x000f93a0,"nrf_sdh_ble_app_ram_start_get",0.175753628,4.530893895,16.411618976,15.428501673
0x000fc1d0,"nrf_sdh_ble_enable",5,0x000fb2d8,"nrf_dfu_flash_init",0.175361649,4.530893895,16.411618976,15.470655266
0x000fc1d0,"nrf_sdh_ble_enable",6,0x000f8be0,"nrf_section_iter_init",0.371444671,3.939851158,16.411618976,21.981283081
0x000fc1d0,"nrf_sdh_ble_enable",7,0x000f9b90,"jump_to_addr",0.161871392,3.473769870,16.411618976,18.701983586
0x000fc1d0,"nrf_sdh_ble_enable",8,0x000fa0fc,"nrf_bootloader_wdt_feed",0.080743193,3.041391533,16.411618976,15.132416731
0x000fc1d0,"nrf_sdh_ble_enable",9,0x000f9390,"nrf_sdh_ble_evts_poll",0.077501279,3.041391533,16.411618976,15.911585613
0x000fc1d0,"nrf_sdh_ble_enable",10,0x000fd860,"exit",0.075041359,3.041391533,16.411618976,16.571403855
0x000fc1d0,"nrf_sdh_ble_enable",11,0x000fc658,"nrf_cc310_bl_hash_sha256_init",0.228116754,2.536930081,16.411618976,20.628690448
0x000fc1d0,"nrf_sdh_ble_enable",12,0x000fba44,"nrf_dfu_bank0_start_addr",0.163092994,2.525564077,16.411618976,18.512561266
0x000fc244,"nrf_sdh_disable_request",1,0x000f9280,"nrf_sdh_disable_request",0.160910715,1.491986302,52.285405291,50.510036860
0x000fc244,"nrf_sdh_disable_request",2,0x000f9584,"nrf_crypto_internal_ecc_key_output_prepare",0.176691035,-0.192861863,52.285405291,23.342888392
0x000fc244,"nrf_sdh_disable_request",3,0x000fb698,"nrf_dfu_req_handler_on_req",0.159018253,-1.485092871,52.285405291,18.368693562
0x000fc244,"nrf_sdh_disable_request",4,0x000f985c,"nrf_dfu_set_adv_name_handler",0.151371717,-1.573425625,52.285405291,19.648848308
0x000fc244,"nrf_sdh_disable_request",5,0x000f92e0,"nrf_sdh_request_continue",0.136288876,-1.613348649,52.285405291,25.722174830
0x000fc244,"nrf_sdh_disable_request",6,0x000f949c,"nrf_sdh_soc_evts_poll",0.124223956,-1.890927819,52.285405291,38.413477544
0x000fc244,"nrf_sdh_disable_request",7,0x000fc584,"nrf_cc310_bl_ecdsa_verify_secp256r1",0.141797536,-2.208033701,52.285405291,18.697918980
0x000fc244,"nrf_sdh_disable_request",8,0x000f987c,"nrf_dfu_set_adv_name_on_sys_evt",0.118247922,-2.216760249,52.285405291,34.690293882
0x000fc244,"nrf_sdh_disable_request",9,0x000f93a0,"nrf_sdh_ble_app_ram_start_get",0.148804921,-2.360665451,52.285405291,15.428501673
0x000fc244,"nrf_sdh_disable_request",10,0x000f8ed8,"hash_result_get",0.115944060,-2.385898472,52.285405291,38.446979493
0x000fc244,"nrf_sdh_disable_request",11,0x000f9020,"cc310_bl_backend_init",0.119080233,-2.561364718,52.285405291,24.000797821
0x000fc244,"nrf_sdh_disable_request",12,0x000fc3b4,"verify_context_ecdsa_verify_secp256r1",0.119580865,-2.802329222,52.285405291,20.594658968
0x000fc298,"nrf_sdh_enable_request",1,0x000faaa8,"nrf_dfu_init",0.169825820,-0.993058435,59.173779642,22.382412976
0x000fc298,"nrf_sdh_enable_request",2,0x000f887c,"write",0.138924933,-1.472386667,59.173779642,32.639553966
0x000fc298,"nrf_sdh_enable_request",3,0x000f8988,"init",0.142701200,-1.725098979,59.173779642,24.973033380
0x000fc298,"nrf_sdh_enable_request",4,0x000fc790,"nrf_cc310_bl_init",0.144194329,-1.771110000,59.173779642,24.207055109
0x000fc298,"nrf_sdh_enable_request",5,0x000f85d6,"nrf_atfifo_item_put",0.121762102,-2.149706743,59.173779642,33.752682087
0x000fc298,"nrf_sdh_enable_request",6,0x000fb8c4,"nrf_dfu_settings_write_and_backup",0.152294028,-2.230447044,59.173779642,17.935554343
0x000fc298,"nrf_sdh_enable_request",7,0x000f864c,"nrf_atfifo_item_free",0.118309953,-2.276024617,59.173779642,35.395313926
0x000fc298,"nrf_sdh_enable_request",8,0x000f881c,"erase",0.119718157,-2.482929659,59.173779642,41.869569817
0x000fc298,"nrf_sdh_enable_request",9,0x000f985c,"nrf_dfu_set_adv_name_handler",0.124581819,-2.648734021,59.173779642,19.648848308
0x000fc298,"nrf_sdh_enable_request",10,0x000f8b24,"queue_start",0.128400039,-2.735718540,59.173779642,22.787069649
0x000fc298,"nrf_sdh_enable_request",11,0x000fb8e4,"nrf_dfu_settings_init",0.113924872,-2.988354288,59.173779642,27.321323295
0x000fc298,"nrf_sdh_enable_request",12,0x000fb348,"nrf_dfu_mbr_copy_bl",0.125740832,-3.048017331,59.173779642,15.951893824
0x000fc330,"nrf_sdh_is_enabled",1,0x000f8c0c,"nrf52_errata_36",0.259080559,5.544903925,10.126636686,9.697243372
0x000fc330,"nrf_sdh_is_enabled",2,0x000fb384,"nrf_dfu_mbr_irq_forward_address_set",0.258617307,5.544903925,10.126636686,9.710465577
0x000fc330,"nrf_sdh_is_enabled",3,0x000fb328,"ext_error_set",0.256132423,5.544903925,10.126636686,9.782618304
0x000fc330,"nrf_sdh_is_enabled",4,0x000f9010,"cc310_bl_backend_uninit",0.253495371,5.544903925,10.126636686,9.861522050
0x000fc330,"nrf_sdh_is_enabled",5,0x000fa098,"WDT_IRQHandler",0.253495371,5.544903925,10.126636686,9.861522050
0x000fc330,"nrf_sdh_is_enabled",6,0x000f9054,"cc310_bl_backend_enable",0.251153903,5.544903925,10.126636686,9.933674777
0x000fc330,"nrf_sdh_is_enabled",7,0x000f9950,"flash_write_callback",0.251153903,5.544903925,10.126636686,9.933674777
0x000fc330,"nrf_sdh_is_enabled",8,0x000f9e40,"flash_write_callback",0.251153903,5.544903925,10.126636686,9.933674777
0x000fc330,"nrf_sdh_is_enabled",9,0x000fd7f0,"SaSi_HalClearInterruptBit",0.251153903,5.544903925,10.126636686,9.933674777
0x000fc330,"nrf_sdh_is_enabled",10,0x000fd7fc,"SaSi_HalMaskInterrupt",0.251153903,5.544903925,10.126636686,9.933674777
0x000fc330,"nrf_sdh_is_enabled",11,0x000fd83c,"CRYPTOCELL_IRQHandler",0.251153903,5.544903925,10.126636686,9.933674777
0x000fc330,"nrf_sdh_is_enabled",12,0x000f8224,"frame_dummy",0.246456168,5.544903925,10.126636686,10.084687428
0x000fc33c,"nrf_sdh_request_continue",1,0x000f92e0,"nrf_sdh_request_continue",0.646579646,16.460375276,30.319678767,25.722174830
0x000fc33c,"nrf_sdh_request_continue",2,0x000f9de4,"nrf_bootloader_dfu_inactivity_timer_restart",0.223629267,2.675196503,30.319678767,22.957625372
0x000fc33c,"nrf_sdh_request_continue",3,0x000f9584,"nrf_crypto_internal_ecc_key_output_prepare",0.195926789,2.448996938,30.319678767,23.342888392
0x000fc33c,"nrf_sdh_request_continue",4,0x000f959e,"nrf_crypto_internal_ecc_key_input_check",0.205078589,2.303421323,30.319678767,21.830400154
0x000fc33c,"nrf_sdh_request_continue",5,0x000fc3b4,"verify_context_ecdsa_verify_secp256r1",0.213589885,2.157845709,30.319678767,20.594658968
0x000fc33c,"nrf_sdh_request_continue",6,0x000fc638,"verify_context_hash_sha256",0.213589885,2.157845709,30.319678767,20.594658968
0x000fc33c,"nrf_sdh_request_continue",7,0x000f95b6,"nrf_crypto_internal_ecc_raw_input_check",0.211433747,2.157845709,30.319678767,20.893639822
0x000fc33c,"nrf_sdh_request_continue",8,0x000f8c20,"nrf52_errata_98",0.176199999,0.979157994,30.319678767,21.829653284
0x000fc33c,"nrf_sdh_request_continue",9,0x000f985c,"nrf_dfu_set_adv_name_handler",0.170610374,0.630381687,30.319678767,19.648848308
0x000fc33c,"nrf_sdh_request_continue",10,0x000fb698,"nrf_dfu_req_handler_on_req",0.179228750,0.484806073,30.319678767,18.368693562
0x000fc33c,"nrf_sdh_request_continue",11,0x000f987c,"nrf_dfu_set_adv_name_on_sys_evt",0.152313529,0.376794240,30.319678767,34.690293882
0x000fc33c,"nrf_sdh_request_continue",12,0x000f93a0,"nrf_sdh_ble_app_ram_start_get",0.205306148,0.048079229,30.319678767,15.428501673
0x000fc1e4,"nrf_sdh_soc_evts_poll",1,0x000f949c,"nrf_sdh_soc_evts_poll",0.310688728,8.530961672,41.474716159,38.413477544
0x000fc1e4,"nrf_sdh_soc_evts_poll",2,0x000f9344,"nrf_sdh_ble_evts_poll",0.299080592,8.077134366,41.474716159,40.977641877
0x000fc1e4,"nrf_sdh_soc_evts_poll",3,0x000f9680,"nrf_crypto_hash_update",0.171782956,1.763910350,41.474716159,35.569951845
0x000fc1e4,"nrf_sdh_soc_evts_poll",4,0x000f9178,"sdh_state_observer_notify",0.215807526,1.714520617,41.474716159,24.423210600
0x000fc1e4,"nrf_sdh_soc_evts_poll",5,0x000f930c,"nrf_sdh_evts_poll",0.215807526,1.714520617,41.474716159,24.423210600
0x000fc1e4,"nrf_sdh_soc_evts_poll",6,0x000f9334,"SWI2_EGU2_IRQHandler",0.215483767,1.714520617,41.474716159,24.478583622
0x000fc1e4,"nrf_sdh_soc_evts_poll",7,0x000fa1e4,"buf_read",0.173178532,1.688214313,41.474716159,32.420387120
0x000fc1e4,"nrf_sdh_soc_evts_poll",8,0x000f86be,"nrf_balloc_init",0.153435174,0.530258825,41.474716159,45.989289360
0x000fc1e4,"nrf_sdh_soc_evts_poll",9,0x000fc3d4,"nrf_cc310_bl_ecdsa_verify_init_secp256r1",0.159457812,0.505929365,41.474716159,28.391102178
0x000fc1e4,"nrf_sdh_soc_evts_poll",10,0x000f8be0,"nrf_section_iter_init",0.176551793,0.438812292,41.474716159,21.981283081
0x000fc1e4,"nrf_sdh_soc_evts_poll",11,0x000f8bf2,"nrf_section_iter_next",0.147726202,0.178067071,41.474716159,28.822381645
0x000fc1e4,"nrf_sdh_soc_evts_poll",12,0x000f96b4,"nrf_crypto_hash_finalize",0.143262814,-0.042794854,41.474716159,40.417589591
0x000fc394,"nrf_section_iter_init",1,0x000f8bf2,"nrf_section_iter_next",0.223098889,2.974069304,41.890554802,28.822381645
0x000fc394,"nrf_section_iter_init",2,0x000f949c,"nrf_sdh_soc_evts_poll",0.170608962,2.115650028,41.890554802,38.413477544
0x000fc394,"nrf_section_iter_init",3,0x000f9344,"nrf_sdh_ble_evts_poll",0.164234570,1.969165339,41.890554802,40.977641877
0x000fc394,"nrf_section_iter_init",4,0x000fb9cc,"nrf_dfu_transports_init",0.195677159,1.254412759,41.890554802,31.431685470
0x000fc394,"nrf_section_iter_init",5,0x000fb9fc,"nrf_dfu_transports_close",0.195677159,1.254412759,41.890554802,31.431685470
0x000fc394,"nrf_section_iter_init",6,0x000f9724,"nrf_crypto_init",0.191860913,1.205584529,41.890554802,32.453061159
0x000fc394,"nrf_section_iter_init",7,0x000f8be0,"nrf_section_iter_init",0.207572404,1.005865568,41.890554802,21.981283081
0x000fc394,"nrf_section_iter_init",8,0x000f9148,"sdh_request_observer_notify",0.171824595,0.984383866,41.890554802,32.420161189
0x000fc394,"nrf_section_iter_init",9,0x000fa1e4,"buf_read",0.169861627,0.875150994,41.890554802,32.420387120
0x000fc394,"nrf_section_iter_init",10,0x000f86be,"nrf_balloc_init",0.155473871,0.561892588,41.890554802,45.989289360
0x000fc394,"nrf_section_iter_init",11,0x000fbb90,"pb_decoding_callback",0.163126146,0.493611303,41.890554802,45.326959377
0x000fc394,"nrf_section_iter_init",12,0x000fa1b6,"pb_field_iter_find",0.141895634,0.111518621,41.890554802,36.710176325
0x000fc3c2,"nrf_section_iter_next",1,0x000f8bf2,"nrf_section_iter_next",0.527369385,15.853803969,59.000604090,28.822381645
0x000fc3c2,"nrf_section_iter_next",2,0x000f88d8,"event_send",0.269363109,6.858894839,59.000604090,51.342429642
0x000fc3c2,"nrf_section_iter_next",3,0x000fbb90,"pb_decoding_callback",0.238344863,3.891493669,59.000604090,45.326959377
0x000fc3c2,"nrf_section_iter_next",4,0x000f96b4,"nrf_crypto_hash_finalize",0.218059101,1.989248366,59.000604090,40.417589591
0x000fc3c2,"nrf_section_iter_next",5,0x000fa200,"pb_decode_varint32",0.190087401,1.602457539,59.000604090,77.399513763
0x000fc3c2,"nrf_section_iter_next",6,0x000fbbdc,"is_major_softdevice_update",0.183724828,0.618867456,59.000604090,47.159693795
0x000fc3c2,"nrf_section_iter_next",7,0x000fc5ac,"set_digest_in_hw_sha256",0.252820866,0.609300838,59.000604090,14.698052713
0x000fc3c2,"nrf_section_iter_next",8,0x000f86be,"nrf_balloc_init",0.183275286,0.320138049,59.000604090,45.989289360
0x000fc3c2,"nrf_section_iter_next",9,0x000fa1e4,"buf_read",0.188327419,0.027834084,59.000604090,32.420387120
0x000fc3c2,"nrf_section_iter_next",10,0x000f86ec,"nrf_balloc_alloc",0.164275343,-0.047778322,59.000604090,61.515838206
0x000fc3c2,"nrf_section_iter_next",11,0x000fb2cc,"dfu_fstorage_evt_handler",0.216618969,-0.055173336,59.000604090,18.656314793
0x000fc3c2,"nrf_section_iter_next",12,0x000f9680,"nrf_crypto_hash_update",0.168354786,-1.249538033,59.000604090,35.569951845
0x000fc3e4,"nrf_svc_handler_c",1,0x000f98d4,"nrf_svc_handler_c",0.543154631,29.548044644,69.104026356,61.942299705
0x000fc3e4,"nrf_svc_handler_c",2,0x000fa200,"pb_decode_varint32",0.179004247,0.604534373,69.104026356,77.399513763
0x000fc3e4,"nrf_svc_handler_c",3,0x000fc5ac,"set_digest_in_hw_sha256",0.240263606,0.404375422,69.104026356,14.698052713
0x000fc3e4,"nrf_svc_handler_c",4,0x000fbb90,"pb_decoding_callback",0.168870638,-0.117426776,69.104026356,45.326959377
0x000fc3e4,"nrf_svc_handler_c",5,0x000f8be0,"nrf_section_iter_init",0.166179137,-1.098681464,69.104026356,21.981283081
0x000fc3e4,"nrf_svc_handler_c",6,0x000fa434,"pb_decode_varint",0.150248023,-1.401860123,69.104026356,70.249146870
0x000fc3e4,"nrf_svc_handler_c",7,0x000fa1b6,"pb_field_iter_find",0.149166712,-1.469695843,69.104026356,36.710176325
0x000fc3e4,"nrf_svc_handler_c",8,0x000f9680,"nrf_crypto_hash_update",0.157586822,-1.663283099,69.104026356,35.569951845
0x000fc3e4,"nrf_svc_handler_c",9,0x000fa5d6,"pb_make_string_substream",0.142676514,-2.127441620,69.104026356,41.905001897
0x000fc3e4,"nrf_svc_handler_c",10,0x000f96b4,"nrf_crypto_hash_finalize",0.146064555,-2.441474097,69.104026356,40.417589591
0x000fc3e4,"nrf_svc_handler_c",11,0x000f88d8,"event_send",0.136229701,-2.514282448,69.104026356,51.342429642
0x000fc3e4,"nrf_svc_handler_c",12,0x000f881c,"erase",0.133787586,-2.928389853,69.104026356,41.869569817
0x000fc440,"nrf_wdt_started",1,0x000f87d8,"init",0.198463673,5.048631902,11.631674956,10.611468972
0x000fc440,"nrf_wdt_started",2,0x000f8944,"nrf_fstorage_sdh_req_handler",0.183489583,5.048631902,11.631674956,11.393174392
0x000fc440,"nrf_wdt_started",3,0x000f9944,"ble_srv_is_notification_enabled",0.183486800,5.048631902,11.631674956,11.393337701
0x000fc440,"nrf_wdt_started",4,0x000f8968,"uninit",0.000000000,3.382326221,11.631674956,11.866338467
0x000fc440,"nrf_wdt_started",5,0x000f97b8,"__NVIC_SystemReset",0.000000000,3.382326221,11.631674956,11.873922398
0x000fc440,"nrf_wdt_started",6,0x000f995c,"do_reset",0.000000000,3.382326221,11.631674956,11.873922398
0x000fc440,"nrf_wdt_started",7,0x000f9980,"inactivity_timeout",0.000000000,3.382326221,11.631674956,11.281974576
0x000fc440,"nrf_wdt_started",8,0x000faa5c,"pb_dec_fixed32",0.000000000,3.382326221,11.631674956,11.686790572
0x000fc440,"nrf_wdt_started",9,0x000faa7c,"pb_dec_fixed64",0.000000000,3.382326221,11.631674956,11.686790572
0x000fc440,"nrf_wdt_started",10,0x000fba2c,"nrf_dfu_bank_invalidate",0.000000000,3.382326221,11.631674956,11.537451209
0x000fc440,"nrf_wdt_started",11,0x000fc2ec,"nrf_dfu_validation_activation_prepare",0.000000000,3.382326221,11.631674956,11.686790572
0x000fc440,"nrf_wdt_started",12,0x000f9070,"cc310_bl_backend_disable",0.158395467,2.954365142,11.631674956,13.234035506
0x000fdaa0,"nrfx_coredep_delay_machine_code_ble_dfu",1,0x000fd908,"memset",0.431440397,8.581210850,19.878817556,20.537093130
0x000fdaa0,"nrfx_coredep_delay_machine_code_ble_dfu",2,0x000fd918,"strlen",0.418196264,8.031951341,19.878817556,22.927287501
0x000fdaa0,"nrfx_coredep_delay_machine_code_ble_dfu",3,0x000f866c,"nrf_atomic_u32_fetch_store",0.274324657,6.250673121,19.878817556,20.043934639
0x000fdaa0,"nrfx_coredep_delay_machine_code_ble_dfu",4,0x000fc910,"PkaSetRegsSizesTab",0.336212233,6.205565317,19.878817556,22.442562969
0x000fdaa0,"nrfx_coredep_delay_machine_code_ble_dfu",5,0x000f8682,"nrf_atomic_u32_fetch_or",0.260294371,5.277249948,19.878817556,21.597634049
0x000fdaa0,"nrfx_coredep_delay_machine_code_ble_dfu",6,0x000f869a,"nrf_atomic_u32_and",0.260294371,5.277249948,19.878817556,21.597634049
0x000fdaa0,"nrfx_coredep_delay_machine_code_ble_dfu",7,0x000f975c,"nrf_crypto_internal_swap_endian_in_place",0.341879268,5.006295369,19.878817556,29.145400264
0x000fdaa0,"nrfx_coredep_delay_machine_code_ble_dfu",8,0x000fd8ec,"memcpy",0.272437890,2.957459963,19.878817556,29.534490883
0x000fdaa0,"nrfx_coredep_delay_machine_code_ble_dfu",9,0x000f9774,"nrf_crypto_internal_swap_endian",0.209954017,1.894755786,19.878817556,26.570915745
0x000fdaa0,"nrfx_coredep_delay_machine_code_ble_dfu",10,0x000fc7c4,"PkaSetRegsMapTab",0.243786104,1.471328717,19.878817556,37.264814671
0x000fdaa0,"nrfx_coredep_delay_machine_code_ble_dfu",11,0x000faa84,"dfu_observer",0.146884955,1.194889205,19.878817556,24.346816371
0x000fdaa0,"nrfx_coredep_delay_machine_code_ble_dfu",12,0x000f94e8,"nrf_nvmc_page_erase",0.000000000,0.886483973,19.878817556,20.871725082
0x000fd8b0,"nrfx_coredep_delay_machine_code_dfu_timers",1,0x000fd908,"memset",0.431440397,8.581210850,19.878817556,20.537093130
0x000fd8b0,"nrfx_coredep_delay_machine_code_dfu_timers",2,0x000fd918,"strlen",0.418196264,8.031951341,19.878817556,22.927287501
0x000fd8b0,"nrfx_coredep_delay_machine_code_dfu_timers",3,0x000f866c,"nrf_atomic_u32_fetch_store",0.274324657,6.250673121,19.878817556,20.043934639
0x000fd8b0,"nrfx_coredep_delay_machine_code_dfu_timers",4,0x000fc910,"PkaSetRegsSizesTab",0.336212233,6.205565317,19.878817556,22.442562969
0x000fd8b0,"nrfx_coredep_delay_machine_code_dfu_timers",5,0x000f8682,"nrf_atomic_u32_fetch_or",0.260294371,5.277249948,19.878817556,21.597634049
0x000fd8b0,"nrfx_coredep_delay_machine_code_dfu_timers",6,0x000f869a,"nrf_atomic_u32_and",0.260294371,5.277249948,19.878817556,21.597634049
0x000fd8b0,"nrfx_coredep_delay_machine_code_dfu_timers",7,0x000f975c,"nrf_crypto_internal_swap_endian_in_place",0.341879268,5.006295369,19.878817556,29.145400264
0x000fd8b0,"nrfx_coredep_delay_machine_code_dfu_timers",8,0x000fd8ec,"memcpy",0.272437890,2.957459963,19.878817556,29.534490883
0x000fd8b0,"nrfx_coredep_delay_machine_code_dfu_timers",9,0x000f9774,"nrf_crypto_internal_swap_endian",0.209954017,1.894755786,19.878817556,26.570915745
0x000fd8b0,"nrfx_coredep_delay_machine_code_dfu_timers",10,0x000fc7c4,"PkaSetRegsMapTab",0.243786104,1.471328717,19.878817556,37.264814671
0x000fd8b0,"nrfx_coredep_delay_machine_code_dfu_timers",11,0x000faa84,"dfu_observer",0.146884955,1.194889205,19.878817556,24.346816371
0x000fd8b0,"nrfx_coredep_delay_machine_code_dfu_timers",12,0x000f94e8,"nrf_nvmc_page_erase",0.000000000,0.886483973,19.878817556,20.871725082
0x000fc450,"nvmc_wait",1,0x000f8c48,"nvmc_wait",0.569154259,7.755378720,17.816380008,14.328249014
0x000fc450,"nvmc_wait",2,0x000f94d8,"wait_for_flash_ready",0.569154259,7.755378720,17.816380008,14.328249014
0x000fc450,"nvmc_wait",3,0x000fd808,"SaSi_HalWaitInterrupt",0.177126906,1.760706620,17.816380008,23.331570503
0x000fc450,"nvmc_wait",4,0x000f8248,"_start",0.000000000,1.718431389,17.816380008,17.465628009
0x000fc450,"nvmc_wait",5,0x000f9390,"nrf_sdh_ble_evts_poll",0.000000000,1.718431389,17.816380008,15.911585613
0x000fc450,"nvmc_wait",6,0x000f93a0,"nrf_sdh_ble_app_ram_start_get",0.000000000,1.718431389,17.816380008,15.428501673
0x000fc450,"nvmc_wait",7,0x000fa0fc,"nrf_bootloader_wdt_feed",0.000000000,1.718431389,17.816380008,15.132416731
0x000fc450,"nvmc_wait",8,0x000fb2d8,"nrf_dfu_flash_init",0.000000000,1.718431389,17.816380008,15.470655266
0x000fc450,"nvmc_wait",9,0x000fb348,"nrf_dfu_mbr_copy_bl",0.000000000,1.718431389,17.816380008,15.951893824
0x000fc450,"nvmc_wait",10,0x000fbd3c,"crypto_init",0.000000000,1.718431389,17.816380008,16.229349774
0x000fc450,"nvmc_wait",11,0x000fd860,"exit",0.000000000,1.718431389,17.816380008,16.571403855
0x000fc450,"nvmc_wait",12,0x000fa030,"nrf_bootloader_mbr_addrs_populate",0.202441429,1.551074467,17.816380008,23.196136331
0x000fc468,"on_ctrl_pt_write",1,0x000fbb40,"update_data_size_get",0.221591872,3.209237036,57.070932422,67.651976529
0x000fc468,"on_ctrl_pt_write",2,0x000f88d8,"event_send",0.203446000,1.480065444,57.070932422,51.342429642
0x000fc468,"on_ctrl_pt_write",3,0x000fc2f4,"nrf_dfu_ver_validation_check",0.195371968,0.794183520,57.070932422,113.937218237
0x000fc468,"on_ctrl_pt_write",4,0x000f95cc,"nrf_crypto_ecc_public_key_from_raw",0.184896554,-0.241951172,57.070932422,39.387338565
0x000fc468,"on_ctrl_pt_write",5,0x000fa97e,"pb_dec_submessage",0.166819187,-0.639120940,57.070932422,42.615906139
0x000fc468,"on_ctrl_pt_write",6,0x000fa3e0,"pb_dec_bytes",0.161720012,-0.951244044,57.070932422,44.315128121
0x000fc468,"on_ctrl_pt_write",7,0x000fa3a0,"pb_dec_string",0.154347202,-1.610633891,57.070932422,45.467570049
0x000fc468,"on_ctrl_pt_write",8,0x000fa110,"pb_field_iter_begin",0.135793059,-1.966695038,57.070932422,31.757283148
0x000fc468,"on_ctrl_pt_write",9,0x000fc730,"nrf_cc310_bl_hash_sha256_finalize",0.139108194,-2.551796046,57.070932422,63.584595672
0x000fc468,"on_ctrl_pt_write",10,0x000fac14,"ble_evt_handler",0.137677936,-2.901849878,57.070932422,307.419305852
0x000fc468,"on_ctrl_pt_write",11,0x000fa49a,"pb_dec_uvarint",0.138903846,-3.625543593,57.070932422,62.757973760
0x000fc468,"on_ctrl_pt_write",12,0x000fa5d6,"pb_make_string_substream",0.111521550,-3.626317955,57.070932422,41.905001897
0x000fc550,"on_data_obj_execute_request_sched",1,0x000fb3b0,"on_data_obj_execute_request_sched",0.416315022,15.075033799,49.651634814,44.532081875
0x000fc550,"on_data_obj_execute_request_sched",2,0x000f887c,"write",0.284734076,4.597337996,49.651634814,32.639553966
0x000fc550,"on_data_obj_execute_request_sched",3,0x000f881c,"erase",0.245368762,3.535135241,49.651634814,41.869569817
0x000fc550,"on_data_obj_execute_request_sched",4,0x000f8988,"init",0.238146093,1.350766340,49.651634814,24.973033380
0x000fc550,"on_data_obj_execute_request_sched",5,0x000fc5ac,"set_digest_in_hw_sha256",0.248728153,1.145115073,49.651634814,14.698052713
0x000fc550,"on_data_obj_execute_request_sched",6,0x000fb8c4,"nrf_dfu_settings_write_and_backup",0.272254830,0.934745627,49.651634814,17.935554343
0x000fc550,"on_data_obj_execute_request_sched",7,0x000f8b24,"queue_start",0.229539735,0.403644249,49.651634814,22.787069649
0x000fc550,"on_data_obj_execute_request_sched",8,0x000fa5d6,"pb_make_string_substream",0.146520857,0.018346626,49.651634814,41.905001897
0x000fc550,"on_data_obj_execute_request_sched",9,0x000fb8e4,"nrf_dfu_settings_init",0.157084622,-1.722463306,49.651634814,27.321323295
0x000fc550,"on_data_obj_execute_request_sched",10,0x000fa97e,"pb_dec_submessage",0.122933010,-1.789165257,49.651634814,42.615906139
0x000fc550,"on_data_obj_execute_request_sched",11,0x000faaa8,"nrf_dfu_init",0.143457759,-2.720100369,49.651634814,22.382412976
0x000fc550,"on_data_obj_execute_request_sched",12,0x000fc5e4,"read_digest_in_hw_sha256",0.107663473,-2.807556128,49.651634814,19.901186018
0x000fc684,"on_flash_write",1,0x000f981c,"app_error_fault_handler",0.279990482,5.551358401,10.133091162,9.202545620
0x000fc684,"on_flash_write",2,0x000f9822,"app_error_handler_bare",0.279990482,5.551358401,10.133091162,9.202545620
0x000fc684,"on_flash_write",3,0x000f87fc,"uninit",0.251557098,5.551358401,10.133091162,9.965084063
0x000fc684,"on_flash_write",4,0x000f86b2,"nrf_atomic_flag_set_fetch",0.247998903,5.551358401,10.133091162,10.079396111
0x000fc684,"on_flash_write",5,0x000f86b8,"nrf_atomic_flag_clear",0.247998903,5.551358401,10.133091162,10.079396111
0x000fc684,"on_flash_write",6,0x000fab70,"on_flash_write",0.247998903,5.551358401,10.133091162,10.079396111
0x000fc684,"on_flash_write",7,0x000fb8b8,"nrf_dfu_settings_backup",0.247998903,5.551358401,10.133091162,10.079396111
0x000fc684,"on_flash_write",8,0x000f880c,"read",0.246378844,5.551358401,10.133091162,10.133091162
0x000fc684,"on_flash_write",9,0x000f8958,"read",0.246378844,5.551358401,10.133091162,10.133091162
0x000fc684,"on_flash_write",10,0x000fb2fc,"nrf_dfu_flash_store",0.246378844,5.551358401,10.133091162,10.133091162
0x000fc684,"on_flash_write",11,0x000fb318,"nrf_dfu_flash_erase",0.246378844,5.551358401,10.133091162,10.133091162
0x000fc684,"on_flash_write",12,0x000fb8a4,"settings_backup",0.246378844,5.551358401,10.133091162,10.133091162
0x000fc690,"on_rw_authorize_req",1,0x000fa110,"pb_field_iter_begin",0.121435274,-3.366324013,69.859060051,31.757283148
0x000fc690,"on_rw_authorize_req",2,0x000fbbdc,"is_major_softdevice_update",0.148627585,-3.386419548,69.859060051,47.159693795
0x000fc690,"on_rw_authorize_req",3,0x000fc2f4,"nrf_dfu_ver_validation_check",0.171143435,-3.725665278,69.859060051,113.937218237
0x000fc690,"on_rw_authorize_req",4,0x000f88d8,"event_send",0.140893973,-3.928601716,69.859060051,51.342429642
0x000fc690,"on_rw_authorize_req",5,0x000fbb40,"update_data_size_get",0.150158815,-4.128974570,69.859060051,67.651976529
0x000fc690,"on_rw_authorize_req",6,0x000fac14,"ble_evt_handler",0.129475646,-4.418213789,69.859060051,307.419305852
0x000fc690,"on_rw_authorize_req",7,0x000fc3d4,"nrf_cc310_bl_ecdsa_verify_init_secp256r1",0.099816576,-5.136344879,69.859060051,28.391102178
0x000fc690,"on_rw_authorize_req",8,0x000fc5ac,"set_digest_in_hw_sha256",0.112550784,-5.153344951,69.859060051,14.698052713
0x000fc690,"on_rw_authorize_req",9,0x000fc5e4,"read_digest_in_hw_sha256",0.089010645,-5.153344951,69.859060051,19.901186018
0x000fc690,"on_rw_authorize_req",10,0x000f9094,"bsp_board_led_on",0.096841740,-5.369825462,69.859060051,26.508397982
0x000fc690,"on_rw_authorize_req",11,0x000f90bc,"bsp_board_led_off",0.096841740,-5.369825462,69.859060051,26.508397982
0x000fc690,"on_rw_authorize_req",12,0x000fc110,"postvalidate",0.131187670,-5.404762174,69.859060051,228.721801946
0x000fc718,"pb_dec_bytes",1,0x000fa3e0,"pb_dec_bytes",0.419301718,15.442290043,47.964431573,44.315128121
0x000fc718,"pb_dec_bytes",2,0x000fa3a0,"pb_dec_string",0.369973636,12.797631124,47.964431573,45.467570049
0x000fc718,"pb_dec_bytes",3,0x000fa97e,"pb_dec_submessage",0.153506163,1.006064461,47.964431573,42.615906139
0x000fc718,"pb_dec_bytes",4,0x000fa49a,"pb_dec_uvarint",0.165734500,-0.081949756,47.964431573,62.757973760
0x000fc718,"pb_dec_bytes",5,0x000fa110,"pb_field_iter_begin",0.145191285,-0.243052729,47.964431573,31.757283148
0x000fc718,"pb_dec_bytes",6,0x000fa4f6,"pb_dec_varint",0.159167925,-0.643425136,47.964431573,67.536925040
0x000fc718,"pb_dec_bytes",7,0x000f8ed8,"hash_result_get",0.148659029,-0.949582456,47.964431573,38.446979493
0x000fc718,"pb_dec_bytes",8,0x000fa9ea,"pb_dec_svarint",0.156685719,-0.987192753,47.964431573,69.501784408
0x000fc718,"pb_dec_bytes",9,0x000f8518,"nrf_atfifo_init",0.119502446,-1.365147320,47.964431573,40.348585297
0x000fc718,"pb_dec_bytes",10,0x000f8738,"nrf_balloc_free",0.124946862,-1.556465677,47.964431573,33.701848306
0x000fc718,"pb_dec_bytes",11,0x000f9604,"nrf_crypto_ecdsa_verify",0.114195607,-2.014830595,47.964431573,44.609503286
0x000fc718,"pb_dec_bytes",12,0x000fcb08,"PkaFinishAndMutexUnlock",0.142889906,-2.193545256,47.964431573,22.124799157
0x000fc75a,"pb_dec_fixed32",1,0x000f981c,"app_error_fault_handler",0.282883252,5.551358401,10.049192645,9.202545620
0x000fc75a,"pb_dec_fixed32",2,0x000f9822,"app_error_handler_bare",0.282883252,5.551358401,10.049192645,9.202545620
0x000fc75a,"pb_dec_fixed32",3,0x000f87fc,"uninit",0.254156104,5.551358401,10.049192645,9.965084063
0x000fc75a,"pb_dec_fixed32",4,0x000f86b2,"nrf_atomic_flag_set_fetch",0.250561146,5.551358401,10.049192645,10.079396111
0x000fc75a,"pb_dec_fixed32",5,0x000f86b8,"nrf_atomic_flag_clear",0.250561146,5.551358401,10.049192645,10.079396111
0x000fc75a,"pb_dec_fixed32",6,0x000fab70,"on_flash_write",0.250561146,5.551358401,10.049192645,10.079396111
0x000fc75a,"pb_dec_fixed32",7,0x000fb8b8,"nrf_dfu_settings_backup",0.250561146,5.551358401,10.049192645,10.079396111
0x000fc75a,"pb_dec_fixed32",8,0x000f880c,"read",0.248924349,5.551358401,10.049192645,10.133091162
0x000fc75a,"pb_dec_fixed32",9,0x000f8958,"read",0.248924349,5.551358401,10.049192645,10.133091162
0x000fc75a,"pb_dec_fixed32",10,0x000fb2fc,"nrf_dfu_flash_store",0.248924349,5.551358401,10.049192645,10.133091162
0x000fc75a,"pb_dec_fixed32",11,0x000fb318,"nrf_dfu_flash_erase",0.248924349,5.551358401,10.049192645,10.133091162
0x000fc75a,"pb_dec_fixed32",12,0x000fb8a4,"settings_backup",0.248924349,5.551358401,10.049192645,10.133091162
0x000fc760,"pb_dec_fixed64",1,0x000f981c,"app_error_fault_handler",0.282883252,5.551358401,10.049192645,9.202545620
0x000fc760,"pb_dec_fixed64",2,0x000f9822,"app_error_handler_bare",0.282883252,5.551358401,10.049192645,9.202545620
0x000fc760,"pb_dec_fixed64",3,0x000f87fc,"uninit",0.254156104,5.551358401,10.049192645,9.965084063
0x000fc760,"pb_dec_fixed64",4,0x000f86b2,"nrf_atomic_flag_set_fetch",0.250561146,5.551358401,10.049192645,10.079396111
0x000fc760,"pb_dec_fixed64",5,0x000f86b8,"nrf_atomic_flag_clear",0.250561146,5.551358401,10.049192645,10.079396111
0x000fc760,"pb_dec_fixed64",6,0x000fab70,"on_flash_write",0.250561146,5.551358401,10.049192645,10.079396111
0x000fc760,"pb_dec_fixed64",7,0x000fb8b8,"nrf_dfu_settings_backup",0.250561146,5.551358401,10.049192645,10.079396111
0x000fc760,"pb_dec_fixed64",8,0x000f880c,"read",0.248924349,5.551358401,10.049192645,10.133091162
0x000fc760,"pb_dec_fixed64",9,0x000f8958,"read",0.248924349,5.551358401,10.049192645,10.133091162
0x000fc760,"pb_dec_fixed64",10,0x000fb2fc,"nrf_dfu_flash_store",0.248924349,5.551358401,10.049192645,10.133091162
0x000fc760,"pb_dec_fixed64",11,0x000fb318,"nrf_dfu_flash_erase",0.248924349,5.551358401,10.049192645,10.133091162
0x000fc760,"pb_dec_fixed64",12,0x000fb8a4,"settings_backup",0.248924349,5.551358401,10.049192645,10.133091162
0x000fc766,"pb_dec_string",1,0x000fa3a0,"pb_dec_string",0.330963250,10.442050934,43.729690212,45.467570049
0x000fc766,"pb_dec_string",2,0x000fa3e0,"pb_dec_bytes",0.298807091,8.585819479,43.729690212,44.315128121
0x000fc766,"pb_dec_string",3,0x000fa97e,"pb_dec_submessage",0.155861862,0.910180386,43.729690212,42.615906139
0x000fc766,"pb_dec_string",4,0x000fa110,"pb_field_iter_begin",0.145932286,0.145193047,43.729690212,31.757283148
0x000fc766,"pb_dec_string",5,0x000f95cc,"nrf_crypto_ecc_public_key_from_raw",0.136513207,-0.153402964,43.729690212,39.387338565
0x000fc766,"pb_dec_string",6,0x000f8738,"nrf_balloc_free",0.131774112,-0.543044336,43.729690212,33.701848306
0x000fc766,"pb_dec_string",7,0x000fa49a,"pb_dec_uvarint",0.141679975,-1.388259786,43.729690212,62.757973760
0x000fc766,"pb_dec_string",8,0x000fa4f6,"pb_dec_varint",0.136066466,-1.894821863,43.729690212,67.536925040
0x000fc766,"pb_dec_string",9,0x000f8518,"nrf_atfifo_init",0.083467590,-2.090898919,43.729690212,40.348585297
0x000fc766,"pb_dec_string",10,0x000fa9b8,"pb_decode_svarint",0.091699501,-2.132863934,43.729690212,39.590748545
0x000fc766,"pb_dec_string",11,0x000fa9ea,"pb_dec_svarint",0.133944524,-2.205569717,43.729690212,69.501784408
0x000fc766,"pb_dec_string",12,0x000f9604,"nrf_crypto_ecdsa_verify",0.096984365,-2.300418415,43.729690212,44.609503286
0x000fc7a4,"pb_dec_submessage",1,0x000fa97e,"pb_dec_submessage",0.442595384,15.414862759,41.371595260,42.615906139
0x000fc7a4,"pb_dec_submessage",2,0x000fa3e0,"pb_dec_bytes",0.189888369,3.254412295,41.371595260,44.315128121
0x000fc7a4,"pb_dec_submessage",3,0x000fa3a0,"pb_dec_string",0.181094187,2.584182175,41.371595260,45.467570049
0x000fc7a4,"pb_dec_submessage",4,0x000fa5d6,"pb_make_string_substream",0.158462603,0.225417072,41.371595260,41.905001897
0x000fc7a4,"pb_dec_submessage",5,0x000fbb40,"update_data_size_get",0.180623284,0.067885681,41.371595260,67.651976529
0x000fc7a4,"pb_dec_submessage",6,0x000fc730,"nrf_cc310_bl_hash_sha256_finalize",0.166854561,0.043687584,41.371595260,63.584595672
0x000fc7a4,"pb_dec_submessage",7,0x000fc5ac,"set_digest_in_hw_sha256",0.215342190,-0.109797332,41.371595260,14.698052713
0x000fc7a4,"pb_dec_submessage",8,0x000fa550,"pb_decode_tag",0.134832019,-0.141691754,41.371595260,43.443756798
0x000fc7a4,"pb_dec_submessage",9,0x000f88d8,"event_send",0.171613185,-0.177069612,41.371595260,51.342429642
0x000fc7a4,"pb_dec_submessage",10,0x000f8bf2,"nrf_section_iter_next",0.153402574,-0.213026738,41.371595260,28.822381645
0x000fc7a4,"pb_dec_submessage",11,0x000f95cc,"nrf_crypto_ecc_public_key_from_raw",0.140317328,-0.494728695,41.371595260,39.387338565
0x000fc7a4,"pb_dec_submessage",12,0x000fb3b0,"on_data_obj_execute_request_sched",0.128167272,-0.546946086,41.371595260,44.532081875
0x000fc7e4,"pb_dec_svarint",1,0x000fa9ea,"pb_dec_svarint",0.784442715,50.238705184,66.094939071,69.501784408
0x000fc7e4,"pb_dec_svarint",2,0x000fa4f6,"pb_dec_varint",0.544816368,31.037546011,66.094939071,67.536925040
0x000fc7e4,"pb_dec_svarint",3,0x000fa49a,"pb_dec_uvarint",0.514077692,27.656780769,66.094939071,62.757973760
0x000fc7e4,"pb_dec_svarint",4,0x000fa3e0,"pb_dec_bytes",0.150349954,-1.423140114,66.094939071,44.315128121
0x000fc7e4,"pb_dec_svarint",5,0x000f8518,"nrf_atfifo_init",0.147471274,-1.674610488,66.094939071,40.348585297
0x000fc7e4,"pb_dec_svarint",6,0x000faa62,"pb_decode_fixed64",0.128414984,-2.983250921,66.094939071,21.377225095
0x000fc7e4,"pb_dec_svarint",7,0x000fa3a0,"pb_dec_string",0.116676755,-3.391074197,66.094939071,45.467570049
0x000fc7e4,"pb_dec_svarint",8,0x000fa110,"pb_field_iter_begin",0.114152347,-3.881662346,66.094939071,31.757283148
0x000fc7e4,"pb_dec_svarint",9,0x000f98a2,"nrf_dfu_set_adv_name_on_call",0.107357352,-3.999818277,66.094939071,41.881896894
0x000fc7e4,"pb_dec_svarint",10,0x000f85d6,"nrf_atfifo_item_put",0.098710271,-4.166649921,66.094939071,33.752682087
0x000fc7e4,"pb_dec_svarint",11,0x000f864c,"nrf_atfifo_item_free",0.095911677,-4.341398822,66.094939071,35.395313926
0x000fc7e4,"pb_dec_svarint",12,0x000f8bf2,"nrf_section_iter_next",0.097588321,-4.409049956,66.094939071,28.822381645
0x000fc83c,"pb_dec_uvarint",1,0x000fa49a,"pb_dec_uvarint",0.771448988,45.453688258,61.295567879,62.757973760
0x000fc83c,"pb_dec_uvarint",2,0x000fa4f6,"pb_dec_varint",0.514692992,27.595965740,61.295567879,67.536925040
0x000fc83c,"pb_dec_uvarint",3,0x000fa9ea,"pb_dec_svarint",0.506666413,27.148862223,61.295567879,69.501784408
0x000fc83c,"pb_dec_uvarint",4,0x000fa3e0,"pb_dec_bytes",0.156740115,-0.870644667,61.295567879,44.315128121
0x000fc83c,"pb_dec_uvarint",5,0x000f8518,"nrf_atfifo_init",0.153739086,-1.179418090,61.295567879,40.348585297
0x000fc83c,"pb_dec_uvarint",6,0x000faa62,"pb_decode_fixed64",0.133872867,-2.715932411,61.295567879,21.377225095
0x000fc83c,"pb_dec_uvarint",7,0x000fa3a0,"pb_dec_string",0.121635741,-2.839917056,61.295567879,45.467570049
0x000fc83c,"pb_dec_uvarint",8,0x000fa110,"pb_field_iter_begin",0.119004040,-3.459102487,61.295567879,31.757283148
0x000fc83c,"pb_dec_uvarint",9,0x000f98a2,"nrf_dfu_set_adv_name_on_call",0.111920246,-3.491972999,61.295567879,41.881896894
0x000fc83c,"pb_dec_uvarint",10,0x000f8738,"nrf_balloc_free",0.104639347,-3.693939517,61.295567879,33.701848306
0x000fc83c,"pb_dec_uvarint",11,0x000fa9b8,"pb_decode_svarint",0.102621383,-3.848790898,61.295567879,39.590748545
0x000fc83c,"pb_dec_uvarint",12,0x000fc2f4,"nrf_dfu_ver_validation_check",0.158114171,-3.858079834,61.295567879,113.937218237
0x000fc894,"pb_dec_varint",1,0x000fa9ea,"pb_dec_svarint",0.691326577,43.898816535,69.202337891,69.501784408
0x000fc894,"pb_dec_varint",2,0x000fa4f6,"pb_dec_varint",0.556169541,32.602829776,69.202337891,67.536925040
0x000fc894,"pb_dec_varint",3,0x000fa49a,"pb_dec_uvarint",0.501278866,27.185426474,69.202337891,62.757973760
0x000fc894,"pb_dec_varint",4,0x000fa3e0,"pb_dec_bytes",0.146606739,-1.760908785,69.202337891,44.315128121
0x000fc894,"pb_dec_varint",5,0x000f8518,"nrf_atfifo_init",0.143799729,-1.977997330,69.202337891,40.348585297
0x000fc894,"pb_dec_varint",6,0x000faa62,"pb_decode_fixed64",0.125217878,-3.149913431,69.202337891,21.377225095
0x000fc894,"pb_dec_varint",7,0x000fa3a0,"pb_dec_string",0.113771892,-3.728039886,69.202337891,45.467570049
0x000fc894,"pb_dec_varint",8,0x000fa110,"pb_field_iter_begin",0.111310333,-4.141469665,69.202337891,31.757283148
0x000fc894,"pb_dec_varint",9,0x000f98a2,"nrf_dfu_set_adv_name_on_call",0.104684511,-4.310796848,69.202337891,41.881896894
0x000fc894,"pb_dec_varint",10,0x000f85d6,"nrf_atfifo_item_put",0.096252713,-4.418062528,69.202337891,33.752682087
0x000fc894,"pb_dec_varint",11,0x000f864c,"nrf_atfifo_item_free",0.093523795,-4.601206141,69.202337891,35.395313926
0x000fc894,"pb_dec_varint",12,0x000f8bf2,"nrf_section_iter_next",0.095158696,-4.652067852,69.202337891,28.822381645
0x000fc8ec,"pb_decode",1,0x000f97a2,"nrf_crypto_internal_double_swap_endian_in_place",0.417534228,5.259129358,11.822711237,13.232857116
0x000fc8ec,"pb_decode",2,0x000fa95e,"pb_decode",0.413445957,5.259129358,11.822711237,13.376410647
0x000fc8ec,"pb_decode",3,0x000f8968,"uninit",0.208911252,5.258125857,11.822711237,11.866338467
0x000fc8ec,"pb_decode",4,0x000f87d8,"init",0.000000000,3.382326221,11.822711237,10.611468972
0x000fc8ec,"pb_decode",5,0x000f8944,"nrf_fstorage_sdh_req_handler",0.000000000,3.382326221,11.822711237,11.393174392
0x000fc8ec,"pb_decode",6,0x000f97b8,"__NVIC_SystemReset",0.000000000,3.382326221,11.822711237,11.873922398
0x000fc8ec,"pb_decode",7,0x000f9944,"ble_srv_is_notification_enabled",0.000000000,3.382326221,11.822711237,11.393337701
0x000fc8ec,"pb_decode",8,0x000f995c,"do_reset",0.000000000,3.382326221,11.822711237,11.873922398
0x000fc8ec,"pb_decode",9,0x000f9980,"inactivity_timeout",0.000000000,3.382326221,11.822711237,11.281974576
0x000fc8ec,"pb_decode",10,0x000faa5c,"pb_dec_fixed32",0.000000000,3.382326221,11.822711237,11.686790572
0x000fc8ec,"pb_decode",11,0x000faa7c,"pb_dec_fixed64",0.000000000,3.382326221,11.822711237,11.686790572
0x000fc8ec,"pb_decode",12,0x000fba2c,"nrf_dfu_bank_invalidate",0.000000000,3.382326221,11.822711237,11.537451209
0x000fc90a,"pb_decode_fixed32",1,0x000faa44,"pb_decode_fixed32",0.391199990,7.901815159,20.776612858,19.127269137
0x000fc90a,"pb_decode_fixed32",2,0x000faa62,"pb_decode_fixed64",0.361429258,7.525657775,20.776612858,21.377225095
0x000fc90a,"pb_decode_fixed32",3,0x000fb698,"nrf_dfu_req_handler_on_req",0.051539018,1.670338688,20.776612858,18.368693562
0x000fc90a,"pb_decode_fixed32",4,0x000fba44,"nrf_dfu_bank0_start_addr",0.077511116,1.496110821,20.776612858,18.512561266
0x000fc90a,"pb_decode_fixed32",5,0x000fc584,"nrf_cc310_bl_ecdsa_verify_secp256r1",0.069834565,1.398812012,20.776612858,18.697918980
0x000fc90a,"pb_decode_fixed32",6,0x000fbe8c,"nrf_dfu_validation_init",0.091281806,1.097303101,20.776612858,17.433127988
0x000fc90a,"pb_decode_fixed32",7,0x000fb99c,"nrf_dfu_settings_additional_erase",0.086725225,1.097303101,20.776612858,18.665035183
0x000fc90a,"pb_decode_fixed32",8,0x000f9484,"nrf_sdh_ble_enable",0.073756595,0.867641995,20.776612858,17.384406865
0x000fc90a,"pb_decode_fixed32",9,0x000fb8c4,"nrf_dfu_settings_write_and_backup",0.072032108,0.867641995,20.776612858,17.935554343
0x000fc90a,"pb_decode_fixed32",10,0x000f8988,"init",0.098730562,0.839557233,20.776612858,24.973033380
0x000fc90a,"pb_decode_fixed32",11,0x000fb2cc,"dfu_fstorage_evt_handler",0.050949568,0.792210676,20.776612858,18.656314793
0x000fc90a,"pb_decode_fixed32",12,0x000f985c,"nrf_dfu_set_adv_name_handler",0.049060718,0.792210676,20.776612858,19.648848308
0x000fc934,"pb_decode_fixed64",1,0x000faa62,"pb_decode_fixed64",0.475822924,10.373521221,23.026568816,21.377225095
0x000fc934,"pb_decode_fixed64",2,0x000faa44,"pb_decode_fixed32",0.364421230,6.362815294,23.026568816,19.127269137
0x000fc934,"pb_decode_fixed64",3,0x000fb2cc,"dfu_fstorage_evt_handler",0.094923849,1.620986656,23.026568816,18.656314793
0x000fc934,"pb_decode_fixed64",4,0x000f985c,"nrf_dfu_set_adv_name_handler",0.091404743,1.620986656,23.026568816,19.648848308
0x000fc934,"pb_decode_fixed64",5,0x000f8988,"init",0.091972173,1.509417250,23.026568816,24.973033380
0x000fc934,"pb_decode_fixed64",6,0x000f8be0,"nrf_section_iter_init",0.084467208,1.249773905,23.026568816,21.981283081
0x000fc934,"pb_decode_fixed64",7,0x000f8b24,"queue_start",0.056573525,1.084557972,23.026568816,22.787069649
0x000fc934,"pb_decode_fixed64",8,0x000f887c,"write",0.159794794,0.799169844,23.026568816,32.639553966
0x000fc934,"pb_decode_fixed64",9,0x000f9178,"sdh_state_observer_notify",0.078667191,0.585632798,23.026568816,24.423210600
0x000fc934,"pb_decode_fixed64",10,0x000f930c,"nrf_sdh_evts_poll",0.078667191,0.585632798,23.026568816,24.423210600
0x000fc934,"pb_decode_fixed64",11,0x000f9334,"SWI2_EGU2_IRQHandler",0.078549173,0.585632798,23.026568816,24.478583622
0x000fc934,"pb_decode_fixed64",12,0x000fa420,"pb_istream_from_buffer",0.104986156,0.450147393,23.026568816,16.348298473
0x000fc990,"pb_decode_noinit",1,0x000fa7b0,"pb_decode_noinit",0.573554330,117.188156731,259.225294241,248.260539774
0x000fc990,"pb_decode_noinit",2,0x000fbbdc,"is_major_softdevice_update",0.131551665,-3.369412283,259.225294241,47.159693795
0x000fc990,"pb_decode_noinit",3,0x000fa1b6,"pb_field_iter_find",0.133014547,-3.393070267,259.225294241,36.710176325
0x000fc990,"pb_decode_noinit",4,0x000fbb40,"update_data_size_get",0.135498540,-3.728661071,259.225294241,67.651976529
0x000fc990,"pb_decode_noinit",5,0x000fc2f4,"nrf_dfu_ver_validation_check",0.160155936,-5.677077087,259.225294241,113.937218237
0x000fc990,"pb_decode_noinit",6,0x000fc5ac,"set_digest_in_hw_sha256",0.127138505,-5.798017274,259.225294241,14.698052713
0x000fc990,"pb_decode_noinit",7,0x000f949c,"nrf_sdh_soc_evts_poll",0.108299793,-6.152095628,259.225294241,38.413477544
0x000fc990,"pb_decode_noinit",8,0x000fa97e,"pb_dec_submessage",0.104998797,-6.606986053,259.225294241,42.615906139
0x000fc990,"pb_decode_noinit",9,0x000fa200,"pb_decode_varint32",0.118967885,-6.677569848,259.225294241,77.399513763
0x000fc990,"pb_decode_noinit",10,0x000f98d4,"nrf_svc_handler_c",0.104892404,-8.597489305,259.225294241,61.942299705
0x000fc990,"pb_decode_noinit",11,0x000f881c,"erase",0.090290022,-8.871509772,259.225294241,41.869569817
0x000fc990,"pb_decode_noinit",12,0x000fa434,"pb_decode_varint",0.101963845,-8.917366003,259.225294241,70.249146870
0x000fcb1a,"pb_decode_svarint",1,0x000fa9b8,"pb_decode_svarint",0.342988165,9.915113573,54.399345556,39.590748545
0x000fcb1a,"pb_decode_svarint",2,0x000fa550,"pb_decode_tag",0.129079025,-1.543416586,54.399345556,43.443756798
0x000fcb1a,"pb_decode_svarint",3,0x000f95b6,"nrf_crypto_internal_ecc_raw_input_check",0.140443811,-2.238357817,54.399345556,20.893639822
0x000fcb1a,"pb_decode_svarint",4,0x000f959e,"nrf_crypto_internal_ecc_key_input_check",0.136222429,-2.357878354,54.399345556,21.830400154
0x000fcb1a,"pb_decode_svarint",5,0x000f8b44,"erase",0.115206679,-2.371731402,54.399345556,41.112571844
0x000fcb1a,"pb_decode_svarint",6,0x000fa49a,"pb_dec_uvarint",0.131389134,-2.383092625,54.399345556,62.757973760
0x000fcb1a,"pb_decode_svarint",7,0x000f8518,"nrf_atfifo_init",0.110543737,-2.411472060,54.399345556,40.348585297
0x000fcb1a,"pb_decode_svarint",8,0x000fa97e,"pb_dec_submessage",0.117271292,-2.579542039,54.399345556,42.615906139
0x000fcb1a,"pb_decode_svarint",9,0x000fc89c,"PkaGetNextMsBit",0.118992706,-2.781316777,54.399345556,61.639874465
0x000fcb1a,"pb_decode_svarint",10,0x000f8bf2,"nrf_section_iter_next",0.108744076,-2.909270176,54.399345556,28.822381645
0x000fcb1a,"pb_decode_svarint",11,0x000fb348,"nrf_dfu_mbr_copy_bl",0.124441561,-3.121689195,54.399345556,15.951893824
0x000fcb1a,"pb_decode_svarint",12,0x000fa4f6,"pb_dec_varint",0.123281341,-3.155263089,54.399345556,67.536925040
0x000fcb54,"pb_decode_tag",1,0x000fa550,"pb_decode_tag",0.615687238,24.167967673,42.045039095,43.443756798
0x000fcb54,"pb_decode_tag",2,0x000f887c,"write",0.171975386,1.602562854,42.045039095,32.639553966
0x000fcb54,"pb_decode_tag",3,0x000f9584,"nrf_crypto_internal_ecc_key_output_prepare",0.201409514,1.007491138,42.045039095,23.342888392
0x000fcb54,"pb_decode_tag",4,0x000fa9b8,"pb_decode_svarint",0.132252085,0.326004815,42.045039095,39.590748545
0x000fcb54,"pb_decode_tag",5,0x000f8bf2,"nrf_section_iter_next",0.137757214,-0.225492578,42.045039095,28.822381645
0x000fcb54,"pb_decode_tag",6,0x000fa97e,"pb_dec_submessage",0.135068037,-0.707490124,42.045039095,42.615906139
0x000fcb54,"pb_decode_tag",7,0x000f881c,"erase",0.111006937,-0.743353801,42.045039095,41.869569817
0x000fcb54,"pb_decode_tag",8,0x000f9658,"nrf_crypto_hash_init",0.126749041,-0.793203907,42.045039095,31.379879909
0x000fcb54,"pb_decode_tag",9,0x000f8b44,"erase",0.103621058,-1.064425770,42.045039095,41.112571844
0x000fcb54,"pb_decode_tag",10,0x000fbbdc,"is_major_softdevice_update",0.138310513,-1.355480187,42.045039095,47.159693795
0x000fcb54,"pb_decode_tag",11,0x000fb2cc,"dfu_fstorage_evt_handler",0.142147599,-1.367489764,42.045039095,18.656314793
0x000fcb54,"pb_decode_tag",12,0x000f9178,"sdh_state_observer_notify",0.119429621,-1.400129856,42.045039095,24.423210600
0x000fcb96,"pb_decode_varint",1,0x000fd8d0,"memcmp",0.127759758,-0.892543612,50.664875083,37.212197940
0x000fcb96,"pb_decode_varint",2,0x000fa9b8,"pb_decode_svarint",0.126625420,-0.916748570,50.664875083,39.590748545
0x000fcb96,"pb_decode_varint",3,0x000f881c,"erase",0.115783915,-1.504360435,50.664875083,41.869569817
0x000fcb96,"pb_decode_varint",4,0x000f9b98,"nrf_bootloader_flash_protect",0.109750954,-2.055153305,50.664875083,38.965021271
0x000fcb96,"pb_decode_varint",5,0x000fc7c4,"PkaSetRegsMapTab",0.103745999,-2.310181962,50.664875083,37.264814671
0x000fcb96,"pb_decode_varint",6,0x000fc910,"PkaSetRegsSizesTab",0.123999800,-2.319935555,50.664875083,22.442562969
0x000fcb96,"pb_decode_varint",7,0x000f82bc,"Reset_Handler",0.105214128,-2.816775985,50.664875083,26.461217820
0x000fcb96,"pb_decode_varint",8,0x000fa1b6,"pb_field_iter_find",0.094221455,-2.935444979,50.664875083,36.710176325
0x000fcb96,"pb_decode_varint",9,0x000f8518,"nrf_atfifo_init",0.090652004,-2.953635283,50.664875083,40.348585297
0x000fcb96,"pb_decode_varint",10,0x000fb9cc,"nrf_dfu_transports_init",0.094369551,-3.054839345,50.664875083,31.431685470
0x000fcb96,"pb_decode_varint",11,0x000fb9fc,"nrf_dfu_transports_close",0.094369551,-3.054839345,50.664875083,31.431685470
0x000fcb96,"pb_decode_varint",12,0x000f9724,"nrf_crypto_init",0.092529083,-3.134193798,50.664875083,32.453061159
0x000fcbe0,"pb_decode_varint32",1,0x000f9102,"bsp_board_init",0.166896359,-1.056262039,57.204556831,31.481840290
0x000fcbe0,"pb_decode_varint32",2,0x000fa9b8,"pb_decode_svarint",0.125056368,-1.815163365,57.204556831,39.590748545
0x000fcbe0,"pb_decode_varint32",3,0x000fd8d0,"memcmp",0.089645202,-3.619755076,57.204556831,37.212197940
0x000fcbe0,"pb_decode_varint32",4,0x000fa060,"wdt_feed",0.092516297,-3.994191634,57.204556831,34.451333587
0x000fcbe0,"pb_decode_varint32",5,0x000fa094,"wdt_feed_timer_handler",0.092516297,-3.994191634,57.204556831,34.451333587
0x000fcbe0,"pb_decode_varint32",6,0x000f9680,"nrf_crypto_hash_update",0.087510609,-4.276437946,57.204556831,35.569951845
0x000fcbe0,"pb_decode_varint32",7,0x000f881c,"erase",0.084691025,-4.291047285,57.204556831,41.869569817
0x000fcbe0,"pb_decode_varint32",8,0x000fb9cc,"nrf_dfu_transports_init",0.079681418,-4.291321297,57.204556831,31.431685470
0x000fcbe0,"pb_decode_varint32",9,0x000fb9fc,"nrf_dfu_transports_close",0.079681418,-4.291321297,57.204556831,31.431685470
0x000fcbe0,"pb_decode_varint32",10,0x000fa49a,"pb_dec_uvarint",0.107264842,-4.360475348,57.204556831,62.757973760
0x000fcbe0,"pb_decode_varint32",11,0x000f9724,"nrf_crypto_init",0.078127410,-4.410841833,57.204556831,32.453061159
0x000fcbe0,"pb_decode_varint32",12,0x000fc910,"PkaSetRegsSizesTab",0.074332484,-4.614594130,57.204556831,22.442562969
0x000fcc68,"pb_field_iter_begin",1,0x000fa110,"pb_field_iter_begin",0.822727842,25.851783192,31.836147756,31.757283148
0x000fcc68,"pb_field_iter_begin",2,0x000fa420,"pb_istream_from_buffer",0.359007569,3.345174873,31.836147756,16.348298473
0x000fcc68,"pb_field_iter_begin",3,0x000fc5ac,"set_digest_in_hw_sha256",0.244355931,2.481896901,31.836147756,14.698052713
0x000fcc68,"pb_field_iter_begin",4,0x000fc5e4,"read_digest_in_hw_sha256",0.193248579,2.481896901,31.836147756,19.901186018
0x000fcc68,"pb_field_iter_begin",5,0x000f864c,"nrf_atfifo_item_free",0.162128510,2.234567202,31.836147756,35.395313926
0x000fcc68,"pb_field_iter_begin",6,0x000f85d6,"nrf_atfifo_item_put",0.166859235,2.181198945,31.836147756,33.752682087
0x000fcc68,"pb_field_iter_begin",7,0x000f8738,"nrf_balloc_free",0.159251604,1.973654760,31.836147756,33.701848306
0x000fcc68,"pb_field_iter_begin",8,0x000f8582,"nrf_atfifo_item_alloc",0.186904776,0.548194836,31.836147756,67.340170572
0x000fcc68,"pb_field_iter_begin",9,0x000fa3e0,"pb_dec_bytes",0.151717894,0.257968470,31.836147756,44.315128121
0x000fcc68,"pb_field_iter_begin",10,0x000fa3a0,"pb_dec_string",0.142464357,-0.412261649,31.836147756,45.467570049
0x000fcc68,"pb_field_iter_begin",11,0x000fc3d4,"nrf_cc310_bl_ecdsa_verify_init_secp256r1",0.086879316,-0.761035414,31.836147756,28.391102178
0x000fcc68,"pb_field_iter_begin",12,0x000faa62,"pb_decode_fixed64",0.147887695,-0.788407110,31.836147756,21.377225095
0x000fcc8a,"pb_field_iter_find",1,0x000fa1b6,"pb_field_iter_find",0.819497322,28.607937644,35.948760729,36.710176325
0x000fcc8a,"pb_field_iter_find",2,0x000fcea0,"nrf_cc310_bl_hash_update_internal",0.205077019,1.426296759,35.948760729,75.045901766
0x000fcc8a,"pb_field_iter_find",3,0x000fc5ac,"set_digest_in_hw_sha256",0.228724529,0.612531189,35.948760729,14.698052713
0x000fcc8a,"pb_field_iter_find",4,0x000fc7c4,"PkaSetRegsMapTab",0.147873943,0.560830095,35.948760729,37.264814671
0x000fcc8a,"pb_field_iter_find",5,0x000fc910,"PkaSetRegsSizesTab",0.203937090,0.526851698,35.948760729,22.442562969
0x000fcc8a,"pb_field_iter_find",6,0x000f864c,"nrf_atfifo_item_free",0.122199952,0.112148538,35.948760729,35.395313926
0x000fcc8a,"pb_field_iter_find",7,0x000f85d6,"nrf_atfifo_item_put",0.125765608,0.109317005,35.948760729,33.752682087
0x000fcc8a,"pb_field_iter_find",8,0x000fce84,"CRYS_COMMON_ReverseMemcpy32",0.132388276,0.052682760,35.948760729,43.234176672
0x000fcc8a,"pb_field_iter_find",9,0x000f949c,"nrf_sdh_soc_evts_poll",0.119871344,-0.181614879,35.948760729,38.413477544
0x000fcc8a,"pb_field_iter_find",10,0x000f9774,"nrf_crypto_internal_swap_endian",0.148705063,-0.295773447,35.948760729,26.570915745
0x000fcc8a,"pb_field_iter_find",11,0x000fd918,"strlen",0.170056882,-0.622439324,35.948760729,22.927287501
0x000fcc8a,"pb_field_iter_find",12,0x000f8682,"nrf_atomic_u32_fetch_or",0.177161463,-0.625270857,35.948760729,21.597634049
0x000fccb8,"pb_field_iter_next",1,0x000fa132,"pb_field_iter_next",0.608824139,50.106880521,103.079655991,90.692477379
0x000fccb8,"pb_field_iter_next",2,0x000fa608,"decode_field",0.236876803,11.551171363,103.079655991,240.441759227
0x000fccb8,"pb_field_iter_next",3,0x000fa27a,"pb_field_set_to_default",0.261013914,7.123216782,103.079655991,116.481782295
0x000fccb8,"pb_field_iter_next",4,0x000fa1b6,"pb_field_iter_find",0.189539980,-0.004442295,103.079655991,36.710176325
0x000fccb8,"pb_field_iter_next",5,0x000f98d4,"nrf_svc_handler_c",0.180602378,-0.719144499,103.079655991,61.942299705
0x000fccb8,"pb_field_iter_next",6,0x000fc5ac,"set_digest_in_hw_sha256",0.205343069,-1.187401567,103.079655991,14.698052713
0x000fccb8,"pb_field_iter_next",7,0x000f96b4,"nrf_crypto_hash_finalize",0.161071639,-2.578764160,103.079655991,40.417589591
0x000fccb8,"pb_field_iter_next",8,0x000f88d8,"event_send",0.144022512,-3.234366355,103.079655991,51.342429642
0x000fccb8,"pb_field_iter_next",9,0x000f9680,"nrf_crypto_hash_update",0.140860784,-4.084667658,103.079655991,35.569951845
0x000fccb8,"pb_field_iter_next",10,0x000fa5d6,"pb_make_string_substream",0.118613116,-4.142073021,103.079655991,41.905001897
0x000fccb8,"pb_field_iter_next",11,0x000fa97e,"pb_dec_submessage",0.130553252,-4.233876812,103.079655991,42.615906139
0x000fccb8,"pb_field_iter_next",12,0x000f8bf2,"nrf_section_iter_next",0.127824171,-4.376555911,103.079655991,28.822381645
0x000fcd36,"pb_field_set_to_default",1,0x000fa27a,"pb_field_set_to_default",0.428156890,31.051410404,109.919263853,116.481782295
0x000fcd36,"pb_field_set_to_default",2,0x000fa608,"decode_field",0.226030003,9.879834308,109.919263853,240.441759227
0x000fcd36,"pb_field_set_to_default",3,0x000fa132,"pb_field_iter_next",0.231308254,2.172308106,109.919263853,90.692477379
0x000fcd36,"pb_field_set_to_default",4,0x000f96b4,"nrf_crypto_hash_finalize",0.173463230,-1.484084912,109.919263853,40.417589591
0x000fcd36,"pb_field_set_to_default",5,0x000fc5ac,"set_digest_in_hw_sha256",0.180830906,-1.597230069,109.919263853,14.698052713
0x000fcd36,"pb_field_set_to_default",6,0x000f98d4,"nrf_svc_handler_c",0.164231397,-2.459719151,109.919263853,61.942299705
0x000fcd36,"pb_field_set_to_default",7,0x000f9680,"nrf_crypto_hash_update",0.155542167,-2.951371910,109.919263853,35.569951845
0x000fcd36,"pb_field_set_to_default",8,0x000fbb90,"pb_decoding_callback",0.141220849,-3.681286368,109.919263853,45.326959377
0x000fcd36,"pb_field_set_to_default",9,0x000fa1b6,"pb_field_iter_find",0.138409816,-3.754332596,109.919263853,36.710176325
0x000fcd36,"pb_field_set_to_default",10,0x000f9604,"nrf_crypto_ecdsa_verify",0.134364339,-4.623443500,109.919263853,44.609503286
0x000fcd36,"pb_field_set_to_default",11,0x000f88d8,"event_send",0.127893035,-4.924696822,109.919263853,51.342429642
0x000fcd36,"pb_field_set_to_default",12,0x000fa200,"pb_decode_varint32",0.140940182,-5.112589837,109.919263853,77.399513763
0x000fcddc,"pb_istream_from_buffer",1,0x000fa420,"pb_istream_from_buffer",0.552262165,10.118085857,16.232154005,16.348298473
0x000fcddc,"pb_istream_from_buffer",2,0x000f8e40,"nrf_crypto_backend_secp256r1_public_key_from_raw",0.203129222,3.202012807,16.232154005,13.689627138
0x000fcddc,"pb_istream_from_buffer",3,0x000fb348,"nrf_dfu_mbr_copy_bl",0.138129023,3.006368867,16.232154005,15.951893824
0x000fcddc,"pb_istream_from_buffer",4,0x000fbd3c,"crypto_init",0.136241051,3.006368867,16.232154005,16.229349774
0x000fcddc,"pb_istream_from_buffer",5,0x000fab30,"response_send",0.163805852,1.537012520,16.232154005,13.079303673
0x000fcddc,"pb_istream_from_buffer",6,0x000faa44,"pb_decode_fixed32",0.060126904,1.472323526,16.232154005,19.127269137
0x000fcddc,"pb_istream_from_buffer",7,0x000f9484,"nrf_sdh_ble_enable",0.000000000,1.302457681,16.232154005,17.384406865
0x000fcddc,"pb_istream_from_buffer",8,0x000f9518,"nrf_nvmc_write_word",0.000000000,1.302457681,16.232154005,19.455287611
0x000fcddc,"pb_istream_from_buffer",9,0x000f9b90,"jump_to_addr",0.000000000,1.302457681,16.232154005,18.701983586
0x000fcddc,"pb_istream_from_buffer",10,0x000fb8c4,"nrf_dfu_settings_write_and_backup",0.000000000,1.302457681,16.232154005,17.935554343
0x000fcddc,"pb_istream_from_buffer",11,0x000fb964,"nrf_dfu_settings_adv_name_copy",0.000000000,1.302457681,16.232154005,16.517275992
0x000fcddc,"pb_istream_from_buffer",12,0x000fb99c,"nrf_dfu_settings_additional_erase",0.000000000,1.302457681,16.232154005,18.665035183
0x000fcdf0,"pb_make_string_substream",1,0x000fa5d6,"pb_make_string_substream",0.605212630,22.957155718,40.419509248,41.905001897
0x000fcdf0,"pb_make_string_substream",2,0x000fc5ac,"set_digest_in_hw_sha256",0.331284157,3.279617594,40.419509248,14.698052713
0x000fcdf0,"pb_make_string_substream",3,0x000fb3b0,"on_data_obj_execute_request_sched",0.159284181,1.705208075,40.419509248,44.532081875
0x000fcdf0,"pb_make_string_substream",4,0x000fa348,"pb_read",0.206133003,1.702429012,40.419509248,60.871725966
0x000fcdf0,"pb_make_string_substream",5,0x000fa97e,"pb_dec_submessage",0.164232591,0.944548632,40.419509248,42.615906139
0x000fcdf0,"pb_make_string_substream",6,0x000f88d8,"event_send",0.148427298,-0.516805099,40.419509248,51.342429642
0x000fcdf0,"pb_make_string_substream",7,0x000f8bf2,"nrf_section_iter_next",0.154566365,-1.166112802,40.419509248,28.822381645
0x000fcdf0,"pb_make_string_substream",8,0x000f9344,"nrf_sdh_ble_evts_poll",0.118532179,-1.369229197,40.419509248,40.977641877
0x000fcdf0,"pb_make_string_substream",9,0x000f86ec,"nrf_balloc_alloc",0.138266772,-1.648488934,40.419509248,61.515838206
0x000fcdf0,"pb_make_string_substream",10,0x000f8be0,"nrf_section_iter_init",0.145687288,-1.847231268,40.419509248,21.981283081
0x000fcdf0,"pb_make_string_substream",11,0x000fa3e0,"pb_dec_bytes",0.115245255,-1.933918712,40.419509248,44.315128121
0x000fcdf0,"pb_make_string_substream",12,0x000fc5e4,"read_digest_in_hw_sha256",0.121249340,-2.015066842,40.419509248,19.901186018
0x000fce26,"pb_message_set_to_defaults",1,0x000f949c,"nrf_sdh_soc_evts_poll",0.229865246,2.617175984,26.795431075,38.413477544
0x000fce26,"pb_message_set_to_defaults",2,0x000faa62,"pb_decode_fixed64",0.131399083,1.187700368,26.795431075,21.377225095
0x000fce26,"pb_message_set_to_defaults",3,0x000f8be0,"nrf_section_iter_init",0.098780071,1.129057803,26.795431075,21.981283081
0x000fce26,"pb_message_set_to_defaults",4,0x000fc5ac,"set_digest_in_hw_sha256",0.133929345,0.984478539,26.795431075,14.698052713
0x000fce26,"pb_message_set_to_defaults",5,0x000fc5e4,"read_digest_in_hw_sha256",0.105917853,0.984478539,26.795431075,19.901186018
0x000fce26,"pb_message_set_to_defaults",6,0x000f9774,"nrf_crypto_internal_swap_endian",0.067358803,0.735549715,26.795431075,26.570915745
0x000fce26,"pb_message_set_to_defaults",7,0x000fa1e4,"buf_read",0.138545406,0.540337042,26.795431075,32.420387120
0x000fce26,"pb_message_set_to_defaults",8,0x000f8988,"init",0.083217255,0.505219717,26.795431075,24.973033380
0x000fce26,"pb_message_set_to_defaults",9,0x000f9178,"sdh_state_observer_notify",0.071178787,0.490563044,26.795431075,24.423210600
0x000fce26,"pb_message_set_to_defaults",10,0x000f930c,"nrf_sdh_evts_poll",0.071178787,0.490563044,26.795431075,24.423210600
0x000fce26,"pb_message_set_to_defaults",11,0x000f9334,"SWI2_EGU2_IRQHandler",0.071072003,0.490563044,26.795431075,24.478583622
0x000fce26,"pb_message_set_to_defaults",12,0x000fa420,"pb_istream_from_buffer",0.122775929,-0.095875554,26.795431075,16.348298473
0x000fce4c,"pb_read",1,0x000fa348,"pb_read",0.826944309,48.876627914,62.236369891,60.871725966
0x000fce4c,"pb_read",2,0x000fa5d6,"pb_make_string_substream",0.214249114,2.210637555,62.236369891,41.905001897
0x000fce4c,"pb_read",3,0x000f86be,"nrf_balloc_init",0.177486371,1.045368462,62.236369891,45.989289360
0x000fce4c,"pb_read",4,0x000fbbdc,"is_major_softdevice_update",0.150148469,-0.790359333,62.236369891,47.159693795
0x000fce4c,"pb_read",5,0x000f96b4,"nrf_crypto_hash_finalize",0.156992173,-1.017680531,62.236369891,40.417589591
0x000fce4c,"pb_read",6,0x000f949c,"nrf_sdh_soc_evts_poll",0.135270411,-1.505944393,62.236369891,38.413477544
0x000fce4c,"pb_read",7,0x000f8518,"nrf_atfifo_init",0.131938833,-1.643186895,62.236369891,40.348585297
0x000fce4c,"pb_read",8,0x000fc5ac,"set_digest_in_hw_sha256",0.200663733,-1.674548452,62.236369891,14.698052713
0x000fce4c,"pb_read",9,0x000fc3d4,"nrf_cc310_bl_ecdsa_verify_init_secp256r1",0.138250182,-1.687622562,62.236369891,28.391102178
0x000fce4c,"pb_read",10,0x000f9680,"nrf_crypto_hash_update",0.147674794,-1.696779505,62.236369891,35.569951845
0x000fce4c,"pb_read",11,0x000f9148,"sdh_request_observer_notify",0.141369969,-1.742366818,62.236369891,32.420161189
0x000fce4c,"pb_read",12,0x000f8be0,"nrf_section_iter_init",0.140217043,-1.862901635,62.236369891,21.981283081
0x000fcea4,"pb_readbyte",1,0x000f8bf2,"nrf_section_iter_next",0.273240181,6.079447004,28.353244815,28.822381645
0x000fcea4,"pb_readbyte",2,0x000fb2cc,"dfu_fstorage_evt_handler",0.333596648,4.630953917,28.353244815,18.656314793
0x000fcea4,"pb_readbyte",3,0x000fc5ac,"set_digest_in_hw_sha256",0.297580194,3.300617666,28.353244815,14.698052713
0x000fcea4,"pb_readbyte",4,0x000f9020,"cc310_bl_backend_init",0.262585485,3.133658785,28.353244815,24.000797821
0x000fcea4,"pb_readbyte",5,0x000f8be0,"nrf_section_iter_init",0.222431626,2.999152508,28.353244815,21.981283081
0x000fcea4,"pb_readbyte",6,0x000fc3d4,"nrf_cc310_bl_ecdsa_verify_init_secp256r1",0.172187673,2.898033907,28.353244815,28.391102178
0x000fcea4,"pb_readbyte",7,0x000f887c,"write",0.176229376,2.823682334,28.353244815,32.639553966
0x000fcea4,"pb_readbyte",8,0x000fa200,"pb_decode_varint32",0.233114055,2.642582349,28.353244815,77.399513763
0x000fcea4,"pb_readbyte",9,0x000fb698,"nrf_dfu_req_handler_on_req",0.251578856,2.156519851,28.353244815,18.368693562
0x000fcea4,"pb_readbyte",10,0x000fa1b6,"pb_field_iter_find",0.191662285,2.076959715,28.353244815,36.710176325
0x000fcea4,"pb_readbyte",11,0x000fbb90,"pb_decoding_callback",0.201389062,1.663293624,28.353244815,45.326959377
0x000fcea4,"pb_readbyte",12,0x000f8738,"nrf_balloc_free",0.137303679,1.462456559,28.353244815,33.701848306
0x000fcec4,"pb_skip_field",1,0x000f987c,"nrf_dfu_set_adv_name_on_sys_evt",0.295203709,6.677465228,62.537430716,34.690293882
0x000fcec4,"pb_skip_field",2,0x000f8ed8,"hash_result_get",0.217478484,2.585935083,62.537430716,38.446979493
0x000fcec4,"pb_skip_field",3,0x000f9658,"nrf_crypto_hash_init",0.222974257,2.566025902,62.537430716,31.379879909
0x000fcec4,"pb_skip_field",4,0x000f9680,"nrf_crypto_hash_update",0.218850109,2.540941648,62.537430716,35.569951845
0x000fcec4,"pb_skip_field",5,0x000f9584,"nrf_crypto_internal_ecc_key_output_prepare",0.250758934,2.498417071,62.537430716,23.342888392
0x000fcec4,"pb_skip_field",6,0x000f98a2,"nrf_dfu_set_adv_name_on_call",0.184496523,1.144015821,62.537430716,41.881896894
0x000fcec4,"pb_skip_field",7,0x000f96b4,"nrf_crypto_hash_finalize",0.182529834,0.564431285,62.537430716,40.417589591
0x000fcec4,"pb_skip_field",8,0x000fc3b4,"verify_context_ecdsa_verify_secp256r1",0.198219962,-0.212501278,62.537430716,20.594658968
0x000fcec4,"pb_skip_field",9,0x000fc638,"verify_context_hash_sha256",0.198219962,-0.212501278,62.537430716,20.594658968
0x000fcec4,"pb_skip_field",10,0x000f95b6,"nrf_crypto_internal_ecc_raw_input_check",0.196218979,-0.212501278,62.537430716,20.893639822
0x000fcec4,"pb_skip_field",11,0x000f9604,"nrf_crypto_ecdsa_verify",0.164489393,-0.239374388,62.537430716,44.609503286
0x000fcec4,"pb_skip_field",12,0x000f959e,"nrf_crypto_internal_ecc_key_input_check",0.190321139,-0.373258993,62.537430716,21.830400154
0x000fcff0,"postvalidate",1,0x000fc110,"postvalidate",0.245997002,12.222473254,126.606009900,228.721801946
0x000fcff0,"postvalidate",2,0x000f9680,"nrf_crypto_hash_update",0.183850623,-0.583749630,126.606009900,35.569951845
0x000fcff0,"postvalidate",3,0x000f88d8,"event_send",0.170175397,-0.929761985,126.606009900,51.342429642
0x000fcff0,"postvalidate",4,0x000fc5ac,"set_digest_in_hw_sha256",0.167854652,-2.308553494,126.606009900,14.698052713
0x000fcff0,"postvalidate",5,0x000f8ed8,"hash_result_get",0.148592718,-3.709893650,126.606009900,38.446979493
0x000fcff0,"postvalidate",6,0x000fbd78,"nrf_dfu_validation_signature_check",0.143101669,-3.796646359,126.606009900,55.664865506
0x000fcff0,"postvalidate",7,0x000f987c,"nrf_dfu_set_adv_name_on_sys_evt",0.141892929,-3.894913284,126.606009900,34.690293882
0x000fcff0,"postvalidate",8,0x000fa97e,"pb_dec_submessage",0.134587524,-3.976272776,126.606009900,42.615906139
0x000fcff0,"postvalidate",9,0x000f96b4,"nrf_crypto_hash_finalize",0.142556328,-4.414634789,126.606009900,40.417589591
0x000fcff0,"postvalidate",10,0x000fbbdc,"is_major_softdevice_update",0.136304389,-4.504649226,126.606009900,47.159693795
0x000fcff0,"postvalidate",11,0x000fa3e0,"pb_dec_bytes",0.124786125,-4.988935365,126.606009900,44.315128121
0x000fcff0,"postvalidate",12,0x000fa3a0,"pb_dec_string",0.119700970,-5.637432571,126.606009900,45.467570049
0x000fd0f0,"queue_free",1,0x000f9980,"inactivity_timeout",0.186493092,5.055086378,11.638129432,11.281974576
0x000fd0f0,"queue_free",2,0x000fba2c,"nrf_dfu_bank_invalidate",0.182132447,5.055086378,11.638129432,11.537451209
0x000fd0f0,"queue_free",3,0x000faa5c,"pb_dec_fixed32",0.179720886,5.055086378,11.638129432,11.686790572
0x000fd0f0,"queue_free",4,0x000faa7c,"pb_dec_fixed64",0.179720886,5.055086378,11.638129432,11.686790572
0x000fd0f0,"queue_free",5,0x000fc2ec,"nrf_dfu_validation_activation_prepare",0.179720886,5.055086378,11.638129432,11.686790572
0x000fd0f0,"queue_free",6,0x000f87d8,"init",0.000000000,3.382326221,11.638129432,10.611468972
0x000fd0f0,"queue_free",7,0x000f8944,"nrf_fstorage_sdh_req_handler",0.000000000,3.382326221,11.638129432,11.393174392
0x000fd0f0,"queue_free",8,0x000f8968,"uninit",0.000000000,3.382326221,11.638129432,11.866338467
0x000fd0f0,"queue_free",9,0x000f97b8,"__NVIC_SystemReset",0.000000000,3.382326221,11.638129432,11.873922398
0x000fd0f0,"queue_free",10,0x000f9944,"ble_srv_is_notification_enabled",0.000000000,3.382326221,11.638129432,11.393337701
0x000fd0f0,"queue_free",11,0x000f995c,"do_reset",0.000000000,3.382326221,11.638129432,11.873922398
0x000fd0f0,"queue_free",12,0x000fb36a,"nrf_dfu_mbr_init_sd",0.173137922,2.960819618,11.638129432,12.126692768
0x000fd104,"queue_process",1,0x000f89c0,"queue_process",0.171278292,-3.309643566,92.709035290,109.164565923
0x000fd104,"queue_process",2,0x000f8c20,"nrf52_errata_98",0.093301722,-5.366293482,92.709035290,21.829653284
0x000fd104,"queue_process",3,0x000f9de4,"nrf_bootloader_dfu_inactivity_timer_restart",0.090143391,-5.607000830,92.709035290,22.957625372
0x000fd104,"queue_process",4,0x000f8a60,"nrf_fstorage_sys_evt_handler",0.143741374,-5.869304279,92.709035290,109.470564857
0x000fd104,"queue_process",5,0x000fa0fc,"nrf_bootloader_wdt_feed",0.061163661,-6.568476480,92.709035290,15.132416731
0x000fd104,"queue_process",6,0x000f981c,"app_error_fault_handler",0.056113334,-6.581217832,92.709035290,9.202545620
0x000fd104,"queue_process",7,0x000f9822,"app_error_handler_bare",0.056113334,-6.581217832,92.709035290,9.202545620
0x000fd104,"queue_process",8,0x000fba44,"nrf_dfu_bank0_start_addr",0.057760624,-6.868317327,92.709035290,18.512561266
0x000fd104,"queue_process",9,0x000f8b04,"nrf_fstorage_sdh_state_handler",0.050242481,-7.290598526,92.709035290,19.529411617
0x000fd104,"queue_process",10,0x000fa030,"nrf_bootloader_mbr_addrs_populate",0.055931550,-7.333124033,92.709035290,23.196136331
0x000fd104,"queue_process",11,0x000f8b24,"queue_start",0.056036508,-7.354970091,92.709035290,22.787069649
0x000fd104,"queue_process",12,0x000f9e1c,"nrf_bootloader_wdt_feed_timer_start",0.037680299,-7.362473377,92.709035290,16.112391892
0x000fd1a0,"queue_start",1,0x000f8b24,"queue_start",0.456050242,9.690874203,27.710443022,22.787069649
0x000fd1a0,"queue_start",2,0x000f96f0,"nrf_crypto_hash_calculate",0.242219123,5.292156085,27.710443022,27.590064527
0x000fd1a0,"queue_start",3,0x000f8c20,"nrf52_errata_98",0.281396936,4.529314877,27.710443022,21.829653284
0x000fd1a0,"queue_start",4,0x000f9de4,"nrf_bootloader_dfu_inactivity_timer_restart",0.139165927,1.276939031,27.710443022,22.957625372
0x000fd1a0,"queue_start",5,0x000f92e0,"nrf_sdh_request_continue",0.058192895,0.070421265,27.710443022,25.722174830
0x000fd1a0,"queue_start",6,0x000fbed8,"nrf_dfu_validation_init_cmd_append",0.050658019,-0.017997809,27.710443022,28.340777790
0x000fd1a0,"queue_start",7,0x000f82bc,"Reset_Handler",0.044315720,-0.199571659,27.710443022,26.461217820
0x000fd1a0,"queue_start",8,0x000f9828,"main",0.043326930,-0.199571659,27.710443022,27.405337805
0x000fd1a0,"queue_start",9,0x000fb8e4,"nrf_dfu_settings_init",0.044449705,-0.422247609,27.710443022,27.321323295
0x000fd1a0,"queue_start",10,0x000fc790,"nrf_cc310_bl_init",0.051149521,-0.606696399,27.710443022,24.207055109
0x000fd1a0,"queue_start",11,0x000f9020,"cc310_bl_backend_init",0.048378066,-0.667234280,27.710443022,24.000797821
0x000fd1a0,"queue_start",12,0x000f8988,"init",0.047121590,-0.667234280,27.710443022,24.973033380
0x000fd1e0,"read_raw_value",1,0x000f9658,"nrf_crypto_hash_init",0.289460869,5.983579056,65.649863283,31.379879909
0x000fd1e0,"read_raw_value",2,0x000f9680,"nrf_crypto_hash_update",0.264386905,5.239839525,65.649863283,35.569951845
0x000fd1e0,"read_raw_value",3,0x000f8ed8,"hash_result_get",0.255447833,5.033777326,65.649863283,38.446979493
0x000fd1e0,"read_raw_value",4,0x000f96b4,"nrf_crypto_hash_finalize",0.244805197,4.547355344,65.649863283,40.417589591
0x000fd1e0,"read_raw_value",5,0x000f987c,"nrf_dfu_set_adv_name_on_sys_evt",0.246762077,4.248578406,65.649863283,34.690293882
0x000fd1e0,"read_raw_value",6,0x000f98a2,"nrf_dfu_set_adv_name_on_call",0.211144170,3.128011856,65.649863283,41.881896894
0x000fd1e0,"read_raw_value",7,0x000f84e0,"crc32_compute",0.215040794,3.085453793,65.649863283,54.149857603
0x000fd1e0,"read_raw_value",8,0x000f959e,"nrf_crypto_internal_ecc_key_input_check",0.243166737,2.076001919,65.649863283,21.830400154
0x000fd1e0,"read_raw_value",9,0x000f95b6,"nrf_crypto_internal_ecc_raw_input_check",0.221006698,0.925066893,65.649863283,20.893639822
0x000fd1e0,"read_raw_value",10,0x000fc3b4,"verify_context_ecdsa_verify_secp256r1",0.222976746,0.916699341,65.649863283,20.594658968
0x000fd1e0,"read_raw_value",11,0x000fc638,"verify_context_hash_sha256",0.222976746,0.916699341,65.649863283,20.594658968
0x000fd1e0,"read_raw_value",12,0x000fbea8,"nrf_dfu_validation_init_cmd_create",0.201775314,0.791005066,65.649863283,25.968053209
0x000fd242,"response_crc_add",1,0x000fb348,"nrf_dfu_mbr_copy_bl",0.161205287,2.580837506,20.206462338,15.951893824
0x000fd242,"response_crc_add",2,0x000faa44,"pb_decode_fixed32",0.051021259,2.095072213,20.206462338,19.127269137
0x000fd242,"response_crc_add",3,0x000f8e40,"nrf_crypto_backend_secp256r1_public_key_from_raw",0.183418228,1.958088819,20.206462338,13.689627138
0x000fd242,"response_crc_add",4,0x000fa420,"pb_istream_from_buffer",0.057470830,1.472323526,20.206462338,16.348298473
0x000fd242,"response_crc_add",5,0x000f8f24,"cc310_bl_backend_hash_sha256_init",0.181082163,1.335340132,20.206462338,13.889053703
0x000fd242,"response_crc_add",6,0x000f978a,"nrf_crypto_internal_double_swap_endian",0.179862988,1.335340132,20.206462338,13.996232483
0x000fd242,"response_crc_add",7,0x000fb698,"nrf_dfu_req_handler_on_req",0.052563757,1.139168672,20.206462338,18.368693562
0x000fd242,"response_crc_add",8,0x000f866c,"nrf_atomic_u32_fetch_store",0.000000000,0.886483973,20.206462338,20.043934639
0x000fd242,"response_crc_add",9,0x000f94e8,"nrf_nvmc_page_erase",0.000000000,0.886483973,20.206462338,20.871725082
0x000fd242,"response_crc_add",10,0x000fba44,"nrf_dfu_bank0_start_addr",0.000000000,0.886483973,20.206462338,18.512561266
0x000fd242,"response_crc_add",11,0x000fc584,"nrf_cc310_bl_ecdsa_verify_secp256r1",0.000000000,0.886483973,20.206462338,18.697918980
0x000fd242,"response_crc_add",12,0x000fbd3c,"crypto_init",0.057804323,0.849574838,20.206462338,16.229349774
0x000fd264,"response_send",1,0x000fa420,"pb_istream_from_buffer",0.163018755,3.319549344,16.599154490,16.348298473
0x000fd264,"response_send",2,0x000fb348,"nrf_dfu_mbr_copy_bl",0.067857157,2.951109123,16.599154490,15.951893824
0x000fd264,"response_send",3,0x000fbd3c,"crypto_init",0.066929673,2.951109123,16.599154490,16.229349774
0x000fd264,"response_send",4,0x000f9e1c,"nrf_bootloader_wdt_feed_timer_start",0.107817001,2.495425561,16.599154490,16.112391892
0x000fd264,"response_send",5,0x000f8e40,"nrf_crypto_backend_secp256r1_public_key_from_raw",0.077207390,2.076519092,16.599154490,13.689627138
0x000fd264,"response_send",6,0x000f8248,"_start",0.000000000,1.718431389,16.599154490,17.465628009
0x000fd264,"response_send",7,0x000f9390,"nrf_sdh_ble_evts_poll",0.000000000,1.718431389,16.599154490,15.911585613
0x000fd264,"response_send",8,0x000f93a0,"nrf_sdh_ble_app_ram_start_get",0.000000000,1.718431389,16.599154490,15.428501673
0x000fd264,"response_send",9,0x000fa0fc,"nrf_bootloader_wdt_feed",0.000000000,1.718431389,16.599154490,15.132416731
0x000fd264,"response_send",10,0x000fb2d8,"nrf_dfu_flash_init",0.000000000,1.718431389,16.599154490,15.470655266
0x000fd264,"response_send",11,0x000fd860,"exit",0.000000000,1.718431389,16.599154490,16.571403855
0x000fd264,"response_send",12,0x000fba44,"nrf_dfu_bank0_start_addr",0.096917160,1.268481307,16.599154490,18.512561266
0x000fd2f4,"sd_req_check",1,0x000f8c48,"nvmc_wait",0.132816762,-2.930303307,49.735556351,14.328249014
0x000fd2f4,"sd_req_check",2,0x000f94d8,"wait_for_flash_ready",0.132816762,-2.930303307,49.735556351,14.328249014
0x000fd2f4,"sd_req_check",3,0x000f949c,"nrf_sdh_soc_evts_poll",0.081457468,-3.202979263,49.735556351,38.413477544
0x000fd2f4,"sd_req_check",4,0x000fd808,"SaSi_HalWaitInterrupt",0.092040277,-3.288264000,49.735556351,23.331570503
0x000fd2f4,"sd_req_check",5,0x000f9344,"nrf_sdh_ble_evts_poll",0.078414006,-3.381959609,49.735556351,40.977641877
0x000fd2f4,"sd_req_check",6,0x000fbf24,"nrf_dfu_validation_prevalidate",0.079516761,-3.534189073,49.735556351,36.087975246
0x000fd2f4,"sd_req_check",7,0x000f840c,"app_sched_execute",0.067292901,-3.899826726,49.735556351,44.390276633
0x000fd2f4,"sd_req_check",8,0x000fd8d0,"memcmp",0.057207874,-4.364476909,49.735556351,37.212197940
0x000fd2f4,"sd_req_check",9,0x000f82e4,"NMI_Handler",0.109574335,-4.468740291,49.735556351,8.766523578
0x000fd2f4,"sd_req_check",10,0x000f82e6,"HardFault_Handler",0.109574335,-4.468740291,49.735556351,8.766523578
0x000fd2f4,"sd_req_check",11,0x000f82e8,"MemoryManagement_Handler",0.109574335,-4.468740291,49.735556351,8.766523578
0x000fd2f4,"sd_req_check",12,0x000f82ea,"BusFault_Handler",0.109574335,-4.468740291,49.735556351,8.766523578
0x000fd338,"sd_req_ok",1,0x000fc2f4,"nrf_dfu_ver_validation_check",0.369433552,19.000248315,64.972190896,113.937218237
0x000fd338,"sd_req_ok",2,0x000fa97e,"pb_dec_submessage",0.180927060,0.662179008,64.972190896,42.615906139
0x000fd338,"sd_req_ok",3,0x000fbbdc,"is_major_softdevice_update",0.183292307,0.521536978,64.972190896,47.159693795
0x000fd338,"sd_req_ok",4,0x000f88d8,"event_send",0.188938105,0.168544540,64.972190896,51.342429642
0x000fd338,"sd_req_ok",5,0x000fa3e0,"pb_dec_bytes",0.169681077,0.076985162,64.972190896,44.315128121
0x000fd338,"sd_req_ok",6,0x000fa49a,"pb_dec_uvarint",0.181691060,-0.149648670,64.972190896,62.757973760
0x000fd338,"sd_req_ok",7,0x000fa3a0,"pb_dec_string",0.162537761,-0.581663469,64.972190896,45.467570049
0x000fd338,"sd_req_ok",8,0x000fa4f6,"pb_dec_varint",0.174492270,-0.722326403,64.972190896,67.536925040
0x000fd338,"sd_req_ok",9,0x000fa9ea,"pb_dec_svarint",0.171771083,-1.104111558,64.972190896,69.501784408
0x000fd338,"sd_req_ok",10,0x000fbb40,"update_data_size_get",0.169048125,-1.173388596,64.972190896,67.651976529
0x000fd338,"sd_req_ok",11,0x000fb2cc,"dfu_fstorage_evt_handler",0.166692293,-1.789828563,64.972190896,18.656314793
0x000fd338,"sd_req_ok",12,0x000f85d6,"nrf_atfifo_item_put",0.137162038,-2.268606594,64.972190896,33.752682087
0x000fd3a0,"sdh_request_observer_notify",1,0x000f9148,"sdh_request_observer_notify",0.696467287,22.339623608,37.496829158,32.420161189
0x000fd3a0,"sdh_request_observer_notify",2,0x000f9178,"sdh_state_observer_notify",0.454765369,10.258167381,37.496829158,24.423210600
0x000fd3a0,"sdh_request_observer_notify",3,0x000f930c,"nrf_sdh_evts_poll",0.454765369,10.258167381,37.496829158,24.423210600
0x000fd3a0,"sdh_request_observer_notify",4,0x000f9334,"SWI2_EGU2_IRQHandler",0.391950244,8.303718128,37.496829158,24.478583622
0x000fd3a0,"sdh_request_observer_notify",5,0x000f8738,"nrf_balloc_free",0.152610809,1.779617487,37.496829158,33.701848306
0x000fd3a0,"sdh_request_observer_notify",6,0x000f949c,"nrf_sdh_soc_evts_poll",0.154468246,1.493491899,37.496829158,38.413477544
0x000fd3a0,"sdh_request_observer_notify",7,0x000fa324,"pb_message_set_to_defaults",0.179361469,1.204517281,37.496829158,27.202209184
0x000fd3a0,"sdh_request_observer_notify",8,0x000f9344,"nrf_sdh_ble_evts_poll",0.148696912,0.482572066,37.496829158,40.977641877
0x000fd3a0,"sdh_request_observer_notify",9,0x000f9774,"nrf_crypto_internal_swap_endian",0.152088253,0.476159644,37.496829158,26.570915745
0x000fd3a0,"sdh_request_observer_notify",10,0x000f864c,"nrf_atfifo_item_free",0.105768580,0.069506801,37.496829158,35.395313926
0x000fd3a0,"sdh_request_observer_notify",11,0x000f85d6,"nrf_atfifo_item_put",0.108854787,0.034387917,37.496829158,33.752682087
0x000fd3a0,"sdh_request_observer_notify",12,0x000fa550,"pb_decode_tag",0.133249769,-0.010040109,37.496829158,43.443756798
0x000fd3d0,"sdh_state_observer_notify",1,0x000f9178,"sdh_state_observer_notify",0.832998269,20.410760081,24.478583622,24.423210600
0x000fd3d0,"sdh_state_observer_notify",2,0x000f9334,"SWI2_EGU2_IRQHandler",0.747622879,18.376848311,24.478583622,24.478583622
0x000fd3d0,"sdh_state_observer_notify",3,0x000f930c,"nrf_sdh_evts_poll",0.664494061,16.342936540,24.478583622,24.423210600
0x000fd3d0,"sdh_state_observer_notify",4,0x000f9148,"sdh_request_observer_notify",0.378433149,7.793021511,24.478583622,32.420161189
0x000fd3d0,"sdh_state_observer_notify",5,0x000fa324,"pb_message_set_to_defaults",0.297299048,7.089376450,24.478583622,27.202209184
0x000fd3d0,"sdh_state_observer_notify",6,0x000f9774,"nrf_crypto_internal_swap_endian",0.262649580,5.644864969,24.478583622,26.570915745
0x000fd3d0,"sdh_state_observer_notify",7,0x000f975c,"nrf_crypto_internal_swap_endian_in_place",0.213922221,3.871351289,24.478583622,29.145400264
0x000fd3d0,"sdh_state_observer_notify",8,0x000f8be0,"nrf_section_iter_init",0.175143936,3.448567126,24.478583622,21.981283081
0x000fd3d0,"sdh_state_observer_notify",9,0x000faa84,"dfu_observer",0.165120421,2.998967266,24.478583622,24.346816371
0x000fd3d0,"sdh_state_observer_notify",10,0x000fd908,"memset",0.227456067,2.825121190,24.478583622,20.537093130
0x000fd3d0,"sdh_state_observer_notify",11,0x000fc5ac,"set_digest_in_hw_sha256",0.237466043,2.457447625,24.478583622,14.698052713
0x000fd3d0,"sdh_state_observer_notify",12,0x000fc910,"PkaSetRegsSizesTab",0.174425441,2.425046808,24.478583622,22.442562969
0x000fd3fc,"settings_backup",1,0x000f9980,"inactivity_timeout",0.186493092,5.055086378,11.638129432,11.281974576
0x000fd3fc,"settings_backup",2,0x000fba2c,"nrf_dfu_bank_invalidate",0.182132447,5.055086378,11.638129432,11.537451209
0x000fd3fc,"settings_backup",3,0x000faa5c,"pb_dec_fixed32",0.179720886,5.055086378,11.638129432,11.686790572
0x000fd3fc,"settings_backup",4,0x000faa7c,"pb_dec_fixed64",0.179720886,5.055086378,11.638129432,11.686790572
0x000fd3fc,"settings_backup",5,0x000fc2ec,"nrf_dfu_validation_activation_prepare",0.179720886,5.055086378,11.638129432,11.686790572
0x000fd3fc,"settings_backup",6,0x000f87d8,"init",0.000000000,3.382326221,11.638129432,10.611468972
0x000fd3fc,"settings_backup",7,0x000f8944,"nrf_fstorage_sdh_req_handler",0.000000000,3.382326221,11.638129432,11.393174392
0x000fd3fc,"settings_backup",8,0x000f8968,"uninit",0.000000000,3.382326221,11.638129432,11.866338467
0x000fd3fc,"settings_backup",9,0x000f97b8,"__NVIC_SystemReset",0.000000000,3.382326221,11.638129432,11.873922398
0x000fd3fc,"settings_backup",10,0x000f9944,"ble_srv_is_notification_enabled",0.000000000,3.382326221,11.638129432,11.393337701
0x000fd3fc,"settings_backup",11,0x000f995c,"do_reset",0.000000000,3.382326221,11.638129432,11.873922398
0x000fd3fc,"settings_backup",12,0x000fb36a,"nrf_dfu_mbr_init_sd",0.173137922,2.960819618,11.638129432,12.126692768
0x000fd410,"settings_crc_get",1,0x000f9980,"inactivity_timeout",0.201534483,5.055086378,10.829347715,11.281974576
0x000fd410,"settings_crc_get",2,0x000fba2c,"nrf_dfu_bank_invalidate",0.196822136,5.055086378,10.829347715,11.537451209
0x000fd410,"settings_crc_get",3,0x000faa5c,"pb_dec_fixed32",0.194216073,5.055086378,10.829347715,11.686790572
0x000fd410,"settings_crc_get",4,0x000faa7c,"pb_dec_fixed64",0.194216073,5.055086378,10.829347715,11.686790572
0x000fd410,"settings_crc_get",5,0x000fc2ec,"nrf_dfu_validation_activation_prepare",0.194216073,5.055086378,10.829347715,11.686790572
0x000fd410,"settings_crc_get",6,0x000f87d8,"init",0.147845648,4.735451429,10.829347715,10.611468972
0x000fd410,"settings_crc_get",7,0x000fb36a,"nrf_dfu_mbr_init_sd",0.315335459,4.265765836,10.829347715,12.126692768
0x000fd410,"settings_crc_get",8,0x000fc004,"fw_hash_ok",0.308928419,4.265765836,10.829347715,12.383047125
0x000fd410,"settings_crc_get",9,0x000f8944,"nrf_fstorage_sdh_req_handler",0.000000000,3.382326221,10.829347715,11.393174392
0x000fd410,"settings_crc_get",10,0x000f8968,"uninit",0.000000000,3.382326221,10.829347715,11.866338467
0x000fd410,"settings_crc_get",11,0x000f97b8,"__NVIC_SystemReset",0.000000000,3.382326221,10.829347715,11.873922398
0x000fd410,"settings_crc_get",12,0x000f9944,"ble_srv_is_notification_enabled",0.000000000,3.382326221,10.829347715,11.393337701
0x000fd41a,"settings_write",1,0x000fb6f4,"settings_write",0.804792387,33.315227733,42.710053313,42.795878234
0x000fd41a,"settings_write",2,0x000f887c,"write",0.114912698,-0.831737782,42.710053313,32.639553966
0x000fd41a,"settings_write",3,0x000fc3d4,"nrf_cc310_bl_ecdsa_verify_init_secp256r1",0.117964692,-1.046105231,42.710053313,28.391102178
0x000fd41a,"settings_write",4,0x000fb6ac,"nrf_dfu_req_handler_init",0.090589853,-1.787595573,42.710053313,44.676961325
0x000fd41a,"settings_write",5,0x000f881c,"erase",0.099025683,-1.965254904,42.710053313,41.869569817
0x000fd41a,"settings_write",6,0x000f9b98,"nrf_bootloader_flash_protect",0.065577868,-2.585232699,42.710053313,38.965021271
0x000fd41a,"settings_write",7,0x000fa550,"pb_decode_tag",0.078926104,-2.632247888,42.710053313,43.443756798
0x000fd41a,"settings_write",8,0x000f9ca4,"timer_init",0.073040144,-2.650715716,42.710053313,31.199830201
0x000fd41a,"settings_write",9,0x000fbea8,"nrf_dfu_validation_init_cmd_create",0.081926148,-2.674073090,42.710053313,25.968053209
0x000fd41a,"settings_write",10,0x000f9020,"cc310_bl_backend_init",0.086398843,-2.676917444,42.710053313,24.000797821
0x000fd41a,"settings_write",11,0x000fa9b8,"pb_decode_svarint",0.061535611,-2.705590531,42.710053313,39.590748545
0x000fd41a,"settings_write",12,0x000f95cc,"nrf_crypto_ecc_public_key_from_raw",0.056353331,-2.890688751,42.710053313,39.387338565
0x000fd46c,"softdevice_evt_irq_disable",1,0x000faaa8,"nrf_dfu_init",0.351438273,5.539681444,36.878233352,22.382412976
0x000fd46c,"softdevice_evt_irq_disable",2,0x000f887c,"write",0.216635261,3.872552867,36.878233352,32.639553966
0x000fd46c,"softdevice_evt_irq_disable",3,0x000f8b24,"queue_start",0.272930509,3.445606806,36.878233352,22.787069649
0x000fd46c,"softdevice_evt_irq_disable",4,0x000fb8c4,"nrf_dfu_settings_write_and_backup",0.323720201,3.232133775,36.878233352,17.935554343
0x000fd46c,"softdevice_evt_irq_disable",5,0x000f91cc,"softdevices_evt_irq_enable",0.180370876,2.234352262,36.878233352,32.291932928
0x000fd46c,"softdevice_evt_irq_disable",6,0x000fb8e4,"nrf_dfu_settings_init",0.186778929,1.673981176,36.878233352,27.321323295
0x000fd46c,"softdevice_evt_irq_disable",7,0x000f881c,"erase",0.186684806,1.663603617,36.878233352,41.869569817
0x000fd46c,"softdevice_evt_irq_disable",8,0x000f8988,"init",0.198006266,1.620612918,36.878233352,24.973033380
0x000fd46c,"softdevice_evt_irq_disable",9,0x000f9544,"nrf_nvmc_write_words",0.147433190,1.388008458,36.878233352,37.394697243
0x000fd46c,"softdevice_evt_irq_disable",10,0x000f91a0,"softdevice_evt_irq_disable",0.215789488,0.800957624,36.878233352,20.660240445
0x000fd46c,"softdevice_evt_irq_disable",11,0x000fc790,"nrf_cc310_bl_init",0.162195003,0.216243563,36.878233352,24.207055109
0x000fd46c,"softdevice_evt_irq_disable",12,0x000f9f24,"sd_activate",0.157139545,0.209725885,36.878233352,51.234137998
0x000fd4ac,"softdevices_evt_irq_enable",1,0x000fb8c4,"nrf_dfu_settings_write_and_backup",0.258274525,1.325398103,54.504138969,17.935554343
0x000fd4ac,"softdevices_evt_irq_enable",2,0x000f8b24,"queue_start",0.217752853,0.906226211,54.504138969,22.787069649
0x000fd4ac,"softdevices_evt_irq_enable",3,0x000f881c,"erase",0.174682850,0.745653601,54.504138969,41.869569817
0x000fd4ac,"softdevices_evt_irq_enable",4,0x000fb8e4,"nrf_dfu_settings_init",0.182076931,0.338912022,54.504138969,27.321323295
0x000fd4ac,"softdevices_evt_irq_enable",5,0x000f887c,"write",0.172838670,0.067882429,54.504138969,32.639553966
0x000fd4ac,"softdevices_evt_irq_enable",6,0x000f987c,"nrf_dfu_set_adv_name_on_sys_evt",0.163812025,-0.010467188,54.504138969,34.690293882
0x000fd4ac,"softdevices_evt_irq_enable",7,0x000f9f24,"sd_activate",0.144030375,-0.212956218,54.504138969,51.234137998
0x000fd4ac,"softdevices_evt_irq_enable",8,0x000f91cc,"softdevices_evt_irq_enable",0.149222916,-1.049041321,54.504138969,32.291932928
0x000fd4ac,"softdevices_evt_irq_enable",9,0x000f8988,"init",0.157975851,-1.061800238,54.504138969,24.973033380
0x000fd4ac,"softdevices_evt_irq_enable",10,0x000faaa8,"nrf_dfu_init",0.136091193,-2.250853999,54.504138969,22.382412976
0x000fd4ac,"softdevices_evt_irq_enable",11,0x000f8c20,"nrf52_errata_98",0.138284695,-2.255386966,54.504138969,21.829653284
0x000fd4ac,"softdevices_evt_irq_enable",12,0x000fc790,"nrf_cc310_bl_init",0.129404459,-2.451040925,54.504138969,24.207055109
0x000fd504,"stored_init_cmd_decode",1,0x000f8a60,"nrf_fstorage_sys_evt_handler",0.214409673,-0.979856872,85.128499673,109.470564857
0x000fd504,"stored_init_cmd_decode",2,0x000fbc50,"stored_init_cmd_decode",0.127719976,-6.623366177,85.128499673,61.702599603
0x000fd504,"stored_init_cmd_decode",3,0x000f8c20,"nrf52_errata_98",0.075437173,-7.265005102,85.128499673,21.829653284
0x000fd504,"stored_init_cmd_decode",4,0x000f9de4,"nrf_bootloader_dfu_inactivity_timer_restart",0.072883571,-7.528252467,85.128499673,22.957625372
0x000fd504,"stored_init_cmd_decode",5,0x000f87d8,"init",0.036489850,-7.559215156,85.128499673,10.611468972
0x000fd504,"stored_init_cmd_decode",6,0x000f9680,"nrf_crypto_hash_update",0.098896672,-7.817112988,85.128499673,35.569951845
0x000fd504,"stored_init_cmd_decode",7,0x000fb36a,"nrf_dfu_mbr_init_sd",0.031649316,-7.822462522,85.128499673,12.126692768
0x000fd504,"stored_init_cmd_decode",8,0x000fc004,"fw_hash_ok",0.031006259,-7.822462522,85.128499673,12.383047125
0x000fd504,"stored_init_cmd_decode",9,0x000f9e1c,"nrf_bootloader_wdt_feed_timer_start",0.039444132,-7.930050785,85.128499673,16.112391892
0x000fd504,"stored_init_cmd_decode",10,0x000fab30,"response_send",0.029439830,-8.085709888,85.128499673,13.079303673
0x000fd504,"stored_init_cmd_decode",11,0x000f8f24,"cc310_bl_backend_hash_sha256_init",0.027886063,-8.085709888,85.128499673,13.889053703
0x000fd504,"stored_init_cmd_decode",12,0x000f978a,"nrf_crypto_internal_double_swap_endian",0.027698314,-8.085709888,85.128499673,13.996232483
0x000f8480,"strlen",1,0x000fd918,"strlen",0.666098902,15.091574558,22.326627333,22.927287501
0x000f8480,"strlen",2,0x000f975c,"nrf_crypto_internal_swap_endian_in_place",0.366739622,6.896353069,22.326627333,29.145400264
0x000f8480,"strlen",3,0x000fc910,"PkaSetRegsSizesTab",0.276246461,6.563075292,22.326627333,22.442562969
0x000f8480,"strlen",4,0x000fd908,"memset",0.316675119,6.460325949,22.326627333,20.537093130
0x000f8480,"strlen",5,0x000f8682,"nrf_atomic_u32_fetch_or",0.239977080,4.915692258,22.326627333,21.597634049
0x000f8480,"strlen",6,0x000f869a,"nrf_atomic_u32_and",0.239977080,4.915692258,22.326627333,21.597634049
0x000f8480,"strlen",7,0x000fd8ec,"memcpy",0.302290442,4.778527836,22.326627333,29.534490883
0x000f8480,"strlen",8,0x000f866c,"nrf_atomic_u32_fetch_store",0.252912231,4.460837800,22.326627333,20.043934639
0x000f8480,"strlen",9,0x000f9774,"nrf_crypto_internal_swap_endian",0.163418331,1.832530188,22.326627333,26.570915745
0x000f8480,"strlen",10,0x000fd808,"SaSi_HalWaitInterrupt",0.071558309,1.753831909,22.326627333,23.331570503
0x000f8480,"strlen",11,0x000faa84,"dfu_observer",0.103496129,1.312550282,22.326627333,24.346816371
0x000f8480,"strlen",12,0x000fb2cc,"dfu_fstorage_evt_handler",0.048469220,1.247065133,22.326627333,18.656314793
0x000f84a8,"strncmp",1,0x000fd8d0,"memcmp",0.253898437,5.192663584,31.640058206,37.212197940
0x000f84a8,"strncmp",2,0x000fb9cc,"nrf_dfu_transports_init",0.178755262,3.572355834,31.640058206,31.431685470
0x000f84a8,"strncmp",3,0x000fb9fc,"nrf_dfu_transports_close",0.178755262,3.572355834,31.640058206,31.431685470
0x000f84a8,"strncmp",4,0x000f9724,"nrf_crypto_init",0.175269039,3.027173182,31.640058206,32.453061159
0x000f84a8,"strncmp",5,0x000f82bc,"Reset_Handler",0.138877849,1.285649393,31.640058206,26.461217820
0x000f84a8,"strncmp",6,0x000fd888,"__libc_init_array",0.168378616,0.917850678,31.640058206,34.661576447
0x000f84a8,"strncmp",7,0x000f975c,"nrf_crypto_internal_swap_endian_in_place",0.106209771,0.371260731,31.640058206,29.145400264
0x000f84a8,"strncmp",8,0x000f9774,"nrf_crypto_internal_swap_endian",0.112663054,0.225685116,31.640058206,26.570915745
0x000f84a8,"strncmp",9,0x000fd808,"SaSi_HalWaitInterrupt",0.122746388,-0.356617342,31.640058206,23.331570503
0x000f84a8,"strncmp",10,0x000fd908,"memset",0.134033239,-0.502192957,31.640058206,20.537093130
0x000f84a8,"strncmp",11,0x000fc7c4,"PkaSetRegsMapTab",0.112340108,-0.564783431,31.640058206,37.264814671
0x000f84a8,"strncmp",12,0x000f9544,"nrf_nvmc_write_words",0.091189430,-0.819170446,31.640058206,37.394697243
0x000fd5cc,"timer_activate",1,0x000f9c3c,"timer_activate",0.516400301,24.702550402,58.857793772,54.889271351
0x000fd5cc,"timer_activate",2,0x000f97dc,"dfu_observer",0.243400434,4.012898962,58.857793772,34.937296525
0x000fd5cc,"timer_activate",3,0x000fa58a,"pb_skip_field",0.199140603,3.507704030,58.857793772,55.779323443
0x000fd5cc,"timer_activate",4,0x000f9094,"bsp_board_led_on",0.147380492,-1.217205081,58.857793772,26.508397982
0x000fd5cc,"timer_activate",5,0x000f90bc,"bsp_board_led_off",0.147380492,-1.217205081,58.857793772,26.508397982
0x000fd5cc,"timer_activate",6,0x000f8be0,"nrf_section_iter_init",0.125967919,-2.155691109,58.857793772,21.981283081
0x000fd5cc,"timer_activate",7,0x000fc00c,"nrf_dfu_validation_boot_validate",0.113006009,-2.209018984,58.857793772,51.910000644
0x000fd5cc,"timer_activate",8,0x000fb3a0,"ext_err_code_handle",0.120073358,-2.897651561,58.857793772,22.516963153
0x000fd5cc,"timer_activate",9,0x000fc3d4,"nrf_cc310_bl_ecdsa_verify_init_secp256r1",0.106411827,-2.913598353,58.857793772,28.391102178
0x000fd5cc,"timer_activate",10,0x000fcb08,"PkaFinishAndMutexUnlock",0.116157354,-3.180630451,58.857793772,22.124799157
0x000fd5cc,"timer_activate",11,0x000fba44,"nrf_dfu_bank0_start_addr",0.115739346,-3.216415442,58.857793772,18.512561266
0x000fd5cc,"timer_activate",12,0x000fbbdc,"is_major_softdevice_update",0.096928433,-3.759914290,58.857793772,47.159693795
0x000fd62c,"timer_init",1,0x000fa0b0,"nrf_bootloader_wdt_init",0.173207782,1.330467405,44.989406205,34.810676806
0x000fd62c,"timer_init",2,0x000f9ca4,"timer_init",0.185206367,1.255968770,44.989406205,31.199830201
0x000fd62c,"timer_init",3,0x000f9b98,"nrf_bootloader_flash_protect",0.106337555,-1.259966261,44.989406205,38.965021271
0x000fd62c,"timer_init",4,0x000f8c20,"nrf52_errata_98",0.117513065,-2.118036534,44.989406205,21.829653284
0x000fd62c,"timer_init",5,0x000fba44,"nrf_dfu_bank0_start_addr",0.086143157,-3.509176271,44.989406205,18.512561266
0x000fd62c,"timer_init",6,0x000f9de4,"nrf_bootloader_dfu_inactivity_timer_restart",0.073988932,-3.620924223,44.989406205,22.957625372
0x000fd62c,"timer_init",7,0x000fbed8,"nrf_dfu_validation_init_cmd_append",0.064456969,-3.732672175,44.989406205,28.340777790
0x000fd62c,"timer_init",8,0x000fc790,"nrf_cc310_bl_init",0.067696852,-3.756898788,44.989406205,24.207055109
0x000fd62c,"timer_init",9,0x000f95b6,"nrf_crypto_internal_ecc_raw_input_check",0.069733672,-3.842976442,44.989406205,20.893639822
0x000fd62c,"timer_init",10,0x000fcb08,"PkaFinishAndMutexUnlock",0.067016984,-3.842976442,44.989406205,22.124799157
0x000fd62c,"timer_init",11,0x000f959e,"nrf_crypto_internal_ecc_key_input_check",0.067637656,-3.880225760,44.989406205,21.830400154
0x000fd62c,"timer_init",12,0x000f91cc,"softdevices_evt_irq_enable",0.056330176,-3.943145374,44.989406205,32.291932928
0x000fd6a0,"timer_start",1,0x000f9b6c,"nrf_bootloader_app_start",0.352563535,6.645926932,13.116314455,12.872793677
0x000fd6a0,"timer_start",2,0x000fb900,"nrf_dfu_settings_progress_reset",0.171062345,4.793973159,13.116314455,13.154645564
0x000fd6a0,"timer_start",3,0x000f97a2,"nrf_crypto_internal_double_swap_endian_in_place",0.170133689,4.793973159,13.116314455,13.232857116
0x000fd6a0,"timer_start",4,0x000fa95e,"pb_decode",0.168467832,4.793973159,13.116314455,13.376410647
0x000fd6a0,"timer_start",5,0x000f8968,"uninit",0.188942801,3.163859097,13.116314455,11.866338467
0x000fd6a0,"timer_start",6,0x000f8f24,"cc310_bl_backend_hash_sha256_init",0.162895205,3.051554521,13.116314455,13.889053703
0x000fd6a0,"timer_start",7,0x000f978a,"nrf_crypto_internal_double_swap_endian",0.161798477,3.051554521,13.116314455,13.996232483
0x000fd6a0,"timer_start",8,0x000f876c,"nrf_fstorage_init",0.000000000,2.966352513,13.116314455,12.977786468
0x000fd6a0,"timer_start",9,0x000f9070,"cc310_bl_backend_disable",0.000000000,2.966352513,13.116314455,13.234035506
0x000fd6a0,"timer_start",10,0x000fb36a,"nrf_dfu_mbr_init_sd",0.000000000,2.966352513,13.116314455,12.126692768
0x000fd6a0,"timer_start",11,0x000fb97c,"nrf_dfu_settings_adv_name_is_valid",0.000000000,2.966352513,13.116314455,13.175049138
0x000fd6a0,"timer_start",12,0x000fc004,"fw_hash_ok",0.000000000,2.966352513,13.116314455,12.383047125
0x000fd6bc,"timer_stop",1,0x000f9e1c,"nrf_bootloader_wdt_feed_timer_start",0.120768420,3.803196082,14.449698479,16.112391892
0x000fd6bc,"timer_stop",2,0x000f8e40,"nrf_crypto_backend_secp256r1_public_key_from_raw",0.086481857,3.384289613,14.449698479,13.689627138
0x000fd6bc,"timer_stop",3,0x000fa420,"pb_istream_from_buffer",0.182601234,2.584871171,14.449698479,16.348298473
0x000fd6bc,"timer_stop",4,0x000fab30,"response_send",0.090137658,2.329812908,14.449698479,13.079303673
0x000fd6bc,"timer_stop",5,0x000f8f24,"cc310_bl_backend_hash_sha256_init",0.085380400,2.329812908,14.449698479,13.889053703
0x000fd6bc,"timer_stop",6,0x000f978a,"nrf_crypto_internal_double_swap_endian",0.084805558,2.329812908,14.449698479,13.996232483
0x000fd6bc,"timer_stop",7,0x000f8200,"__do_global_dtors_aux",0.000000000,2.134405097,14.449698479,15.089155543
0x000fd6bc,"timer_stop",8,0x000fb860,"nrf_dfu_settings_write",0.000000000,2.134405097,14.449698479,16.570089689
0x000fd6bc,"timer_stop",9,0x000fba70,"nrf_dfu_bank1_start_addr",0.000000000,2.134405097,14.449698479,15.798820028
0x000fd6bc,"timer_stop",10,0x000fb348,"nrf_dfu_mbr_copy_bl",0.076008436,2.076519092,14.449698479,15.951893824
0x000fd6bc,"timer_stop",11,0x000fbd3c,"crypto_init",0.074969539,2.076519092,14.449698479,16.229349774
0x000fd6bc,"timer_stop",12,0x000f87d8,"init",0.273699987,1.783924487,14.449698479,10.611468972
0x000fd6d0,"uint32_encode",1,0x000fa420,"pb_istream_from_buffer",0.228261201,2.847058864,20.660361211,16.348298473
0x000fd6d0,"uint32_encode",2,0x000f8be0,"nrf_section_iter_init",0.117658637,2.141858726,20.660361211,21.981283081
0x000fd6d0,"uint32_encode",3,0x000fc5ac,"set_digest_in_hw_sha256",0.248997286,1.842716898,20.660361211,14.698052713
0x000fd6d0,"uint32_encode",4,0x000fc5e4,"read_digest_in_hw_sha256",0.196919189,1.842716898,20.660361211,19.901186018
0x000fd6d0,"uint32_encode",5,0x000fb2cc,"dfu_fstorage_evt_handler",0.102302620,1.620986656,20.660361211,18.656314793
0x000fd6d0,"uint32_encode",6,0x000f985c,"nrf_dfu_set_adv_name_handler",0.098509962,1.620986656,20.660361211,19.648848308
0x000fd6d0,"uint32_encode",7,0x000faa62,"pb_decode_fixed64",0.092805055,1.620986656,20.660361211,21.377225095
0x000fd6d0,"uint32_encode",8,0x000fb3a0,"ext_err_code_handle",0.087299472,1.095988060,20.660361211,22.516963153
0x000fd6d0,"uint32_encode",9,0x000f9178,"sdh_state_observer_notify",0.084782274,0.585632798,20.660361211,24.423210600
0x000fd6d0,"uint32_encode",10,0x000f930c,"nrf_sdh_evts_poll",0.084782274,0.585632798,20.660361211,24.423210600
0x000fd6d0,"uint32_encode",11,0x000f9334,"SWI2_EGU2_IRQHandler",0.084655082,0.585632798,20.660361211,24.478583622
0x000fd6d0,"uint32_encode",12,0x000f8e40,"nrf_crypto_backend_secp256r1_public_key_from_raw",0.169676121,0.566967100,20.660361211,13.689627138
0x000fd714,"update_data_size_get",1,0x000fbb40,"update_data_size_get",0.380066027,18.059976503,71.635985512,67.651976529
0x000fd714,"update_data_size_get",2,0x000fc2f4,"nrf_dfu_ver_validation_check",0.215992425,3.405394211,71.635985512,113.937218237
0x000fd714,"update_data_size_get",3,0x000f88d8,"event_send",0.187613099,0.816368735,71.635985512,51.342429642
0x000fd714,"update_data_size_get",4,0x000fbbdc,"is_major_softdevice_update",0.180580851,0.357115274,71.635985512,47.159693795
0x000fd714,"update_data_size_get",5,0x000fa97e,"pb_dec_submessage",0.162846050,-0.634235120,71.635985512,42.615906139
0x000fd714,"update_data_size_get",6,0x000f98d4,"nrf_svc_handler_c",0.179525527,-0.670809117,71.635985512,61.942299705
0x000fd714,"update_data_size_get",7,0x000f9b98,"nrf_bootloader_flash_protect",0.164552894,-1.438804185,71.635985512,38.965021271
0x000fd714,"update_data_size_get",8,0x000fc5ac,"set_digest_in_hw_sha256",0.190130280,-1.566127129,71.635985512,14.698052713
0x000fd714,"update_data_size_get",9,0x000f8518,"nrf_atfifo_init",0.144209584,-2.013164538,71.635985512,40.348585297
0x000fd714,"update_data_size_get",10,0x000fa3e0,"pb_dec_bytes",0.144235990,-2.038401043,71.635985512,44.315128121
0x000fd714,"update_data_size_get",11,0x000fa1b6,"pb_field_iter_find",0.146597250,-2.067889728,71.635985512,36.710176325
0x000fd714,"update_data_size_get",12,0x000fa3a0,"pb_dec_string",0.137709262,-2.695132739,71.635985512,45.467570049
0x000fd76c,"verify_context",1,0x000f9584,"nrf_crypto_internal_ecc_key_output_prepare",0.602577512,12.309409124,21.129224176,23.342888392
0x000fd76c,"verify_context",2,0x000fc3b4,"verify_context_ecdsa_verify_secp256r1",0.467051005,10.004813348,21.129224176,20.594658968
0x000fd76c,"verify_context",3,0x000fc638,"verify_context_hash_sha256",0.467051005,10.004813348,21.129224176,20.594658968
0x000fd76c,"verify_context",4,0x000f959e,"nrf_crypto_internal_ecc_key_input_check",0.448439593,9.216848870,21.129224176,21.830400154
0x000fd76c,"verify_context",5,0x000f95b6,"nrf_crypto_internal_ecc_raw_input_check",0.403357949,8.629974867,21.129224176,20.893639822
0x000fd76c,"verify_context",6,0x000f987c,"nrf_dfu_set_adv_name_on_sys_evt",0.469937182,8.303475890,21.129224176,34.690293882
0x000fd76c,"verify_context",7,0x000fc790,"nrf_cc310_bl_init",0.353466156,7.174642902,21.129224176,24.207055109
0x000fd76c,"verify_context",8,0x000f985c,"nrf_dfu_set_adv_name_handler",0.357630866,6.834399909,21.129224176,19.648848308
0x000fd76c,"verify_context",9,0x000f9de4,"nrf_bootloader_dfu_inactivity_timer_restart",0.243593271,5.498272770,21.129224176,22.957625372
0x000fd76c,"verify_context",10,0x000fcb08,"PkaFinishAndMutexUnlock",0.239008820,5.329698282,21.129224176,22.124799157
0x000fd76c,"verify_context",11,0x000f93a0,"nrf_sdh_ble_app_ram_start_get",0.430359619,5.273280892,21.129224176,15.428501673
0x000fd76c,"verify_context",12,0x000f92e0,"nrf_sdh_request_continue",0.232962542,3.582296551,21.129224176,25.722174830
0x000f9958,"verify_context_ecdsa_verify_secp256r1",1,0x000fc3b4,"verify_context_ecdsa_verify_secp256r1",0.531272636,11.606270298,21.739667009,20.594658968
0x000f9958,"verify_context_ecdsa_verify_secp256r1",2,0x000fc638,"verify_context_hash_sha256",0.531272636,11.606270298,21.739667009,20.594658968
0x000f9958,"verify_context_ecdsa_verify_secp256r1",3,0x000f959e,"nrf_crypto_internal_ecc_key_input_check",0.418206676,8.878545344,21.739667009,21.830400154
0x000f9958,"verify_context_ecdsa_verify_secp256r1",4,0x000f95b6,"nrf_crypto_internal_ecc_raw_input_check",0.373343882,8.291671340,21.739667009,20.893639822
0x000f9958,"verify_context_ecdsa_verify_secp256r1",5,0x000f9de4,"nrf_bootloader_dfu_inactivity_timer_restart",0.238819831,5.498272770,21.739667009,22.957625372
0x000f9958,"verify_context_ecdsa_verify_secp256r1",6,0x000f9584,"nrf_crypto_internal_ecc_key_output_prepare",0.291577042,5.448285752,21.739667009,23.342888392
0x000f9958,"verify_context_ecdsa_verify_secp256r1",7,0x000fcb08,"PkaFinishAndMutexUnlock",0.234325216,5.329698282,21.739667009,22.124799157
0x000f9958,"verify_context_ecdsa_verify_secp256r1",8,0x000f985c,"nrf_dfu_set_adv_name_handler",0.266216731,5.107993015,21.739667009,19.648848308
0x000f9958,"verify_context_ecdsa_verify_secp256r1",9,0x000f9658,"nrf_crypto_hash_init",0.275997037,3.834780967,21.739667009,31.379879909
0x000f9958,"verify_context_ecdsa_verify_secp256r1",10,0x000f93a0,"nrf_sdh_ble_app_ram_start_get",0.320355264,3.546873998,21.739667009,15.428501673
0x000f9958,"verify_context_ecdsa_verify_secp256r1",11,0x000fc658,"nrf_cc310_bl_hash_sha256_init",0.185671069,3.534123324,21.739667009,20.628690448
0x000f9958,"verify_context_ecdsa_verify_secp256r1",12,0x000fbea8,"nrf_dfu_validation_init_cmd_create",0.210558561,3.291226002,21.739667009,25.968053209
0x000f9978,"verify_context_hash_sha256",1,0x000fc3b4,"verify_context_ecdsa_verify_secp256r1",0.531272636,11.606270298,21.739667009,20.594658968
0x000f9978,"verify_context_hash_sha256",2,0x000fc638,"verify_context_hash_sha256",0.531272636,11.606270298,21.739667009,20.594658968
0x000f9978,"verify_context_hash_sha256",3,0x000f959e,"nrf_crypto_internal_ecc_key_input_check",0.418206676,8.878545344,21.739667009,21.830400154
0x000f9978,"verify_context_hash_sha256",4,0x000f95b6,"nrf_crypto_internal_ecc_raw_input_check",0.373343882,8.291671340,21.739667009,20.893639822
0x000f9978,"verify_context_hash_sha256",5,0x000f9de4,"nrf_bootloader_dfu_inactivity_timer_restart",0.238819831,5.498272770,21.739667009,22.957625372
0x000f9978,"verify_context_hash_sha256",6,0x000f9584,"nrf_crypto_internal_ecc_key_output_prepare",0.291577042,5.448285752,21.739667009,23.342888392
0x000f9978,"verify_context_hash_sha256",7,0x000fcb08,"PkaFinishAndMutexUnlock",0.234325216,5.329698282,21.739667009,22.124799157
0x000f9978,"verify_context_hash_sha256",8,0x000f985c,"nrf_dfu_set_adv_name_handler",0.266216731,5.107993015,21.739667009,19.648848308
0x000f9978,"verify_context_hash_sha256",9,0x000f9658,"nrf_crypto_hash_init",0.275997037,3.834780967,21.739667009,31.379879909
0x000f9978,"verify_context_hash_sha256",10,0x000f93a0,"nrf_sdh_ble_app_ram_start_get",0.320355264,3.546873998,21.739667009,15.428501673
0x000f9978,"verify_context_hash_sha256",11,0x000fc658,"nrf_cc310_bl_hash_sha256_init",0.185671069,3.534123324,21.739667009,20.628690448
0x000f9978,"verify_context_hash_sha256",12,0x000fbea8,"nrf_dfu_validation_init_cmd_create",0.210558561,3.291226002,21.739667009,25.968053209
0x000fd78c,"wdt_feed",1,0x000fc584,"nrf_cc310_bl_ecdsa_verify_secp256r1",0.272898357,2.362586339,40.611640106,18.697918980
0x000fd78c,"wdt_feed",2,0x000f9020,"cc310_bl_backend_init",0.176022241,0.655144108,40.611640106,24.000797821
0x000fd78c,"wdt_feed",3,0x000f9f24,"sd_activate",0.109838531,-1.920376983,40.611640106,51.234137998
0x000fd78c,"wdt_feed",4,0x000fa1e4,"buf_read",0.066223696,-2.497131765,40.611640106,32.420387120
0x000fd78c,"wdt_feed",5,0x000f887c,"write",0.066186298,-2.508307101,40.611640106,32.639553966
0x000fd78c,"wdt_feed",6,0x000faa62,"pb_decode_fixed64",0.087126670,-2.673272258,40.611640106,21.377225095
0x000fd78c,"wdt_feed",7,0x000faa44,"pb_decode_fixed32",0.094303247,-2.709931182,40.611640106,19.127269137
0x000fd78c,"wdt_feed",8,0x000f8e60,"nrf_crypto_backend_secp256r1_verify",0.057339687,-2.856759355,40.611640106,41.490541585
0x000fd78c,"wdt_feed",9,0x000fa060,"wdt_feed",0.033572542,-3.900394432,40.611640106,34.451333587
0x000fd78c,"wdt_feed",10,0x000fa094,"wdt_feed_timer_handler",0.033572542,-3.900394432,40.611640106,34.451333587
0x000fd78c,"wdt_feed",11,0x000fbf24,"nrf_dfu_validation_prevalidate",0.032646377,-3.900394432,40.611640106,36.087975246
0x000fd78c,"wdt_feed",12,0x000fa9b8,"pb_decode_svarint",0.028042475,-3.942704855,40.611640106,39.590748545
