address,name,type,source,primary
0x000f8000,"DAT_000f8000","Label","DEFAULT",true
0x000f8200,"LAB_000f8200","Label","DEFAULT",true
0x000f8208,"armcc_runtime_entry_veneer","Function","USER_DEFINED",true
0x000f820c,"DAT_000f820c","Label","DEFAULT",true
0x000f8214,"DAT_000f8214","Label","DEFAULT",true
0x000f8218,"nrf_atfifo_wspace_req","Function","USER_DEFINED",true
0x000f821a,"LAB_000f821a","Label","DEFAULT",true
0x000f824a,"LAB_000f824a","Label","DEFAULT",true
0x000f8250,"nrf_atfifo_wspace_close","Function","USER_DEFINED",true
0x000f8262,"nrf_atfifo_rspace_req","Function","USER_DEFINED",true
0x000f8264,"LAB_000f8264","Label","DEFAULT",true
0x000f8296,"LAB_000f8296","Label","DEFAULT",true
0x000f829c,"nrf_atfifo_rspace_close","Function","USER_DEFINED",true
0x000f82ae,"nrf_atfifo_space_clear","Function","USER_DEFINED",true
0x000f82b0,"LAB_000f82b0","Label","DEFAULT",true
0x000f82d6,"LAB_000f82d6","Label","DEFAULT",true
0x000f82e0,"nrf_atomic_internal_mov","Function","USER_DEFINED",true
0x000f82e4,"LAB_000f82e4","Label","DEFAULT",true
0x000f82f8,"nrf_atomic_internal_orr","Function","USER_DEFINED",true
0x000f82fc,"LAB_000f82fc","Label","DEFAULT",true
0x000f8312,"nrf_atomic_internal_and","Function","USER_DEFINED",true
0x000f8316,"LAB_000f8316","Label","DEFAULT",true
0x000f832c,"nrf_atomic_internal_eor","Function","USER_DEFINED",true
0x000f8330,"LAB_000f8330","Label","DEFAULT",true
0x000f8346,"nrf_atomic_internal_add","Function","USER_DEFINED",true
0x000f834a,"LAB_000f834a","Label","DEFAULT",true
0x000f8360,"nrf_atomic_internal_sub","Function","USER_DEFINED",true
0x000f8364,"LAB_000f8364","Label","DEFAULT",true
0x000f837a,"nrf_atomic_internal_cmp_exch","Function","USER_DEFINED",true
0x000f8382,"LAB_000f8382","Label","DEFAULT",true
0x000f83a4,"nrf_atomic_internal_sub_hs","Function","USER_DEFINED",true
0x000f83a8,"LAB_000f83a8","Label","DEFAULT",true
0x000f83c4,"SVC_Handler","Function","USER_DEFINED",true
0x000f83c5,"SVC_Handler+1","Label","DEFAULT",true
0x000f83d8,"Reset_Handler","Function","USER_DEFINED",true
0x000f83d9,"Reset_Handler+1","Label","DEFAULT",true
0x000f83e0,"NMI_Handler","Function","USER_DEFINED",true
0x000f83e1,"NMI_Handler+1","Label","DEFAULT",true
0x000f83e2,"HardFault_Handler","Function","USER_DEFINED",true
0x000f83e3,"HardFault_Handler+1","Label","DEFAULT",true
0x000f83e4,"MemoryManagement_Handler","Function","USER_DEFINED",true
0x000f83e5,"MemoryManagement_Handler+1","Label","DEFAULT",true
0x000f83e6,"BusFault_Handler","Function","USER_DEFINED",true
0x000f83e7,"BusFault_Handler+1","Label","DEFAULT",true
0x000f83e8,"UsageFault_Handler","Function","USER_DEFINED",true
0x000f83e9,"UsageFault_Handler+1","Label","DEFAULT",true
0x000f83ec,"DebugMon_Handler","Function","USER_DEFINED",true
0x000f83ed,"DebugMon_Handler+1","Label","DEFAULT",true
0x000f83ee,"PendSV_Handler","Function","USER_DEFINED",true
0x000f83ef,"PendSV_Handler+1","Label","DEFAULT",true
0x000f83f0,"SysTick_Handler","Function","USER_DEFINED",true
0x000f83f1,"SysTick_Handler+1","Label","DEFAULT",true
0x000f83f2,"Default_Handler","Function","USER_DEFINED",true
0x000f83f3,"Default_Handler+1","Label","DEFAULT",true
0x000f83f4,"DAT_000f83f4","Label","DEFAULT",true
0x000f83f8,"DAT_000f83f8","Label","DEFAULT",true
0x000f83fc,"armcc_runtime_lsl64","Function","USER_DEFINED",true
0x000f840a,"LAB_000f840a","Label","DEFAULT",true
0x000f841a,"memmove","Function","USER_DEFINED",true
0x000f842a,"LAB_000f842a","Label","DEFAULT",true
0x000f8432,"LAB_000f8432","Label","DEFAULT",true
0x000f8438,"LAB_000f8438","Label","DEFAULT",true
0x000f8442,"LAB_000f8442","Label","DEFAULT",true
0x000f8448,"LAB_000f8448","Label","DEFAULT",true
0x000f844e,"LAB_000f844e","Label","DEFAULT",true
0x000f8456,"LAB_000f8456","Label","DEFAULT",true
0x000f845c,"armcc_memset_core","Function","USER_DEFINED",true
0x000f8460,"LAB_000f8460","Label","DEFAULT",true
0x000f8464,"LAB_000f8464","Label","DEFAULT",true
0x000f846a,"armcc_memclr","Function","USER_DEFINED",true
0x000f846e,"memset","Function","USER_DEFINED",true
0x000f8480,"strlen","Function","USER_DEFINED",true
0x000f8482,"LAB_000f8482","Label","DEFAULT",true
0x000f848e,"memcmp","Function","USER_DEFINED",true
0x000f8498,"LAB_000f8498","Label","DEFAULT",true
0x000f849a,"LAB_000f849a","Label","DEFAULT",true
0x000f84a6,"LAB_000f84a6","Label","DEFAULT",true
0x000f84a8,"strncmp","Function","USER_DEFINED",true
0x000f84b2,"LAB_000f84b2","Label","DEFAULT",true
0x000f84b4,"LAB_000f84b4","Label","DEFAULT",true
0x000f84c4,"LAB_000f84c4","Label","DEFAULT",true
0x000f84c8,"armcc_scatterload","Function","USER_DEFINED",true
0x000f84ce,"LAB_000f84ce","Label","DEFAULT",true
0x000f84dc,"LAB_000f84dc","Label","DEFAULT",true
0x000f84e4,"LAB_000f84e4","Label","DEFAULT",true
0x000f84e8,"DAT_000f84e8","Label","DEFAULT",true
0x000f84ec,"CRYPTOCELL_IRQHandler","Function","USER_DEFINED",true
0x000f84ed,"CRYPTOCELL_IRQHandler+1","Label","DEFAULT",true
0x000f8504,"DAT_000f8504","Label","DEFAULT",true
0x000f8508,"DAT_000f8508","Label","DEFAULT",true
0x000f850c,"DAT_000f850c","Label","DEFAULT",true
0x000f8510,"CRYS_COMMON_ReverseMemcpy32","Function","USER_DEFINED",true
0x000f8516,"LAB_000f8516","Label","DEFAULT",true
0x000f851e,"LAB_000f851e","Label","DEFAULT",true
0x000f852c,"PkaAddAff","Function","USER_DEFINED",true
0x000f8532,"LAB_000f8532","Label","DEFAULT",true
0x000f8542,"LAB_000f8542","Label","DEFAULT",true
0x000f8550,"LAB_000f8550","Label","DEFAULT",true
0x000f855e,"LAB_000f855e","Label","DEFAULT",true
0x000f856c,"LAB_000f856c","Label","DEFAULT",true
0x000f857a,"LAB_000f857a","Label","DEFAULT",true
0x000f8588,"LAB_000f8588","Label","DEFAULT",true
0x000f8596,"LAB_000f8596","Label","DEFAULT",true
0x000f85a4,"LAB_000f85a4","Label","DEFAULT",true
0x000f85b2,"LAB_000f85b2","Label","DEFAULT",true
0x000f85c0,"LAB_000f85c0","Label","DEFAULT",true
0x000f85ce,"LAB_000f85ce","Label","DEFAULT",true
0x000f85da,"LAB_000f85da","Label","DEFAULT",true
0x000f85e8,"LAB_000f85e8","Label","DEFAULT",true
0x000f8604,"DAT_000f8604","Label","DEFAULT",true
0x000f8608,"DAT_000f8608","Label","DEFAULT",true
0x000f860c,"DAT_000f860c","Label","DEFAULT",true
0x000f8610,"DAT_000f8610","Label","DEFAULT",true
0x000f8614,"DAT_000f8614","Label","DEFAULT",true
0x000f8618,"DAT_000f8618","Label","DEFAULT",true
0x000f861c,"DAT_000f861c","Label","DEFAULT",true
0x000f8620,"DAT_000f8620","Label","DEFAULT",true
0x000f8624,"DAT_000f8624","Label","DEFAULT",true
0x000f8628,"DAT_000f8628","Label","DEFAULT",true
0x000f862c,"DAT_000f862c","Label","DEFAULT",true
0x000f8630,"DAT_000f8630","Label","DEFAULT",true
0x000f8634,"DAT_000f8634","Label","DEFAULT",true
0x000f8638,"DAT_000f8638","Label","DEFAULT",true
0x000f863c,"DAT_000f863c","Label","DEFAULT",true
0x000f8640,"PkaAddJcbAfn2Mdf","Function","USER_DEFINED",true
0x000f8648,"LAB_000f8648","Label","DEFAULT",true
0x000f8658,"LAB_000f8658","Label","DEFAULT",true
0x000f866c,"LAB_000f866c","Label","DEFAULT",true
0x000f8678,"LAB_000f8678","Label","DEFAULT",true
0x000f868e,"LAB_000f868e","Label","DEFAULT",true
0x000f869a,"LAB_000f869a","Label","DEFAULT",true
0x000f86a8,"LAB_000f86a8","Label","DEFAULT",true
0x000f86b6,"LAB_000f86b6","Label","DEFAULT",true
0x000f86c4,"LAB_000f86c4","Label","DEFAULT",true
0x000f86d2,"LAB_000f86d2","Label","DEFAULT",true
0x000f86e0,"LAB_000f86e0","Label","DEFAULT",true
0x000f86ee,"LAB_000f86ee","Label","DEFAULT",true
0x000f86fc,"LAB_000f86fc","Label","DEFAULT",true
0x000f870a,"LAB_000f870a","Label","DEFAULT",true
0x000f8718,"LAB_000f8718","Label","DEFAULT",true
0x000f8726,"LAB_000f8726","Label","DEFAULT",true
0x000f8736,"LAB_000f8736","Label","DEFAULT",true
0x000f8746,"LAB_000f8746","Label","DEFAULT",true
0x000f8754,"LAB_000f8754","Label","DEFAULT",true
0x000f8762,"LAB_000f8762","Label","DEFAULT",true
0x000f8770,"LAB_000f8770","Label","DEFAULT",true
0x000f8784,"DAT_000f8784","Label","DEFAULT",true
0x000f8788,"DAT_000f8788","Label","DEFAULT",true
0x000f878c,"DAT_000f878c","Label","DEFAULT",true
0x000f8790,"DAT_000f8790","Label","DEFAULT",true
0x000f8794,"DAT_000f8794","Label","DEFAULT",true
0x000f8798,"DAT_000f8798","Label","DEFAULT",true
0x000f879c,"DAT_000f879c","Label","DEFAULT",true
0x000f87a0,"DAT_000f87a0","Label","DEFAULT",true
0x000f87a4,"DAT_000f87a4","Label","DEFAULT",true
0x000f87a8,"DAT_000f87a8","Label","DEFAULT",true
0x000f87ac,"DAT_000f87ac","Label","DEFAULT",true
0x000f87b0,"DAT_000f87b0","Label","DEFAULT",true
0x000f87b4,"DAT_000f87b4","Label","DEFAULT",true
0x000f87b8,"DAT_000f87b8","Label","DEFAULT",true
0x000f87bc,"DAT_000f87bc","Label","DEFAULT",true
0x000f87c0,"DAT_000f87c0","Label","DEFAULT",true
0x000f87c4,"DAT_000f87c4","Label","DEFAULT",true
0x000f87c8,"DAT_000f87c8","Label","DEFAULT",true
0x000f87cc,"DAT_000f87cc","Label","DEFAULT",true
0x000f87d0,"DAT_000f87d0","Label","DEFAULT",true
0x000f87d4,"PkaClearBlockOfRegs","Function","USER_DEFINED",true
0x000f87de,"LAB_000f87de","Label","DEFAULT",true
0x000f882c,"LAB_000f882c","Label","DEFAULT",true
0x000f8830,"LAB_000f8830","Label","DEFAULT",true
0x000f883e,"LAB_000f883e","Label","DEFAULT",true
0x000f8852,"LAB_000f8852","Label","DEFAULT",true
0x000f8862,"LAB_000f8862","Label","DEFAULT",true
0x000f8866,"LAB_000f8866","Label","DEFAULT",true
0x000f8874,"LAB_000f8874","Label","DEFAULT",true
0x000f8886,"LAB_000f8886","Label","DEFAULT",true
0x000f888e,"LAB_000f888e","Label","DEFAULT",true
0x000f8898,"LAB_000f8898","Label","DEFAULT",true
0x000f88ac,"LAB_000f88ac","Label","DEFAULT",true
0x000f88c4,"LAB_000f88c4","Label","DEFAULT",true
0x000f88ca,"LAB_000f88ca","Label","DEFAULT",true
0x000f88d4,"LAB_000f88d4","Label","DEFAULT",true
0x000f88dc,"LAB_000f88dc","Label","DEFAULT",true
0x000f88e4,"LAB_000f88e4","Label","DEFAULT",true
0x000f88ea,"LAB_000f88ea","Label","DEFAULT",true
0x000f88f0,"LAB_000f88f0","Label","DEFAULT",true
0x000f88f6,"LAB_000f88f6","Label","DEFAULT",true
0x000f88fc,"DAT_000f88fc","Label","DEFAULT",true
0x000f8900,"DAT_000f8900","Label","DEFAULT",true
0x000f8904,"DAT_000f8904","Label","DEFAULT",true
0x000f8908,"DAT_000f8908","Label","DEFAULT",true
0x000f890c,"DAT_000f890c","Label","DEFAULT",true
0x000f8910,"DAT_000f8910","Label","DEFAULT",true
0x000f8914,"PkaCopyDataIntoPkaReg","Function","USER_DEFINED",true
0x000f891c,"LAB_000f891c","Label","DEFAULT",true
0x000f8932,"LAB_000f8932","Label","DEFAULT",true
0x000f8946,"LAB_000f8946","Label","DEFAULT",true
0x000f8954,"LAB_000f8954","Label","DEFAULT",true
0x000f8958,"LAB_000f8958","Label","DEFAULT",true
0x000f8976,"LAB_000f8976","Label","DEFAULT",true
0x000f898c,"LAB_000f898c","Label","DEFAULT",true
0x000f899a,"LAB_000f899a","Label","DEFAULT",true
0x000f899e,"LAB_000f899e","Label","DEFAULT",true
0x000f89a2,"LAB_000f89a2","Label","DEFAULT",true
0x000f89ac,"LAB_000f89ac","Label","DEFAULT",true
0x000f89b2,"LAB_000f89b2","Label","DEFAULT",true
0x000f89b8,"LAB_000f89b8","Label","DEFAULT",true
0x000f89c0,"DAT_000f89c0","Label","DEFAULT",true
0x000f89c4,"DAT_000f89c4","Label","DEFAULT",true
0x000f89c8,"DAT_000f89c8","Label","DEFAULT",true
0x000f89cc,"DAT_000f89cc","Label","DEFAULT",true
0x000f89d0,"PkaDoubleMdf2Jcb","Function","USER_DEFINED",true
0x000f89d8,"LAB_000f89d8","Label","DEFAULT",true
0x000f89e8,"LAB_000f89e8","Label","DEFAULT",true
0x000f89f6,"LAB_000f89f6","Label","DEFAULT",true
0x000f8a04,"LAB_000f8a04","Label","DEFAULT",true
0x000f8a12,"LAB_000f8a12","Label","DEFAULT",true
0x000f8a20,"LAB_000f8a20","Label","DEFAULT",true
0x000f8a2e,"LAB_000f8a2e","Label","DEFAULT",true
0x000f8a3c,"LAB_000f8a3c","Label","DEFAULT",true
0x000f8a4a,"LAB_000f8a4a","Label","DEFAULT",true
0x000f8a58,"LAB_000f8a58","Label","DEFAULT",true
0x000f8a66,"LAB_000f8a66","Label","DEFAULT",true
0x000f8a74,"LAB_000f8a74","Label","DEFAULT",true
0x000f8a82,"LAB_000f8a82","Label","DEFAULT",true
0x000f8a90,"LAB_000f8a90","Label","DEFAULT",true
0x000f8a9e,"LAB_000f8a9e","Label","DEFAULT",true
0x000f8aac,"LAB_000f8aac","Label","DEFAULT",true
0x000f8abe,"LAB_000f8abe","Label","DEFAULT",true
0x000f8acc,"LAB_000f8acc","Label","DEFAULT",true
0x000f8ad8,"LAB_000f8ad8","Label","DEFAULT",true
0x000f8ae6,"LAB_000f8ae6","Label","DEFAULT",true
0x000f8af8,"DAT_000f8af8","Label","DEFAULT",true
0x000f8afc,"DAT_000f8afc","Label","DEFAULT",true
0x000f8b00,"DAT_000f8b00","Label","DEFAULT",true
0x000f8b04,"DAT_000f8b04","Label","DEFAULT",true
0x000f8b08,"DAT_000f8b08","Label","DEFAULT",true
0x000f8b0c,"DAT_000f8b0c","Label","DEFAULT",true
0x000f8b10,"DAT_000f8b10","Label","DEFAULT",true
0x000f8b14,"DAT_000f8b14","Label","DEFAULT",true
0x000f8b18,"DAT_000f8b18","Label","DEFAULT",true
0x000f8b1c,"DAT_000f8b1c","Label","DEFAULT",true
0x000f8b20,"DAT_000f8b20","Label","DEFAULT",true
0x000f8b24,"DAT_000f8b24","Label","DEFAULT",true
0x000f8b28,"DAT_000f8b28","Label","DEFAULT",true
0x000f8b2c,"DAT_000f8b2c","Label","DEFAULT",true
0x000f8b30,"DAT_000f8b30","Label","DEFAULT",true
0x000f8b34,"DAT_000f8b34","Label","DEFAULT",true
0x000f8b38,"DAT_000f8b38","Label","DEFAULT",true
0x000f8b3c,"DAT_000f8b3c","Label","DEFAULT",true
0x000f8b40,"DAT_000f8b40","Label","DEFAULT",true
0x000f8b44,"DAT_000f8b44","Label","DEFAULT",true
0x000f8b48,"PkaDoubleMdf2Mdf","Function","USER_DEFINED",true
0x000f8b50,"LAB_000f8b50","Label","DEFAULT",true
0x000f8b60,"LAB_000f8b60","Label","DEFAULT",true
0x000f8b6e,"LAB_000f8b6e","Label","DEFAULT",true
0x000f8b7c,"LAB_000f8b7c","Label","DEFAULT",true
0x000f8b8a,"LAB_000f8b8a","Label","DEFAULT",true
0x000f8b98,"LAB_000f8b98","Label","DEFAULT",true
0x000f8ba6,"LAB_000f8ba6","Label","DEFAULT",true
0x000f8bb4,"LAB_000f8bb4","Label","DEFAULT",true
0x000f8bc2,"LAB_000f8bc2","Label","DEFAULT",true
0x000f8bd0,"LAB_000f8bd0","Label","DEFAULT",true
0x000f8bde,"LAB_000f8bde","Label","DEFAULT",true
0x000f8bec,"LAB_000f8bec","Label","DEFAULT",true
0x000f8bfa,"LAB_000f8bfa","Label","DEFAULT",true
0x000f8c08,"LAB_000f8c08","Label","DEFAULT",true
0x000f8c16,"LAB_000f8c16","Label","DEFAULT",true
0x000f8c24,"LAB_000f8c24","Label","DEFAULT",true
0x000f8c36,"LAB_000f8c36","Label","DEFAULT",true
0x000f8c44,"LAB_000f8c44","Label","DEFAULT",true
0x000f8c50,"LAB_000f8c50","Label","DEFAULT",true
0x000f8c5e,"LAB_000f8c5e","Label","DEFAULT",true
0x000f8c6c,"LAB_000f8c6c","Label","DEFAULT",true
0x000f8c7a,"LAB_000f8c7a","Label","DEFAULT",true
0x000f8c88,"LAB_000f8c88","Label","DEFAULT",true
0x000f8c9c,"DAT_000f8c9c","Label","DEFAULT",true
0x000f8ca0,"DAT_000f8ca0","Label","DEFAULT",true
0x000f8ca4,"DAT_000f8ca4","Label","DEFAULT",true
0x000f8ca8,"DAT_000f8ca8","Label","DEFAULT",true
0x000f8cac,"DAT_000f8cac","Label","DEFAULT",true
0x000f8cb0,"DAT_000f8cb0","Label","DEFAULT",true
0x000f8cb4,"DAT_000f8cb4","Label","DEFAULT",true
0x000f8cb8,"DAT_000f8cb8","Label","DEFAULT",true
0x000f8cbc,"DAT_000f8cbc","Label","DEFAULT",true
0x000f8cc0,"DAT_000f8cc0","Label","DEFAULT",true
0x000f8cc4,"DAT_000f8cc4","Label","DEFAULT",true
0x000f8cc8,"DAT_000f8cc8","Label","DEFAULT",true
0x000f8ccc,"DAT_000f8ccc","Label","DEFAULT",true
0x000f8cd0,"DAT_000f8cd0","Label","DEFAULT",true
0x000f8cd4,"DAT_000f8cd4","Label","DEFAULT",true
0x000f8cd8,"DAT_000f8cd8","Label","DEFAULT",true
0x000f8cdc,"DAT_000f8cdc","Label","DEFAULT",true
0x000f8ce0,"DAT_000f8ce0","Label","DEFAULT",true
0x000f8ce4,"DAT_000f8ce4","Label","DEFAULT",true
0x000f8ce8,"DAT_000f8ce8","Label","DEFAULT",true
0x000f8cec,"DAT_000f8cec","Label","DEFAULT",true
0x000f8cf0,"DAT_000f8cf0","Label","DEFAULT",true
0x000f8cf4,"PkaEcdsaVerify","Function","USER_DEFINED",true
0x000f8d04,"LAB_000f8d04","Label","DEFAULT",true
0x000f8d14,"LAB_000f8d14","Label","DEFAULT",true
0x000f8d26,"LAB_000f8d26","Label","DEFAULT",true
0x000f8d38,"LAB_000f8d38","Label","DEFAULT",true
0x000f8d46,"LAB_000f8d46","Label","DEFAULT",true
0x000f8d62,"LAB_000f8d62","Label","DEFAULT",true
0x000f8d70,"LAB_000f8d70","Label","DEFAULT",true
0x000f8d80,"LAB_000f8d80","Label","DEFAULT",true
0x000f8d8e,"LAB_000f8d8e","Label","DEFAULT",true
0x000f8daa,"LAB_000f8daa","Label","DEFAULT",true
0x000f8db8,"LAB_000f8db8","Label","DEFAULT",true
0x000f8dc6,"LAB_000f8dc6","Label","DEFAULT",true
0x000f8dd4,"LAB_000f8dd4","Label","DEFAULT",true
0x000f8de2,"LAB_000f8de2","Label","DEFAULT",true
0x000f8df0,"LAB_000f8df0","Label","DEFAULT",true
0x000f8e02,"LAB_000f8e02","Label","DEFAULT",true
0x000f8e12,"LAB_000f8e12","Label","DEFAULT",true
0x000f8e20,"LAB_000f8e20","Label","DEFAULT",true
0x000f8e32,"LAB_000f8e32","Label","DEFAULT",true
0x000f8e40,"LAB_000f8e40","Label","DEFAULT",true
0x000f8e4c,"LAB_000f8e4c","Label","DEFAULT",true
0x000f8e5a,"LAB_000f8e5a","Label","DEFAULT",true
0x000f8e68,"LAB_000f8e68","Label","DEFAULT",true
0x000f8e76,"LAB_000f8e76","Label","DEFAULT",true
0x000f8e84,"LAB_000f8e84","Label","DEFAULT",true
0x000f8e92,"LAB_000f8e92","Label","DEFAULT",true
0x000f8ea0,"LAB_000f8ea0","Label","DEFAULT",true
0x000f8eb4,"LAB_000f8eb4","Label","DEFAULT",true
0x000f8ec2,"LAB_000f8ec2","Label","DEFAULT",true
0x000f8ed0,"LAB_000f8ed0","Label","DEFAULT",true
0x000f8ede,"LAB_000f8ede","Label","DEFAULT",true
0x000f8ef8,"LAB_000f8ef8","Label","DEFAULT",true
0x000f8efe,"LAB_000f8efe","Label","DEFAULT",true
0x000f8f02,"LAB_000f8f02","Label","DEFAULT",true
0x000f8f08,"DAT_000f8f08","Label","DEFAULT",true
0x000f8f0c,"DAT_000f8f0c","Label","DEFAULT",true
0x000f8f10,"DAT_000f8f10","Label","DEFAULT",true
0x000f8f14,"DAT_000f8f14","Label","DEFAULT",true
0x000f8f18,"DAT_000f8f18","Label","DEFAULT",true
0x000f8f1c,"DAT_000f8f1c","Label","DEFAULT",true
0x000f8f20,"DAT_000f8f20","Label","DEFAULT",true
0x000f8f24,"DAT_000f8f24","Label","DEFAULT",true
0x000f8f28,"DAT_000f8f28","Label","DEFAULT",true
0x000f8f2c,"DAT_000f8f2c","Label","DEFAULT",true
0x000f8f30,"DAT_000f8f30","Label","DEFAULT",true
0x000f8f34,"DAT_000f8f34","Label","DEFAULT",true
0x000f8f38,"DAT_000f8f38","Label","DEFAULT",true
0x000f8f3c,"DAT_000f8f3c","Label","DEFAULT",true
0x000f8f40,"DAT_000f8f40","Label","DEFAULT",true
0x000f8f44,"DAT_000f8f44","Label","DEFAULT",true
0x000f8f48,"DAT_000f8f48","Label","DEFAULT",true
0x000f8f4c,"DAT_000f8f4c","Label","DEFAULT",true
0x000f8f50,"DAT_000f8f50","Label","DEFAULT",true
0x000f8f54,"DAT_000f8f54","Label","DEFAULT",true
0x000f8f58,"DAT_000f8f58","Label","DEFAULT",true
0x000f8f5c,"DAT_000f8f5c","Label","DEFAULT",true
0x000f8f60,"DAT_000f8f60","Label","DEFAULT",true
0x000f8f64,"DAT_000f8f64","Label","DEFAULT",true
0x000f8f68,"DAT_000f8f68","Label","DEFAULT",true
0x000f8f6c,"DAT_000f8f6c","Label","DEFAULT",true
0x000f8f70,"DAT_000f8f70","Label","DEFAULT",true
0x000f8f74,"DAT_000f8f74","Label","DEFAULT",true
0x000f8f78,"DAT_000f8f78","Label","DEFAULT",true
0x000f8f7c,"DAT_000f8f7c","Label","DEFAULT",true
0x000f8f80,"PkaFinishAndMutexUnlock","Function","USER_DEFINED",true
0x000f8f96,"LAB_000f8f96","Label","DEFAULT",true
0x000f8fa0,"DAT_000f8fa0","Label","DEFAULT",true
0x000f8fa4,"PkaGetNextMsBit","Function","USER_DEFINED",true
0x000f8fb4,"LAB_000f8fb4","Label","DEFAULT",true
0x000f8fb8,"LAB_000f8fb8","Label","DEFAULT",true
0x000f8fce,"LAB_000f8fce","Label","DEFAULT",true
0x000f9000,"LAB_000f9000","Label","DEFAULT",true
0x000f900c,"DAT_000f900c","Label","DEFAULT",true
0x000f9010,"DAT_000f9010","Label","DEFAULT",true
0x000f9014,"DAT_000f9014","Label","DEFAULT",true
0x000f9018,"PkaGetRegEffectiveSizeInBits","Function","USER_DEFINED",true
0x000f9020,"LAB_000f9020","Label","DEFAULT",true
0x000f9036,"LAB_000f9036","Label","DEFAULT",true
0x000f9056,"LAB_000f9056","Label","DEFAULT",true
0x000f905c,"LAB_000f905c","Label","DEFAULT",true
0x000f906a,"LAB_000f906a","Label","DEFAULT",true
0x000f9078,"LAB_000f9078","Label","DEFAULT",true
0x000f907c,"LAB_000f907c","Label","DEFAULT",true
0x000f9098,"DAT_000f9098","Label","DEFAULT",true
0x000f909c,"DAT_000f909c","Label","DEFAULT",true
0x000f90a0,"DAT_000f90a0","Label","DEFAULT",true
0x000f90a4,"DAT_000f90a4","Label","DEFAULT",true
0x000f90a8,"PkaInitPka","Function","USER_DEFINED",true
0x000f90d4,"LAB_000f90d4","Label","DEFAULT",true
0x000f90e4,"LAB_000f90e4","Label","DEFAULT",true
0x000f90f8,"LAB_000f90f8","Label","DEFAULT",true
0x000f910e,"LAB_000f910e","Label","DEFAULT",true
0x000f9110,"LAB_000f9110","Label","DEFAULT",true
0x000f9118,"LAB_000f9118","Label","DEFAULT",true
0x000f911c,"DAT_000f911c","Label","DEFAULT",true
0x000f9120,"DAT_000f9120","Label","DEFAULT",true
0x000f9124,"PkaJcb2Afn","Function","USER_DEFINED",true
0x000f912c,"LAB_000f912c","Label","DEFAULT",true
0x000f9142,"LAB_000f9142","Label","DEFAULT",true
0x000f915c,"LAB_000f915c","Label","DEFAULT",true
0x000f9168,"LAB_000f9168","Label","DEFAULT",true
0x000f9184,"LAB_000f9184","Label","DEFAULT",true
0x000f9190,"LAB_000f9190","Label","DEFAULT",true
0x000f91a0,"LAB_000f91a0","Label","DEFAULT",true
0x000f91b0,"LAB_000f91b0","Label","DEFAULT",true
0x000f91c0,"DAT_000f91c0","Label","DEFAULT",true
0x000f91c4,"DAT_000f91c4","Label","DEFAULT",true
0x000f91c8,"DAT_000f91c8","Label","DEFAULT",true
0x000f91cc,"DAT_000f91cc","Label","DEFAULT",true
0x000f91d0,"DAT_000f91d0","Label","DEFAULT",true
0x000f91d4,"PkaSetRegsMapTab","Function","USER_DEFINED",true
0x000f91e2,"LAB_000f91e2","Label","DEFAULT",true
0x000f9210,"DAT_000f9210","Label","DEFAULT",true
0x000f9214,"DAT_000f9214","Label","DEFAULT",true
0x000f9218,"DAT_000f9218","Label","DEFAULT",true
0x000f921c,"PkaSetRegsSizesTab","Function","USER_DEFINED",true
0x000f923e,"LAB_000f923e","Label","DEFAULT",true
0x000f9250,"DAT_000f9250","Label","DEFAULT",true
0x000f9254,"DAT_000f9254","Label","DEFAULT",true
0x000f9258,"PkaSum2ScalarMullt","Function","USER_DEFINED",true
0x000f9268,"LAB_000f9268","Label","DEFAULT",true
0x000f927c,"LAB_000f927c","Label","DEFAULT",true
0x000f9290,"LAB_000f9290","Label","DEFAULT",true
0x000f929e,"LAB_000f929e","Label","DEFAULT",true
0x000f92fe,"LAB_000f92fe","Label","DEFAULT",true
0x000f930c,"LAB_000f930c","Label","DEFAULT",true
0x000f9318,"LAB_000f9318","Label","DEFAULT",true
0x000f931a,"LAB_000f931a","Label","DEFAULT",true
0x000f9328,"LAB_000f9328","Label","DEFAULT",true
0x000f9336,"LAB_000f9336","Label","DEFAULT",true
0x000f9344,"LAB_000f9344","Label","DEFAULT",true
0x000f9354,"LAB_000f9354","Label","DEFAULT",true
0x000f935c,"LAB_000f935c","Label","DEFAULT",true
0x000f936a,"LAB_000f936a","Label","DEFAULT",true
0x000f9378,"LAB_000f9378","Label","DEFAULT",true
0x000f9386,"LAB_000f9386","Label","DEFAULT",true
0x000f9394,"LAB_000f9394","Label","DEFAULT",true
0x000f93ba,"LAB_000f93ba","Label","DEFAULT",true
0x000f93ce,"LAB_000f93ce","Label","DEFAULT",true
0x000f93d4,"LAB_000f93d4","Label","DEFAULT",true
0x000f93da,"LAB_000f93da","Label","DEFAULT",true
0x000f93e0,"LAB_000f93e0","Label","DEFAULT",true
0x000f93e4,"LAB_000f93e4","Label","DEFAULT",true
0x000f93e8,"LAB_000f93e8","Label","DEFAULT",true
0x000f93ec,"LAB_000f93ec","Label","DEFAULT",true
0x000f93f0,"DAT_000f93f0","Label","DEFAULT",true
0x000f93f4,"DAT_000f93f4","Label","DEFAULT",true
0x000f93f8,"DAT_000f93f8","Label","DEFAULT",true
0x000f93fc,"DAT_000f93fc","Label","DEFAULT",true
0x000f9400,"DAT_000f9400","Label","DEFAULT",true
0x000f9404,"DAT_000f9404","Label","DEFAULT",true
0x000f9408,"DAT_000f9408","Label","DEFAULT",true
0x000f940c,"DAT_000f940c","Label","DEFAULT",true
0x000f9410,"DAT_000f9410","Label","DEFAULT",true
0x000f9414,"DAT_000f9414","Label","DEFAULT",true
0x000f9418,"DAT_000f9418","Label","DEFAULT",true
0x000f941c,"DAT_000f941c","Label","DEFAULT",true
0x000f9420,"DAT_000f9420","Label","DEFAULT",true
0x000f9424,"DAT_000f9424","Label","DEFAULT",true
0x000f9428,"DAT_000f9428","Label","DEFAULT",true
0x000f942c,"DAT_000f942c","Label","DEFAULT",true
0x000f9430,"DAT_000f9430","Label","DEFAULT",true
0x000f9434,"DAT_000f9434","Label","DEFAULT",true
0x000f9438,"DAT_000f9438","Label","DEFAULT",true
0x000f943c,"SaSi_HalClearInterruptBit","Function","USER_DEFINED",true
0x000f9444,"DAT_000f9444","Label","DEFAULT",true
0x000f9448,"SaSi_HalMaskInterrupt","Function","USER_DEFINED",true
0x000f9450,"DAT_000f9450","Label","DEFAULT",true
0x000f9454,"SaSi_HalWaitInterrupt","Function","USER_DEFINED",true
0x000f9464,"LAB_000f9464","Label","DEFAULT",true
0x000f9474,"LAB_000f9474","Label","DEFAULT",true
0x000f947c,"DAT_000f947c","Label","DEFAULT",true
0x000f9480,"DAT_000f9480","Label","DEFAULT",true
0x000f9484,"DAT_000f9484","Label","DEFAULT",true
0x000f9488,"SaSi_PalMemCopy","Function","USER_DEFINED",true
0x000f948c,"SaSi_PalMemSet","Function","USER_DEFINED",true
0x000f9490,"PkaInitAndMutexLock","Function","USER_DEFINED",true
0x000f9498,"LAB_000f9498","Label","DEFAULT",true
0x000f95ac,"LAB_000f95ac","Label","DEFAULT",true
0x000f95b4,"LAB_000f95b4","Label","DEFAULT",true
0x000f95bc,"LAB_000f95bc","Label","DEFAULT",true
0x000f95c0,"LAB_000f95c0","Label","DEFAULT",true
0x000f95c4,"LAB_000f95c4","Label","DEFAULT",true
0x000f95c8,"LAB_000f95c8","Label","DEFAULT",true
0x000f95cc,"DAT_000f95cc","Label","DEFAULT",true
0x000f95d0,"DAT_000f95d0","Label","DEFAULT",true
0x000f95d4,"DAT_000f95d4","Label","DEFAULT",true
0x000f95d8,"DAT_000f95d8","Label","DEFAULT",true
0x000f95dc,"DAT_000f95dc","Label","DEFAULT",true
0x000f95e0,"DAT_000f95e0","Label","DEFAULT",true
0x000f95e4,"DAT_000f95e4","Label","DEFAULT",true
0x000f95e8,"DAT_000f95e8","Label","DEFAULT",true
0x000f95ec,"DAT_000f95ec","Label","DEFAULT",true
0x000f95f0,"DAT_000f95f0","Label","DEFAULT",true
0x000f95f4,"DAT_000f95f4","Label","DEFAULT",true
0x000f95f8,"DAT_000f95f8","Label","DEFAULT",true
0x000f95fc,"nrf_cc310_bl_ecdsa_verify_init_secp256r1","Function","USER_DEFINED",true
0x000f9630,"LAB_000f9630","Label","DEFAULT",true
0x000f9632,"LAB_000f9632","Label","DEFAULT",true
0x000f9636,"LAB_000f9636","Label","DEFAULT",true
0x000f963c,"DAT_000f963c","Label","DEFAULT",true
0x000f9640,"DAT_000f9640","Label","DEFAULT",true
0x000f9644,"DAT_000f9644","Label","DEFAULT",true
0x000f9648,"nrf_cc310_bl_ecdsa_verify_hash_secp256r1","Function","USER_DEFINED",true
0x000f966c,"LAB_000f966c","Label","DEFAULT",true
0x000f9670,"nrf_cc310_bl_hash_sha256_finalize","Function","USER_DEFINED",true
0x000f96a6,"LAB_000f96a6","Label","DEFAULT",true
0x000f96ac,"LAB_000f96ac","Label","DEFAULT",true
0x000f96ba,"LAB_000f96ba","Label","DEFAULT",true
0x000f96c2,"LAB_000f96c2","Label","DEFAULT",true
0x000f96c8,"DAT_000f96c8","Label","DEFAULT",true
0x000f96cc,"DAT_000f96cc","Label","DEFAULT",true
0x000f96d0,"nrf_cc310_bl_hash_sha256_init","Function","USER_DEFINED",true
0x000f96f0,"LAB_000f96f0","Label","DEFAULT",true
0x000f96f4,"LAB_000f96f4","Label","DEFAULT",true
0x000f96f8,"DAT_000f96f8","Label","DEFAULT",true
0x000f96fc,"DAT_000f96fc","Label","DEFAULT",true
0x000f9700,"DAT_000f9700","Label","DEFAULT",true
0x000f9704,"nrf_cc310_bl_hash_sha256_update","Function","USER_DEFINED",true
0x000f971a,"LAB_000f971a","Label","DEFAULT",true
0x000f971c,"LAB_000f971c","Label","DEFAULT",true
0x000f9724,"LAB_000f9724","Label","DEFAULT",true
0x000f976e,"LAB_000f976e","Label","DEFAULT",true
0x000f9784,"LAB_000f9784","Label","DEFAULT",true
0x000f979c,"LAB_000f979c","Label","DEFAULT",true
0x000f97a0,"DAT_000f97a0","Label","DEFAULT",true
0x000f97a4,"DAT_000f97a4","Label","DEFAULT",true
0x000f97a8,"nrf_cc310_bl_hash_update_internal","Function","USER_DEFINED",true
0x000f97b6,"LAB_000f97b6","Label","DEFAULT",true
0x000f97c0,"LAB_000f97c0","Label","DEFAULT",true
0x000f9808,"LAB_000f9808","Label","DEFAULT",true
0x000f981c,"LAB_000f981c","Label","DEFAULT",true
0x000f9824,"LAB_000f9824","Label","DEFAULT",true
0x000f9848,"LAB_000f9848","Label","DEFAULT",true
0x000f9858,"LAB_000f9858","Label","DEFAULT",true
0x000f9874,"DAT_000f9874","Label","DEFAULT",true
0x000f9878,"DAT_000f9878","Label","DEFAULT",true
0x000f987c,"DAT_000f987c","Label","DEFAULT",true
0x000f9880,"DAT_000f9880","Label","DEFAULT",true
0x000f9884,"DAT_000f9884","Label","DEFAULT",true
0x000f9888,"DAT_000f9888","Label","DEFAULT",true
0x000f988c,"DAT_000f988c","Label","DEFAULT",true
0x000f9890,"DAT_000f9890","Label","DEFAULT",true
0x000f9894,"DAT_000f9894","Label","DEFAULT",true
0x000f9898,"nrf_cc310_bl_init","Function","USER_DEFINED",true
0x000f98b4,"LAB_000f98b4","Label","DEFAULT",true
0x000f98b8,"LAB_000f98b8","Label","DEFAULT",true
0x000f98bc,"DAT_000f98bc","Label","DEFAULT",true
0x000f98c0,"DAT_000f98c0","Label","DEFAULT",true
0x000f98c4,"DAT_000f98c4","Label","DEFAULT",true
0x000f98c8,"DAT_000f98c8","Label","DEFAULT",true
0x000f98cd,"LAB_000f98cc+1","Label","DEFAULT",true
0x000f9900,"DAT_000f9900","Label","DEFAULT",true
0x000f9904,"DAT_000f9904","Label","DEFAULT",true
0x000f9908,"DAT_000f9908","Label","DEFAULT",true
0x000f990c,"DAT_000f990c","Label","DEFAULT",true
0x000f9910,"DAT_000f9910","Label","DEFAULT",true
0x000f9914,"DAT_000f9914","Label","DEFAULT",true
0x000f9918,"DAT_000f9918","Label","DEFAULT",true
0x000f991c,"DAT_000f991c","Label","DEFAULT",true
0x000f9921,"LAB_000f9920+1","Label","DEFAULT",true
0x000f9954,"DAT_000f9954","Label","DEFAULT",true
0x000f9958,"verify_context_ecdsa_verify_secp256r1","Function","USER_DEFINED",true
0x000f9968,"LAB_000f9968","Label","DEFAULT",true
0x000f996c,"DAT_000f996c","Label","DEFAULT",true
0x000f9970,"DAT_000f9970","Label","DEFAULT",true
0x000f9974,"DAT_000f9974","Label","DEFAULT",true
0x000f9978,"verify_context_hash_sha256","Function","USER_DEFINED",true
0x000f9988,"LAB_000f9988","Label","DEFAULT",true
0x000f998c,"DAT_000f998c","Label","DEFAULT",true
0x000f9990,"DAT_000f9990","Label","DEFAULT",true
0x000f9994,"DAT_000f9994","Label","DEFAULT",true
0x000f9998,"RTC2_IRQHandler","Function","USER_DEFINED",true
0x000f9999,"RTC2_IRQHandler+1","Label","DEFAULT",true
0x000f99b6,"LAB_000f99b6","Label","DEFAULT",true
0x000f99bc,"LAB_000f99bc","Label","DEFAULT",true
0x000f99e8,"LAB_000f99e8","Label","DEFAULT",true
0x000f99f2,"LAB_000f99f2","Label","DEFAULT",true
0x000f99f8,"LAB_000f99f8","Label","DEFAULT",true
0x000f9a04,"DAT_000f9a04","Label","DEFAULT",true
0x000f9a08,"DAT_000f9a08","Label","DEFAULT",true
0x000f9a0c,"SWI2_EGU2_IRQHandler_vector","Function","USER_DEFINED",true
0x000f9a0d,"SWI2_EGU2_IRQHandler_vector+1","Label","DEFAULT",true
0x000f9a10,"SystemInit","Function","USER_DEFINED",true
0x000f9a11,"SystemInit+1","Label","DEFAULT",true
0x000f9a30,"LAB_000f9a30","Label","DEFAULT",true
0x000f9ae0,"LAB_000f9ae0","Label","DEFAULT",true
0x000f9aee,"LAB_000f9aee","Label","DEFAULT",true
0x000f9afc,"LAB_000f9afc","Label","DEFAULT",true
0x000f9b12,"LAB_000f9b12","Label","DEFAULT",true
0x000f9b20,"LAB_000f9b20","Label","DEFAULT",true
0x000f9b32,"LAB_000f9b32","Label","DEFAULT",true
0x000f9b5e,"LAB_000f9b5e","Label","DEFAULT",true
0x000f9b66,"LAB_000f9b66","Label","DEFAULT",true
0x000f9b7c,"LAB_000f9b7c","Label","DEFAULT",true
0x000f9b82,"LAB_000f9b82","Label","DEFAULT",true
0x000f9b8c,"LAB_000f9b8c","Label","DEFAULT",true
0x000f9b98,"LAB_000f9b98","Label","DEFAULT",true
0x000f9ba4,"LAB_000f9ba4","Label","DEFAULT",true
0x000f9bb0,"LAB_000f9bb0","Label","DEFAULT",true
0x000f9bba,"LAB_000f9bba","Label","DEFAULT",true
0x000f9bc6,"LAB_000f9bc6","Label","DEFAULT",true
0x000f9be4,"LAB_000f9be4","Label","DEFAULT",true
0x000f9be8,"LAB_000f9be8","Label","DEFAULT",true
0x000f9bf0,"DAT_000f9bf0","Label","DEFAULT",true
0x000f9bf4,"DAT_000f9bf4","Label","DEFAULT",true
0x000f9bf8,"DAT_000f9bf8","Label","DEFAULT",true
0x000f9bfc,"DAT_000f9bfc","Label","DEFAULT",true
0x000f9c00,"DAT_000f9c00","Label","DEFAULT",true
0x000f9c04,"DAT_000f9c04","Label","DEFAULT",true
0x000f9c08,"DAT_000f9c08","Label","DEFAULT",true
0x000f9c0c,"DAT_000f9c0c","Label","DEFAULT",true
0x000f9c10,"DAT_000f9c10","Label","DEFAULT",true
0x000f9c14,"DAT_000f9c14","Label","DEFAULT",true
0x000f9c18,"DAT_000f9c18","Label","DEFAULT",true
0x000f9c1c,"DAT_000f9c1c","Label","DEFAULT",true
0x000f9c20,"DAT_000f9c20","Label","DEFAULT",true
0x000f9c24,"DAT_000f9c24","Label","DEFAULT",true
0x000f9c28,"DAT_000f9c28","Label","DEFAULT",true
0x000f9c2c,"DAT_000f9c2c","Label","DEFAULT",true
0x000f9c30,"SWI0_EGU0_IRQHandler","Function","USER_DEFINED",true
0x000f9c31,"SWI0_EGU0_IRQHandler+1","Label","DEFAULT",true
0x000f9c40,"DAT_000f9c40","Label","DEFAULT",true
0x000f9c44,"armcc_scatterload_copy","Function","USER_DEFINED",true
0x000f9c45,"armcc_scatterload_copy+1","Label","DEFAULT",true
0x000f9c46,"LAB_000f9c46","Label","DEFAULT",true
0x000f9c4c,"armcc_scatterload_copy_loop","Function","USER_DEFINED",true
0x000f9c64,"__sd_nvic_app_accessible_irq","Function","USER_DEFINED",true
0x000f9c72,"LAB_000f9c72","Label","DEFAULT",true
0x000f9c7a,"LAB_000f9c7a","Label","DEFAULT",true
0x000f9c7c,"LAB_000f9c7c","Label","DEFAULT",true
0x000f9c80,"LAB_000f9c80","Label","DEFAULT",true
0x000f9c84,"DAT_000f9c84","Label","DEFAULT",true
0x000f9c88,"addr_is_aligned32","Function","USER_DEFINED",true
0x000f9c90,"LAB_000f9c90","Label","DEFAULT",true
0x000f9c94,"addr_is_within_bounds","Function","USER_DEFINED",true
0x000f9ca8,"LAB_000f9ca8","Label","DEFAULT",true
0x000f9cac,"dfu_advertising_name_get","Function","USER_DEFINED",true
0x000f9cc4,"LAB_000f9cc4","Label","DEFAULT",true
0x000f9d34,"LAB_000f9d34","Label","DEFAULT",true
0x000f9d38,"DAT_000f9d38","Label","DEFAULT",true
0x000f9d3c,"DAT_000f9d3c","Label","DEFAULT",true
0x000f9d40,"DAT_000f9d40","Label","DEFAULT",true
0x000f9d44,"advertising_start","Function","USER_DEFINED",true
0x000f9d6c,"LAB_000f9d6c","Label","DEFAULT",true
0x000f9d70,"DAT_000f9d70","Label","DEFAULT",true
0x000f9d74,"DAT_000f9d74","Label","DEFAULT",true
0x000f9d78,"nrf_bootloader_app_activate","Function","USER_DEFINED",true
0x000f9d92,"LAB_000f9d92","Label","DEFAULT",true
0x000f9db6,"LAB_000f9db6","Label","DEFAULT",true
0x000f9db8,"LAB_000f9db8","Label","DEFAULT",true
0x000f9dbc,"DAT_000f9dbc","Label","DEFAULT",true
0x000f9dc4,"app_error_handler_bare","Function","USER_DEFINED",true
0x000f9dc8,"app_sched_event_put","Function","USER_DEFINED",true
0x000f9df8,"LAB_000f9df8","Label","DEFAULT",true
0x000f9dfa,"LAB_000f9dfa","Label","DEFAULT",true
0x000f9e0a,"LAB_000f9e0a","Label","DEFAULT",true
0x000f9e16,"LAB_000f9e16","Label","DEFAULT",true
0x000f9e18,"LAB_000f9e18","Label","DEFAULT",true
0x000f9e4e,"LAB_000f9e4e","Label","DEFAULT",true
0x000f9e54,"LAB_000f9e54","Label","DEFAULT",true
0x000f9e56,"LAB_000f9e56","Label","DEFAULT",true
0x000f9e5a,"LAB_000f9e5a","Label","DEFAULT",true
0x000f9e5e,"LAB_000f9e5e","Label","DEFAULT",true
0x000f9e64,"DAT_000f9e64","Label","DEFAULT",true
0x000f9e68,"app_sched_execute","Function","USER_DEFINED",true
0x000f9e6e,"LAB_000f9e6e","Label","DEFAULT",true
0x000f9e72,"LAB_000f9e72","Label","DEFAULT",true
0x000f9e74,"LAB_000f9e74","Label","DEFAULT",true
0x000f9e76,"LAB_000f9e76","Label","DEFAULT",true
0x000f9ea0,"LAB_000f9ea0","Label","DEFAULT",true
0x000f9ea4,"DAT_000f9ea4","Label","DEFAULT",true
0x000f9ea8,"app_sched_init","Function","USER_DEFINED",true
0x000f9ebc,"LAB_000f9ebc","Label","DEFAULT",true
0x000f9ed0,"DAT_000f9ed0","Label","DEFAULT",true
0x000f9ed4,"app_util_critical_region_enter","Function","USER_DEFINED",true
0x000f9ee6,"LAB_000f9ee6","Label","DEFAULT",true
0x000f9eec,"LAB_000f9eec","Label","DEFAULT",true
0x000f9eee,"LAB_000f9eee","Label","DEFAULT",true
0x000f9f14,"DAT_000f9f14","Label","DEFAULT",true
0x000f9f18,"DAT_000f9f18","Label","DEFAULT",true
0x000f9f1c,"app_util_critical_region_exit","Function","USER_DEFINED",true
0x000f9f48,"LAB_000f9f48","Label","DEFAULT",true
0x000f9f4c,"DAT_000f9f4c","Label","DEFAULT",true
0x000f9f50,"nrf_bootloader_bl_activate","Function","USER_DEFINED",true
0x000f9f64,"LAB_000f9f64","Label","DEFAULT",true
0x000f9f6c,"LAB_000f9f6c","Label","DEFAULT",true
0x000f9f72,"LAB_000f9f72","Label","DEFAULT",true
0x000f9f90,"LAB_000f9f90","Label","DEFAULT",true
0x000f9f94,"DAT_000f9f94","Label","DEFAULT",true
0x000f9f98,"DAT_000f9f98","Label","DEFAULT",true
0x000f9f9c,"ble_dfu_init","Function","USER_DEFINED",true
0x000fa04e,"LAB_000fa04e","Label","DEFAULT",true
0x000fa054,"DAT_000fa054","Label","DEFAULT",true
0x000fa058,"DAT_000fa058","Label","DEFAULT",true
0x000fa05c,"DAT_000fa05c","Label","DEFAULT",true
0x000fa060,"ble_dfu_req_handler_callback","Function","USER_DEFINED",true
0x000fa061,"ble_dfu_req_handler_callback+1","Label","DEFAULT",true
0x000fa08e,"LAB_000fa08e","Label","DEFAULT",true
0x000fa0be,"LAB_000fa0be","Label","DEFAULT",true
0x000fa0c4,"switchD_000fa0c4::switchD","Label","ANALYSIS",true
0x000fa0c8,"switchD_000fa0c4::switchdataD_000fa0c8","Label","ANALYSIS",true
0x000fa0cb,"BYTE_000fa0cb","Label","DEFAULT",true
0x000fa0d2,"switchD_000fa0c4::caseD_6","Label","ANALYSIS",true
0x000fa0fa,"LAB_000fa0fa","Label","DEFAULT",true
0x000fa0fe,"switchD_000fa0c4::caseD_0","Label","ANALYSIS",true
0x000fa0fe,"switchD_000fa0c4::caseD_1","Label","ANALYSIS",false
0x000fa0fe,"switchD_000fa0c4::caseD_2","Label","ANALYSIS",false
0x000fa0fe,"switchD_000fa0c4::caseD_4","Label","ANALYSIS",false
0x000fa0fe,"switchD_000fa0c4::caseD_5","Label","ANALYSIS",false
0x000fa0fe,"switchD_000fa0c4::caseD_7","Label","ANALYSIS",false
0x000fa104,"LAB_000fa104","Label","DEFAULT",true
0x000fa108,"switchD_000fa0c4::caseD_3","Label","ANALYSIS",true
0x000fa108,"switchD_000fa0c4::caseD_8","Label","ANALYSIS",false
0x000fa114,"DAT_000fa114","Label","DEFAULT",true
0x000fa118,"ble_dfu_transport_close","Function","USER_DEFINED",true
0x000fa119,"ble_dfu_transport_close+1","Label","DEFAULT",true
0x000fa14e,"LAB_000fa14e","Label","DEFAULT",true
0x000fa15a,"LAB_000fa15a","Label","DEFAULT",true
0x000fa15e,"LAB_000fa15e","Label","DEFAULT",true
0x000fa166,"LAB_000fa166","Label","DEFAULT",true
0x000fa16c,"DAT_000fa16c","Label","DEFAULT",true
0x000fa170,"DAT_000fa170","Label","DEFAULT",true
0x000fa174,"DAT_000fa174","Label","DEFAULT",true
0x000fa178,"ble_dfu_transport_init","Function","USER_DEFINED",true
0x000fa179,"ble_dfu_transport_init+1","Label","DEFAULT",true
0x000fa186,"LAB_000fa186","Label","DEFAULT",true
0x000fa188,"LAB_000fa188","Label","DEFAULT",true
0x000fa1be,"LAB_000fa1be","Label","DEFAULT",true
0x000fa1d6,"LAB_000fa1d6","Label","DEFAULT",true
0x000fa200,"DAT_000fa200","Label","DEFAULT",true
0x000fa204,"DAT_000fa204","Label","DEFAULT",true
0x000fa208,"DAT_000fa208","Label","DEFAULT",true
0x000fa20c,"DAT_000fa20c","Label","DEFAULT",true
0x000fa210,"ble_evt_handler","Function","USER_DEFINED",true
0x000fa24c,"LAB_000fa24c","Label","DEFAULT",true
0x000fa25c,"LAB_000fa25c","Label","DEFAULT",true
0x000fa270,"LAB_000fa270","Label","DEFAULT",true
0x000fa2cc,"LAB_000fa2cc","Label","DEFAULT",true
0x000fa2d0,"LAB_000fa2d0","Label","DEFAULT",true
0x000fa2ea,"LAB_000fa2ea","Label","DEFAULT",true
0x000fa2f6,"LAB_000fa2f6","Label","DEFAULT",true
0x000fa300,"LAB_000fa300","Label","DEFAULT",true
0x000fa320,"LAB_000fa320","Label","DEFAULT",true
0x000fa322,"LAB_000fa322","Label","DEFAULT",true
0x000fa324,"LAB_000fa324","Label","DEFAULT",true
0x000fa326,"LAB_000fa326","Label","DEFAULT",true
0x000fa330,"LAB_000fa330","Label","DEFAULT",true
0x000fa332,"LAB_000fa332","Label","DEFAULT",true
0x000fa336,"LAB_000fa336","Label","DEFAULT",true
0x000fa344,"LAB_000fa344","Label","DEFAULT",true
0x000fa352,"LAB_000fa352","Label","DEFAULT",true
0x000fa354,"LAB_000fa354","Label","DEFAULT",true
0x000fa356,"LAB_000fa356","Label","DEFAULT",true
0x000fa358,"LAB_000fa358","Label","DEFAULT",true
0x000fa35e,"LAB_000fa35e","Label","DEFAULT",true
0x000fa37a,"LAB_000fa37a","Label","DEFAULT",true
0x000fa384,"LAB_000fa384","Label","DEFAULT",true
0x000fa38a,"LAB_000fa38a","Label","DEFAULT",true
0x000fa394,"LAB_000fa394","Label","DEFAULT",true
0x000fa39c,"LAB_000fa39c","Label","DEFAULT",true
0x000fa3be,"LAB_000fa3be","Label","DEFAULT",true
0x000fa3cc,"LAB_000fa3cc","Label","DEFAULT",true
0x000fa3d8,"DAT_000fa3d8","Label","DEFAULT",true
0x000fa3dc,"DAT_000fa3dc","Label","DEFAULT",true
0x000fa3e0,"DAT_000fa3e0","Label","DEFAULT",true
0x000fa3e4,"DAT_000fa3e4","Label","DEFAULT",true
0x000fa3e8,"ble_srv_is_notification_enabled","Function","USER_DEFINED",true
0x000fa3f0,"boot_validate","Function","USER_DEFINED",true
0x000fa3f8,"LAB_000fa3f8","Label","DEFAULT",true
0x000fa3fc,"LAB_000fa3fc","Label","DEFAULT",true
0x000fa400,"boot_validation_crc","Function","USER_DEFINED",true
0x000fa40c,"boot_validation_extract","Function","USER_DEFINED",true
0x000fa446,"LAB_000fa446","Label","DEFAULT",true
0x000fa458,"LAB_000fa458","Label","DEFAULT",true
0x000fa468,"LAB_000fa468","Label","DEFAULT",true
0x000fa47e,"LAB_000fa47e","Label","DEFAULT",true
0x000fa480,"LAB_000fa480","Label","DEFAULT",true
0x000fa486,"LAB_000fa486","Label","DEFAULT",true
0x000fa492,"LAB_000fa492","Label","DEFAULT",true
0x000fa4a0,"DAT_000fa4a0","Label","DEFAULT",true
0x000fa4a4,"bootloader_reset","Function","USER_DEFINED",true
0x000fa4bc,"LAB_000fa4bc","Label","DEFAULT",true
0x000fa4c0,"LAB_000fa4c0","Label","DEFAULT",true
0x000fa4c4,"LAB_000fa4c4","Label","DEFAULT",true
0x000fa4d4,"LAB_000fa4d4","Label","DEFAULT",true
0x000fa4dc,"LAB_000fa4dc","Label","DEFAULT",true
0x000fa4e0,"LAB_000fa4e0","Label","DEFAULT",true
0x000fa4e4,"cc310_backend_mutex_trylock","Function","USER_DEFINED",true
0x000fa4f8,"LAB_000fa4f8","Label","DEFAULT",true
0x000fa4fc,"DAT_000fa4fc","Label","DEFAULT",true
0x000fa500,"cc310_backend_mutex_unlock","Function","USER_DEFINED",true
0x000fa50c,"DAT_000fa50c","Label","DEFAULT",true
0x000fa510,"cc310_bl_backend_disable","Function","USER_DEFINED",true
0x000fa52c,"DAT_000fa52c","Label","DEFAULT",true
0x000fa530,"DAT_000fa530","Label","DEFAULT",true
0x000fa534,"cc310_bl_backend_enable","Function","USER_DEFINED",true
0x000fa544,"DAT_000fa544","Label","DEFAULT",true
0x000fa548,"DAT_000fa548","Label","DEFAULT",true
0x000fa54c,"cc310_bl_backend_hash_sha256_finalize","Function","USER_DEFINED",true
0x000fa54d,"cc310_bl_backend_hash_sha256_finalize+1","Label","DEFAULT",true
0x000fa560,"LAB_000fa560","Label","DEFAULT",true
0x000fa562,"LAB_000fa562","Label","DEFAULT",true
0x000fa58e,"LAB_000fa58e","Label","DEFAULT",true
0x000fa594,"cc310_bl_backend_hash_sha256_init","Function","USER_DEFINED",true
0x000fa595,"cc310_bl_backend_hash_sha256_init+1","Label","DEFAULT",true
0x000fa5a4,"cc310_bl_backend_hash_sha256_update","Function","USER_DEFINED",true
0x000fa5a5,"cc310_bl_backend_hash_sha256_update+1","Label","DEFAULT",true
0x000fa5be,"LAB_000fa5be","Label","DEFAULT",true
0x000fa5c6,"LAB_000fa5c6","Label","DEFAULT",true
0x000fa5e6,"LAB_000fa5e6","Label","DEFAULT",true
0x000fa5ee,"LAB_000fa5ee","Label","DEFAULT",true
0x000fa5f2,"LAB_000fa5f2","Label","DEFAULT",true
0x000fa604,"DAT_000fa604","Label","DEFAULT",true
0x000fa608,"cc310_bl_backend_init","Function","USER_DEFINED",true
0x000fa609,"cc310_bl_backend_init+1","Label","DEFAULT",true
0x000fa630,"LAB_000fa630","Label","DEFAULT",true
0x000fa632,"LAB_000fa632","Label","DEFAULT",true
0x000fa638,"DAT_000fa638","Label","DEFAULT",true
0x000fa63c,"DAT_000fa63c","Label","DEFAULT",true
0x000fa640,"cc310_bl_backend_uninit","Function","USER_DEFINED",true
0x000fa641,"cc310_bl_backend_uninit+1","Label","DEFAULT",true
0x000fa648,"DAT_000fa648","Label","DEFAULT",true
0x000fa64c,"cmd_response_offset_and_crc_set","Function","USER_DEFINED",true
0x000fa658,"DAT_000fa658","Label","DEFAULT",true
0x000fa65c,"crc32_compute","Function","USER_DEFINED",true
0x000fa668,"LAB_000fa668","Label","DEFAULT",true
0x000fa66e,"LAB_000fa66e","Label","DEFAULT",true
0x000fa672,"LAB_000fa672","Label","DEFAULT",true
0x000fa678,"LAB_000fa678","Label","DEFAULT",true
0x000fa67e,"LAB_000fa67e","Label","DEFAULT",true
0x000fa68a,"LAB_000fa68a","Label","DEFAULT",true
0x000fa694,"DAT_000fa694","Label","DEFAULT",true
0x000fa698,"crc_ok","Function","USER_DEFINED",true
0x000fa6b2,"LAB_000fa6b2","Label","DEFAULT",true
0x000fa6b8,"crypto_init","Function","USER_DEFINED",true
0x000fa6e2,"LAB_000fa6e2","Label","DEFAULT",true
0x000fa6e8,"DAT_000fa6e8","Label","DEFAULT",true
0x000fa6ec,"DAT_000fa6ec","Label","DEFAULT",true
0x000fa6f0,"DAT_000fa6f0","Label","DEFAULT",true
0x000fa6f4,"DAT_000fa6f4","Label","DEFAULT",true
0x000fa6f8,"LAB_000fa6f8","Label","DEFAULT",true
0x000fa73e,"LAB_000fa73e","Label","DEFAULT",true
0x000fa742,"LAB_000fa742","Label","DEFAULT",true
0x000fa74e,"LAB_000fa74e","Label","DEFAULT",true
0x000fa75a,"LAB_000fa75a","Label","DEFAULT",true
0x000fa776,"nanopb_decode_field","Function","USER_DEFINED",true
0x000fa788,"LAB_000fa788","Label","DEFAULT",true
0x000fa78c,"LAB_000fa78c","Label","DEFAULT",true
0x000fa790,"LAB_000fa790","Label","DEFAULT",true
0x000fa7bc,"LAB_000fa7bc","Label","DEFAULT",true
0x000fa7c0,"LAB_000fa7c0","Label","DEFAULT",true
0x000fa7c8,"LAB_000fa7c8","Label","DEFAULT",true
0x000fa7e4,"LAB_000fa7e4","Label","DEFAULT",true
0x000fa7f8,"LAB_000fa7f8","Label","DEFAULT",true
0x000fa806,"LAB_000fa806","Label","DEFAULT",true
0x000fa810,"LAB_000fa810","Label","DEFAULT",true
0x000fa816,"LAB_000fa816","Label","DEFAULT",true
0x000fa818,"LAB_000fa818","Label","DEFAULT",true
0x000fa81e,"LAB_000fa81e","Label","DEFAULT",true
0x000fa83a,"LAB_000fa83a","Label","DEFAULT",true
0x000fa858,"LAB_000fa858","Label","DEFAULT",true
0x000fa85c,"LAB_000fa85c","Label","DEFAULT",true
0x000fa868,"LAB_000fa868","Label","DEFAULT",true
0x000fa86c,"DAT_000fa86c","Label","DEFAULT",true
0x000fa870,"nrf_bootloader_app_is_valid","Function","USER_DEFINED",true
0x000fa880,"LAB_000fa880","Label","DEFAULT",true
0x000fa892,"LAB_000fa892","Label","DEFAULT",true
0x000fa896,"LAB_000fa896","Label","DEFAULT",true
0x000fa8bc,"LAB_000fa8bc","Label","DEFAULT",true
0x000fa8e0,"LAB_000fa8e0","Label","DEFAULT",true
0x000fa8e4,"DAT_000fa8e4","Label","DEFAULT",true
0x000fa8e8,"DAT_000fa8e8","Label","DEFAULT",true
0x000fa8ec,"DAT_000fa8ec","Label","DEFAULT",true
0x000fa8f0,"DAT_000fa8f0","Label","DEFAULT",true
0x000fa8f4,"DAT_000fa8f4","Label","DEFAULT",true
0x000fa905,"DAT_000fa905","Label","DEFAULT",true
0x000fa908,"nrf_bootloader_dfu_observer","Function","USER_DEFINED",true
0x000fa909,"nrf_bootloader_dfu_observer+1","Label","DEFAULT",true
0x000fa912,"switchD_000fa912::switchD","Label","ANALYSIS",true
0x000fa916,"switchD_000fa912::switchdataD_000fa916","Label","ANALYSIS",true
0x000fa91c,"switchD_000fa912::caseD_3","Label","ANALYSIS",true
0x000fa91c,"switchD_000fa912::caseD_4","Label","ANALYSIS",false
0x000fa928,"switchD_000fa912::caseD_6","Label","ANALYSIS",true
0x000fa928,"switchD_000fa912::caseD_7","Label","ANALYSIS",false
0x000fa930,"switchD_000fa912::caseD_2","Label","ANALYSIS",true
0x000fa934,"switchD_000fa912::caseD_5","Label","ANALYSIS",true
0x000fa944,"LAB_000fa944","Label","DEFAULT",true
0x000fa948,"DAT_000fa948","Label","DEFAULT",true
0x000fa94c,"DAT_000fa94c","Label","DEFAULT",true
0x000fa950,"nrf_dfu_observer","Function","USER_DEFINED",true
0x000fa951,"nrf_dfu_observer+1","Label","DEFAULT",true
0x000fa95c,"LAB_000fa95c","Label","DEFAULT",true
0x000fa962,"LAB_000fa962","Label","DEFAULT",true
0x000fa972,"LAB_000fa972","Label","DEFAULT",true
0x000fa974,"DAT_000fa974","Label","DEFAULT",true
0x000fa978,"__NVIC_SystemReset","Function","USER_DEFINED",true
0x000fa979,"__NVIC_SystemReset+1","Label","DEFAULT",true
0x000fa98e,"LAB_000fa98e","Label","DEFAULT",true
0x000fa994,"DAT_000fa994","Label","DEFAULT",true
0x000fa998,"DAT_000fa998","Label","DEFAULT",true
0x000fa99c,"nrf_fstorage_nvmc_erase","Function","USER_DEFINED",true
0x000fa99d,"nrf_fstorage_nvmc_erase+1","Label","DEFAULT",true
0x000fa9b4,"LAB_000fa9b4","Label","DEFAULT",true
0x000fa9b8,"LAB_000fa9b8","Label","DEFAULT",true
0x000fa9c2,"LAB_000fa9c2","Label","DEFAULT",true
0x000fa9e0,"DAT_000fa9e0","Label","DEFAULT",true
0x000fa9e4,"nrf_fstorage_sd_erase","Function","USER_DEFINED",true
0x000fa9e5,"nrf_fstorage_sd_erase+1","Label","DEFAULT",true
0x000faa24,"LAB_000faa24","Label","DEFAULT",true
0x000faa28,"LAB_000faa28","Label","DEFAULT",true
0x000faa2c,"DAT_000faa2c","Label","DEFAULT",true
0x000faa30,"nrf_fstorage_nvmc_event_send","Function","USER_DEFINED",true
0x000faa60,"LAB_000faa60","Label","DEFAULT",true
0x000faa66,"event_send","Function","USER_DEFINED",true
0x000faa8e,"LAB_000faa8e","Label","DEFAULT",true
0x000faa9e,"LAB_000faa9e","Label","DEFAULT",true
0x000faaaa,"LAB_000faaaa","Label","DEFAULT",true
0x000faaae,"LAB_000faaae","Label","DEFAULT",true
0x000faab6,"LAB_000faab6","Label","DEFAULT",true
0x000faaba,"ext_err_code_handle","Function","USER_DEFINED",true
0x000faac6,"LAB_000faac6","Label","DEFAULT",true
0x000faac8,"ext_error_get","Function","USER_DEFINED",true
0x000faad4,"DAT_000faad4","Label","DEFAULT",true
0x000faad8,"ext_error_set","Function","USER_DEFINED",true
0x000faae0,"DAT_000faae0","Label","DEFAULT",true
0x000faae5,"LAB_000faae4+1","Label","DEFAULT",true
0x000faaec,"DAT_000faaec","Label","DEFAULT",true
0x000faaf1,"LAB_000faaf0+1","Label","DEFAULT",true
0x000faaf8,"DAT_000faaf8","Label","DEFAULT",true
0x000faafc,"fw_hash_ok","Function","USER_DEFINED",true
0x000fab04,"gap_params_init","Function","USER_DEFINED",true
0x000fab4a,"LAB_000fab4a","Label","DEFAULT",true
0x000fab56,"LAB_000fab56","Label","DEFAULT",true
0x000fabc4,"LAB_000fabc4","Label","DEFAULT",true
0x000fabd6,"LAB_000fabd6","Label","DEFAULT",true
0x000fabdc,"DAT_000fabdc","Label","DEFAULT",true
0x000fabe0,"DAT_000fabe0","Label","DEFAULT",true
0x000fabe4,"s_B210_DFU_000fabe4","Label","DEFAULT",true
0x000fabf0,"DAT_000fabf0","Label","DEFAULT",true
0x000fabf4,"hash_result_get","Function","USER_DEFINED",true
0x000fac18,"LAB_000fac18","Label","DEFAULT",true
0x000fac20,"LAB_000fac20","Label","DEFAULT",true
0x000fac22,"LAB_000fac22","Label","DEFAULT",true
0x000fac24,"LAB_000fac24","Label","DEFAULT",true
0x000fac2a,"LAB_000fac2a","Label","DEFAULT",true
0x000fac30,"LAB_000fac30","Label","DEFAULT",true
0x000fac34,"DAT_000fac34","Label","DEFAULT",true
0x000fac38,"DAT_000fac38","Label","DEFAULT",true
0x000fac3c,"image_copy","Function","USER_DEFINED",true
0x000fac4e,"LAB_000fac4e","Label","DEFAULT",true
0x000fac52,"LAB_000fac52","Label","DEFAULT",true
0x000fac6e,"LAB_000fac6e","Label","DEFAULT",true
0x000fac78,"LAB_000fac78","Label","DEFAULT",true
0x000fac7c,"LAB_000fac7c","Label","DEFAULT",true
0x000facc0,"LAB_000facc0","Label","DEFAULT",true
0x000facc8,"DAT_000facc8","Label","DEFAULT",true
0x000faccd,"LAB_000faccc+1","Label","DEFAULT",true
0x000facd4,"nrf_fstorage_nvmc_init","Function","USER_DEFINED",true
0x000facd5,"nrf_fstorage_nvmc_init+1","Label","DEFAULT",true
0x000facdc,"DAT_000facdc","Label","DEFAULT",true
0x000face0,"nrf_fstorage_sd_init","Function","USER_DEFINED",true
0x000face1,"nrf_fstorage_sd_init+1","Label","DEFAULT",true
0x000fad0a,"LAB_000fad0a","Label","DEFAULT",true
0x000fad10,"DAT_000fad10","Label","DEFAULT",true
0x000fad14,"DAT_000fad14","Label","DEFAULT",true
0x000fad18,"nrf_fstorage_nvmc_is_busy","Function","USER_DEFINED",true
0x000fad19,"nrf_fstorage_nvmc_is_busy+1","Label","DEFAULT",true
0x000fad22,"LAB_000fad22","Label","DEFAULT",true
0x000fad24,"DAT_000fad24","Label","DEFAULT",true
0x000fad28,"nrf_fstorage_sd_is_busy","Function","USER_DEFINED",true
0x000fad29,"nrf_fstorage_sd_is_busy+1","Label","DEFAULT",true
0x000fad32,"LAB_000fad32","Label","DEFAULT",true
0x000fad34,"DAT_000fad34","Label","DEFAULT",true
0x000fad38,"is_major_softdevice_update","Function","USER_DEFINED",true
0x000fad54,"LAB_000fad54","Label","DEFAULT",true
0x000fad56,"LAB_000fad56","Label","DEFAULT",true
0x000fad6a,"LAB_000fad6a","Label","DEFAULT",true
0x000fad6c,"LAB_000fad6c","Label","DEFAULT",true
0x000fad7c,"LAB_000fad7c","Label","DEFAULT",true
0x000fad7e,"LAB_000fad7e","Label","DEFAULT",true
0x000fad8a,"LAB_000fad8a","Label","DEFAULT",true
0x000fad8c,"LAB_000fad8c","Label","DEFAULT",true
0x000fad90,"DAT_000fad90","Label","DEFAULT",true
0x000fad94,"DAT_000fad94","Label","DEFAULT",true
0x000fad98,"iter_from_extension","Function","USER_DEFINED",true
0x000fadc4,"LAB_000fadc4","Label","DEFAULT",true
0x000fadc8,"main","Function","USER_DEFINED",true
0x000fadc9,"main+1","Label","DEFAULT",true
0x000fadea,"LAB_000fadea","Label","DEFAULT",true
0x000fadf0,"LAB_000fadf0","Label","DEFAULT",true
0x000fadf4,"LAB_000fadf4","Label","DEFAULT",true
0x000fadf8,"nrf_atfifo_clear","Function","USER_DEFINED",true
0x000fae04,"LAB_000fae04","Label","DEFAULT",true
0x000fae08,"nrf_atfifo_init","Function","USER_DEFINED",true
0x000fae1a,"LAB_000fae1a","Label","DEFAULT",true
0x000fae1e,"LAB_000fae1e","Label","DEFAULT",true
0x000fae2e,"nrf_atfifo_item_alloc","Function","USER_DEFINED",true
0x000fae42,"LAB_000fae42","Label","DEFAULT",true
0x000fae44,"nrf_atfifo_item_free","Function","USER_DEFINED",true
0x000fae56,"LAB_000fae56","Label","DEFAULT",true
0x000fae5a,"nrf_atfifo_item_get","Function","USER_DEFINED",true
0x000fae6e,"LAB_000fae6e","Label","DEFAULT",true
0x000fae70,"nrf_atfifo_item_put","Function","USER_DEFINED",true
0x000fae82,"LAB_000fae82","Label","DEFAULT",true
0x000fae86,"nrf_atomic_flag_clear","Function","USER_DEFINED",true
0x000fae8c,"nrf_atomic_u32_fetch_or","Function","USER_DEFINED",true
0x000fae92,"LAB_000fae92","Label","DEFAULT",true
0x000fae9e,"LAB_000fae9e","Label","DEFAULT",true
0x000faea8,"nrf_atomic_u32_fetch_store","Function","USER_DEFINED",true
0x000faeb2,"nrf_balloc_alloc","Function","USER_DEFINED",true
0x000faeea,"LAB_000faeea","Label","DEFAULT",true
0x000faef6,"nrf_balloc_free","Function","USER_DEFINED",true
0x000faf26,"nrf_balloc_init","Function","USER_DEFINED",true
0x000faf38,"LAB_000faf38","Label","DEFAULT",true
0x000faf3c,"LAB_000faf3c","Label","DEFAULT",true
0x000faf46,"LAB_000faf46","Label","DEFAULT",true
0x000faf56,"nrf_bootloader_app_start_final","Function","USER_DEFINED",true
0x000faf7c,"LAB_000faf7c","Label","DEFAULT",true
0x000faf90,"LAB_000faf90","Label","DEFAULT",true
0x000fafb4,"LAB_000fafb4","Label","DEFAULT",true
0x000fafd4,"DAT_000fafd4","Label","DEFAULT",true
0x000fafd8,"DAT_000fafd8","Label","DEFAULT",true
0x000fafdc,"nrf_bootloader_dfu_inactivity_timer_restart","Function","USER_DEFINED",true
0x000faffc,"LAB_000faffc","Label","DEFAULT",true
0x000fb000,"DAT_000fb000","Label","DEFAULT",true
0x000fb004,"nrf_bootloader_acl_add","Function","USER_DEFINED",true
0x000fb010,"LAB_000fb010","Label","DEFAULT",true
0x000fb014,"LAB_000fb014","Label","DEFAULT",true
0x000fb020,"LAB_000fb020","Label","DEFAULT",true
0x000fb03c,"DAT_000fb03c","Label","DEFAULT",true
0x000fb040,"DAT_000fb040","Label","DEFAULT",true
0x000fb044,"nrf_bootloader_fw_activate","Function","USER_DEFINED",true
0x000fb062,"LAB_000fb062","Label","DEFAULT",true
0x000fb068,"LAB_000fb068","Label","DEFAULT",true
0x000fb06e,"LAB_000fb06e","Label","DEFAULT",true
0x000fb074,"LAB_000fb074","Label","DEFAULT",true
0x000fb07e,"LAB_000fb07e","Label","DEFAULT",true
0x000fb080,"LAB_000fb080","Label","DEFAULT",true
0x000fb096,"LAB_000fb096","Label","DEFAULT",true
0x000fb098,"LAB_000fb098","Label","DEFAULT",true
0x000fb0ac,"DAT_000fb0ac","Label","DEFAULT",true
0x000fb0b0,"DAT_000fb0b0","Label","DEFAULT",true
0x000fb0b4,"DAT_000fb0b4","Label","DEFAULT",true
0x000fb0b8,"nrf_bootloader_init","Function","USER_DEFINED",true
0x000fb0da,"LAB_000fb0da","Label","DEFAULT",true
0x000fb0e0,"LAB_000fb0e0","Label","DEFAULT",true
0x000fb0f4,"LAB_000fb0f4","Label","DEFAULT",true
0x000fb102,"LAB_000fb102","Label","DEFAULT",true
0x000fb108,"LAB_000fb108","Label","DEFAULT",true
0x000fb10a,"LAB_000fb10a","Label","DEFAULT",true
0x000fb112,"LAB_000fb112","Label","DEFAULT",true
0x000fb128,"LAB_000fb128","Label","DEFAULT",true
0x000fb134,"LAB_000fb134","Label","DEFAULT",true
0x000fb13a,"LAB_000fb13a","Label","DEFAULT",true
0x000fb13e,"LAB_000fb13e","Label","DEFAULT",true
0x000fb150,"DAT_000fb150","Label","DEFAULT",true
0x000fb154,"DAT_000fb154","Label","DEFAULT",true
0x000fb158,"DAT_000fb158","Label","DEFAULT",true
0x000fb15c,"DAT_000fb15c","Label","DEFAULT",true
0x000fb160,"DAT_000fb160","Label","DEFAULT",true
0x000fb164,"DAT_000fb164","Label","DEFAULT",true
0x000fb168,"nrf_bootloader_mbr_addrs_populate","Function","USER_DEFINED",true
0x000fb17a,"LAB_000fb17a","Label","DEFAULT",true
0x000fb190,"LAB_000fb190","Label","DEFAULT",true
0x000fb194,"DAT_000fb194","Label","DEFAULT",true
0x000fb198,"nrf_bootloader_wdt_feed","Function","USER_DEFINED",true
0x000fb1aa,"LAB_000fb1aa","Label","DEFAULT",true
0x000fb1ac,"nrf_bootloader_wdt_feed_timer_start","Function","USER_DEFINED",true
0x000fb1bc,"DAT_000fb1bc","Label","DEFAULT",true
0x000fb1c0,"nrf_bootloader_wdt_init","Function","USER_DEFINED",true
0x000fb1e0,"LAB_000fb1e0","Label","DEFAULT",true
0x000fb1f8,"LAB_000fb1f8","Label","DEFAULT",true
0x000fb1fa,"LAB_000fb1fa","Label","DEFAULT",true
0x000fb1fc,"DAT_000fb1fc","Label","DEFAULT",true
0x000fb200,"DAT_000fb200","Label","DEFAULT",true
0x000fb204,"DAT_000fb204","Label","DEFAULT",true
0x000fb208,"nrf_crypto_backend_secp256r1_public_key_from_raw","Function","USER_DEFINED",true
0x000fb228,"nrf_crypto_backend_secp256r1_verify","Function","USER_DEFINED",true
0x000fb250,"LAB_000fb250","Label","DEFAULT",true
0x000fb254,"LAB_000fb254","Label","DEFAULT",true
0x000fb286,"LAB_000fb286","Label","DEFAULT",true
0x000fb28c,"DAT_000fb28c","Label","DEFAULT",true
0x000fb290,"DAT_000fb290","Label","DEFAULT",true
0x000fb294,"DAT_000fb294","Label","DEFAULT",true
0x000fb298,"nrf_crypto_ecc_public_key_from_raw","Function","USER_DEFINED",true
0x000fb2c6,"LAB_000fb2c6","Label","DEFAULT",true
0x000fb2c8,"DAT_000fb2c8","Label","DEFAULT",true
0x000fb2cc,"nrf_crypto_ecdsa_verify","Function","USER_DEFINED",true
0x000fb30c,"LAB_000fb30c","Label","DEFAULT",true
0x000fb310,"LAB_000fb310","Label","DEFAULT",true
0x000fb316,"LAB_000fb316","Label","DEFAULT",true
0x000fb31c,"DAT_000fb31c","Label","DEFAULT",true
0x000fb320,"nrf_crypto_hash_finalize","Function","USER_DEFINED",true
0x000fb352,"LAB_000fb352","Label","DEFAULT",true
0x000fb356,"LAB_000fb356","Label","DEFAULT",true
0x000fb376,"LAB_000fb376","Label","DEFAULT",true
0x000fb378,"LAB_000fb378","Label","DEFAULT",true
0x000fb37e,"LAB_000fb37e","Label","DEFAULT",true
0x000fb38c,"nrf_crypto_hash_init","Function","USER_DEFINED",true
0x000fb3a4,"LAB_000fb3a4","Label","DEFAULT",true
0x000fb3a6,"LAB_000fb3a6","Label","DEFAULT",true
0x000fb3ac,"LAB_000fb3ac","Label","DEFAULT",true
0x000fb3b4,"DAT_000fb3b4","Label","DEFAULT",true
0x000fb3b8,"nrf_crypto_hash_update","Function","USER_DEFINED",true
0x000fb3dc,"LAB_000fb3dc","Label","DEFAULT",true
0x000fb3e0,"LAB_000fb3e0","Label","DEFAULT",true
0x000fb3e2,"LAB_000fb3e2","Label","DEFAULT",true
0x000fb3e8,"nrf_crypto_init","Function","USER_DEFINED",true
0x000fb400,"LAB_000fb400","Label","DEFAULT",true
0x000fb40c,"LAB_000fb40c","Label","DEFAULT",true
0x000fb416,"LAB_000fb416","Label","DEFAULT",true
0x000fb41c,"DAT_000fb41c","Label","DEFAULT",true
0x000fb420,"DAT_000fb420","Label","DEFAULT",true
0x000fb424,"DAT_000fb424","Label","DEFAULT",true
0x000fb428,"nrf_crypto_internal_double_swap_endian","Function","USER_DEFINED",true
0x000fb442,"nrf_crypto_internal_double_swap_endian_in_place","Function","USER_DEFINED",true
0x000fb458,"nrf_crypto_internal_ecc_key_input_check","Function","USER_DEFINED",true
0x000fb466,"LAB_000fb466","Label","DEFAULT",true
0x000fb46c,"LAB_000fb46c","Label","DEFAULT",true
0x000fb470,"nrf_crypto_internal_ecc_key_output_prepare","Function","USER_DEFINED",true
0x000fb47e,"LAB_000fb47e","Label","DEFAULT",true
0x000fb484,"LAB_000fb484","Label","DEFAULT",true
0x000fb48a,"nrf_crypto_internal_ecc_raw_input_check","Function","USER_DEFINED",true
0x000fb496,"LAB_000fb496","Label","DEFAULT",true
0x000fb49c,"LAB_000fb49c","Label","DEFAULT",true
0x000fb4a0,"nrf_crypto_internal_swap_endian","Function","USER_DEFINED",true
0x000fb4a8,"LAB_000fb4a8","Label","DEFAULT",true
0x000fb4b0,"LAB_000fb4b0","Label","DEFAULT",true
0x000fb4b6,"nrf_crypto_internal_swap_endian_in_place","Function","USER_DEFINED",true
0x000fb4bc,"LAB_000fb4bc","Label","DEFAULT",true
0x000fb4c8,"LAB_000fb4c8","Label","DEFAULT",true
0x000fb4d0,"nrf_dfu_bank0_start_addr","Function","USER_DEFINED",true
0x000fb4ec,"LAB_000fb4ec","Label","DEFAULT",true
0x000fb4f4,"DAT_000fb4f4","Label","DEFAULT",true
0x000fb4f8,"nrf_dfu_bank1_start_addr","Function","USER_DEFINED",true
0x000fb514,"DAT_000fb514","Label","DEFAULT",true
0x000fb518,"nrf_dfu_bank_invalidate","Function","USER_DEFINED",true
0x000fb528,"DAT_000fb528","Label","DEFAULT",true
0x000fb52c,"nrf_dfu_cache_prepare","Function","USER_DEFINED",true
0x000fb53c,"LAB_000fb53c","Label","DEFAULT",true
0x000fb54a,"LAB_000fb54a","Label","DEFAULT",true
0x000fb558,"LAB_000fb558","Label","DEFAULT",true
0x000fb568,"LAB_000fb568","Label","DEFAULT",true
0x000fb57e,"LAB_000fb57e","Label","DEFAULT",true
0x000fb582,"LAB_000fb582","Label","DEFAULT",true
0x000fb586,"LAB_000fb586","Label","DEFAULT",true
0x000fb58c,"LAB_000fb58c","Label","DEFAULT",true
0x000fb58e,"LAB_000fb58e","Label","DEFAULT",true
0x000fb5a2,"LAB_000fb5a2","Label","DEFAULT",true
0x000fb5a6,"LAB_000fb5a6","Label","DEFAULT",true
0x000fb5aa,"LAB_000fb5aa","Label","DEFAULT",true
0x000fb5b4,"LAB_000fb5b4","Label","DEFAULT",true
0x000fb5b8,"DAT_000fb5b8","Label","DEFAULT",true
0x000fb5bc,"DAT_000fb5bc","Label","DEFAULT",true
0x000fb5c0,"DAT_000fb5c0","Label","DEFAULT",true
0x000fb5c4,"nrf_dfu_command_req","Function","USER_DEFINED",true
0x000fb5ce,"switchD_000fb5ce::switchD","Label","ANALYSIS",true
0x000fb5d2,"switchD_000fb5ce::switchdataD_000fb5d2","Label","ANALYSIS",true
0x000fb5dc,"switchD_000fb5ce::caseD_1","Label","ANALYSIS",true
0x000fb5f2,"switchD_000fb5ce::caseD_0","Label","ANALYSIS",true
0x000fb5f2,"switchD_000fb5ce::caseD_2","Label","ANALYSIS",false
0x000fb5f2,"switchD_000fb5ce::caseD_5","Label","ANALYSIS",false
0x000fb5f2,"switchD_000fb5ce::caseD_7","Label","ANALYSIS",false
0x000fb5f4,"switchD_000fb5ce::caseD_3","Label","ANALYSIS",true
0x000fb5f8,"switchD_000fb5ce::caseD_8","Label","ANALYSIS",true
0x000fb61c,"switchD_000fb5ce::caseD_4","Label","ANALYSIS",true
0x000fb642,"switchD_000fb5ce::caseD_6","Label","ANALYSIS",true
0x000fb64a,"LAB_000fb64a","Label","DEFAULT",true
0x000fb654,"DAT_000fb654","Label","DEFAULT",true
0x000fb658,"nrf_dfu_data_req","Function","USER_DEFINED",true
0x000fb666,"switchD_000fb666::switchD","Label","ANALYSIS",true
0x000fb66a,"switchD_000fb666::switchdataD_000fb66a","Label","ANALYSIS",true
0x000fb674,"switchD_000fb666::caseD_1","Label","ANALYSIS",true
0x000fb67a,"switchD_000fb666::caseD_8","Label","ANALYSIS",true
0x000fb680,"switchD_000fb666::caseD_3","Label","ANALYSIS",true
0x000fb688,"switchD_000fb666::caseD_4","Label","ANALYSIS",true
0x000fb69c,"LAB_000fb69c","Label","DEFAULT",true
0x000fb6b4,"switchD_000fb666::caseD_6","Label","ANALYSIS",true
0x000fb6c0,"switchD_000fb666::caseD_0","Label","ANALYSIS",true
0x000fb6c0,"switchD_000fb666::caseD_2","Label","ANALYSIS",false
0x000fb6c0,"switchD_000fb666::caseD_5","Label","ANALYSIS",false
0x000fb6c0,"switchD_000fb666::caseD_7","Label","ANALYSIS",false
0x000fb6c4,"DAT_000fb6c4","Label","DEFAULT",true
0x000fb6c8,"DAT_000fb6c8","Label","DEFAULT",true
0x000fb6cc,"nrf_dfu_flash_erase","Function","USER_DEFINED",true
0x000fb6d8,"DAT_000fb6d8","Label","DEFAULT",true
0x000fb6dc,"nrf_dfu_flash_init","Function","USER_DEFINED",true
0x000fb6e2,"LAB_000fb6e2","Label","DEFAULT",true
0x000fb6e4,"LAB_000fb6e4","Label","DEFAULT",true
0x000fb6ec,"DAT_000fb6ec","Label","DEFAULT",true
0x000fb6f0,"DAT_000fb6f0","Label","DEFAULT",true
0x000fb6f4,"DAT_000fb6f4","Label","DEFAULT",true
0x000fb6f8,"nrf_dfu_flash_store","Function","USER_DEFINED",true
0x000fb70c,"DAT_000fb70c","Label","DEFAULT",true
0x000fb710,"nrf_dfu_init","Function","USER_DEFINED",true
0x000fb730,"LAB_000fb730","Label","DEFAULT",true
0x000fb734,"DAT_000fb734","Label","DEFAULT",true
0x000fb738,"DAT_000fb738","Label","DEFAULT",true
0x000fb73c,"nrf_dfu_init_user","Function","USER_DEFINED",true
0x000fb740,"nrf_dfu_mbr_copy_bl","Function","USER_DEFINED",true
0x000fb758,"nrf_dfu_mbr_init_sd","Function","USER_DEFINED",true
0x000fb76c,"DAT_000fb76c","Label","DEFAULT",true
0x000fb770,"nrf_dfu_mbr_irq_forward_address_set","Function","USER_DEFINED",true
0x000fb77c,"LAB_000fb77c","Label","DEFAULT",true
0x000fb7a4,"LAB_000fb7a4","Label","DEFAULT",true
0x000fb7a6,"LAB_000fb7a6","Label","DEFAULT",true
0x000fb7aa,"LAB_000fb7aa","Label","DEFAULT",true
0x000fb7bc,"DAT_000fb7bc","Label","DEFAULT",true
0x000fb7c0,"nrf_dfu_req_handler_on_req","Function","USER_DEFINED",true
0x000fb7cc,"LAB_000fb7cc","Label","DEFAULT",true
0x000fb7d0,"DAT_000fb7d0","Label","DEFAULT",true
0x000fb7d5,"DAT_000fb7d5","Label","DEFAULT",true
0x000fb7d8,"nrf_dfu_req_handler_req_process","Function","USER_DEFINED",true
0x000fb7f6,"switchD_000fb7f6::switchD","Label","ANALYSIS",true
0x000fb7fa,"switchD_000fb7f6::switchdataD_000fb7fa","Label","ANALYSIS",true
0x000fb808,"switchD_000fb7f6::caseD_c","Label","ANALYSIS",true
0x000fb810,"switchD_000fb7f6::caseD_1","Label","ANALYSIS",true
0x000fb810,"switchD_000fb7f6::caseD_3","Label","ANALYSIS",false
0x000fb810,"switchD_000fb7f6::caseD_4","Label","ANALYSIS",false
0x000fb810,"switchD_000fb7f6::caseD_6","Label","ANALYSIS",false
0x000fb810,"switchD_000fb7f6::caseD_8","Label","ANALYSIS",false
0x000fb81c,"LAB_000fb81c","Label","DEFAULT",true
0x000fb820,"LAB_000fb820","Label","DEFAULT",true
0x000fb832,"LAB_000fb832","Label","DEFAULT",true
0x000fb838,"LAB_000fb838","Label","DEFAULT",true
0x000fb83e,"LAB_000fb83e","Label","DEFAULT",true
0x000fb842,"switchD_000fb7f6::caseD_0","Label","ANALYSIS",true
0x000fb842,"switchD_000fb7f6::caseD_5","Label","ANALYSIS",false
0x000fb842,"switchD_000fb7f6::caseD_7","Label","ANALYSIS",false
0x000fb842,"switchD_000fb7f6::caseD_9","Label","ANALYSIS",false
0x000fb842,"switchD_000fb7f6::caseD_a","Label","ANALYSIS",false
0x000fb842,"switchD_000fb7f6::caseD_b","Label","ANALYSIS",false
0x000fb844,"LAB_000fb844","Label","DEFAULT",true
0x000fb848,"switchD_000fb7f6::caseD_2","Label","ANALYSIS",true
0x000fb860,"DAT_000fb860","Label","DEFAULT",true
0x000fb864,"DAT_000fb864","Label","DEFAULT",true
0x000fb868,"nrf_dfu_set_adv_name_handler","Function","USER_DEFINED",true
0x000fb87a,"LAB_000fb87a","Label","DEFAULT",true
0x000fb880,"DAT_000fb880","Label","DEFAULT",true
0x000fb884,"DAT_000fb884","Label","DEFAULT",true
0x000fb889,"LAB_000fb888+1","Label","DEFAULT",true
0x000fb89a,"switchD_000fb89a::switchD","Label","ANALYSIS",true
0x000fb89e,"switchD_000fb89a::switchdataD_000fb89e","Label","ANALYSIS",true
0x000fb8a4,"LAB_000fb8a4","Label","DEFAULT",true
0x000fb8a6,"switchD_000fb89a::default","Label","ANALYSIS",true
0x000fb8a8,"switchD_000fb89a::caseD_1","Label","ANALYSIS",true
0x000fb8b8,"switchD_000fb89a::caseD_2","Label","ANALYSIS",true
0x000fb8bc,"switchD_000fb89a::caseD_0","Label","ANALYSIS",true
0x000fb8bc,"switchD_000fb89a::caseD_3","Label","ANALYSIS",false
0x000fb8bc,"switchD_000fb89a::caseD_4","Label","ANALYSIS",false
0x000fb8c1,"LAB_000fb8c0+1","Label","DEFAULT",true
0x000fb8d6,"LAB_000fb8d6","Label","DEFAULT",true
0x000fb8d8,"LAB_000fb8d8","Label","DEFAULT",true
0x000fb8dc,"LAB_000fb8dc","Label","DEFAULT",true
0x000fb8e4,"nrf_dfu_settings_additional_erase","Function","USER_DEFINED",true
0x000fb8fa,"LAB_000fb8fa","Label","DEFAULT",true
0x000fb90e,"LAB_000fb90e","Label","DEFAULT",true
0x000fb914,"DAT_000fb914","Label","DEFAULT",true
0x000fb918,"nrf_dfu_settings_adv_name_copy","Function","USER_DEFINED",true
0x000fb928,"LAB_000fb928","Label","DEFAULT",true
0x000fb92c,"DAT_000fb92c","Label","DEFAULT",true
0x000fb930,"bootloader_adv_name_record_valid","Function","USER_DEFINED",true
0x000fb948,"LAB_000fb948","Label","DEFAULT",true
0x000fb94c,"DAT_000fb94c","Label","DEFAULT",true
0x000fb950,"nrf_dfu_settings_adv_name_write","Function","USER_DEFINED",true
0x000fb968,"LAB_000fb968","Label","DEFAULT",true
0x000fb96c,"LAB_000fb96c","Label","DEFAULT",true
0x000fb984,"DAT_000fb984","Label","DEFAULT",true
0x000fb988,"nrf_dfu_settings_backup","Function","USER_DEFINED",true
0x000fb990,"DAT_000fb990","Label","DEFAULT",true
0x000fb994,"nrf_dfu_settings_init","Function","USER_DEFINED",true
0x000fb9aa,"LAB_000fb9aa","Label","DEFAULT",true
0x000fb9ac,"LAB_000fb9ac","Label","DEFAULT",true
0x000fb9b0,"nrf_dfu_settings_progress_reset","Function","USER_DEFINED",true
0x000fb9d4,"DAT_000fb9d4","Label","DEFAULT",true
0x000fb9d8,"nrf_dfu_settings_reinit","Function","USER_DEFINED",true
0x000fba0c,"LAB_000fba0c","Label","DEFAULT",true
0x000fba10,"LAB_000fba10","Label","DEFAULT",true
0x000fba12,"LAB_000fba12","Label","DEFAULT",true
0x000fba46,"LAB_000fba46","Label","DEFAULT",true
0x000fba4e,"LAB_000fba4e","Label","DEFAULT",true
0x000fba52,"LAB_000fba52","Label","DEFAULT",true
0x000fba86,"LAB_000fba86","Label","DEFAULT",true
0x000fba8a,"LAB_000fba8a","Label","DEFAULT",true
0x000fba8e,"LAB_000fba8e","Label","DEFAULT",true
0x000fba98,"DAT_000fba98","Label","DEFAULT",true
0x000fba9c,"DAT_000fba9c","Label","DEFAULT",true
0x000fbaa0,"DAT_000fbaa0","Label","DEFAULT",true
0x000fbaa4,"DAT_000fbaa4","Label","DEFAULT",true
0x000fbaa8,"DAT_000fbaa8","Label","DEFAULT",true
0x000fbaac,"nrf_dfu_settings_write","Function","USER_DEFINED",true
0x000fbad8,"DAT_000fbad8","Label","DEFAULT",true
0x000fbadc,"DAT_000fbadc","Label","DEFAULT",true
0x000fbae0,"nrf_dfu_settings_write_and_backup","Function","USER_DEFINED",true
0x000fbaf6,"LAB_000fbaf6","Label","DEFAULT",true
0x000fbafc,"DAT_000fbafc","Label","DEFAULT",true
0x000fbb00,"nrf_dfu_softdevice_start_address","Function","USER_DEFINED",true
0x000fbb08,"nrf_dfu_transports_close","Function","USER_DEFINED",true
0x000fbb1c,"LAB_000fbb1c","Label","DEFAULT",true
0x000fbb2c,"LAB_000fbb2c","Label","DEFAULT",true
0x000fbb30,"LAB_000fbb30","Label","DEFAULT",true
0x000fbb34,"DAT_000fbb34","Label","DEFAULT",true
0x000fbb38,"DAT_000fbb38","Label","DEFAULT",true
0x000fbb3c,"nrf_dfu_transports_init","Function","USER_DEFINED",true
0x000fbb50,"LAB_000fbb50","Label","DEFAULT",true
0x000fbb5e,"LAB_000fbb5e","Label","DEFAULT",true
0x000fbb62,"LAB_000fbb62","Label","DEFAULT",true
0x000fbb68,"DAT_000fbb68","Label","DEFAULT",true
0x000fbb6c,"DAT_000fbb6c","Label","DEFAULT",true
0x000fbb70,"nrf_dfu_validation_postvalidate","Function","USER_DEFINED",true
0x000fbb76,"nrf_dfu_validation_boot_validate","Function","USER_DEFINED",true
0x000fbb8e,"LAB_000fbb8e","Label","DEFAULT",true
0x000fbb9c,"LAB_000fbb9c","Label","DEFAULT",true
0x000fbb9e,"LAB_000fbb9e","Label","DEFAULT",true
0x000fbba0,"LAB_000fbba0","Label","DEFAULT",true
0x000fbbb0,"LAB_000fbbb0","Label","DEFAULT",true
0x000fbbc0,"LAB_000fbbc0","Label","DEFAULT",true
0x000fbbc4,"LAB_000fbbc4","Label","DEFAULT",true
0x000fbbf2,"LAB_000fbbf2","Label","DEFAULT",true
0x000fbc14,"LAB_000fbc14","Label","DEFAULT",true
0x000fbc16,"LAB_000fbc16","Label","DEFAULT",true
0x000fbc20,"DAT_000fbc20","Label","DEFAULT",true
0x000fbc24,"DAT_000fbc24","Label","DEFAULT",true
0x000fbc28,"nrf_dfu_validation_init","Function","USER_DEFINED",true
0x000fbc3c,"LAB_000fbc3c","Label","DEFAULT",true
0x000fbc3e,"LAB_000fbc3e","Label","DEFAULT",true
0x000fbc44,"DAT_000fbc44","Label","DEFAULT",true
0x000fbc48,"DAT_000fbc48","Label","DEFAULT",true
0x000fbc4c,"nrf_dfu_validation_init_cmd_append","Function","USER_DEFINED",true
0x000fbc66,"LAB_000fbc66","Label","DEFAULT",true
0x000fbc88,"LAB_000fbc88","Label","DEFAULT",true
0x000fbc90,"DAT_000fbc90","Label","DEFAULT",true
0x000fbc94,"nrf_dfu_validation_init_cmd_create","Function","USER_DEFINED",true
0x000fbca8,"LAB_000fbca8","Label","DEFAULT",true
0x000fbcac,"LAB_000fbcac","Label","DEFAULT",true
0x000fbcba,"LAB_000fbcba","Label","DEFAULT",true
0x000fbcc0,"DAT_000fbcc0","Label","DEFAULT",true
0x000fbcc4,"DAT_000fbcc4","Label","DEFAULT",true
0x000fbcc8,"nrf_dfu_validation_init_cmd_execute","Function","USER_DEFINED",true
0x000fbcde,"LAB_000fbcde","Label","DEFAULT",true
0x000fbcf6,"LAB_000fbcf6","Label","DEFAULT",true
0x000fbd2e,"LAB_000fbd2e","Label","DEFAULT",true
0x000fbd30,"LAB_000fbd30","Label","DEFAULT",true
0x000fbd3a,"LAB_000fbd3a","Label","DEFAULT",true
0x000fbd40,"LAB_000fbd40","Label","DEFAULT",true
0x000fbd4a,"LAB_000fbd4a","Label","DEFAULT",true
0x000fbd4c,"LAB_000fbd4c","Label","DEFAULT",true
0x000fbd54,"DAT_000fbd54","Label","DEFAULT",true
0x000fbd58,"DAT_000fbd58","Label","DEFAULT",true
0x000fbd5c,"nrf_dfu_validation_init_cmd_present","Function","USER_DEFINED",true
0x000fbd64,"DAT_000fbd64","Label","DEFAULT",true
0x000fbd68,"nrf_dfu_validation_prevalidate","Function","USER_DEFINED",true
0x000fbd8a,"LAB_000fbd8a","Label","DEFAULT",true
0x000fbda4,"LAB_000fbda4","Label","DEFAULT",true
0x000fbda8,"DAT_000fbda8","Label","DEFAULT",true
0x000fbdac,"DAT_000fbdac","Label","DEFAULT",true
0x000fbdb0,"nrf_dfu_validation_signature_check","Function","USER_DEFINED",true
0x000fbde0,"LAB_000fbde0","Label","DEFAULT",true
0x000fbde6,"LAB_000fbde6","Label","DEFAULT",true
0x000fbdea,"LAB_000fbdea","Label","DEFAULT",true
0x000fbe04,"LAB_000fbe04","Label","DEFAULT",true
0x000fbe08,"LAB_000fbe08","Label","DEFAULT",true
0x000fbe3c,"LAB_000fbe3c","Label","DEFAULT",true
0x000fbe40,"DAT_000fbe40","Label","DEFAULT",true
0x000fbe44,"DAT_000fbe44","Label","DEFAULT",true
0x000fbe48,"nrf_dfu_ver_validation_check","Function","USER_DEFINED",true
0x000fbe66,"LAB_000fbe66","Label","DEFAULT",true
0x000fbe72,"LAB_000fbe72","Label","DEFAULT",true
0x000fbe7e,"LAB_000fbe7e","Label","DEFAULT",true
0x000fbe8c,"LAB_000fbe8c","Label","DEFAULT",true
0x000fbeac,"LAB_000fbeac","Label","DEFAULT",true
0x000fbeb0,"LAB_000fbeb0","Label","DEFAULT",true
0x000fbeb4,"LAB_000fbeb4","Label","DEFAULT",true
0x000fbeb6,"LAB_000fbeb6","Label","DEFAULT",true
0x000fbec0,"LAB_000fbec0","Label","DEFAULT",true
0x000fbec8,"LAB_000fbec8","Label","DEFAULT",true
0x000fbeca,"LAB_000fbeca","Label","DEFAULT",true
0x000fbed0,"DAT_000fbed0","Label","DEFAULT",true
0x000fbed4,"nrf_fstorage_erase","Function","USER_DEFINED",true
0x000fbf00,"nrf_fstorage_init","Function","USER_DEFINED",true
0x000fbf08,"nrf_fstorage_is_busy","Function","USER_DEFINED",true
0x000fbf1a,"LAB_000fbf1a","Label","DEFAULT",true
0x000fbf28,"LAB_000fbf28","Label","DEFAULT",true
0x000fbf3c,"LAB_000fbf3c","Label","DEFAULT",true
0x000fbf40,"LAB_000fbf40","Label","DEFAULT",true
0x000fbf42,"LAB_000fbf42","Label","DEFAULT",true
0x000fbf50,"DAT_000fbf50","Label","DEFAULT",true
0x000fbf54,"DAT_000fbf54","Label","DEFAULT",true
0x000fbf90,"nrf_fstorage_sys_evt_handler","Function","USER_DEFINED",true
0x000fbf9c,"LAB_000fbf9c","Label","DEFAULT",true
0x000fbfbc,"LAB_000fbfbc","Label","DEFAULT",true
0x000fbfc8,"LAB_000fbfc8","Label","DEFAULT",true
0x000fbfd4,"LAB_000fbfd4","Label","DEFAULT",true
0x000fbfe0,"LAB_000fbfe0","Label","DEFAULT",true
0x000fbff0,"LAB_000fbff0","Label","DEFAULT",true
0x000fbffc,"LAB_000fbffc","Label","DEFAULT",true
0x000fc004,"LAB_000fc004","Label","DEFAULT",true
0x000fc00c,"LAB_000fc00c","Label","DEFAULT",true
0x000fc018,"LAB_000fc018","Label","DEFAULT",true
0x000fc01c,"LAB_000fc01c","Label","DEFAULT",true
0x000fc024,"LAB_000fc024","Label","DEFAULT",true
0x000fc028,"DAT_000fc028","Label","DEFAULT",true
0x000fc02c,"DAT_000fc02c","Label","DEFAULT",true
0x000fc030,"nrf_fstorage_write","Function","USER_DEFINED",true
0x000fc070,"nrf_nvmc_page_erase","Function","USER_DEFINED",true
0x000fc084,"LAB_000fc084","Label","DEFAULT",true
0x000fc098,"DAT_000fc098","Label","DEFAULT",true
0x000fc09c,"DAT_000fc09c","Label","DEFAULT",true
0x000fc0a0,"nrf_nvmc_write_word","Function","USER_DEFINED",true
0x000fc0b2,"LAB_000fc0b2","Label","DEFAULT",true
0x000fc0c8,"DAT_000fc0c8","Label","DEFAULT",true
0x000fc0cc,"DAT_000fc0cc","Label","DEFAULT",true
0x000fc0d0,"nrf_nvmc_write_words","Function","USER_DEFINED",true
0x000fc0e8,"LAB_000fc0e8","Label","DEFAULT",true
0x000fc0f0,"LAB_000fc0f0","Label","DEFAULT",true
0x000fc0f8,"LAB_000fc0f8","Label","DEFAULT",true
0x000fc10c,"DAT_000fc10c","Label","DEFAULT",true
0x000fc110,"DAT_000fc110","Label","DEFAULT",true
0x000fc114,"nrf_rtc_event_clear","Function","USER_DEFINED",true
0x000fc120,"nrf_sdh_ble_app_ram_start_get","Function","USER_DEFINED",true
0x000fc12c,"LAB_000fc12c","Label","DEFAULT",true
0x000fc130,"DAT_000fc130","Label","DEFAULT",true
0x000fc134,"nrf_sdh_ble_default_cfg_set","Function","USER_DEFINED",true
0x000fc1ce,"LAB_000fc1ce","Label","DEFAULT",true
0x000fc1d0,"nrf_sdh_ble_enable","Function","USER_DEFINED",true
0x000fc1dc,"LAB_000fc1dc","Label","DEFAULT",true
0x000fc1e0,"DAT_000fc1e0","Label","DEFAULT",true
0x000fc1e4,"nrf_sdh_soc_evts_poll","Function","USER_DEFINED",true
0x000fc1f8,"LAB_000fc1f8","Label","DEFAULT",true
0x000fc214,"LAB_000fc214","Label","DEFAULT",true
0x000fc220,"LAB_000fc220","Label","DEFAULT",true
0x000fc22e,"LAB_000fc22e","Label","DEFAULT",true
0x000fc236,"LAB_000fc236","Label","DEFAULT",true
0x000fc23c,"DAT_000fc23c","Label","DEFAULT",true
0x000fc240,"DAT_000fc240","Label","DEFAULT",true
0x000fc244,"nrf_sdh_disable_request","Function","USER_DEFINED",true
0x000fc27e,"LAB_000fc27e","Label","DEFAULT",true
0x000fc282,"LAB_000fc282","Label","DEFAULT",true
0x000fc286,"LAB_000fc286","Label","DEFAULT",true
0x000fc294,"DAT_000fc294","Label","DEFAULT",true
0x000fc298,"nrf_sdh_enable_request","Function","USER_DEFINED",true
0x000fc2a4,"LAB_000fc2a4","Label","DEFAULT",true
0x000fc2d6,"LAB_000fc2d6","Label","DEFAULT",true
0x000fc2e6,"LAB_000fc2e6","Label","DEFAULT",true
0x000fc2ea,"LAB_000fc2ea","Label","DEFAULT",true
0x000fc2ee,"LAB_000fc2ee","Label","DEFAULT",true
0x000fc300,"DAT_000fc300","Label","DEFAULT",true
0x000fc304,"DAT_000fc304","Label","DEFAULT",true
0x000fc308,"DAT_000fc308","Label","DEFAULT",true
0x000fc30c,"SWI2_EGU2_IRQHandler","Function","USER_DEFINED",true
0x000fc318,"LAB_000fc318","Label","DEFAULT",true
0x000fc324,"LAB_000fc324","Label","DEFAULT",true
0x000fc32c,"DAT_000fc32c","Label","DEFAULT",true
0x000fc330,"nrf_sdh_is_enabled","Function","USER_DEFINED",true
0x000fc338,"DAT_000fc338","Label","DEFAULT",true
0x000fc33c,"nrf_sdh_request_continue","Function","USER_DEFINED",true
0x000fc34a,"LAB_000fc34a","Label","DEFAULT",true
0x000fc34e,"LAB_000fc34e","Label","DEFAULT",true
0x000fc354,"DAT_000fc354","Label","DEFAULT",true
0x000fc394,"nrf_section_iter_init","Function","USER_DEFINED",true
0x000fc39e,"LAB_000fc39e","Label","DEFAULT",true
0x000fc3a4,"LAB_000fc3a4","Label","DEFAULT",true
0x000fc3ae,"LAB_000fc3ae","Label","DEFAULT",true
0x000fc3b8,"LAB_000fc3b8","Label","DEFAULT",true
0x000fc3bc,"LAB_000fc3bc","Label","DEFAULT",true
0x000fc3c2,"nrf_section_iter_next","Function","USER_DEFINED",true
0x000fc3e0,"LAB_000fc3e0","Label","DEFAULT",true
0x000fc3e4,"nrf_svc_handler_c","Function","USER_DEFINED",true
0x000fc404,"LAB_000fc404","Label","DEFAULT",true
0x000fc408,"LAB_000fc408","Label","DEFAULT",true
0x000fc420,"LAB_000fc420","Label","DEFAULT",true
0x000fc42a,"LAB_000fc42a","Label","DEFAULT",true
0x000fc42c,"LAB_000fc42c","Label","DEFAULT",true
0x000fc432,"LAB_000fc432","Label","DEFAULT",true
0x000fc438,"DAT_000fc438","Label","DEFAULT",true
0x000fc43c,"DAT_000fc43c","Label","DEFAULT",true
0x000fc440,"nrf_wdt_started","Function","USER_DEFINED",true
0x000fc44a,"LAB_000fc44a","Label","DEFAULT",true
0x000fc44c,"DAT_000fc44c","Label","DEFAULT",true
0x000fc450,"nvmc_wait","Function","USER_DEFINED",true
0x000fc456,"LAB_000fc456","Label","DEFAULT",true
0x000fc460,"DAT_000fc460","Label","DEFAULT",true
0x000fc464,"DAT_000fc464","Label","DEFAULT",true
0x000fc468,"on_ctrl_pt_write","Function","USER_DEFINED",true
0x000fc496,"LAB_000fc496","Label","DEFAULT",true
0x000fc4bc,"LAB_000fc4bc","Label","DEFAULT",true
0x000fc4c4,"LAB_000fc4c4","Label","DEFAULT",true
0x000fc4d0,"DAT_000fc4d0","Label","DEFAULT",true
0x000fc4d4,"DAT_000fc4d4","Label","DEFAULT",true
0x000fc4d8,"DAT_000fc4d8","Label","DEFAULT",true
0x000fc4dc,"nrf_dfu_data_object_create","Function","USER_DEFINED",true
0x000fc506,"LAB_000fc506","Label","DEFAULT",true
0x000fc510,"LAB_000fc510","Label","DEFAULT",true
0x000fc51c,"LAB_000fc51c","Label","DEFAULT",true
0x000fc51e,"LAB_000fc51e","Label","DEFAULT",true
0x000fc522,"LAB_000fc522","Label","DEFAULT",true
0x000fc544,"LAB_000fc544","Label","DEFAULT",true
0x000fc548,"DAT_000fc548","Label","DEFAULT",true
0x000fc54c,"DAT_000fc54c","Label","DEFAULT",true
0x000fc550,"on_data_obj_execute_request_sched","Function","USER_DEFINED",true
0x000fc551,"on_data_obj_execute_request_sched+1","Label","DEFAULT",true
0x000fc568,"LAB_000fc568","Label","DEFAULT",true
0x000fc56c,"LAB_000fc56c","Label","DEFAULT",true
0x000fc5a4,"LAB_000fc5a4","Label","DEFAULT",true
0x000fc5b4,"DAT_000fc5b4","Label","DEFAULT",true
0x000fc5b8,"DAT_000fc5b8","Label","DEFAULT",true
0x000fc5bc,"DAT_000fc5bc","Label","DEFAULT",true
0x000fc5c0,"DAT_000fc5c0","Label","DEFAULT",true
0x000fc5c4,"DAT_000fc5c4","Label","DEFAULT",true
0x000fc5c8,"nrf_dfu_data_object_write","Function","USER_DEFINED",true
0x000fc5ea,"LAB_000fc5ea","Label","DEFAULT",true
0x000fc5ec,"LAB_000fc5ec","Label","DEFAULT",true
0x000fc5f0,"LAB_000fc5f0","Label","DEFAULT",true
0x000fc5f4,"LAB_000fc5f4","Label","DEFAULT",true
0x000fc620,"LAB_000fc620","Label","DEFAULT",true
0x000fc640,"DAT_000fc640","Label","DEFAULT",true
0x000fc644,"DAT_000fc644","Label","DEFAULT",true
0x000fc649,"LAB_000fc648+1","Label","DEFAULT",true
0x000fc650,"DAT_000fc650","Label","DEFAULT",true
0x000fc654,"app_error_fault_handler","Function","USER_DEFINED",true
0x000fc65e,"LAB_000fc65e","Label","DEFAULT",true
0x000fc676,"LAB_000fc676","Label","DEFAULT",true
0x000fc67c,"DAT_000fc67c","Label","DEFAULT",true
0x000fc680,"DAT_000fc680","Label","DEFAULT",true
0x000fc684,"on_flash_write","Function","USER_DEFINED",true
0x000fc685,"on_flash_write+1","Label","DEFAULT",true
0x000fc68c,"DAT_000fc68c","Label","DEFAULT",true
0x000fc690,"on_rw_authorize_req","Function","USER_DEFINED",true
0x000fc6e8,"LAB_000fc6e8","Label","DEFAULT",true
0x000fc6f8,"LAB_000fc6f8","Label","DEFAULT",true
0x000fc706,"LAB_000fc706","Label","DEFAULT",true
0x000fc708,"LAB_000fc708","Label","DEFAULT",true
0x000fc70c,"LAB_000fc70c","Label","DEFAULT",true
0x000fc710,"DAT_000fc710","Label","DEFAULT",true
0x000fc714,"DAT_000fc714","Label","DEFAULT",true
0x000fc718,"pb_dec_bytes","Function","USER_DEFINED",true
0x000fc719,"pb_dec_bytes+1","Label","DEFAULT",true
0x000fc748,"LAB_000fc748","Label","DEFAULT",true
0x000fc74a,"LAB_000fc74a","Label","DEFAULT",true
0x000fc74c,"LAB_000fc74c","Label","DEFAULT",true
0x000fc75a,"pb_dec_fixed32","Function","USER_DEFINED",true
0x000fc75b,"pb_dec_fixed32+1","Label","DEFAULT",true
0x000fc760,"pb_dec_fixed64","Function","USER_DEFINED",true
0x000fc761,"pb_dec_fixed64+1","Label","DEFAULT",true
0x000fc766,"pb_dec_string","Function","USER_DEFINED",true
0x000fc767,"pb_dec_string+1","Label","DEFAULT",true
0x000fc790,"LAB_000fc790","Label","DEFAULT",true
0x000fc792,"LAB_000fc792","Label","DEFAULT",true
0x000fc794,"LAB_000fc794","Label","DEFAULT",true
0x000fc7a4,"pb_dec_submessage","Function","USER_DEFINED",true
0x000fc7a5,"pb_dec_submessage+1","Label","DEFAULT",true
0x000fc7d4,"LAB_000fc7d4","Label","DEFAULT",true
0x000fc7d8,"LAB_000fc7d8","Label","DEFAULT",true
0x000fc7de,"LAB_000fc7de","Label","DEFAULT",true
0x000fc7e4,"pb_dec_svarint","Function","USER_DEFINED",true
0x000fc7e5,"pb_dec_svarint+1","Label","DEFAULT",true
0x000fc808,"LAB_000fc808","Label","DEFAULT",true
0x000fc812,"LAB_000fc812","Label","DEFAULT",true
0x000fc818,"LAB_000fc818","Label","DEFAULT",true
0x000fc820,"LAB_000fc820","Label","DEFAULT",true
0x000fc826,"LAB_000fc826","Label","DEFAULT",true
0x000fc828,"LAB_000fc828","Label","DEFAULT",true
0x000fc834,"LAB_000fc834","Label","DEFAULT",true
0x000fc836,"LAB_000fc836","Label","DEFAULT",true
0x000fc838,"LAB_000fc838","Label","DEFAULT",true
0x000fc83c,"pb_dec_uvarint","Function","USER_DEFINED",true
0x000fc83d,"pb_dec_uvarint+1","Label","DEFAULT",true
0x000fc862,"LAB_000fc862","Label","DEFAULT",true
0x000fc86c,"LAB_000fc86c","Label","DEFAULT",true
0x000fc872,"LAB_000fc872","Label","DEFAULT",true
0x000fc87a,"LAB_000fc87a","Label","DEFAULT",true
0x000fc880,"LAB_000fc880","Label","DEFAULT",true
0x000fc88c,"LAB_000fc88c","Label","DEFAULT",true
0x000fc88e,"LAB_000fc88e","Label","DEFAULT",true
0x000fc890,"LAB_000fc890","Label","DEFAULT",true
0x000fc894,"pb_dec_varint","Function","USER_DEFINED",true
0x000fc895,"pb_dec_varint+1","Label","DEFAULT",true
0x000fc8bc,"LAB_000fc8bc","Label","DEFAULT",true
0x000fc8ca,"LAB_000fc8ca","Label","DEFAULT",true
0x000fc8d0,"LAB_000fc8d0","Label","DEFAULT",true
0x000fc8d6,"LAB_000fc8d6","Label","DEFAULT",true
0x000fc8da,"LAB_000fc8da","Label","DEFAULT",true
0x000fc8dc,"LAB_000fc8dc","Label","DEFAULT",true
0x000fc8e4,"LAB_000fc8e4","Label","DEFAULT",true
0x000fc8e6,"LAB_000fc8e6","Label","DEFAULT",true
0x000fc8e8,"LAB_000fc8e8","Label","DEFAULT",true
0x000fc8ec,"pb_decode","Function","USER_DEFINED",true
0x000fc90a,"pb_decode_fixed32","Function","USER_DEFINED",true
0x000fc932,"LAB_000fc932","Label","DEFAULT",true
0x000fc934,"pb_decode_fixed64","Function","USER_DEFINED",true
0x000fc98e,"LAB_000fc98e","Label","DEFAULT",true
0x000fc990,"pb_decode_noinit","Function","USER_DEFINED",true
0x000fc9b4,"LAB_000fc9b4","Label","DEFAULT",true
0x000fc9d8,"LAB_000fc9d8","Label","DEFAULT",true
0x000fc9e0,"LAB_000fc9e0","Label","DEFAULT",true
0x000fc9e6,"LAB_000fc9e6","Label","DEFAULT",true
0x000fc9f0,"LAB_000fc9f0","Label","DEFAULT",true
0x000fca0a,"LAB_000fca0a","Label","DEFAULT",true
0x000fca22,"LAB_000fca22","Label","DEFAULT",true
0x000fca28,"LAB_000fca28","Label","DEFAULT",true
0x000fca3a,"LAB_000fca3a","Label","DEFAULT",true
0x000fca60,"LAB_000fca60","Label","DEFAULT",true
0x000fca64,"LAB_000fca64","Label","DEFAULT",true
0x000fca66,"LAB_000fca66","Label","DEFAULT",true
0x000fca6e,"LAB_000fca6e","Label","DEFAULT",true
0x000fca74,"LAB_000fca74","Label","DEFAULT",true
0x000fca80,"LAB_000fca80","Label","DEFAULT",true
0x000fca9c,"LAB_000fca9c","Label","DEFAULT",true
0x000fcaac,"LAB_000fcaac","Label","DEFAULT",true
0x000fcab8,"LAB_000fcab8","Label","DEFAULT",true
0x000fcabc,"LAB_000fcabc","Label","DEFAULT",true
0x000fcac4,"LAB_000fcac4","Label","DEFAULT",true
0x000fcae2,"LAB_000fcae2","Label","DEFAULT",true
0x000fcaec,"LAB_000fcaec","Label","DEFAULT",true
0x000fcaf6,"LAB_000fcaf6","Label","DEFAULT",true
0x000fcb12,"LAB_000fcb12","Label","DEFAULT",true
0x000fcb16,"LAB_000fcb16","Label","DEFAULT",true
0x000fcb1a,"pb_decode_svarint","Function","USER_DEFINED",true
0x000fcb44,"LAB_000fcb44","Label","DEFAULT",true
0x000fcb4e,"LAB_000fcb4e","Label","DEFAULT",true
0x000fcb52,"LAB_000fcb52","Label","DEFAULT",true
0x000fcb54,"pb_decode_tag","Function","USER_DEFINED",true
0x000fcb8a,"LAB_000fcb8a","Label","DEFAULT",true
0x000fcb8e,"LAB_000fcb8e","Label","DEFAULT",true
0x000fcb92,"LAB_000fcb92","Label","DEFAULT",true
0x000fcb96,"pb_decode_varint","Function","USER_DEFINED",true
0x000fcba6,"LAB_000fcba6","Label","DEFAULT",true
0x000fcbac,"LAB_000fcbac","Label","DEFAULT",true
0x000fcbb0,"LAB_000fcbb0","Label","DEFAULT",true
0x000fcbe0,"pb_decode_varint32","Function","USER_DEFINED",true
0x000fcc00,"LAB_000fcc00","Label","DEFAULT",true
0x000fcc06,"LAB_000fcc06","Label","DEFAULT",true
0x000fcc08,"LAB_000fcc08","Label","DEFAULT",true
0x000fcc26,"LAB_000fcc26","Label","DEFAULT",true
0x000fcc2c,"nrf_dfu_init_command_decode_callback","Function","USER_DEFINED",true
0x000fcc2d,"nrf_dfu_init_command_decode_callback+1","Label","DEFAULT",true
0x000fcc4a,"LAB_000fcc4a","Label","DEFAULT",true
0x000fcc5c,"LAB_000fcc5c","Label","DEFAULT",true
0x000fcc5e,"LAB_000fcc5e","Label","DEFAULT",true
0x000fcc60,"DAT_000fcc60","Label","DEFAULT",true
0x000fcc64,"DAT_000fcc64","Label","DEFAULT",true
0x000fcc68,"pb_field_iter_begin","Function","USER_DEFINED",true
0x000fcc88,"LAB_000fcc88","Label","DEFAULT",true
0x000fcc8a,"pb_field_iter_find","Function","USER_DEFINED",true
0x000fcc92,"LAB_000fcc92","Label","DEFAULT",true
0x000fcca8,"LAB_000fcca8","Label","DEFAULT",true
0x000fccb8,"pb_field_iter_next","Function","USER_DEFINED",true
0x000fccd8,"LAB_000fccd8","Label","DEFAULT",true
0x000fccdc,"LAB_000fccdc","Label","DEFAULT",true
0x000fcce6,"LAB_000fcce6","Label","DEFAULT",true
0x000fccf0,"LAB_000fccf0","Label","DEFAULT",true
0x000fccfe,"LAB_000fccfe","Label","DEFAULT",true
0x000fcd0a,"LAB_000fcd0a","Label","DEFAULT",true
0x000fcd12,"LAB_000fcd12","Label","DEFAULT",true
0x000fcd20,"LAB_000fcd20","Label","DEFAULT",true
0x000fcd36,"pb_field_set_to_default","Function","USER_DEFINED",true
0x000fcd64,"LAB_000fcd64","Label","DEFAULT",true
0x000fcd68,"LAB_000fcd68","Label","DEFAULT",true
0x000fcd6c,"LAB_000fcd6c","Label","DEFAULT",true
0x000fcd72,"LAB_000fcd72","Label","DEFAULT",true
0x000fcd84,"LAB_000fcd84","Label","DEFAULT",true
0x000fcd8a,"LAB_000fcd8a","Label","DEFAULT",true
0x000fcd9a,"LAB_000fcd9a","Label","DEFAULT",true
0x000fcdb8,"LAB_000fcdb8","Label","DEFAULT",true
0x000fcdbe,"LAB_000fcdbe","Label","DEFAULT",true
0x000fcdcc,"LAB_000fcdcc","Label","DEFAULT",true
0x000fcddc,"pb_istream_from_buffer","Function","USER_DEFINED",true
0x000fcdec,"DAT_000fcdec","Label","DEFAULT",true
0x000fcdf0,"pb_make_string_substream","Function","USER_DEFINED",true
0x000fce18,"LAB_000fce18","Label","DEFAULT",true
0x000fce1a,"LAB_000fce1a","Label","DEFAULT",true
0x000fce26,"pb_message_set_to_defaults","Function","USER_DEFINED",true
0x000fce38,"LAB_000fce38","Label","DEFAULT",true
0x000fce48,"LAB_000fce48","Label","DEFAULT",true
0x000fce4c,"pb_read","Function","USER_DEFINED",true
0x000fce5e,"LAB_000fce5e","Label","DEFAULT",true
0x000fce6e,"LAB_000fce6e","Label","DEFAULT",true
0x000fce7c,"LAB_000fce7c","Label","DEFAULT",true
0x000fce80,"LAB_000fce80","Label","DEFAULT",true
0x000fce8a,"LAB_000fce8a","Label","DEFAULT",true
0x000fcea0,"DAT_000fcea0","Label","DEFAULT",true
0x000fcea4,"pb_readbyte","Function","USER_DEFINED",true
0x000fcec2,"LAB_000fcec2","Label","DEFAULT",true
0x000fcec4,"pb_skip_field","Function","USER_DEFINED",true
0x000fceda,"LAB_000fceda","Label","DEFAULT",true
0x000fcedc,"LAB_000fcedc","Label","DEFAULT",true
0x000fcef4,"LAB_000fcef4","Label","DEFAULT",true
0x000fcef8,"LAB_000fcef8","Label","DEFAULT",true
0x000fcf0e,"LAB_000fcf0e","Label","DEFAULT",true
0x000fcf12,"LAB_000fcf12","Label","DEFAULT",true
0x000fcf14,"LAB_000fcf14","Label","DEFAULT",true
0x000fcf20,"nrf_dfu_validation_postvalidate_impl","Function","USER_DEFINED",true
0x000fcf62,"LAB_000fcf62","Label","DEFAULT",true
0x000fcf66,"LAB_000fcf66","Label","DEFAULT",true
0x000fcf9c,"LAB_000fcf9c","Label","DEFAULT",true
0x000fcfa4,"LAB_000fcfa4","Label","DEFAULT",true
0x000fcfa6,"LAB_000fcfa6","Label","DEFAULT",true
0x000fcfb4,"LAB_000fcfb4","Label","DEFAULT",true
0x000fcfbc,"LAB_000fcfbc","Label","DEFAULT",true
0x000fcfc4,"LAB_000fcfc4","Label","DEFAULT",true
0x000fcfce,"LAB_000fcfce","Label","DEFAULT",true
0x000fcfd4,"LAB_000fcfd4","Label","DEFAULT",true
0x000fcfe4,"DAT_000fcfe4","Label","DEFAULT",true
0x000fcfe8,"DAT_000fcfe8","Label","DEFAULT",true
0x000fcfec,"DAT_000fcfec","Label","DEFAULT",true
0x000fcff0,"postvalidate","Function","USER_DEFINED",true
0x000fd046,"LAB_000fd046","Label","DEFAULT",true
0x000fd064,"LAB_000fd064","Label","DEFAULT",true
0x000fd07c,"LAB_000fd07c","Label","DEFAULT",true
0x000fd09a,"LAB_000fd09a","Label","DEFAULT",true
0x000fd0aa,"LAB_000fd0aa","Label","DEFAULT",true
0x000fd0ac,"LAB_000fd0ac","Label","DEFAULT",true
0x000fd0ae,"LAB_000fd0ae","Label","DEFAULT",true
0x000fd0b4,"LAB_000fd0b4","Label","DEFAULT",true
0x000fd0b6,"LAB_000fd0b6","Label","DEFAULT",true
0x000fd0be,"LAB_000fd0be","Label","DEFAULT",true
0x000fd0c2,"LAB_000fd0c2","Label","DEFAULT",true
0x000fd0dc,"LAB_000fd0dc","Label","DEFAULT",true
0x000fd0e0,"LAB_000fd0e0","Label","DEFAULT",true
0x000fd0e4,"DAT_000fd0e4","Label","DEFAULT",true
0x000fd0e8,"DAT_000fd0e8","Label","DEFAULT",true
0x000fd0ec,"DAT_000fd0ec","Label","DEFAULT",true
0x000fd0f0,"queue_free","Function","USER_DEFINED",true
0x000fd0fc,"DAT_000fd0fc","Label","DEFAULT",true
0x000fd100,"DAT_000fd100","Label","DEFAULT",true
0x000fd104,"queue_process","Function","USER_DEFINED",true
0x000fd122,"LAB_000fd122","Label","DEFAULT",true
0x000fd132,"LAB_000fd132","Label","DEFAULT",true
0x000fd134,"LAB_000fd134","Label","DEFAULT",true
0x000fd138,"LAB_000fd138","Label","DEFAULT",true
0x000fd144,"LAB_000fd144","Label","DEFAULT",true
0x000fd14e,"LAB_000fd14e","Label","DEFAULT",true
0x000fd150,"LAB_000fd150","Label","DEFAULT",true
0x000fd15c,"LAB_000fd15c","Label","DEFAULT",true
0x000fd164,"LAB_000fd164","Label","DEFAULT",true
0x000fd16a,"LAB_000fd16a","Label","DEFAULT",true
0x000fd17e,"LAB_000fd17e","Label","DEFAULT",true
0x000fd190,"LAB_000fd190","Label","DEFAULT",true
0x000fd194,"DAT_000fd194","Label","DEFAULT",true
0x000fd198,"DAT_000fd198","Label","DEFAULT",true
0x000fd19c,"DAT_000fd19c","Label","DEFAULT",true
0x000fd1a0,"queue_start","Function","USER_DEFINED",true
0x000fd1bc,"LAB_000fd1bc","Label","DEFAULT",true
0x000fd1c0,"DAT_000fd1c0","Label","DEFAULT",true
0x000fd1c4,"nrf_fstorage_nvmc_read","Function","USER_DEFINED",true
0x000fd1c5,"nrf_fstorage_nvmc_read+1","Label","DEFAULT",true
0x000fd1d2,"nrf_fstorage_sd_read","Function","USER_DEFINED",true
0x000fd1d3,"nrf_fstorage_sd_read+1","Label","DEFAULT",true
0x000fd1e0,"read_raw_value","Function","USER_DEFINED",true
0x000fd1f8,"LAB_000fd1f8","Label","DEFAULT",true
0x000fd1fc,"LAB_000fd1fc","Label","DEFAULT",true
0x000fd21e,"LAB_000fd21e","Label","DEFAULT",true
0x000fd220,"LAB_000fd220","Label","DEFAULT",true
0x000fd224,"LAB_000fd224","Label","DEFAULT",true
0x000fd22c,"LAB_000fd22c","Label","DEFAULT",true
0x000fd232,"LAB_000fd232","Label","DEFAULT",true
0x000fd23e,"LAB_000fd23e","Label","DEFAULT",true
0x000fd242,"response_crc_add","Function","USER_DEFINED",true
0x000fd264,"response_send","Function","USER_DEFINED",true
0x000fd28c,"DAT_000fd28c","Label","DEFAULT",true
0x000fd290,"DAT_000fd290","Label","DEFAULT",true
0x000fd294,"DAT_000fd294","Label","DEFAULT",true
0x000fd298,"nrf_fstorage_nvmc_rmap","Function","USER_DEFINED",true
0x000fd299,"nrf_fstorage_nvmc_rmap+1","Label","DEFAULT",true
0x000fd29c,"nrf_fstorage_sd_rmap","Function","USER_DEFINED",true
0x000fd29d,"nrf_fstorage_sd_rmap+1","Label","DEFAULT",true
0x000fd2a0,"nrf_bootloader_sd_activate","Function","USER_DEFINED",true
0x000fd2ce,"LAB_000fd2ce","Label","DEFAULT",true
0x000fd2d6,"LAB_000fd2d6","Label","DEFAULT",true
0x000fd2d8,"LAB_000fd2d8","Label","DEFAULT",true
0x000fd2ec,"DAT_000fd2ec","Label","DEFAULT",true
0x000fd2f0,"DAT_000fd2f0","Label","DEFAULT",true
0x000fd2f4,"sd_req_check","Function","USER_DEFINED",true
0x000fd308,"LAB_000fd308","Label","DEFAULT",true
0x000fd31c,"LAB_000fd31c","Label","DEFAULT",true
0x000fd326,"LAB_000fd326","Label","DEFAULT",true
0x000fd32a,"LAB_000fd32a","Label","DEFAULT",true
0x000fd32e,"LAB_000fd32e","Label","DEFAULT",true
0x000fd334,"DAT_000fd334","Label","DEFAULT",true
0x000fd338,"sd_req_ok","Function","USER_DEFINED",true
0x000fd35c,"LAB_000fd35c","Label","DEFAULT",true
0x000fd368,"LAB_000fd368","Label","DEFAULT",true
0x000fd36c,"LAB_000fd36c","Label","DEFAULT",true
0x000fd370,"LAB_000fd370","Label","DEFAULT",true
0x000fd378,"LAB_000fd378","Label","DEFAULT",true
0x000fd388,"LAB_000fd388","Label","DEFAULT",true
0x000fd38c,"LAB_000fd38c","Label","DEFAULT",true
0x000fd394,"LAB_000fd394","Label","DEFAULT",true
0x000fd39c,"DAT_000fd39c","Label","DEFAULT",true
0x000fd3a0,"sdh_request_observer_notify","Function","USER_DEFINED",true
0x000fd3b0,"LAB_000fd3b0","Label","DEFAULT",true
0x000fd3c0,"LAB_000fd3c0","Label","DEFAULT",true
0x000fd3c8,"LAB_000fd3c8","Label","DEFAULT",true
0x000fd3cc,"DAT_000fd3cc","Label","DEFAULT",true
0x000fd3d0,"sdh_state_observer_notify","Function","USER_DEFINED",true
0x000fd3e0,"LAB_000fd3e0","Label","DEFAULT",true
0x000fd3ee,"LAB_000fd3ee","Label","DEFAULT",true
0x000fd3f8,"DAT_000fd3f8","Label","DEFAULT",true
0x000fd3fc,"settings_backup","Function","USER_DEFINED",true
0x000fd408,"DAT_000fd408","Label","DEFAULT",true
0x000fd40c,"DAT_000fd40c","Label","DEFAULT",true
0x000fd410,"settings_crc_get","Function","USER_DEFINED",true
0x000fd41a,"settings_write","Function","USER_DEFINED",true
0x000fd440,"LAB_000fd440","Label","DEFAULT",true
0x000fd446,"LAB_000fd446","Label","DEFAULT",true
0x000fd448,"LAB_000fd448","Label","DEFAULT",true
0x000fd44c,"LAB_000fd44c","Label","DEFAULT",true
0x000fd466,"LAB_000fd466","Label","DEFAULT",true
0x000fd46c,"softdevice_evt_irq_disable","Function","USER_DEFINED",true
0x000fd48a,"LAB_000fd48a","Label","DEFAULT",true
0x000fd496,"LAB_000fd496","Label","DEFAULT",true
0x000fd4a8,"DAT_000fd4a8","Label","DEFAULT",true
0x000fd4ac,"softdevices_evt_irq_enable","Function","USER_DEFINED",true
0x000fd4e0,"LAB_000fd4e0","Label","DEFAULT",true
0x000fd4e6,"LAB_000fd4e6","Label","DEFAULT",true
0x000fd4ea,"LAB_000fd4ea","Label","DEFAULT",true
0x000fd4f2,"LAB_000fd4f2","Label","DEFAULT",true
0x000fd4fc,"DAT_000fd4fc","Label","DEFAULT",true
0x000fd500,"DAT_000fd500","Label","DEFAULT",true
0x000fd504,"stored_init_cmd_decode","Function","USER_DEFINED",true
0x000fd59c,"LAB_000fd59c","Label","DEFAULT",true
0x000fd5a4,"LAB_000fd5a4","Label","DEFAULT",true
0x000fd5a8,"LAB_000fd5a8","Label","DEFAULT",true
0x000fd5ac,"LAB_000fd5ac","Label","DEFAULT",true
0x000fd5b0,"DAT_000fd5b0","Label","DEFAULT",true
0x000fd5b4,"DAT_000fd5b4","Label","DEFAULT",true
0x000fd5b8,"DAT_000fd5b8","Label","DEFAULT",true
0x000fd5bc,"DAT_000fd5bc","Label","DEFAULT",true
0x000fd5c0,"DAT_000fd5c0","Label","DEFAULT",true
0x000fd5c4,"DAT_000fd5c4","Label","DEFAULT",true
0x000fd5c8,"DAT_000fd5c8","Label","DEFAULT",true
0x000fd5cc,"timer_activate","Function","USER_DEFINED",true
0x000fd5da,"LAB_000fd5da","Label","DEFAULT",true
0x000fd5f6,"LAB_000fd5f6","Label","DEFAULT",true
0x000fd624,"DAT_000fd624","Label","DEFAULT",true
0x000fd628,"DAT_000fd628","Label","DEFAULT",true
0x000fd62c,"timer_init","Function","USER_DEFINED",true
0x000fd646,"LAB_000fd646","Label","DEFAULT",true
0x000fd68a,"LAB_000fd68a","Label","DEFAULT",true
0x000fd68c,"DAT_000fd68c","Label","DEFAULT",true
0x000fd690,"DAT_000fd690","Label","DEFAULT",true
0x000fd694,"DAT_000fd694","Label","DEFAULT",true
0x000fd698,"DAT_000fd698","Label","DEFAULT",true
0x000fd69c,"DAT_000fd69c","Label","DEFAULT",true
0x000fd6a0,"timer_start","Function","USER_DEFINED",true
0x000fd6bc,"timer_stop","Function","USER_DEFINED",true
0x000fd6cc,"DAT_000fd6cc","Label","DEFAULT",true
0x000fd6d0,"uint32_encode","Function","USER_DEFINED",true
0x000fd6e4,"nrf_fstorage_nvmc_uninit","Function","USER_DEFINED",true
0x000fd6e5,"nrf_fstorage_nvmc_uninit+1","Label","DEFAULT",true
0x000fd6f0,"DAT_000fd6f0","Label","DEFAULT",true
0x000fd6f4,"nrf_fstorage_sd_uninit","Function","USER_DEFINED",true
0x000fd6f5,"nrf_fstorage_sd_uninit+1","Label","DEFAULT",true
0x000fd70c,"DAT_000fd70c","Label","DEFAULT",true
0x000fd710,"DAT_000fd710","Label","DEFAULT",true
0x000fd714,"update_data_size_get","Function","USER_DEFINED",true
0x000fd724,"LAB_000fd724","Label","DEFAULT",true
0x000fd72c,"LAB_000fd72c","Label","DEFAULT",true
0x000fd73a,"LAB_000fd73a","Label","DEFAULT",true
0x000fd73e,"LAB_000fd73e","Label","DEFAULT",true
0x000fd740,"LAB_000fd740","Label","DEFAULT",true
0x000fd75a,"LAB_000fd75a","Label","DEFAULT",true
0x000fd760,"LAB_000fd760","Label","DEFAULT",true
0x000fd764,"LAB_000fd764","Label","DEFAULT",true
0x000fd768,"DAT_000fd768","Label","DEFAULT",true
0x000fd76c,"verify_context","Function","USER_DEFINED",true
0x000fd77c,"LAB_000fd77c","Label","DEFAULT",true
0x000fd782,"LAB_000fd782","Label","DEFAULT",true
0x000fd788,"DAT_000fd788","Label","DEFAULT",true
0x000fd78c,"wdt_feed","Function","USER_DEFINED",true
0x000fd7a0,"LAB_000fd7a0","Label","DEFAULT",true
0x000fd7b2,"LAB_000fd7b2","Label","DEFAULT",true
0x000fd7ba,"LAB_000fd7ba","Label","DEFAULT",true
0x000fd7bc,"DAT_000fd7bc","Label","DEFAULT",true
0x000fd7c0,"DAT_000fd7c0","Label","DEFAULT",true
0x000fd7c4,"DAT_000fd7c4","Label","DEFAULT",true
0x000fd7c8,"wdt_feed_timer_handler","Function","USER_DEFINED",true
0x000fd7c9,"wdt_feed_timer_handler+1","Label","DEFAULT",true
0x000fd7cc,"nrf_fstorage_nvmc_wmap","Function","USER_DEFINED",true
0x000fd7cd,"nrf_fstorage_nvmc_wmap+1","Label","DEFAULT",true
0x000fd7d0,"nrf_fstorage_sd_wmap","Function","USER_DEFINED",true
0x000fd7d1,"nrf_fstorage_sd_wmap+1","Label","DEFAULT",true
0x000fd7d4,"nrf_fstorage_nvmc_write","Function","USER_DEFINED",true
0x000fd7d5,"nrf_fstorage_nvmc_write+1","Label","DEFAULT",true
0x000fd7ec,"LAB_000fd7ec","Label","DEFAULT",true
0x000fd7f0,"LAB_000fd7f0","Label","DEFAULT",true
0x000fd814,"DAT_000fd814","Label","DEFAULT",true
0x000fd818,"nrf_fstorage_sd_write","Function","USER_DEFINED",true
0x000fd819,"nrf_fstorage_sd_write+1","Label","DEFAULT",true
0x000fd85a,"LAB_000fd85a","Label","DEFAULT",true
0x000fd85e,"LAB_000fd85e","Label","DEFAULT",true
0x000fd864,"DAT_000fd864","Label","DEFAULT",true
0x000fd868,"DAT_000fd868","Label","DEFAULT",true
0x000fd8b0,"nrfx_coredep_delay_machine_code_dfu_timers","Function","USER_DEFINED",true
0x000fd8b1,"nrfx_coredep_delay_machine_code_dfu_timers+1","Label","DEFAULT",true
0x000fd8b8,"DAT_000fd8b8","Label","DEFAULT",true
0x000fd8c4,"PTR_cc310_bl_backend_hash_sha256_init+1_000fd8c4","Label","DEFAULT",true
0x000fd940,"DAT_000fd940","Label","DEFAULT",true
0x000fda60,"DAT_000fda60","Label","DEFAULT",true
0x000fda90,"DAT_000fda90","Label","DEFAULT",true
0x000fda94,"DAT_000fda94","Label","DEFAULT",true
0x000fda98,"DAT_000fda98","Label","DEFAULT",true
0x000fda9c,"DAT_000fda9c","Label","DEFAULT",true
0x000fdaa0,"nrfx_coredep_delay_machine_code_ble_dfu","Function","USER_DEFINED",true
0x000fdaa6,"DAT_000fdaa6","Label","DEFAULT",true
0x000fdab0,"DAT_000fdab0","Label","DEFAULT",true
0x000fdab8,"DAT_000fdab8","Label","DEFAULT",true
0x000fdac0,"DAT_000fdac0","Label","DEFAULT",true
0x000fdac4,"DAT_000fdac4","Label","DEFAULT",true
0x000fdac8,"DAT_000fdac8","Label","DEFAULT",true
0x000fdacc,"DAT_000fdacc","Label","DEFAULT",true
0x000fdad0,"DAT_000fdad0","Label","DEFAULT",true
0x000fdae8,"DAT_000fdae8","Label","DEFAULT",true
0x000fdaec,"DAT_000fdaec","Label","DEFAULT",true
0x000fdaf8,"DAT_000fdaf8","Label","DEFAULT",true
0x000fdb10,"DAT_000fdb10","Label","DEFAULT",true
0x000fdb14,"DAT_000fdb14","Label","DEFAULT",true
0x000fdb18,"DAT_000fdb18","Label","DEFAULT",true
0x000fdb1c,"DAT_000fdb1c","Label","DEFAULT",true
0x000fdb20,"DAT_000fdb20","Label","DEFAULT",true
0x000fdb38,"s_0123456789ABCDEF_000fdb38","Label","DEFAULT",true
0x000fdb4c,"DAT_000fdb4c","Label","DEFAULT",true
0x000fdb68,"DAT_000fdb68","Label","DEFAULT",true
0x000fdb7c,"DAT_000fdb7c","Label","DEFAULT",true
0x000fdb98,"DAT_000fdb98","Label","DEFAULT",true
0x000fdbac,"DAT_000fdbac","Label","DEFAULT",true
0x000fdbb0,"DAT_000fdbb0","Label","DEFAULT",true
0x000fdbb4,"DAT_000fdbb4","Label","DEFAULT",true
0x000fdbb8,"DAT_000fdbb8","Label","DEFAULT",true
0x000fdbbc,"DAT_000fdbbc","Label","DEFAULT",true
0x000fdbc0,"DAT_000fdbc0","Label","DEFAULT",true
0x000fdbc4,"DAT_000fdbc4","Label","DEFAULT",true
0x000fdbc8,"DAT_000fdbc8","Label","DEFAULT",true
0x000fdbcc,"DAT_000fdbcc","Label","DEFAULT",true
0x000fdbe4,"DAT_000fdbe4","Label","DEFAULT",true
0x000fdbfc,"DAT_000fdbfc","Label","DEFAULT",true
0x000fdc08,"PTR_nrf_fstorage_nvmc_init+1_000fdc08","Label","DEFAULT",true
0x000fdc28,"DAT_000fdc28","Label","DEFAULT",true
0x000fdc2c,"DAT_000fdc2c","Label","DEFAULT",true
0x000fdc38,"PTR_nrf_fstorage_sd_init+1_000fdc38","Label","DEFAULT",true
0x000fdc58,"PTR_DAT_000fdc58","Label","DEFAULT",true
0x000fdc68,"DAT_000fdc68","Label","DEFAULT",true
0x000fdc6c,"PTR_PTR_000fdc6c","Label","DEFAULT",true
0x000fdc78,"PTR_LAB_000fdc78","Label","DEFAULT",true
0x000fdc84,"PTR_LAB_000fdc84","Label","DEFAULT",true
0x000fdc90,"LAB_000fdc90","Label","DEFAULT",true
0x000fdca0,"LAB_000fdca0","Label","DEFAULT",true
0x000fdcb0,"DAT_000fdcb0","Label","DEFAULT",true
0x000fdcd0,"DAT_000fdcd0","Label","DEFAULT",true
0x000fdcd4,"PTR_DAT_000fdcd4","Label","DEFAULT",true
0x000fdce0,"PTR_DAT_000fdce0","Label","DEFAULT",true
0x000fdcf0,"PTR_PTR_000fdcf0","Label","DEFAULT",true
0x000fdcfc,"PTR_pb_dec_varint+1_000fdcfc","Label","DEFAULT",true
0x000fdd20,"DAT_000fdd20","Label","DEFAULT",true
0x000fdd24,"DAT_000fdd24","Label","DEFAULT",true
0x000fdd28,"DAT_000fdd28","Label","DEFAULT",true
0x000fdd2c,"DAT_000fdd2c","Label","DEFAULT",true
0x000fdd30,"DAT_000fdd30","Label","DEFAULT",true
0x000fdd50,"DAT_000fdd50","Label","DEFAULT",true
0x000fdd70,"DAT_000fdd70","Label","DEFAULT",true
0x000fdd90,"DAT_000fdd90","Label","DEFAULT",true
0x000fddb4,"DAT_000fddb4","Label","DEFAULT",true
0x000fddd4,"DAT_000fddd4","Label","DEFAULT",true
0x000fddf4,"DAT_000fddf4","Label","DEFAULT",true
0x000fde08,"DAT_000fde08","Label","DEFAULT",true
0x000fde1c,"DAT_000fde1c","Label","DEFAULT",true
0x000fde20,"DAT_000fde20","Label","DEFAULT",true
0x000fde24,"DAT_000fde24","Label","DEFAULT",true
0x000fde28,"PTR_armcc_scatterload_copy_000fde28","Label","DEFAULT",true
0x000fde3c,"PTR_cc310_bl_backend_init+1_000fde3c","Label","DEFAULT",true
0x000fde44,"DAT_000fde44","Label","DEFAULT",true
0x000fde48,"DAT_000fde48","Label","DEFAULT",true
0x000fde4c,"DAT_000fde4c","Label","DEFAULT",true
0x000fde58,"DAT_000fde58","Label","DEFAULT",true
0x000fde5c,"DAT_000fde5c","Label","DEFAULT",true
0x000fde60,"DAT_000fde60","Label","DEFAULT",true
0x000fde68,"DAT_000fde68","Label","DEFAULT",true
0x000fde70,"DAT_000fde70","Label","DEFAULT",true
0x000fde78,"DAT_000fde78","Label","DEFAULT",true
0x000fde90,"DAT_000fde90","Label","DEFAULT",true
0x000fde94,"DAT_000fde94","Label","DEFAULT",true
0x000fde98,"DAT_000fde98","Label","DEFAULT",true
0x000fde9c,"DAT_000fde9c","Label","DEFAULT",true
0x000fdf64,"DAT_000fdf64","Label","DEFAULT",true
