config	unit	function	start	end	candidate_symbol	candidate_size	stock_size	size_delta	raw_match	strict_normalized_match	candidate_sha256	stock_sha256	candidate_normalized_sha256	stock_normalized_sha256	compile_ns	link_ns	os_object_sha256	queue_object_sha256	linked_sha256
O0	wsf_os	WsfCsEnter	0x0052b8a4	0x0052b8b6	WsfCsEnter	32	18	14	no	no	a5aa61ea1e29bebdab1879805fda9834007f4ee30387b0a0cd9c5e9df44ffd0e	e0ff3f4fa338e939616823c70ae7fc13df075b7de32178db2810cf9eb39edb87	740c651603283a18f29de68183fcaad6226febfc474b7bca6a16354664c341ee	ecaf8feb6f26e60789b06550c8f5d908cf7d6913e4d9d2e720cf316635ebaca0	75535054	18847247	f185e24cabaea96949bbbae518c708b7b56f7d814f237574110c044212026995	5f7c42312b35c78d836619df4cd9b6c55bacc0e1042a9707b796f8f8721f7e67	b319a6b128781a01b8a15e9b3f3ff2474a769987ade06a1f8e52a51351d015df
O0	wsf_os	WsfCsExit	0x0052b8b6	0x0052b8c8	WsfCsExit	32	18	14	no	no	de85b00abcc4a24d36365f884a36db9164f346ff7478c7063e9c3e3a581bf94b	8685a9a54cba4040bb297f58f5bc9e0d5beed1f46a7159363edc8f80648e824c	54d34de30e802745f7e5f3d0d5cbd3b2f84c51a4591d45de9e9091b46046929d	73e498637a31e7c030c730926d7834c10dc05c3f4c0cbf655a3556e4b43d9ce6	75535054	18847247	f185e24cabaea96949bbbae518c708b7b56f7d814f237574110c044212026995	5f7c42312b35c78d836619df4cd9b6c55bacc0e1042a9707b796f8f8721f7e67	b319a6b128781a01b8a15e9b3f3ff2474a769987ade06a1f8e52a51351d015df
O0	wsf_os	WsfTaskLock	0x0052b8c8	0x0052b8d0	WsfTaskLock	10	8	2	no	no	b4e86d586fbc0895f6adbfea39efd86c5f38cebdaea69daa3e99bdb77dff86ad	4ae68a8cc15e75c482171f6fdd1e56d9bf7a9a787f56a9761e89af9833911f02	33bde3044f017aa8753dec3048a73bb17c54756ff99dfac0b1b7d30b55a838a1	022696e747ab8995c84888fefe1e49b1538690e052ef6bcbb4af6d0c94541069	75535054	18847247	f185e24cabaea96949bbbae518c708b7b56f7d814f237574110c044212026995	5f7c42312b35c78d836619df4cd9b6c55bacc0e1042a9707b796f8f8721f7e67	b319a6b128781a01b8a15e9b3f3ff2474a769987ade06a1f8e52a51351d015df
O0	wsf_os	WsfTaskUnlock	0x0052b8d0	0x0052b8d8	WsfTaskUnlock	10	8	2	no	no	b4e86d586fbc0895f6adbfea39efd86c5f38cebdaea69daa3e99bdb77dff86ad	19785a8c5eb6c2e10cd274c554a5d7d1b649a94433f558511c02cdb5405397a1	33bde3044f017aa8753dec3048a73bb17c54756ff99dfac0b1b7d30b55a838a1	022696e747ab8995c84888fefe1e49b1538690e052ef6bcbb4af6d0c94541069	75535054	18847247	f185e24cabaea96949bbbae518c708b7b56f7d814f237574110c044212026995	5f7c42312b35c78d836619df4cd9b6c55bacc0e1042a9707b796f8f8721f7e67	b319a6b128781a01b8a15e9b3f3ff2474a769987ade06a1f8e52a51351d015df
O0	wsf_os	WsfSetOsSpecificEvent	0x0052b8d8	0x0052b91e	WsfSetOsSpecificEvent	108	70	38	no	no	e3ea3a49848227264aec095857b37f5fd89c81fb90e02d3126bab68d8e4fb4f1	a7a1285078ac515a4fea7ad18a50ab44ec84ba9f1c39e07df875dfa0f8681465	94bfb1dd6558eb5d821b1c910f9df0b72b8080e294abd934644b214c375a36fb	5bab032b9a03b5da1e125a9f2f46925b105b213fc0e1b627f14929a7e3c1310e	75535054	18847247	f185e24cabaea96949bbbae518c708b7b56f7d814f237574110c044212026995	5f7c42312b35c78d836619df4cd9b6c55bacc0e1042a9707b796f8f8721f7e67	b319a6b128781a01b8a15e9b3f3ff2474a769987ade06a1f8e52a51351d015df
O0	wsf_os	WsfSetEvent	0x0052b91e	0x0052b95e	WsfSetEvent	104	64	40	no	no	4efcd33ee71c9e5aebea3647a5e4698cf10b34de100cb29bcf96c478be94f827	62fda22da8f5aec6255e52e820a4570a593fa4637a710ce93ebfbdca428f7db8	67680271cbbc973b29d3e8ae73d0982ec4ddf2b0c4dedae3e13fd10b8353bae9	724f5a993959a0c2b9228dcf808ca0727989c8c92002333808523bc1b8e9945d	75535054	18847247	f185e24cabaea96949bbbae518c708b7b56f7d814f237574110c044212026995	5f7c42312b35c78d836619df4cd9b6c55bacc0e1042a9707b796f8f8721f7e67	b319a6b128781a01b8a15e9b3f3ff2474a769987ade06a1f8e52a51351d015df
O0	wsf_os	WsfTaskSetReady	0x0052b95e	0x0052b97c	WsfTaskSetReady	64	30	34	no	no	7969d5be2c18024d2c3e1a8b71c3f81185e69f1b5feff59610d57935bba01df9	feaf10178e32248aebd53109fd9c1a95e1d757484102fc7a775203160e257ff7	cb61041565efb5023703d1f05273e69dea2dfc36375b9ad7dd0557321427821a	0639a0781d3e05d201e72ada9ed84a87c59621cfa0099c68397bebe84ed90129	75535054	18847247	f185e24cabaea96949bbbae518c708b7b56f7d814f237574110c044212026995	5f7c42312b35c78d836619df4cd9b6c55bacc0e1042a9707b796f8f8721f7e67	b319a6b128781a01b8a15e9b3f3ff2474a769987ade06a1f8e52a51351d015df
O0	wsf_os	WsfTaskMsgQueue	0x0052b97c	0x0052b980	WsfTaskMsgQueue	20	4	16	no	no	df4e2e9869173f7f303b0d4a4f40d0fc7a8a473059430a11c4dee9fcb91bcd67	c38df642688ef2e1df139d8ba9e7854fe109c68c84bfe8e97010f955fa56291b	5cd44f81bddfe23f1fc639dfe2881f091347e7f172c0fd09570c98ef19688580	df329c59cf0ae884d28a341c86d7f784817e685c5d35445414c5570c45e4ee46	75535054	18847247	f185e24cabaea96949bbbae518c708b7b56f7d814f237574110c044212026995	5f7c42312b35c78d836619df4cd9b6c55bacc0e1042a9707b796f8f8721f7e67	b319a6b128781a01b8a15e9b3f3ff2474a769987ade06a1f8e52a51351d015df
O0	wsf_os	WsfOsSetNextHandler	0x0052b980	0x0052b99e	WsfOsSetNextHandler	52	30	22	no	no	5903105d65560a8d175d71dde4954adcf9e7c07041d558160ab7d95f8b53cbf0	614f7f6c030d12ac7cb0ace224d26318a3089bc47a0d1fc24a17cf51cb7a396b	6f5b8ece02d2b30f07d4377cd97d764bb9c70470c77a4f9b0382c2b6e6f491ba	6f20c8e8b4cca9a3c57d5215c9a15858808a9905762264a6bd8c8961694d4f02	75535054	18847247	f185e24cabaea96949bbbae518c708b7b56f7d814f237574110c044212026995	5f7c42312b35c78d836619df4cd9b6c55bacc0e1042a9707b796f8f8721f7e67	b319a6b128781a01b8a15e9b3f3ff2474a769987ade06a1f8e52a51351d015df
O0	wsf_os	wsfOsReadyToSleep	0x0052b99e	0x0052b9b2	wsfOsReadyToSleep	24	20	4	no	no	3721a8019ca183427501ca405d56f2d4d8161bb551a29f88dab8ec28470bf598	633892695925666e4dc9d7d89588807653985ae2321217b58b5c215bb6ab6ebc	b68f62f8bfa0e8a48d9522c8f587333693e17531d7a230b44fc6e2b96256473c	2ee7fe67a3ef343a69cf87889f2316f44515d27ec5c6d70f7c699b49eca4fb5a	75535054	18847247	f185e24cabaea96949bbbae518c708b7b56f7d814f237574110c044212026995	5f7c42312b35c78d836619df4cd9b6c55bacc0e1042a9707b796f8f8721f7e67	b319a6b128781a01b8a15e9b3f3ff2474a769987ade06a1f8e52a51351d015df
O0	wsf_os	WsfOsInit	0x0052b9b2	0x0052b9d0	WsfOsInit	44	30	14	no	no	1372f732d1b01dd01cb6e63b1a029794b0517598c20af85a0beed05dbb660ffe	f9c905e97f08e91afc84d8c6df9ed24e71e26accbea503f8f423f98e8e8ff6bb	372aeca8b1ed5ea293f593579ad4bb5f6b2d3802fc2a7e105ccb2ccbc9023c9b	9a0606e882bde29307699799161a591e273941b5e42466ad9f77c1418086a549	75535054	18847247	f185e24cabaea96949bbbae518c708b7b56f7d814f237574110c044212026995	5f7c42312b35c78d836619df4cd9b6c55bacc0e1042a9707b796f8f8721f7e67	b319a6b128781a01b8a15e9b3f3ff2474a769987ade06a1f8e52a51351d015df
O0	wsf_os	wsfOsDispatcher	0x0052b9d0	0x0052bab8	wsfOsDispatcher	340	232	108	no	no	112b60c58ab77921625b766586795d66b2c741aae6aeadf69410e1a6cd4a0c2a	49ba08ce0c35eb58c098babd1ad0e4d68c303c67bf8e2543be552511732474d8	5957333243944c7036e807fd52d40a722cedbf369ec6eb308b4d211c469a99e1	c52f0e9655fc23f90c04e7533369fcb2b5f4ae5dcf6b1d4a95e6a216b5dd0d73	75535054	18847247	f185e24cabaea96949bbbae518c708b7b56f7d814f237574110c044212026995	5f7c42312b35c78d836619df4cd9b6c55bacc0e1042a9707b796f8f8721f7e67	b319a6b128781a01b8a15e9b3f3ff2474a769987ade06a1f8e52a51351d015df
O0	wsf_queue	WsfQueueEnq	0x00538c24	0x00538c4a	WsfQueueEnq	66	38	28	no	no	a2009ade897f870b7051ba4588ed4415d94e872c188046fadf21620f2b074ed2	30b8240daf336d4037b57b11a420f9adbddf40659ec964e078e736cbeeca94dd	2fc279d586128aacca779592541ff6978fb28850e1e2e40860ba035dc3787d74	1417a3153f994f11d983514fa775d65a7ca2245b4d06aa6314d5a7331ef90771	75535054	18847247	f185e24cabaea96949bbbae518c708b7b56f7d814f237574110c044212026995	5f7c42312b35c78d836619df4cd9b6c55bacc0e1042a9707b796f8f8721f7e67	b319a6b128781a01b8a15e9b3f3ff2474a769987ade06a1f8e52a51351d015df
O0	wsf_queue	WsfQueueDeq	0x00538c4a	0x00538c6e	WsfQueueDeq	58	36	22	no	no	cc2c408c7b0afa638573e240fc4ea0eca6412620930f7e7a1965d48da9eb1f7c	b89add9a6f39622dc9277b91669b4978b136cf95d4c09bff5a8f65d02c3a7080	adecf05f798620bcc2f53612fbc769a0098efe0f85087b47e87557293e761b8d	8103a892191018303c7aac80c6e2d8443cc3a1b4e90534d631789e4749e0b6e9	75535054	18847247	f185e24cabaea96949bbbae518c708b7b56f7d814f237574110c044212026995	5f7c42312b35c78d836619df4cd9b6c55bacc0e1042a9707b796f8f8721f7e67	b319a6b128781a01b8a15e9b3f3ff2474a769987ade06a1f8e52a51351d015df
O0	wsf_queue	WsfQueuePush	0x00538c6e	0x00538c8c	WsfQueuePush	52	30	22	no	no	dab32634a3960b36d0c44e2531273d0c5ce19c9e56069fb551804a9cbd2b744c	19728a8dcc2b9905325e0994927d36eb35491245cf2646e7b329ffe1b7eb09e5	eb074e95d545698364ddbf83f2d2051f10521e4147820f1431f38085b3e06a80	45ac902d523706d379482ce5cbf82fcbd2a345b3ee1f559caf41ff99941e7d9d	75535054	18847247	f185e24cabaea96949bbbae518c708b7b56f7d814f237574110c044212026995	5f7c42312b35c78d836619df4cd9b6c55bacc0e1042a9707b796f8f8721f7e67	b319a6b128781a01b8a15e9b3f3ff2474a769987ade06a1f8e52a51351d015df
O0	wsf_queue	WsfQueueInsert	0x00538c8c	0x00538cc8	WsfQueueInsert	84	60	24	no	no	7281a3e52f36a12ce2b54297d02bf100f7cfaa2dafdb339e9d6e34300b737631	1aac6c02a0605d67564caa4d190a532bf4a1ef9c0f6e11c053326d7812fcc112	4c50f494ef809a83b669d97c0522396bc95aa5ad2d3e3e0c845e9db3e00e1f2e	ad205bc8b9784b036aa690a1cb3032244863a38fb815fbe7d18f392c919672ba	75535054	18847247	f185e24cabaea96949bbbae518c708b7b56f7d814f237574110c044212026995	5f7c42312b35c78d836619df4cd9b6c55bacc0e1042a9707b796f8f8721f7e67	b319a6b128781a01b8a15e9b3f3ff2474a769987ade06a1f8e52a51351d015df
O0	wsf_queue	WsfQueueRemove	0x00538cc8	0x00538cf6	WsfQueueRemove	76	46	30	no	no	f3342ec9a209aa09564af8372084d1d64a7c523bb41ffe1e583debd6e0b90a75	b550d2696c6f4516dd4c4bcb2b3af6c5b79a51092103ddc667cd886042ba5033	0f402195508bc1ed4657886ba1be81ea370a2e4b9b905e2a6cdadd927c965191	35d67e5ced61586a5a215162e33f64fce082df13d34b8c8a2dcccedbd8e94e58	75535054	18847247	f185e24cabaea96949bbbae518c708b7b56f7d814f237574110c044212026995	5f7c42312b35c78d836619df4cd9b6c55bacc0e1042a9707b796f8f8721f7e67	b319a6b128781a01b8a15e9b3f3ff2474a769987ade06a1f8e52a51351d015df
O0	wsf_queue	WsfQueueCount	0x00538cf6	0x00538d16	WsfQueueCount	62	32	30	no	no	cac4a86238439851a86c1d4fcb9ba20021a6a15c2ca868ff6704554cd8959466	270837f505709362f84fc36cc7da2dbd98046cb7c6b69b6037244885361bb86a	a3714377e4b4e929f2f6badfa27ccc303f0abcda6b297e2dbaa57e5dd7f90403	3b18a8f182a79b859ca79bfd5f9a9068dc1b6497f2f8d4cb2ce4a8163f523e8e	75535054	18847247	f185e24cabaea96949bbbae518c708b7b56f7d814f237574110c044212026995	5f7c42312b35c78d836619df4cd9b6c55bacc0e1042a9707b796f8f8721f7e67	b319a6b128781a01b8a15e9b3f3ff2474a769987ade06a1f8e52a51351d015df
O1	wsf_os	WsfCsEnter	0x0052b8a4	0x0052b8b6	WsfCsEnter	24	18	6	no	no	ab22c3ef2c8cddb6404305d56f9ce2b524a6e80b2e922d1c916ef7ac13442e52	e0ff3f4fa338e939616823c70ae7fc13df075b7de32178db2810cf9eb39edb87	a5446b7f781253665748821a1e1022527480fa0a4b62105d8264e2a4070af99a	ecaf8feb6f26e60789b06550c8f5d908cf7d6913e4d9d2e720cf316635ebaca0	104935212	17577846	dda0c435510325624cf1cc0af9183bc878c1cc1c64cadda6f591a4e80efff513	c0e1010a038656fcc6f7033da7578cff8845cb53bdbcb15a033731a194e4eec3	55cf7b292572025c5c185365c8accbbf1d22b5e4792c88eb46348ea399122516
O1	wsf_os	WsfCsExit	0x0052b8b6	0x0052b8c8	WsfCsExit	20	18	2	no	no	7584e545533ab7411e3dc3b352c1c8003a829aa1659db54076aabd2171404cf1	8685a9a54cba4040bb297f58f5bc9e0d5beed1f46a7159363edc8f80648e824c	4e752b0261b87b14410e6130ba811bd20b7ef961db4c244020edc1f54815e4bd	73e498637a31e7c030c730926d7834c10dc05c3f4c0cbf655a3556e4b43d9ce6	104935212	17577846	dda0c435510325624cf1cc0af9183bc878c1cc1c64cadda6f591a4e80efff513	c0e1010a038656fcc6f7033da7578cff8845cb53bdbcb15a033731a194e4eec3	55cf7b292572025c5c185365c8accbbf1d22b5e4792c88eb46348ea399122516
O1	wsf_os	WsfTaskLock	0x0052b8c8	0x0052b8d0	WsfTaskLock	8	8	0	no	no	bcf32a2422f679d984c910bebd3c2a13d9880efa63e60a70a2c5d7bfa5822f3c	4ae68a8cc15e75c482171f6fdd1e56d9bf7a9a787f56a9761e89af9833911f02	de7e4817d86b32d327116a06b269cd1399d6ce33027c5f6da8b7226f066d0cfe	022696e747ab8995c84888fefe1e49b1538690e052ef6bcbb4af6d0c94541069	104935212	17577846	dda0c435510325624cf1cc0af9183bc878c1cc1c64cadda6f591a4e80efff513	c0e1010a038656fcc6f7033da7578cff8845cb53bdbcb15a033731a194e4eec3	55cf7b292572025c5c185365c8accbbf1d22b5e4792c88eb46348ea399122516
O1	wsf_os	WsfTaskUnlock	0x0052b8d0	0x0052b8d8	WsfTaskUnlock	8	8	0	no	no	bcf32a2422f679d984c910bebd3c2a13d9880efa63e60a70a2c5d7bfa5822f3c	19785a8c5eb6c2e10cd274c554a5d7d1b649a94433f558511c02cdb5405397a1	de7e4817d86b32d327116a06b269cd1399d6ce33027c5f6da8b7226f066d0cfe	022696e747ab8995c84888fefe1e49b1538690e052ef6bcbb4af6d0c94541069	104935212	17577846	dda0c435510325624cf1cc0af9183bc878c1cc1c64cadda6f591a4e80efff513	c0e1010a038656fcc6f7033da7578cff8845cb53bdbcb15a033731a194e4eec3	55cf7b292572025c5c185365c8accbbf1d22b5e4792c88eb46348ea399122516
O1	wsf_os	WsfSetOsSpecificEvent	0x0052b8d8	0x0052b91e	WsfSetOsSpecificEvent	88	70	18	no	no	eaba225a89fc2242bb9d139c8a7ca6da8ec4a95b08d4fa9225a3cc3622098af4	a7a1285078ac515a4fea7ad18a50ab44ec84ba9f1c39e07df875dfa0f8681465	5a30347338ce38bfae0f57ac43fabe37766b505f092dc49475ac7c4ef4ae72ae	5bab032b9a03b5da1e125a9f2f46925b105b213fc0e1b627f14929a7e3c1310e	104935212	17577846	dda0c435510325624cf1cc0af9183bc878c1cc1c64cadda6f591a4e80efff513	c0e1010a038656fcc6f7033da7578cff8845cb53bdbcb15a033731a194e4eec3	55cf7b292572025c5c185365c8accbbf1d22b5e4792c88eb46348ea399122516
O1	wsf_os	WsfSetEvent	0x0052b91e	0x0052b95e	WsfSetEvent	56	64	-8	no	no	55df0bc3fbfb15928c38b5ee7ba27c84cc699c78543c5adc2679f623b3f31077	62fda22da8f5aec6255e52e820a4570a593fa4637a710ce93ebfbdca428f7db8	15e1da7c8b4ac86adecf11fd7ba751eb66238e667dfbbff4bc887b8a12027446	724f5a993959a0c2b9228dcf808ca0727989c8c92002333808523bc1b8e9945d	104935212	17577846	dda0c435510325624cf1cc0af9183bc878c1cc1c64cadda6f591a4e80efff513	c0e1010a038656fcc6f7033da7578cff8845cb53bdbcb15a033731a194e4eec3	55cf7b292572025c5c185365c8accbbf1d22b5e4792c88eb46348ea399122516
O1	wsf_os	WsfTaskSetReady	0x0052b95e	0x0052b97c	WsfTaskSetReady	36	30	6	no	no	96f483a0b34e1adbfd95e78289a1cf5562ced4cf05e012c5b91baf3c495ded48	feaf10178e32248aebd53109fd9c1a95e1d757484102fc7a775203160e257ff7	b37da44e4a642e47449c010a90417add61f116a60f05fbbeca3e7e6a956297cd	0639a0781d3e05d201e72ada9ed84a87c59621cfa0099c68397bebe84ed90129	104935212	17577846	dda0c435510325624cf1cc0af9183bc878c1cc1c64cadda6f591a4e80efff513	c0e1010a038656fcc6f7033da7578cff8845cb53bdbcb15a033731a194e4eec3	55cf7b292572025c5c185365c8accbbf1d22b5e4792c88eb46348ea399122516
O1	wsf_os	WsfTaskMsgQueue	0x0052b97c	0x0052b980	WsfTaskMsgQueue	8	4	4	no	no	b24a6a06ea56f14b365afa39f17bf619a2ba1f01fd6dcb230a6766808f254129	c38df642688ef2e1df139d8ba9e7854fe109c68c84bfe8e97010f955fa56291b	811975cc17d6492abc70ae177d2d51b6ec28b8ff47b257e62a4b91f912f4d853	df329c59cf0ae884d28a341c86d7f784817e685c5d35445414c5570c45e4ee46	104935212	17577846	dda0c435510325624cf1cc0af9183bc878c1cc1c64cadda6f591a4e80efff513	c0e1010a038656fcc6f7033da7578cff8845cb53bdbcb15a033731a194e4eec3	55cf7b292572025c5c185365c8accbbf1d22b5e4792c88eb46348ea399122516
O1	wsf_os	WsfOsSetNextHandler	0x0052b980	0x0052b99e	WsfOsSetNextHandler	24	30	-6	no	no	367ccb79195107cab5393b61515398f7b7c44a049a2f767d7a2a3282cda98304	614f7f6c030d12ac7cb0ace224d26318a3089bc47a0d1fc24a17cf51cb7a396b	df6f0b00618d75a3e4419d4266c3f01be899eddad1ec91527f87ea7c6dbfe1d0	6f20c8e8b4cca9a3c57d5215c9a15858808a9905762264a6bd8c8961694d4f02	104935212	17577846	dda0c435510325624cf1cc0af9183bc878c1cc1c64cadda6f591a4e80efff513	c0e1010a038656fcc6f7033da7578cff8845cb53bdbcb15a033731a194e4eec3	55cf7b292572025c5c185365c8accbbf1d22b5e4792c88eb46348ea399122516
O1	wsf_os	wsfOsReadyToSleep	0x0052b99e	0x0052b9b2	wsfOsReadyToSleep	20	20	0	no	no	37b721ba51ea2522d0cf154cfb3e62c0b47c30d44ec790930c4c0ccf2c47043e	633892695925666e4dc9d7d89588807653985ae2321217b58b5c215bb6ab6ebc	31de7ed6c3bd3bf4192c2b42add91ae21bf395f71abdd7932a8861704177069b	2ee7fe67a3ef343a69cf87889f2316f44515d27ec5c6d70f7c699b49eca4fb5a	104935212	17577846	dda0c435510325624cf1cc0af9183bc878c1cc1c64cadda6f591a4e80efff513	c0e1010a038656fcc6f7033da7578cff8845cb53bdbcb15a033731a194e4eec3	55cf7b292572025c5c185365c8accbbf1d22b5e4792c88eb46348ea399122516
O1	wsf_os	WsfOsInit	0x0052b9b2	0x0052b9d0	WsfOsInit	40	30	10	no	no	da91061bb83a8c941a6c9e8a11f70e2bc721351e07c965b45a6cf13dd6bc6451	f9c905e97f08e91afc84d8c6df9ed24e71e26accbea503f8f423f98e8e8ff6bb	abf9f1e3d07e67de969222567af90ddf7fbde4c211b290328eeca7761efde7af	9a0606e882bde29307699799161a591e273941b5e42466ad9f77c1418086a549	104935212	17577846	dda0c435510325624cf1cc0af9183bc878c1cc1c64cadda6f591a4e80efff513	c0e1010a038656fcc6f7033da7578cff8845cb53bdbcb15a033731a194e4eec3	55cf7b292572025c5c185365c8accbbf1d22b5e4792c88eb46348ea399122516
O1	wsf_os	wsfOsDispatcher	0x0052b9d0	0x0052bab8	wsfOsDispatcher	244	232	12	no	no	faf8b2f3db31bfed6c6a0d037cb20cc5559ee5294583aa7329c12ce30d5cf59b	49ba08ce0c35eb58c098babd1ad0e4d68c303c67bf8e2543be552511732474d8	fe3dfbe2e04efa72888c7d0dbadfc25be39c7a74ca5e07405e765ef3b6689829	c52f0e9655fc23f90c04e7533369fcb2b5f4ae5dcf6b1d4a95e6a216b5dd0d73	104935212	17577846	dda0c435510325624cf1cc0af9183bc878c1cc1c64cadda6f591a4e80efff513	c0e1010a038656fcc6f7033da7578cff8845cb53bdbcb15a033731a194e4eec3	55cf7b292572025c5c185365c8accbbf1d22b5e4792c88eb46348ea399122516
O1	wsf_queue	WsfQueueEnq	0x00538c24	0x00538c4a	WsfQueueEnq	34	38	-4	no	no	67b605d99693aedb635627689cefa98195e9c5b7096f9cbe7b4cb988cc87e9d8	30b8240daf336d4037b57b11a420f9adbddf40659ec964e078e736cbeeca94dd	9fa03f8491f2f4fab2e994ec032e6a9cd3d18d3cec200dc47e1c3b4159fe818b	1417a3153f994f11d983514fa775d65a7ca2245b4d06aa6314d5a7331ef90771	104935212	17577846	dda0c435510325624cf1cc0af9183bc878c1cc1c64cadda6f591a4e80efff513	c0e1010a038656fcc6f7033da7578cff8845cb53bdbcb15a033731a194e4eec3	55cf7b292572025c5c185365c8accbbf1d22b5e4792c88eb46348ea399122516
O1	wsf_queue	WsfQueueDeq	0x00538c4a	0x00538c6e	WsfQueueDeq	30	36	-6	no	no	3c23a7734a503c76c41a0204ea43e05de900abb655db12db6ecadf886eb6d6e4	b89add9a6f39622dc9277b91669b4978b136cf95d4c09bff5a8f65d02c3a7080	e1c645912f148655ea9947b3965bf07724b455da8f5e5002d2631c31de9412f1	8103a892191018303c7aac80c6e2d8443cc3a1b4e90534d631789e4749e0b6e9	104935212	17577846	dda0c435510325624cf1cc0af9183bc878c1cc1c64cadda6f591a4e80efff513	c0e1010a038656fcc6f7033da7578cff8845cb53bdbcb15a033731a194e4eec3	55cf7b292572025c5c185365c8accbbf1d22b5e4792c88eb46348ea399122516
O1	wsf_queue	WsfQueuePush	0x00538c6e	0x00538c8c	WsfQueuePush	28	30	-2	no	no	e1d3eb4aaaca7033eec4b2db3fec08822e4d61f959b2c7b4fc03209194e00fa2	19728a8dcc2b9905325e0994927d36eb35491245cf2646e7b329ffe1b7eb09e5	9cae9dd6405555200fd9498ba059e236a6bfb6fd2f62a86613ab712c2a1b35cb	45ac902d523706d379482ce5cbf82fcbd2a345b3ee1f559caf41ff99941e7d9d	104935212	17577846	dda0c435510325624cf1cc0af9183bc878c1cc1c64cadda6f591a4e80efff513	c0e1010a038656fcc6f7033da7578cff8845cb53bdbcb15a033731a194e4eec3	55cf7b292572025c5c185365c8accbbf1d22b5e4792c88eb46348ea399122516
O1	wsf_queue	WsfQueueInsert	0x00538c8c	0x00538cc8	WsfQueueInsert	56	60	-4	no	no	81cbf04705cff6bcd0ff2be7cc731d6e78f2fa59abb906ea37a44bf3e9f715e7	1aac6c02a0605d67564caa4d190a532bf4a1ef9c0f6e11c053326d7812fcc112	1024ccf105d581b547a4517ba8b5b29134ba8f183bd2040d8e5e65c5324a9d8a	ad205bc8b9784b036aa690a1cb3032244863a38fb815fbe7d18f392c919672ba	104935212	17577846	dda0c435510325624cf1cc0af9183bc878c1cc1c64cadda6f591a4e80efff513	c0e1010a038656fcc6f7033da7578cff8845cb53bdbcb15a033731a194e4eec3	55cf7b292572025c5c185365c8accbbf1d22b5e4792c88eb46348ea399122516
O1	wsf_queue	WsfQueueRemove	0x00538cc8	0x00538cf6	WsfQueueRemove	44	46	-2	no	no	476cccb2021ce9d73a71b68c16078976b3e5758704f9d96d7f1b4c626e179e00	b550d2696c6f4516dd4c4bcb2b3af6c5b79a51092103ddc667cd886042ba5033	1e6ed520aed20831fe5a8f284ea9e05ae36875f2a5a7a419b47fb101c168490f	35d67e5ced61586a5a215162e33f64fce082df13d34b8c8a2dcccedbd8e94e58	104935212	17577846	dda0c435510325624cf1cc0af9183bc878c1cc1c64cadda6f591a4e80efff513	c0e1010a038656fcc6f7033da7578cff8845cb53bdbcb15a033731a194e4eec3	55cf7b292572025c5c185365c8accbbf1d22b5e4792c88eb46348ea399122516
O1	wsf_queue	WsfQueueCount	0x00538cf6	0x00538d16	WsfQueueCount	36	32	4	no	no	42cb40379bdcdadee67840d80f8e3b8ca1a614187ffbdf2edf8988b59ce1fd21	270837f505709362f84fc36cc7da2dbd98046cb7c6b69b6037244885361bb86a	ec59272d19e26fec433ad6a1efe574f488e84b3a28e6ee08c0dac28f94a0b5fa	3b18a8f182a79b859ca79bfd5f9a9068dc1b6497f2f8d4cb2ce4a8163f523e8e	104935212	17577846	dda0c435510325624cf1cc0af9183bc878c1cc1c64cadda6f591a4e80efff513	c0e1010a038656fcc6f7033da7578cff8845cb53bdbcb15a033731a194e4eec3	55cf7b292572025c5c185365c8accbbf1d22b5e4792c88eb46348ea399122516
Og	wsf_os	WsfCsEnter	0x0052b8a4	0x0052b8b6	WsfCsEnter	24	18	6	no	no	ab22c3ef2c8cddb6404305d56f9ce2b524a6e80b2e922d1c916ef7ac13442e52	e0ff3f4fa338e939616823c70ae7fc13df075b7de32178db2810cf9eb39edb87	a5446b7f781253665748821a1e1022527480fa0a4b62105d8264e2a4070af99a	ecaf8feb6f26e60789b06550c8f5d908cf7d6913e4d9d2e720cf316635ebaca0	86543664	17425829	12a0e720863be21500b1c56402b1e1bb528d33481635a9534b086df13813adea	ef8e55f6e983baf5c2eff670cb87ec3dcdfd8eadd66948d486e55076b203d492	a9d4a6b0bf684f37c9a5050c6fad576a44df17358f4b24a11daea24ca05fa42b
Og	wsf_os	WsfCsExit	0x0052b8b6	0x0052b8c8	WsfCsExit	20	18	2	no	no	7584e545533ab7411e3dc3b352c1c8003a829aa1659db54076aabd2171404cf1	8685a9a54cba4040bb297f58f5bc9e0d5beed1f46a7159363edc8f80648e824c	4e752b0261b87b14410e6130ba811bd20b7ef961db4c244020edc1f54815e4bd	73e498637a31e7c030c730926d7834c10dc05c3f4c0cbf655a3556e4b43d9ce6	86543664	17425829	12a0e720863be21500b1c56402b1e1bb528d33481635a9534b086df13813adea	ef8e55f6e983baf5c2eff670cb87ec3dcdfd8eadd66948d486e55076b203d492	a9d4a6b0bf684f37c9a5050c6fad576a44df17358f4b24a11daea24ca05fa42b
Og	wsf_os	WsfTaskLock	0x0052b8c8	0x0052b8d0	WsfTaskLock	8	8	0	no	no	bcf32a2422f679d984c910bebd3c2a13d9880efa63e60a70a2c5d7bfa5822f3c	4ae68a8cc15e75c482171f6fdd1e56d9bf7a9a787f56a9761e89af9833911f02	de7e4817d86b32d327116a06b269cd1399d6ce33027c5f6da8b7226f066d0cfe	022696e747ab8995c84888fefe1e49b1538690e052ef6bcbb4af6d0c94541069	86543664	17425829	12a0e720863be21500b1c56402b1e1bb528d33481635a9534b086df13813adea	ef8e55f6e983baf5c2eff670cb87ec3dcdfd8eadd66948d486e55076b203d492	a9d4a6b0bf684f37c9a5050c6fad576a44df17358f4b24a11daea24ca05fa42b
Og	wsf_os	WsfTaskUnlock	0x0052b8d0	0x0052b8d8	WsfTaskUnlock	8	8	0	no	no	bcf32a2422f679d984c910bebd3c2a13d9880efa63e60a70a2c5d7bfa5822f3c	19785a8c5eb6c2e10cd274c554a5d7d1b649a94433f558511c02cdb5405397a1	de7e4817d86b32d327116a06b269cd1399d6ce33027c5f6da8b7226f066d0cfe	022696e747ab8995c84888fefe1e49b1538690e052ef6bcbb4af6d0c94541069	86543664	17425829	12a0e720863be21500b1c56402b1e1bb528d33481635a9534b086df13813adea	ef8e55f6e983baf5c2eff670cb87ec3dcdfd8eadd66948d486e55076b203d492	a9d4a6b0bf684f37c9a5050c6fad576a44df17358f4b24a11daea24ca05fa42b
Og	wsf_os	WsfSetOsSpecificEvent	0x0052b8d8	0x0052b91e	WsfSetOsSpecificEvent	88	70	18	no	no	eaba225a89fc2242bb9d139c8a7ca6da8ec4a95b08d4fa9225a3cc3622098af4	a7a1285078ac515a4fea7ad18a50ab44ec84ba9f1c39e07df875dfa0f8681465	5a30347338ce38bfae0f57ac43fabe37766b505f092dc49475ac7c4ef4ae72ae	5bab032b9a03b5da1e125a9f2f46925b105b213fc0e1b627f14929a7e3c1310e	86543664	17425829	12a0e720863be21500b1c56402b1e1bb528d33481635a9534b086df13813adea	ef8e55f6e983baf5c2eff670cb87ec3dcdfd8eadd66948d486e55076b203d492	a9d4a6b0bf684f37c9a5050c6fad576a44df17358f4b24a11daea24ca05fa42b
Og	wsf_os	WsfSetEvent	0x0052b91e	0x0052b95e	WsfSetEvent	56	64	-8	no	no	b0225b04becd700fa1a38bcad042f31bce52a498c22fc6ac30c6dbe822257fff	62fda22da8f5aec6255e52e820a4570a593fa4637a710ce93ebfbdca428f7db8	d78fdc6719950793755d0a0fa9b5aef2f650fc206c675d6e11bd6370933b000c	724f5a993959a0c2b9228dcf808ca0727989c8c92002333808523bc1b8e9945d	86543664	17425829	12a0e720863be21500b1c56402b1e1bb528d33481635a9534b086df13813adea	ef8e55f6e983baf5c2eff670cb87ec3dcdfd8eadd66948d486e55076b203d492	a9d4a6b0bf684f37c9a5050c6fad576a44df17358f4b24a11daea24ca05fa42b
Og	wsf_os	WsfTaskSetReady	0x0052b95e	0x0052b97c	WsfTaskSetReady	36	30	6	no	no	bd1c7459c5f7e6bd1839dcab6e81c82940a272a2479d4ea820e7b9a9fac444b4	feaf10178e32248aebd53109fd9c1a95e1d757484102fc7a775203160e257ff7	5f1467d2c3a3fe832802402040161eb9998d379f156caa1dac4125ef615e5e56	0639a0781d3e05d201e72ada9ed84a87c59621cfa0099c68397bebe84ed90129	86543664	17425829	12a0e720863be21500b1c56402b1e1bb528d33481635a9534b086df13813adea	ef8e55f6e983baf5c2eff670cb87ec3dcdfd8eadd66948d486e55076b203d492	a9d4a6b0bf684f37c9a5050c6fad576a44df17358f4b24a11daea24ca05fa42b
Og	wsf_os	WsfTaskMsgQueue	0x0052b97c	0x0052b980	WsfTaskMsgQueue	8	4	4	no	no	b24a6a06ea56f14b365afa39f17bf619a2ba1f01fd6dcb230a6766808f254129	c38df642688ef2e1df139d8ba9e7854fe109c68c84bfe8e97010f955fa56291b	811975cc17d6492abc70ae177d2d51b6ec28b8ff47b257e62a4b91f912f4d853	df329c59cf0ae884d28a341c86d7f784817e685c5d35445414c5570c45e4ee46	86543664	17425829	12a0e720863be21500b1c56402b1e1bb528d33481635a9534b086df13813adea	ef8e55f6e983baf5c2eff670cb87ec3dcdfd8eadd66948d486e55076b203d492	a9d4a6b0bf684f37c9a5050c6fad576a44df17358f4b24a11daea24ca05fa42b
Og	wsf_os	WsfOsSetNextHandler	0x0052b980	0x0052b99e	WsfOsSetNextHandler	24	30	-6	no	no	367ccb79195107cab5393b61515398f7b7c44a049a2f767d7a2a3282cda98304	614f7f6c030d12ac7cb0ace224d26318a3089bc47a0d1fc24a17cf51cb7a396b	df6f0b00618d75a3e4419d4266c3f01be899eddad1ec91527f87ea7c6dbfe1d0	6f20c8e8b4cca9a3c57d5215c9a15858808a9905762264a6bd8c8961694d4f02	86543664	17425829	12a0e720863be21500b1c56402b1e1bb528d33481635a9534b086df13813adea	ef8e55f6e983baf5c2eff670cb87ec3dcdfd8eadd66948d486e55076b203d492	a9d4a6b0bf684f37c9a5050c6fad576a44df17358f4b24a11daea24ca05fa42b
Og	wsf_os	wsfOsReadyToSleep	0x0052b99e	0x0052b9b2	wsfOsReadyToSleep	20	20	0	no	no	37b721ba51ea2522d0cf154cfb3e62c0b47c30d44ec790930c4c0ccf2c47043e	633892695925666e4dc9d7d89588807653985ae2321217b58b5c215bb6ab6ebc	31de7ed6c3bd3bf4192c2b42add91ae21bf395f71abdd7932a8861704177069b	2ee7fe67a3ef343a69cf87889f2316f44515d27ec5c6d70f7c699b49eca4fb5a	86543664	17425829	12a0e720863be21500b1c56402b1e1bb528d33481635a9534b086df13813adea	ef8e55f6e983baf5c2eff670cb87ec3dcdfd8eadd66948d486e55076b203d492	a9d4a6b0bf684f37c9a5050c6fad576a44df17358f4b24a11daea24ca05fa42b
Og	wsf_os	WsfOsInit	0x0052b9b2	0x0052b9d0	WsfOsInit	40	30	10	no	no	da91061bb83a8c941a6c9e8a11f70e2bc721351e07c965b45a6cf13dd6bc6451	f9c905e97f08e91afc84d8c6df9ed24e71e26accbea503f8f423f98e8e8ff6bb	abf9f1e3d07e67de969222567af90ddf7fbde4c211b290328eeca7761efde7af	9a0606e882bde29307699799161a591e273941b5e42466ad9f77c1418086a549	86543664	17425829	12a0e720863be21500b1c56402b1e1bb528d33481635a9534b086df13813adea	ef8e55f6e983baf5c2eff670cb87ec3dcdfd8eadd66948d486e55076b203d492	a9d4a6b0bf684f37c9a5050c6fad576a44df17358f4b24a11daea24ca05fa42b
Og	wsf_os	wsfOsDispatcher	0x0052b9d0	0x0052bab8	wsfOsDispatcher	244	232	12	no	no	cf2943165c65a1c6cc80071dcbb0eedf8f800001a86666b5ec1d2ccb6015bd77	49ba08ce0c35eb58c098babd1ad0e4d68c303c67bf8e2543be552511732474d8	84728e90acbe6b1169cf7a254b9019a159c6714c26ae1240b6fac8999bb3714c	c52f0e9655fc23f90c04e7533369fcb2b5f4ae5dcf6b1d4a95e6a216b5dd0d73	86543664	17425829	12a0e720863be21500b1c56402b1e1bb528d33481635a9534b086df13813adea	ef8e55f6e983baf5c2eff670cb87ec3dcdfd8eadd66948d486e55076b203d492	a9d4a6b0bf684f37c9a5050c6fad576a44df17358f4b24a11daea24ca05fa42b
Og	wsf_queue	WsfQueueEnq	0x00538c24	0x00538c4a	WsfQueueEnq	36	38	-2	no	no	1bc2b15b7d042b8896719eae4c980fc92a5df329363459422e9a7c84b6eef2b7	30b8240daf336d4037b57b11a420f9adbddf40659ec964e078e736cbeeca94dd	b242f005b128841c4e6a27172fa6c60d3a82a2ec7443a3dfa48449e1cb105dec	1417a3153f994f11d983514fa775d65a7ca2245b4d06aa6314d5a7331ef90771	86543664	17425829	12a0e720863be21500b1c56402b1e1bb528d33481635a9534b086df13813adea	ef8e55f6e983baf5c2eff670cb87ec3dcdfd8eadd66948d486e55076b203d492	a9d4a6b0bf684f37c9a5050c6fad576a44df17358f4b24a11daea24ca05fa42b
Og	wsf_queue	WsfQueueDeq	0x00538c4a	0x00538c6e	WsfQueueDeq	30	36	-6	no	no	3c23a7734a503c76c41a0204ea43e05de900abb655db12db6ecadf886eb6d6e4	b89add9a6f39622dc9277b91669b4978b136cf95d4c09bff5a8f65d02c3a7080	e1c645912f148655ea9947b3965bf07724b455da8f5e5002d2631c31de9412f1	8103a892191018303c7aac80c6e2d8443cc3a1b4e90534d631789e4749e0b6e9	86543664	17425829	12a0e720863be21500b1c56402b1e1bb528d33481635a9534b086df13813adea	ef8e55f6e983baf5c2eff670cb87ec3dcdfd8eadd66948d486e55076b203d492	a9d4a6b0bf684f37c9a5050c6fad576a44df17358f4b24a11daea24ca05fa42b
Og	wsf_queue	WsfQueuePush	0x00538c6e	0x00538c8c	WsfQueuePush	28	30	-2	no	no	e1d3eb4aaaca7033eec4b2db3fec08822e4d61f959b2c7b4fc03209194e00fa2	19728a8dcc2b9905325e0994927d36eb35491245cf2646e7b329ffe1b7eb09e5	9cae9dd6405555200fd9498ba059e236a6bfb6fd2f62a86613ab712c2a1b35cb	45ac902d523706d379482ce5cbf82fcbd2a345b3ee1f559caf41ff99941e7d9d	86543664	17425829	12a0e720863be21500b1c56402b1e1bb528d33481635a9534b086df13813adea	ef8e55f6e983baf5c2eff670cb87ec3dcdfd8eadd66948d486e55076b203d492	a9d4a6b0bf684f37c9a5050c6fad576a44df17358f4b24a11daea24ca05fa42b
Og	wsf_queue	WsfQueueInsert	0x00538c8c	0x00538cc8	WsfQueueInsert	56	60	-4	no	no	81cbf04705cff6bcd0ff2be7cc731d6e78f2fa59abb906ea37a44bf3e9f715e7	1aac6c02a0605d67564caa4d190a532bf4a1ef9c0f6e11c053326d7812fcc112	1024ccf105d581b547a4517ba8b5b29134ba8f183bd2040d8e5e65c5324a9d8a	ad205bc8b9784b036aa690a1cb3032244863a38fb815fbe7d18f392c919672ba	86543664	17425829	12a0e720863be21500b1c56402b1e1bb528d33481635a9534b086df13813adea	ef8e55f6e983baf5c2eff670cb87ec3dcdfd8eadd66948d486e55076b203d492	a9d4a6b0bf684f37c9a5050c6fad576a44df17358f4b24a11daea24ca05fa42b
Og	wsf_queue	WsfQueueRemove	0x00538cc8	0x00538cf6	WsfQueueRemove	46	46	0	no	no	29701d20a4659c644d96410963647b248bde3e8de92f71ba3219ca3fd94b5a10	b550d2696c6f4516dd4c4bcb2b3af6c5b79a51092103ddc667cd886042ba5033	eeddc978e4f6830ef105888bf24f12520809ba47665d97046890d698e27a3813	35d67e5ced61586a5a215162e33f64fce082df13d34b8c8a2dcccedbd8e94e58	86543664	17425829	12a0e720863be21500b1c56402b1e1bb528d33481635a9534b086df13813adea	ef8e55f6e983baf5c2eff670cb87ec3dcdfd8eadd66948d486e55076b203d492	a9d4a6b0bf684f37c9a5050c6fad576a44df17358f4b24a11daea24ca05fa42b
Og	wsf_queue	WsfQueueCount	0x00538cf6	0x00538d16	WsfQueueCount	32	32	0	no	no	cb12ef13bf35817efa36a155213f0e33362925d4f29491aa5f63cee4a1965211	270837f505709362f84fc36cc7da2dbd98046cb7c6b69b6037244885361bb86a	c4efdc9450512bfc331d1b3a9ed24dd54c9f3a3ed76b6b2c1fdee0e21ec77fc4	3b18a8f182a79b859ca79bfd5f9a9068dc1b6497f2f8d4cb2ce4a8163f523e8e	86543664	17425829	12a0e720863be21500b1c56402b1e1bb528d33481635a9534b086df13813adea	ef8e55f6e983baf5c2eff670cb87ec3dcdfd8eadd66948d486e55076b203d492	a9d4a6b0bf684f37c9a5050c6fad576a44df17358f4b24a11daea24ca05fa42b
Og_nosibling	wsf_os	WsfCsEnter	0x0052b8a4	0x0052b8b6	WsfCsEnter	24	18	6	no	no	ab22c3ef2c8cddb6404305d56f9ce2b524a6e80b2e922d1c916ef7ac13442e52	e0ff3f4fa338e939616823c70ae7fc13df075b7de32178db2810cf9eb39edb87	a5446b7f781253665748821a1e1022527480fa0a4b62105d8264e2a4070af99a	ecaf8feb6f26e60789b06550c8f5d908cf7d6913e4d9d2e720cf316635ebaca0	88203851	18785451	12a0e720863be21500b1c56402b1e1bb528d33481635a9534b086df13813adea	ef8e55f6e983baf5c2eff670cb87ec3dcdfd8eadd66948d486e55076b203d492	a9d4a6b0bf684f37c9a5050c6fad576a44df17358f4b24a11daea24ca05fa42b
Og_nosibling	wsf_os	WsfCsExit	0x0052b8b6	0x0052b8c8	WsfCsExit	20	18	2	no	no	7584e545533ab7411e3dc3b352c1c8003a829aa1659db54076aabd2171404cf1	8685a9a54cba4040bb297f58f5bc9e0d5beed1f46a7159363edc8f80648e824c	4e752b0261b87b14410e6130ba811bd20b7ef961db4c244020edc1f54815e4bd	73e498637a31e7c030c730926d7834c10dc05c3f4c0cbf655a3556e4b43d9ce6	88203851	18785451	12a0e720863be21500b1c56402b1e1bb528d33481635a9534b086df13813adea	ef8e55f6e983baf5c2eff670cb87ec3dcdfd8eadd66948d486e55076b203d492	a9d4a6b0bf684f37c9a5050c6fad576a44df17358f4b24a11daea24ca05fa42b
Og_nosibling	wsf_os	WsfTaskLock	0x0052b8c8	0x0052b8d0	WsfTaskLock	8	8	0	no	no	bcf32a2422f679d984c910bebd3c2a13d9880efa63e60a70a2c5d7bfa5822f3c	4ae68a8cc15e75c482171f6fdd1e56d9bf7a9a787f56a9761e89af9833911f02	de7e4817d86b32d327116a06b269cd1399d6ce33027c5f6da8b7226f066d0cfe	022696e747ab8995c84888fefe1e49b1538690e052ef6bcbb4af6d0c94541069	88203851	18785451	12a0e720863be21500b1c56402b1e1bb528d33481635a9534b086df13813adea	ef8e55f6e983baf5c2eff670cb87ec3dcdfd8eadd66948d486e55076b203d492	a9d4a6b0bf684f37c9a5050c6fad576a44df17358f4b24a11daea24ca05fa42b
Og_nosibling	wsf_os	WsfTaskUnlock	0x0052b8d0	0x0052b8d8	WsfTaskUnlock	8	8	0	no	no	bcf32a2422f679d984c910bebd3c2a13d9880efa63e60a70a2c5d7bfa5822f3c	19785a8c5eb6c2e10cd274c554a5d7d1b649a94433f558511c02cdb5405397a1	de7e4817d86b32d327116a06b269cd1399d6ce33027c5f6da8b7226f066d0cfe	022696e747ab8995c84888fefe1e49b1538690e052ef6bcbb4af6d0c94541069	88203851	18785451	12a0e720863be21500b1c56402b1e1bb528d33481635a9534b086df13813adea	ef8e55f6e983baf5c2eff670cb87ec3dcdfd8eadd66948d486e55076b203d492	a9d4a6b0bf684f37c9a5050c6fad576a44df17358f4b24a11daea24ca05fa42b
Og_nosibling	wsf_os	WsfSetOsSpecificEvent	0x0052b8d8	0x0052b91e	WsfSetOsSpecificEvent	88	70	18	no	no	eaba225a89fc2242bb9d139c8a7ca6da8ec4a95b08d4fa9225a3cc3622098af4	a7a1285078ac515a4fea7ad18a50ab44ec84ba9f1c39e07df875dfa0f8681465	5a30347338ce38bfae0f57ac43fabe37766b505f092dc49475ac7c4ef4ae72ae	5bab032b9a03b5da1e125a9f2f46925b105b213fc0e1b627f14929a7e3c1310e	88203851	18785451	12a0e720863be21500b1c56402b1e1bb528d33481635a9534b086df13813adea	ef8e55f6e983baf5c2eff670cb87ec3dcdfd8eadd66948d486e55076b203d492	a9d4a6b0bf684f37c9a5050c6fad576a44df17358f4b24a11daea24ca05fa42b
Og_nosibling	wsf_os	WsfSetEvent	0x0052b91e	0x0052b95e	WsfSetEvent	56	64	-8	no	no	b0225b04becd700fa1a38bcad042f31bce52a498c22fc6ac30c6dbe822257fff	62fda22da8f5aec6255e52e820a4570a593fa4637a710ce93ebfbdca428f7db8	d78fdc6719950793755d0a0fa9b5aef2f650fc206c675d6e11bd6370933b000c	724f5a993959a0c2b9228dcf808ca0727989c8c92002333808523bc1b8e9945d	88203851	18785451	12a0e720863be21500b1c56402b1e1bb528d33481635a9534b086df13813adea	ef8e55f6e983baf5c2eff670cb87ec3dcdfd8eadd66948d486e55076b203d492	a9d4a6b0bf684f37c9a5050c6fad576a44df17358f4b24a11daea24ca05fa42b
Og_nosibling	wsf_os	WsfTaskSetReady	0x0052b95e	0x0052b97c	WsfTaskSetReady	36	30	6	no	no	bd1c7459c5f7e6bd1839dcab6e81c82940a272a2479d4ea820e7b9a9fac444b4	feaf10178e32248aebd53109fd9c1a95e1d757484102fc7a775203160e257ff7	5f1467d2c3a3fe832802402040161eb9998d379f156caa1dac4125ef615e5e56	0639a0781d3e05d201e72ada9ed84a87c59621cfa0099c68397bebe84ed90129	88203851	18785451	12a0e720863be21500b1c56402b1e1bb528d33481635a9534b086df13813adea	ef8e55f6e983baf5c2eff670cb87ec3dcdfd8eadd66948d486e55076b203d492	a9d4a6b0bf684f37c9a5050c6fad576a44df17358f4b24a11daea24ca05fa42b
Og_nosibling	wsf_os	WsfTaskMsgQueue	0x0052b97c	0x0052b980	WsfTaskMsgQueue	8	4	4	no	no	b24a6a06ea56f14b365afa39f17bf619a2ba1f01fd6dcb230a6766808f254129	c38df642688ef2e1df139d8ba9e7854fe109c68c84bfe8e97010f955fa56291b	811975cc17d6492abc70ae177d2d51b6ec28b8ff47b257e62a4b91f912f4d853	df329c59cf0ae884d28a341c86d7f784817e685c5d35445414c5570c45e4ee46	88203851	18785451	12a0e720863be21500b1c56402b1e1bb528d33481635a9534b086df13813adea	ef8e55f6e983baf5c2eff670cb87ec3dcdfd8eadd66948d486e55076b203d492	a9d4a6b0bf684f37c9a5050c6fad576a44df17358f4b24a11daea24ca05fa42b
Og_nosibling	wsf_os	WsfOsSetNextHandler	0x0052b980	0x0052b99e	WsfOsSetNextHandler	24	30	-6	no	no	367ccb79195107cab5393b61515398f7b7c44a049a2f767d7a2a3282cda98304	614f7f6c030d12ac7cb0ace224d26318a3089bc47a0d1fc24a17cf51cb7a396b	df6f0b00618d75a3e4419d4266c3f01be899eddad1ec91527f87ea7c6dbfe1d0	6f20c8e8b4cca9a3c57d5215c9a15858808a9905762264a6bd8c8961694d4f02	88203851	18785451	12a0e720863be21500b1c56402b1e1bb528d33481635a9534b086df13813adea	ef8e55f6e983baf5c2eff670cb87ec3dcdfd8eadd66948d486e55076b203d492	a9d4a6b0bf684f37c9a5050c6fad576a44df17358f4b24a11daea24ca05fa42b
Og_nosibling	wsf_os	wsfOsReadyToSleep	0x0052b99e	0x0052b9b2	wsfOsReadyToSleep	20	20	0	no	no	37b721ba51ea2522d0cf154cfb3e62c0b47c30d44ec790930c4c0ccf2c47043e	633892695925666e4dc9d7d89588807653985ae2321217b58b5c215bb6ab6ebc	31de7ed6c3bd3bf4192c2b42add91ae21bf395f71abdd7932a8861704177069b	2ee7fe67a3ef343a69cf87889f2316f44515d27ec5c6d70f7c699b49eca4fb5a	88203851	18785451	12a0e720863be21500b1c56402b1e1bb528d33481635a9534b086df13813adea	ef8e55f6e983baf5c2eff670cb87ec3dcdfd8eadd66948d486e55076b203d492	a9d4a6b0bf684f37c9a5050c6fad576a44df17358f4b24a11daea24ca05fa42b
Og_nosibling	wsf_os	WsfOsInit	0x0052b9b2	0x0052b9d0	WsfOsInit	40	30	10	no	no	da91061bb83a8c941a6c9e8a11f70e2bc721351e07c965b45a6cf13dd6bc6451	f9c905e97f08e91afc84d8c6df9ed24e71e26accbea503f8f423f98e8e8ff6bb	abf9f1e3d07e67de969222567af90ddf7fbde4c211b290328eeca7761efde7af	9a0606e882bde29307699799161a591e273941b5e42466ad9f77c1418086a549	88203851	18785451	12a0e720863be21500b1c56402b1e1bb528d33481635a9534b086df13813adea	ef8e55f6e983baf5c2eff670cb87ec3dcdfd8eadd66948d486e55076b203d492	a9d4a6b0bf684f37c9a5050c6fad576a44df17358f4b24a11daea24ca05fa42b
Og_nosibling	wsf_os	wsfOsDispatcher	0x0052b9d0	0x0052bab8	wsfOsDispatcher	244	232	12	no	no	cf2943165c65a1c6cc80071dcbb0eedf8f800001a86666b5ec1d2ccb6015bd77	49ba08ce0c35eb58c098babd1ad0e4d68c303c67bf8e2543be552511732474d8	84728e90acbe6b1169cf7a254b9019a159c6714c26ae1240b6fac8999bb3714c	c52f0e9655fc23f90c04e7533369fcb2b5f4ae5dcf6b1d4a95e6a216b5dd0d73	88203851	18785451	12a0e720863be21500b1c56402b1e1bb528d33481635a9534b086df13813adea	ef8e55f6e983baf5c2eff670cb87ec3dcdfd8eadd66948d486e55076b203d492	a9d4a6b0bf684f37c9a5050c6fad576a44df17358f4b24a11daea24ca05fa42b
Og_nosibling	wsf_queue	WsfQueueEnq	0x00538c24	0x00538c4a	WsfQueueEnq	36	38	-2	no	no	1bc2b15b7d042b8896719eae4c980fc92a5df329363459422e9a7c84b6eef2b7	30b8240daf336d4037b57b11a420f9adbddf40659ec964e078e736cbeeca94dd	b242f005b128841c4e6a27172fa6c60d3a82a2ec7443a3dfa48449e1cb105dec	1417a3153f994f11d983514fa775d65a7ca2245b4d06aa6314d5a7331ef90771	88203851	18785451	12a0e720863be21500b1c56402b1e1bb528d33481635a9534b086df13813adea	ef8e55f6e983baf5c2eff670cb87ec3dcdfd8eadd66948d486e55076b203d492	a9d4a6b0bf684f37c9a5050c6fad576a44df17358f4b24a11daea24ca05fa42b
Og_nosibling	wsf_queue	WsfQueueDeq	0x00538c4a	0x00538c6e	WsfQueueDeq	30	36	-6	no	no	3c23a7734a503c76c41a0204ea43e05de900abb655db12db6ecadf886eb6d6e4	b89add9a6f39622dc9277b91669b4978b136cf95d4c09bff5a8f65d02c3a7080	e1c645912f148655ea9947b3965bf07724b455da8f5e5002d2631c31de9412f1	8103a892191018303c7aac80c6e2d8443cc3a1b4e90534d631789e4749e0b6e9	88203851	18785451	12a0e720863be21500b1c56402b1e1bb528d33481635a9534b086df13813adea	ef8e55f6e983baf5c2eff670cb87ec3dcdfd8eadd66948d486e55076b203d492	a9d4a6b0bf684f37c9a5050c6fad576a44df17358f4b24a11daea24ca05fa42b
Og_nosibling	wsf_queue	WsfQueuePush	0x00538c6e	0x00538c8c	WsfQueuePush	28	30	-2	no	no	e1d3eb4aaaca7033eec4b2db3fec08822e4d61f959b2c7b4fc03209194e00fa2	19728a8dcc2b9905325e0994927d36eb35491245cf2646e7b329ffe1b7eb09e5	9cae9dd6405555200fd9498ba059e236a6bfb6fd2f62a86613ab712c2a1b35cb	45ac902d523706d379482ce5cbf82fcbd2a345b3ee1f559caf41ff99941e7d9d	88203851	18785451	12a0e720863be21500b1c56402b1e1bb528d33481635a9534b086df13813adea	ef8e55f6e983baf5c2eff670cb87ec3dcdfd8eadd66948d486e55076b203d492	a9d4a6b0bf684f37c9a5050c6fad576a44df17358f4b24a11daea24ca05fa42b
Og_nosibling	wsf_queue	WsfQueueInsert	0x00538c8c	0x00538cc8	WsfQueueInsert	56	60	-4	no	no	81cbf04705cff6bcd0ff2be7cc731d6e78f2fa59abb906ea37a44bf3e9f715e7	1aac6c02a0605d67564caa4d190a532bf4a1ef9c0f6e11c053326d7812fcc112	1024ccf105d581b547a4517ba8b5b29134ba8f183bd2040d8e5e65c5324a9d8a	ad205bc8b9784b036aa690a1cb3032244863a38fb815fbe7d18f392c919672ba	88203851	18785451	12a0e720863be21500b1c56402b1e1bb528d33481635a9534b086df13813adea	ef8e55f6e983baf5c2eff670cb87ec3dcdfd8eadd66948d486e55076b203d492	a9d4a6b0bf684f37c9a5050c6fad576a44df17358f4b24a11daea24ca05fa42b
Og_nosibling	wsf_queue	WsfQueueRemove	0x00538cc8	0x00538cf6	WsfQueueRemove	46	46	0	no	no	29701d20a4659c644d96410963647b248bde3e8de92f71ba3219ca3fd94b5a10	b550d2696c6f4516dd4c4bcb2b3af6c5b79a51092103ddc667cd886042ba5033	eeddc978e4f6830ef105888bf24f12520809ba47665d97046890d698e27a3813	35d67e5ced61586a5a215162e33f64fce082df13d34b8c8a2dcccedbd8e94e58	88203851	18785451	12a0e720863be21500b1c56402b1e1bb528d33481635a9534b086df13813adea	ef8e55f6e983baf5c2eff670cb87ec3dcdfd8eadd66948d486e55076b203d492	a9d4a6b0bf684f37c9a5050c6fad576a44df17358f4b24a11daea24ca05fa42b
Og_nosibling	wsf_queue	WsfQueueCount	0x00538cf6	0x00538d16	WsfQueueCount	32	32	0	no	no	cb12ef13bf35817efa36a155213f0e33362925d4f29491aa5f63cee4a1965211	270837f505709362f84fc36cc7da2dbd98046cb7c6b69b6037244885361bb86a	c4efdc9450512bfc331d1b3a9ed24dd54c9f3a3ed76b6b2c1fdee0e21ec77fc4	3b18a8f182a79b859ca79bfd5f9a9068dc1b6497f2f8d4cb2ce4a8163f523e8e	88203851	18785451	12a0e720863be21500b1c56402b1e1bb528d33481635a9534b086df13813adea	ef8e55f6e983baf5c2eff670cb87ec3dcdfd8eadd66948d486e55076b203d492	a9d4a6b0bf684f37c9a5050c6fad576a44df17358f4b24a11daea24ca05fa42b
O2	wsf_os	WsfCsEnter	0x0052b8a4	0x0052b8b6	WsfCsEnter	20	18	2	no	no	420ce05ca8793fc686f118705829236c0a8c500c6845b14717c983291c7888b2	e0ff3f4fa338e939616823c70ae7fc13df075b7de32178db2810cf9eb39edb87	b2c8b6aba598bfa068418edee16a9fef1d217f1445fb50d566eca92536d6a986	ecaf8feb6f26e60789b06550c8f5d908cf7d6913e4d9d2e720cf316635ebaca0	143041723	20836304	9a8fc2a8feb642809371611ecfdb3347177f26419b0595e6b39ca67f446208e4	b6faef2795bc0f54cd61a4789df8fa59626f7da943d5d55080f898522e0eae6a	f162f56f29441f266b53be2f7487cafebcdda045e684e5362bd36547bb44a892
O2	wsf_os	WsfCsExit	0x0052b8b6	0x0052b8c8	WsfCsExit	20	18	2	no	no	7584e545533ab7411e3dc3b352c1c8003a829aa1659db54076aabd2171404cf1	8685a9a54cba4040bb297f58f5bc9e0d5beed1f46a7159363edc8f80648e824c	4e752b0261b87b14410e6130ba811bd20b7ef961db4c244020edc1f54815e4bd	73e498637a31e7c030c730926d7834c10dc05c3f4c0cbf655a3556e4b43d9ce6	143041723	20836304	9a8fc2a8feb642809371611ecfdb3347177f26419b0595e6b39ca67f446208e4	b6faef2795bc0f54cd61a4789df8fa59626f7da943d5d55080f898522e0eae6a	f162f56f29441f266b53be2f7487cafebcdda045e684e5362bd36547bb44a892
O2	wsf_os	WsfTaskLock	0x0052b8c8	0x0052b8d0	WsfTaskLock	20	8	12	no	no	420ce05ca8793fc686f118705829236c0a8c500c6845b14717c983291c7888b2	4ae68a8cc15e75c482171f6fdd1e56d9bf7a9a787f56a9761e89af9833911f02	b2c8b6aba598bfa068418edee16a9fef1d217f1445fb50d566eca92536d6a986	022696e747ab8995c84888fefe1e49b1538690e052ef6bcbb4af6d0c94541069	143041723	20836304	9a8fc2a8feb642809371611ecfdb3347177f26419b0595e6b39ca67f446208e4	b6faef2795bc0f54cd61a4789df8fa59626f7da943d5d55080f898522e0eae6a	f162f56f29441f266b53be2f7487cafebcdda045e684e5362bd36547bb44a892
O2	wsf_os	WsfTaskUnlock	0x0052b8d0	0x0052b8d8	WsfTaskUnlock	20	8	12	no	no	7584e545533ab7411e3dc3b352c1c8003a829aa1659db54076aabd2171404cf1	19785a8c5eb6c2e10cd274c554a5d7d1b649a94433f558511c02cdb5405397a1	4e752b0261b87b14410e6130ba811bd20b7ef961db4c244020edc1f54815e4bd	022696e747ab8995c84888fefe1e49b1538690e052ef6bcbb4af6d0c94541069	143041723	20836304	9a8fc2a8feb642809371611ecfdb3347177f26419b0595e6b39ca67f446208e4	b6faef2795bc0f54cd61a4789df8fa59626f7da943d5d55080f898522e0eae6a	f162f56f29441f266b53be2f7487cafebcdda045e684e5362bd36547bb44a892
O2	wsf_os	WsfSetOsSpecificEvent	0x0052b8d8	0x0052b91e	WsfSetOsSpecificEvent	16	70	-54	no	no	94c48340f683e91c18ed770ade2b6db259558e75fc759bfe282d06f3dea712b3	a7a1285078ac515a4fea7ad18a50ab44ec84ba9f1c39e07df875dfa0f8681465	caffa324f927f53fa46939570dc29cc4a346290f8f305a4d84caaa3bc9b406f2	5bab032b9a03b5da1e125a9f2f46925b105b213fc0e1b627f14929a7e3c1310e	143041723	20836304	9a8fc2a8feb642809371611ecfdb3347177f26419b0595e6b39ca67f446208e4	b6faef2795bc0f54cd61a4789df8fa59626f7da943d5d55080f898522e0eae6a	f162f56f29441f266b53be2f7487cafebcdda045e684e5362bd36547bb44a892
O2	wsf_os	WsfSetEvent	0x0052b91e	0x0052b95e	WsfSetEvent	116	64	52	no	no	80c6ef05005c89eefc8589a37daae6588f5867abe70e681aad817dee12453879	62fda22da8f5aec6255e52e820a4570a593fa4637a710ce93ebfbdca428f7db8	7a4f67481509907c50e8939921d77a7b4003678b2dc907f8b7cece5de34dd6c1	724f5a993959a0c2b9228dcf808ca0727989c8c92002333808523bc1b8e9945d	143041723	20836304	9a8fc2a8feb642809371611ecfdb3347177f26419b0595e6b39ca67f446208e4	b6faef2795bc0f54cd61a4789df8fa59626f7da943d5d55080f898522e0eae6a	f162f56f29441f266b53be2f7487cafebcdda045e684e5362bd36547bb44a892
O2	wsf_os	WsfTaskSetReady	0x0052b95e	0x0052b97c	WsfTaskSetReady	72	30	42	no	no	515d3e27ec9d9deeab7481ac5699c47b20e84f35bd12803c6ac4d302132d99b9	feaf10178e32248aebd53109fd9c1a95e1d757484102fc7a775203160e257ff7	47f43f5e5090e5cd9f53626c227960e1dcbbd33c29396c59debc552a4fcb28f8	0639a0781d3e05d201e72ada9ed84a87c59621cfa0099c68397bebe84ed90129	143041723	20836304	9a8fc2a8feb642809371611ecfdb3347177f26419b0595e6b39ca67f446208e4	b6faef2795bc0f54cd61a4789df8fa59626f7da943d5d55080f898522e0eae6a	f162f56f29441f266b53be2f7487cafebcdda045e684e5362bd36547bb44a892
O2	wsf_os	WsfTaskMsgQueue	0x0052b97c	0x0052b980	WsfTaskMsgQueue	8	4	4	no	no	b24a6a06ea56f14b365afa39f17bf619a2ba1f01fd6dcb230a6766808f254129	c38df642688ef2e1df139d8ba9e7854fe109c68c84bfe8e97010f955fa56291b	811975cc17d6492abc70ae177d2d51b6ec28b8ff47b257e62a4b91f912f4d853	df329c59cf0ae884d28a341c86d7f784817e685c5d35445414c5570c45e4ee46	143041723	20836304	9a8fc2a8feb642809371611ecfdb3347177f26419b0595e6b39ca67f446208e4	b6faef2795bc0f54cd61a4789df8fa59626f7da943d5d55080f898522e0eae6a	f162f56f29441f266b53be2f7487cafebcdda045e684e5362bd36547bb44a892
O2	wsf_os	WsfOsSetNextHandler	0x0052b980	0x0052b99e	WsfOsSetNextHandler	24	30	-6	no	no	53dd3ef758061b7767e320d5f8f9fca9d0857cc83225311f2134457501c428c3	614f7f6c030d12ac7cb0ace224d26318a3089bc47a0d1fc24a17cf51cb7a396b	b7895f5f36b37fcef267b84e7eafe7a68cc7fb968b16cb76fde3103d34bce267	6f20c8e8b4cca9a3c57d5215c9a15858808a9905762264a6bd8c8961694d4f02	143041723	20836304	9a8fc2a8feb642809371611ecfdb3347177f26419b0595e6b39ca67f446208e4	b6faef2795bc0f54cd61a4789df8fa59626f7da943d5d55080f898522e0eae6a	f162f56f29441f266b53be2f7487cafebcdda045e684e5362bd36547bb44a892
O2	wsf_os	wsfOsReadyToSleep	0x0052b99e	0x0052b9b2	wsfOsReadyToSleep	20	20	0	no	no	37b721ba51ea2522d0cf154cfb3e62c0b47c30d44ec790930c4c0ccf2c47043e	633892695925666e4dc9d7d89588807653985ae2321217b58b5c215bb6ab6ebc	31de7ed6c3bd3bf4192c2b42add91ae21bf395f71abdd7932a8861704177069b	2ee7fe67a3ef343a69cf87889f2316f44515d27ec5c6d70f7c699b49eca4fb5a	143041723	20836304	9a8fc2a8feb642809371611ecfdb3347177f26419b0595e6b39ca67f446208e4	b6faef2795bc0f54cd61a4789df8fa59626f7da943d5d55080f898522e0eae6a	f162f56f29441f266b53be2f7487cafebcdda045e684e5362bd36547bb44a892
O2	wsf_os	WsfOsInit	0x0052b9b2	0x0052b9d0	WsfOsInit	36	30	6	no	no	863103cd5cc8a88a4e55cc3e106a9ed9081035029b10c55bac0808f4622e6731	f9c905e97f08e91afc84d8c6df9ed24e71e26accbea503f8f423f98e8e8ff6bb	4d0c2592c966c1e4ad66fe6e6c0235ef072df82e1a5b408d17d31a9ed15cd37a	9a0606e882bde29307699799161a591e273941b5e42466ad9f77c1418086a549	143041723	20836304	9a8fc2a8feb642809371611ecfdb3347177f26419b0595e6b39ca67f446208e4	b6faef2795bc0f54cd61a4789df8fa59626f7da943d5d55080f898522e0eae6a	f162f56f29441f266b53be2f7487cafebcdda045e684e5362bd36547bb44a892
O2	wsf_os	wsfOsDispatcher	0x0052b9d0	0x0052bab8	wsfOsDispatcher	272	232	40	no	no	1a868a17fe138993654bdde1e227b0a911d6c99dfab405f152c30c6865d94fe7	49ba08ce0c35eb58c098babd1ad0e4d68c303c67bf8e2543be552511732474d8	b8f9abdeb11c1b7d98a6693f5a29ba40b56dcef33599cb3d639ec67f5169f4de	c52f0e9655fc23f90c04e7533369fcb2b5f4ae5dcf6b1d4a95e6a216b5dd0d73	143041723	20836304	9a8fc2a8feb642809371611ecfdb3347177f26419b0595e6b39ca67f446208e4	b6faef2795bc0f54cd61a4789df8fa59626f7da943d5d55080f898522e0eae6a	f162f56f29441f266b53be2f7487cafebcdda045e684e5362bd36547bb44a892
O2	wsf_queue	WsfQueueEnq	0x00538c24	0x00538c4a	WsfQueueEnq	44	38	6	no	no	ce7c3bf0e1a472eddbb976513fab54aa58584ae8d3a77d2448148b1c36052cf3	30b8240daf336d4037b57b11a420f9adbddf40659ec964e078e736cbeeca94dd	6a1f66f402d18f6e6e3d4eb3032dc11212022427d6cb5f816e0db3ecc89e06fc	1417a3153f994f11d983514fa775d65a7ca2245b4d06aa6314d5a7331ef90771	143041723	20836304	9a8fc2a8feb642809371611ecfdb3347177f26419b0595e6b39ca67f446208e4	b6faef2795bc0f54cd61a4789df8fa59626f7da943d5d55080f898522e0eae6a	f162f56f29441f266b53be2f7487cafebcdda045e684e5362bd36547bb44a892
O2	wsf_queue	WsfQueueDeq	0x00538c4a	0x00538c6e	WsfQueueDeq	36	36	0	no	no	b636cf232e03fc9d6539b2db28a62a645780785fb38aa83cc6a2746e800a1b7c	b89add9a6f39622dc9277b91669b4978b136cf95d4c09bff5a8f65d02c3a7080	7d1ddff914b9afe68e44c9fb5a81c7caa56daeeb66a8617fb69c3e8ce80ce5f4	8103a892191018303c7aac80c6e2d8443cc3a1b4e90534d631789e4749e0b6e9	143041723	20836304	9a8fc2a8feb642809371611ecfdb3347177f26419b0595e6b39ca67f446208e4	b6faef2795bc0f54cd61a4789df8fa59626f7da943d5d55080f898522e0eae6a	f162f56f29441f266b53be2f7487cafebcdda045e684e5362bd36547bb44a892
O2	wsf_queue	WsfQueuePush	0x00538c6e	0x00538c8c	WsfQueuePush	40	30	10	no	no	061511616a0b45cb3b5cb5cf4421f0dfae9a7b724c27abb3aa39680d8d472bd9	19728a8dcc2b9905325e0994927d36eb35491245cf2646e7b329ffe1b7eb09e5	8fb6221ae260d8831f5fcacfb05fdfa37eb5075c842fffac2d1a143f474e1716	45ac902d523706d379482ce5cbf82fcbd2a345b3ee1f559caf41ff99941e7d9d	143041723	20836304	9a8fc2a8feb642809371611ecfdb3347177f26419b0595e6b39ca67f446208e4	b6faef2795bc0f54cd61a4789df8fa59626f7da943d5d55080f898522e0eae6a	f162f56f29441f266b53be2f7487cafebcdda045e684e5362bd36547bb44a892
O2	wsf_queue	WsfQueueInsert	0x00538c8c	0x00538cc8	WsfQueueInsert	100	60	40	no	no	1e7e4248c146e562d6add144d896b5edf9f284a516b4f5e10e685b0e287ed854	1aac6c02a0605d67564caa4d190a532bf4a1ef9c0f6e11c053326d7812fcc112	4eb22024fa676aa1be870c812a1b248c71c0530162a5fb714705090d8466df1e	ad205bc8b9784b036aa690a1cb3032244863a38fb815fbe7d18f392c919672ba	143041723	20836304	9a8fc2a8feb642809371611ecfdb3347177f26419b0595e6b39ca67f446208e4	b6faef2795bc0f54cd61a4789df8fa59626f7da943d5d55080f898522e0eae6a	f162f56f29441f266b53be2f7487cafebcdda045e684e5362bd36547bb44a892
O2	wsf_queue	WsfQueueRemove	0x00538cc8	0x00538cf6	WsfQueueRemove	48	46	2	no	no	23dcf0abb60d4c82c3e4821523c8427fe336e89d74d9bec9c0197a8c0d8a0c09	b550d2696c6f4516dd4c4bcb2b3af6c5b79a51092103ddc667cd886042ba5033	305af701913fa613dad53b9b7a84876a36fdfa5c77affa796a44f1fc876b0afc	35d67e5ced61586a5a215162e33f64fce082df13d34b8c8a2dcccedbd8e94e58	143041723	20836304	9a8fc2a8feb642809371611ecfdb3347177f26419b0595e6b39ca67f446208e4	b6faef2795bc0f54cd61a4789df8fa59626f7da943d5d55080f898522e0eae6a	f162f56f29441f266b53be2f7487cafebcdda045e684e5362bd36547bb44a892
O2	wsf_queue	WsfQueueCount	0x00538cf6	0x00538d16	WsfQueueCount	44	32	12	no	no	06e1ae0b48bc1277ce0d14949ee6803937326a28120d8b43d71afb1fc6e2610f	270837f505709362f84fc36cc7da2dbd98046cb7c6b69b6037244885361bb86a	27f4951a46cb836259e6f9535ba07c96c8ce604f123ffcffcc61ca5803c509ba	3b18a8f182a79b859ca79bfd5f9a9068dc1b6497f2f8d4cb2ce4a8163f523e8e	143041723	20836304	9a8fc2a8feb642809371611ecfdb3347177f26419b0595e6b39ca67f446208e4	b6faef2795bc0f54cd61a4789df8fa59626f7da943d5d55080f898522e0eae6a	f162f56f29441f266b53be2f7487cafebcdda045e684e5362bd36547bb44a892
O2_noinline	wsf_os	WsfCsEnter	0x0052b8a4	0x0052b8b6	WsfCsEnter	20	18	2	no	no	420ce05ca8793fc686f118705829236c0a8c500c6845b14717c983291c7888b2	e0ff3f4fa338e939616823c70ae7fc13df075b7de32178db2810cf9eb39edb87	b2c8b6aba598bfa068418edee16a9fef1d217f1445fb50d566eca92536d6a986	ecaf8feb6f26e60789b06550c8f5d908cf7d6913e4d9d2e720cf316635ebaca0	125353068	19481562	379547ffde5de558d2657a499f17b1dd981f2df4c14abc1aed659c1060ea0769	d9d96f6f42e85cd87761e580542e35b774a8c0e51474eb281174ea00ec8f830a	18469f1459b63f3ec95765dd4333691e6119e161554fbb859e1b920256711387
O2_noinline	wsf_os	WsfCsExit	0x0052b8b6	0x0052b8c8	WsfCsExit	20	18	2	no	no	7584e545533ab7411e3dc3b352c1c8003a829aa1659db54076aabd2171404cf1	8685a9a54cba4040bb297f58f5bc9e0d5beed1f46a7159363edc8f80648e824c	4e752b0261b87b14410e6130ba811bd20b7ef961db4c244020edc1f54815e4bd	73e498637a31e7c030c730926d7834c10dc05c3f4c0cbf655a3556e4b43d9ce6	125353068	19481562	379547ffde5de558d2657a499f17b1dd981f2df4c14abc1aed659c1060ea0769	d9d96f6f42e85cd87761e580542e35b774a8c0e51474eb281174ea00ec8f830a	18469f1459b63f3ec95765dd4333691e6119e161554fbb859e1b920256711387
O2_noinline	wsf_os	WsfTaskLock	0x0052b8c8	0x0052b8d0	WsfTaskLock	4	8	-4	no	no	90a54a1f68a806a1795bd044856908235426b3c0f67be605fb94d3d5344a747f	4ae68a8cc15e75c482171f6fdd1e56d9bf7a9a787f56a9761e89af9833911f02	6ffd689d9d75c757c204a6ba6b0c175ab574faa63dbbcdee897d583bf2d11b92	022696e747ab8995c84888fefe1e49b1538690e052ef6bcbb4af6d0c94541069	125353068	19481562	379547ffde5de558d2657a499f17b1dd981f2df4c14abc1aed659c1060ea0769	d9d96f6f42e85cd87761e580542e35b774a8c0e51474eb281174ea00ec8f830a	18469f1459b63f3ec95765dd4333691e6119e161554fbb859e1b920256711387
O2_noinline	wsf_os	WsfTaskUnlock	0x0052b8d0	0x0052b8d8	WsfTaskUnlock	4	8	-4	no	no	90a54a1f68a806a1795bd044856908235426b3c0f67be605fb94d3d5344a747f	19785a8c5eb6c2e10cd274c554a5d7d1b649a94433f558511c02cdb5405397a1	6ffd689d9d75c757c204a6ba6b0c175ab574faa63dbbcdee897d583bf2d11b92	022696e747ab8995c84888fefe1e49b1538690e052ef6bcbb4af6d0c94541069	125353068	19481562	379547ffde5de558d2657a499f17b1dd981f2df4c14abc1aed659c1060ea0769	d9d96f6f42e85cd87761e580542e35b774a8c0e51474eb281174ea00ec8f830a	18469f1459b63f3ec95765dd4333691e6119e161554fbb859e1b920256711387
O2_noinline	wsf_os	WsfSetOsSpecificEvent	0x0052b8d8	0x0052b91e	WsfSetOsSpecificEvent	84	70	14	no	no	32f11ce201cad38c65d10363196740e866536bfac98ed498823771ad25cd2fb5	a7a1285078ac515a4fea7ad18a50ab44ec84ba9f1c39e07df875dfa0f8681465	6b7e06f837136b4472c29117c79d3c4d3b97acb48b0755584f4d797c18198633	5bab032b9a03b5da1e125a9f2f46925b105b213fc0e1b627f14929a7e3c1310e	125353068	19481562	379547ffde5de558d2657a499f17b1dd981f2df4c14abc1aed659c1060ea0769	d9d96f6f42e85cd87761e580542e35b774a8c0e51474eb281174ea00ec8f830a	18469f1459b63f3ec95765dd4333691e6119e161554fbb859e1b920256711387
O2_noinline	wsf_os	WsfSetEvent	0x0052b91e	0x0052b95e	WsfSetEvent	52	64	-12	no	no	458a1629b0e009de0b943f8bfcf30a8037a0aae779570d62ac461a85c8fd30d5	62fda22da8f5aec6255e52e820a4570a593fa4637a710ce93ebfbdca428f7db8	9300566234a93182d22f02b7f7fbd1c430c89ae7d3b81f3c183f6d6815bd5074	724f5a993959a0c2b9228dcf808ca0727989c8c92002333808523bc1b8e9945d	125353068	19481562	379547ffde5de558d2657a499f17b1dd981f2df4c14abc1aed659c1060ea0769	d9d96f6f42e85cd87761e580542e35b774a8c0e51474eb281174ea00ec8f830a	18469f1459b63f3ec95765dd4333691e6119e161554fbb859e1b920256711387
O2_noinline	wsf_os	WsfTaskSetReady	0x0052b95e	0x0052b97c	WsfTaskSetReady	36	30	6	no	no	8ef6be77e72efe50f5ad2f12e6e1ae6da907c65a7619e0c35b98fa1ea39a09fb	feaf10178e32248aebd53109fd9c1a95e1d757484102fc7a775203160e257ff7	cd9690aaaa3cf64938ff80d232f7e03dcb8e197195db47bd19372923629c38fb	0639a0781d3e05d201e72ada9ed84a87c59621cfa0099c68397bebe84ed90129	125353068	19481562	379547ffde5de558d2657a499f17b1dd981f2df4c14abc1aed659c1060ea0769	d9d96f6f42e85cd87761e580542e35b774a8c0e51474eb281174ea00ec8f830a	18469f1459b63f3ec95765dd4333691e6119e161554fbb859e1b920256711387
O2_noinline	wsf_os	WsfTaskMsgQueue	0x0052b97c	0x0052b980	WsfTaskMsgQueue	8	4	4	no	no	b24a6a06ea56f14b365afa39f17bf619a2ba1f01fd6dcb230a6766808f254129	c38df642688ef2e1df139d8ba9e7854fe109c68c84bfe8e97010f955fa56291b	811975cc17d6492abc70ae177d2d51b6ec28b8ff47b257e62a4b91f912f4d853	df329c59cf0ae884d28a341c86d7f784817e685c5d35445414c5570c45e4ee46	125353068	19481562	379547ffde5de558d2657a499f17b1dd981f2df4c14abc1aed659c1060ea0769	d9d96f6f42e85cd87761e580542e35b774a8c0e51474eb281174ea00ec8f830a	18469f1459b63f3ec95765dd4333691e6119e161554fbb859e1b920256711387
O2_noinline	wsf_os	WsfOsSetNextHandler	0x0052b980	0x0052b99e	WsfOsSetNextHandler	24	30	-6	no	no	53dd3ef758061b7767e320d5f8f9fca9d0857cc83225311f2134457501c428c3	614f7f6c030d12ac7cb0ace224d26318a3089bc47a0d1fc24a17cf51cb7a396b	b7895f5f36b37fcef267b84e7eafe7a68cc7fb968b16cb76fde3103d34bce267	6f20c8e8b4cca9a3c57d5215c9a15858808a9905762264a6bd8c8961694d4f02	125353068	19481562	379547ffde5de558d2657a499f17b1dd981f2df4c14abc1aed659c1060ea0769	d9d96f6f42e85cd87761e580542e35b774a8c0e51474eb281174ea00ec8f830a	18469f1459b63f3ec95765dd4333691e6119e161554fbb859e1b920256711387
O2_noinline	wsf_os	wsfOsReadyToSleep	0x0052b99e	0x0052b9b2	wsfOsReadyToSleep	20	20	0	no	no	37b721ba51ea2522d0cf154cfb3e62c0b47c30d44ec790930c4c0ccf2c47043e	633892695925666e4dc9d7d89588807653985ae2321217b58b5c215bb6ab6ebc	31de7ed6c3bd3bf4192c2b42add91ae21bf395f71abdd7932a8861704177069b	2ee7fe67a3ef343a69cf87889f2316f44515d27ec5c6d70f7c699b49eca4fb5a	125353068	19481562	379547ffde5de558d2657a499f17b1dd981f2df4c14abc1aed659c1060ea0769	d9d96f6f42e85cd87761e580542e35b774a8c0e51474eb281174ea00ec8f830a	18469f1459b63f3ec95765dd4333691e6119e161554fbb859e1b920256711387
O2_noinline	wsf_os	WsfOsInit	0x0052b9b2	0x0052b9d0	WsfOsInit	36	30	6	no	no	863103cd5cc8a88a4e55cc3e106a9ed9081035029b10c55bac0808f4622e6731	f9c905e97f08e91afc84d8c6df9ed24e71e26accbea503f8f423f98e8e8ff6bb	4d0c2592c966c1e4ad66fe6e6c0235ef072df82e1a5b408d17d31a9ed15cd37a	9a0606e882bde29307699799161a591e273941b5e42466ad9f77c1418086a549	125353068	19481562	379547ffde5de558d2657a499f17b1dd981f2df4c14abc1aed659c1060ea0769	d9d96f6f42e85cd87761e580542e35b774a8c0e51474eb281174ea00ec8f830a	18469f1459b63f3ec95765dd4333691e6119e161554fbb859e1b920256711387
O2_noinline	wsf_os	wsfOsDispatcher	0x0052b9d0	0x0052bab8	wsfOsDispatcher	252	232	20	no	no	c42590b5ba404f1a427d20d322e1b0442ffbf666353bf34bc2a0204615b0f4e4	49ba08ce0c35eb58c098babd1ad0e4d68c303c67bf8e2543be552511732474d8	ebed7d70b83186ef240f38e0e6ad8f7c80b081c675f8b9f2e119a83f0039530b	c52f0e9655fc23f90c04e7533369fcb2b5f4ae5dcf6b1d4a95e6a216b5dd0d73	125353068	19481562	379547ffde5de558d2657a499f17b1dd981f2df4c14abc1aed659c1060ea0769	d9d96f6f42e85cd87761e580542e35b774a8c0e51474eb281174ea00ec8f830a	18469f1459b63f3ec95765dd4333691e6119e161554fbb859e1b920256711387
O2_noinline	wsf_queue	WsfQueueEnq	0x00538c24	0x00538c4a	WsfQueueEnq	44	38	6	no	no	ce7c3bf0e1a472eddbb976513fab54aa58584ae8d3a77d2448148b1c36052cf3	30b8240daf336d4037b57b11a420f9adbddf40659ec964e078e736cbeeca94dd	6a1f66f402d18f6e6e3d4eb3032dc11212022427d6cb5f816e0db3ecc89e06fc	1417a3153f994f11d983514fa775d65a7ca2245b4d06aa6314d5a7331ef90771	125353068	19481562	379547ffde5de558d2657a499f17b1dd981f2df4c14abc1aed659c1060ea0769	d9d96f6f42e85cd87761e580542e35b774a8c0e51474eb281174ea00ec8f830a	18469f1459b63f3ec95765dd4333691e6119e161554fbb859e1b920256711387
O2_noinline	wsf_queue	WsfQueueDeq	0x00538c4a	0x00538c6e	WsfQueueDeq	36	36	0	no	no	b636cf232e03fc9d6539b2db28a62a645780785fb38aa83cc6a2746e800a1b7c	b89add9a6f39622dc9277b91669b4978b136cf95d4c09bff5a8f65d02c3a7080	7d1ddff914b9afe68e44c9fb5a81c7caa56daeeb66a8617fb69c3e8ce80ce5f4	8103a892191018303c7aac80c6e2d8443cc3a1b4e90534d631789e4749e0b6e9	125353068	19481562	379547ffde5de558d2657a499f17b1dd981f2df4c14abc1aed659c1060ea0769	d9d96f6f42e85cd87761e580542e35b774a8c0e51474eb281174ea00ec8f830a	18469f1459b63f3ec95765dd4333691e6119e161554fbb859e1b920256711387
O2_noinline	wsf_queue	WsfQueuePush	0x00538c6e	0x00538c8c	WsfQueuePush	40	30	10	no	no	061511616a0b45cb3b5cb5cf4421f0dfae9a7b724c27abb3aa39680d8d472bd9	19728a8dcc2b9905325e0994927d36eb35491245cf2646e7b329ffe1b7eb09e5	8fb6221ae260d8831f5fcacfb05fdfa37eb5075c842fffac2d1a143f474e1716	45ac902d523706d379482ce5cbf82fcbd2a345b3ee1f559caf41ff99941e7d9d	125353068	19481562	379547ffde5de558d2657a499f17b1dd981f2df4c14abc1aed659c1060ea0769	d9d96f6f42e85cd87761e580542e35b774a8c0e51474eb281174ea00ec8f830a	18469f1459b63f3ec95765dd4333691e6119e161554fbb859e1b920256711387
O2_noinline	wsf_queue	WsfQueueInsert	0x00538c8c	0x00538cc8	WsfQueueInsert	72	60	12	no	no	ebc4749281428acef5da5c96ae74c194c97b74b58104c3347671f471b3a5289a	1aac6c02a0605d67564caa4d190a532bf4a1ef9c0f6e11c053326d7812fcc112	71134009885455035b5b213a3173c8d2e9bfa23fe134bd7298b992e89ed3e2c1	ad205bc8b9784b036aa690a1cb3032244863a38fb815fbe7d18f392c919672ba	125353068	19481562	379547ffde5de558d2657a499f17b1dd981f2df4c14abc1aed659c1060ea0769	d9d96f6f42e85cd87761e580542e35b774a8c0e51474eb281174ea00ec8f830a	18469f1459b63f3ec95765dd4333691e6119e161554fbb859e1b920256711387
O2_noinline	wsf_queue	WsfQueueRemove	0x00538cc8	0x00538cf6	WsfQueueRemove	48	46	2	no	no	23dcf0abb60d4c82c3e4821523c8427fe336e89d74d9bec9c0197a8c0d8a0c09	b550d2696c6f4516dd4c4bcb2b3af6c5b79a51092103ddc667cd886042ba5033	305af701913fa613dad53b9b7a84876a36fdfa5c77affa796a44f1fc876b0afc	35d67e5ced61586a5a215162e33f64fce082df13d34b8c8a2dcccedbd8e94e58	125353068	19481562	379547ffde5de558d2657a499f17b1dd981f2df4c14abc1aed659c1060ea0769	d9d96f6f42e85cd87761e580542e35b774a8c0e51474eb281174ea00ec8f830a	18469f1459b63f3ec95765dd4333691e6119e161554fbb859e1b920256711387
O2_noinline	wsf_queue	WsfQueueCount	0x00538cf6	0x00538d16	WsfQueueCount	44	32	12	no	no	06e1ae0b48bc1277ce0d14949ee6803937326a28120d8b43d71afb1fc6e2610f	270837f505709362f84fc36cc7da2dbd98046cb7c6b69b6037244885361bb86a	27f4951a46cb836259e6f9535ba07c96c8ce604f123ffcffcc61ca5803c509ba	3b18a8f182a79b859ca79bfd5f9a9068dc1b6497f2f8d4cb2ce4a8163f523e8e	125353068	19481562	379547ffde5de558d2657a499f17b1dd981f2df4c14abc1aed659c1060ea0769	d9d96f6f42e85cd87761e580542e35b774a8c0e51474eb281174ea00ec8f830a	18469f1459b63f3ec95765dd4333691e6119e161554fbb859e1b920256711387
O3	wsf_os	WsfCsEnter	0x0052b8a4	0x0052b8b6	WsfCsEnter	20	18	2	no	no	420ce05ca8793fc686f118705829236c0a8c500c6845b14717c983291c7888b2	e0ff3f4fa338e939616823c70ae7fc13df075b7de32178db2810cf9eb39edb87	b2c8b6aba598bfa068418edee16a9fef1d217f1445fb50d566eca92536d6a986	ecaf8feb6f26e60789b06550c8f5d908cf7d6913e4d9d2e720cf316635ebaca0	151261749	19513672	13a78c97aad6ea85131c70e35922e09a3d89b4ca69a152307c91f2ac6788a1b7	b6faef2795bc0f54cd61a4789df8fa59626f7da943d5d55080f898522e0eae6a	f37074d8a4f7ef997dc8aefcac6036c1cf4f43dd43a02d2b3938febb6f4d2cb1
O3	wsf_os	WsfCsExit	0x0052b8b6	0x0052b8c8	WsfCsExit	20	18	2	no	no	7584e545533ab7411e3dc3b352c1c8003a829aa1659db54076aabd2171404cf1	8685a9a54cba4040bb297f58f5bc9e0d5beed1f46a7159363edc8f80648e824c	4e752b0261b87b14410e6130ba811bd20b7ef961db4c244020edc1f54815e4bd	73e498637a31e7c030c730926d7834c10dc05c3f4c0cbf655a3556e4b43d9ce6	151261749	19513672	13a78c97aad6ea85131c70e35922e09a3d89b4ca69a152307c91f2ac6788a1b7	b6faef2795bc0f54cd61a4789df8fa59626f7da943d5d55080f898522e0eae6a	f37074d8a4f7ef997dc8aefcac6036c1cf4f43dd43a02d2b3938febb6f4d2cb1
O3	wsf_os	WsfTaskLock	0x0052b8c8	0x0052b8d0	WsfTaskLock	20	8	12	no	no	420ce05ca8793fc686f118705829236c0a8c500c6845b14717c983291c7888b2	4ae68a8cc15e75c482171f6fdd1e56d9bf7a9a787f56a9761e89af9833911f02	b2c8b6aba598bfa068418edee16a9fef1d217f1445fb50d566eca92536d6a986	022696e747ab8995c84888fefe1e49b1538690e052ef6bcbb4af6d0c94541069	151261749	19513672	13a78c97aad6ea85131c70e35922e09a3d89b4ca69a152307c91f2ac6788a1b7	b6faef2795bc0f54cd61a4789df8fa59626f7da943d5d55080f898522e0eae6a	f37074d8a4f7ef997dc8aefcac6036c1cf4f43dd43a02d2b3938febb6f4d2cb1
O3	wsf_os	WsfTaskUnlock	0x0052b8d0	0x0052b8d8	WsfTaskUnlock	20	8	12	no	no	7584e545533ab7411e3dc3b352c1c8003a829aa1659db54076aabd2171404cf1	19785a8c5eb6c2e10cd274c554a5d7d1b649a94433f558511c02cdb5405397a1	4e752b0261b87b14410e6130ba811bd20b7ef961db4c244020edc1f54815e4bd	022696e747ab8995c84888fefe1e49b1538690e052ef6bcbb4af6d0c94541069	151261749	19513672	13a78c97aad6ea85131c70e35922e09a3d89b4ca69a152307c91f2ac6788a1b7	b6faef2795bc0f54cd61a4789df8fa59626f7da943d5d55080f898522e0eae6a	f37074d8a4f7ef997dc8aefcac6036c1cf4f43dd43a02d2b3938febb6f4d2cb1
O3	wsf_os	WsfSetOsSpecificEvent	0x0052b8d8	0x0052b91e	WsfSetOsSpecificEvent	84	70	14	no	no	32f11ce201cad38c65d10363196740e866536bfac98ed498823771ad25cd2fb5	a7a1285078ac515a4fea7ad18a50ab44ec84ba9f1c39e07df875dfa0f8681465	6b7e06f837136b4472c29117c79d3c4d3b97acb48b0755584f4d797c18198633	5bab032b9a03b5da1e125a9f2f46925b105b213fc0e1b627f14929a7e3c1310e	151261749	19513672	13a78c97aad6ea85131c70e35922e09a3d89b4ca69a152307c91f2ac6788a1b7	b6faef2795bc0f54cd61a4789df8fa59626f7da943d5d55080f898522e0eae6a	f37074d8a4f7ef997dc8aefcac6036c1cf4f43dd43a02d2b3938febb6f4d2cb1
O3	wsf_os	WsfSetEvent	0x0052b91e	0x0052b95e	WsfSetEvent	164	64	100	no	no	c5bc5e4f7aa04127b9ca279bac4315de9608a7d7885e74e5b444a5b930750c35	62fda22da8f5aec6255e52e820a4570a593fa4637a710ce93ebfbdca428f7db8	61d11ad327b17cc73ad5264dcaefb00ceca294e0b232774c9f526702cc17aa09	724f5a993959a0c2b9228dcf808ca0727989c8c92002333808523bc1b8e9945d	151261749	19513672	13a78c97aad6ea85131c70e35922e09a3d89b4ca69a152307c91f2ac6788a1b7	b6faef2795bc0f54cd61a4789df8fa59626f7da943d5d55080f898522e0eae6a	f37074d8a4f7ef997dc8aefcac6036c1cf4f43dd43a02d2b3938febb6f4d2cb1
O3	wsf_os	WsfTaskSetReady	0x0052b95e	0x0052b97c	WsfTaskSetReady	132	30	102	no	no	d4430d16ad1dd63ee555fc399ba11e89e104c5f5c3d8a0bdd852cc4f5afb23db	feaf10178e32248aebd53109fd9c1a95e1d757484102fc7a775203160e257ff7	048a04ebbf749d86498099943a6ca49206c95fb44007364b1d769ffebcb0ceee	0639a0781d3e05d201e72ada9ed84a87c59621cfa0099c68397bebe84ed90129	151261749	19513672	13a78c97aad6ea85131c70e35922e09a3d89b4ca69a152307c91f2ac6788a1b7	b6faef2795bc0f54cd61a4789df8fa59626f7da943d5d55080f898522e0eae6a	f37074d8a4f7ef997dc8aefcac6036c1cf4f43dd43a02d2b3938febb6f4d2cb1
O3	wsf_os	WsfTaskMsgQueue	0x0052b97c	0x0052b980	WsfTaskMsgQueue	8	4	4	no	no	b24a6a06ea56f14b365afa39f17bf619a2ba1f01fd6dcb230a6766808f254129	c38df642688ef2e1df139d8ba9e7854fe109c68c84bfe8e97010f955fa56291b	811975cc17d6492abc70ae177d2d51b6ec28b8ff47b257e62a4b91f912f4d853	df329c59cf0ae884d28a341c86d7f784817e685c5d35445414c5570c45e4ee46	151261749	19513672	13a78c97aad6ea85131c70e35922e09a3d89b4ca69a152307c91f2ac6788a1b7	b6faef2795bc0f54cd61a4789df8fa59626f7da943d5d55080f898522e0eae6a	f37074d8a4f7ef997dc8aefcac6036c1cf4f43dd43a02d2b3938febb6f4d2cb1
O3	wsf_os	WsfOsSetNextHandler	0x0052b980	0x0052b99e	WsfOsSetNextHandler	24	30	-6	no	no	53dd3ef758061b7767e320d5f8f9fca9d0857cc83225311f2134457501c428c3	614f7f6c030d12ac7cb0ace224d26318a3089bc47a0d1fc24a17cf51cb7a396b	b7895f5f36b37fcef267b84e7eafe7a68cc7fb968b16cb76fde3103d34bce267	6f20c8e8b4cca9a3c57d5215c9a15858808a9905762264a6bd8c8961694d4f02	151261749	19513672	13a78c97aad6ea85131c70e35922e09a3d89b4ca69a152307c91f2ac6788a1b7	b6faef2795bc0f54cd61a4789df8fa59626f7da943d5d55080f898522e0eae6a	f37074d8a4f7ef997dc8aefcac6036c1cf4f43dd43a02d2b3938febb6f4d2cb1
O3	wsf_os	wsfOsReadyToSleep	0x0052b99e	0x0052b9b2	wsfOsReadyToSleep	20	20	0	no	no	37b721ba51ea2522d0cf154cfb3e62c0b47c30d44ec790930c4c0ccf2c47043e	633892695925666e4dc9d7d89588807653985ae2321217b58b5c215bb6ab6ebc	31de7ed6c3bd3bf4192c2b42add91ae21bf395f71abdd7932a8861704177069b	2ee7fe67a3ef343a69cf87889f2316f44515d27ec5c6d70f7c699b49eca4fb5a	151261749	19513672	13a78c97aad6ea85131c70e35922e09a3d89b4ca69a152307c91f2ac6788a1b7	b6faef2795bc0f54cd61a4789df8fa59626f7da943d5d55080f898522e0eae6a	f37074d8a4f7ef997dc8aefcac6036c1cf4f43dd43a02d2b3938febb6f4d2cb1
O3	wsf_os	WsfOsInit	0x0052b9b2	0x0052b9d0	WsfOsInit	36	30	6	no	no	863103cd5cc8a88a4e55cc3e106a9ed9081035029b10c55bac0808f4622e6731	f9c905e97f08e91afc84d8c6df9ed24e71e26accbea503f8f423f98e8e8ff6bb	4d0c2592c966c1e4ad66fe6e6c0235ef072df82e1a5b408d17d31a9ed15cd37a	9a0606e882bde29307699799161a591e273941b5e42466ad9f77c1418086a549	151261749	19513672	13a78c97aad6ea85131c70e35922e09a3d89b4ca69a152307c91f2ac6788a1b7	b6faef2795bc0f54cd61a4789df8fa59626f7da943d5d55080f898522e0eae6a	f37074d8a4f7ef997dc8aefcac6036c1cf4f43dd43a02d2b3938febb6f4d2cb1
O3	wsf_os	wsfOsDispatcher	0x0052b9d0	0x0052bab8	wsfOsDispatcher	272	232	40	no	no	1a868a17fe138993654bdde1e227b0a911d6c99dfab405f152c30c6865d94fe7	49ba08ce0c35eb58c098babd1ad0e4d68c303c67bf8e2543be552511732474d8	b8f9abdeb11c1b7d98a6693f5a29ba40b56dcef33599cb3d639ec67f5169f4de	c52f0e9655fc23f90c04e7533369fcb2b5f4ae5dcf6b1d4a95e6a216b5dd0d73	151261749	19513672	13a78c97aad6ea85131c70e35922e09a3d89b4ca69a152307c91f2ac6788a1b7	b6faef2795bc0f54cd61a4789df8fa59626f7da943d5d55080f898522e0eae6a	f37074d8a4f7ef997dc8aefcac6036c1cf4f43dd43a02d2b3938febb6f4d2cb1
O3	wsf_queue	WsfQueueEnq	0x00538c24	0x00538c4a	WsfQueueEnq	44	38	6	no	no	ce7c3bf0e1a472eddbb976513fab54aa58584ae8d3a77d2448148b1c36052cf3	30b8240daf336d4037b57b11a420f9adbddf40659ec964e078e736cbeeca94dd	6a1f66f402d18f6e6e3d4eb3032dc11212022427d6cb5f816e0db3ecc89e06fc	1417a3153f994f11d983514fa775d65a7ca2245b4d06aa6314d5a7331ef90771	151261749	19513672	13a78c97aad6ea85131c70e35922e09a3d89b4ca69a152307c91f2ac6788a1b7	b6faef2795bc0f54cd61a4789df8fa59626f7da943d5d55080f898522e0eae6a	f37074d8a4f7ef997dc8aefcac6036c1cf4f43dd43a02d2b3938febb6f4d2cb1
O3	wsf_queue	WsfQueueDeq	0x00538c4a	0x00538c6e	WsfQueueDeq	36	36	0	no	no	b636cf232e03fc9d6539b2db28a62a645780785fb38aa83cc6a2746e800a1b7c	b89add9a6f39622dc9277b91669b4978b136cf95d4c09bff5a8f65d02c3a7080	7d1ddff914b9afe68e44c9fb5a81c7caa56daeeb66a8617fb69c3e8ce80ce5f4	8103a892191018303c7aac80c6e2d8443cc3a1b4e90534d631789e4749e0b6e9	151261749	19513672	13a78c97aad6ea85131c70e35922e09a3d89b4ca69a152307c91f2ac6788a1b7	b6faef2795bc0f54cd61a4789df8fa59626f7da943d5d55080f898522e0eae6a	f37074d8a4f7ef997dc8aefcac6036c1cf4f43dd43a02d2b3938febb6f4d2cb1
O3	wsf_queue	WsfQueuePush	0x00538c6e	0x00538c8c	WsfQueuePush	40	30	10	no	no	061511616a0b45cb3b5cb5cf4421f0dfae9a7b724c27abb3aa39680d8d472bd9	19728a8dcc2b9905325e0994927d36eb35491245cf2646e7b329ffe1b7eb09e5	8fb6221ae260d8831f5fcacfb05fdfa37eb5075c842fffac2d1a143f474e1716	45ac902d523706d379482ce5cbf82fcbd2a345b3ee1f559caf41ff99941e7d9d	151261749	19513672	13a78c97aad6ea85131c70e35922e09a3d89b4ca69a152307c91f2ac6788a1b7	b6faef2795bc0f54cd61a4789df8fa59626f7da943d5d55080f898522e0eae6a	f37074d8a4f7ef997dc8aefcac6036c1cf4f43dd43a02d2b3938febb6f4d2cb1
O3	wsf_queue	WsfQueueInsert	0x00538c8c	0x00538cc8	WsfQueueInsert	100	60	40	no	no	1e7e4248c146e562d6add144d896b5edf9f284a516b4f5e10e685b0e287ed854	1aac6c02a0605d67564caa4d190a532bf4a1ef9c0f6e11c053326d7812fcc112	4eb22024fa676aa1be870c812a1b248c71c0530162a5fb714705090d8466df1e	ad205bc8b9784b036aa690a1cb3032244863a38fb815fbe7d18f392c919672ba	151261749	19513672	13a78c97aad6ea85131c70e35922e09a3d89b4ca69a152307c91f2ac6788a1b7	b6faef2795bc0f54cd61a4789df8fa59626f7da943d5d55080f898522e0eae6a	f37074d8a4f7ef997dc8aefcac6036c1cf4f43dd43a02d2b3938febb6f4d2cb1
O3	wsf_queue	WsfQueueRemove	0x00538cc8	0x00538cf6	WsfQueueRemove	48	46	2	no	no	23dcf0abb60d4c82c3e4821523c8427fe336e89d74d9bec9c0197a8c0d8a0c09	b550d2696c6f4516dd4c4bcb2b3af6c5b79a51092103ddc667cd886042ba5033	305af701913fa613dad53b9b7a84876a36fdfa5c77affa796a44f1fc876b0afc	35d67e5ced61586a5a215162e33f64fce082df13d34b8c8a2dcccedbd8e94e58	151261749	19513672	13a78c97aad6ea85131c70e35922e09a3d89b4ca69a152307c91f2ac6788a1b7	b6faef2795bc0f54cd61a4789df8fa59626f7da943d5d55080f898522e0eae6a	f37074d8a4f7ef997dc8aefcac6036c1cf4f43dd43a02d2b3938febb6f4d2cb1
O3	wsf_queue	WsfQueueCount	0x00538cf6	0x00538d16	WsfQueueCount	44	32	12	no	no	06e1ae0b48bc1277ce0d14949ee6803937326a28120d8b43d71afb1fc6e2610f	270837f505709362f84fc36cc7da2dbd98046cb7c6b69b6037244885361bb86a	27f4951a46cb836259e6f9535ba07c96c8ce604f123ffcffcc61ca5803c509ba	3b18a8f182a79b859ca79bfd5f9a9068dc1b6497f2f8d4cb2ce4a8163f523e8e	151261749	19513672	13a78c97aad6ea85131c70e35922e09a3d89b4ca69a152307c91f2ac6788a1b7	b6faef2795bc0f54cd61a4789df8fa59626f7da943d5d55080f898522e0eae6a	f37074d8a4f7ef997dc8aefcac6036c1cf4f43dd43a02d2b3938febb6f4d2cb1
O3_noinline	wsf_os	WsfCsEnter	0x0052b8a4	0x0052b8b6	WsfCsEnter	20	18	2	no	no	420ce05ca8793fc686f118705829236c0a8c500c6845b14717c983291c7888b2	e0ff3f4fa338e939616823c70ae7fc13df075b7de32178db2810cf9eb39edb87	b2c8b6aba598bfa068418edee16a9fef1d217f1445fb50d566eca92536d6a986	ecaf8feb6f26e60789b06550c8f5d908cf7d6913e4d9d2e720cf316635ebaca0	134617922	18489293	379547ffde5de558d2657a499f17b1dd981f2df4c14abc1aed659c1060ea0769	d9d96f6f42e85cd87761e580542e35b774a8c0e51474eb281174ea00ec8f830a	1d1a3987e93e60e3df58d3d5d3b89b80d4ebde2b06951d2ae1cb877b2a462d1a
O3_noinline	wsf_os	WsfCsExit	0x0052b8b6	0x0052b8c8	WsfCsExit	20	18	2	no	no	7584e545533ab7411e3dc3b352c1c8003a829aa1659db54076aabd2171404cf1	8685a9a54cba4040bb297f58f5bc9e0d5beed1f46a7159363edc8f80648e824c	4e752b0261b87b14410e6130ba811bd20b7ef961db4c244020edc1f54815e4bd	73e498637a31e7c030c730926d7834c10dc05c3f4c0cbf655a3556e4b43d9ce6	134617922	18489293	379547ffde5de558d2657a499f17b1dd981f2df4c14abc1aed659c1060ea0769	d9d96f6f42e85cd87761e580542e35b774a8c0e51474eb281174ea00ec8f830a	1d1a3987e93e60e3df58d3d5d3b89b80d4ebde2b06951d2ae1cb877b2a462d1a
O3_noinline	wsf_os	WsfTaskLock	0x0052b8c8	0x0052b8d0	WsfTaskLock	4	8	-4	no	no	90a54a1f68a806a1795bd044856908235426b3c0f67be605fb94d3d5344a747f	4ae68a8cc15e75c482171f6fdd1e56d9bf7a9a787f56a9761e89af9833911f02	6ffd689d9d75c757c204a6ba6b0c175ab574faa63dbbcdee897d583bf2d11b92	022696e747ab8995c84888fefe1e49b1538690e052ef6bcbb4af6d0c94541069	134617922	18489293	379547ffde5de558d2657a499f17b1dd981f2df4c14abc1aed659c1060ea0769	d9d96f6f42e85cd87761e580542e35b774a8c0e51474eb281174ea00ec8f830a	1d1a3987e93e60e3df58d3d5d3b89b80d4ebde2b06951d2ae1cb877b2a462d1a
O3_noinline	wsf_os	WsfTaskUnlock	0x0052b8d0	0x0052b8d8	WsfTaskUnlock	4	8	-4	no	no	90a54a1f68a806a1795bd044856908235426b3c0f67be605fb94d3d5344a747f	19785a8c5eb6c2e10cd274c554a5d7d1b649a94433f558511c02cdb5405397a1	6ffd689d9d75c757c204a6ba6b0c175ab574faa63dbbcdee897d583bf2d11b92	022696e747ab8995c84888fefe1e49b1538690e052ef6bcbb4af6d0c94541069	134617922	18489293	379547ffde5de558d2657a499f17b1dd981f2df4c14abc1aed659c1060ea0769	d9d96f6f42e85cd87761e580542e35b774a8c0e51474eb281174ea00ec8f830a	1d1a3987e93e60e3df58d3d5d3b89b80d4ebde2b06951d2ae1cb877b2a462d1a
O3_noinline	wsf_os	WsfSetOsSpecificEvent	0x0052b8d8	0x0052b91e	WsfSetOsSpecificEvent	84	70	14	no	no	32f11ce201cad38c65d10363196740e866536bfac98ed498823771ad25cd2fb5	a7a1285078ac515a4fea7ad18a50ab44ec84ba9f1c39e07df875dfa0f8681465	6b7e06f837136b4472c29117c79d3c4d3b97acb48b0755584f4d797c18198633	5bab032b9a03b5da1e125a9f2f46925b105b213fc0e1b627f14929a7e3c1310e	134617922	18489293	379547ffde5de558d2657a499f17b1dd981f2df4c14abc1aed659c1060ea0769	d9d96f6f42e85cd87761e580542e35b774a8c0e51474eb281174ea00ec8f830a	1d1a3987e93e60e3df58d3d5d3b89b80d4ebde2b06951d2ae1cb877b2a462d1a
O3_noinline	wsf_os	WsfSetEvent	0x0052b91e	0x0052b95e	WsfSetEvent	52	64	-12	no	no	458a1629b0e009de0b943f8bfcf30a8037a0aae779570d62ac461a85c8fd30d5	62fda22da8f5aec6255e52e820a4570a593fa4637a710ce93ebfbdca428f7db8	9300566234a93182d22f02b7f7fbd1c430c89ae7d3b81f3c183f6d6815bd5074	724f5a993959a0c2b9228dcf808ca0727989c8c92002333808523bc1b8e9945d	134617922	18489293	379547ffde5de558d2657a499f17b1dd981f2df4c14abc1aed659c1060ea0769	d9d96f6f42e85cd87761e580542e35b774a8c0e51474eb281174ea00ec8f830a	1d1a3987e93e60e3df58d3d5d3b89b80d4ebde2b06951d2ae1cb877b2a462d1a
O3_noinline	wsf_os	WsfTaskSetReady	0x0052b95e	0x0052b97c	WsfTaskSetReady	36	30	6	no	no	8ef6be77e72efe50f5ad2f12e6e1ae6da907c65a7619e0c35b98fa1ea39a09fb	feaf10178e32248aebd53109fd9c1a95e1d757484102fc7a775203160e257ff7	cd9690aaaa3cf64938ff80d232f7e03dcb8e197195db47bd19372923629c38fb	0639a0781d3e05d201e72ada9ed84a87c59621cfa0099c68397bebe84ed90129	134617922	18489293	379547ffde5de558d2657a499f17b1dd981f2df4c14abc1aed659c1060ea0769	d9d96f6f42e85cd87761e580542e35b774a8c0e51474eb281174ea00ec8f830a	1d1a3987e93e60e3df58d3d5d3b89b80d4ebde2b06951d2ae1cb877b2a462d1a
O3_noinline	wsf_os	WsfTaskMsgQueue	0x0052b97c	0x0052b980	WsfTaskMsgQueue	8	4	4	no	no	b24a6a06ea56f14b365afa39f17bf619a2ba1f01fd6dcb230a6766808f254129	c38df642688ef2e1df139d8ba9e7854fe109c68c84bfe8e97010f955fa56291b	811975cc17d6492abc70ae177d2d51b6ec28b8ff47b257e62a4b91f912f4d853	df329c59cf0ae884d28a341c86d7f784817e685c5d35445414c5570c45e4ee46	134617922	18489293	379547ffde5de558d2657a499f17b1dd981f2df4c14abc1aed659c1060ea0769	d9d96f6f42e85cd87761e580542e35b774a8c0e51474eb281174ea00ec8f830a	1d1a3987e93e60e3df58d3d5d3b89b80d4ebde2b06951d2ae1cb877b2a462d1a
O3_noinline	wsf_os	WsfOsSetNextHandler	0x0052b980	0x0052b99e	WsfOsSetNextHandler	24	30	-6	no	no	53dd3ef758061b7767e320d5f8f9fca9d0857cc83225311f2134457501c428c3	614f7f6c030d12ac7cb0ace224d26318a3089bc47a0d1fc24a17cf51cb7a396b	b7895f5f36b37fcef267b84e7eafe7a68cc7fb968b16cb76fde3103d34bce267	6f20c8e8b4cca9a3c57d5215c9a15858808a9905762264a6bd8c8961694d4f02	134617922	18489293	379547ffde5de558d2657a499f17b1dd981f2df4c14abc1aed659c1060ea0769	d9d96f6f42e85cd87761e580542e35b774a8c0e51474eb281174ea00ec8f830a	1d1a3987e93e60e3df58d3d5d3b89b80d4ebde2b06951d2ae1cb877b2a462d1a
O3_noinline	wsf_os	wsfOsReadyToSleep	0x0052b99e	0x0052b9b2	wsfOsReadyToSleep	20	20	0	no	no	37b721ba51ea2522d0cf154cfb3e62c0b47c30d44ec790930c4c0ccf2c47043e	633892695925666e4dc9d7d89588807653985ae2321217b58b5c215bb6ab6ebc	31de7ed6c3bd3bf4192c2b42add91ae21bf395f71abdd7932a8861704177069b	2ee7fe67a3ef343a69cf87889f2316f44515d27ec5c6d70f7c699b49eca4fb5a	134617922	18489293	379547ffde5de558d2657a499f17b1dd981f2df4c14abc1aed659c1060ea0769	d9d96f6f42e85cd87761e580542e35b774a8c0e51474eb281174ea00ec8f830a	1d1a3987e93e60e3df58d3d5d3b89b80d4ebde2b06951d2ae1cb877b2a462d1a
O3_noinline	wsf_os	WsfOsInit	0x0052b9b2	0x0052b9d0	WsfOsInit	36	30	6	no	no	863103cd5cc8a88a4e55cc3e106a9ed9081035029b10c55bac0808f4622e6731	f9c905e97f08e91afc84d8c6df9ed24e71e26accbea503f8f423f98e8e8ff6bb	4d0c2592c966c1e4ad66fe6e6c0235ef072df82e1a5b408d17d31a9ed15cd37a	9a0606e882bde29307699799161a591e273941b5e42466ad9f77c1418086a549	134617922	18489293	379547ffde5de558d2657a499f17b1dd981f2df4c14abc1aed659c1060ea0769	d9d96f6f42e85cd87761e580542e35b774a8c0e51474eb281174ea00ec8f830a	1d1a3987e93e60e3df58d3d5d3b89b80d4ebde2b06951d2ae1cb877b2a462d1a
O3_noinline	wsf_os	wsfOsDispatcher	0x0052b9d0	0x0052bab8	wsfOsDispatcher	252	232	20	no	no	c42590b5ba404f1a427d20d322e1b0442ffbf666353bf34bc2a0204615b0f4e4	49ba08ce0c35eb58c098babd1ad0e4d68c303c67bf8e2543be552511732474d8	ebed7d70b83186ef240f38e0e6ad8f7c80b081c675f8b9f2e119a83f0039530b	c52f0e9655fc23f90c04e7533369fcb2b5f4ae5dcf6b1d4a95e6a216b5dd0d73	134617922	18489293	379547ffde5de558d2657a499f17b1dd981f2df4c14abc1aed659c1060ea0769	d9d96f6f42e85cd87761e580542e35b774a8c0e51474eb281174ea00ec8f830a	1d1a3987e93e60e3df58d3d5d3b89b80d4ebde2b06951d2ae1cb877b2a462d1a
O3_noinline	wsf_queue	WsfQueueEnq	0x00538c24	0x00538c4a	WsfQueueEnq	44	38	6	no	no	ce7c3bf0e1a472eddbb976513fab54aa58584ae8d3a77d2448148b1c36052cf3	30b8240daf336d4037b57b11a420f9adbddf40659ec964e078e736cbeeca94dd	6a1f66f402d18f6e6e3d4eb3032dc11212022427d6cb5f816e0db3ecc89e06fc	1417a3153f994f11d983514fa775d65a7ca2245b4d06aa6314d5a7331ef90771	134617922	18489293	379547ffde5de558d2657a499f17b1dd981f2df4c14abc1aed659c1060ea0769	d9d96f6f42e85cd87761e580542e35b774a8c0e51474eb281174ea00ec8f830a	1d1a3987e93e60e3df58d3d5d3b89b80d4ebde2b06951d2ae1cb877b2a462d1a
O3_noinline	wsf_queue	WsfQueueDeq	0x00538c4a	0x00538c6e	WsfQueueDeq	36	36	0	no	no	b636cf232e03fc9d6539b2db28a62a645780785fb38aa83cc6a2746e800a1b7c	b89add9a6f39622dc9277b91669b4978b136cf95d4c09bff5a8f65d02c3a7080	7d1ddff914b9afe68e44c9fb5a81c7caa56daeeb66a8617fb69c3e8ce80ce5f4	8103a892191018303c7aac80c6e2d8443cc3a1b4e90534d631789e4749e0b6e9	134617922	18489293	379547ffde5de558d2657a499f17b1dd981f2df4c14abc1aed659c1060ea0769	d9d96f6f42e85cd87761e580542e35b774a8c0e51474eb281174ea00ec8f830a	1d1a3987e93e60e3df58d3d5d3b89b80d4ebde2b06951d2ae1cb877b2a462d1a
O3_noinline	wsf_queue	WsfQueuePush	0x00538c6e	0x00538c8c	WsfQueuePush	40	30	10	no	no	061511616a0b45cb3b5cb5cf4421f0dfae9a7b724c27abb3aa39680d8d472bd9	19728a8dcc2b9905325e0994927d36eb35491245cf2646e7b329ffe1b7eb09e5	8fb6221ae260d8831f5fcacfb05fdfa37eb5075c842fffac2d1a143f474e1716	45ac902d523706d379482ce5cbf82fcbd2a345b3ee1f559caf41ff99941e7d9d	134617922	18489293	379547ffde5de558d2657a499f17b1dd981f2df4c14abc1aed659c1060ea0769	d9d96f6f42e85cd87761e580542e35b774a8c0e51474eb281174ea00ec8f830a	1d1a3987e93e60e3df58d3d5d3b89b80d4ebde2b06951d2ae1cb877b2a462d1a
O3_noinline	wsf_queue	WsfQueueInsert	0x00538c8c	0x00538cc8	WsfQueueInsert	72	60	12	no	no	ebc4749281428acef5da5c96ae74c194c97b74b58104c3347671f471b3a5289a	1aac6c02a0605d67564caa4d190a532bf4a1ef9c0f6e11c053326d7812fcc112	71134009885455035b5b213a3173c8d2e9bfa23fe134bd7298b992e89ed3e2c1	ad205bc8b9784b036aa690a1cb3032244863a38fb815fbe7d18f392c919672ba	134617922	18489293	379547ffde5de558d2657a499f17b1dd981f2df4c14abc1aed659c1060ea0769	d9d96f6f42e85cd87761e580542e35b774a8c0e51474eb281174ea00ec8f830a	1d1a3987e93e60e3df58d3d5d3b89b80d4ebde2b06951d2ae1cb877b2a462d1a
O3_noinline	wsf_queue	WsfQueueRemove	0x00538cc8	0x00538cf6	WsfQueueRemove	48	46	2	no	no	23dcf0abb60d4c82c3e4821523c8427fe336e89d74d9bec9c0197a8c0d8a0c09	b550d2696c6f4516dd4c4bcb2b3af6c5b79a51092103ddc667cd886042ba5033	305af701913fa613dad53b9b7a84876a36fdfa5c77affa796a44f1fc876b0afc	35d67e5ced61586a5a215162e33f64fce082df13d34b8c8a2dcccedbd8e94e58	134617922	18489293	379547ffde5de558d2657a499f17b1dd981f2df4c14abc1aed659c1060ea0769	d9d96f6f42e85cd87761e580542e35b774a8c0e51474eb281174ea00ec8f830a	1d1a3987e93e60e3df58d3d5d3b89b80d4ebde2b06951d2ae1cb877b2a462d1a
O3_noinline	wsf_queue	WsfQueueCount	0x00538cf6	0x00538d16	WsfQueueCount	44	32	12	no	no	06e1ae0b48bc1277ce0d14949ee6803937326a28120d8b43d71afb1fc6e2610f	270837f505709362f84fc36cc7da2dbd98046cb7c6b69b6037244885361bb86a	27f4951a46cb836259e6f9535ba07c96c8ce604f123ffcffcc61ca5803c509ba	3b18a8f182a79b859ca79bfd5f9a9068dc1b6497f2f8d4cb2ce4a8163f523e8e	134617922	18489293	379547ffde5de558d2657a499f17b1dd981f2df4c14abc1aed659c1060ea0769	d9d96f6f42e85cd87761e580542e35b774a8c0e51474eb281174ea00ec8f830a	1d1a3987e93e60e3df58d3d5d3b89b80d4ebde2b06951d2ae1cb877b2a462d1a
Os	wsf_os	WsfCsEnter	0x0052b8a4	0x0052b8b6	WsfCsEnter	20	18	2	no	no	a464935bb4a215dd4d4ccbaccfb097dd9ab642d08ddee22ffdd6175ead85c4d5	e0ff3f4fa338e939616823c70ae7fc13df075b7de32178db2810cf9eb39edb87	c887acb81ca0b9ea613266bb374ab4c5c69a0b9c90bcb2ffd4e07079a762f208	ecaf8feb6f26e60789b06550c8f5d908cf7d6913e4d9d2e720cf316635ebaca0	122280630	18243380	8fc42ebe18df20064ecac9a9a7d0da6c9d137d0d06aac8dc130e293bd7019f3c	e24a44d3f01ec9531b32037074d7d9c287a16891461408552f210b069b9a78cd	cbac829ecbcd8ba3019425cc48749ac20ea1b3c1aac9428946c0e22642097a84
Os	wsf_os	WsfCsExit	0x0052b8b6	0x0052b8c8	WsfCsExit	20	18	2	no	no	7584e545533ab7411e3dc3b352c1c8003a829aa1659db54076aabd2171404cf1	8685a9a54cba4040bb297f58f5bc9e0d5beed1f46a7159363edc8f80648e824c	4e752b0261b87b14410e6130ba811bd20b7ef961db4c244020edc1f54815e4bd	73e498637a31e7c030c730926d7834c10dc05c3f4c0cbf655a3556e4b43d9ce6	122280630	18243380	8fc42ebe18df20064ecac9a9a7d0da6c9d137d0d06aac8dc130e293bd7019f3c	e24a44d3f01ec9531b32037074d7d9c287a16891461408552f210b069b9a78cd	cbac829ecbcd8ba3019425cc48749ac20ea1b3c1aac9428946c0e22642097a84
Os	wsf_os	WsfTaskLock	0x0052b8c8	0x0052b8d0	WsfTaskLock	4	8	-4	no	no	90a54a1f68a806a1795bd044856908235426b3c0f67be605fb94d3d5344a747f	4ae68a8cc15e75c482171f6fdd1e56d9bf7a9a787f56a9761e89af9833911f02	6ffd689d9d75c757c204a6ba6b0c175ab574faa63dbbcdee897d583bf2d11b92	022696e747ab8995c84888fefe1e49b1538690e052ef6bcbb4af6d0c94541069	122280630	18243380	8fc42ebe18df20064ecac9a9a7d0da6c9d137d0d06aac8dc130e293bd7019f3c	e24a44d3f01ec9531b32037074d7d9c287a16891461408552f210b069b9a78cd	cbac829ecbcd8ba3019425cc48749ac20ea1b3c1aac9428946c0e22642097a84
Os	wsf_os	WsfTaskUnlock	0x0052b8d0	0x0052b8d8	WsfTaskUnlock	4	8	-4	no	no	90a54a1f68a806a1795bd044856908235426b3c0f67be605fb94d3d5344a747f	19785a8c5eb6c2e10cd274c554a5d7d1b649a94433f558511c02cdb5405397a1	6ffd689d9d75c757c204a6ba6b0c175ab574faa63dbbcdee897d583bf2d11b92	022696e747ab8995c84888fefe1e49b1538690e052ef6bcbb4af6d0c94541069	122280630	18243380	8fc42ebe18df20064ecac9a9a7d0da6c9d137d0d06aac8dc130e293bd7019f3c	e24a44d3f01ec9531b32037074d7d9c287a16891461408552f210b069b9a78cd	cbac829ecbcd8ba3019425cc48749ac20ea1b3c1aac9428946c0e22642097a84
Os	wsf_os	WsfSetOsSpecificEvent	0x0052b8d8	0x0052b91e	WsfSetOsSpecificEvent	80	70	10	no	no	071fca9c51b05ea3344c20f095a0897a8637079fcf7a79be63af3d046cb4f3f0	a7a1285078ac515a4fea7ad18a50ab44ec84ba9f1c39e07df875dfa0f8681465	b29ac68670b2b0b57ab668ba03ce992f4176d2d63f32f3b234c28ab7f063057e	5bab032b9a03b5da1e125a9f2f46925b105b213fc0e1b627f14929a7e3c1310e	122280630	18243380	8fc42ebe18df20064ecac9a9a7d0da6c9d137d0d06aac8dc130e293bd7019f3c	e24a44d3f01ec9531b32037074d7d9c287a16891461408552f210b069b9a78cd	cbac829ecbcd8ba3019425cc48749ac20ea1b3c1aac9428946c0e22642097a84
Os	wsf_os	WsfSetEvent	0x0052b91e	0x0052b95e	WsfSetEvent	52	64	-12	no	no	d7cd6d4d453259608699530638061a70ff0f0e26cdaee28f8fd797251275f737	62fda22da8f5aec6255e52e820a4570a593fa4637a710ce93ebfbdca428f7db8	316f35cb19a8745543d3dd6ca50510a2a67dccda01cb01c224affc689e8e9511	724f5a993959a0c2b9228dcf808ca0727989c8c92002333808523bc1b8e9945d	122280630	18243380	8fc42ebe18df20064ecac9a9a7d0da6c9d137d0d06aac8dc130e293bd7019f3c	e24a44d3f01ec9531b32037074d7d9c287a16891461408552f210b069b9a78cd	cbac829ecbcd8ba3019425cc48749ac20ea1b3c1aac9428946c0e22642097a84
Os	wsf_os	WsfTaskSetReady	0x0052b95e	0x0052b97c	WsfTaskSetReady	36	30	6	no	no	8ef6be77e72efe50f5ad2f12e6e1ae6da907c65a7619e0c35b98fa1ea39a09fb	feaf10178e32248aebd53109fd9c1a95e1d757484102fc7a775203160e257ff7	cd9690aaaa3cf64938ff80d232f7e03dcb8e197195db47bd19372923629c38fb	0639a0781d3e05d201e72ada9ed84a87c59621cfa0099c68397bebe84ed90129	122280630	18243380	8fc42ebe18df20064ecac9a9a7d0da6c9d137d0d06aac8dc130e293bd7019f3c	e24a44d3f01ec9531b32037074d7d9c287a16891461408552f210b069b9a78cd	cbac829ecbcd8ba3019425cc48749ac20ea1b3c1aac9428946c0e22642097a84
Os	wsf_os	WsfTaskMsgQueue	0x0052b97c	0x0052b980	WsfTaskMsgQueue	8	4	4	no	no	b24a6a06ea56f14b365afa39f17bf619a2ba1f01fd6dcb230a6766808f254129	c38df642688ef2e1df139d8ba9e7854fe109c68c84bfe8e97010f955fa56291b	811975cc17d6492abc70ae177d2d51b6ec28b8ff47b257e62a4b91f912f4d853	df329c59cf0ae884d28a341c86d7f784817e685c5d35445414c5570c45e4ee46	122280630	18243380	8fc42ebe18df20064ecac9a9a7d0da6c9d137d0d06aac8dc130e293bd7019f3c	e24a44d3f01ec9531b32037074d7d9c287a16891461408552f210b069b9a78cd	cbac829ecbcd8ba3019425cc48749ac20ea1b3c1aac9428946c0e22642097a84
Os	wsf_os	WsfOsSetNextHandler	0x0052b980	0x0052b99e	WsfOsSetNextHandler	24	30	-6	no	no	6385a0ff3aa59296e509cdc61f4312c60399566d21b8ab33e588bcfa05a76a27	614f7f6c030d12ac7cb0ace224d26318a3089bc47a0d1fc24a17cf51cb7a396b	60aad898690301fd400b22eb02985738dd2839f95fc3a8ffcf5a5dc6df41c677	6f20c8e8b4cca9a3c57d5215c9a15858808a9905762264a6bd8c8961694d4f02	122280630	18243380	8fc42ebe18df20064ecac9a9a7d0da6c9d137d0d06aac8dc130e293bd7019f3c	e24a44d3f01ec9531b32037074d7d9c287a16891461408552f210b069b9a78cd	cbac829ecbcd8ba3019425cc48749ac20ea1b3c1aac9428946c0e22642097a84
Os	wsf_os	wsfOsReadyToSleep	0x0052b99e	0x0052b9b2	wsfOsReadyToSleep	20	20	0	no	no	37b721ba51ea2522d0cf154cfb3e62c0b47c30d44ec790930c4c0ccf2c47043e	633892695925666e4dc9d7d89588807653985ae2321217b58b5c215bb6ab6ebc	31de7ed6c3bd3bf4192c2b42add91ae21bf395f71abdd7932a8861704177069b	2ee7fe67a3ef343a69cf87889f2316f44515d27ec5c6d70f7c699b49eca4fb5a	122280630	18243380	8fc42ebe18df20064ecac9a9a7d0da6c9d137d0d06aac8dc130e293bd7019f3c	e24a44d3f01ec9531b32037074d7d9c287a16891461408552f210b069b9a78cd	cbac829ecbcd8ba3019425cc48749ac20ea1b3c1aac9428946c0e22642097a84
Os	wsf_os	WsfOsInit	0x0052b9b2	0x0052b9d0	WsfOsInit	36	30	6	no	no	0fe91eb687d5fa3a2d7f6aff534da65ddf1eb17ea1713c1bea786100375b2cb2	f9c905e97f08e91afc84d8c6df9ed24e71e26accbea503f8f423f98e8e8ff6bb	aca457a163c6568689070a24d0e3ce58679dff35690390f6757ee821a118e14c	9a0606e882bde29307699799161a591e273941b5e42466ad9f77c1418086a549	122280630	18243380	8fc42ebe18df20064ecac9a9a7d0da6c9d137d0d06aac8dc130e293bd7019f3c	e24a44d3f01ec9531b32037074d7d9c287a16891461408552f210b069b9a78cd	cbac829ecbcd8ba3019425cc48749ac20ea1b3c1aac9428946c0e22642097a84
Os	wsf_os	wsfOsDispatcher	0x0052b9d0	0x0052bab8	wsfOsDispatcher	220	232	-12	no	no	99bebe3d008a8150cbd96adc91e5b0d61ef64072bcbd9febe662d02d175caba8	49ba08ce0c35eb58c098babd1ad0e4d68c303c67bf8e2543be552511732474d8	7676bdb049f0139ce625c4ff3ae2592f349f696e4a7f7fbf5b7d39d583fe88f2	c52f0e9655fc23f90c04e7533369fcb2b5f4ae5dcf6b1d4a95e6a216b5dd0d73	122280630	18243380	8fc42ebe18df20064ecac9a9a7d0da6c9d137d0d06aac8dc130e293bd7019f3c	e24a44d3f01ec9531b32037074d7d9c287a16891461408552f210b069b9a78cd	cbac829ecbcd8ba3019425cc48749ac20ea1b3c1aac9428946c0e22642097a84
Os	wsf_queue	WsfQueueEnq	0x00538c24	0x00538c4a	WsfQueueEnq	36	38	-2	no	no	737ef45e29e7f0df9798257a5b588bb315564c61e3ec64f6dabe3bd4d31bfe83	30b8240daf336d4037b57b11a420f9adbddf40659ec964e078e736cbeeca94dd	2fafc566db55657ce8c9d3501a53152584a17b0f73fe719ed3890fb527a658df	1417a3153f994f11d983514fa775d65a7ca2245b4d06aa6314d5a7331ef90771	122280630	18243380	8fc42ebe18df20064ecac9a9a7d0da6c9d137d0d06aac8dc130e293bd7019f3c	e24a44d3f01ec9531b32037074d7d9c287a16891461408552f210b069b9a78cd	cbac829ecbcd8ba3019425cc48749ac20ea1b3c1aac9428946c0e22642097a84
Os	wsf_queue	WsfQueueDeq	0x00538c4a	0x00538c6e	WsfQueueDeq	28	36	-8	no	no	c3c00ee7a67e6337b79da1ba29f803d7dfeefc9e1cfc7a4aed495ce1cc7514b8	b89add9a6f39622dc9277b91669b4978b136cf95d4c09bff5a8f65d02c3a7080	c6438597f29392f43bd1221f191afc87a9f435568506241369dc3db1ad299f72	8103a892191018303c7aac80c6e2d8443cc3a1b4e90534d631789e4749e0b6e9	122280630	18243380	8fc42ebe18df20064ecac9a9a7d0da6c9d137d0d06aac8dc130e293bd7019f3c	e24a44d3f01ec9531b32037074d7d9c287a16891461408552f210b069b9a78cd	cbac829ecbcd8ba3019425cc48749ac20ea1b3c1aac9428946c0e22642097a84
Os	wsf_queue	WsfQueuePush	0x00538c6e	0x00538c8c	WsfQueuePush	28	30	-2	no	no	615ee175bef0163e3abffec29d181f1c9ed5c62ffd7eb1afd30852fba5dfd3b7	19728a8dcc2b9905325e0994927d36eb35491245cf2646e7b329ffe1b7eb09e5	cb145ed4d14153473c6d60024f4036b3ce2949523b15299cf82004698284c05d	45ac902d523706d379482ce5cbf82fcbd2a345b3ee1f559caf41ff99941e7d9d	122280630	18243380	8fc42ebe18df20064ecac9a9a7d0da6c9d137d0d06aac8dc130e293bd7019f3c	e24a44d3f01ec9531b32037074d7d9c287a16891461408552f210b069b9a78cd	cbac829ecbcd8ba3019425cc48749ac20ea1b3c1aac9428946c0e22642097a84
Os	wsf_queue	WsfQueueInsert	0x00538c8c	0x00538cc8	WsfQueueInsert	58	60	-2	no	no	488869a88fbf31ed3cdf27a11c6a4b6d782d8d6d4b72758ddad04b564dcf3080	1aac6c02a0605d67564caa4d190a532bf4a1ef9c0f6e11c053326d7812fcc112	73ebc3205025595f1e47247ba1560eb52443e61434f321df4027bad68bda7dd4	ad205bc8b9784b036aa690a1cb3032244863a38fb815fbe7d18f392c919672ba	122280630	18243380	8fc42ebe18df20064ecac9a9a7d0da6c9d137d0d06aac8dc130e293bd7019f3c	e24a44d3f01ec9531b32037074d7d9c287a16891461408552f210b069b9a78cd	cbac829ecbcd8ba3019425cc48749ac20ea1b3c1aac9428946c0e22642097a84
Os	wsf_queue	WsfQueueRemove	0x00538cc8	0x00538cf6	WsfQueueRemove	48	46	2	no	no	77908283a9aa361b348834eda4fec5ef8d78ac03d91062295ecc987f30602a64	b550d2696c6f4516dd4c4bcb2b3af6c5b79a51092103ddc667cd886042ba5033	7aa969618b8e2905bbdd12b41d616b4046289eb952566d1b34c287570f398157	35d67e5ced61586a5a215162e33f64fce082df13d34b8c8a2dcccedbd8e94e58	122280630	18243380	8fc42ebe18df20064ecac9a9a7d0da6c9d137d0d06aac8dc130e293bd7019f3c	e24a44d3f01ec9531b32037074d7d9c287a16891461408552f210b069b9a78cd	cbac829ecbcd8ba3019425cc48749ac20ea1b3c1aac9428946c0e22642097a84
Os	wsf_queue	WsfQueueCount	0x00538cf6	0x00538d16	WsfQueueCount	30	32	-2	no	no	dd9efb2a307dfbe184157b5415299b6b28da40dadebb7bbd2c00b5256eb14d6e	270837f505709362f84fc36cc7da2dbd98046cb7c6b69b6037244885361bb86a	f3b606ed1dac931bfa08a91c9725c16c888667f55a9e3aabd90b153ce1e480fb	3b18a8f182a79b859ca79bfd5f9a9068dc1b6497f2f8d4cb2ce4a8163f523e8e	122280630	18243380	8fc42ebe18df20064ecac9a9a7d0da6c9d137d0d06aac8dc130e293bd7019f3c	e24a44d3f01ec9531b32037074d7d9c287a16891461408552f210b069b9a78cd	cbac829ecbcd8ba3019425cc48749ac20ea1b3c1aac9428946c0e22642097a84
Os_noinline	wsf_os	WsfCsEnter	0x0052b8a4	0x0052b8b6	WsfCsEnter	20	18	2	no	no	a464935bb4a215dd4d4ccbaccfb097dd9ab642d08ddee22ffdd6175ead85c4d5	e0ff3f4fa338e939616823c70ae7fc13df075b7de32178db2810cf9eb39edb87	c887acb81ca0b9ea613266bb374ab4c5c69a0b9c90bcb2ffd4e07079a762f208	ecaf8feb6f26e60789b06550c8f5d908cf7d6913e4d9d2e720cf316635ebaca0	121259045	18391408	e4ee46f555771753cee6e78b20ed64e0d248ff1cfdd47f2077265bc3403033ad	e24a44d3f01ec9531b32037074d7d9c287a16891461408552f210b069b9a78cd	e8c758a42e66ef21316419d44cfe7aa754cfb5a07530b0de5e8c3cc1e4b28981
Os_noinline	wsf_os	WsfCsExit	0x0052b8b6	0x0052b8c8	WsfCsExit	20	18	2	no	no	7584e545533ab7411e3dc3b352c1c8003a829aa1659db54076aabd2171404cf1	8685a9a54cba4040bb297f58f5bc9e0d5beed1f46a7159363edc8f80648e824c	4e752b0261b87b14410e6130ba811bd20b7ef961db4c244020edc1f54815e4bd	73e498637a31e7c030c730926d7834c10dc05c3f4c0cbf655a3556e4b43d9ce6	121259045	18391408	e4ee46f555771753cee6e78b20ed64e0d248ff1cfdd47f2077265bc3403033ad	e24a44d3f01ec9531b32037074d7d9c287a16891461408552f210b069b9a78cd	e8c758a42e66ef21316419d44cfe7aa754cfb5a07530b0de5e8c3cc1e4b28981
Os_noinline	wsf_os	WsfTaskLock	0x0052b8c8	0x0052b8d0	WsfTaskLock	4	8	-4	no	no	90a54a1f68a806a1795bd044856908235426b3c0f67be605fb94d3d5344a747f	4ae68a8cc15e75c482171f6fdd1e56d9bf7a9a787f56a9761e89af9833911f02	6ffd689d9d75c757c204a6ba6b0c175ab574faa63dbbcdee897d583bf2d11b92	022696e747ab8995c84888fefe1e49b1538690e052ef6bcbb4af6d0c94541069	121259045	18391408	e4ee46f555771753cee6e78b20ed64e0d248ff1cfdd47f2077265bc3403033ad	e24a44d3f01ec9531b32037074d7d9c287a16891461408552f210b069b9a78cd	e8c758a42e66ef21316419d44cfe7aa754cfb5a07530b0de5e8c3cc1e4b28981
Os_noinline	wsf_os	WsfTaskUnlock	0x0052b8d0	0x0052b8d8	WsfTaskUnlock	4	8	-4	no	no	90a54a1f68a806a1795bd044856908235426b3c0f67be605fb94d3d5344a747f	19785a8c5eb6c2e10cd274c554a5d7d1b649a94433f558511c02cdb5405397a1	6ffd689d9d75c757c204a6ba6b0c175ab574faa63dbbcdee897d583bf2d11b92	022696e747ab8995c84888fefe1e49b1538690e052ef6bcbb4af6d0c94541069	121259045	18391408	e4ee46f555771753cee6e78b20ed64e0d248ff1cfdd47f2077265bc3403033ad	e24a44d3f01ec9531b32037074d7d9c287a16891461408552f210b069b9a78cd	e8c758a42e66ef21316419d44cfe7aa754cfb5a07530b0de5e8c3cc1e4b28981
Os_noinline	wsf_os	WsfSetOsSpecificEvent	0x0052b8d8	0x0052b91e	WsfSetOsSpecificEvent	80	70	10	no	no	071fca9c51b05ea3344c20f095a0897a8637079fcf7a79be63af3d046cb4f3f0	a7a1285078ac515a4fea7ad18a50ab44ec84ba9f1c39e07df875dfa0f8681465	b29ac68670b2b0b57ab668ba03ce992f4176d2d63f32f3b234c28ab7f063057e	5bab032b9a03b5da1e125a9f2f46925b105b213fc0e1b627f14929a7e3c1310e	121259045	18391408	e4ee46f555771753cee6e78b20ed64e0d248ff1cfdd47f2077265bc3403033ad	e24a44d3f01ec9531b32037074d7d9c287a16891461408552f210b069b9a78cd	e8c758a42e66ef21316419d44cfe7aa754cfb5a07530b0de5e8c3cc1e4b28981
Os_noinline	wsf_os	WsfSetEvent	0x0052b91e	0x0052b95e	WsfSetEvent	52	64	-12	no	no	d7cd6d4d453259608699530638061a70ff0f0e26cdaee28f8fd797251275f737	62fda22da8f5aec6255e52e820a4570a593fa4637a710ce93ebfbdca428f7db8	316f35cb19a8745543d3dd6ca50510a2a67dccda01cb01c224affc689e8e9511	724f5a993959a0c2b9228dcf808ca0727989c8c92002333808523bc1b8e9945d	121259045	18391408	e4ee46f555771753cee6e78b20ed64e0d248ff1cfdd47f2077265bc3403033ad	e24a44d3f01ec9531b32037074d7d9c287a16891461408552f210b069b9a78cd	e8c758a42e66ef21316419d44cfe7aa754cfb5a07530b0de5e8c3cc1e4b28981
Os_noinline	wsf_os	WsfTaskSetReady	0x0052b95e	0x0052b97c	WsfTaskSetReady	36	30	6	no	no	8ef6be77e72efe50f5ad2f12e6e1ae6da907c65a7619e0c35b98fa1ea39a09fb	feaf10178e32248aebd53109fd9c1a95e1d757484102fc7a775203160e257ff7	cd9690aaaa3cf64938ff80d232f7e03dcb8e197195db47bd19372923629c38fb	0639a0781d3e05d201e72ada9ed84a87c59621cfa0099c68397bebe84ed90129	121259045	18391408	e4ee46f555771753cee6e78b20ed64e0d248ff1cfdd47f2077265bc3403033ad	e24a44d3f01ec9531b32037074d7d9c287a16891461408552f210b069b9a78cd	e8c758a42e66ef21316419d44cfe7aa754cfb5a07530b0de5e8c3cc1e4b28981
Os_noinline	wsf_os	WsfTaskMsgQueue	0x0052b97c	0x0052b980	WsfTaskMsgQueue	8	4	4	no	no	b24a6a06ea56f14b365afa39f17bf619a2ba1f01fd6dcb230a6766808f254129	c38df642688ef2e1df139d8ba9e7854fe109c68c84bfe8e97010f955fa56291b	811975cc17d6492abc70ae177d2d51b6ec28b8ff47b257e62a4b91f912f4d853	df329c59cf0ae884d28a341c86d7f784817e685c5d35445414c5570c45e4ee46	121259045	18391408	e4ee46f555771753cee6e78b20ed64e0d248ff1cfdd47f2077265bc3403033ad	e24a44d3f01ec9531b32037074d7d9c287a16891461408552f210b069b9a78cd	e8c758a42e66ef21316419d44cfe7aa754cfb5a07530b0de5e8c3cc1e4b28981
Os_noinline	wsf_os	WsfOsSetNextHandler	0x0052b980	0x0052b99e	WsfOsSetNextHandler	24	30	-6	no	no	6385a0ff3aa59296e509cdc61f4312c60399566d21b8ab33e588bcfa05a76a27	614f7f6c030d12ac7cb0ace224d26318a3089bc47a0d1fc24a17cf51cb7a396b	60aad898690301fd400b22eb02985738dd2839f95fc3a8ffcf5a5dc6df41c677	6f20c8e8b4cca9a3c57d5215c9a15858808a9905762264a6bd8c8961694d4f02	121259045	18391408	e4ee46f555771753cee6e78b20ed64e0d248ff1cfdd47f2077265bc3403033ad	e24a44d3f01ec9531b32037074d7d9c287a16891461408552f210b069b9a78cd	e8c758a42e66ef21316419d44cfe7aa754cfb5a07530b0de5e8c3cc1e4b28981
Os_noinline	wsf_os	wsfOsReadyToSleep	0x0052b99e	0x0052b9b2	wsfOsReadyToSleep	20	20	0	no	no	37b721ba51ea2522d0cf154cfb3e62c0b47c30d44ec790930c4c0ccf2c47043e	633892695925666e4dc9d7d89588807653985ae2321217b58b5c215bb6ab6ebc	31de7ed6c3bd3bf4192c2b42add91ae21bf395f71abdd7932a8861704177069b	2ee7fe67a3ef343a69cf87889f2316f44515d27ec5c6d70f7c699b49eca4fb5a	121259045	18391408	e4ee46f555771753cee6e78b20ed64e0d248ff1cfdd47f2077265bc3403033ad	e24a44d3f01ec9531b32037074d7d9c287a16891461408552f210b069b9a78cd	e8c758a42e66ef21316419d44cfe7aa754cfb5a07530b0de5e8c3cc1e4b28981
Os_noinline	wsf_os	WsfOsInit	0x0052b9b2	0x0052b9d0	WsfOsInit	36	30	6	no	no	0fe91eb687d5fa3a2d7f6aff534da65ddf1eb17ea1713c1bea786100375b2cb2	f9c905e97f08e91afc84d8c6df9ed24e71e26accbea503f8f423f98e8e8ff6bb	aca457a163c6568689070a24d0e3ce58679dff35690390f6757ee821a118e14c	9a0606e882bde29307699799161a591e273941b5e42466ad9f77c1418086a549	121259045	18391408	e4ee46f555771753cee6e78b20ed64e0d248ff1cfdd47f2077265bc3403033ad	e24a44d3f01ec9531b32037074d7d9c287a16891461408552f210b069b9a78cd	e8c758a42e66ef21316419d44cfe7aa754cfb5a07530b0de5e8c3cc1e4b28981
Os_noinline	wsf_os	wsfOsDispatcher	0x0052b9d0	0x0052bab8	wsfOsDispatcher	224	232	-8	no	no	474e9e50c332d3fca963fb0143be389772552d2cbe83da70e2f619f9e18f3bf5	49ba08ce0c35eb58c098babd1ad0e4d68c303c67bf8e2543be552511732474d8	8672b04f61aadd7b22f29c5fee39577966adeb00bcf136184a4b618680367371	c52f0e9655fc23f90c04e7533369fcb2b5f4ae5dcf6b1d4a95e6a216b5dd0d73	121259045	18391408	e4ee46f555771753cee6e78b20ed64e0d248ff1cfdd47f2077265bc3403033ad	e24a44d3f01ec9531b32037074d7d9c287a16891461408552f210b069b9a78cd	e8c758a42e66ef21316419d44cfe7aa754cfb5a07530b0de5e8c3cc1e4b28981
Os_noinline	wsf_queue	WsfQueueEnq	0x00538c24	0x00538c4a	WsfQueueEnq	36	38	-2	no	no	737ef45e29e7f0df9798257a5b588bb315564c61e3ec64f6dabe3bd4d31bfe83	30b8240daf336d4037b57b11a420f9adbddf40659ec964e078e736cbeeca94dd	2fafc566db55657ce8c9d3501a53152584a17b0f73fe719ed3890fb527a658df	1417a3153f994f11d983514fa775d65a7ca2245b4d06aa6314d5a7331ef90771	121259045	18391408	e4ee46f555771753cee6e78b20ed64e0d248ff1cfdd47f2077265bc3403033ad	e24a44d3f01ec9531b32037074d7d9c287a16891461408552f210b069b9a78cd	e8c758a42e66ef21316419d44cfe7aa754cfb5a07530b0de5e8c3cc1e4b28981
Os_noinline	wsf_queue	WsfQueueDeq	0x00538c4a	0x00538c6e	WsfQueueDeq	28	36	-8	no	no	c3c00ee7a67e6337b79da1ba29f803d7dfeefc9e1cfc7a4aed495ce1cc7514b8	b89add9a6f39622dc9277b91669b4978b136cf95d4c09bff5a8f65d02c3a7080	c6438597f29392f43bd1221f191afc87a9f435568506241369dc3db1ad299f72	8103a892191018303c7aac80c6e2d8443cc3a1b4e90534d631789e4749e0b6e9	121259045	18391408	e4ee46f555771753cee6e78b20ed64e0d248ff1cfdd47f2077265bc3403033ad	e24a44d3f01ec9531b32037074d7d9c287a16891461408552f210b069b9a78cd	e8c758a42e66ef21316419d44cfe7aa754cfb5a07530b0de5e8c3cc1e4b28981
Os_noinline	wsf_queue	WsfQueuePush	0x00538c6e	0x00538c8c	WsfQueuePush	28	30	-2	no	no	615ee175bef0163e3abffec29d181f1c9ed5c62ffd7eb1afd30852fba5dfd3b7	19728a8dcc2b9905325e0994927d36eb35491245cf2646e7b329ffe1b7eb09e5	cb145ed4d14153473c6d60024f4036b3ce2949523b15299cf82004698284c05d	45ac902d523706d379482ce5cbf82fcbd2a345b3ee1f559caf41ff99941e7d9d	121259045	18391408	e4ee46f555771753cee6e78b20ed64e0d248ff1cfdd47f2077265bc3403033ad	e24a44d3f01ec9531b32037074d7d9c287a16891461408552f210b069b9a78cd	e8c758a42e66ef21316419d44cfe7aa754cfb5a07530b0de5e8c3cc1e4b28981
Os_noinline	wsf_queue	WsfQueueInsert	0x00538c8c	0x00538cc8	WsfQueueInsert	58	60	-2	no	no	488869a88fbf31ed3cdf27a11c6a4b6d782d8d6d4b72758ddad04b564dcf3080	1aac6c02a0605d67564caa4d190a532bf4a1ef9c0f6e11c053326d7812fcc112	73ebc3205025595f1e47247ba1560eb52443e61434f321df4027bad68bda7dd4	ad205bc8b9784b036aa690a1cb3032244863a38fb815fbe7d18f392c919672ba	121259045	18391408	e4ee46f555771753cee6e78b20ed64e0d248ff1cfdd47f2077265bc3403033ad	e24a44d3f01ec9531b32037074d7d9c287a16891461408552f210b069b9a78cd	e8c758a42e66ef21316419d44cfe7aa754cfb5a07530b0de5e8c3cc1e4b28981
Os_noinline	wsf_queue	WsfQueueRemove	0x00538cc8	0x00538cf6	WsfQueueRemove	48	46	2	no	no	77908283a9aa361b348834eda4fec5ef8d78ac03d91062295ecc987f30602a64	b550d2696c6f4516dd4c4bcb2b3af6c5b79a51092103ddc667cd886042ba5033	7aa969618b8e2905bbdd12b41d616b4046289eb952566d1b34c287570f398157	35d67e5ced61586a5a215162e33f64fce082df13d34b8c8a2dcccedbd8e94e58	121259045	18391408	e4ee46f555771753cee6e78b20ed64e0d248ff1cfdd47f2077265bc3403033ad	e24a44d3f01ec9531b32037074d7d9c287a16891461408552f210b069b9a78cd	e8c758a42e66ef21316419d44cfe7aa754cfb5a07530b0de5e8c3cc1e4b28981
Os_noinline	wsf_queue	WsfQueueCount	0x00538cf6	0x00538d16	WsfQueueCount	30	32	-2	no	no	dd9efb2a307dfbe184157b5415299b6b28da40dadebb7bbd2c00b5256eb14d6e	270837f505709362f84fc36cc7da2dbd98046cb7c6b69b6037244885361bb86a	f3b606ed1dac931bfa08a91c9725c16c888667f55a9e3aabd90b153ce1e480fb	3b18a8f182a79b859ca79bfd5f9a9068dc1b6497f2f8d4cb2ce4a8163f523e8e	121259045	18391408	e4ee46f555771753cee6e78b20ed64e0d248ff1cfdd47f2077265bc3403033ad	e24a44d3f01ec9531b32037074d7d9c287a16891461408552f210b069b9a78cd	e8c758a42e66ef21316419d44cfe7aa754cfb5a07530b0de5e8c3cc1e4b28981
Os_nosibling	wsf_os	WsfCsEnter	0x0052b8a4	0x0052b8b6	WsfCsEnter	20	18	2	no	no	a464935bb4a215dd4d4ccbaccfb097dd9ab642d08ddee22ffdd6175ead85c4d5	e0ff3f4fa338e939616823c70ae7fc13df075b7de32178db2810cf9eb39edb87	c887acb81ca0b9ea613266bb374ab4c5c69a0b9c90bcb2ffd4e07079a762f208	ecaf8feb6f26e60789b06550c8f5d908cf7d6913e4d9d2e720cf316635ebaca0	120194931	20287370	884d93900a1e0417d78a82de3f2a506cc39cc1e2a32811543ddbb9901b7fea2c	0c5e7e8bed2533f8907fe79d6bb9a1c6eb0fa91e9df5cae17f11ad6c4fda305e	98455add2b6db641b087d2d9febc256708a55c2040973e361ef33360c5ae2c4f
Os_nosibling	wsf_os	WsfCsExit	0x0052b8b6	0x0052b8c8	WsfCsExit	20	18	2	no	no	7584e545533ab7411e3dc3b352c1c8003a829aa1659db54076aabd2171404cf1	8685a9a54cba4040bb297f58f5bc9e0d5beed1f46a7159363edc8f80648e824c	4e752b0261b87b14410e6130ba811bd20b7ef961db4c244020edc1f54815e4bd	73e498637a31e7c030c730926d7834c10dc05c3f4c0cbf655a3556e4b43d9ce6	120194931	20287370	884d93900a1e0417d78a82de3f2a506cc39cc1e2a32811543ddbb9901b7fea2c	0c5e7e8bed2533f8907fe79d6bb9a1c6eb0fa91e9df5cae17f11ad6c4fda305e	98455add2b6db641b087d2d9febc256708a55c2040973e361ef33360c5ae2c4f
Os_nosibling	wsf_os	WsfTaskLock	0x0052b8c8	0x0052b8d0	WsfTaskLock	8	8	0	no	no	bcf32a2422f679d984c910bebd3c2a13d9880efa63e60a70a2c5d7bfa5822f3c	4ae68a8cc15e75c482171f6fdd1e56d9bf7a9a787f56a9761e89af9833911f02	de7e4817d86b32d327116a06b269cd1399d6ce33027c5f6da8b7226f066d0cfe	022696e747ab8995c84888fefe1e49b1538690e052ef6bcbb4af6d0c94541069	120194931	20287370	884d93900a1e0417d78a82de3f2a506cc39cc1e2a32811543ddbb9901b7fea2c	0c5e7e8bed2533f8907fe79d6bb9a1c6eb0fa91e9df5cae17f11ad6c4fda305e	98455add2b6db641b087d2d9febc256708a55c2040973e361ef33360c5ae2c4f
Os_nosibling	wsf_os	WsfTaskUnlock	0x0052b8d0	0x0052b8d8	WsfTaskUnlock	8	8	0	no	no	bcf32a2422f679d984c910bebd3c2a13d9880efa63e60a70a2c5d7bfa5822f3c	19785a8c5eb6c2e10cd274c554a5d7d1b649a94433f558511c02cdb5405397a1	de7e4817d86b32d327116a06b269cd1399d6ce33027c5f6da8b7226f066d0cfe	022696e747ab8995c84888fefe1e49b1538690e052ef6bcbb4af6d0c94541069	120194931	20287370	884d93900a1e0417d78a82de3f2a506cc39cc1e2a32811543ddbb9901b7fea2c	0c5e7e8bed2533f8907fe79d6bb9a1c6eb0fa91e9df5cae17f11ad6c4fda305e	98455add2b6db641b087d2d9febc256708a55c2040973e361ef33360c5ae2c4f
Os_nosibling	wsf_os	WsfSetOsSpecificEvent	0x0052b8d8	0x0052b91e	WsfSetOsSpecificEvent	76	70	6	no	no	f8bdd221682fa6c2258367351556def63dcadbbbebf44da309673b3caf4249e7	a7a1285078ac515a4fea7ad18a50ab44ec84ba9f1c39e07df875dfa0f8681465	acb0c999763dd3be126d31429f0641fe7c3ef3d75e8a0437d2a3eddeb2681ff9	5bab032b9a03b5da1e125a9f2f46925b105b213fc0e1b627f14929a7e3c1310e	120194931	20287370	884d93900a1e0417d78a82de3f2a506cc39cc1e2a32811543ddbb9901b7fea2c	0c5e7e8bed2533f8907fe79d6bb9a1c6eb0fa91e9df5cae17f11ad6c4fda305e	98455add2b6db641b087d2d9febc256708a55c2040973e361ef33360c5ae2c4f
Os_nosibling	wsf_os	WsfSetEvent	0x0052b91e	0x0052b95e	WsfSetEvent	52	64	-12	no	no	cf2d2bdd68a424dfea0b5109e42509a8fcb0260e7ee3601c507eedda88b8743c	62fda22da8f5aec6255e52e820a4570a593fa4637a710ce93ebfbdca428f7db8	62be9299097cf7d121e9da6dc8b14097bfe3c79c9753c0793648c18b50e9c484	724f5a993959a0c2b9228dcf808ca0727989c8c92002333808523bc1b8e9945d	120194931	20287370	884d93900a1e0417d78a82de3f2a506cc39cc1e2a32811543ddbb9901b7fea2c	0c5e7e8bed2533f8907fe79d6bb9a1c6eb0fa91e9df5cae17f11ad6c4fda305e	98455add2b6db641b087d2d9febc256708a55c2040973e361ef33360c5ae2c4f
Os_nosibling	wsf_os	WsfTaskSetReady	0x0052b95e	0x0052b97c	WsfTaskSetReady	32	30	2	no	no	fc6ec9e763dc40d507bebabf480eaf336d3e902655744b983d9da4243687054b	feaf10178e32248aebd53109fd9c1a95e1d757484102fc7a775203160e257ff7	123e824f24fb818fe42a4e5e7cb8b3ccbff3d75efe1ea77158c27290bef0af49	0639a0781d3e05d201e72ada9ed84a87c59621cfa0099c68397bebe84ed90129	120194931	20287370	884d93900a1e0417d78a82de3f2a506cc39cc1e2a32811543ddbb9901b7fea2c	0c5e7e8bed2533f8907fe79d6bb9a1c6eb0fa91e9df5cae17f11ad6c4fda305e	98455add2b6db641b087d2d9febc256708a55c2040973e361ef33360c5ae2c4f
Os_nosibling	wsf_os	WsfTaskMsgQueue	0x0052b97c	0x0052b980	WsfTaskMsgQueue	8	4	4	no	no	b24a6a06ea56f14b365afa39f17bf619a2ba1f01fd6dcb230a6766808f254129	c38df642688ef2e1df139d8ba9e7854fe109c68c84bfe8e97010f955fa56291b	811975cc17d6492abc70ae177d2d51b6ec28b8ff47b257e62a4b91f912f4d853	df329c59cf0ae884d28a341c86d7f784817e685c5d35445414c5570c45e4ee46	120194931	20287370	884d93900a1e0417d78a82de3f2a506cc39cc1e2a32811543ddbb9901b7fea2c	0c5e7e8bed2533f8907fe79d6bb9a1c6eb0fa91e9df5cae17f11ad6c4fda305e	98455add2b6db641b087d2d9febc256708a55c2040973e361ef33360c5ae2c4f
Os_nosibling	wsf_os	WsfOsSetNextHandler	0x0052b980	0x0052b99e	WsfOsSetNextHandler	24	30	-6	no	no	6385a0ff3aa59296e509cdc61f4312c60399566d21b8ab33e588bcfa05a76a27	614f7f6c030d12ac7cb0ace224d26318a3089bc47a0d1fc24a17cf51cb7a396b	60aad898690301fd400b22eb02985738dd2839f95fc3a8ffcf5a5dc6df41c677	6f20c8e8b4cca9a3c57d5215c9a15858808a9905762264a6bd8c8961694d4f02	120194931	20287370	884d93900a1e0417d78a82de3f2a506cc39cc1e2a32811543ddbb9901b7fea2c	0c5e7e8bed2533f8907fe79d6bb9a1c6eb0fa91e9df5cae17f11ad6c4fda305e	98455add2b6db641b087d2d9febc256708a55c2040973e361ef33360c5ae2c4f
Os_nosibling	wsf_os	wsfOsReadyToSleep	0x0052b99e	0x0052b9b2	wsfOsReadyToSleep	20	20	0	no	no	37b721ba51ea2522d0cf154cfb3e62c0b47c30d44ec790930c4c0ccf2c47043e	633892695925666e4dc9d7d89588807653985ae2321217b58b5c215bb6ab6ebc	31de7ed6c3bd3bf4192c2b42add91ae21bf395f71abdd7932a8861704177069b	2ee7fe67a3ef343a69cf87889f2316f44515d27ec5c6d70f7c699b49eca4fb5a	120194931	20287370	884d93900a1e0417d78a82de3f2a506cc39cc1e2a32811543ddbb9901b7fea2c	0c5e7e8bed2533f8907fe79d6bb9a1c6eb0fa91e9df5cae17f11ad6c4fda305e	98455add2b6db641b087d2d9febc256708a55c2040973e361ef33360c5ae2c4f
Os_nosibling	wsf_os	WsfOsInit	0x0052b9b2	0x0052b9d0	WsfOsInit	36	30	6	no	no	0fe91eb687d5fa3a2d7f6aff534da65ddf1eb17ea1713c1bea786100375b2cb2	f9c905e97f08e91afc84d8c6df9ed24e71e26accbea503f8f423f98e8e8ff6bb	aca457a163c6568689070a24d0e3ce58679dff35690390f6757ee821a118e14c	9a0606e882bde29307699799161a591e273941b5e42466ad9f77c1418086a549	120194931	20287370	884d93900a1e0417d78a82de3f2a506cc39cc1e2a32811543ddbb9901b7fea2c	0c5e7e8bed2533f8907fe79d6bb9a1c6eb0fa91e9df5cae17f11ad6c4fda305e	98455add2b6db641b087d2d9febc256708a55c2040973e361ef33360c5ae2c4f
Os_nosibling	wsf_os	wsfOsDispatcher	0x0052b9d0	0x0052bab8	wsfOsDispatcher	220	232	-12	no	no	99bebe3d008a8150cbd96adc91e5b0d61ef64072bcbd9febe662d02d175caba8	49ba08ce0c35eb58c098babd1ad0e4d68c303c67bf8e2543be552511732474d8	7676bdb049f0139ce625c4ff3ae2592f349f696e4a7f7fbf5b7d39d583fe88f2	c52f0e9655fc23f90c04e7533369fcb2b5f4ae5dcf6b1d4a95e6a216b5dd0d73	120194931	20287370	884d93900a1e0417d78a82de3f2a506cc39cc1e2a32811543ddbb9901b7fea2c	0c5e7e8bed2533f8907fe79d6bb9a1c6eb0fa91e9df5cae17f11ad6c4fda305e	98455add2b6db641b087d2d9febc256708a55c2040973e361ef33360c5ae2c4f
Os_nosibling	wsf_queue	WsfQueueEnq	0x00538c24	0x00538c4a	WsfQueueEnq	34	38	-4	no	no	3daf9a0284496bd0be0ef97047b707c54d4b4c2d3f52b373dab8b0ac24defd00	30b8240daf336d4037b57b11a420f9adbddf40659ec964e078e736cbeeca94dd	0a9ebdf5d80a25a94f253eddaabaf3a5236d14443e721db05a6954db03c6fff6	1417a3153f994f11d983514fa775d65a7ca2245b4d06aa6314d5a7331ef90771	120194931	20287370	884d93900a1e0417d78a82de3f2a506cc39cc1e2a32811543ddbb9901b7fea2c	0c5e7e8bed2533f8907fe79d6bb9a1c6eb0fa91e9df5cae17f11ad6c4fda305e	98455add2b6db641b087d2d9febc256708a55c2040973e361ef33360c5ae2c4f
Os_nosibling	wsf_queue	WsfQueueDeq	0x00538c4a	0x00538c6e	WsfQueueDeq	28	36	-8	no	no	c3c00ee7a67e6337b79da1ba29f803d7dfeefc9e1cfc7a4aed495ce1cc7514b8	b89add9a6f39622dc9277b91669b4978b136cf95d4c09bff5a8f65d02c3a7080	c6438597f29392f43bd1221f191afc87a9f435568506241369dc3db1ad299f72	8103a892191018303c7aac80c6e2d8443cc3a1b4e90534d631789e4749e0b6e9	120194931	20287370	884d93900a1e0417d78a82de3f2a506cc39cc1e2a32811543ddbb9901b7fea2c	0c5e7e8bed2533f8907fe79d6bb9a1c6eb0fa91e9df5cae17f11ad6c4fda305e	98455add2b6db641b087d2d9febc256708a55c2040973e361ef33360c5ae2c4f
Os_nosibling	wsf_queue	WsfQueuePush	0x00538c6e	0x00538c8c	WsfQueuePush	26	30	-4	no	no	b3c7bd679d99c2c3d4d6b5e44156504c371b381d926e655ede0cff5b101c5272	19728a8dcc2b9905325e0994927d36eb35491245cf2646e7b329ffe1b7eb09e5	5392ba80a279b3ea6c4f785d4a511e60c69b0bb1112e21d9435e1394b1cb5645	45ac902d523706d379482ce5cbf82fcbd2a345b3ee1f559caf41ff99941e7d9d	120194931	20287370	884d93900a1e0417d78a82de3f2a506cc39cc1e2a32811543ddbb9901b7fea2c	0c5e7e8bed2533f8907fe79d6bb9a1c6eb0fa91e9df5cae17f11ad6c4fda305e	98455add2b6db641b087d2d9febc256708a55c2040973e361ef33360c5ae2c4f
Os_nosibling	wsf_queue	WsfQueueInsert	0x00538c8c	0x00538cc8	WsfQueueInsert	56	60	-4	no	no	c7bdac65f89ff48d648eda70f0ccf1fa91b570eb2e7ee526227377d37e9578b1	1aac6c02a0605d67564caa4d190a532bf4a1ef9c0f6e11c053326d7812fcc112	e4a0835aba023148eabdfaab7a4c6fc31c971f9a9f3c0a3dee7cf05629d5cf26	ad205bc8b9784b036aa690a1cb3032244863a38fb815fbe7d18f392c919672ba	120194931	20287370	884d93900a1e0417d78a82de3f2a506cc39cc1e2a32811543ddbb9901b7fea2c	0c5e7e8bed2533f8907fe79d6bb9a1c6eb0fa91e9df5cae17f11ad6c4fda305e	98455add2b6db641b087d2d9febc256708a55c2040973e361ef33360c5ae2c4f
Os_nosibling	wsf_queue	WsfQueueRemove	0x00538cc8	0x00538cf6	WsfQueueRemove	46	46	0	no	no	d1375f56a69ab380f51c312e4d482e3dec177a0c51dc98e593a6cf63eceb271f	b550d2696c6f4516dd4c4bcb2b3af6c5b79a51092103ddc667cd886042ba5033	bdecb68e15eb64b4e1cc4e14623cb42fbf96bd70afb593dcbb9fa5067197266f	35d67e5ced61586a5a215162e33f64fce082df13d34b8c8a2dcccedbd8e94e58	120194931	20287370	884d93900a1e0417d78a82de3f2a506cc39cc1e2a32811543ddbb9901b7fea2c	0c5e7e8bed2533f8907fe79d6bb9a1c6eb0fa91e9df5cae17f11ad6c4fda305e	98455add2b6db641b087d2d9febc256708a55c2040973e361ef33360c5ae2c4f
Os_nosibling	wsf_queue	WsfQueueCount	0x00538cf6	0x00538d16	WsfQueueCount	30	32	-2	no	no	dd9efb2a307dfbe184157b5415299b6b28da40dadebb7bbd2c00b5256eb14d6e	270837f505709362f84fc36cc7da2dbd98046cb7c6b69b6037244885361bb86a	f3b606ed1dac931bfa08a91c9725c16c888667f55a9e3aabd90b153ce1e480fb	3b18a8f182a79b859ca79bfd5f9a9068dc1b6497f2f8d4cb2ce4a8163f523e8e	120194931	20287370	884d93900a1e0417d78a82de3f2a506cc39cc1e2a32811543ddbb9901b7fea2c	0c5e7e8bed2533f8907fe79d6bb9a1c6eb0fa91e9df5cae17f11ad6c4fda305e	98455add2b6db641b087d2d9febc256708a55c2040973e361ef33360c5ae2c4f
Oz	wsf_os	WsfCsEnter	0x0052b8a4	0x0052b8b6	WsfCsEnter	20	18	2	no	no	a464935bb4a215dd4d4ccbaccfb097dd9ab642d08ddee22ffdd6175ead85c4d5	e0ff3f4fa338e939616823c70ae7fc13df075b7de32178db2810cf9eb39edb87	c887acb81ca0b9ea613266bb374ab4c5c69a0b9c90bcb2ffd4e07079a762f208	ecaf8feb6f26e60789b06550c8f5d908cf7d6913e4d9d2e720cf316635ebaca0	123164074	18717703	8fc42ebe18df20064ecac9a9a7d0da6c9d137d0d06aac8dc130e293bd7019f3c	e24a44d3f01ec9531b32037074d7d9c287a16891461408552f210b069b9a78cd	cbac829ecbcd8ba3019425cc48749ac20ea1b3c1aac9428946c0e22642097a84
Oz	wsf_os	WsfCsExit	0x0052b8b6	0x0052b8c8	WsfCsExit	20	18	2	no	no	7584e545533ab7411e3dc3b352c1c8003a829aa1659db54076aabd2171404cf1	8685a9a54cba4040bb297f58f5bc9e0d5beed1f46a7159363edc8f80648e824c	4e752b0261b87b14410e6130ba811bd20b7ef961db4c244020edc1f54815e4bd	73e498637a31e7c030c730926d7834c10dc05c3f4c0cbf655a3556e4b43d9ce6	123164074	18717703	8fc42ebe18df20064ecac9a9a7d0da6c9d137d0d06aac8dc130e293bd7019f3c	e24a44d3f01ec9531b32037074d7d9c287a16891461408552f210b069b9a78cd	cbac829ecbcd8ba3019425cc48749ac20ea1b3c1aac9428946c0e22642097a84
Oz	wsf_os	WsfTaskLock	0x0052b8c8	0x0052b8d0	WsfTaskLock	4	8	-4	no	no	90a54a1f68a806a1795bd044856908235426b3c0f67be605fb94d3d5344a747f	4ae68a8cc15e75c482171f6fdd1e56d9bf7a9a787f56a9761e89af9833911f02	6ffd689d9d75c757c204a6ba6b0c175ab574faa63dbbcdee897d583bf2d11b92	022696e747ab8995c84888fefe1e49b1538690e052ef6bcbb4af6d0c94541069	123164074	18717703	8fc42ebe18df20064ecac9a9a7d0da6c9d137d0d06aac8dc130e293bd7019f3c	e24a44d3f01ec9531b32037074d7d9c287a16891461408552f210b069b9a78cd	cbac829ecbcd8ba3019425cc48749ac20ea1b3c1aac9428946c0e22642097a84
Oz	wsf_os	WsfTaskUnlock	0x0052b8d0	0x0052b8d8	WsfTaskUnlock	4	8	-4	no	no	90a54a1f68a806a1795bd044856908235426b3c0f67be605fb94d3d5344a747f	19785a8c5eb6c2e10cd274c554a5d7d1b649a94433f558511c02cdb5405397a1	6ffd689d9d75c757c204a6ba6b0c175ab574faa63dbbcdee897d583bf2d11b92	022696e747ab8995c84888fefe1e49b1538690e052ef6bcbb4af6d0c94541069	123164074	18717703	8fc42ebe18df20064ecac9a9a7d0da6c9d137d0d06aac8dc130e293bd7019f3c	e24a44d3f01ec9531b32037074d7d9c287a16891461408552f210b069b9a78cd	cbac829ecbcd8ba3019425cc48749ac20ea1b3c1aac9428946c0e22642097a84
Oz	wsf_os	WsfSetOsSpecificEvent	0x0052b8d8	0x0052b91e	WsfSetOsSpecificEvent	80	70	10	no	no	071fca9c51b05ea3344c20f095a0897a8637079fcf7a79be63af3d046cb4f3f0	a7a1285078ac515a4fea7ad18a50ab44ec84ba9f1c39e07df875dfa0f8681465	b29ac68670b2b0b57ab668ba03ce992f4176d2d63f32f3b234c28ab7f063057e	5bab032b9a03b5da1e125a9f2f46925b105b213fc0e1b627f14929a7e3c1310e	123164074	18717703	8fc42ebe18df20064ecac9a9a7d0da6c9d137d0d06aac8dc130e293bd7019f3c	e24a44d3f01ec9531b32037074d7d9c287a16891461408552f210b069b9a78cd	cbac829ecbcd8ba3019425cc48749ac20ea1b3c1aac9428946c0e22642097a84
Oz	wsf_os	WsfSetEvent	0x0052b91e	0x0052b95e	WsfSetEvent	52	64	-12	no	no	d7cd6d4d453259608699530638061a70ff0f0e26cdaee28f8fd797251275f737	62fda22da8f5aec6255e52e820a4570a593fa4637a710ce93ebfbdca428f7db8	316f35cb19a8745543d3dd6ca50510a2a67dccda01cb01c224affc689e8e9511	724f5a993959a0c2b9228dcf808ca0727989c8c92002333808523bc1b8e9945d	123164074	18717703	8fc42ebe18df20064ecac9a9a7d0da6c9d137d0d06aac8dc130e293bd7019f3c	e24a44d3f01ec9531b32037074d7d9c287a16891461408552f210b069b9a78cd	cbac829ecbcd8ba3019425cc48749ac20ea1b3c1aac9428946c0e22642097a84
Oz	wsf_os	WsfTaskSetReady	0x0052b95e	0x0052b97c	WsfTaskSetReady	36	30	6	no	no	8ef6be77e72efe50f5ad2f12e6e1ae6da907c65a7619e0c35b98fa1ea39a09fb	feaf10178e32248aebd53109fd9c1a95e1d757484102fc7a775203160e257ff7	cd9690aaaa3cf64938ff80d232f7e03dcb8e197195db47bd19372923629c38fb	0639a0781d3e05d201e72ada9ed84a87c59621cfa0099c68397bebe84ed90129	123164074	18717703	8fc42ebe18df20064ecac9a9a7d0da6c9d137d0d06aac8dc130e293bd7019f3c	e24a44d3f01ec9531b32037074d7d9c287a16891461408552f210b069b9a78cd	cbac829ecbcd8ba3019425cc48749ac20ea1b3c1aac9428946c0e22642097a84
Oz	wsf_os	WsfTaskMsgQueue	0x0052b97c	0x0052b980	WsfTaskMsgQueue	8	4	4	no	no	b24a6a06ea56f14b365afa39f17bf619a2ba1f01fd6dcb230a6766808f254129	c38df642688ef2e1df139d8ba9e7854fe109c68c84bfe8e97010f955fa56291b	811975cc17d6492abc70ae177d2d51b6ec28b8ff47b257e62a4b91f912f4d853	df329c59cf0ae884d28a341c86d7f784817e685c5d35445414c5570c45e4ee46	123164074	18717703	8fc42ebe18df20064ecac9a9a7d0da6c9d137d0d06aac8dc130e293bd7019f3c	e24a44d3f01ec9531b32037074d7d9c287a16891461408552f210b069b9a78cd	cbac829ecbcd8ba3019425cc48749ac20ea1b3c1aac9428946c0e22642097a84
Oz	wsf_os	WsfOsSetNextHandler	0x0052b980	0x0052b99e	WsfOsSetNextHandler	24	30	-6	no	no	6385a0ff3aa59296e509cdc61f4312c60399566d21b8ab33e588bcfa05a76a27	614f7f6c030d12ac7cb0ace224d26318a3089bc47a0d1fc24a17cf51cb7a396b	60aad898690301fd400b22eb02985738dd2839f95fc3a8ffcf5a5dc6df41c677	6f20c8e8b4cca9a3c57d5215c9a15858808a9905762264a6bd8c8961694d4f02	123164074	18717703	8fc42ebe18df20064ecac9a9a7d0da6c9d137d0d06aac8dc130e293bd7019f3c	e24a44d3f01ec9531b32037074d7d9c287a16891461408552f210b069b9a78cd	cbac829ecbcd8ba3019425cc48749ac20ea1b3c1aac9428946c0e22642097a84
Oz	wsf_os	wsfOsReadyToSleep	0x0052b99e	0x0052b9b2	wsfOsReadyToSleep	20	20	0	no	no	37b721ba51ea2522d0cf154cfb3e62c0b47c30d44ec790930c4c0ccf2c47043e	633892695925666e4dc9d7d89588807653985ae2321217b58b5c215bb6ab6ebc	31de7ed6c3bd3bf4192c2b42add91ae21bf395f71abdd7932a8861704177069b	2ee7fe67a3ef343a69cf87889f2316f44515d27ec5c6d70f7c699b49eca4fb5a	123164074	18717703	8fc42ebe18df20064ecac9a9a7d0da6c9d137d0d06aac8dc130e293bd7019f3c	e24a44d3f01ec9531b32037074d7d9c287a16891461408552f210b069b9a78cd	cbac829ecbcd8ba3019425cc48749ac20ea1b3c1aac9428946c0e22642097a84
Oz	wsf_os	WsfOsInit	0x0052b9b2	0x0052b9d0	WsfOsInit	36	30	6	no	no	0fe91eb687d5fa3a2d7f6aff534da65ddf1eb17ea1713c1bea786100375b2cb2	f9c905e97f08e91afc84d8c6df9ed24e71e26accbea503f8f423f98e8e8ff6bb	aca457a163c6568689070a24d0e3ce58679dff35690390f6757ee821a118e14c	9a0606e882bde29307699799161a591e273941b5e42466ad9f77c1418086a549	123164074	18717703	8fc42ebe18df20064ecac9a9a7d0da6c9d137d0d06aac8dc130e293bd7019f3c	e24a44d3f01ec9531b32037074d7d9c287a16891461408552f210b069b9a78cd	cbac829ecbcd8ba3019425cc48749ac20ea1b3c1aac9428946c0e22642097a84
Oz	wsf_os	wsfOsDispatcher	0x0052b9d0	0x0052bab8	wsfOsDispatcher	220	232	-12	no	no	99bebe3d008a8150cbd96adc91e5b0d61ef64072bcbd9febe662d02d175caba8	49ba08ce0c35eb58c098babd1ad0e4d68c303c67bf8e2543be552511732474d8	7676bdb049f0139ce625c4ff3ae2592f349f696e4a7f7fbf5b7d39d583fe88f2	c52f0e9655fc23f90c04e7533369fcb2b5f4ae5dcf6b1d4a95e6a216b5dd0d73	123164074	18717703	8fc42ebe18df20064ecac9a9a7d0da6c9d137d0d06aac8dc130e293bd7019f3c	e24a44d3f01ec9531b32037074d7d9c287a16891461408552f210b069b9a78cd	cbac829ecbcd8ba3019425cc48749ac20ea1b3c1aac9428946c0e22642097a84
Oz	wsf_queue	WsfQueueEnq	0x00538c24	0x00538c4a	WsfQueueEnq	36	38	-2	no	no	737ef45e29e7f0df9798257a5b588bb315564c61e3ec64f6dabe3bd4d31bfe83	30b8240daf336d4037b57b11a420f9adbddf40659ec964e078e736cbeeca94dd	2fafc566db55657ce8c9d3501a53152584a17b0f73fe719ed3890fb527a658df	1417a3153f994f11d983514fa775d65a7ca2245b4d06aa6314d5a7331ef90771	123164074	18717703	8fc42ebe18df20064ecac9a9a7d0da6c9d137d0d06aac8dc130e293bd7019f3c	e24a44d3f01ec9531b32037074d7d9c287a16891461408552f210b069b9a78cd	cbac829ecbcd8ba3019425cc48749ac20ea1b3c1aac9428946c0e22642097a84
Oz	wsf_queue	WsfQueueDeq	0x00538c4a	0x00538c6e	WsfQueueDeq	28	36	-8	no	no	c3c00ee7a67e6337b79da1ba29f803d7dfeefc9e1cfc7a4aed495ce1cc7514b8	b89add9a6f39622dc9277b91669b4978b136cf95d4c09bff5a8f65d02c3a7080	c6438597f29392f43bd1221f191afc87a9f435568506241369dc3db1ad299f72	8103a892191018303c7aac80c6e2d8443cc3a1b4e90534d631789e4749e0b6e9	123164074	18717703	8fc42ebe18df20064ecac9a9a7d0da6c9d137d0d06aac8dc130e293bd7019f3c	e24a44d3f01ec9531b32037074d7d9c287a16891461408552f210b069b9a78cd	cbac829ecbcd8ba3019425cc48749ac20ea1b3c1aac9428946c0e22642097a84
Oz	wsf_queue	WsfQueuePush	0x00538c6e	0x00538c8c	WsfQueuePush	28	30	-2	no	no	615ee175bef0163e3abffec29d181f1c9ed5c62ffd7eb1afd30852fba5dfd3b7	19728a8dcc2b9905325e0994927d36eb35491245cf2646e7b329ffe1b7eb09e5	cb145ed4d14153473c6d60024f4036b3ce2949523b15299cf82004698284c05d	45ac902d523706d379482ce5cbf82fcbd2a345b3ee1f559caf41ff99941e7d9d	123164074	18717703	8fc42ebe18df20064ecac9a9a7d0da6c9d137d0d06aac8dc130e293bd7019f3c	e24a44d3f01ec9531b32037074d7d9c287a16891461408552f210b069b9a78cd	cbac829ecbcd8ba3019425cc48749ac20ea1b3c1aac9428946c0e22642097a84
Oz	wsf_queue	WsfQueueInsert	0x00538c8c	0x00538cc8	WsfQueueInsert	58	60	-2	no	no	488869a88fbf31ed3cdf27a11c6a4b6d782d8d6d4b72758ddad04b564dcf3080	1aac6c02a0605d67564caa4d190a532bf4a1ef9c0f6e11c053326d7812fcc112	73ebc3205025595f1e47247ba1560eb52443e61434f321df4027bad68bda7dd4	ad205bc8b9784b036aa690a1cb3032244863a38fb815fbe7d18f392c919672ba	123164074	18717703	8fc42ebe18df20064ecac9a9a7d0da6c9d137d0d06aac8dc130e293bd7019f3c	e24a44d3f01ec9531b32037074d7d9c287a16891461408552f210b069b9a78cd	cbac829ecbcd8ba3019425cc48749ac20ea1b3c1aac9428946c0e22642097a84
Oz	wsf_queue	WsfQueueRemove	0x00538cc8	0x00538cf6	WsfQueueRemove	48	46	2	no	no	77908283a9aa361b348834eda4fec5ef8d78ac03d91062295ecc987f30602a64	b550d2696c6f4516dd4c4bcb2b3af6c5b79a51092103ddc667cd886042ba5033	7aa969618b8e2905bbdd12b41d616b4046289eb952566d1b34c287570f398157	35d67e5ced61586a5a215162e33f64fce082df13d34b8c8a2dcccedbd8e94e58	123164074	18717703	8fc42ebe18df20064ecac9a9a7d0da6c9d137d0d06aac8dc130e293bd7019f3c	e24a44d3f01ec9531b32037074d7d9c287a16891461408552f210b069b9a78cd	cbac829ecbcd8ba3019425cc48749ac20ea1b3c1aac9428946c0e22642097a84
Oz	wsf_queue	WsfQueueCount	0x00538cf6	0x00538d16	WsfQueueCount	30	32	-2	no	no	dd9efb2a307dfbe184157b5415299b6b28da40dadebb7bbd2c00b5256eb14d6e	270837f505709362f84fc36cc7da2dbd98046cb7c6b69b6037244885361bb86a	f3b606ed1dac931bfa08a91c9725c16c888667f55a9e3aabd90b153ce1e480fb	3b18a8f182a79b859ca79bfd5f9a9068dc1b6497f2f8d4cb2ce4a8163f523e8e	123164074	18717703	8fc42ebe18df20064ecac9a9a7d0da6c9d137d0d06aac8dc130e293bd7019f3c	e24a44d3f01ec9531b32037074d7d9c287a16891461408552f210b069b9a78cd	cbac829ecbcd8ba3019425cc48749ac20ea1b3c1aac9428946c0e22642097a84
Oz_nosibling	wsf_os	WsfCsEnter	0x0052b8a4	0x0052b8b6	WsfCsEnter	20	18	2	no	no	a464935bb4a215dd4d4ccbaccfb097dd9ab642d08ddee22ffdd6175ead85c4d5	e0ff3f4fa338e939616823c70ae7fc13df075b7de32178db2810cf9eb39edb87	c887acb81ca0b9ea613266bb374ab4c5c69a0b9c90bcb2ffd4e07079a762f208	ecaf8feb6f26e60789b06550c8f5d908cf7d6913e4d9d2e720cf316635ebaca0	127187003	18348488	884d93900a1e0417d78a82de3f2a506cc39cc1e2a32811543ddbb9901b7fea2c	0c5e7e8bed2533f8907fe79d6bb9a1c6eb0fa91e9df5cae17f11ad6c4fda305e	98455add2b6db641b087d2d9febc256708a55c2040973e361ef33360c5ae2c4f
Oz_nosibling	wsf_os	WsfCsExit	0x0052b8b6	0x0052b8c8	WsfCsExit	20	18	2	no	no	7584e545533ab7411e3dc3b352c1c8003a829aa1659db54076aabd2171404cf1	8685a9a54cba4040bb297f58f5bc9e0d5beed1f46a7159363edc8f80648e824c	4e752b0261b87b14410e6130ba811bd20b7ef961db4c244020edc1f54815e4bd	73e498637a31e7c030c730926d7834c10dc05c3f4c0cbf655a3556e4b43d9ce6	127187003	18348488	884d93900a1e0417d78a82de3f2a506cc39cc1e2a32811543ddbb9901b7fea2c	0c5e7e8bed2533f8907fe79d6bb9a1c6eb0fa91e9df5cae17f11ad6c4fda305e	98455add2b6db641b087d2d9febc256708a55c2040973e361ef33360c5ae2c4f
Oz_nosibling	wsf_os	WsfTaskLock	0x0052b8c8	0x0052b8d0	WsfTaskLock	8	8	0	no	no	bcf32a2422f679d984c910bebd3c2a13d9880efa63e60a70a2c5d7bfa5822f3c	4ae68a8cc15e75c482171f6fdd1e56d9bf7a9a787f56a9761e89af9833911f02	de7e4817d86b32d327116a06b269cd1399d6ce33027c5f6da8b7226f066d0cfe	022696e747ab8995c84888fefe1e49b1538690e052ef6bcbb4af6d0c94541069	127187003	18348488	884d93900a1e0417d78a82de3f2a506cc39cc1e2a32811543ddbb9901b7fea2c	0c5e7e8bed2533f8907fe79d6bb9a1c6eb0fa91e9df5cae17f11ad6c4fda305e	98455add2b6db641b087d2d9febc256708a55c2040973e361ef33360c5ae2c4f
Oz_nosibling	wsf_os	WsfTaskUnlock	0x0052b8d0	0x0052b8d8	WsfTaskUnlock	8	8	0	no	no	bcf32a2422f679d984c910bebd3c2a13d9880efa63e60a70a2c5d7bfa5822f3c	19785a8c5eb6c2e10cd274c554a5d7d1b649a94433f558511c02cdb5405397a1	de7e4817d86b32d327116a06b269cd1399d6ce33027c5f6da8b7226f066d0cfe	022696e747ab8995c84888fefe1e49b1538690e052ef6bcbb4af6d0c94541069	127187003	18348488	884d93900a1e0417d78a82de3f2a506cc39cc1e2a32811543ddbb9901b7fea2c	0c5e7e8bed2533f8907fe79d6bb9a1c6eb0fa91e9df5cae17f11ad6c4fda305e	98455add2b6db641b087d2d9febc256708a55c2040973e361ef33360c5ae2c4f
Oz_nosibling	wsf_os	WsfSetOsSpecificEvent	0x0052b8d8	0x0052b91e	WsfSetOsSpecificEvent	76	70	6	no	no	f8bdd221682fa6c2258367351556def63dcadbbbebf44da309673b3caf4249e7	a7a1285078ac515a4fea7ad18a50ab44ec84ba9f1c39e07df875dfa0f8681465	acb0c999763dd3be126d31429f0641fe7c3ef3d75e8a0437d2a3eddeb2681ff9	5bab032b9a03b5da1e125a9f2f46925b105b213fc0e1b627f14929a7e3c1310e	127187003	18348488	884d93900a1e0417d78a82de3f2a506cc39cc1e2a32811543ddbb9901b7fea2c	0c5e7e8bed2533f8907fe79d6bb9a1c6eb0fa91e9df5cae17f11ad6c4fda305e	98455add2b6db641b087d2d9febc256708a55c2040973e361ef33360c5ae2c4f
Oz_nosibling	wsf_os	WsfSetEvent	0x0052b91e	0x0052b95e	WsfSetEvent	52	64	-12	no	no	cf2d2bdd68a424dfea0b5109e42509a8fcb0260e7ee3601c507eedda88b8743c	62fda22da8f5aec6255e52e820a4570a593fa4637a710ce93ebfbdca428f7db8	62be9299097cf7d121e9da6dc8b14097bfe3c79c9753c0793648c18b50e9c484	724f5a993959a0c2b9228dcf808ca0727989c8c92002333808523bc1b8e9945d	127187003	18348488	884d93900a1e0417d78a82de3f2a506cc39cc1e2a32811543ddbb9901b7fea2c	0c5e7e8bed2533f8907fe79d6bb9a1c6eb0fa91e9df5cae17f11ad6c4fda305e	98455add2b6db641b087d2d9febc256708a55c2040973e361ef33360c5ae2c4f
Oz_nosibling	wsf_os	WsfTaskSetReady	0x0052b95e	0x0052b97c	WsfTaskSetReady	32	30	2	no	no	fc6ec9e763dc40d507bebabf480eaf336d3e902655744b983d9da4243687054b	feaf10178e32248aebd53109fd9c1a95e1d757484102fc7a775203160e257ff7	123e824f24fb818fe42a4e5e7cb8b3ccbff3d75efe1ea77158c27290bef0af49	0639a0781d3e05d201e72ada9ed84a87c59621cfa0099c68397bebe84ed90129	127187003	18348488	884d93900a1e0417d78a82de3f2a506cc39cc1e2a32811543ddbb9901b7fea2c	0c5e7e8bed2533f8907fe79d6bb9a1c6eb0fa91e9df5cae17f11ad6c4fda305e	98455add2b6db641b087d2d9febc256708a55c2040973e361ef33360c5ae2c4f
Oz_nosibling	wsf_os	WsfTaskMsgQueue	0x0052b97c	0x0052b980	WsfTaskMsgQueue	8	4	4	no	no	b24a6a06ea56f14b365afa39f17bf619a2ba1f01fd6dcb230a6766808f254129	c38df642688ef2e1df139d8ba9e7854fe109c68c84bfe8e97010f955fa56291b	811975cc17d6492abc70ae177d2d51b6ec28b8ff47b257e62a4b91f912f4d853	df329c59cf0ae884d28a341c86d7f784817e685c5d35445414c5570c45e4ee46	127187003	18348488	884d93900a1e0417d78a82de3f2a506cc39cc1e2a32811543ddbb9901b7fea2c	0c5e7e8bed2533f8907fe79d6bb9a1c6eb0fa91e9df5cae17f11ad6c4fda305e	98455add2b6db641b087d2d9febc256708a55c2040973e361ef33360c5ae2c4f
Oz_nosibling	wsf_os	WsfOsSetNextHandler	0x0052b980	0x0052b99e	WsfOsSetNextHandler	24	30	-6	no	no	6385a0ff3aa59296e509cdc61f4312c60399566d21b8ab33e588bcfa05a76a27	614f7f6c030d12ac7cb0ace224d26318a3089bc47a0d1fc24a17cf51cb7a396b	60aad898690301fd400b22eb02985738dd2839f95fc3a8ffcf5a5dc6df41c677	6f20c8e8b4cca9a3c57d5215c9a15858808a9905762264a6bd8c8961694d4f02	127187003	18348488	884d93900a1e0417d78a82de3f2a506cc39cc1e2a32811543ddbb9901b7fea2c	0c5e7e8bed2533f8907fe79d6bb9a1c6eb0fa91e9df5cae17f11ad6c4fda305e	98455add2b6db641b087d2d9febc256708a55c2040973e361ef33360c5ae2c4f
Oz_nosibling	wsf_os	wsfOsReadyToSleep	0x0052b99e	0x0052b9b2	wsfOsReadyToSleep	20	20	0	no	no	37b721ba51ea2522d0cf154cfb3e62c0b47c30d44ec790930c4c0ccf2c47043e	633892695925666e4dc9d7d89588807653985ae2321217b58b5c215bb6ab6ebc	31de7ed6c3bd3bf4192c2b42add91ae21bf395f71abdd7932a8861704177069b	2ee7fe67a3ef343a69cf87889f2316f44515d27ec5c6d70f7c699b49eca4fb5a	127187003	18348488	884d93900a1e0417d78a82de3f2a506cc39cc1e2a32811543ddbb9901b7fea2c	0c5e7e8bed2533f8907fe79d6bb9a1c6eb0fa91e9df5cae17f11ad6c4fda305e	98455add2b6db641b087d2d9febc256708a55c2040973e361ef33360c5ae2c4f
Oz_nosibling	wsf_os	WsfOsInit	0x0052b9b2	0x0052b9d0	WsfOsInit	36	30	6	no	no	0fe91eb687d5fa3a2d7f6aff534da65ddf1eb17ea1713c1bea786100375b2cb2	f9c905e97f08e91afc84d8c6df9ed24e71e26accbea503f8f423f98e8e8ff6bb	aca457a163c6568689070a24d0e3ce58679dff35690390f6757ee821a118e14c	9a0606e882bde29307699799161a591e273941b5e42466ad9f77c1418086a549	127187003	18348488	884d93900a1e0417d78a82de3f2a506cc39cc1e2a32811543ddbb9901b7fea2c	0c5e7e8bed2533f8907fe79d6bb9a1c6eb0fa91e9df5cae17f11ad6c4fda305e	98455add2b6db641b087d2d9febc256708a55c2040973e361ef33360c5ae2c4f
Oz_nosibling	wsf_os	wsfOsDispatcher	0x0052b9d0	0x0052bab8	wsfOsDispatcher	220	232	-12	no	no	99bebe3d008a8150cbd96adc91e5b0d61ef64072bcbd9febe662d02d175caba8	49ba08ce0c35eb58c098babd1ad0e4d68c303c67bf8e2543be552511732474d8	7676bdb049f0139ce625c4ff3ae2592f349f696e4a7f7fbf5b7d39d583fe88f2	c52f0e9655fc23f90c04e7533369fcb2b5f4ae5dcf6b1d4a95e6a216b5dd0d73	127187003	18348488	884d93900a1e0417d78a82de3f2a506cc39cc1e2a32811543ddbb9901b7fea2c	0c5e7e8bed2533f8907fe79d6bb9a1c6eb0fa91e9df5cae17f11ad6c4fda305e	98455add2b6db641b087d2d9febc256708a55c2040973e361ef33360c5ae2c4f
Oz_nosibling	wsf_queue	WsfQueueEnq	0x00538c24	0x00538c4a	WsfQueueEnq	34	38	-4	no	no	3daf9a0284496bd0be0ef97047b707c54d4b4c2d3f52b373dab8b0ac24defd00	30b8240daf336d4037b57b11a420f9adbddf40659ec964e078e736cbeeca94dd	0a9ebdf5d80a25a94f253eddaabaf3a5236d14443e721db05a6954db03c6fff6	1417a3153f994f11d983514fa775d65a7ca2245b4d06aa6314d5a7331ef90771	127187003	18348488	884d93900a1e0417d78a82de3f2a506cc39cc1e2a32811543ddbb9901b7fea2c	0c5e7e8bed2533f8907fe79d6bb9a1c6eb0fa91e9df5cae17f11ad6c4fda305e	98455add2b6db641b087d2d9febc256708a55c2040973e361ef33360c5ae2c4f
Oz_nosibling	wsf_queue	WsfQueueDeq	0x00538c4a	0x00538c6e	WsfQueueDeq	28	36	-8	no	no	c3c00ee7a67e6337b79da1ba29f803d7dfeefc9e1cfc7a4aed495ce1cc7514b8	b89add9a6f39622dc9277b91669b4978b136cf95d4c09bff5a8f65d02c3a7080	c6438597f29392f43bd1221f191afc87a9f435568506241369dc3db1ad299f72	8103a892191018303c7aac80c6e2d8443cc3a1b4e90534d631789e4749e0b6e9	127187003	18348488	884d93900a1e0417d78a82de3f2a506cc39cc1e2a32811543ddbb9901b7fea2c	0c5e7e8bed2533f8907fe79d6bb9a1c6eb0fa91e9df5cae17f11ad6c4fda305e	98455add2b6db641b087d2d9febc256708a55c2040973e361ef33360c5ae2c4f
Oz_nosibling	wsf_queue	WsfQueuePush	0x00538c6e	0x00538c8c	WsfQueuePush	26	30	-4	no	no	b3c7bd679d99c2c3d4d6b5e44156504c371b381d926e655ede0cff5b101c5272	19728a8dcc2b9905325e0994927d36eb35491245cf2646e7b329ffe1b7eb09e5	5392ba80a279b3ea6c4f785d4a511e60c69b0bb1112e21d9435e1394b1cb5645	45ac902d523706d379482ce5cbf82fcbd2a345b3ee1f559caf41ff99941e7d9d	127187003	18348488	884d93900a1e0417d78a82de3f2a506cc39cc1e2a32811543ddbb9901b7fea2c	0c5e7e8bed2533f8907fe79d6bb9a1c6eb0fa91e9df5cae17f11ad6c4fda305e	98455add2b6db641b087d2d9febc256708a55c2040973e361ef33360c5ae2c4f
Oz_nosibling	wsf_queue	WsfQueueInsert	0x00538c8c	0x00538cc8	WsfQueueInsert	56	60	-4	no	no	c7bdac65f89ff48d648eda70f0ccf1fa91b570eb2e7ee526227377d37e9578b1	1aac6c02a0605d67564caa4d190a532bf4a1ef9c0f6e11c053326d7812fcc112	e4a0835aba023148eabdfaab7a4c6fc31c971f9a9f3c0a3dee7cf05629d5cf26	ad205bc8b9784b036aa690a1cb3032244863a38fb815fbe7d18f392c919672ba	127187003	18348488	884d93900a1e0417d78a82de3f2a506cc39cc1e2a32811543ddbb9901b7fea2c	0c5e7e8bed2533f8907fe79d6bb9a1c6eb0fa91e9df5cae17f11ad6c4fda305e	98455add2b6db641b087d2d9febc256708a55c2040973e361ef33360c5ae2c4f
Oz_nosibling	wsf_queue	WsfQueueRemove	0x00538cc8	0x00538cf6	WsfQueueRemove	46	46	0	no	no	d1375f56a69ab380f51c312e4d482e3dec177a0c51dc98e593a6cf63eceb271f	b550d2696c6f4516dd4c4bcb2b3af6c5b79a51092103ddc667cd886042ba5033	bdecb68e15eb64b4e1cc4e14623cb42fbf96bd70afb593dcbb9fa5067197266f	35d67e5ced61586a5a215162e33f64fce082df13d34b8c8a2dcccedbd8e94e58	127187003	18348488	884d93900a1e0417d78a82de3f2a506cc39cc1e2a32811543ddbb9901b7fea2c	0c5e7e8bed2533f8907fe79d6bb9a1c6eb0fa91e9df5cae17f11ad6c4fda305e	98455add2b6db641b087d2d9febc256708a55c2040973e361ef33360c5ae2c4f
Oz_nosibling	wsf_queue	WsfQueueCount	0x00538cf6	0x00538d16	WsfQueueCount	30	32	-2	no	no	dd9efb2a307dfbe184157b5415299b6b28da40dadebb7bbd2c00b5256eb14d6e	270837f505709362f84fc36cc7da2dbd98046cb7c6b69b6037244885361bb86a	f3b606ed1dac931bfa08a91c9725c16c888667f55a9e3aabd90b153ce1e480fb	3b18a8f182a79b859ca79bfd5f9a9068dc1b6497f2f8d4cb2ce4a8163f523e8e	127187003	18348488	884d93900a1e0417d78a82de3f2a506cc39cc1e2a32811543ddbb9901b7fea2c	0c5e7e8bed2533f8907fe79d6bb9a1c6eb0fa91e9df5cae17f11ad6c4fda305e	98455add2b6db641b087d2d9febc256708a55c2040973e361ef33360c5ae2c4f
