id,domain,capability,evidence,readiness,current_sybilsight,next_gate,risk
R1-001,Connection,"Direct BLE discovery and reconnect","First-party R1 service plus EVEN R1/BCL60 names; current CoreBluetooth implementation","Implemented","Scan, persisted UUID reconnect, timeouts and backoff","Validate across ring firmware revisions","Low"
R1-002,Connection,"Distinct GATT channel roles","Firmware event/callback chains map 12/13 to EUS binary runtime and 10/11 to BC/eAT; a 2026-04-12 physical trace carries valid EUS commands on ATT handles 21/23; a read-only 2026-07-31 live inventory proves factory 10/11 and runtime 12/13 coexist on retail 2.2.6.0009 alongside the isolated FE59/MCUmgr update characteristic","Implemented; both lanes and complete live GATT inventory physically observed","Requires channel 2 for runtime writes and notifications; subscribes to channel 1 separately with no cross-channel fallback; bounded CR/LF/NUL and delimiter-free channel-1 framing feed the consent/retention-owned telemetry store; snapshots advertisement metadata, every discovered characteristic/property/notify/value length, negotiated writes and individual read failures","Capture channel-1 eAT replies plus encryption/bond behavior below CoreBluetooth across retail firmware revisions; keep FE59/MCUmgr unreachable from runtime command APIs","Medium"
R1-003,Protocol,"Runtime EUS frame codec, checksums and multipart receive","Firmware establishes fragmentation limits; the physical trace validates single-fragment outer CRC, direction-specific inner CRCs, status bits, serial correlation and ring-selected notification serials","Implemented; single-fragment hardware verified","Outer CRC32C variant, compact-CCITT app TX and full-model-MODBUS ring RX classification, bounded fragmenter/reassembler, 4062-byte safe outbound and 4063-byte inbound limits; atomic writer sequences acknowledgements, no-response capacity, negotiated lengths, timeout and disconnect cancellation","Validate physical multi-fragment timing/checksums across firmware revisions","Medium"
R1-004,Connection,"Application startup role assignment and time sync","pairAuth significant byte01 requests phone-role assignment and queues an asynchronous security event; signed timezone minutes and Unix seconds follow","Implemented with exact-version handler/consumer replay","Retries role assignment and time synchronization with bounded startup watchdog; pure plans distinguish application role result from Peer Manager security scheduling","Physically confirm role response, SMP result, encryption and reconnect/replay behavior across firmware revisions","Medium"
R1-005,Relay,"R1 advertising preflight and G2 relay binding","Firmware2.2.6.0009 advStart consumes right and left six-byte targets before G2 RING_CONNECT_INFO; recovered Android2.2.0 sent only right and is revision-incompatible","Implemented with two-target current-version payload and duplicate-right fallback","Maintains direct and relay readiness as independent lanes; exact replay covers target matching, disconnect and fast/stop-advertising decisions without exposing those low-level effects","Correlate both target addresses, bind state on both lenses and reconnect behavior across current and older ring firmware","High"
R1-006,Power,"Battery and charge state","Physical packets validate the seven-byte unsolicited form; firmware proves requested [percent,state,01,00,00,00,00] and unsolicited [percent,charging?1:2,00,00,00,00,00] producers, with requested state 3 full else 1 charging or 2 not charging","Implemented; unsolicited form hardware verified and both producers firmware-confirmed","Validates percentage and charge enum; preserves producer bytes and complete compact tail; identifies requested versus notification source without inventing an extended value; refreshes and clears stale state","Capture controlled off-dock, charging, full and removal transitions and confirm requested producer bytes on hardware","Low"
R1-007,State,"RSSI and wear state","CoreBluetooth RSSI plus system/wearStatus enum 0/1/2","Implemented","Validates physical dBm range, records per-peripheral signal in transport snapshots, tracks lane provenance and clears stale session values","Determine wear-sensor derivation/debounce and correlate RSSI across placements","Low"
R1-008,Health,"G2 relay vitals snapshot","0x91 RingDataPackage/RingRawData fields for seven metrics plus timestamps","Implemented","Decodes battery, charge, HR, SpO2, HRV, temperature, calories and steps","Capture relay cadence and zero/absence semantics on hardware","Medium"
R1-009,Health,"Apple Health export subset","Relay semantics support HR, SpO2, step deltas and active-calorie deltas","Implemented","Consent-gated HealthKit writes with deduplication and watermarks","Validate physical units and long offline sessions","Medium"
R1-010,Input,"Stock single tap, double tap and vertical swipe","EvenHub event types 0/1/2/3 with source 2 for the ring","Implemented","Routes relay events and direct-notification fallback; cross-lane echoes are deduplicated without collapsing same-lane bursts","Regression-test ownership while native G2 pages are open and measure relay skew","Low"
R1-011,Input,"Per-gesture action remapping","Named gesture events can be mapped after source-aware routing","Implemented","Settings UI persists action assignments and separately labels native, app-composed, experimental diagnostic and capture-gated gesture classes","Regression-test mappings across direct/G2 ownership states and firmware revisions","Low"
R1-012,Input,"Software-composed triple tap","A double event followed by a single event can be grouped in a bounded window","Implemented","Optional resolver enables triple only when assigned","Measure false positives and perceived delay on hardware","Medium"
R1-013,Identity,"Device information and serial number","Production handlers prove deviceInfo is exactly two 16-byte slots ordered application version then hardware version, while deviceSn is exactly 15 persisted bytes and uses fifteen FF bytes when unavailable. A physical trace confirms a fixed-width ASCII deviceSn response while captured identity bytes remain redacted","Exact production layouts firmware-confirmed; serial route physically observed; contents intentionally redacted","Typed lossless decoders accept exact 32/15-byte production layouts plus broader 64/30-byte controller variants; exact labels coexist with neutral cross-version fields, the FF sentinel decodes as unavailable, and identity replay is consent-gated","Capture redacted payload lengths and slot boundaries on an owned ring; compare later signed revisions and additional serial variants without retaining real identifiers in fixtures","Low"
R1-014,Profile,"User profile provisioning","First-party profile synchronization maps male/female/prefer-not-to-say to public byte 0 values 0/1/2; age, UInt16LE height cm and weight kg occupy bytes 1...5 of a 12-byte system/userInfo payload. Production firmware's downstream map/validator defect accepts only public gender 0, acknowledges other values before silently rejecting them, and leaves two private-event bytes uninitialized","Serializer and exact firmware-effect model implemented; execution deliberately unavailable","Typed gender enum and 12-byte serializer preserve a raw-code path; the descriptor now requires health consent. No public state-changing sender is exposed because ACK does not prove persistence and the stock gender/tail behavior is unsafe","On an owned ring, correlate ACK, kv health record, algorithm reset, power and recovery for every public gender and exact demographic thresholds; require a firmware-safe path before execution","High"
R1-015,Settings,"System settings read/write","system/systemSettingsStatus parser; first-party factory writes Unix seconds at bytes 0..3, preserved swType at byte 4 and low-performance swStatus at byte 5","Read implemented; write deliberately gated","Typed lossless read decoder and serializer label timestamp, switch type and low-performance state while preserving reserved bytes; no state-changing sender","Determine switch-type domain and validate low-performance behavior before enabling writes","Medium"
R1-016,Settings,"Health tracking enable and report configuration","system/healthSettingsStatus and method-set form share system 01/00/0E; factory writes Unix seconds then health-enable byte 4 as 0/1 in an exact 12-byte payload. Separate health 02/7F/01 reportEnable is registered but only writes an unread RAM flag","Global-health status read and exact-version authorized read-before-write/readback operation implemented; misleading report flag remains unavailable","Typed status read requires the full binary-byte/zero-reserved production shape. The dedicated API requires explicit authorization,reads current state,sends only the canonical 12-byte payload and requires matching readback before success. The Settings UI separately confirms the ring-side change; enabling requires local health-data consent while disabling remains available after consent revocation. reportEnable has only an offline one-byte encoder because it does not control the independent reporting path","Capture read/set/read timing and persistence plus notification cadence,worker allocation,power behavior and disable/data-retention semantics on an owned ring; induce a safe failed effect to verify readback rejection. Do not expose reportEnable absent evidence of a runtime reader","High"
R1-017,Health,"Algorithm-key status and provisioning","getAlgoKeyStatus/setAlgoKey plus vendor get_pkey endpoint recovered. Firmware now proves a 64-byte GoMore key,length-prefixed command ingress,one-shot status-request latch and asynchronous flash persistence whose ACK is queued before the write","Passive status decoding,exact payload builder and redacted local-record validation implemented; live status query and provisioning gated","Typed lossless key-status decoder and strict64-byte serializer; stable identifier is redacted,key material is never logged or returned by record inspection,and no public sender exists. Nominal status read is excluded because status1 clears the one-shot latch","Determine licensing and key scope,then prove nonconsuming request observation,retry,post-write verification,failure reporting and recovery before any live status/provisioning operation","Critical"
R1-018,Health,"Direct heart-rate history and point measurement","Static daily/point/measure parsers plus first-party bpm label; a physical trace confirms an empty same-serial daily ACK followed by a distinct compact daily-data notification","Daily history hardware observed; point/measure pending","Consent-gated daily/point decoder and read API plus explicit one-shot measurement UI; protected archive preserves raw values with per-field official-app unit evidence; captured biometric values are not committed","Capture point/measure lifecycle, failure states, cadence, ranges and more daily variants","High"
R1-019,Health,"Direct blood-oxygen history and point measurement","spo2 daily/point/measure commands and payload parsers recovered; first-party direct debug UI labels decoded values percent","Implemented in code; hardware verification pending","Consent-gated daily/point decoder and read API plus explicit one-shot measurement UI; protected archive preserves raw values with per-field official-app unit evidence","Capture failure states, cadence and plausibility rules","High"
R1-020,Health,"Direct temperature history and point measurement","The first-party 2.2.0 AOT enum and parsers model temperature daily/point/measure and promote wide signed-int16 history/point values directly to double with no local scale conversion. Its normal sync nevertheless sends only five daily families, carries skin temperature through sleep, and its hidden point page is receive-only; no standalone temperature daily/point/measure sender call is recovered. Exact ring application2.2.6.0009 registers none of the temperature family","Passive decoders implemented; all exact-version requests and measurement actions gated","Consent-gated wide-value decoders can preserve legitimately received cross-version captures under separate archive consent while keeping units raw. Compatibility rejects all three coordinates for exact2.2.6.0009 and no live temperature sender is exposed","Correlate a genuine temperature notification and the registration table from its originating signed ring firmware with factory channels, sleep, relay, backend variation and calibrated references before enabling any request or assigning scale/baseline and skin/body semantics","High"
R1-021,Health,"Direct HRV history and point measurement","hrv daily/point/measure commands and parsers recovered; firmware runs a 120-second background window, requires callback60 plus70 nonzero RR inputs, filters adjacent changes at inclusive +/-150ms with 1100/1500ms current-value ceilings, computes exact Float32 RMSSD, publishes the low UInt16 after unsigned saturation/truncation and aggregates average/max/min; no stock SDNN or raw-RR output exists; first-party direct UI labels RMSSD ms","Implemented in code; acquisition/statistic/filter/publication firmware-confirmed; hardware verification pending","Consent-gated wide-value decoder/read API and explicit one-shot measurement UI; archive records the official ms unit plus machine-readable RMSSD statistic and deliberately excludes it from HealthKit SDNN; pure calculation/publication replay exposes version-scoped masks, intermediates and conversion without acquiring or persisting health data","Validate physical range, point lifecycle/failures, circular-buffer cadence and direct/factory correlation on owned hardware; compare another official revision","High"
R1-022,Activity,"Daily and all-day activity","Static 10-minute/all-day layouts and official count/kcal labels; a physical trace confirms one seven-byte daily record in a distinct notification","Daily record hardware observed; all-day pending","Consent-gated typed decoders/read API and structured archive preserve bucket indexes, counts, trailing-byte counts, raw values and per-field units; captured activity values are not committed","Capture all-day data, rollover, signedness, calorie definition and retention depth","Medium"
R1-023,Sleep,"Sleep sessions and stages","Firmware producer and sync expander prove 32-byte header semantics: percentage ratios, raw body temperature, signed UTC-offset minutes, Unix-second bounds, whole-minute totals and three-byte awake/REM/light/deep half-minute runs","Implemented in code; duration semantics firmware-confirmed; hardware verification pending","Consent-gated decoder/read API exposes semantic ratios, UTC offset, whole minutes, lossless half-minute stages and derived seconds; structured archive retains reserved/trailing bytes and raw body temperature","Validate body-temperature scale, live stage/session consistency, truncation and multi-session merge rules","High"
R1-024,Sleep,"Force-awake/finalize sleep","First-party AOT proves empty set-style command, 3000 ms timeout and persisted one-hour cooldown; firmware proves no-op unless sleep-active then clears the flag, requests the final GoMore result, disables module four, queues valid output and schedules a three-second timer","Implemented in code; hardware verification pending","Specialized health-consent-gated manual action with confirmation, no payload, official timeout, pre-send persisted cooldown and sync audit; no generic state-changing API or silent foreground trigger","Capture inactive/active and sub-hour sessions to validate reply, storage timing, rejection and multi-session merge behavior","High"
R1-025,Sport,"Cross-version sport start, stop and live data","The first-party Android2.2.0 AOT image contains a hidden SportModeDebugPage,real sportRunStart/sportRunStop senders with a3-second timeout,a live sportRunData subscription and a12-byte timestamp/HR/steps/kcal parser. Its wire contract is module03,control0700/0701 and sample0800. Exact ring application2.2.6.0009 nevertheless has a null sport-module dispatcher and registers none of those coordinates","Official cross-version client contract and lossless decoder implemented; exact-version commands unregistered and lifecycle controls correctly gated","Consent-gated passive12-byte decoder,official bpm/count/kcal unit labels,AOT provenance and per-field archive remain available. No lifecycle sender is exposed; exact-version compatibility rejects all three coordinates before BLE transmission","Capture a genuine sport notification plus registration tables and device-info from the originating signed ring firmware. Enable lifecycle requests only for a positively identified compatible revision with owned-hardware start/stop/readback testing","High"
R1-026,Protocol,"Acknowledgement of ring health notifications","Physical HR and activity exchanges show system/packetAck naming module, command, subcommand and source serial in a 10-byte transmitted payload","Implemented; daily-notification ACK hardware verified","Unsolicited direct health/sport notifications receive the capture-exact fire-and-forget 10-byte packetAck; matched responses and ACKs cannot loop; consent still controls retention","Verify retry and continuous-report ACK cadence before enabling report writes","High"
R1-027,Diagnostics,"Ring log export","Separate start/data/raw/check transfer recovered. Production wire log type is 1 despite logical Dart enum index 0. Ring raw messages carry up to 4096 bytes, fragmented into at most 238 payload bytes behind descending serial, repeated payload-only Castagnoli checksum and command byte; data is a readiness marker, response 2 retries from the current virtual offset, and check closes the lifecycle","Decoder/receiver corrected and implemented; live lifecycle remains capture-gated","Typed wire file type 1, envelope/model and bounded 32 MiB receiver validate descending fragments, each reassembled raw-chunk CRC, declared length and whole-file CRC without conflating chunk and file checksums. Data/check markers are explicit; no live sender or persistence surface","Capture the authenticated read-only start/ACK/check exchange on owned hardware, including retry and disconnect, then classify/redact content before exposing transport","High"
R1-028,Power,"Power control command","Production system/0/12 handler 0x843c8 accepts byte 1 quick restart, byte 2 ship-mode record plus shutdown flag, and byte 3 EVENT_SYSTEM_RESUME_SETTING; it responds before a raw-100 delay and effects. Android 2.2.0 quickRestartDevice emits the exact one-byte 01 payload and no recovered first-party path emits 02 or 03. The handler checks only declared length != 12 before reading byte zero","Static behavior closed; exact one-byte encoder and safe offline replay implemented; execution deliberately gated","The typed model covers header-only, truncated-backing, rejected and all three accepted branches; command 1 records reset tag 1 and posts flag 2, command 2 stores type 3 plus 14-bit battery mV while preserving state bits 16...31 and posts shutdown flag 1, and command 3 posts flag 0x100. A pinned analyzer verifies handler/helper/caller hashes, direct branch sets, strings and first-party AOT markers. No live sender, RTOS publication, persistent write, restart or shutdown path is exposed","If live support is ever authorized, validate ACK-before-effect timing, reset/reconnect behavior, durable ship-mode record semantics, shutdown/recovery and command-3 consequences on an owned sacrificial ring with rollback instrumentation; do not infer success from the protocol ACK","High"
R1-029,Recovery,"Nonvolatile recovery command","Firmware 2.2.6.0009 proves command 2 report/merge dispatch, exact 116-byte body, CRC-16/MODBUS verification, report gates and fill-only persistence; commands 0/1 are ignored","Capture decoder implemented; execution deliberately gated","Bounded lossless envelope/record decoder publishes typed fields only after CRC verification, preserves reserved/trailing bytes, redacts identifiers in ordinary UI, and retains the destructive classification; typed serializer exists but no public transport sender","Passively capture a local report; test merge only on sacrificial hardware with rollback and power-loss recovery","Critical"
R1-030,Firmware,"Nordic DFU and MCUmgr update surfaces","Signed 2.2.6.0009 Nordic application OTA plus bootloader/SoftDevice and first-party update stacks recovered. The application bootstrap statically adds FE59 and 8EC90003-F315-4F60-9FB8-838830DAEA50 as the unbonded 0003 variant: a 23-byte write/indicate SEC_OPEN endpoint accepting enter-bootloader 01 or 1...20-byte advertising-name 02 controls and indicating 20/request/status. Its callback disables advertising-on-disconnect and disconnects every live link before bootloader entry","Implemented for reviewed signed packages; physical rollback, unauthorized-transition behavior and power-loss recovery remain unverified","A user-initiated updater accepts only catalog packages whose size and SHA-256 match the SDK's compiled-in allowlist, then uses Nordic Secure DFU with progress and cancellation. Arbitrary packages and MCUmgr remain unavailable; the open buttonless characteristic is kept outside generic write APIs because signature validation does not prevent forced disconnect/reboot availability impact","On owned hardware, validate package-signature acceptance, restart/version reporting, cancellation, rollback, unauthorized transition attempts and recovery across power loss before widening the allowlist","Critical"
R1-031,Cloud,"First-party local-cache and health API pipeline","Raw/point/window/pending/sync-log caches plus query, push, export and key routes recovered","Local analogue implemented; vendor cloud deliberately gated","Separate protected source/sample/sync NDJSON streams use deterministic links, restart-safe rotation, serialized consent revocation, bounded metric/time queries with duplicate/corruption diagnostics, and in-app inspection/export/purge; no vendor upload path is used","Add scheduled backfill/window compaction only after timestamp and retention validation; do not integrate vendor cloud without authorization and legal review","High"
R1-032,Input,"Direct touchStatus and touchSwitch payloads","Exact 184-byte application handler at 0x84874 acknowledges before interpreting a two-byte selector/value payload: selector1 is phone diagnostic-only selector2 opens/closes glasses source0 and other selectors are no-ops","Static handler and strict safe plan implemented; physical write remains hardware-gated","Lossless touchStatus decoder and diagnostics snapshot plus a pure touchSwitch plan; authorized glasses changes reach the fail-closed enable-policy hook while one-byte ambiguous writes are rejected","Capture safe read and state transitions without disturbing G2 ownership; validate source0 lease behavior on owned hardware","Medium"
R1-033,Input,"Stock long-press delivery to third-party apps","Application dispatcher emits LONG_PRESS value 0 to the glasses handle; stock G2 app forwarding remains unproven","Implemented in code; delivery capture pending","Direct unsolicited value 0 maps to long_press and shares the remappable ring route; G2/direct duplicates are collapsed","Capture ring-to-G2 and direct/G2-to-phone paths together","Medium"
R1-034,Input,"Long release and configurable hold duration","Application dispatcher emits LONG_RELEASE value 8; touch_long_pre_time setter is recovered with unusual 100/3000 ms bounds","Implemented in code; duration write gated","Direct unsolicited value 8 maps to long_press_release for hold-to-reveal and never fires a second action","Map stock relay delivery and validate duration changes on test hardware","Medium"
R1-035,Health,"Metric units, scale and clinical definition","Firmware proves integer RMSSD with current/average/maximum/minimum aggregation; dual temperature internals are 0.001 C while first-party UI calls backend temperature a Celsius variation delta and direct parsers leave temperature raw; several consumer scales remain unresolved","Partially firmware-confirmed; remaining scales capture-gated","Explicit RMSSD semantics with deliberate HealthKit-SDNN exclusion; direct raw temperature, sleep body_temp, factory Celsius and backend variation remain distinct quantities","Validate HRV range/cadence/rounding and compare synchronized factory/direct/sleep/relay/backend temperature values with calibrated references","High"
R1-036,Settings,"Health/system status bit meanings","AOT names health byte 4 as the enable switch and system byte 5 as low-performance mode; system byte 4 and reserved bytes remain unlabeled","Partially firmware-confirmed; remaining fields capture-gated","Context-specific 0/1 interpretations and every raw byte are surfaced; writes stay gated","One-toggle-per-capture differential analysis for remaining fields","High"
R1-037,Power,"Extended charge-info and device-info labels","First-party parser supports a longer nested state plus signed Int32, but firmware 2.2.6.0009 fixes both status producers at seven bytes with a three-byte zero tail. Its deviceInfo handler independently fixes application/hardware version order in two 16-byte slots; only later controller-compatible two-32-byte layouts remain neutrally labeled","Production extended charge value unsupported; exact identity order confirmed; future layouts capture-gated","Complete compact charge tail, any future longer raw state/value fields and both exact/future fixed strings are preserved; UI explicitly reports no production extended value instead of implying voltage/current semantics","Capture a future-firmware extended payload if it appears; compare redacted exact and broader identity slot widths across signed revisions","Medium"
R1-038,Relay,"Direct-to-relay value and cadence correlation","Both lanes are structurally recovered but no synchronized baseline trace is in corpus","Capture-gated","Lanes are kept independent","Record direct requests and 0x91 snapshots simultaneously","Medium"
R1-039,Discovery,"Advertisement and manufacturer-data layout","Firmware initializer proves flags 06, complete dynamic EVEN R1_<three address bytes> or _FAC name and Generic Keyring appearance 0240 in the legacy advertisement. Scan response manufacturer data is company 5245 followed by six SoftDevice address bytes and an optional fixed 15-byte product serial; no TX-power or service-UUID AD element is configured","Firmware-confirmed for 2.2.6.0009; physical multi-device/revision comparison pending","Bounded per-peripheral records preserve local name, full manufacturer bytes, service/overflow/solicited UUIDs, TX power, connectability, RSSI and timestamp; identity-bearing address and serial values persist only under raw-capture opt-in","Capture provisioned normal and factory advertisements across multiple rings and firmware revisions, redacting address and serial, and verify the compiled 60-second fast-to-slow transition","Medium"
R1-040,Security,"Runtime bonding, encryption and authorization behavior","Static pairAuth assigns a phone connection role and posts an event rather than performing a cryptographic challenge. Static GATT/Peer Manager configuration is resolved separately in R1-089, but actual link encryption, application acceptance, persisted bond behavior and replay resistance are runtime properties","Capture-gated runtime behavior","Transport snapshots preserve CoreBluetooth encryption-required property flags when exposed and role assignment separately; exact static security parameters are typed; iOS does not expose keys or a definitive bond database state","Capture complete unbonded, newly bonded, reconnected, repaired and replayed HCI/GATT sessions; verify application access independently of open ATT registration and never retain key material","Critical"
R1-041,Protocol,"Direction-specific inner CRC semantics","All 11 physical phone-originated models match compact app CRC-16/CCITT; all 28 ring-originated models match CRC-16/MODBUS over the full inner model with checksum bytes zeroed","Implemented; physical corpus verified","Parser-revision-2 telemetry retains the raw checksum and classified scheme; the outer CRC is enforced while an unknown future inner scheme remains readable; exact request response and packet-ACK fixtures lock both constructions","Repeat across firmware/app revisions and include multipart packets before considering unknown-scheme rejection","Medium"
R1-042,Sensor,"Raw optical PPG, RR intervals, or LED/photodiode controls","GH3X2X firmware holds raw PPG and LED/sample controls internally; HRV receives transient RR inputs. Producer 0x8a01c proves raw_hr is a count plus up to 30 UInt32LE algorithm values, but neither its name nor container proves a PPG waveform layout; complete consumer/eAT dispatch exposes derived metrics only and no raw PPG/RR event","Internal container decoded; waveform transport remains a custom-firmware surface","The raw_hr record is strictly bounded and lossless while values remain unlabeled; no waveform fields, RR export, LED controls, or stock sender are invented","Passively trace internal producers or add an authenticated rate-limited extension, then prove channel layout, cadence, scaling, consent and power bounds","High"
R1-043,Sensor,"Raw accelerometer or motion stream from the ring","Production dynamically selects LIS2DOC-compatible 0x44, BMA456W 0x16, or QMA6100 0x90; every operation table reads six-byte XYZ FIFO frames and right-shifts all axes by two into an approximately 1024-count/g common stream; AT^ACC_OPEN prints every fifth internal sample","Passive decoder/ingress implemented; stream activation deliberately unavailable; formatted replies/application authorization capture-gated","Variant-neutral normalized XYZ/g conversion, typed eAT parser, bounded memory/capture path, and opt-in derived-gesture consumer exist; channel-1 notifications are now framed and ingested without opening a stream; G2 IMU stays separate","Capture channel-1 formatted replies and authorization with an externally initiated stream, installed variant, physical axis orientation and observed cadence before considering any explicit stream control","Medium"
R1-044,Sensor,"Gyroscope, magnetometer, rotation or air gestures","Full application driver inventory contains three mutually exclusive accelerometer variants but no ring gyroscope or magnetometer path","Unsupported hardware path","Not implemented","Allow acceleration-based shake/tilt only; do not promise absolute twist/yaw","Low"
R1-045,Input,"Touch coordinates, size, strength, speed or distance","IQS7211E supports coordinates/size/strength; firmware 2.2.6.0009 emits slider coordinate travel plus a three-sample smoothed coordinate speed","Implemented / physical-calibration gated","Direct touch events preserve both raw bytes and expose slider-only travel-coordinate and smoothed-speed aliases; timestamp and raw payload remain preserved","Calibrate coordinate units and validate slow/fast/short/long slides against a synchronized BLE capture","High"
R1-046,Output,"Ring haptic, vibration or controllable LED","Full application image contains no motor/haptic/audio output path; PPG LEDs are measurement illumination","Unsupported hardware path","Not implemented","Treat as unavailable unless teardown contradicts firmware","Low"
R1-047,Sensor,"Ring microphone or audio stream","Full application image has no microphone/audio driver, pins, buffers or protocol surface","Unsupported hardware path","Not implemented","Treat as unavailable unless hardware evidence changes","Low"
R1-048,Health,"ECG, blood pressure, glucose or respiratory metrics","GH3X2X paths cover PPG/HR/SpO2/HRV/wear but no ECG electrode or command; no BP/glucose/respiratory data path found","No exposed interface","Not implemented","Do not infer these metrics from PPG family capabilities","High"
R1-049,Hardware,"Sensor and interface inventory","Application firmware identifies IQS7211E, dynamic LIS2DOC-compatible/BMA456W/QMA6100 selection, GH3X2X family, dual GXT310 and ST25DVxxKC; exact installed variants and optical geometry remain per-device unknowns","Firmware-confirmed","Accelerometer selection and QMA configuration are versioned typed evidence; other inventory is documented with raw IDs preserved","Confirm part variants and physical placement by FICR/board/capture evidence","Medium"
R1-050,Input,"Native triple tap","Production writes gesture mask 0c0f, enabling native triple, but its normal IRQ worker reads six bytes beginning at info register 0f and skips gesture status register 0e; the outbound dispatcher has no triple branch","Custom-firmware surface; controller configuration firmware-confirmed","App-composed triple is implemented; versioned evidence models the already-enabled native bit without claiming stock delivery","Validate composition timing now; consume and authenticate native status only on a safe firmware track","Medium"
R1-051,Input,"Swipe-and-hold and richer capacitive gestures","Production mask 0c0f enables Y+ and Y- swipes but disables X swipes, palm and all swipe-and-hold directions. Config limits tracking to one finger and too-many-fingers triggers a trackpad reseed","Custom-firmware surface; exact stock mask implemented offline","Stock vertical slider travel/speed is implemented; disabled controller gestures are evidence-only","Prototype a single swipe-and-hold direction only after secured firmware bridging, controller configuration and ring-geometry/false-positive testing","Medium"
R1-052,Diagnostics,"Production eAT factory console","37 AT commands are compiled; firmware maps channel-1 BC receive to normal/factory queues and exact AT^ payloads to the eAT parser, with marker 0x55 selecting the factory queue","Strict exact-firmware read-only subset implemented; physical reply and authorization pending","All 37 commands retain read/state/destructive/update and sensitive-output classes; bounded passive reply framing is connected to the typed parser and telemetry privacy gates, while stable identity and arbitrary KV replies stay out of ordinary diagnostics unless protected raw capture was explicitly enabled. The only live API requires the exact analyzed application/hardware pair and accepts immutable parameter-free observational descriptors for versions, sensor IDs/touch geometry, wear/temperature/activity, battery/PMIC and charge temperature. It rejects arbitrary text, arguments, KV/log access, stream toggles, advertising/radio changes, calibration, storage, power, reset and DFU","With the owned ring awake and advertising, capture read-only channel-1 reply framing/fan-out and bonded authorization; do not widen the allowlist until each additional command has separate side-effect evidence","High"
R1-053,Health,"Factory HR/SpO2/HRV/temperature streams","AT open/close handlers subscribe to hr/spo2/hrv/temp internal topics; static HRV flow identifies four UInt16 fields as current/average/maximum/minimum RMSSD","Capture-gated","Consent-gated typed parsers and structured archive retain original timestamped text plus HR, SpO2, typed RMSSD fields with raw fallback, derived Celsius, explicit 0.001 C channel values and activity; motion has an independent opt-in; no console stream toggles exposed","Validate one stream at a time and preserve synchronized BLE framing","High"
R1-054,Temperature,"Dual calibrated temperature channels","GXT310X0/X2 each use ten samples at 5 ms spacing after an 80 ms startup, remove one minimum and maximum, signed-average eight and apply independent persisted calibration in 0.001 C units; output narrows each channel to signed Int16 before its LDRSH average","Firmware-confirmed","Typed factory records and the pure acquisition model preserve sensor count, trim extrema, calibrated signed channels, average and the proven wrap above 32.767 C; consumer values remain raw","Establish channel placement and skin/ambient compensation behavior and determine whether the signed factory boundary occurs in normal physical operation","High"
R1-055,NFC,"ST25DVxxKC dock fast-transfer path","Production enables static FTM, configures GPO1 0x21 for RF_PUT_MSG, consumes MB_CTRL 0x85 messages, and implements proprietary dock heartbeat, advertising and charge-field control; diagnostics expect IC reference 0x50 while the driver accepts 0x50/0x51","Firmware-confirmed; physical RF reachability capture-gated","Direction-aware offline decoders parse bounded inbound heartbeat/control and 23-byte ring status/control frames; no RF writer or transport exists","Perform read-only ISO 15693 identity, IC-reference, memory-size and security inventory plus passive synchronized dock capture","High"
R1-056,Firmware,"Signed application trust chain","2.2.6.0009 init packet hashes the image and carries ECDSA-P256-SHA256 signature","Firmware-confirmed","No custom updater","Keep custom firmware separate until signing/debug/rollback strategy is proven","Critical"
R1-057,Motion,"Shake knock raise and tilt gesture engine","All three production accelerometer variants normalize FIFO XYZ to the shared scale; QMA additionally has any-motion and tap hardware configured; actual physical axes remain unknown","Shake/double-knock implemented experimentally; raise/tilt capture-gated","Opt-in scale-normalized shake and positive-impulse double-knock classifier emits remappable events with sensitivity presets, persisted 50-sample stationary-noise calibration, cooldowns and confirmed-worn gating; calibration only raises thresholds; off by default; no absolute-orientation claims","Collect labeled on-body data for each obtainable variant and test false positives/power before graduating; tilt/raise require physical-axis calibration and an orientation model","Medium"
R1-058,Motion,"Native QMA any-motion step and acceleration multi-tap events","Production init enables a 72-sample step engine, two-sample all-axis any-motion near 250 mg, and Z-axis double/triple/quad taps. The IRQ handler checks any-motion and double-tap only; scatter-loaded callback slots initialize null and no direct writer is present","Custom-firmware surface; no stock outbound event","Versioned evidence constants expose every recovered setting; stock app does not claim these as usable gestures","Install authenticated callbacks and explicit triple/quad/step consumers only on a recoverable custom-firmware track, then validate wake rate and false positives","High"
R1-059,Security,"NFC mailbox receive-length safety","ST25DVxxKC exposes a 256-byte hardware mailbox, but production function 0x77be0 clears a 20-byte application buffer at 0x20016b40 and reads MB_LEN_Dyn plus 2 without enforcing 20; the next global begins exactly at 0x20016b54","Stock-firmware memory-corruption risk; unsafe transmit surface","Inbound decoder rejects frames above 20 bytes and no mailbox encoder/CoreNFC sender is exposed","Do not test oversized writes; compare later signed firmware for a bound fix and disclose privately to the vendor if coordinated reporting is desired","Critical"
R1-060,Power,"NFC dock status and charge-event telemetry","The 23-byte ring reply carries battery percent, two-bit charge state, whole-degree charge temperature, battery mV, NFC rectifier mV, raw power flags, PMIC readiness and firmware version; internal event bits cover RF arrival, standard-command IRQ, field processing, status refresh, charge end and battery sampling","Firmware-confirmed; field meanings partly raw and physical trace pending","Typed lossless status/control models preserve raw power flags and safely label proven voltage/temperature producers","Passively correlate dock frames with BLE charge transitions and calibrated battery, temperature and rectifier measurements","High"
R1-061,Motion,"Production accelerometer board variants","Probe 0x50208 selects LIS2DOC-compatible ID 0x44, BMA456W 0x16, or QMA6100 0x90 in that order and installs a 24-byte six-entry operation table; LIS includes compiled double-tap enable/disable hooks, BMA only the common FIFO surface, and QMA the configured step/any-motion/multi-tap surface","Firmware-confirmed; installed variant per-device and host gesture delivery capture-gated","Typed variant enum resolves factory IMU IDs, preserves unknown IDs, exposes compiled feature sets and keeps the common sample conversion variant-neutral","Capture AT^INFO on multiple hardware revisions; do not expose native gesture claims unless a stock event route or secured custom bridge is validated","High"
R1-062,Radio,"Role-specific BLE PHY, connection interval, RF power and advertising modes","GAP handler uses phone 1M/1M and expected glasses local TX=1M/RX=Coded; completion retains status/TX/RX PHY, fast means max interval below 50 BLE units, power plans are -8 dBm for all or 0 dBm phone/advertising plus +6 dBm glasses, and advertising modes 3/4 are fast/slow","Firmware-confirmed; negotiated PHY/interval/power and factory controls are host-unexposed or capture-gated","Versioned typed evidence distinguishes internal negotiated fields from CoreBluetooth RSSI and optional advertised TX power; snapshots expose only a comparison delta and no distance claim; no factory radio sender exists","Synchronize phone, G2 and HCI captures across both power plans and advertising modes; measure negotiated PHY, intervals, RSSI, range, current draw and command authorization","High"
R1-063,Calibration,"NV identity, sensor calibration and power-configuration record","The exact recovery body contains raw length-bounded BSN/SN identifiers, a six-byte temperature record encoded as sign0 plus Int16LE offset0 plus sign2 plus Int16LE offset2 in 0.001 C units, three signed Int16 accelerometer values, battery type 1...4, signed voltage compensation and ring size 6...15; runtime temperature calibration is erased only when all six bytes are ff while recovery merge uses the first-byte sentinel","Firmware-confirmed; offline support and source-built read-only sensor configuration implemented; physical report capture pending","CRC-verified lossless decoder exposes interpreted temperature and accelerometer calibration plus raw calibration/configuration bytes, preserves unknown bytes, models distinct runtime/recovery validity and reportable-but-unmergeable zero voltage, and redacts product identifiers from normal summaries. The source-built target reads exact nv_r1 and power records, applies present temperature calibration to the exact two-byte one-pair temperature stream, applies three signed axis offsets to exact motion stream batches, adopts a valid battery type, and exposes signed compensation without enabling recovery mutation","Capture a report from an owned ring without transmitting a valid merge body; correlate calibration fields only through controlled non-destructive measurements","High"
R1-064,Calibration,"Compiled factory-default restore table","Function 0x7c52c checks only missing battery types 0/0xff then first-match scans 59 fourteen-byte BLE-address-keyed profiles; packed nibbles supply ring size/battery type and a signed ADC byte becomes Int16 voltage compensation. The table has 56 distinct keys and three conflicting shadowed later rows; no static production caller is proven","Firmware-present but runtime reachability unproven; offline support implemented","Typed offline entry decoder and first-match lookup model configuration without embedding or logging device address keys; no restore sender or runtime action exists","Establish reachability only through passive boot logs/state on owned hardware; do not deliberately invalidate NV outside a sacrificial rollback experiment","Critical"
R1-065,Configuration,"Complete fixed configuration record and factory marker","Getter/setter tracing proves the 124-byte record: identity and temperature/accelerometer calibration through 0x49, reserved spans, UInt32 IQS7211E compensation divider at 0x4c, mode marker at 0x70, UInt32 factory-aging counter at 0x74 and flags at 0x78. Divider 1...31 overrides the controller default; 0x55 selects _FAC naming and compact touch while 0x5a is written on normal-mode exit","Firmware-confirmed; offline support implemented","Exact lossless decoder preserves every field and reserved byte, redacts identity by policy, returns nullable validated divider/mode interpretations and exposes no configuration writer","Read the record only from a safely acquired owned-device flash/capture; correlate unknown reserved bytes and mode transitions without entering factory mode","High"
R1-066,Diagnostics,"Factory optical aging progress and three-channel threshold state","Forced start ORs state 0xc0, zeros the UInt32 counter, starts acc/aging workers, persists every five increments and sets completion bit 0x10 at count 240. The ppg-open dispatcher maps gray=8 and aging=9; the aging callback accepts three UInt32 optical values and sets bits 1/2/4 for channels below 8000000. Individual wavelength/LED/photodiode labels and bits 0x08/0x20 plus individual high-bit meanings are absent","Firmware-confirmed internal optical diagnostic; offline decoder implemented; execution deliberately unavailable","Typed raw three-channel optical/PPG decoder, threshold interpretation, counter/flag model and reserved-bit preservation; no start/stop/clear sender","Identify individual optical-channel roles through passive factory-topic or owned-fixture correlation; do not run aging on a normal-use ring without vendor procedure and rollback evidence","High"
R1-067,Calibration,"Stock 100-sample accelerometer offset routine","Function 0x6f228 averages exactly 100 normalized XYZ samples, persists -meanX, adjusts Y toward sign-consistent +/-1024 counts and persists -meanZ, then reports completion and stops the factory acc worker","Firmware-confirmed arithmetic; offline model implemented; execution deliberately unavailable","Pure tested model reproduces Cortex-M signed integer division and Int16 storage without opening a calibration trigger or setter","Capture existing offsets and controlled fixture samples across installed IMU variants; establish orientation, pose, authorization and rollback before any recalibration","High"
R1-068,Health,"Complete optical internal-topic and open-mode registry","Registry 0x89eec creates hr/4, spo2/6, wear/2, hrv/10, raw_hr/124, adt/24, gray/12 and aging/12 byte topics with IDs/open modes 1,2,3,4,5,7,8,9; dispatcher 0x8165c shows unlabeled mode 6 shares mode 2's hardware path. Stock consumers prove primary HR/SpO2 bytes, wear byte 1 as living-object confirmation, four UInt16LE RMSSD values and three UInt32LE gray/aging channels","Firmware-confirmed internal contracts; offline support implemented; transport varies from factory-exposed to internal-only","Strict typed registry and exact-length lossless decoder retain all opaque bytes, keep internal wear confirmation distinct from final fused wear, and label only independently proven fields; no internal-only sender or waveform claim","Capture channel-1 factory outputs and passive owned-device internal topics; resolve remaining value semantics and mode-6 purpose before any authenticated bridge","High"
R1-069,Health,"Hard-ADT optical wear candidate and transition record","The pGGX_HARDADT_SOFTCHECK_v0.1 path at 0x2b218 proposes wear-on above raw 8675196 plus signed difference above -8000000, wear-off below raw 8658980, and emits a 16-byte internal record with flag, popcount 3, channel mask 7, transition 1/2, signed difference and an unlabeled source word. Dispatcher 0x29cdc accepts only flagged transitions 1 or 2","Firmware-confirmed low-level optical evidence; offline support implemented; not a final wear result","Exact strict decoder and typed thresholds/transitions preserve the unlabeled source word and keep hard ADT separate from final fused wear state","Correlate passive ADT topic records with final wear, NADT/liveness, IR range, sleep and charge state on owned hardware; establish source-word units","High"
R1-070,Health,"Higher ADT history and motion-assisted wear fusion","Callback 0x3ce1c consumes a 24-byte ADT record with count, three reserved bytes and five UInt32LE slots, retaining a previous last value for unsigned range. Functions 0x3cd80/0x3ceec require at least 10 XYZ samples and derive Float32 means plus population variances. Candidate gates include history span 100000, IR boundary 9050000, motion variance 2000, five low-IR decisions, 60 table decisions and a 0x800-tick living-confirmation window","Firmware-confirmed fusion inputs and boundaries; bounded offline support implemented; final fusion remains capture-gated","Strict ADT decoder caps the stock-unbounded declared count at five while preserving raw bytes; pure tested XYZ statistics and typed evidence constants avoid inventing units or a final wear state","Capture synchronized ADT, raw_hr/wear confirmation, motion, final wear, sleep and charge transitions to label units, tick duration, remaining float gates and complete state semantics","High"
R1-071,Health,"Optical backing-state map and bounded raw_hr container","Initializer 0x89eec allocates 0xf0 bytes at 0x2001a1bc with exact aligned topic spans at offsets 0x00,0x10,0x28,0x40,0xbc,0xc0,0xcc,0xd8; wrapper 0x8a01c appends incoming UInt32 words to raw_hr only while its count is below 30, proving count U8 plus three reserved bytes and 30 UInt32LE slots","Firmware-confirmed internal container; offline support implemented; value semantics and transport remain capture-gated","Typed registry exposes offsets, spans and producer addresses; strict decoder reports count above 30 invalid, preserves every slot and never calls raw values PPG samples","Capture synchronized internal raw_hr records with optical configuration, derived HR, motion and time to establish publication cadence, channel meaning, scale and power impact","High"
R1-072,Health,"HR and SpO2 algorithm-result metadata and SpO2 adjustment","Stock one-shot/timing logs name HR bytes 0...2 as hr/con/sig and all SpO2 bytes as spo2/r_value/con/signed level/hr/mark. Functions 0x4aac0 and 0x4aa98 accept primary SpO2 raw 70...100, transform around 96 with signed integer slopes 5/10 below and 8/10 at-or-above, then clamp 70...100 before publishing","Firmware-confirmed internal result semantics; offline support implemented; auxiliary scales remain capture-gated","Strict typed decoders preserve the one remaining HR byte and exact abbreviated auxiliary labels; pure tested validation/adjustment reproduces firmware arithmetic without claiming confidence meaning or clinical calibration","Capture synchronized six-byte results, published SpO2, operating mode and reference oximetry to determine auxiliary scales, rejection behavior and whether adjustment varies by firmware or configuration","High"
R1-073,Health,"Validated HR and SpO2 internal publication records","Function 0x499e0 accepts HR 40...220; callbacks 0x499f0/0x49b60 publish event 6 as HR U8, three zero bytes and UInt32LE firmware clock. SpO2 callbacks publish event 8 as adjusted SpO2 U8 plus seven zero bytes with no timestamp","Firmware-confirmed internal event contracts; offline support implemented; host transport and clock unit remain capture-gated","Separate strict eight-byte decoders preserve raw/reserved data and keep event IDs internal; no common timestamp assumption or writable BLE command is invented","Trace the internal event consumer and synchronize direct/relay HR and SpO2 with device clocks to establish clock unit, forwarding path, rejection behavior and cadence","High"
R1-074,Temperature,"One-shot validity consistency reduction and internal event","Callbacks accept UInt16 input 30000...50000, require five values mutually within 300 raw units, integer-average them, stop after 30 callbacks, publish event 9 with average times 0.01 as UInt16LE plus six zeros, and separately retain average times 0.1 in a 50-value timing buffer","Firmware-confirmed algorithm pipeline; source-built dormant one-shot stream/event/cache composition implemented; physical input and output semantics remain capture-gated","Exact target-layout state, tested callback reducer, rate-1 per-sample temp listener, scaled event 9 publisher and bounded daily-cache consumer are composed without boot activation while retaining unitless raw naming; no skin/ambient/core or clinical claim is made","Synchronize dual GXT factory channels, algorithm input/event/history, direct BLE and a controlled thermal reference to establish channel linkage, units, compensation and timeout cadence","High"
R1-075,Health,"Dormant production stress subsystem","Scatter-loaded dispatch maps sensor event 0x000a to an exact eight-byte point and corrected system events 0x1007/0x1008 to mode and measurement control. Points accept 0...100, receive a firmware timestamp, compact to value U8 plus UInt32LE timestamp and maintain UInt8 latest/average/maximum/minimum. Mode 1 schedules GoMore every 3600000 ms","Firmware-confirmed internal capability; offline support implemented; public BLE registration and first-party sender unproven","Typed mode/evidence constants, pure validation and strict lossless point/storage decoders are available; no command descriptor, control encoder or automatic collection is exposed","Recover or physically capture the public registration and official policy, then establish algorithm inputs, accuracy, cadence, power, authorization, ACK/cancel and rollback before a consent-gated phone bridge","High"
R1-076,Temperature,"Event-to-daily-storage normalization","Event-9 consumer 0x8a8fc accepts published UInt16 raw 250...500, replaces the timestamp, stores a compact one-byte offset equal to value minus 250 plus UInt32LE timestamp, and aggregator 0x5be7c adds 250 for latest/average/maximum/minimum output","Firmware-confirmed internal storage contract; offline support implemented; physical units remain capture-gated","Pure tested bidirectional transform and strict five-byte decoder preserve exact raw/timestamp data without treating the offset as Celsius","Correlate compact storage, direct daily records, algorithm events, GXT channels and controlled thermal reference across rollover boundaries","High"
R1-077,Protocol,"Exact production EUS registration compatibility","Scatter-loaded module slots are null/system 0x83ca9/health 0x82be9/null for modules 00...03, proving sport 03 has no dispatcher. Health table 0x9a454 has 14 identifiers, omits temperature/stress and makes HRV measure 0403 a no-op. System table 0x9a4cc has 20 entries. Special testable module 7f directly searches one-entry table 0x9a588","Firmware-confirmed complete exact-version module boundary; runtime compatibility enforcement implemented; broader official client descriptors remain cross-version/capture-gated","Typed query reports registered, registered-no-op, or unregistered for every known system/health/sport/testable key. Device-info scopes the result to the current session; exact-version absent/no-op commands are skipped or rejected before BLE transmission while unknown later firmware remains capture-gated. System83 is now an exact empty-response compatibility route, system7F an exact delayed no-op, and unsafe testable0001 remains decode-only with no sender","Capture registration/response behavior across official firmware revisions and compare83/7F semantics without speculative writes","High"
R1-078,Health,"Internal history routing and compact point records","Exact event 0x000e requests are metric U8, point/daily kind U8, request serial UInt16LE and dispatcher-search lower-bound residue UInt32LE. Dispatcher82BE8 invokes binary search83298 across14 registrations; successful handlers inherit deterministic r3 residues 0/1/0/3/3/5/0/7/7/9/7/11/11/13, and the event consumer reads only offsets0/1/2. The consumer routes HR, SpO2, activity and HRV point/daily plus sleep daily, but not temperature or stress. A six-entry descriptor includes both hidden metrics with serialized lengths3/3/3/3/24/6 and callbacks ordered slot-read/fallback, slot-write and cache-initialize/reset. Common storage has24 local-hour slots and routed daily sync is flash-limited to259200 seconds. Slots derive from Unix seconds plus signed UTC-offset minutes; UInt8 slots are average/max/min for HR/SpO2/temperature/stress and HRV uses UInt16LE. HR/SpO2 use five-byte points and HRV six; HR/HRV fill only zero timestamps while SpO2 replaces them","Firmware-confirmed dispatcher provenance, callback roles and internal contracts; offline support implemented; hidden temperature/stress phone routing unavailable in 2.2.6.0009","Strict lossless query, exact production-record builder, registration residue inventory, callback-role descriptors, stored-point and24-slot aggregate decoders preserve raw captures and validate production provenance; no internal-event sender is exposed","Passively capture common history sync across metrics on an owned ring and compare the registration residues and callback targets with another official revision; only bridge hidden stores through an authenticated version-gated interface","High"
R1-079,Diagnostics,"Hidden daily-health test injector on testable module","Special module 7f key 0001 reaches handler 0x84cc0, which copies a fixed nine bytes after checking only for nonempty payload, then posts event 0x000f. Consumer 0x42860 requires metric U8 plus start/end Unix UInt32LE, accepts HR/SpO2/temperature selectors 0/1/2, and fills an inclusive capped local-hour range with pseudo-random daily aggregates and synthetic latest metadata","Firmware-confirmed unsafe diagnostic; strict offline decoder implemented; live execution deliberately unavailable","Typed exact-version evidence preserves route, payload, accepted metrics, time gate and generated raw ranges without adding an encoder, command catalog entry, UI action or sender; sport remains wholly unregistered on 2.2.6.0009","Do not probe on personal data; if validation is ever necessary use sacrificial hardware and first establish backup/restore, exact payload bounds, persistence lifetime and reboot recovery","Critical"
R1-080,Platform,"Exact Nordic target and signed-init metadata","Application MSP 0x2003beb8 exceeds every nRF52 RAM map except nRF52840 and fits its 256 KiB ceiling. The package requires SoftDevice ID 0x0100; Nordic identifies that as S140 7.2.0 with application base 0x27000. The init SHA-256 matches the 646408-byte binary after Nordic byte reversal and carries a 64-byte signature","Firmware/package-confirmed nRF52840 and S140 7.2.0 dependency; exact package/silicon revision and signature trust remain unverified","Typed immutable evidence and a read-only DFU package summarizer preserve vector, memory, init, hash and signature-presence facts without extracting or flashing; DFU hardware version 52 remains opaque","Read FICR/INFO and access-port state on owned hardware, inspect package marking, and verify the signature only if the trusted production public key is lawfully recovered","High"
R1-081,Power,"YHM2710 register and current-sense interface","Compiled driver names YHM2710; register 08 must equal A0; PMIC_READ zeroes ten formatted slots, reads only register 09 into the first, and emits that byte followed by nine zeros; register 06 high-nibble codes A/B/C normalize to charging and D to charged; register 01 bit 02 is sys_track. Initialization writes 02=01 00=6A 01=4C 02=A0 03=02. NFC readiness checks register 05 bits 7...5=101, register 06 high nibble=C and register 07 bit 7 clear, then repairs register 03 bit 40. Separate device_stacmd, device_stacmd_irq, ship_mode_en and vpmic_isns_adc devices are registered. ISNS clamps and averages three signed ADC samples then applies (average*1200+2048)>>12. The destructive event route pulses ship_mode_en GPIO 5 for 200 ms","Firmware-confirmed exact model string and compiled behavior; offline support implemented; public data sheet, vendor, remaining register meanings and physical readings are unverified","Lossless register model/parser, normalized state/readiness gate, raw initialization evidence, pure current-sense conversion, exact one-plus-nine PMIC_READ output and inert PMIC_OFF persistence/thread intent are tested. PMIC_OFF has no executor, product API or UI route","Capture PMIC_READ and PMIC_ISNS on owned hardware while correlating a charger and precision meter; identify the vendor/register semantics without invoking PMIC_OFF","Critical"
R1-082,Power,"Exact nRF52840 analog acquisition registry","The decompressed scatter image has three 0x28-byte records at 0x20006EF8. Open copies byte +5 into PSELP before 0x7AEAC writes PSELP/PSELN/CONFIG. vbat_adc is channel 0 PSELP 6 AIN5/P0.29 with CONFIG 00050400; vpmic_isns_adc is channel 1 PSELP 4 AIN3/P0.05 with the same config; vnfc_rect_adc is channel 2 PSELP 3 AIN2/P0.04 with CONFIG 00020000. All use PSELN 0 and single-ended/internal-reference/burst-off; the first two use gain 1/2 and 40 us, NFC gain 1/6 and 10 us","Firmware and Nordic-spec confirmed MCU routing/configuration; external PCB transfer functions and physical values remain capture-gated","Version-scoped typed inputs, pin mapping, full CONFIG enums/raw packing and all three routes are implemented and tested; a reproducible read-only scatter/registry summarizer emits the evidence","Correlate all three raw paths against precision battery/current/NFC-field measurements to recover dividers, amplifier gain, offsets, noise and temperature behavior without invoking power-off","Medium"
R1-083,Power,"Exact battery and NFC-rectifier ADC conversions","Battery function 0x91184 reads five UInt16 samples, discards the two lowest, averages three and applies (average*0xD5154)/0x79D38. Runtime function 0x31FCC adds the persisted signed ADC correction only for -299...299 and divides by Float32 bit pattern 3F86C8B4 while PMIC state is charging. NFC function 0x50C90 clamps and averages three signed samples, while 0x50D00 applies (((average*3600+2048)&0FFFFFFF)>>12)*331/51. BAT_ADC prints cached millivolts, percent and battery type","Firmware-confirmed arithmetic and charging condition; pure offline support implemented; physical calibration remains unresolved","Exact integer filters, bounds, ratios, truncation, PMIC-state-selected Float32 divider and sample-count rejection are tested without opening hardware or diagnostic senders","Capture raw and formatted values against a calibrated meter under discharge, charge and NFC field states across temperature","Medium"
R1-084,Power,"Battery-type voltage curves and charging progression","Functions 0x50004 and 0x4FF3C select four 20-triple discharge and four charging-initial tables; every segment contributes 5 points. Discharge profiles span 3350 to a 4310 mV clamp. Charging types 2-4 clamp at 4350; type 1's last clamp word is 4310 and first-match interpolation tops its initialization at 82. Inputs <=2399 return fallback 50. Function 0x4FE70 caps each elapsed update at 180 seconds; type 1/3 cadences are 38/60/108/480 seconds per point and type 2/4 are 48/72/144/480 across <85/85-89/90-94/95-99. Function 0x3DD0C increments a charged-state refresh counter to at most 8 and resets it in other PMIC states; voltage >=4341 plus count >=5 reports 100 without necessarily advancing internal percent. Each cadence profile has trailing words 4350/300, but the only table consumer never reads them","Firmware-confirmed complete tables, arithmetic and gate producer; pure offline state model and conservative phone-side runtime trend implemented; trailing words are preserved as unconsumed rather than labeled speculatively","Typed lossless curves, integer interpolation, invalid-input fallback, per-update cap, carried elapsed state, cadence selection, charged-state counter and separate reported/internal percent are tested; a read-only table summarizer reproduces all values. The app persists at most 96 recent percentage/source/charge-state observations and estimates remaining runtime only after an uninterrupted known-not-charging span of at least 6 hours and 2 percentage points, with freshness and confidence labels","Correlate each installed battery type through controlled charge/discharge cycles and compare reported versus internal percentage around the full gate; validate phone-side estimates against complete cycles before treating them as more than a trend","Medium"
R1-085,Power,"Stalled charging percentage recovery","Function 0x3DB70 tracks charging percent, converted voltage and a monotonic timestamp. If percent is unchanged and <=98, no recovery has fired for that unchanged episode, both voltages are >=2400 mV, voltage rises by >=35 mV and >=120 seconds elapse, it resets 0x4FE70 progress and re-seeds its internal progress percent to max(cached current, charging-initial voltage map), capped at 100; it does not directly overwrite the cached status percent. A percent change clears the one-shot latch; leaving charging resets the sentinel and latch","Firmware-confirmed decision/state transitions and pure offline replacement model; runtime timestamp/latch integration and physical behavior remain capture-gated","Exact thresholds, guards, battery-profile mapping, non-decreasing replacement, sentinel, baseline updates and one-shot state transitions are implemented and boundary tested without synthesizing a live PMIC state","Passively trace one controlled stalled-percentage charge episode to validate scheduler cadence, monotonic tick conversion and one-shot latch behavior","Medium"
R1-086,Power,"YHM2710 software STACMD transport and pins","Scatter descriptor i2c_5 at 0x20007550 selects clock GPIO43/P1.11 and data GPIO46/P1.14. device_stacmd and device_stacmd_irq select GPIO33/P1.01. The operations table calls a software two-wire engine with START/STOP, MSB-first bytes, ACK sampling and repeated START. A register read transmits [r,00,00], repeated START, [r|01], then reads with ACK except on the final byte; write transmits [r,00,00,payload...]. Odd r values prove this must not be presented as conventional fixed-address I2C. The configured half-cycle callback returns immediately and no clock-stretch wait exists","Firmware-confirmed pins, descriptors, byte phases and timing limitations; physical voltage levels/bitrate and vendor protocol specification remain unverified","Version-scoped GPIO model, exact pure read/write phase builders and a bounded scatter summarizer are tested; no live bus sender is exposed","Passively capture P1.11/P1.14/P1.01 with a high-impedance logic analyzer during read-only PMIC_READ to measure bitrate, levels, ACK behavior and sideband timing","High"
R1-087,Power,"YHM2710 charge-temperature register policy","Function 0x35508 maps a Float32 target to register 01 bits 7...5 using the nearest of eight compiled scale/multiplier values while preserving bits 4...0. Caller 0x96AD0 derives a six-bit whole-degree charge temperature: 0 preserves registers; 1...14 requests target 4.016 and selects code1; 15...44 requests 14.06 and selects code2; 45...63 writes raw F8 to register02. Exact setpoint table is 10.040161/4.016065/14.056225/18.072290/20.080322/30.120483/40.160645/60.240967","Firmware-confirmed Float32 table, nearest-code arithmetic, temperature gates and raw actions; physical setpoint unit and register02 semantics remain unverified","Pure setpoint lookup, tie behavior, field-preserving register update and bounded temperature action model are boundary tested; the static summarizer reproduces the table and policy","Correlate read-only PMIC dumps and charge temperature across controlled 0/1/14/15/44/45 C boundaries; do not force raw writes without vendor procedure and thermal safeguards","High"
R1-088,Power,"YHM2710 shared battery/optical/touch power lease","Functions 0x50778/0x50758 maintain a three-bit client mask: bit0 brackets transient noncharging battery sampling, bit1 brackets shared optical/PPG users and bit2 brackets touch. First acquire writes register02=A8; additional or duplicate acquire writes nothing. Nonfinal or absent release writes nothing; final release writes register02=28. A separate high-temperature path writes F8. Register03 is read-modify-written with bit08 from a charging-event path and bit40 for NFC readiness repair","Firmware-confirmed callers, client indices, zero-boundary transitions and raw writes; electrical rail/mode and remaining register semantics remain unverified","Typed bounded client/state/transition model reproduces all ownership and duplicate-call behavior; signature-checked static summarizer emits the raw register inventory; no live PMIC sender is exposed","Passively correlate PMIC_READ, battery acquisition, optical sessions and touch open/close on owned hardware; identify rail behavior with high-impedance measurements before considering any write-capable diagnostic","High"
R1-089,Security,"Exact custom GATT registration and Peer Manager policy","Base BAE80000 plus primary service short UUID 0001 registers characteristics 0010/0012 as write-without-response and 0011/0013 as notify; every value and notify CCCD uses SEC_OPEN with variable length 1...244. Peer Manager bytes 31 07 10 03 03 request Legacy Just Works bonding with no MITM/LESC/OOB/keypress, no-input/no-output, 7...16-byte keys and encryption+identity keys each direction; repairing is accepted and new bonds are persisted but no controller whitelist or device-identity-list call exists. A diagnostic path can print the full 16-byte LTK as two eight-byte lines","Firmware-confirmed static configuration; runtime authorization, actual encryption, persistence and replay remain capture-gated","Version-scoped UUID/property/access models and lossless security-byte decoder are tested. Raw ring logs are explicit-consent sensitive; a marker-scoped tested text derivative redacts LTK segments for ordinary display/share. No console sender or key access API is exposed","Capture unbonded/new-bond/reconnect/repair/replay HCI+GATT behavior on owned hardware and confirm external channel-1 replies/application gates; verify redaction against consented synthetic or sacrificial-device logs without storing or publishing keys","Critical"
R1-090,Temperature,"Exact GXT310 acquisition and calibration interface","Firmware uses i2c_2 with raw address bytes 90/94, expected ID 50 and temperature/configuration/ID registers 00/01/03. Samples are signed big-endian Int16 times 0.0078125 C, normal wire configuration is 00 C2 enable and 01 C2 disable, and dormant one-shot wire configuration is 01 C1. The immediate sampler and per-channel one-shot veneers have no recovered callers","Firmware-confirmed interface and arithmetic; source-built Zephyr transport/acquisition and persisted calibration implemented; physical channel roles remain capture-gated","Version-scoped evidence plus pure tested raw conversion exact trim/average/calibration and the six-byte calibration decoder are composed with the recovered P1.13/P0.28 software-i2c_2 provider two-address ID probe immediate read bounded ten-pair acquisition and read-only nv_r1 offset-3E calibration; no timer event-9 publisher daily-cache injection channel-role label or BLE control is exposed","Capture both raw/calibrated channels against controlled contact and ambient references; establish address convention at the electrical layer, channel placement and algorithm linkage; compare revisions for dormant-helper reachability","High"
R1-091,Input,"Exact IQS7211E controller configuration and native-gesture boundary","Initializer 2f880 writes I2C address 56, event config 476c, trackpad config 0328, one-finger 3Rx by 7/8Tx geometry and gesture mask 0c0f with 400 ms tap, 300 ms air, 1000 ms hold, 600 ms swipe and 75-pixel initial Y threshold. IRQ worker 30e6c begins at register 0f and omits gesture word 0e; too-many-fingers flag 1000 issues reseed byte 08","Firmware and official register-map confirmed; offline support implemented; native extra-event delivery requires custom firmware","Typed gesture mask and version-scoped tested configuration expose enabled/disabled recognizers, geometry, thresholds and the exact stock read/forwarding boundary without a register writer","Capture stock coordinate/IRQ timing and slider metadata; only add native triple or reconfigured swipe-and-hold through an authenticated recoverable firmware bridge with false-positive and power validation","High"
R1-092,Input,"IQS7211E raw 21/24-channel diagnostic matrices","IRQ worker 30e6c always reads 42 or 48 bytes of little-endian count words from E0; diagnostic selector 0...3 at 6210c/93414 returns E0 count, E1 reference, E2 signed count-minus-reference delta or E3 10-bit ATI compensation on the next eligible IRQ, resets the selector and queues the untagged frame through 34070 to the glasses connection. Channel order advances across 3 logical Rxs before each Tx; 41a40 separately audits E3 min/max","Firmware and official register-map confirmed; strict offline support implemented; live selection and stock G2-to-phone delivery remain capture/auth gated","Typed bank/layout/frame models strictly accept only 42/48-byte records, preserve raw UInt16 words, expose signed deltas and logical Rx/Tx positions, and intentionally provide no register or diagnostic-command writer","Passively establish the selector packet authorization and whether stock G2 relays the response; if later enabled, require explicit consent, rate limiting, no default persistence and sacrificial-hardware ATI/power validation","High"
R1-093,Input,"IQS7211E normal status and calibrated absolute coordinates","IRQ worker 30e6c reads exactly three UInt16LE words at 0F...11: complete information flags plus finger-1 absolute X/Y. It retains X but bridge 6FC78 feeds only Y, unsigned E0 mean and sensing-mode bits to gesture producer 92CBC. Missing Y FFFF with mean below 350.0 releases at the prior position. Initializer 8E758 selects one of 20 scatter-registered ring-size/layout records and maps Y through Float32 213.333328 trim units to a clamped/truncated 0...200 coordinate; strength, area, second finger, relative coordinates and per-channel touch status are outside the read","Firmware and official register-map confirmed; strict offline frame/calibration support implemented; normal record is internal and live forwarding remains capture/auth gated","Lossless info OptionSet preserves all named, multi-bit, unknown-mode and reserved fields; strict six-byte decoder preserves X/Y/sentinels; exact 7x3 and 8x3 size-6...15 calibration tables and pure scaling routine are boundary tested. Reproducible scatter summarizer emits all pointers and 30-byte records; no controller or diagnostic writer is exposed","Physically correlate raw and scaled coordinates for each obtainable layout/ring size, then use an authenticated explicit-consent bridge if continuous X/Y is needed; extend the read for strength/area only after power, rate and privacy validation","High"
R1-094,Input,"IQS7211E production electrode topology and cycle allocation","Initializer 2F880 consumes all remaining semantic fields of the 20 size/layout records: byte0 is the default global trackpad ATI compensation divider, byte2 is the fine fractional divider and bytes5...28 populate logical channel cycle slots. Fixed mapping at 56 maps logical Rxs to controller electrodes 2/6/3; 7-Tx maps to 5/8/7/11/0/9/1 and 8-Tx to 5/8/7/11/0/9/12/1. Only trim-bounded Tx rows are active; each uses a paired ProxA/ProxB cycle for Rx0/Rx1 and ProxA-only cycle for Rx2. Unallocated FF channels report ATI target rather than zero","Firmware and official register-map confirmed; complete read-only offline topology support implemented; package pins and physical ring positions remain hardware-evidence gated","Typed production configurations reconstruct every 30-byte record, 14-byte mapping payload and 63-byte/21-cycle payload; expose default/fine dividers, active masks, controller Rx/Tx electrodes, Prox engine and allocation state for every logical channel. The scatter summarizer independently validates all records and no register writer is exposed","Correlate controller electrode indices with the populated package and FPC/PCB geometry using board evidence or high-impedance probing, then validate active masks and ATI-target behavior on each obtainable layout/size without rewriting configuration","High"
R1-095,Input,"IQS7211E complete finger, relative, gesture and touch-status output","The official read-only 0A...1A window is 17 little-endian words: signed relative X/Y, signed gesture X/Y, native gesture bits, info flags, absolute X/Y plus delta-sum strength and channel-count area for each of two fingers, and one touch bit for channels 0...41 with six reserved high bits. Production configures one finger and IRQ worker 30E6C reads only 0F...11; recovered factory commands expose TOUCH_INIT/TOUCH_HW and E0...E3 selection but no arbitrary output-register read","Controller/register shape confirmed and strict offline future-capture support implemented; acquisition is custom-diagnostic/firmware-only and two-finger output additionally requires reconfiguration/physical validation","Strict 34-byte decoder preserves signed movement, all native and reserved bits, missing-coordinate sentinels, both finger records and raw touch words; per-size topology filters touch bits to allocated channels. No live I2C, generic diagnostic or controller writer is exposed","On a recoverable authenticated firmware track, forward the full window at a bounded rate with explicit touch-data consent; validate latency/power and single-finger values first, then test two-finger geometry only after safe configuration rollback is proven","High"
R1-096,Input,"IQS7211E alternate low-power proximity/touch channel","Production configures filtered projected-capacitive ALP on controller Rx2/Rx6 and all mapped Txs, combining ProxA/B counts for LP1/LP2 wake. Exact settings include ATI 0222, compensation divider 4, LTA drift 20, target 240, threshold 6, debounce 1/1, LP1 count/LTA betas 220/8, LP2 240/16, hardware 9C47 and 6/100/32/32/100 ms mode rates. ALP event is disabled while automatic ALP re-ATI remains enabled. Registers 1B...20 expose combined count, LTA, raw A/B and two 10-bit compensations, but stock IRQ reads none and ignores ALP ATI error","Firmware and official register-map confirmed; complete read-only offline configuration/output support implemented; acquisition and physical meaning remain custom-bridge/capture gated","Typed per-layout ALP configuration decodes electrode masks, ATI, filtering, hardware, mode timing and damping factors; strict 12-byte decoder preserves all six output words, signed count-minus-LTA, component sum and ATI boundary flags. No live register access is exposed","Forward at bounded rate only on a recoverable authenticated firmware track with explicit touch/proximity consent; correlate against controlled approach, wear and direct touch before labeling it as gesture, fit or presence, and measure LP1/LP2 power impact","High"
R1-097,Input,"IQS7211E electrical transport, RDY/LDO lifecycle and BLE fast-mode boundary","The production registry places address 56 on i2c_0/TWIM0 at 400 kHz with SCL P0.12 and SDA P0.01. Touch LDO enable is P0.30; touch_rdy_in and touch_rdy_out share P0.17, which is driven through the startup handshake and then reopened as the IRQ input. First service ownership posts open task bit 02, additional or duplicate owners do not cycle hardware, and final release synthesizes touch release then posts close bit 04. Known owner 0 is glasses wear/touch policy and owner 2 is factory ATI. touch_set_fast_mode schedules BLE connection-parameter state 20 and does not change IQS sensing or reporting rate","Firmware-confirmed exact bus, pins and service lifecycle; read-only offline support implemented; electrical levels, physical timing and host raw access remain gated","A signature-checked static-image summarizer emits the board transport, GPIOs, startup/close sequence, owner/task state machine and connection-policy mapping. Typed transport evidence and a pure multi-owner lease model reproduce first-open/final-close behavior without exposing GPIO, I2C, private task-event or BLE-policy senders","Passively capture P0.12, P0.01, P0.17 and P0.30 on owned hardware during controlled first-open, duplicate-open and final-close flows; verify voltage levels, 400 kHz traffic, reset timing and source sharing before any authenticated recoverable bridge is considered","High"
R1-098,Input,"IQS7211E active-low RDY interrupt and per-assertion bus servicing","touch_rdy_in word 00000200 decodes to no pull, high-to-low polarity 2 and no high-accuracy flag, selecting a low-accuracy nRF PORT event on P0.17. Generic dispatcher 6ED94 invokes installed callback 933FC, which posts touch-task bit 01 through thunk 8E7AC to worker 51368. The worker ignores inactive or sampled-high states; for an asserted low it opens i2c_0, processes the IQS IRQ record and closes the bus. Factory readiness separately waits raw 40 then performs at most 100 reads separated by raw 2","Firmware-confirmed exact interrupt polarity, callback chain and worker gates; read-only offline support implemented; external pull-up, voltage and physical timing remain gated","The version-bound parser signature-checks every callback/configuration function and emits the IRQ chain. Typed evidence plus a pure three-way decision model distinguishes inactive, deasserted-high and serviceable-low captures without reading GPIO or opening I2C","Passively measure P0.17 idle/asserted voltage, external pull source, high-to-low timing, assertion duration and deassertion after the servicing read on owned hardware; correlate the factory poll without enabling a raw host bus or GPIO path","High"
R1-099,Input,"IQS7211E communication-window policy and exact I2C framing","Config word 476C enables trackpad-touch, trackpad-position and gesture events, Event Mode, watchdog, command-based communication ending and automatic ALP/trackpad re-ATI; ALP/re-ATI events, manual mode and command-request polling are disabled. Reads write one register byte without STOP then repeated-start into data, using raw address timeout 500 and data timeout 200 below 50 bytes or 500 otherwise. Writes allow at most 80 data bytes. Normal IRQ completion sends address-only FF; six factory task bits 40...800 send FF plus markers 01...06. Too-many-fingers instead writes 33 08 reseed without an explicit FF","Firmware and official register-map confirmed; exact read-only offline configuration/framing support implemented; electrical timing and the exceptional timeout behavior remain capture-gated","Typed option bits and pure bounded frame builders reproduce read preambles, register writes and all termination forms without access to TWIM. The signature-checked static parser emits the same policy and explicitly prevents treating factory marker values as new controls","Passively capture repeated-start reads, address-only FF termination, factory FF-marker frames and the reseed exception on owned hardware; verify the inferred 100 ms timeout release before any authenticated recoverable diagnostic bridge, and expose no generic raw writer","High"
R1-100,Input,"IQS7211E reset, dormant suspend and bounded ATI-error recovery","IRQ worker 30E6C checks a scatter-initialized suspend latch before status. Show Reset 0080 invokes the complete initializer, whose final frame 33 A0 00 6C 47 00 00 acknowledges reset, queues trackpad re-ATI and restores production config. Eligible nonfactory trackpad ATI errors saturating-count to five: counts 1...4 send 33 20 00, count 5 posts close, schedules raw delay 66 logged as 100 ms and reopens; clean status clears counters and three hardware restarts is the give-up cap. Suspend function 2FDF8 preserves register33 and ORs 0800, but the latch initializes false and has no recovered in-image setter","Firmware and official register-map confirmed; pure offline state support implemented; reset/ATI behavior remains capture-gated and suspend is dormant/custom-bridge-only","Typed system-control bits, reset/suspend priority and exact immutable frames are implemented. A pure tested transition model preserves UInt8 saturation, factory/local gates, pending-timer close/open sequence, clean clearing and three-restart cap; the signature-checked parser validates initial state and functions. No I2C, task, GPIO or LDO sender is exposed","Passively capture unexpected Show Reset and a controlled sacrificial-device ATI fault if safely reproducible; verify the five-error threshold, raw-66 timing, physical close/open and three-restart give-up. Do not expose suspend until authenticated access, forced-I2C wake, rollback and power validation are proven","High"
R1-101,Hardware,"Complete six-entry board two-wire bus registry","Scatter initialization registers exactly two 400 kHz nRF TWIM buses and four GPIO-driven two-wire buses: i2c_0 touch P0.12/P0.01, i2c_1 motion P0.11/P0.14, i2c_2 dual temperature P0.28/P1.13, dormant i2c_3 P0.12/P0.11, i2c_4 optical/PPG P0.31/P1.09 and shared i2c_5 NFC plus adjacent YHM2710 state-command wrapper P1.11/P1.14. Five buses have recovered name lookups; i2c_3 has only its registry string and no consumer. Exact open/close/read/write tables and software delay callbacks are recovered","Firmware-confirmed complete initialized registry; immutable offline support implemented; electrical behavior and dormant i2c_3 purpose remain capture-gated","A signature-checked static parser reconstructs all descriptors and consumer functions. Typed evidence preserves engines, pins, roles, raw timing, peripheral bases and operation pointers, explicitly leaves i2c_3 unassigned and exposes no lookup or live bus operation","Passively verify each populated bus on owned hardware during normal read-only activity. Treat i2c_5 as shared rather than PMIC-only, do not drive cross-connected i2c_3, and require authenticated version-gated arbitration plus electrical validation before any low-level bridge","High"
R1-102,Hardware,"Complete GPIO input/output registries and board-control aliases","Scatter initialization contains seven 44-byte no-pull low-accuracy interrupt inputs: accelerometer P0.15 rising, PPG P0.21 falling, touch P0.17 falling, firmware-named mcu_reset P0.18 falling, firmware-named pmic P1.01 falling, NFC GPO P0.03 rising and YHM2710 state-command P1.01 falling. Five 56-byte task-capable toggle outputs start as PPG emitter P0.10 low, touch LDO P0.30 low, PPG reset P1.04 low, destructive ship mode P0.09 low and touch RDY drive P0.17 high. mcu_reset_irq and pmic_irq have only their registry strings and no recovered name lookup","Firmware-confirmed complete initialized GPIO registries; immutable offline support implemented; dormant aliases and physical electrical behavior remain capture-gated","A signature-checked static parser and typed evidence preserve every descriptor, edge, startup level, shared pin, operation table and lookup function. P0.17 input/output and P1.01 dual-name aliases remain explicit; no GPIO operation or ship-mode control is exposed","Passively measure normal sensor interrupt and power/reset transitions on owned hardware. Do not stimulate unconsumed reset/PMIC aliases or generic outputs; any future bridge requires per-role arbitration, authentication, version gating, voltage/timing validation and recovery, with ship mode kept destructive-only","High"
R1-103,Platform,"RTC2 wall clock and independent hardware watchdog","The sys rtc descriptor selects nRF RTC2 base 40024000, prescaler 4095 and priority 6, yielding 8 Hz/125 ms ticks from the documented 32768 Hz LFCLK. Callback 56274 counts subsecond slots 0...7 and increments UInt32 seconds each eighth tick; read 5639C emits seconds plus the exact but non-millisecond composite seconds*1000+slot. Set 5649C stores signed UTC-offset minutes and seconds. The separate watchdog descriptor uses behavior raw 1, 10000 ms reload, priority 6 and one channel; open 56658 starts it, feed 56638 accepts argument zero, empty timeout callback 96A1E returns, and main loop 9230C feeds after each cycle","Firmware and Nordic peripheral behavior confirmed; exact offline clock/watchdog support implemented; physical LFCLK source/accuracy and reset timing remain capture-gated","Typed tick state reproduces 0...7 rollover, UInt32 wrap, signed offset and the misleading composite without relabeling it milliseconds. A signature-checked static parser preserves both device records, operation tables and lifecycle. Normal authenticated time sync remains available; no private RTC operation or watchdog feed/bypass sender is exposed","Compare wall time drift and the raw composite against controlled timestamps, identify LFCLK source, and validate watchdog reset reason/timing only on sacrificial hardware with recovery. Never expose feed suppression or bypass as a user control","High"
R1-104,Platform,"Internal flash device and complete FAL partition layout","The private device_flash descriptor initializes a 36-page region immediately below the runtime UICR bootloader boundary, falling back to the FICR-derived flash end when UICR is erased. The exact 64-byte FAL records are contiguous and page-aligned: kv.bin 2 pages, health.db 6, sleep.db 2, pKey.bin 1, reserve 11, ep.bin 2 and log.bin 12. Every name except reserve has a recovered lookup consumer; absolute target addresses are not embedded in this application image","Firmware-confirmed complete storage topology; immutable offline support implemented; absolute boundary and stored contents remain physical/capture gated","A signature-checked static parser validates the descriptor, internal operation table, FICR/UICR formulas and all seven records. Typed evidence preserves magic, names, offsets, lengths, roles and consumer status, with bounds-checked address translation requiring a supplied target boundary. No raw flash read, write or erase path is exposed","Read FICR/UICR only on an owned device through a proven non-destructive interface and validate the absolute boundary. Treat health, sleep, keys and logs as sensitive private data; do not expose callbacks as host commands or access contents without authentication, explicit consent and a recovery plan","Critical"
R1-105,Security,"GoMore persistent key and prior-state flash contract","pKey.bin stores a 72-byte prefix containing required key length 64, a non-reflected Castagnoli checksum using polynomial 1EDC6F41 with zero seed/xor, and 64 sensitive key bytes. The remainder holds aligned prior-state records: writer slots 0...2, restore probes 3...0, no state checksum and a 944-byte input bound. Occupied slot 2 compacts by preserving the key prefix and erasing the page; replacing the key erases all prior state. Set-key ACK is queued before persistence","Firmware-confirmed sensitive record and lifecycle; redacted offline validation and exact payload support implemented; provisioning remains unavailable","A signature-checked parser validates the checksum table, functions, registration and dispatch evidence without emitting keys. Typed inspection retains only length/checksum metadata, the pure checksum and slot arithmetic are tested, and a builder accepts exactly 64 key bytes. No raw flash or provisioning sender is exposed","Establish licensing/account scope, authenticated authorization, secure in-memory handling, post-write durable verification, failure reporting and recovery on owned hardware before enabling provisioning. Never log or ordinarily export key material","Critical"
R1-106,Diagnostics,"Firmware-named EP circular journal and recovery contract","ep.bin is exactly two 4096-byte pages holding 1024 eight-byte records. Producer 5E118 packs magic A, four masked producer fields, three context snapshots and UInt32 firmware time into a 16-slot/15-usable RAM queue; full drops incoming and wraps a UInt16 counter. Raw event 2003 resolves past the storage-family null sentinel to thunk 42BB0. Flash drain uses a 10-bit cursor, conditional page-start erase and opposite-page pre-erase. Scan chooses the first magic mismatch, otherwise advances after the greatest nonzero timestamp with later ties winning; magic plus zero timestamp is neither free nor latest. EP expansion and several field meanings remain unresolved","Firmware-confirmed journal topology, record, queue, dispatch and recovery lifecycle; complete offline support implemented; contents and semantics remain capture-gated","A signature-checked static parser validates partition/functions/scatter dispatch without exporting data. Typed lossless record packing/decoding, queue overflow, widened range checks, cursor locations and complete partition scans are tested, including wrap, tie and all-magic-zero behavior. No raw export, internal-event, flash write or erase sender is exposed","Inspect only consented captures obtained through an authenticated non-destructive path on owned hardware. Correlate records with controlled normal events to resolve EP and fields; treat contents as private diagnostics, and require version gating, redaction, bounded export and recovery before any bridge","High"
R1-107,Diagnostics,"log.bin circular pages and composite virtual export","log.bin is twelve 4096-byte sectors whose word at +4 determines erased state. The writer advances and conditionally erases before crossing a sector, pre-erases the successor and normally drains one 4096-byte live-cache page behind a raw 10000 timing gate. Export file type 1 concatenates all 8192 EP bytes, every nonerased log sector cyclically after the first erased sector, UInt16-length live cache and an optional valid crash C string. Eligibility requires a log sector or EP magic record. One non-reflected Castagnoli checksum covers the whole virtual file; export freezes log/EP writes and stop resumes EP event 2003. The stock arbitrary reader has a physical wrap edge avoided by aligned normal chunks","Firmware-confirmed storage writer, virtual file, checksum and coordination lifecycle; complete safe offline reconstruction implemented; live export remains capture-gated","A signature-checked parser validates the partition, functions, scatter descriptor/callbacks, wire type and fragmentation without reading a ring. Typed inspection reproduces erased probing, full-partition fallback and cyclic chronology; reconstruction safely segments EP/log/cache/crash, trims NUL, enforces UInt16 cache and widened total bounds, reproduces eligibility/checksum and exposes no flash or live export sender. Raw log privacy remains consent-gated and ordinary text uses LTK redaction","Capture only the authenticated start/data/raw/check flow on an owned ring and verify generated length, checksum, chronology, cache/crash tails, retry, disconnect and writer-resume behavior. Audit/redact all identity, health and bonding material before enabling a diagnostics-only sender","High"
R1-108,Storage,"kv.bin four-snapshot class store and recovery edges","kv.bin contains four 2048-byte snapshots across two sectors. Each snapshot has eight 256-byte blocks; seven registered classes are dev_info/52, ble_mult/90, health/12, hsync/24, power/4, nv_r1/124 and r_size/1. The 24-byte header contains base-131 name hash, fixed eight-byte name, 01PE magic, raw state, dirty/other/index flags, stored length and CRC-16/MODBUS. Any dirty class causes all seven to be stored. Latest selection scans slots 3...0 using only first-class magic; per-class restore checks hash/name and CRC over descriptor length but not stored length or later magic. There is no snapshot checksum. After four snapshots both sectors are erased before slot-zero reuse","Firmware-confirmed class topology, record, selection, restore and erase lifecycle; complete payload-redacting offline support implemented; contents remain capture-gated","A signature-checked parser validates partition geometry, wrapper/core functions, scatter operation and class pointer tables, all seven descriptors, hash and CRC without emitting defaults. Typed bounded inspection reproduces sector scrub, latest/next slot, whole-store erase threshold, exact per-class acceptance and the partial-latest edge while retaining only metadata/checksums. No raw flash, KV write or erase sender is exposed","Inspect only explicitly consented owned-device captures through an authenticated non-destructive path. Correlate class fields with existing typed device/BLE/health/power/NV models; retain payloads only under separate identity/health consent. Never treat snapshots as atomic, and establish backup/recovery plus power-loss behavior before any mutation","Critical"
R1-109,Storage,"Complete kv.bin class payload schemas and consent-gated typed decoding","dev_info/52 contains two sensitive six-byte peer slots, CAMH marker, health/software-DCDC/glasses flag bits, health-settings timestamp and the ship-mode record at offsets 36...43: UInt32 timestamp, type bits 0...1, 14-bit battery millivolts in bits 2...15 and preserved state bits 16...31. Observed type writers are sustained voltage below 3350 mV at type 0, PMIC power-off at type 2 and public power-control command 2 at type 3; type 1 has no writer in this image. health/12 is the GoMore age/sex/height/weight profile plus three unlabeled signed parameters; production ranges are 11...99, 0...1, 101...219 cm and 31...149 kg with defaults 20/0/175/65/200/50/200. hsync/24 has six UInt32 cursors: HR at 0, SpO2 at 4, HRV at 12 and activity at 16 are live; 8 and 20 are unreferenced. power/4 is battery type, reserved byte and Int16 compensation; r_size/1 and the existing nv_r1/124 model complete the active schemas. ble_mult/90 has no dedicated accessor and compiles all zero","Firmware-confirmed field boundaries, defaults, validation, accessors and negative reachability; typed offline capture plus source-built read-only power/NV consumers implemented; real contents remain capture-gated","The signature-checked parser validates every accessor/validator prefix, all compiled defaults and metric-named hsync diagnostics without emitting identity payloads. Metadata inspection stays redacted. A separate explicit-sensitive-data policy decodes device/profile/sync/NV classes only when hash, name, per-class magic, stored length, encoded index and CRC all agree; the typed ship-mode record masks battery mV correctly and preserves high state bits, while compatibility aliases retain prior API spelling. The source-built target strictly decodes power and nv_r1 sensor configuration, adopts only valid typed values, and performs no mutation. No raw flash sender exists","Acquire only authenticated non-destructive owned-device captures with separate identity and health consent. Differentially correlate the two peer slots and remaining generic dev/health/hsync fields; validate ship-mode values only through passive captures from owned hardware; treat ble_mult as dormant until later-version or controlled-capture evidence proves otherwise. Never expose snapshot writes, and preserve rollback/power-loss recovery requirements","Critical"
R1-110,Storage,"Complete health.db and sleep.db physical journals","health.db is a six-sector FlashDB TSDB with 80-byte TSL0 headers, 32-byte indexes and fixed 128-byte hourly bodies; 25 records fit per sector/150 total. Bodies contain signed UTC offset, recorded UTC timestamp, HR/SpO2/temperature/stress avg-max-min, six packed steps/active-kcal/all-kcal buckets and HRV aggregates. It has no per-record checksum and stock recovery may format all sectors. sleep.db is a separate two-sector circular journal with eight 24-byte headers per sector/16 records total, aligned bodies from offset D0, copied UTC/start/end fields, CRC-16/MODBUS, full markers CCFFAABB/66889977, close sequence, and synchronized marker 11223344. Its physical stages are two-bit type plus six-bit half-minute runs","Firmware-confirmed layouts, retention, rollover, integrity and destructive recovery; consent-gated offline support implemented; real contents remain capture-gated","A deterministic signature-checked parser validates every storage/helper function, FAL geometry, metric descriptor, status constant and diagnostic without reading a device or emitting biometric values. Swift scanners default to structure-only redaction. Explicit consent unlocks typed hourly/session bodies; health records receive strict bounds/fixed-length checks with an explicit no-checksum limitation, while sleep records require range, CRC, logical stage count and duplicated metadata agreement and provide the exact merged phone-stage view. No raw flash, internal-event, sync-marker, format, write or erase sender exists","Acquire authenticated read-only health.db/sleep.db captures from an owned ring with separate health consent. Validate rollover chronology, retention under power loss, body-temperature scale, aggregate units and actual zero/padding behavior. Never invoke stock format/erase recovery from the phone; preserve corrupt images for analysis and use copy-on-import redaction","Critical"
R1-111,Sleep,"Stored-session response acknowledgment and delayed-ACK protection","Public model 0601 iterates only unmarked sleep records, expands compact stages and registers callback 8F780 before send. Firmware privately retains a 12-byte absolute-header-address/start/end context; the callback publishes storage event 2001, whose 42BCB thunk and 8E1E0 consumer invoke marker writer 5B6F4. It rereads the 24-byte header and writes 11223344 at offset 14 only when both timestamps still match, preventing a delayed response from marking a recycled slot. Commit processes low8(byteCount/12), ignores a partial tail, rechecks neither CRC nor body, and has no recovered flash-write retry","Firmware-confirmed end-to-end callback, event dispatch, stale-slot guard and commit limitations; strict non-mutating offline support implemented; real response timing and persistence remain capture-gated","A deterministic signature/scatter-checked parser validates iterator, expander, callback registration, callback, publisher, dispatch thunk, consumer, marker writer, pointer and diagnostics without emitting sleep values. Swift decodes only complete nonwrapping 12-byte batches and reconciles against a supplied runtime sleep.db base, exact record-header slot and copied metadata while returning no stored timestamps. It distinguishes outside/non-header/erased/stale/already-marked/eligible states and exposes no protocol callback, internal-event or flash-marker sender","Capture one consented owned-ring sleep.daily transfer with disconnect-before-ACK, delayed/replayed response and post-ACK read-only image checks. Confirm whether every matching response invokes the callback, marker-write latency/failure visibility and retry behavior. Never inject event 2001 or accept an arbitrary absolute address from a host","Critical"
R1-112,Platform,"Complete internal sensor-task event registry","The scatter-loaded dispatcher has exactly 38 addressable slots and 36 handlers: sensor 0001...0010, system 1000...100E and storage 2000...2006, with explicit nulls only at 0001 and 2006. The populated surface exhaustively maps callback fan-out, time/hour boundaries, HR/HRV/SpO2/temperature/stress/activity/sleep publications, history/test paths, every metric mode and measurement control, profile/charge/health state, sleep finalizers, and six storage actions. No additional initialized sensor modality exists in these tables. Storage 2002 erases the complete sleep journal after CRC failure; 2004 persists the length-prefixed GoMore key and 2005 restores MAC-selected compiled NV defaults","Firmware-confirmed complete internal task boundary and negative slot audit; immutable offline registry implemented; runtime production behavior remains partly capture-gated","A deterministic signature/scatter-checked parser validates dispatcher/publisher, every table word, both leading sentinels, all 36 handler prefixes, payload cardinalities and named diagnostics without emitting captures. Swift exposes typed family/ID/handler/semantic/payload records, explicit null slots, exact lookup and count tests. Existing strict decoders cover recovered fixed health/history/sleep/key shapes. No internal publisher, arbitrary pointer, persistent-write or destructive event sender is exposed","Classify authenticated debug captures against the registry and validate event cadence/ordering under ordinary operation. Any new claimed modality must show a different dispatcher, firmware revision or hardware path. Never inject internal events: several persist biometric/key state, 2002 erases both sleep sectors, and callback records can contain firmware-only pointers","Critical"
R1-113,Health,"System-time transition and hourly health-rollover pipeline","The public system-time handler builds a private 12-byte old/new signed-timezone and Unix-seconds record for internal event 0003. Clock update is always attempted; subscribers run only when timezone changes or absolute delta is at least 31 seconds. GoMore reinitializes at 180 backward seconds. At 3600 backward seconds health.db is formatted and only hsync offsets 0/4/12/16 reset; unresolved offsets 8/20 persist. Unix 946080000 is the validity floor, cross-day comparison applies each offset, and future named cursors clamp. Provider event 0004 has three slot-1 subscribers: HRV and SpO2 eligibility/window scheduling plus the prior-hour database writer. It clears six caches at midnight and attempts an empty slot-2 fan-out","Firmware-confirmed complete producer/consumer/subscriber thresholds and callback registry; strict non-mutating offline support implemented; live timing remains capture-gated","A deterministic signature/pointer/constant-checked parser validates all producers, consumers, five callback slots, all 13 registrations with exact 2/3/0/2/6 topology, threshold words and diagnostics without emitting timestamps or health data. Swift strictly decodes the 12-byte transition and one-byte hour records, predicts broadcast/GoMore/format/recovery/cross-day/clamp/midnight consequences, represents all callbacks, and reproduces known hsync reset/clamp rules while preserving unresolved words. The authenticated public time command remains supported; no private event, callback or destructive format sender is exposed","On an owned ring, capture ordinary startup, 30/31-second corrections, timezone-only day crossing, 179/180-second and 3599/3600-second backward corrections, and midnight rollover while read-only imaging health.db and kv.bin. Confirm callback order, HRV/SpO2 120-second scheduling windows, persistence, format visibility, missing-hour behavior and power-loss edges; never trigger private events or formatter directly","Critical"
R1-114,Health,"One-shot sensor-thread health startup policy","After health-service initialization, the sensor task has one static pre-loop publisher call for no-payload event 0005. Its consumer selects HR system event 1001 mode 1, SpO2 event 1003 mode 1, calls an exact no-op for temperature, and selects stress event 1007 mode 0. HR mode 1 creates a 600000 ms timer. SpO2 and HRV use gated 120-second hour/catch-up windows; catch-up starts only with at least 151 seconds remaining. HR accepts modes 0...3, while SpO2/stress accept 0...1. Mode selection alone does not guarantee measurement","Firmware-confirmed one-shot producer/consumer, mode wrappers, accepted ranges, timing constants, temperature no-ops and catch-up arithmetic; immutable offline support implemented; runtime power and cadence remain capture-gated","A deterministic signature/callsite/constant-checked parser validates the sensor task, service init, event-5 consumer, all four helpers/wrappers/mode consumers, HR/SpO2/stress transitions, both temperature no-ops, 600000/120000/3600000 constants and common 3600/150/30/120 window arithmetic. Swift exposes exact ordered selections and a pure catch-up boundary calculation. No private event, system-mode, public BLE control, or live health-mode sender is exposed","On an owned ring, passively capture boot/restart ordering, first HR timer fire, hour and health-enable catch-up edges at 151/150 seconds remaining, global-health/wear gates, allocation failures and power draw. Determine whether task restart republishes defaults. Do not inject event 0005 or private system modes; any bridge requires authenticated public routing, consent, cancellation and rollback","Critical"
R1-115,Health,"Global health setting and seven-slot GoMore shared-resource gate","The official method-set form of system 01/00/0E carries a 12-byte Unix-time/health payload. A raw-byte change persists the normalized dev_info bit/timestamp and publishes private event 100D; every nonzero value normalizes enabled. The consumer maintains a separate active-low provider byte and requests GoMore slots 0/activity and 3/sleep-baseline. Gate 49410 requires initialized authorization and has seven 16-byte descriptors with exact dependency masks 02/1E/1E/02/04/0C/00. It reference-counts acc/raw_hr/hr/hrv workers and retains a 1000 ms common timer while any slot is active, including dependency-free unresolved slot 6","Firmware-confirmed public transition, private normalization/provider lifecycle, complete module topology and shared-worker allocation policy; specialized authenticated write support implemented; hardware behavior pending","A deterministic signature/scatter/callsite-checked parser validates the setting writer/handler, event thunk/consumer, provider accessors, gate and scans, all masks, worker names/callbacks, known module call sites and one-second timer without touching hardware. Swift separates coordinate-identical read/set descriptors, requires explicit health authorization for the specialized set API, emits the exact first-party 12-byte payload, models raw-versus-normalized transitions and computes worker unions including the dependency-free timer edge. No private event, provider, raw module or worker sender exists","On an owned authenticated ring, capture 0→1, 1→1, 1→0 and noncanonical raw transitions; verify response, dev_info/provider persistence across reset, module/worker timing, auth-uninitialized and allocation-failure behavior, catch-up cadence, power draw and whether disable stops collection without deleting history. Never invoke private event 100D or raw module/worker controls","Critical"
R1-116,Health,"Write-only reportEnable flag and independent automatic health synchronization","Registered health 02/7F/01 consumes only payload byte 0, maps any nonzero value true, ignores method/ACK bits and trailing bytes, and writes runtime byte 200067A0+0 without response or persistence; zero payload dereferences address zero. The flag starts false and has no compiled reader or typed sender in either audited first-party AOT build. Separately, an authenticated phone-role gate uses timestamp +4 and a 10800-second interval; stored HR/HRV/SpO2/activity/sleep events trigger checks, explicit history queries reset the same timestamp, and serial-zero batches call HR, SpO2, HRV, activity, then unmarked sleep before advancing time without aggregate success","Firmware-confirmed command inertness and complete automatic batch topology/timing; passive transport support and immutable offline models implemented; live timing remains capture-gated","A deterministic signature/scatter/reference/AOT-checked parser validates the command entry, handler, setter, sole flag writer and negative reader result; phone gate, zero/future/10800-second boundaries; five trigger sources, ordered batch, shared query timestamp and missing temperature/stress legs. Swift marks the descriptor health-consent-sensitive, keeps only a canonical offline Boolean encoder, models raw effects and sync decisions, and relies on existing typed serial-zero receive plus health-notification ACK handling. No report flag, automatic trigger, or private timestamp sender is exposed","Passively capture first valid point after connection, 10799/10800-second boundaries, backward-clock recovery, every trigger source, query-induced cooldown reset, disconnect/reconnect and partial batch failure on an owned ring. Confirm serial-zero ordering, ACK/retry behavior and whether firmware advances time after a failed leg; never send payloadless reportEnable or mutate its private state","High"
R1-117,Health,"Complete GoMore resource-gate call graph and dormant slots","Independent Thumb-2 target decoding finds exactly 15 direct branches to gate 49410 and no literal function pointer. Per-slot counts are 2/1/0/2/3/7/0: slot 0 activity startup/global-health; slot 1 stress control; slot 3 sleep-baseline startup/global-health; slot 4 sleep-stage PPG plus force-awake and health-index cleanup; slot 5 HR/SpO2 timing, HR cleanup, worker result and sleep-liveness probe lifecycle. Slots 2 and 6 are initialized descriptors with dependency masks 1E and 00 but no static production caller; all descriptor callback words start zero","Firmware-confirmed exhaustive direct/literal-indirect call graph and negative reachability boundary; immutable offline support implemented; dynamic execution remains capture-gated","A deterministic parser decodes BL/B.W immediates across the full image, requires the exact 15 targets and argument contexts, validates all seven complete scatter descriptors and rejects any literal gate pointer. Swift exposes every address, branch kind, module, requested-state source and purpose plus exact per-slot queries. Dormant slots remain semantically unlabeled and no raw gate or worker sender is exposed","On an owned ring, passively correlate gate transitions with activity, stress, global health, sleep stage, force-awake, timed optical windows and sleep-liveness probes; measure worker refcounts, allocation failures and power. Treat any claimed slot-2/6 activation as revision-specific until a new direct/indirect caller or runtime mutation is captured; never invoke the private gate directly","High"
R1-118,Profile,"Public user-profile mapping, persistence and GoMore reinitialization defect","Registered system 01/00/04 accepts the first-party 12-byte gender/age/UInt16 height/weight payload but rejects only zero payload before reading through byte 5. It sends success before private event 100A validation. Public gender 0 maps to internal sex 1; every nonzero value maps to 2 while the validator accepts only 0/1, so female/prefer-not-to-say are silently rejected after success. Height/weight use low bytes, three algorithm parameters become -1, and two of 12 private-event bytes are uninitialized. Valid full-record changes persist before initialized-engine reinit at age delta >2, height/weight delta >9 or any sex change","Firmware and both first-party AOT senders confirmed end to end; exact immutable effect support implemented; live sender withheld due production defects","A deterministic signature/table/AOT-checked parser validates payload/ACK order, map, event, old/new consumer, demographic validator, 12-byte persistence and thresholded reinitializer without transmitting a profile. Swift marks userInfo health-consent-sensitive, retains the exact 12-byte offline serializer, predicts accepted mapping and strict reinit boundaries, and exposes no live profile/private-event sender","On an owned ring, test zero/short/canonical payload handling only with sacrificial data, all public gender values, exact and over-threshold changes, unchanged records, stack-tail stability, kv persistence, reset recovery and GoMore power/cadence. Require corrected firmware or a proven safe public contract before adding a specialized sender","High"
R1-119,Health,"GoMore engine lifecycle, worker barrier, output dispatch and checkpoint security","Startup restores a fixed 736-byte state, retries authentication setup once and initializes fixed 14816-byte engine plus 264-byte I/O regions; invalid nonempty state returns -5 and is retried zeroed. Reinit after backward time, significant profile change or failure 60 disables slot 4, removes the timer and discards resume state. Acc/raw-optical callbacks accept at most 25 samples and alone gate worker updates; direct HR is opportunistic, while HRV uses a separate buffered lane that the vendor adapter does not read. Success clears input lengths; idle updates do not dispatch outputs. Worker output routes only slot 0 activity, dormant/no-op slot 2 and slot 3 sleep/PPG. One coordinated thread-exit path checkpoints state. Conditional stock diagnostics can print the plaintext 64-byte key","Firmware-confirmed complete initialization/update/output/checkpoint lifecycle and plaintext-key diagnostic exposure; immutable offline support implemented; live execution remains capture-gated","A deterministic SHA/signature/scatter/branch/literal-checked parser validates fixed SRAM, both init attempts, three reinit callers, four worker prefixes, readiness barrier, timestamp normalization, first-three/60-failure rules, output switch and sole direct checkpoint path without executing firmware or emitting a key. Swift reproduces axis mapping, barrier, timestamp and failure effects plus all slot routes. Key inspection remains redacted; no engine, worker, prior-state or provisioning sender exists","On an owned ring, passively capture clean/resumed/corrupt-state boots, auth retry, worker ordering, idle versus worker updates, failures 1/3/4/60, sleep/activity output cadence, graceful versus abrupt shutdown and subsequent state rollback. Audit every obtainable raw log for credential leakage and rotate any exposed key; never invoke private callbacks or export key/state by default","Critical"
R1-120,Health,"Complete GoMore engine-to-host output-copy ABI and dormant results","The sole copier at 59D9C transfers exactly 27 non-overlapping fields/57 bytes from the 14816-byte engine to the 264-byte I/O block. Exact widths are 15 UInt8-like, 3 UInt16-like and 9 32-bit fields including six producer-proven Float32 values. Stock host code consumes only sleep-stage PPG byte 62, lifecycle flags 70 and packed activity steps/all_kcal/kcal at 78/7C/7E; the other 22 copied fields have no host reader. Slot-2 A8 is read but never populated and reaches only no-op 49E58. All 11 fixed I/O-base literal roots are accounted for","Firmware-confirmed complete copy ABI and negative stock-host reachability; strict consented offline snapshot support implemented; live SRAM acquisition remains capture-gated","A SHA/signature/branch/literal-checked parser validates the entire copier body, sole callsite, every source/destination/width, activity/sleep consumers, vendor diagnostic labels and absent A8 producer. Swift models all 27 fields, keeps unresolved values raw, preserves Float32 bit patterns and decodes only an exact caller-supplied 264-byte snapshot after explicit health consent. No live memory, engine or worker sender exists","On an owned research ring, obtain synchronized consented I/O snapshots through a proven non-destructive debug or instrumented-firmware bridge while varying rest/activity/sleep/wear inputs; correlate all 22 dormant fields to raw sensors and stock reports to establish units, sentinel values, cadence and revision stability. Do not expose arbitrary SRAM reads or label opaque values before capture evidence","High"
R1-121,Health,"Complete host-to-GoMore input ABI and dormant HRV lane","Successful engine init clears the 264-byte I/O block and installs three 25-Float accelerometer buffers, one 25-Float raw-optical buffer and a pointer to a separate four-UInt16 HRV buffer. The 16-field input prefix covers Unix time, signed timezone, pointers/counts, direct HR, wear-unknown and three legacy zero-only values. Adapter 94590 consumes 14 fields but never reads HRV pointer 20 or count 24. Success clears only acc/raw counts; failure preserves them; direct HR and dormant HRV state persist until replaced/worker disable. Legacy word 2C is always zero; bytes 31/32 are zero even in their mode-2 branch","Firmware-confirmed complete input ABI, lifecycle and negative HRV consumption; strict consented offline support implemented; live acquisition/injection remains unavailable","A SHA/full-adapter/signature/branch/literal-checked parser validates all field writers/readers, exact fixed pointers, buffer capacities, refresh/cleanup callsites and every I/O literal root. Swift models all 16 fields, verifies five pointer values without exposing arbitrary addresses, preserves Float32 bits and decodes exact 264-byte caller-supplied captures only after explicit health consent. R1-119 documentation/model assertions are corrected to separate HRV from raw metadata and mark it unread","On an owned research ring, passively correlate synchronized raw-optical, direct-HR, HRV-topic and algorithm-output captures across stress/sleep/timed-health modes; confirm the HRV lane remains unread and identify whether other revisions consume it. Exercise success/failure retry and worker-disable resets without injecting callbacks. Do not expose raw worker or memory-write APIs","High"
R1-122,Health,"Complete GoMore output-producer graph and semantic-confidence boundary","Every one of the 27 copied output fields is traced through orchestrator5FF94. Twenty-one have stock runtime writers across optical-period, motion-classifier, SPS selector, energy, sleep-stage/interval/transition and activity-accumulator chains. Five are initialization-only constants with no later writer: engine180/181/2C2/301 remain zero and300 remains one. A twenty-second field at182 has a compiled dormant-estimator status writer, but its activation mode has no writer and the stock value remains zero. Sleep2C4/2C8 are Unix interval start/end seconds; SPS224/22C and formula-level optical184/188/motion21A semantics are resolved by later rows","Firmware-confirmed complete producer reachability, exact constants and confidence boundary; dormant gated writer correction validated by R1-144; live values remain capture-gated","A SHA/range/branch-checked parser pins the orchestrator, copier, adapter, initializer and every direct/transitive producer, requires exact copy-order coverage and classifies22 compiled post-init writer fields,21 stock runtime fields and five initialization-only fields. Swift exposes producer group, direct/transitive addresses, semantic confidence and constant raw bits losslessly. No live SRAM reader, engine execution or health-control sender is added","On an owned consented research ring, capture synchronized raw optical, accelerometer and264-byte I/O snapshots at rest, controlled breathing, locomotion and sleep transitions. Confirm dormant status byte81 remains zero, map remaining raw codes and repeat on another firmware revision; never expose arbitrary memory or treat internal algorithms as validated medical metrics","High"
R1-123,Health,"PPG respiratory-rate and motion step-cadence algorithm domains","Raw PPG is resampled to 25 Float32 values per nominal one-second update and shifted into a 250-value window. After ten updates the periodicity chain computes 12.5*60/sample-spacing, emits -1 or an inclusive 7...25 breaths/minute candidate at engine 184/I/O A0, and emits a dispersion/quality confidence normalized to 0...1 at 188/A4. Motion state/cadence finalization accepts 51...149 for state 1 and 121...219 for state 2; stock step accumulator 61198 divides cadence by 60 and logs Step, proving the byte at 21A/54 is steps per minute. No vendor walking/running labels, stock host reader, public respiratory transport or clinical validation is present","Firmware-confirmed algorithm formulas, units, ranges and negative public/clinical boundary; consent-gated typed offline support implemented; live acquisition remains capture-gated","A SHA/range/constant/branch-checked parser pins 22 optical resampler, window, peak, confidence, accelerometer, classifier, smoother and step-accumulator functions plus every direct callsite. Swift exposes respiratory rate/confidence and raw motion state/step cadence from an already consented exact I/O snapshot, validates only algorithm ranges, preserves invalid/NaN/unknown raw values, and labels states 1/2 as lower-/higher-cadence locomotion candidates. No live memory, worker, engine or medical-claim surface is added","On an owned consented research ring, correlate raw PPG and accelerometer samples with synchronized A0/A4/33/54 snapshots during paced breathing, rest, walking and running; quantify latency, confidence, sentinel behavior, state mapping and firmware-revision stability against independent reference devices. Do not write respiratory rate to HealthKit or present clinical accuracy until transport, timestamp and validation contracts are established","High"
R1-124,Health,"SPS speed-selector inputs, internal pace formula and stock constant-output defect","Diagnostic text names selector inputs sRef/sGpd/sAcc. Selector 610C8 chooses the first nonnegative input in that order, emits source 0/1/2 or 3 when none, and computes an uncopied positive-value reciprocal 3600/selected at engine 228. The copied selected/source fields are 224/22C. Adapter 94590 refreshes sRef 150 from zero-only host I/O 2C, sGpd 1AC remains its -1 initializer with no production writer, and accelerometer/motion-derived sAcc 21C is constrained to 2...7 for state 1 or 6...20 for state 2 with alternate bounds 4/14. First-priority nonnegative sRef zero always wins, so every official post-update copy is selected zero/source 0 and sAcc is unreachable at the copied output. Speed/pace domain is formula-supported; the distance unit and SPS/GPD expansions are not proven","Firmware-confirmed selector topology, internal formula/ranges and deterministic stock zero/source-0 boundary; consent-gated offline support implemented; reference injection unavailable","A SHA/range/constant/branch/ABI-checked parser pins initializer, complete adapter, sAcc model dispatch and selector, verifies the diagnostic, zero-only host input, dormant GPD lane, reciprocal non-copy and exact source priority. Swift exposes a lossless SPS selection view, conservative source enum, stock-constant check and seconds-per-unresolved-distance-unit reciprocal. It never calls the engine or exposes live SRAM/reference input","On an owned consented research ring, passively confirm repeated 58/5C snapshots remain zero/0 during rest, walking and running while correlating cadence and cumulative steps. A research firmware may instrument internal sAcc without changing sRef priority; do not inject I/O 2C into a production ring. Establish the distance unit and state labels across revisions before presenting speed or pace","High"
R1-125,Health,"Energy profile equations, hidden MET/substrate outputs, daily totals and stock-zero distance","Profile converters map persisted values to height Float32 at engine 74, weight at 78, age byte 7C and binary sex 7D. Function 68728 uses exact sex-specific daily resting-kcal equations and 5F56C divides by 86400, emitting total as resting-derived sKcal plus above-baseline active aKcal. Hidden 258/25C/260 fields are vendor-labelled met/fat/carb; met is total*200/(weight*2.8), substrate split follows a pinned exponential transform, and 264...274 are four threshold-zone plus one 600-second sustained-high-zone MET accumulators. Accumulator 61274 resets on increasing local day, sums nonnegative steps/active/total, truncates to integers, exposes UInt32 steps and low-UInt16 calorie totals, and adds selected speed/3600 once per update to uncopied distance 314 without elapsed multiplication. R1-124 makes stock distance zero. Literal s/a expansions, distance unit and clinical validity remain unproven","Firmware-confirmed equations, component roles, hidden output layout, accumulation/truncation and deterministic distance boundary; strict consent-gated offline support implemented; live engine access unavailable","A SHA/range/constant/branch/ABI-checked parser pins 13 producer/profile/MET/substrate/zone/accumulator functions, exact defaults, diagnostics and copy exclusions. Swift exposes pure resting/MET/substrate/local-day formulas, copied component decoding, a lossless exact 44-byte engine-energy decoder and 16-byte activity-accumulator decoder after explicit health consent. No live SRAM, profile writer, engine execution or clinical claim is added","On an owned consented research ring, correlate copied 48/4C/50 and activity 78/7C/7E with synchronized profile, elapsed cadence, HR, raw engine energy slices and first-party totals across rest/exercise/day/timezone transitions. Validate Float32-to-integer overflow/wrap, mode 2, auxiliary resting scaling and zone thresholds. Instrument hidden distance only in secured research firmware; never infer kilometres or export MET/substrate values clinically without independent validation","High"
R1-126,Health,"Sleep-stage inference boundary, lifecycle flags, interval codes and public wire types","Stage coordinator 60DC4 emits stage/fresh/PPG bytes and stores 2-bit values in a 2880-entry 30-second circular day. Missing epochs inherit the prior stage; gaps at least 86400 seconds clear history. First-party AOT objects and the final compact encoder prove stages 0 awake/1 REM/2 light/3 deep and public session types 1 long/2 short, correcting the prior ordinal-shaped 0/1 mapping. Host consumer 6C294 proves lifecycle masks 02 on, 04 off and nested 08 final result; flag 10 selects long. PPG scheduling is continuous below mode 100, otherwise three slots per modulo-6 cycle, modulo 9 for mode 101 and modulo 12 for 102. Interval builder codes 0...4 and reconciler codes 0/1/2/3/5 have exact threshold/merge semantics; transition events are 0/1/2/4, while reason values 0...8 lack vendor human labels","Firmware/AOT-confirmed wire enums, history geometry, consumer masks, schedules and branch semantics; strict consent-gated offline support implemented; classifier execution and live acquisition unavailable","A SHA/range/constant/diagnostic/callsite parser pins 16 coordinator/classifier/history/interval/finalization functions and optionally verifies the hashed first-party enum-object corpus. Swift corrects R1SleepType, losslessly decodes all nine copied sleep fields, models lifecycle masks, PPG duty cycles, transition events, five interval classifications and reconciliation outcomes, and preserves unknown raw codes. No SRAM reader, classifier runner, PPG controller or clinical claim is exposed","On an owned consented research ring, capture synchronized 60...73 I/O snapshots, raw optical/accelerometer inputs and public sleep records across ordinary/special starts, short/long sessions, gaps, forced finalization and modes below 100/101/102. Establish the internal counter cadence and human meaning of reason codes, verify classification/reconciliation thresholds and enum stability on another firmware, and do not expose memory or PPG controls on production hardware","High"
R1-127,Health,"Final sleep statistics, score, validity, start adjustment and temperature history","Functions 68FD4/69128 emit 19 Float32 values: interval/leading-awake/non-awake/middle-awake/awake-after-onset/non-awake-plus-middle minutes, efficiency, NREM/REM/light/deep fractions, four inter-stage ratios and four stage durations. Public total_time is non-awake minutes. Score 6778C uses seven duration-band baseline/target/factor triples with double tanh, a powf 1.1 wake penalty, exact REM/deep contributions and 0...100 clamp; unsigned Float32-bit branches leave exactly 540 minutes with zero duration parameters. Validator 72AF0 requires flag08, 900...86400 seconds and strict current-time gates. Leading awake moves start earlier by a quantized/clamped half-duration and helper 748D4 prepends awake/relabels at most 21 early epochs light. Sleep clears 106-byte SRAM history at 2001E3EA, owns temperature mode1 only when not already active, retains 50 batch-average-times-0.1 values, requires 12, trims count/10 per side, and accepts integer mean/median delta at most100 before a second times-0.1 body_temp conversion. First-party AOT uploads efficiency/score/body_temp/timestamps/non-awake total/four stages/stages but drops ratio bytes and UTC offset","Firmware/AOT-confirmed statistics, score arithmetic including stock edge defect, final validity/start transform, temperature lifecycle/reducer and upload fields; strict offline support implemented; physical callback scale/linkage and clinical meaning remain capture-gated","The existing signature parser now pins seven additional result/statistics/score/validator/start ranges plus the temperature batch/history/lifecycle range, exact Float32/Float64/raw-bit constants, diagnostics and callsites. Swift exposes pure 19-field statistics, score breakdown/public truncation, validator, stage extension, 106-byte layout and bounded robust temperature reduction. Sleep decoders add non-awake-total, efficiency fraction and explicitly conditional body_temp/10 engineering conversion while retaining all raw bytes. No private timer, mode, sensor, SRAM or clinical interface is exposed","On an owned consented research ring, capture postprocessed stage arrays and public sessions around every score band, especially exactly 540 minutes, onset adjustment, 899/900-second and near-24-hour gates. Correlate timing-history entries with both GXT310 channels, event9, daily/direct/relay/backend values and reference temperatures to prove source linkage, cadence, unit, compensation and skin-versus-ambient meaning before enabling HealthKit or any live temperature control","High"
R1-128,Health,"Complete deterministic final sleep-stage postprocessor","Finalizer 69644 selects one of seven exact 11-byte records for modes 0/1/2/3/100/101/102 and calls 81040. The ordered routine applies centered moving voting with a three-awake override and deep-to-awake tie order; repairs at most 40 awake runs, long REM edges and deep/awake boundaries; iteratively adjusts REM/deep proportions halfway toward 0.225/0.18 outside a six-epoch deadband; applies profile chunk voting; then converts late deep while its working ratio is at least0.35 and early REM while at least0.25. All official records leave the optional final-awake bit clear. Stock code reads one byte past the stage count, can write before the array at an awake-to-deep boundary, and moves the negative deficit away from zero for target runs of at most12 epochs","Firmware-confirmed complete deterministic post-classifier transform, profile table, thresholds, order and defects; bounded offline support implemented; proprietary classifier execution and live stage-memory access remain unavailable","The sleep evidence parser SHA-pins 81040, four helpers, the 77-byte profile table, exact float/raw-bit constants and direct call graph. Swift retains all profile bytes, exposes proven selectors, and reproduces valid 0...3 stage transforms using Float32 thresholds. It accepts an explicit trailing backing byte to model the stock one-past read's observable effect and clips all writes to the supplied array, never recreating memory corruption. Focused fixtures cover profiles, stable stages, both final caps, invalid modes/stages and trailing-byte behavior","On an owned consented research ring or secured instrumented build, capture classifier output and each postprocessor phase for all seven modes, threshold equalities, more than40 runs, long/short edge cases and controlled backing sentinels. Confirm compiler rounding and defect reachability on hardware and compare another firmware revision; do not expose raw SRAM, classifier injection or unsafe memory behavior","High"
R1-129,Health,"Exact sleep-classifier feature input output model inventory and motion gate","Coordinator 60DC4 accumulates up to136 sorted optical peak positions across32 blocks of25 samples. 88AAC invalidates spacings outside10...37; 74D60 produces30 BPM values defaulting to60 by 1500/spacing and interpolation, then normalizes (BPM-60)*0.2 into a90-Float rolling window. PPG-off rotates thirds and accepted inference advances the overlapping window; 76502 retains peaks above749, subtracts750 and resumes at block2. Two complete mode-family models each contain51 20-byte descriptors and21824 parameter bytes. Shared architecture is seven Conv1D/BN/leaky-ReLU blocks, pool2/pool3, 120-to-32 and32-to-32 dense layers, two stateful GRU32 layers, dense32 and four-way softmax; matrices are scaled Int8 and other parameters Float16. Profile bytes7...10 are signed hundredth class offsets; bytes5/6 define an accelerometer-derived awake gate","Firmware-confirmed complete boundary, embedded parameter inventory, class order/offsets and motion-gate semantics; bounded offline feature/decision support implemented; full neural runner and live acquisition unavailable","The sleep parser SHA-pins four feature helpers, classifier/offset/argmax, two motion helpers, both descriptor tables, both model ranges, fallback output, constants and every direct caller. It verifies descriptor contiguity, storage/scale classes, matching architecture and exact family hashes. Swift implements peak marking/interpolation, 90-value rotation/advance, overlap retention, profile decoding, strict earliest-wins argmax, active-period awake replacement and gate modes from caller-supplied scores. R1-130 closes the exact descriptor-driven runtime. It starts no PPG/accelerometer service and exposes no SRAM","Compare feature tensors, pre/post-offset scores, recurrent states and gate results against an owned instrumented ring for both families and all seven modes. Establish the motion-score physical domain, recurrent reset lifecycle and revision stability before any health presentation; retain consent and clinical boundaries","High"
R1-130,Health,"Complete descriptor-driven sleep neural-network host runner","Classifier 88450 constructs seven channel-major padded stride-one Conv1D blocks with Float16 weights, BN epsilon half00A8 and leaky slope half31D1; pools by2 after block4 and by3 after block7; flattens8x15; applies scaled-Int8 dense120-to-32 and32-to-32; then two persistent GRU32 layers. Each GRU uses reset/update/candidate thirds, tanh(input+reset*recurrent), and update*previous+(1-update)*candidate. Dense32 and dense32-to-4 feed unstabilized exponential softmax. Helper70758 performs a direct firmware half-bit expansion rather than a general IEEE Float16 conversion. Both mode families share layout but have distinct parameters/scales","Firmware-reconstructed complete arithmetic and recurrent-state topology; bounded caller-supplied-model host execution implemented; live numerical equivalence and clinical validity remain unproven","Swift validates all51 descriptors, contiguous addresses, storage classes, positive quantization scales, exact tensor dimensions and21824-byte extent before decoding. It executes every layer with bounded arrays, returns logits/softmax plus two explicit32-Float states, rejects invalid/nonfinite input, and can extract exact slices from a caller-supplied application image. No vendor weights are bundled and no BLE/sensor control is invoked. The parser SHA-pins tensor/GRU/dense/activation/softmax helpers. Synthetic tests cover malformed models/state carry; an optional local-corpus fixture checks fixed zero-window outputs for both production families","Capture synchronized firmware feature windows, every intermediate tensor or at minimum logits and both recurrent states across resets and repeated epochs for modes below/above100. Compare Float32 rounding, exp/tanh implementations and reset lifecycle on hardware and another firmware revision before claiming bit identity or using stages clinically; keep firmware parameters user-supplied and sensor control separate","High"
R1-131,Health,"Sleep classifier upstream optical filter and peak-position record","Coordinator 60AF4 owns a396-byte state containing an80-byte direct-form IIR state, rolling75-Float window, twelve persisted positions and count. Valid inputs append25 Float32 values; invalid inputs append zeros without advancing filter histories. One/two elapsed blocks shift50 values and positions by25, while more than two fully resets state. Designer711B4 with normalized cutoffs .016/.16 yields a fourth-order band-pass. Candidate64A28 finds strict-curvature local valleys; 649BC accepts adjacent valleys more than7.5 samples apart and selects the earliest strict maximum in each half-open interval, discarding zero. 88264 removes positions at/before the prior last and59D70 emits positions plus zero padding and byte16=80|count","Firmware-confirmed complete immediate optical-to-peak transform and state lifecycle; coefficient bits and multi-call fixtures validated by isolated production-Thumb execution; physical input channel/unit and live acquisition remain unproven","Swift adds a bounded stateful detector for caller-supplied valid/invalid25-Float blocks, exact coefficient bit patterns, window/history/persistence transitions and strict17-byte record parsing. Tests compare production-emulated peak records plus Float32 filter/input/output history bits across valid, elapsed, invalid and full-reset calls. The parser SHA-pins thirteen coordinator/resampler/filter/designer/candidate/maximum/dedupe/encoder ranges, direct callsites, cutoffs, pi and7.5 threshold. No PPG worker, SRAM reader, sensor command or clinical interpretation is exposed","On an owned consented research ring, capture the exact25-Float source alongside detector state and records to identify channel/wavelength, amplitude unit, cadence and physical cutoff; compare every Float32 bit or establish tolerances across long sequences, invalid blocks, gaps and another firmware revision. Keep live PPG control and health presentation unavailable until transport, power, authorization and clinical boundaries are validated","High"
R1-132,Health,"Internal raw_hr callback resampler prefilter and end-to-end sleep peak pipeline","The fixed internal raw_hr topic has a count byte plus up to30 UInt32 words. Callback6B228 clips to25 and converts unsigned words to Float32 at I/O pointer/count18/1C; the stock update fixes channel count1 at1D. Adapter94590 calls60A14, which marks empty input invalid or linearly resamples1...25 values to25, then8247E applies a stateful fourth-order band-pass. Engine-open6FEA0 initializes that filter through71C38 with normalized cutoffs .0104/.96. It publishes pointer/invalid at engine170/174, exactly the structure consumed by sleep peak coordinator60AF4. This proves the complete software lane but not whether raw_hr words are direct sensor samples or prior Goodix outputs, their wavelength or units","Firmware-confirmed internal-topic-to-sleep-peak data flow, clipping, conversion, resampling, prefilter and initialization; coefficient bits and chained outputs validated by isolated production-Thumb execution; live topic access and physical semantics remain unavailable","Swift adds a bounded raw-optical input-block model, stateful adapter and composed raw-topic-to-peak pipeline. It preserves the30-word topic cap,25-word callback clip, empty invalid block without filter-state advance, exact Float32 interpolation/filter histories and both consecutive filter stages. Tests pin prefilter coefficient/history/output bits, clipping equivalence, invalid behavior, oversize rejection and four production-emulated end-to-end peak records. The sleep parser adds six exact ranges, five callsite sets and both cutoff constants; no subscription, worker, SRAM or sensor-control surface is exposed","On an owned consented research ring, instrument the raw_hr producer before its internal callback and correlate each UInt32 word with GH3X2X channel/LED configuration, physical photodiode samples and downstream25-Float blocks. Validate count cadence, interpolation rounding, two-filter state across missing updates and firmware revisions. Do not call the internal registry a raw PPG waveform or expose a live stream until privacy, bandwidth, authentication, power and sensor meaning are established","High"
R1-133,Health,"Raw accelerometer callback through complete sleep motion-gate score","The internal acc record is30 packed Int16 XYZ triples plus a count byte. Callback6B114 clips to25, maps axes as -Y/X/Z and multiplies by.9765625. Adapter60990 linearly resamples each axis to25 and applies an order2 low-pass. Feature5F3D8 resamples25-to-30, scales.001, applies an exact fourth-order direct-form filter, takes every third value, clamps magnitudes at2.13 and emits Euclidean magnitudes of a .068-dead-band per-value-truncated reducer and .013-dead-band linear reducer after five warm-up calls. Aggregator5F264 averages the primary feature into18 circular30-second UInt8 buckets, repeats short gaps, resets at540 seconds and computes the exact signed weighted score through67750","Firmware-confirmed complete internal-topic-to-motion-gate transform, state/reset/warm-up lifecycle, both features, bucket cadence and all coefficient/weight bits; 51-second chained production-Thumb fixture validated; physical ring orientation/unit and live topic access remain unavailable","Swift adds bounded stateful accelerometer adapter, motion feature extractor, gate aggregator and composed captured-data pipeline. It preserves the30-record topic cap,25-record callback clip, exact axis/scale/filter arithmetic, invalid and elapsed resets, five-call warm-up, 30-second boundary readiness, UInt8 clamp/truncation and540-second reset. Tests pin coefficient/weight bits, adapter samples, feature bits, two boundary scores and safety rejection. The parser now verifies87 ranges and71 direct-branch sets. No worker subscription, SRAM reader or accelerometer control is exposed","On an owned consented research ring, capture callback triples, all three common-filter axes, both motion features, bucket state and classifier gate score across rest, controlled motion, dropped updates, every boundary and540-second gaps. Establish physical axis orientation, cadence and Float32 tolerance on another firmware revision before exposing a live stream or health interpretation","High"
R1-134,Health,"Exact stock cadence-to-step accumulator and missing-update compensation","Initializer71D9E clears a28-byte state and sets threshold5. Accumulator61198 and history helper48960 retain a pending Float32 sum, nonzero/zero counters and five cadence bytes. Candidate delta is (cadence+1)/60; a return after exactly one or two zero samples multiplies it by2 or3. Elapsed0...3 multiplies the candidate while elapsed4 or more deliberately uses1. Zero cadence clears pending and acceptance state; update5 emits the run sum and subsequent positive updates emit individually","Firmware-confirmed complete state layout, initialization, formula, transition history, counter/reset and emission lifecycle; isolated production-Thumb fixtures validate exact Float32 bits across steady cadence, one/two missing updates and elapsed3/4 boundaries; input cadence accuracy and live acquisition remain unverified","Swift adds a bounded Codable R1GoMoreStepAccumulator over caller-supplied consented cadence. Tests match production bits including cadence100 fifth 4106AAAA/sixth3FD77777, gap emissions41219999/413C8888 and cadence120 elapsed3/4 outputs41F20000/40011111. A read-only emulator fixture and SHA-pinned parser cover23 exact ranges/callsites. No classifier execution, SRAM reader, sensor control or health claim is exposed","On an owned consented ring, capture classifier cadence, accumulator state, Step diagnostic and cumulative activity together across controlled cadence, zero runs, gaps0...5 and counter restart. Validate timebase and accuracy on another firmware revision before presenting derived steps or integrating with HealthKit","High"
R1-135,Health,"Exact eight-slot locomotion statistic window and four base classifier features","Preprocessor5ED14 truncates each common25-Float XYZ block to Int16, derives25 Euclidean magnitudes and maintains a622-byte state with200 magnitudes plus13 circular eight-slot mean/sample-deviation/range/mean-absolute-difference arrays. Four nonzero magnitude-mean slots unlock averaged magnitude deviation, X deviation, magnitude mean and Z mean. Missing helper484FC clears only9 arrays, retains4 difference arrays and appends the prior25 magnitudes reversed. Delayed first input backfills7 blocks; elapsed above8 resets","Firmware-confirmed complete base state layout, initialization, summaries, readiness and gap/reset lifecycle; isolated production-Thumb fixtures match every summary ring, history boundary and first-four Float32 bits; advanced periodicity features and final state/cadence classification are closed by R1-136...R1-140","Swift adds bounded Codable R1GoMoreLocomotionWindow for caller-supplied consented common-filter blocks, with finite/Int16-domain checks and explicit ready/insufficient/invalid/reset states. Tests cover five steady updates, elapsed2 recovery, invalid input, elapsed9 reset and delayed-first backfill. The read-only emulator and parser pin exact ranges/callsites, and later rows compose the complete periodicity/finalizer chain. No firmware execution, live memory or sensor control ships in app","Validate the complete chain against controlled owned-ring motion and a second firmware, including base-window state, all62 feature bytes, raw state, cadence and finalizer outputs, before presenting locomotion labels or steps","High"
R1-136,Health,"Five exact locomotion predicate flags and persistent linear score","Feature bytes56...60 use raw1/FF. Circular569BC accepts at least3 of the prior5 magnitude ranges inside130...20000 or1900...20000. Predicate58256 jointly requires3 ranges above200 and3 summed XYZ deviations above180. Predicate582C4 requires3 deviations above400 on each of the two axes with largest five-update sums. Linear model56A0C combines last3 range/deviation/difference summaries with six exact Float coefficients, bias1.120895, scale1000 and +/-32000 clamp;583C8 applies a five-score recovery rule","Firmware-confirmed functions, all thresholds, exact coefficient/bias bits, clamp and persistence history; production-Thumb window fixture validates raw flags and first ready scores1401/1411; R1-137...R1-140 close the advanced fields and finalizer","Swift returns typed raw-compatible predicates and Int16 score within each ready locomotion base record, persists the exact five-score history, and retains nil predicates for unavailable records. Tests pin constants, scores, decisions and non-ready behavior. Parser verifies exact ranges/callsites and model data; later rows integrate every advanced feature. No gait labels, live sensor, memory or firmware execution is exposed","Validate all predicate bytes, linear-score history, advanced Float fields, raw-state and cadence/finalizer outputs with controlled owned-ring capture and a second firmware revision","High"
R1-137,Health,"Complete 100-sample locomotion autocorrelation descriptors and sixth predicate","When byte56 passes, wrapper56D78 selects magnitude history75..<175. Core5C5F0 computes100 integer autocorrelation lags, strict and plateau peak sets, correlation/spacing/harmonic/crowding/trough tests and outputs indicators at Float indexes8/10. Index11 is4500/third peak; indexes12/13 use parabolic helper74880 and1500/adjusted lag. Shape helper8F4E8 derives turning statistics; four-weight model56920 with constant input8 emits byte61","Firmware-confirmed complete core/wrapper/interpolation/shape/model functions and exact constants; isolated production-Thumb periods12/15/20/25/30/35 plus a square wave match all five Float fields, shape bits/counts and byte61; R1-138...R1-140 close crossing and final classifier composition","Swift adds a bounded pure autocorrelation analyzer with Int32-overflow rejection and integrates it only behind the stock moderate-range gate. Tests compare every Float32 bit for seven fixtures, unavailable cases, byte61 and safety rejection. Parser pins exact ranges/callsites/constants; later rows assemble the full62-byte record. No live memory, engine execution, sensor control or gait label is exposed","Validate autocorrelation fields, byte61 and the composed62-byte record through raw-state, cadence estimators and smoother against controlled owned-ring motion and another firmware revision","High"
R1-138,Health,"Complete 200-sample locomotion crossing descriptors and adaptive interval state","Wrapper56CF4 obtains an eight-slot magnitude baseline and invokes estimator56F94 in two modes. Exact fourth-order fixed-point filters feed centered20/10 and12/6 windows, alternating extrema and same-phase intervals. Mode1 accepts20...50 and uses adaptive helper761F8 with two raw intervals per phase, .6 amplitude/.7 interval similarity, <=2 second difference, <=16 fast-cycle threshold, 90...110% reference, .25/.75 update and70% pruning. Mode2 accepts6.25...25. Quartile dispersion below.3 selects the interquartile mean; rates are restricted to60...240. Downstream7EAF6 counts1200-up/1000-rearm crossings for conditional mode1 half scaling","Firmware-confirmed complete wrapper/estimator/filter/baseline/adaptive/count functions, coefficients and constants; isolated production-Thumb fixtures for every integer sine period8...55 match both Float32 outputs bit-for-bit and the integrated window fixture matches fields4/5. R1-139/R1-140 close the final state/cadence mapping; physical cadence meaning and live acquisition remain unverified","Swift adds bounded R1GoMoreLocomotionCrossingAnalyzer and typed raw/adjusted mode1, mode2, threshold count and half-scale result integrated behind the stock moderate-range gate. Overflow/domain checks reject unsafe histories. The emulator sweeps periods8...55; tests pin every output bit. Parser validates exact ranges/callsites and filter coefficients; later rows integrate final state/cadence. No firmware execution, SRAM reader, sensor control or gait claim is exposed","Compare each feature, raw-state, cadence-estimator and smoother intermediate with controlled owned-ring motion and another firmware revision before exposing locomotion labels or derived steps","High"
R1-139,Health,"Complete final locomotion raw-state, cadence estimation and five-sample smoothing chain","Initializer71188 defines17 bytes as five FE raw states, five zero cadences, five zero preliminary cadences and enabled state1/2 gates. Gate5A40E, tree93DCC, fallback80FF4 and enable57C20 deterministically select raw0/1/2/FF from Float indexes8/10/11/12 and predicate bytes56...61. Estimators58060/57F8C use strict state-specific ranges, <10 adjacent consensus and state1 octave/prior/crossing corrections. Finalizer9413C enforces51...149 or121...219. Smoothers67B24/67A40 use five-sample35/50/80 buckets, signed state majority and exact70AF8 tie behavior. Elapsed2...5 inserts FE/zero; elapsed>=6 clears state/cadence but retains preliminary cadence","Firmware-confirmed complete initializer/classifier/gates/estimators/finalizer/shift/mode/average functions, all ranges and constants. Production Thumb matches five-update state1/100 and state2/150 state bytes, elapsed3 invalid lifecycle, seven estimator triples and varying state2 rates150/170/190/210/130 yielding final0/0/163/167/160. Cadence unit is independently proven steps/minute; physical accuracy and walking/running labels remain unverified","Swift adds validated62-byte R1GoMoreLocomotionFeatureRecord plus bounded Codable R1GoMoreFinalMotionClassifier and public estimator results. It preserves the17-byte state, prior output, long-gap preliminary-history retention, FE/FF semantics and vendor mode-helper edge case. Tests cover decisions, exact histories, gaps, estimator Float bits and high-rate smoothing; parser pins59 ranges/callsite sets/constants. No firmware execution, SRAM reader, sensor control or gait claim is exposed","On an owned consented research ring, capture all62 feature bytes, immediate/final states, preliminary/history cadences, copied output and Step accumulation through controlled rest, walking/running-like cadences, octave ambiguities and gaps0...7. Validate accuracy, sample timing and state1/2 semantics on another firmware before UI labels or HealthKit derived steps","High"
R1-140,Health,"Composed raw-accelerometer to locomotion cadence and stock step-delta pipeline","Production orchestrator5FF94 calls locomotion window5ED14 at60026, final classifier5F4B6 at6007C and step accumulator61198 at6053C in that order; the accumulator loads classifier-result byte+2 as cadence. The existing internal acc callback/common adapter supplies the exact25-Float-per-axis input. One elapsed value flows through all three stages. Empty callbacks retain common filter history while driving downstream invalid/gap state","Firmware-confirmed complete orchestration edges and exact constituent stages; bounded phone-side composition implemented and deterministic/manual composition fixture passes. Live private-topic acquisition, physical gait labels and cross-revision behavior remain capture-gated","Swift adds Codable R1GoMoreCapturedLocomotionPipeline and an audit-rich result containing common input, base features, optional62-byte record, classifier output and step accumulator output. Tests cover exact first filtered samples, warm-up sentinels, independent stage equivalence, empty elapsed2 callback, oversize no-mutation rejection, reset and serialization. No sensor start, SRAM access, firmware execution, health-store write or gait/medical claim is exposed","On an owned consented ring, feed synchronized callback captures through stock internals and SybilSight, compare every intermediate and emitted delta across rest, paced locomotion and gaps0...9, then repeat on another firmware revision before enabling live acquisition or derived-step presentation","High"
R1-141,Health,"Exact daily activity accumulator and composed cumulative-step boundary","Pointer initializer720C8 binds a52-byte state. Accumulator61274 uses day UInt32, sign-extended timezone Int32 and Float32 cumulative step/active/all/distance at offsets0/4/8/C/10/14 with28 reserved bytes. Forward signed-day advance clears all52 state and44 output bytes. Local seconds wrap UInt32 before /86400, so Unix0/timezone-1 yields day49710. Ordered >=0 gates reject negative/NaN but admit +infinity; VCVT.S32.F32 truncates or saturates to Int32.max. Distance adds speed/3600 without elapsed","Firmware-confirmed complete state, reset, local-time, input-gate, conversion and output behavior; isolated production Thumb fixtures match all state/output bits across two ordinary updates, rejected inputs, timezone change, next-day reset, +infinity and unsigned underflow. Physical energy/speed semantics and cross-revision behavior remain capture-gated","Swift adds Codable R1GoMoreDailyActivityAccumulator with lossless52-byte logical state and typed results plus R1GoMoreCapturedDailyActivityPipeline joining raw accelerometer through emitted and cumulative steps while accepting sibling energy/speed explicitly. Tests pin ordinary bits3FC00000/3FA00000/40300000/3A83126E, second-update bits40880000/40700000/40C80000/3B449BA5, reset bits40980000/40100000/40B80000/3B449BA6, saturation, serialization and composition. No sensor, SRAM, persistence, HealthKit or distance-unit claim is exposed","On an owned consented ring, compare accumulator state/output, copied activity record and SybilSight across controlled steps/energy, midnight, timezone changes, clock rollback and reboot; repeat on another firmware before presenting derived cumulative steps or modifying HealthKit behavior","High"
R1-142,Health,"Complete accelerometer-derived SPS speed-candidate state machine","Function5EF1C owns88 bytes with two smoothed values, state2/state1 28-byte model accumulators, latest model values, missing counter and eight-call cooldown. Gate requires raw=smoothed motion, raw!=FF and relative rate/cadence difference strictly below.2. State1 models feature4/height/feature0/feature3 and smooths.15/.85; state2 models height/feature5/feature2 with signed-square-root secondary term and smooths.25/.75. Zeroed checkpoint config uses identity calibration and clamps4...7/6...14; four nonzero-overriding Float words at restored previous-state bytes8...23 can enable affine calibration and widen clamps2...7/6...20. Gaps2...7 replay latest positive model values","Firmware-confirmed complete initializer, state/substate layout, previous-state pointer binding, calibration loader/transform, both primary/secondary models, exact120-byte coefficient table, cadence gate, smoothing, clamps and gap/cooldown behavior. Isolated production Thumb pins state1 primary/secondary405B7980/407DE7F4 and output4, state2 40F3FCC4/40F26628, calibrated outputs7/4181FE62 and exact.2 rejection. Distance unit and cross-revision/physical accuracy remain capture-gated","Swift adds Codable R1GoMoreSPSAccelerometerCandidate, typed result/status/model state, consented exact736-byte calibration-slice decoder and R1GoMoreCapturedAccelerometerSpeedPipeline. Parser now SHA-pins17 ranges,15 callsite sets and all30 coefficient words; two tests cover production bits, state counts, calibration, rejection, pipeline composition and serialization. The API cannot start sensors, read live checkpoints/SRAM, mutate firmware, inject sRef or make sAcc win the stock selector","On an owned consented ring, passively capture synchronized feature record, raw/smoothed state, cadence, restored calibration words, full88-byte state and output across controlled lower/higher-cadence motion, exact gate boundaries, gaps1...8 and reboot/checkpoint cycles. Establish distance unit and compare another firmware revision before presenting speed, pace or distance","High"
R1-143,Health,"Exact internal direct-versus-estimated heart-rate selector","Function605DC logs inhr/enhr and accepts either Float32 only when its raw-bit gate is equivalent to inclusive40...240 bpm. Initialized state0 prefers direct HR, emits quality1/source0; any nonzero state bypasses it. A valid eight-byte enhr HR/quality pair is copied losslessly with source1; neither valid emits HR0/quality0/source40. The nine-byte selected record at engine104 feeds later energy/health stages but is absent from the host copier","Firmware-confirmed complete132-byte selector, eight-byte initializer, state/input/output layout, raw validity constants, direct input ABI, both orchestrator callsites and downstream-only routing. Isolated production Thumb validates exact endpoints, adjacent Float32 rejection, state bypass, arbitrary quality bits, NaN/infinity, unavailable output and ignored elapsed. Engine init zeros enhr and no producer was recovered, so live estimated-HR availability remains unproven","Swift adds Codable R1GoMoreHeartRateSelection, typed source mapping, exact raw-bit validator, pure priority selector and strict health-consented nine-byte capture decoder. A SHA-pinned static parser covers six exact ranges and three callsite sets; tests pin all production fixture bits, unknown-source retention, consent/length gates and serialization. No optical worker, sensor acquisition, SRAM reader, input injection, firmware mutation or health-store write is exposed","On an owned consented ring, capture engine F8...10C plus direct callback input around valid/invalid boundaries, state changes, optical modes, motion and wear transitions. Determine whether any indirect/revision-specific enhr producer exists and correlate quality against public HR confidence before presenting a second HR lane; repeat static audit on another firmware revision","High"
R1-144,Health,"Stock-disabled 828-byte multivariate estimator and copied status correction","Wrapper5FEB8 consumes timing, selected HR, selected SPS, four internal config/sentinel words, three unresolved sentinel words and total energy. Initializer715F8 clears828 state bytes; tail offsets328/32C/330/334/338 hold accumulated elapsed, update count, mode, force-invalid flag and prior-state+24 pointer. Mode0 returns1 untouched; mode1 runs scheduler96E0C/core721B4/status69F80; other nonzero mode increments count without core. Deltas2...15 replay, larger gaps emit Int16 -1027. Status owns only output bytes66...67; a fatal halfword clears all68 bytes","Firmware-confirmed complete wrapper/initializer/scheduler/status helper, input/output/control layout, constants and all callsites. Exhaustive static writer audit finds no post-init writer for mode or force-invalid, so the core is stock-unreachable. Production Thumb validates disabled preservation, nonzero bypass, active zero status, 20-second gap bytesFDFB, force-invalid speed -1 and fatal clear. Engine182/I-O81 is now proven as the copied low status byte, correcting its prior initialization-only classification; stock value remains0 and no host reader exists","Swift adds R1GoMoreDormantEstimatorEvidence, typed mode/control/timing/result models, strict consent-gated828-byte state-tail and68-byte output decoders, exact replay planning and pure status application. Dedicated parser SHA-pins eight ranges/five callsite sets; output ABI/producer maps now distinguish22 compiled writer fields,21 stock runtime fields and five initialization-only fields. No semantic fitness/VO2 label, activation, engine execution, sensor control, SRAM reader, persistence or health claim is exposed","Repeat the writer audit on another official revision and passively capture engine140...183 plus state tail during stock updates to confirm zeros. Only if an owned research build or authenticated vendor path legitimately activates mode1, capture all inputs/state/output across gaps0...16 and decode the opaque66-byte prefix before assigning any metric meaning; never patch live state without an authorized recovery plan","High"
R1-145,Health,"Exact dormant-estimator input ABI and fixed sentinel provenance","The280-byte engine prefix contains unresolved auxiliary Float32 words at14/18/1C fixed to -1/-1/-1; normalized current time at50; internal config words54/58/5C/68 fixed to -999/-999/-999999/0; selected SPS/reciprocal/source atE4/E8/EC; selected HR/quality/source at104/108/10C; and total energy at114. The sentinel groups are not the actual user profile at74...84 and have no post-initializer writer","Firmware-confirmed by full engine initializer71714, input adapter94590, profile converter71E34, complete orchestrator and negative writer audit. Isolated production Thumb validates all seven default Float32 values. Dynamic input semantics reuse independently proven SPS, HR and energy producers; config/auxiliary meanings remain unresolved and the consuming core remains stock-disabled","Swift adds lossless Codable R1GoMoreDormantEstimatorInputSnapshot and strict health-consented exact280-byte decoder with typed HR/SPS source mappings while retaining raw bits. The dormant parser validates literal defaults and distinguishes internal config from the user profile; tests cover consent/length, all offsets/defaults and dynamic fields. No live prefix reader, input injection, activation, semantic metric label or health-store write is exposed","On another official revision, repeat exact initializer/profile/adapter writer audits. Passively capture the prefix on an owned consented ring to confirm dynamic time/HR/SPS/energy and fixed sentinels; only investigate sentinel meaning if a legitimate revision supplies writers or a named output contract","High"
R1-146,Health,"Exact active-only selected-speed filters with aliased history","Core721B4 calls flag-dependent filter908E0 then five-sample average90A50 using the same six Float32 words at state+184. Unflagged sample0 rejects ordered values>=15 without mutation but preserves NaN; updates>=4 average/shift five words and select the average at >=27.690000534 or above15 with rise>=2.900000095. Mask1444 mode limits stored rise by max(0,5.5-previous*.458299994), averages up to six words and uses strict rise selection. The second helper overwrites/averages only words0...4","Firmware-confirmed complete functions, two callsites, call order, shared state, comparisons, constants and mutation rules. A SHA-pinned parser covers10 ranges/seven callsite sets. Direct hard-float production execution validates boundary14/15/16/NaN, isolated histories and seven-update flagged/unflagged output bits; the active parent remains stock-unreachable","Swift adds Codable resettable R1GoMoreDormantEstimatorSpeedFilter and audit result preserving raw/gated/final bits plus shared history. SDK build succeeds and a standalone Swift harness matches all production checkpoints; the focused test source is standalone typechecked and the whole-app simulator build succeeds. No activation, live engine/SRAM/sensor access, physical speed label, persistence or health write is exposed","Repeat exact static comparison on another official revision. Only with a legitimate active build, capture selected SPS, previous/final outputs, flag word, update index and state184...19B on owned hardware; establish unit/meaning before any product presentation","High"
R1-147,Health,"Exact doubly-disabled integer heart-rate filter and raw fallback","Wrapper94270 calls filter70498 with1000ms and state+278, selecting filtered state+1C only for status1. The100-byte filter has enable/seen/equal/streak/count header, missing UInt32, last Int32, average Float32 and20 Float history. It accepts700...1300ms; clamps changes >+6 or <-7; permits3 missing and20 unchanged updates; uses a lagging prefix average then a count19 rolling path that duplicates the newest value in slots18/19; and returns statuses1/1771...1775. Reset5D2EC intentionally retains enable and several counters","Firmware-confirmed complete wrapper/filter/reset, state and return paths, constants and three new callsite sets. Outer initializer clears enable0 and no writer exists, so even mode1 gets inactive1772 and raw HR. Direct production Thumb validates both interval edges, inactive/initial invalid, clamps/boundaries, prefix rounding, missing/unchanged resets,22-update rolling state and raw-vs-filtered wrapper sequences. Parser now pins13 ranges/10 callsite sets","Swift adds Codable R1GoMoreDormantHeartRateFilter, typed lossless result/status, exact partial reset and health-consented100-byte state decoder. SDK and standalone fixtures match production; the focused test source is standalone typechecked and the whole-app simulator build succeeds. No enable sender, outer activation, live HR acquisition, SRAM access, persistence or HealthKit write is exposed","Repeat initializer/writer audit on another official revision. Only on a legitimate active build, capture raw/filtered HR, statuses and state278...2DB through stable, step-change and missing sequences; do not present a second HR lane unless provenance and physical behavior are independently established","High"
R1-148,Health,"Exact flag-gated six-bin selected-speed/HR ratio accumulator","Wrapper94270 calls96634 only when flags&4203=0 and flags&040C!=0. It always updates all-HR mean/count at210/214; signed raw speed bits>40800000 enter six HR-threshold bins94698 as speed/HR. Bin0 uses weight1.22 when state+D=0 or1.32 otherwise. Qualified square-sum/HR-mean/speed-mean/count live at218...224. At count>=30 dispersion>3F7FFFFF resets moments; otherwise allMean<qualifiedMean emits meanSpeed/meanHR into secondary bins228/240, else resets. Primary/secondary bins persist","Firmware-confirmed complete wrapper gate, accumulator, bin helper, exact arrays/offsets, Float order, constants and reset boundaries. Flag word, profile flag and five thresholds are all zero-initialized without writers, making the path stock-unreachable and defaulting positive HR to bin5. Production Thumb validates strict4.0/next-Float boundary, six custom bins, both weights, stable30 mean reset, lower-all-mean secondary route and alternating-HR dispersion reset. Parser pins15 ranges/12 callsite sets","Swift adds Codable R1GoMoreDormantRatioAccumulator/action/result, exact Float32 state machine and health-consented828-byte decoder retaining the complete modeled arrays plus92 opaque overlapping/reserved bytes. SDK and standalone checkpoints match production; focused app test is authored behind the unrelated missing settings view blocker. No semantic fitness/efficiency label, flag/threshold writer, activation, live SRAM/sensor access, persistence or health write is exposed","Repeat all writer and literal audits on another official revision. Only with a legitimately active build, capture flags, thresholds, profile selector, HR, selected speed and state170...257 across below/above4 speed and stable/variable30-sample runs before assigning meaning","High"
R1-149,Health,"Exact per-iteration HR validity latch and zero carry-forward","Core721B4 validates integer HR only while state+60 latch is0 and sample index<30. Inclusive36...249 sets latch1; failure writes Int16-1016 at+52 and returns before downstream processing. After validation, HR0 at index>=1 is replaced by previous selected HR at+20; index0 never carries. Index>=30 skips validation even with latch0. Successful downstream completion copies selected+1C to+20 and clears status","Firmware-confirmed complete gate order, latch/status/selected/previous offsets and boundary asymmetries within the SHA-pinned721B4 range. Isolated production Thumb validates35/36/249/250, zero before/after latch, zero at indexes0/1/30 and latch mutation. Parent mode remains stock-zero/unwritten, so the path is stock-unreachable. Parser remains15 exact ranges/12 callsite sets and now emits the gate contract","Swift adds Codable R1GoMoreDormantHeartRateGateDecision and a pure exact gate helper; SDK and standalone fixtures pass, and the focused test source is standalone typechecked and the whole-app simulator build succeeds. No activation, sensor acquisition, SRAM access, HR injection, persistence, HealthKit write or medical interpretation is exposed","Repeat the exact per-iteration range and state-writer audit on another official revision. Only with a legitimate active build, capture sample index, raw/effective/previous HR, latch and status across boundaries and downstream failures before composing the full dormant core or presenting any derived HR behavior","High"
R1-150,Health,"Exact dormant 32-byte speed smoother with dual slew limits","When flags&1444!=0 core721B4 calls generic helper4C6DC on state+2DC with config+8 and1000ms. Exact enable1, unsigned700...1300 interval and four nonzero Float limits guard processing. Counts0...9 form a prefix mean; later values use input*0.35+prior*0.65. Raw limiting starts when prior count>1 and references the prior unclamped raw input; output has independent rise/fall limits. The output flag is1 when clamped or exactly stable and0 for an ordinary change. Statuses areFFFFFFFF/1389/138A/138B","Firmware-confirmed complete helper, sole callsite,32-byte layout, output/config offsets, guard order, Float constants and flag semantics. Initializer zeroes enable/limits and no writer exists; caller ignores inactive status1389 and retains its pre-zeroed output, while the parent mode/flags are separately unwritten. Production Thumb validates enable2 rejection, interval edges, every zero-limit guard, ten warm-up outputs, first EMA, raw/output clamp boundaries, NaN behavior and untouched secondary output. Parser pins16 ranges/13 callsite sets","Swift adds Codable R1GoMoreDormantSpeedSmoother/status/result, exact mutable Float32 state and strict health-consented32-byte decoder. SDK and standalone production checkpoints pass; the focused test source is standalone typechecked and the whole-app simulator build succeeds. No activation, flag/config writer, live SRAM/sensor access, physical speed unit, persistence or health write is exposed","Repeat range/callsite and state-writer audits on another official revision. Only with a legitimate active build, capture flags, config+8, full state2DC...2FB, status, flag and produced+34 through boundaries and warm-up/EMA transition before composing downstream transforms or assigning physical meaning","High"
R1-151,Health,"Exact dormant speed-dynamics route, veneers and lossless shared state","Core721B4 gives flags&1444 priority: it chooses veneer2938A/target67488 with mode argument1, and bit4 first zeroes primary config+8 before helper4C6DC; the target receives the smoother output. Only when that mask is clear does bit8 choose veneer29382/target6825C with mode0 and alternate config+C directly. Otherwise speed bypasses both. Targets share44 bytes at state+2FC with nine Float words, flags at+24, initialized byte+26 and five opaque tail bytes","Firmware-confirmed complete router, config mutation, two eight-byte veneers, target entries/constants, shared-state boundary and callsites. Initializer zeroes state and flags; no flag writer exists, so both are stock-unreachable. Production Thumb validates no-route/mode0/mode1/zeroing/priority cases, inactive-smoother zero at+34, zero-state target outputs411FFFF7/42100001/4064F92E/0 and negative clamp. Parser pins20 ranges/17 callsite sets. The deeper arithmetic was subsequently closed in R1-152 through R1-161; caller composition is closed in R1-162; physical semantics remain open","Swift adds Codable R1GoMoreDormantSpeedDynamicsRouteDecision and strict consented44-byte snapshot retaining all words/tail. SDK and standalone route fixtures pass; the focused test source is standalone typechecked and the whole-app simulator build succeeds. Target arithmetic is implemented under R1-161 and caller replay under R1-162; this row's router/snapshot still exposes no flags/config writes, live SRAM/sensors, persistence, physical label or health write","Repeat writer/range audit on another revision and require legitimate active-build captures before assigning units or product meaning","High"
R1-152,Health,"Exact 0440-flagged dynamics threshold converter","Helper676E0 computes input/(stateFloat0*(3F0A2728+(abs(input)-2.5)*3E20FBA9)*100)*60, then compares result bits as signed Int32 against Float220 bits435C0000 and caps when greater. VABS affects only the denominator term; original signed input remains the numerator. This creates deliberately nonstandard NaN/infinity/negative behavior","Firmware-confirmed complete function, three callsites, exact arithmetic order/constants and raw comparison. It is called only behind dynamics flags0440; both flags and stateFloat0 initialize zero without writers, so it is stock-unreachable. Production Thumb validates ordinary +/-4, 0/0, +/-1 over zero, both NaN signs and both infinities. Parser pins21 ranges/18 callsite sets","Swift adds exact pure speedDynamicsFlaggedThreshold with sign-cleared magnitude and signed-raw cap; standalone fixtures match all production bits and the focused test source is standalone typechecked and the whole-app simulator build succeeds. No flag/state writer, target execution, sensor/SRAM access, semantic label, persistence or health write is exposed","Repeat the exact function, constants and writer audit on another official revision; require legitimate active-build captures through nonzero-parameter and 0440-flag sequences before naming the state parameter or output","High"
R1-153,Health,"Exact asymmetric Float32 decimal quantizer in dynamics graph","Helper80F88 computes factor=powf(10,Float places). Factor0 returns0. Nonnegative values use value*factor+0.5; negative values use value*factor-0.4 with exact3ECCCCCD. VCVT.S32.F32 then saturates and truncates toward zero, converts back to Float32 and divides by factor. Thus +1.2345 at3 becomes1.235 while -1.2345 becomes-1.234; NaN converts through integer0 and infinities saturate","Firmware-confirmed complete function, six callsites, constants, branch order and conversion behavior. All callers are inside helpers888A0/90C54 of the stock-unreachable dynamics graph. Production Thumb validates +/-down/up/half, zero and negative places, signed zero, both NaNs/infinities, huge finite values and factor underflow. Parser pins22 ranges/19 callsite sets","Swift adds exact pure speedDynamicsDecimalRounded using powf, sign-specific biases and saturating truncation. Standalone fixtures match every production bit and the focused test source is standalone typechecked and the whole-app simulator build succeeds. No UI formatter replacement, target execution, sensor/SRAM access, persistence or health write is exposed","Repeat the exact quantizer range, callsite and constants comparison on another official revision; require legitimate active-build captures before assigning the transform a domain meaning","High"
R1-154,Health,"Exact common dormant speed-dynamics baseline helper","Helper90C54 rejects negative or unordered input; normalizes values below1 while retaining the original as an unflagged output scale; sums exact cubic, calibrated linear and quadratic Float32 terms; quantizes to five places through80F88; clamps nonpositive rounded sums to0; and scales by3F0DD2F2. Flags0440 substitute a state0*3CBD230C calibration through inclusive1.25 and suppress subunit rescaling","Firmware-confirmed complete336-byte function, 12-word literal table and three callers8149A/8897C/88990. Fifteen direct production-Thumb fixtures pin negative, zero/half/one/two with zero and nonzero state, ordinary/flagged modes, exact1.25 and next-Float split, positive NaN and infinity. Parser pins23 ranges/20 callsite sets. Flags and both state parameters are zero-initialized without writers, so stock output remains arithmetic-only/unreachable","Swift adds lossless Codable R1GoMoreDormantSpeedBaselineResult with all intermediate raw Float32 bits and an exact pure speedDynamicsBaseline implementation. Standalone fixtures match every production output and the focused test source is standalone typechecked and the whole-app simulator build succeeds. No activation, state/flag writer, target execution, sensor/SRAM access, persistence, physical label or health write is exposed","Repeat the exact range, callsite, literal and writer comparison on another official revision; require legitimate active-build captures before assigning units or product meaning","High"
R1-155,Health,"Exact shared dormant speed-dynamics reducer and immediate helper graph","Reducer888A0 projects nonzero secondary input through primary/cosf(atanf(secondary/primary)); below primary1 it suppresses secondary magnitudes below twice a state-dependent calibration. The low path combines retained-secondary linear and baseline terms without history mutation. The high path adds power delta, calibrated linear, bounded transformed-change and optional cubic terms, rounds to3 places, writes transformed/power history at+8/+10 and scales by3F0DD2F2","Firmware-confirmed complete500-byte reducer plus helpers69D20/67470/69D80/695A8, all literals, two route-target callers and all internal callsites. Eleven production-Thumb cases pin subunit/unit/superunit, zero/small/near/large secondary, atan/cos projection, secondary suppression, flags0440, mode0/1, rising/falling/stable power and exact history bits. Parser pins28 ranges/25 callsite sets. Parent flags and state parameters are zero/unwritten and physical semantics remain absent","Swift adds lossless Codable R1GoMoreDormantSpeedReducerResult with intermediate raw bits/history outcomes and exact pure speedDynamicsReducer. Standalone output/state fixtures match production and the focused test source is standalone typechecked and the whole-app simulator build succeeds. No activation, input/state writer, target execution, live sensor/SRAM access, persistence, physical metric label or health write is exposed","Repeat the exact reducer graph, range, callsite, literal and writer comparison on another official revision; require legitimate active-build captures before assigning any units or meaning","High"
R1-156,Health,"Exact dormant rational transform, quadratic root writer and nearest-root selector","Helper568AC evaluates input*0.146635*state0*100/(60-input*0.15721*state0*100). Helper6818C computes a quadratic discriminant and roots through powf(x,0.5): negative discriminant or zero A clears root slots0/1; otherwise each nonpositive candidate retains its prior slot; slot2 is untouched. Helper68420 begins with root0 or zero and replaces it with later nonzero roots at lesser or equal binary64-promoted absolute Float32 distance, including captured negative roots","Firmware-confirmed complete functions, literals and six callers/branches. Four rational fixtures include negative ordinary output; five quadratic fixtures pin two positive/negative roots, invalid clearing and stale-slot retention; five selector fixtures pin all-zero, closest, later tie, zero remaining closest and negative-root selection. Parser pins31 ranges/28 callsite sets. Root state exists only in the stock-unreachable zero-initialized dynamics graph with no outside writer or semantic names","Swift adds exact pure speedDynamicsDimensionless, Codable R1GoMoreDormantQuadraticRootsResult/speedDynamicsQuadraticRoots and speedDynamicsClosestRoot. Standalone outputs/state match production and the focused test source is standalone typechecked and the whole-app simulator build succeeds. No activation, root injection, target execution, sensor/SRAM access, persistence, inverse-metric label or health write is exposed","Repeat the exact rational-transform, root-writer, selector and state-writer comparison on another official revision; require legitimate active-build captures before assigning units or presenting inverse results","High"
R1-157,Health,"Exact dormant Cardano-style cubic solver and signed-raw candidate writer","Solver6808C forms Cardano terms, complex square root and cube-root inputs; assembler675DC uses real/principal-complex cube roots, omega rotations and adjusted sums. Candidate writer908AC stores a candidate only when real>=0 and signed Int32(imaginary Float bits)<1E-5 bits. Consequently every negative imaginary value passes regardless of magnitude; real-discriminant root0 also receives exact1E-6 imaginary bias. Failed candidates retain prior slots","Firmware-confirmed complete eight-function graph6808C/675DC/58C7A/58C40/56C2A/77E48/908AC/90EFC, literal blocks and all internal/caller edges. Nine production polynomials pin roots1/2/3, -1/0/1, +/-single roots, repeated2, roots1/2/4, roots0.5/3/5, one-real/two-complex and coefficient scaling; captured complex candidates expose the signed-imaginary quirk. Parser pins39 ranges/36 callsite sets","Swift adds Codable R1GoMoreDormantCubicRootsResult retaining coefficients/discriminant/candidate real+imaginary/final slots and exact speedDynamicsCubicRoots. Production phase reduction/trig polynomials avoid host-libm one-ULP drift; standalone candidate/root bits match all fixtures and the focused test source is standalone typechecked and the whole-app simulator build succeeds. No activation, root injection, target execution, SRAM/sensor access, persistence, physical label or health write is exposed","Repeat the exact cubic graph, literal and writer audit on another official revision; require legitimate active-build captures before any domain naming or presentation","High"
R1-158,Health,"Exact dormant speed-dynamics coefficient and root builder","Builder68D18 derives two shared state/auxiliary coefficients and a primary-adjusted constant in exact Float32 order. Mode0 invokes quadratic writer6818C with those three coefficients; every nonzero mode prepends fixed3E1704FF and invokes cubic solver6808C. Solver-specific failed/nonpositive candidates retain or clear their documented root slots","Firmware-confirmed complete176-byte function, six-word literal table and sole finalizer callsites81466/814B4. Six production-Thumb fixtures pin mode0/nonzero dispatch, ordinary and zero primary, zero-state partial clearing with root2 retained, small-auxiliary positive cubic root and every coefficient/root bit. Parser pins40 ranges/37 callsite sets. Both state parameters and the outer estimator remain zero-initialized/unreachable and input semantics are absent","Swift adds Codable R1GoMoreDormantRootBuilderResult retaining input/coefficient/initial/final raw bits and exact speedDynamicsBuildRoots. Standalone fixtures match production and the focused test source is standalone typechecked and the whole-app simulator build succeeds. No activation, arbitrary root injection, parent-finalizer execution, sensor/SRAM access, persistence, physical label or health write is exposed","Repeat the exact coefficient/root builder graph, literal and writer audit on another official revision; require legitimate active-build captures before any domain naming or presentation","High"
R1-159,Health,"Exact dormant alternate root solver and signed-raw attenuation","Solver69DC8 derives rational target568AC and a state/auxiliary coefficient. Mode0 solves a zero-middle-term quadratic; every nonzero mode solves a fixed-leading cubic. Selector68420 chooses the nearest retained root. Signed Int32(raw Float bits)>3FA00000 applies factor3F333333; exact1.25 is retained, its next Float is attenuated, then nonpositive/unordered results become0","Firmware-confirmed complete180-byte function, six-word literal table and sole finalizer callsite81486. Eight production-Thumb fixtures pin modes0/1/2, ordinary and small auxiliary inputs, exact coefficient/root/target/output bits, both sides of the one-ULP threshold and selected-negative clamping. Parser pins41 ranges/38 callsite sets. Required state and outer estimator are zero-initialized/unreachable and physical semantics are absent","Swift adds Codable R1GoMoreDormantAlternateRootSolverResult retaining all positional inputs, coefficients, roots, target, selection, attenuation and output bits plus exact speedDynamicsAlternateRoots. Standalone fixtures match production and the focused test source is standalone typechecked and the whole-app simulator build succeeds. No activation, root injection, parent-finalizer execution, sensor/SRAM access, persistence, physical label or health write is exposed","Repeat the exact alternate-solver graph, literal and writer audit on another official revision; require legitimate active-build captures before any domain naming or presentation","High"
R1-160,Health,"Exact dormant speed-dynamics finalizer and asymmetric root reduction","Finalizer8141C divides input by exact.554. Unflagged input below baseline90C54 returns positive ratio; VFP unordered also takes this branch. Otherwise builder68D18 feeds lone-root0, mode0 average(root0+root1)/2 excluding root2, or nonzero-mode average of all3, then positive clamp. Flags0440 choose alternate69DC8 below signed-raw target1.25, else builder+nearest selector with no final positivity clamp","Firmware-confirmed complete324-byte function, three-word literal table and both route-target callers674F8/68320. Sixteen production-Thumb fixtures pin ratio/baseline-zero/NaN, root-only and stale/sole-root averaging, modes0/1, low/high flagged paths, adjacent target bits around1.25 and an unclamped negative root from a positive-NaN target. Parser pins42 ranges/39 callsite sets. Outer route flags/state remain zero-initialized/unreachable and semantics are absent","Swift adds Codable route enum/result with nested baseline/builder/alternate evidence and exact speedDynamicsFinalize. Standalone fixtures match all production output/state bits and the focused test source is standalone typechecked and the whole-app simulator build succeeds. No activation, arbitrary state injection, route-target execution, sensor/SRAM access, persistence, physical label or health write is exposed","Repeat the exact finalizer graph, literal and writer audit on another official revision; require legitimate active-build captures before any domain naming or presentation","High"
R1-161,Health,"Exact complete dormant speed-dynamics targets and sequential state machine","Target67488 mode1 uses selected/3.6 as primary and first-call0 then current-minus-previous first input as secondary. Target6825C mode0 uses atan(first/100), cosine/sine components of selected/3.6. Both clear roots each call, seed transformed and pow(primary,2)*state1*.5 histories once, choose auxiliary165 or flagged converter676E0, run reducer888A0 then finalizer8141C, multiply by3.6 and clamp ordered negatives only","Firmware-confirmed complete target ranges/veneers/literals plus exact production atan2F384C8, atanF38774, cosF38A5C and sinF3AE04 ranges, literal tables and callers. Five zero-state fixtures and12 sequential checkpoints cover both modes, changing inputs, flags0440, preserved nonzero initialized byte, all reducer/finalizer inputs, outputs and nine state words. Parser pins46 ranges/43 callsite sets. State parameters, flags and outer mode remain zero/unwritten; first-input units and output meaning are absent","Swift adds R1GoMoreDormantSpeedTargetMode/Result, named execution-role accessors on the lossless44-byte snapshot, exact production atan/atan2/trig math and stateful speedDynamicsTarget composition. Standalone fixtures match every production checkpoint; the focused test source is standalone typechecked and the whole-app simulator build succeeds. R1-162 composes the exact caller; no live SRAM/sensor access, flag/state writer, estimator activation, persistence, physical label or health write is exposed","Compare another official revision, then require legitimate active-build captures before units or product presentation","High"
R1-162,Health,"Exact pure router-smoother-target caller replay","Per-iteration core721B4 keeps route flags at state+56 separate from dynamics flags at target+24. Mode1 optionally zeroes primary config, calls smoother4C6DC at1000ms, ignores status, mirrors its written output or caller-prezeroed0 at state+34 and feeds target67488. Mode0 skips the smoother and feeds alternate config directly to target6825C. Bypass preserves selected speed. Target return is stored before later shared filters","Firmware-confirmed instruction order within pinned721B4 plus six new production-Thumb caller checkpoints: three enabled-smoother updates, invalid-config zero fallback, bit2 config zeroing and mode0 with enabled smoother untouched plus independent0440 dynamics flags. Exact target first/selected inputs, return, all32 smoother bytes and all44 dynamics bytes match. Together with prior five route, five direct and12 target-sequence fixtures, parser remains46 ranges/43 callsite sets and now marks caller composition complete. Outer mode/flags/state writers remain absent","Swift adds Codable R1GoMoreDormantSpeedRouteReplayResult and pure speedDynamicsReplayRoute returning route decision, optional smoother/target evidence, exact selected-value bits and initial/final states. Standalone production fixtures and SDK build pass; the focused test source is standalone typechecked and the whole-app simulator build succeeds. It cannot mutate captures, configure a device, access SRAM/sensors, activate firmware, persist data, label a metric or write health storage","Pin the complete caller composition on another official revision. With a legitimate active build, capture separate route/dynamics flags, configs, smoother status/output and both state blobs across success and guard failures before product presentation or semantic naming","High"
R1-163,Health,"Exact complete active-only per-iteration coordinator replay","Core721B4 copies selected speed and three auxiliaries, executes route/smoother/target, shared speed gate908E0 and average90A50, integer HR validation/carry, wrapper94270 with filter70498 raw fallback and optional ratio96634, then copies selected HR/speed/current auxiliary to previous slots and clears status. Invalid HR exits -1016 after speed mutations but before HR/ratio and previous-value copies; input+20 Float is loaded but unused","Firmware-confirmed complete pinned721B4 and94270 instruction order. Five full production-Thumb cases cover stock success, invalid-HR asymmetric exit, zero-HR carry, mode1 inactive smoother and enabled HR+smoother+ratio flags040C. Exact return/input-HR/config mutation, scalar state, six aliased speed-history words,100-byte HR state,32-byte smoother,44-byte dynamics and ratio bins/moments match. Parser remains46 ranges/43 callsite sets and marks full iteration composition complete. Parent mode and configuration writers remain absent","Swift adds Codable input/modeled-state/replay result, captured-history initializer, pure replayPerIteration and a consent-gated decoder assembling every closed region from an exact828-byte capture while preserving the speed-history/ratio-opaque alias. Standalone fixtures and SDK build pass; the focused test source is standalone typechecked and the whole-app simulator build succeeds. No live capture, SRAM/sensor access, mode activation, persistence, semantic label or health write is exposed","Repeat the complete per-iteration coordinator comparison on another official revision; require legitimate active-build captures across replay gaps, forced-invalid substitution and early errors before naming outputs","High"
R1-164,Health,"Exact complete dormant estimator wrapper and replay scheduler","Wrapper5FEB8 returns before input reads in mode0. Nonzero modes ignore elapsed on the first call, accumulate it thereafter, convert selected Float HR through saturating/truncating VCVT.S32.F32, optionally force HR/speed to -1 and increment update count. Mode1 scheduler96E0C runs delta0/1 once, replays deltas2...15, rejects larger/wrapping gaps with -1027 and calls status helper69F80; other nonzero modes skip scheduler/helper. Replay samples prior+1 through accumulated and stores a one-past-last cursor","Firmware-confirmed complete pinned wrapper/scheduler/core/status-helper order and input mapping. Production Thumb pins first index0; five samples1...5 leaving cursor6; subsequent cursor-equal sample6; five continuing force-invalid -1016 iterations; disabled/bypass/gap/fatal output paths; and eight VCVT cases proving NaN0, signed saturation/infinities and toward-zero fractions. Core errors do not stop replay; mutated HR/config feed the next iteration. Parser remains46 ranges/43 callsite sets and marks wrapper composition complete. Mode/config writers remain absent","Swift adds public control/input construction, exact cursor/count decoding, saturating wrapperHeartRateInteger and pure Codable replayWrapper composing zero-or-more complete iterations, scheduler return, status helper, initial/final state/control and byte-exact output. Standalone replay/serialization fixtures, production emulator and SDK build pass; the focused test source is standalone typechecked and the whole-app simulator build succeeds. It cannot activate mode, acquire SRAM/sensors, mutate captures, persist data, assign physical meaning or write health storage","Repeat complete wrapper/scheduler comparison on another official revision. If a legitimate active build is obtained, capture input prefix, full828-byte state and68-byte output across replay/error boundaries before any semantic naming or product presentation","High"
R1-165,Health,"Exact production RMSSD filter and UInt16 publication boundary","Helper575D8 starts validity bytes1, examines indexes1 onward, clears both pair endpoints for signed changes outside inclusive +/-150ms or current interval above1100ms/default or1500ms/alternate, but never independently ceiling-checks index0. Remaining absolute differences are squared, sequentially Float32-summed, population-divided and sqrtf-rooted; none returns exact -1. Producer4A24C requires ordered positive plus eligibility, saturating-truncates with VCVT.U32.F32 and stores only the low UInt16 in event7","Firmware-confirmed complete pinned helper/producer/mode/eligibility/event-consumer/aggregate ranges, sole RMSSD and aggregate call edges, literals and exact operation order. Fourteen production-Thumb RMSSD fixtures pin count guards, constants/simple sequence, +/-150/151, both ceilings, index0 quirk and invalid islands. Fourteen producer fixtures pin signed zero, positive subnormal/fractions, UInt16 wrap, maximum in-range UInt32 Float, saturation/infinity, both NaNs and eligibility rejection. Normal RMSSD is bounded150ms, but exceptional conversion behavior is fully closed","Swift adds Codable mode/calculation/publication results, pure calculateRMSSD with all masks/intermediates/raw bits and publicationDecision with full UInt32/lowUInt16/event bytes. Deterministic parser pins6 ranges/3 branch sets; standalone serialization, production emulator and SDK build pass. Existing consented direct/factory decoders retain RMSSD-ms meaning and HealthKit SDNN exclusion. No raw RR transport, optical acquisition, worker control, live event injection or health persistence is exposed","On owned hardware, correlate callback count, circular-buffer order, resets, eligibility and direct/factory/history values across normal and failure windows; establish physical range and repeat exact static/emulated comparison on another official revision before changing UI or archival policy","High"
R1-166,Health,"Exact HRV circular producer and timed-session reset state machine","Producer4A24C owns208 bytes:100 physical UInt16 slots plus write index+C8, count+CA, nonzero count+CC and callback count+CE. Counts1...9 ignore inputs; later calls inspect at most4 and skip zeros. Before full it writes at index+count modulo100; when full it replaces index then advances. At callback>=60/nonzero>=70 it passes physical slots0...count-1 to RMSSD without circular rotation. Ordinary failure clears/unsubscribes; timed failure clears state but retains subscription/timer; success clears/unsubscribes and timed success stops timer+marks completion","Firmware-confirmed complete producer, reset49E00 and timed-stop49EF4 ranges/branches and control fields. Full production execution pins warmup ignored, callback60 with69 nonzero and no calculation, constant RR yielding zero then reset, and204 post-warmup ramp inserts: physical buffer800...803 then904...999, counters4/100/100/60, RMSSD bits41233141 and event RMSSD10 before full reset. Parser now pins8 ranges/5 branch sets. This exposes a genuine physical-order calculation quirk without inventing raw-RR transport","Swift adds Codable100-slot producer state, session/action/replay result, exact callback insertion/gates/physical-order RMSSD/reset transitions, strict captured-state initializer and health-consent-gated208-byte state/20-byte session decoders that report handle presence without pointer values. Production emulator, standalone serialization and SDK build pass; the focused test source is standalone typechecked and the whole-app simulator build succeeds. No subscription sender, timer control, callback injection, sensor acquisition, memory write or health persistence is exposed","On owned hardware, passively capture callback batches/counts, wrap order, ordinary versus timed failure/retry, timeout, eligibility and direct/factory/history publication across a full window. Repeat on another official revision; do not expose raw worker/session controls","High"
R1-167,Health,"Exact HRV event consumer, rolling hourly cache and latest-point accessor","Consumer8A83E preserves a nonzero timestamp or fills zero, compacts event7 to RMSSD-U16 plus timestamp-U32 and notifies storage metric5. Aggregator5AF60 independently samples destination hour and average-helper hour, updates24 average/max/min UInt16 slots and unaligned latest point. Metric5 rolling state is hour/reserved/count-U16/sum-U32. Minimum zero is an empty sentinel; accessor5AF20 reports latest only for nonzero RMSSD. VCVT count-wrap with nonzero sum storesFFFF, while simultaneous count/sum zero wrap stores0","Firmware-confirmed exact10 function ranges,8 full direct-branch sets,6 SRAM/time literals and exact metric5 descriptor callbacks. Production Thumb execution pins zero/nonzero timestamp paths, same/change-hour averages, mismatched hour-helper calls, zero extrema sequence, both synthetic counter-wrap conversions, latest present/zero-absent behavior, metric5 notification and null aggregate no-op. The modeled160-byte cache maps slots00...8F, signed offset90, latest93...98 and local-day timestamp9C","Swift adds pure Codable consumer/aggregator replay with separate hour inputs, corrected saturating generic average conversion, typed aggregation state/latest semantics, strict consent-gated8-byte accumulator and160-byte cache decoders preserving reserved bytes, and byte-exact stored points. Parser/emulator, standalone serialization and SDK build pass; focused XCTest is authored behind unrelated app actor-isolation errors. No clock read, private notification, event injection, SRAM access, flash/HealthKit write or range claim is exposed","Passively capture event, both local-hour resolutions, accumulator, cache metadata/latest, daily sync and factory values across hour/timezone changes and normal/zero/failure windows on owned hardware. Repeat exact comparison on another official revision before live cache inspection or archival policy changes","High"
R1-168,Health,"Exact HRV daily callbacks, invalid-clock FIFO, packet merge and ACK lifecycle","Reset706BE clears only144 slot bytes then replaces signed offset/day while preserving latest/padding. Read706D8 copies first and returns it for nonzero time status, clock above946080000 or zero average; otherwise it divides signed offset as UInt16, attempts a zero-day/offset enqueue through three clock reads and always redacts. FIFO metadata is3 bytes with24 entries of20 bytes; full overwrites oldest. Merge41638 groups consecutive day/offset records and ACK40BD4 mode1 consumes an oldest timestamp prefix while modes0/2 update the cursor","Firmware-confirmed11 exact ranges,6 complete direct-branch sets and11 RAM/cutoff/callback literals. Production Thumb fixtures pin reset preservation, valid/plausible/zero-average reads, positive enqueue, negative-offset1087-hour bug, both backward-clock drops, stale reserved entry bytes,25th-entry overwrite, cutoff consumption, future skip and repeated-hour overwrite in the day builder. Stock read/write have no index guard","Swift adds bounded Codable daily reset/read/write, explicit three-clock disposition evidence, exact discontiguous queue state/entry decoder, generalized enqueue/overwrite/consume, day-packet merge and mode-specific ACK replay. Captures require health consent and reject malformed metadata/hour indexes. Static parser, production emulator, SDK build and focused XCTest pass in isolated DerivedData. No live SRAM/clock/BLE/sensor/flash/health access or unsafe callback sender is exposed","Passively capture time-status byte, all three clock samples, signed offset, cache and discontiguous FIFO before/after sync ACK on owned hardware across boot/time acquisition, positive/negative zones and backward corrections. Repeat exact comparison on another official revision before any live cache capture feature","High"
R1-169,Health,"Exact SpO2 event storage, daily cache, invalid-clock FIFO and ACK lifecycle","Consumer8A8AE accepts every value >=70 without an upper check, always replaces the timestamp, compacts to value-U8/timestamp-U32 and notifies metric1. Aggregator5BB2C samples destination/average hours independently and maintains24 UInt8 average/max/min slots, an8-byte accumulator and5-byte latest point. The84-byte cache maps slots00...47, signed offset48, reserved4A, latest4B...4F and day50. Reset90DD4 preserves4A...4F. Invalid-clock read90DF0 repeats the unsigned-offset and three-clock redaction path. The24-by16-byte FIFO retains bytes3/15, overwrites oldest, merges repeated hours and prefix-consumes; ACK43EB0 samples clock before every mode including1","Firmware-confirmed15 exact ranges,10 complete branch sets,15 RAM/time/callback literals and metric1 descriptor callbacks. Fourteen top-level production-Thumb cases pin accepted98, consumer-only101, rejected69, forced timestamp, two hour calls, reset preservation, valid/plausible/zero reads, negative-offset1087-hour bug, both rollback drops, queued redaction, retained bytes,25th overwrite, cutoff consume and repeated-hour merge. Stock daily read/write have no index guard","Swift adds pure Codable consumer/aggregator/cache replay, bounded daily reset/read/write with explicit clock dispositions, exact discontiguous queue/entry models, overwrite/consume/day merge and metric-specific ACK replay. Health-consent-gated8/84-byte and3+384-byte capture decoders reject malformed metadata/hour indexes while retaining unknown bytes. Static parser, production emulator, SDK build and focused isolated XCTest pass. No live SRAM/clock/BLE/sensor/flash/health access or unsafe callback sender is exposed","Passively capture adjusted producer result, event, forced timestamp, both local-hour calls, accumulator/cache/time-status/FIFO and ACK on owned hardware across hour/timezone/boot-clock changes and normal/failure cases. Treat >100 only as a consumer-boundary fixture; compare another official revision before live cache inspection or archival changes","High"
R1-170,Health,"Exact HR event storage, daily cache, invalid-clock FIFO and ACK lifecycle","Consumer8A80A accepts40...220, preserves a nonzero timestamp or fills zero, compacts value-U8/timestamp-U32 and notifies metric0. Aggregator5AD90 samples destination/average hours independently and maintains24 UInt8 average/max/min slots, an8-byte accumulator and5-byte latest point. The84-byte cache at2001654C maps slots00...47, signed offset48, reserved4A, latest4B...4F and day50. Reset7062C preserves4A...4F. Invalid-clock read70648 repeats the unsigned-offset and three-clock redaction path. Its distinct24-by16-byte FIFO at20006798/2001576C retains bytes3/15, overwrites oldest, merges repeated hours and prefix-consumes; ACK3FCEC samples clock before every mode including1","Firmware-confirmed15 exact ranges,10 complete branch sets,15 RAM/time/callback literals and metric0 descriptor callbacks. Fifteen top-level production-Thumb cases pin zero-timestamp fill, nonzero preservation,40/220 acceptance,39/221 rejection, independent hour calls, reset preservation, valid/plausible/zero reads, negative-offset1087-hour bug, both rollback drops, queued redaction, retained bytes,25th overwrite, cutoff consume and repeated-hour merge. Stock daily read/write have no index guard","Swift adds pure Codable metric-specific consumer/aggregator/cache replay, bounded daily reset/read/write with explicit clock dispositions and ACK replay; only the byte-identical already-bounded UInt8 queue/packet representation is shared with SpO2. Health-consent-gated8/84-byte and3+384-byte capture decoders reject malformed metadata/hour indexes and retain unknown bytes. Static parser, production emulator, SDK build and focused isolated XCTest pass. No live SRAM/clock/BLE/sensor/flash/health access or unsafe callback sender is exposed","Passively capture producer event, timestamp provenance, both local-hour calls, accumulator/cache/time-status/FIFO and ACK on owned hardware across hour/timezone/boot-clock changes,40/220 edges and failures. Compare another official revision before live cache inspection or archival changes","High"
R1-171,Health,"Exact hidden temperature event cache and one-clock daily redaction","Consumer8A8FC accepts published UInt16 raw250...500, always replaces timestamp and stores low-byte-plus6, algebraically published-minus250. Aggregator5BE7C independently samples destination/average hours and stores offset-domain average/max/min,8-byte metric2 accumulator and5-byte latest point in84-byte cache200165F4. Reset918DE preserves4A...4F. Read91918 returns valid/plausible/zero-average slots but under invalid early clock calls time once and zeros nonzero data. No storage notification/latest accessor/FIFO/merge/ACK or event14 phone route exists","Firmware-confirmed7 exact ranges,4 complete branch sets,4 cache/cutoff literals and metric2 descriptor callbacks. Ten production-Thumb cases pin250/365/500 acceptance,249/501 rejection, forced timestamp, offset conversion, independent hours, zero-sentinel behavior, reset preservation and all read branches. Stock daily read/write have no index guard","Swift adds pure Codable offset-domain consumer/aggregate/cache and bounded daily reset/read/write replay plus health-consent-gated8/84-byte capture decoders. Static parser, production emulator and focused isolated XCTest pass. No transport, queue, ACK, live SRAM/clock/BLE/sensor/flash/health access or physical-unit claim is invented","Capture synchronized algorithm event, firmware timestamp, both hour calls, accumulator/cache and daily reads on a legitimate owned/instrumented build; correlate physical channels/scale and compare another official revision for newly routed storage before any bridge","High"
R1-172,Health,"Exact dormant stress cache, plain daily callbacks and HRV memory collision","Consumer8A8D8 accepts0...100, forces timestamp and compacts value-U8/timestamp-U32 into aggregator5BCEC. Metric3 uses accumulator20016660, two hour calls and84-byte cache20016670 with UInt8 aggregates/latest. That cache start exactly aliases active HRV metric5 accumulator20016670. Reset91124 preserves4A...4F; read9113E/write91158 are unconditional3-byte copies with no clock/redaction. No notification/latest accessor/FIFO/merge/ACK/event14 route or auto-sync trigger exists","Firmware-confirmed7 exact ranges,4 complete branch sets,3 cache literals and metric3 descriptor. Seven production-Thumb cases pin0/50/100 acceptance,101 rejection, forced timestamp, hour split, zero sentinel, reset and plain read. Static graph/literals prove the HRV collision and routing absences; stock callbacks lack index bounds","Swift adds pure Codable consumer/aggregate/cache and bounded daily replay plus health-consent-gated8/84-byte capture decoders. Static parser, production emulator and focused isolated XCTest pass. No control sender, transport, live SRAM/clock/BLE/sensor/flash/health access or stress interpretation is exposed; the HRV alias is an explicit compatibility hazard","Recover a legitimate mutual-exclusion rule or corrected official revision before any activation. Then capture synchronized stress/HRV accumulator/cache mutation on sacrificial or instrumented hardware and establish GoMore inputs, semantics, authorization, cancellation, power and accuracy","High"
R1-173,Health,"Exact activity delta cache, 144-entry offline FIFO and three-source daily sync","Event000B carries all-kcal/active-kcal/steps/duration/timestamp; accumulator5AA14 selects the local ten-minute bucket for timestamp-minus-duration, logs but does not split a crossing, and packs steps[11:0], active-kcal[21:12], all-kcal[31:22] with independent wrap. Cache200166C4 has144 packed words plus signed offset/reserved/day. Reset48288 preserves the reserved UInt16. Invalid-clock read482A8 reproduces the unsigned-offset bug, per-nonzero-word clock/enqueue path and forced redaction. FIFO200067A8/20015A6C has144 entries of16 bytes with one retained byte, oldest overwrite, repeated-bucket last-wins merge and prefix ACK consumption. Sync8BAEC combines a three-day flash window, FIFO and current RAM through a49C-byte builder; ACK3C0D8 modes0/2 update cursor and mode1 consumes FIFO","Firmware-confirmed17 exact ranges,11 complete branch sets,17 RAM/callback/cutoff literals and metric4 descriptor. Twelve production-Thumb cases pin crossed-bucket selection, independent wrap, reset preservation, valid/plausible/negative-offset/backward-clock reads, per-word queue clocks, retained byte,145th overwrite, prefix consume and repeated-bucket merge. Stock daily callbacks lack index bounds","Swift adds strict12-byte delta and584-byte cache models, pure bounded accumulator/reset/read/write, exact144-by16-byte FIFO enqueue/overwrite/consume/day merge, seven-byte packet encoding and mode-specific ACK replay. Cache/FIFO capture requires health consent and retains the app-ignored active-kcal field while bytes5...6 remain all-kcal. Static parser/emulator and focused isolated XCTest pass. No private publisher, live SRAM/clock/BLE/sensor/flash/health access or calorie-unit reinterpretation is exposed","Capture synchronized event fields, both bucket resolutions, cache metadata, every per-word clock sample, FIFO, flash/offline/RAM packet order and ACK across bucket/hour/day/timezone boundaries, negative offsets, rollback and overflow on owned hardware. Confirm active-kcal versus all-kcal semantics and compare another official revision before archival/UI changes","High"
R1-174,Health,"Exact public activity daily route and all-day accumulator refresh","Registered0501 handler immediately returns an empty status-zero type2 response with the request serial then emits event000E [4,1,serial,search-residue9] to daily sync8BAEC. Registered0502 emits no response and event000E [4,0,serial,search-residue7]; consumer8BA48 discards that serial, publishes system1009 and reaches accumulator49068/internal event000B. The fourth word is inherited from dispatcher binary-search r3, not caller context, and the consumer ignores it. A complete sender audit finds no reachable direct0502 response. Both handlers ignore request status bits0/1. The separate cross-version all-day response parser requires14 bytes and includes its own context/timestamp/steps/reserved/all-kcal fields","Firmware-confirmed dispatcher/search provenance plus9 exact route ranges, complete branch sets, both registrations and sole aligned MOVW0502 negative evidence. Production-Thumb cases pin daily response/event, all-day event/no response, both ignored status bits and unrelated flag bits; static and emulated evidence agree","Swift adds production-exact pure route/consume evidence with fixed residues9/7 and rejects arbitrary legacy context, firmware-gated no-response transport for activity/0x02 on application2.2.6.0009, normal response discovery on unknown versions, strict14-byte all-day response decoding and lossless reserved/trailing/all-kcal retention. Static parsers, production handler emulator, workspace build and focused XCTest pass. No private event, BLE response spoofing, live SRAM/clock/sensor/flash/health access is exposed","Passively observe the all-day command, residue, accumulator delta, automatic-sync cooldown and any later notification on an owned ring; repeat sender audit/capture on another official revision. Keep version gate until an alternate route is proven and do not present refresh success as returned current totals","Medium"
R1-175,Health,"Exact cumulative-activity producer, refresh state and calorie-field order","State20006EBC is24 bytes: window/grace bytes, reserved UInt16, grace timestamp, baseline/current steps UInt32 plus all-kcal and active-kcal UInt16. Periodic48E68 replaces current, cleans at exact local midnight and emits only at window remainders595...599; refresh49068 uses current and can emit at0...599. Both rebase rollback; periodic sets the suppression byte, refresh preserves it. Sleep-result status1 or wear-fusion state0 rebases; wear state2 is eligible; state1 waits through elapsed900 and rebases at901. Event000B is all/active/step-low16/duration/time. Packed storage is steps/active/all and first-party daily parsing skips active but reads all","Firmware-confirmed7 exact ranges,5 complete branch sets,5 state literals and subscriber/event/cache/first-party cross-evidence. Thirteen production-Thumb sequences pin early/tail/repeat, refresh, rollback, midnight, low16 steps, grace0/900/901, unavailable and pending-delta behavior with reserved/flag preservation","Swift adds pure periodic/refresh/pending replay, typed counters/transitions, exact24-byte consent-gated state decoding, corrected event/cache/FlashDB/daily-item field names and lossless active/all archive keys. Static parser, both production emulators, Swift parse and focused XCTest pass. No live state reader, publisher, clock, algorithm, BLE, sensor, flash or health-store access is exposed","Passively capture cumulative input,24-byte state and event11 around seconds594...599, explicit refresh at varied remainders, local midnight, sleep-result/wear-fusion transitions, rollback and UInt32 step growth on owned hardware. Validate active/all calorie accuracy and compare another official revision before product semantics","High"
R1-176,Health,"Exact higher wear-fusion state, health eligibility and public mapping","State2001E454 is41 bytes: five UInt32 IR slots/count, reserved bytes, previous history-last, living status/tick, internal state, policy, charge and low-IR/table counters. Internal0 is not worn,1 suspected worn,2 living-confirmed worn; only exact2 is health-eligible. Wear-on requires latest IR>9050000 plus prior-missing/range>=100000, or any motion variance>2000. Living status resolves inside inclusive800h ticks; five IR<9050000 or60 strict stationary-table decisions reject outside it, with sleep status1 preserving state1. Notification maps all nonzero states to worn, while explicit query anomalously maps state2 to unknown","Firmware-confirmed20 exact ranges,11 complete direct-branch sets and state/accessor/callback literals. Twelve production-Thumb fixture groups pin strict IR/motion/gravity/variance boundaries, living confirmation/rejection, five/60 counters, sleep preservation, state2 health eligibility, boolean normalization and distinct explicit-query/notification mappings","Swift adds a lossless consent-gated41-byte decoder, bounded ADT history update, living callback update, pure fusion transition replay, exact health-eligibility helper and source-distinct public mappings. Static parser, production emulator, Swift parse and focused isolated XCTest pass. No live SRAM, optical/living subscription, clock, sensor, BLE, charge control or health-store access is exposed","Passively capture synchronized41-byte state, local wear-runtime bytes, ADT, motion, living callback, sleep-result status, charge and both public query/notification results on an owned ring. Establish tick duration and physical units, then compare another official revision before reconciling the first-party query anomaly in product UI","High"
R1-177,Health,"Exact wear runtime, charge timers and sleep-result living bridge","Runtime20006E94 is32 bytes: wearled/sleep/sleep-living/reserved bytes plus opaque acc,adt,wear,ADT-7s,charge-60s,raw_hr and raw_hr-3s handles. Wearled0 starts ADT while not charging; wearled1/charge1/timeout stops it and clears history count/previous. Charge1 reports not-worn without rewriting internal wear state; the fallback clears only when normalized hardware charge is0, where raw10/11/12 map1 and13 maps2. Sleep bridge20006ED4 is12 bytes: status/mode5/reserved plus delayed-history and five-second vivo timers. Status0-to1 probes unless wear state2; timeout at state0 forces awake/final result and schedules event000E [6,1,0,0,context] after3s","Firmware-confirmed18 exact ranges,11 complete direct-branch sets,34 state/callback literals and10 exact topic strings. Nine production-Thumb fixture groups pin ADT start/stop, sleep confirmation reset, charge entry/normalization/zero-clear, status publications, confirmed-state skip, mode5/timer rollback, forced-awake finalization and delayed history payload","Swift adds lossless consent-gated32/12-byte decoders and pure caller-supplied-handle replay for initialization, wearled, ADT, living callback, sleep confirmation, charge and both sleep timers. Static parser, production emulator, Swift parse and isolated SDK build pass; the focused test source is standalone typechecked and the whole-app simulator build succeeds. No live subscription, timer, GoMore authorization, private event, charge/sleep mutation, SRAM, BLE, sensor or health-store access is exposed","Passively capture both state blocks, every topic callback/handle/timer, lower charge raw and normalized status, internal/public wear, mode5 result, sleep shutdown/final result and delayed history context on owned hardware. Establish timer semantics and repeat on another official revision before any source-aware product reconciliation","High"
R1-178,Health,"Exact final-sleep validation, low-power finalization and GoMore lifecycle publication","Predicate4A3E8 drops every compact sleep result when runtime living-confirmation is0 and drops exact type1 only when UInt16 compact-stage count at+1E is0. Publisher4A704 emits accepted header-plus-one-byte-stage records on event000D and frees resolved records after either decision; its UInt16 32+count length wraps. Low-power4A5BC acts only on bridge status1, clears it, shuts sleep down, requests finalization and directly emits event000C [0] while preserving other bridge fields. GoMore consumer6C294 gives lifecycle bit02 period-on precedence over bit04 period-off, nests final bit08 under off and toggles PPG authorization mode4 from current signed request+62 versus previous low bit+40","Firmware-confirmed5 exact ranges,6 complete direct-branch sets,11 literals and8 diagnostic strings. Eight production-Thumb fixture groups pin living/type/count predicate boundaries, accepted/drop frees,34-byte publication,65504-count zero-length wrap, exact low-power mutation/return, period precedence, final nesting and both PPG toggle directions","Swift adds consent-gated stock-versus-bounded publication inspection, rejecting wrap, captures beyond the 2880-byte production builder workspace and truncation; pure low-power and lifecycle replay reuse the exact bridge/flag types. Static parser, production emulator, Swift parse, public-API typecheck, isolated SDK build and whole-workspace simulator tests pass. No live finalization, private event, GoMore authorization, timer, SRAM, BLE, sensor, flash or health-store access is exposed","Passively capture compact final records, living byte, event13 length and freeing lifecycle plus bridge low-power transition and GoMore output bytes on owned hardware. Compare another official revision before productizing any captured sleep inspection","High"
R1-179,Health,"Exact validated-sleep duration gate, private storage fallback and automatic-sync trigger","Event000D first reaches8DD90, which computes wrapping UInt32 end-minus-start and drops only values below3600; exactly3600 and corrupt backwards time pass. It emits private storage event2000 with wrapping UInt16 32+compact-count; enqueue failure directly calls storage consumer8DC94. That consumer rejects null, calls append5B890 and reaches common sync gate8B138 with raw6 only after nonzero append. Appender requires initialized flag200067B4, accepts through3888 bytes, attempts twice, uses rollover when no writable sector and calls private reset5B2F8 after two failures","Firmware-confirmed3 exact ranges,8 complete direct-branch sets,7 literals and9 diagnostic strings. Nine production-Thumb fixture groups pin3599/3600, backwards time, event2000, queue fallback, null/fail/success append, sync argument6 and both zero-length wraps without executing the flash writer/reset","Swift adds consent-gated pure initial-delivery and second-stage storage plans with stock versus bounded capture disposition, explicit backwards-time flag, caller-supplied append/phone/clock outcomes and exact five-leg batch selection. Static parser, production emulator, Swift parse, public-API typecheck, isolated SDK build and whole-workspace simulator tests pass. No live event, append, rollover, reset, flash, clock, connection, BLE, sensor, SRAM or health-store access is exposed","Passively capture event13-to2000 dispatch, duration and compact count, enqueue return, append result, shared sync timestamp and serial-zero batch on owned hardware. Verify power-loss/rollover only on sacrificial hardware with recovery and compare another official revision","High"
R1-180,Storage,"Exact sleep.db append retry, rollover and reset planner","Appender5B890 requires initialized byte200067B4, a nonnull record and length at most3888 inclusive. Each of at most two attempts calls finder8FE28; only FFFFFFFF invokes rollover8FC6C. Writer8FE98 receives low8(selected sector) in r0, record pointer in r1 and length in r2. Any nonzero writer result returns1 immediately; two zero results call private reset wrapper5B2F8 and return0","Firmware-confirmed exact append SHA range,5 complete direct-branch sets,3 literals and4 diagnostics. Eight isolated production-Thumb groups pin all guards,3888/3889 boundary, direct/rollover first success, second success and both two-failure reset paths. Finder, rollover, writer, logging and reset are intercepted, so no effectful implementation executes","Swift adds a pure Codable planner with exact attempt traces, raw and low-byte sector results, stock return and reset-request outcome; missing path evidence yields no plan. Static parser, production emulator, Swift parse and isolated SDK build pass. Focused XCTest covers constants, guards, retry, rollover, reset, low-byte truncation and round-trip; the focused test source is standalone typechecked and the whole-app simulator build succeeds. No live event, flash, selector, writer, reset, BLE, sensor, SRAM or health-store access is exposed","Passively instrument finder/rollover/writer results on owned sacrificial hardware, including full sectors, both write failures and power-loss boundaries, only with a proven backup/recovery path. Compare another signed official revision before relying on sector policy; never expose reset or append as a phone command","Critical"
R1-181,Storage,"Exact sleep.db writable-sector, rollover-victim and close-sequence policy","Count8FE14 is low8(partition-length>>12), yielding2. Finder8FE28 returns the first header with erased word0, or erased word1 plus erased sequence, or full-word0 plus mismatched word1; otherwise FFFFFFFF. Rollover8FC6C selects the strict lowest non-erased sequence, first on ties, falls back to0 when all erased, ignores state words and requests a4096-byte erase. Closer901E4 writes CCFFAABB/66889977/(minimum non-erased sequence+1 or1)/0 and succeeds only when writer returns0","Firmware-confirmed4 exact ranges,4 complete direct-branch sets,8 literals and6 exact diagnostics. Twelve isolated production-Thumb groups pin every finder predicate/no-match and read short-circuit, strict minimum/tie/all-erased rollover, exact erase address/length, first/minimum-not-maximum close sequence, exact16-byte header and both writer returns. All partition callbacks are intercepted and fixture bytes stay unchanged","Swift adds pure Codable raw-header inputs, first-match finder decisions and non-mutating rollover/close plans with raw results, offsets, exact header bytes and destructive-production flags. Static parser, production emulator, Swift parse and isolated SDK build pass; focused XCTest covers constants, all predicates, tie/fallback/minimum semantics, encoded header, result polarity, bounds and round-trip; the focused test source is standalone typechecked and the whole-app simulator build succeeds. No live partition, read/write/erase/close, BLE, sensor, SRAM or health-store access is exposed","Passively capture both sector headers and helper results across first use, eighth record, body exhaustion, rollover and power loss only on owned sacrificial hardware with byte-for-byte backups and a proven recovery path. Test interrupted headers without inducing them on a primary ring, compare another signed revision, and never expose erase/close as phone commands","Critical"
R1-182,Storage,"Exact sleep.db record placement, body/header transaction and final-slot close","Writer8FE98 aligns (length+3)&FFFC, scans8 headers, requires both copied timestamps erased, starts bodies atD0 and otherwise chains prior offset+length. All occupied returns0 without close; capacity requests close and returns0. It writes aligned body first, then20 header bytes: length@0,offset@2,reservedFFFF@4,UTC@6,start@8,end@12,reservedFFFF@16,CRC16/MODBUS@18; sync marker@20 stays erased. Slots0...6 return1; slot7 returns closer result","Firmware-confirmed exact SHA-pinned writer range,3 complete direct-branch sets,3 literals and7 diagnostics. Eleven isolated production-Thumb groups pin first/later placement, asymmetric timestamp occupancy, all-full/capacity exits, body/header failures, exact headers/CRC,3888/3889 boundaries and both final-close returns. All partition/close callbacks are intercepted, CRC uses the tested reference and fixture bytes remain unchanged","Swift adds a pure Codable record-writer replay with exact offsets,20-byte header, transaction disposition, raw outcomes, stock return, orphaned-body flag and destructive-production classification. The physical capture decoder reads UTC at+6 and retains reserved/sync bytes. Static parser, production emulator, Swift parse and isolated SDK build pass; focused XCTest covers constants, guards, placement, failures, final-slot outcomes, boundaries and round-trip. No live partition, read/write/close, BLE, sensor, SRAM or health-store access is exposed","Passively capture headers and bodies across first/later/eighth records, full/capacity boundaries and power loss only on owned sacrificial hardware with byte-for-byte backups and recovery. Validate orphan cleanup and final-close failure without inducing either on a primary ring; compare another signed revision before relying on transaction semantics","Critical"
R1-183,Storage,"Exact sleep.db initialization, record count and destructive full-reset policy","Init5B0F8 stores partition/device handles then sets initialized byte1; partition failure clears only partition and preserves prior initialized/device, while device failure clears both handles but preserves initialized. Counter5B32C scans2x8 headers and stops each sector when either timestamp is erased, unlike writer vacancy. Reset5B2F8 erases low8(length>>12) sectors of4096 bytes and ignores results. Delete-all5B23C resets only for nonzero count","Firmware-confirmed4 exact SHA-pinned ranges,4 complete direct-branch sets,7 literals and7 diagnostics. Eleven isolated production-Thumb groups pin success/both initialization failures with stale state, empty/split/asymmetric/full counts, successful/failed erase callbacks and empty/nonempty delete-all. All lookup/read/erase/log callbacks are intercepted, failure results do not alter requests and fixture bytes remain unchanged","Swift adds pure Codable initialization transitions, per-sector count/read traces, low-byte sector-count and explicitly destructive full-reset/delete-all plans. Static parsers, production emulator, Swift parse and isolated SDK build pass; focused XCTest covers all state edges, count termination/offsets,16-record maximum,1MiB low-byte wrap, erase plans and round-trip. Broad physical-summary header offsets were corrected to reserved@4/UTC@6. No live handle/partition/read/write/erase/reset, BLE, sensor, SRAM or health-store access is exposed","Passively capture runtime state and count across boot, missing-device fault injection, torn headers and full sectors only on owned sacrificial hardware. Observe erase results with a recoverable test backend before trusting error handling; never invoke full reset/delete-all on a primary ring or expose either as a phone command","Critical"
R1-184,Storage,"Exact sleep.db iterator, callback ABI and unsafe synchronization-marker commit","Iterator5B39C allocates232 bytes, scans2x8 headers, stops each sector when either timestamp is erased, skips marker11223344 for any nonzero flag, ignores header/body read results, skips lengths above232, aborts with event2002/return0 on CRC failure, and treats callback0 as early-success return1. Its8-byte callback metadata is sync bool/3 zero/header absolute address. Marker5B6F4 processes low8(byteCount/12), ignores partial tails/read results, compares only copied start/end, writes marker at arbitrary address+20 and continues after failure without retry","Firmware-confirmed2 exact SHA-pinned ranges,2 complete caller sets,8 literals and12 diagnostics. Seventeen isolated production-Thumb groups pin null/allocation/empty, include/skip, oversize continuation, CRC abort/event, callback stop, asymmetric termination, ignored nonzero reads, null/zero/partial marker batches, mismatch, failed-write continuation,256-context wrap and arbitrary address acceptance. Allocation/free/read/write/CRC/event/callback/log effects are intercepted and fixture bytes remain unchanged","Swift adds consent-gated pure iterator inputs/traces/plans, exact8-byte callback metadata, CRC/event and callback-return outcomes, plus a production marker replay preserving tail/count-wrap/arbitrary-address/failure behavior. The existing strict partition/slot reconciler remains the app-facing path. Static parser,17-case production emulator, Python compile, Swift parse and isolated dual-architecture SDK build pass; focused XCTest covers every policy edge and Codable round-trip. No live partition, private event, marker write, BLE, sensor, SRAM or health-store access is exposed","Passively capture iterator headers/bodies/callback metadata and ACK marker outcomes on owned hardware with explicit health consent. Correlate nonzero read errors, oversize/corrupt records and failed marker writes only through a recoverable instrumented backend; never feed arbitrary marker contexts or expose the unsafe writer as a phone command. Compare another signed revision","Critical"
R1-185,System,"Exact registered system-0x83 empty-success compatibility response","The complete20-byte handler84860 reads only the unaligned UInt16 request serial at+3, performs no local request-length check, ignores every other request byte and extra handler argument, and calls response helper8287C with identifier0083/type1/status0/no payload. Serial1234 produces exact8-byte logical header0301008334120000; the identifier bytes are0083 and the serial is little-endian. No state, event, sensor, storage or additional call path exists","Firmware-confirmed exact handler SHA8fca7ef3 and20-entry system-table SHA57bebd79, registration bytes8300000061480800 at9A564, complete response-helper caller set and no direct handler calls. Three isolated production-Thumb fixtures pin zero/1234/FFFF serials, ignored request bytes/arguments, exact headers, null payload pointer and zero length with final transport intercepted","Swift adds a pure Codable version-pinned response plan plus safe request replay requiring at least5 captured bytes; it deliberately exposes no live command descriptor or sender. Static parser, production emulator and Python compile pass; focused XCTest covers constants, three serial boundaries, truncation rejection, compatibility aliases, no-effect flags and Codable round-trip","Passively confirm the header on an owned ring or first-party trace and compare signed revisions. Do not infer a hidden control from registration alone or expose a live action unless a later official image gives the command a stateful semantic","Medium"
R1-186,System,"Exact system-0x7F delayed no-op heartbeat contract","The complete28-byte handler84130 ignores request pointer/flags/payload/serial, cancels every pending event matching Thumb callback4D2F1 with context filter0, then schedules the same callback with incoming transport/session context after raw7800=30720ms. Callback4D2F0 is exactly bx-lr and ignores context. Neither immediate handler nor delayed callback emits protocol traffic, so the registered heartbeatPack is not a liveness signal","Firmware-confirmed handler SHA52ea047b, callback SHAc7dfbb7d, system-table SHA57bebd79 and registration bytes7F00000031410800 at9A554. Static branch audit pins cancel call84138, schedule tail-call84148 and absence of all response helpers. Four isolated production-Thumb groups pin zero/ordinary/FFFFFFFF contexts, ignored request arguments and callback no-effect behavior with queue helpers intercepted","Swift adds a pure Codable cancel/schedule plan and marks exact-version0x7F registered-no-operation so existing snapshot/generic-send gates reject it instead of timing out. Connection liveness remains based on link state, routine status traffic and standard battery reads. Static parser, production emulator and focused XCTest cover constants, status, no-response/no-effect classification and Codable round-trip","Passively observe any0x7F traffic on owned rings and compare later signed revisions. Do not use this route as a watchdog or connection-health signal unless a different firmware proves a real response/callback effect","High"
R1-187,System,"Exact destructive system-0x82 remove-ring pairing-metadata route","Handler844B0 returns only when declared UInt16 frame length at request+8 equals12. Every other value, including0, is accepted without a minimum or payload-content read. It emits exact empty-success header03010082SSSS0000 first, clears dev_info flag04 and synchronously stores a full snapshot, then supplies the same six FF bytes to both peer setters, forces CAMH and synchronously stores a second snapshot. Setter/store results are ignored","Firmware-confirmed handler SHAf8b2bef3, payload-helper SHA1f018194, flag-setter SHA18434d69, peer-setter SHA6dc2ff34 and registration bytes82000000B1440800 at9A55C. Complete direct-branch sets pin all four routines and the two-store sequence. Three isolated production-Thumb cases prove length12 no-action, length13 destructive, and malformed length0 destructive behavior; the real response builder runs while final transport and both persistent setters are intercepted","Swift reclassifies removeRingNotification from readOnly to destructive, so the public read facade and final transport gate reject it. A pure identity-consent-gated Codable replay exposes exact response plus intermediate/final caller-supplied 52-byte dev_info states and no live sender. Static parser, production emulator, Python compile, Swift parse, focused tests, standalone test typecheck and isolated SDK build cover the boundary without BLE, KV, flash or pairing mutation","Passively capture official remove/unpair traffic and both KV snapshots only on an owned sacrificial ring with identity-data consent and recovery. Confirm dispatcher-level minimum length, response-before-write behavior and store-failure handling on instrumented storage; compare another signed revision. Never expose this coordinate as a read probe or generic sender","Critical"
R1-188,Protocol,"Exact system-0x7E pending-callback acknowledgement resolver","Wrapper842CC treats only declared frame length12 as no payload; every other UInt16 reaches a fixed six-byte read without a minimum check. Module/command/subcommand at payload0/1/2 and sequence UInt16LE at4 key a 32-entry table at20019EF4 with20-byte stride. Resolver83028 scans index0-first under lock, consumes only the first exact active match by clearing active/callback/context, unlocks, then invokes a nonnull callback with saved context. Null callbacks still consume; keys/tail and later duplicates remain; no protocol response is emitted","Firmware-confirmed wrapper SHAc12d71da, resolver SHAc9255dbf, payload-helper SHA1f018194, registration bytes7E000000CD420800 at9A54C and table literal F49E0120 at830A4. Complete direct-branch sets pin the sole resolver call and all payload/lock helpers. Five isolated production-Thumb groups prove header-only no-action, no-match, last-slot match, first duplicate only, post-unlock callback, null-callback consumption and declared length13 still reading six backed bytes","Swift adds a bounded pure Codable 32-slot transition replay that preserves the firmware defect as declared-length evidence but requires six actual backing bytes. The observed ten-byte phone encoder remains live only for eligible unsolicited-health notifications after matched-response and acknowledgment-loop filtering; generic public read cannot send acknowledgment descriptors. Static parser, production emulator, Python compile, Swift parse, focused XCTest and isolated SDK build cover the contract without BLE, live callbacks, sensors or storage","Passively correlate ring callback registration/removal with phone ACKs across HR, SpO2, HRV, activity and sleep on owned hardware. Capture duplicate/time-out races, sequence wrap and short/malformed declarations only with an instrumented nonproduction transport; compare another signed revision before generalizing table size or tail meaning","High"
R1-189,Identity,"Exact production deviceInfo and deviceSn response constructors","Handler83D5C formats compiled application2.2.6.0009 and hardware603MV1.9.3 strings into two consecutive16-byte slots and sends an exact32-byte response through the current EUS session. Handler83DB0 requests the persisted product serial with a null length pointer, returns exactly15 bytes with no NUL requirement, fills all15 bytes with FF when unavailable, and uses the incoming session","Firmware-confirmed handler SHAs ca488bc5 and8450589e, response-wrapper SHA5042d1ee, serial-getter SHAe0798f9c, and registrations020000005D3D0800 at9A4D4 plus10000000B13D0800 at9A534. Static call/literal checks pin both format calls, source strings, session differences and fixed lengths. Three isolated production-Thumb groups prove exact device-info bytes, a synthetic15-byte serial and the15-byte FF sentinel with final transport/storage intercepted","Swift corrects production decoding to exact32-byte two-16-slot identity while retaining broader64-byte compatibility, accepts exact15-byte and broader30-byte serial responses, maps all-FF to unavailable, and adds pure Codable response plans. Serial replay requires explicit identity-data consent; no live storage read, real identifier fixture, BLE, sensor, flash or health-store access is exposed","Passively confirm redacted response lengths, slot padding/termination and session behavior on an owned ring with explicit identity consent. Compare later signed revisions before assigning the broader controller shape, and preserve redaction for serial values in capture/export/logging","Medium"
R1-190,Status,"Exact requested/unsolicited device and wear status constructors plus phone/G2 fan-out","Requested deviceStatus emits percent,state,0100,000000 with full3 overriding charging1/not-charging2; unsolicited emits percent,charging1-or2,0000,000000. Requested headers are type03 with echoed serial; notifications type02/serial0. Explicit wear query reads state once when zero but twice otherwise: first0 maps1, first-nonzero plus second1 maps2, else0. Unsolicited wear maps zero1/nonzero2, sends phone first, then independently relays00098C00 plus nonzero boolean to glasses","Firmware-confirmed9 exact SHA-pinned ranges, registrations01000000E53D0800 at9A4CC and03000000254B0800 at9A4DC, requested template0002010000000000 at9A4C4, state literals2001E454 and complete response/accessor/fan-out branch sets. Eleven isolated production-Thumb groups pin all charge states and precedence, both producer tails/types, wear zero/confirmed/race mappings, exact headers, phone-before-glasses order and independent FFFF session suppression with both transports intercepted","Swift adds pure Codable exact status plans retaining constructed payloads when transport is suppressed, conditional wear sample history and optional five-byte glasses frame. Existing decoders identify producer bytes and preserve all raw tails; public reads remain normal catalogued status reads while no unsolicited or low-level glasses sender is exposed. Static parser, production emulator, Python compile and Swift parse cover the contract without BLE, live SRAM/storage, sensors or health stores","Passively capture requested/unsolicited status and synchronized phone/G2 wear traffic across full/charging transitions, internal states0/1/2, state changes between query samples and either session disconnect on an owned ring. Compare another signed revision before reconciling the query anomaly or depending on the private glasses frame","High"
R1-191,Connection,"Exact pairAuth role/security event and two-target advStart routing","PairAuth842EC returns silently only for declared length12; every other UInt16 reaches request+12 without a backing-length guard. Byte1 requests phone-role assignment, queues event2 payload01 and returns one zero byte; invalid/same/conflicting phone and glasses-role fatal outcomes are distinct. Its consumer cancels timers and either calls pm_conn_secure(session,0) with delayed context1 or schedules already-encrypted context0 follow-ups. AdvStart83D04 rejects declared lengths12...23, accepts >=24 and wrapped0...11, emits status before queuing event0200 through the current EUS session, and consumes two six-byte targets. Its consumer stores both, disconnects a connected glasses peer matching neither, otherwise selects fast advertising when either role is absent and stop when both are present. Target0/1 persist at dev_info offsets8/14; firmware assigns no right/left label and no phone address enters these slots","Firmware-confirmed10 exact SHA-pinned ranges including pairAuth bf7918d4,role setter51bdbf64,event consumer084b42ae,advStart435f5023,target storeb25b8d7a and persistent setter6dc2ff34; registrations08000000ED420800 at9A4FC and0A000000053D0800 at9A50C; complete persistent-setter callers prove one two-target store plus connection-reset/remove-ring erase paths. Eleven isolated production-Thumb groups pin header-only,nonphone,assignment,malformed,older-six-byte rejection,exact-two-target success and allocation/queue failure behavior with all effects intercepted. Android2.2.0's one reversed right MAC and outer-length23 trace prove revision incompatibility","Swift adds pure Codable handler/consumer/security/timer/advertising plans,labels protected KV target0/1 aliases without logging values,and corrects live preflight to a12-byte right-plus-left payload,duplicating right when left is unavailable. No low-level role,security,timer,disconnect,persistence,advertising,malformed-frame or event sender is exposed. Static parser,production emulator,Swift parse,SDK build and focused typecheck pass without BLE,Peer Manager,live memory,storage or hardware effects","Passively capture unbonded/bonded/already-encrypted/conflicting-session startup and exact right/left target handling plus protected dev_info retention on an owned2.2.6.0009 ring; compare older six-byte and another signed revision. Instrument allocation/queue failures only in a recoverable nonproduction backend; never send malformed declarations or trigger the glasses-role fatal branch on a primary ring","Critical"
R1-192,Connection,"Exact systemTime handler and phone-mediated user-profile/NV follow-ups","Complete handler846DC...847BC cancels delayed callback84C83 before payload inspection. Declared length12 alone returns; every other UInt16 reads six timezone/timestamp bytes without a backing guard, while Android2.2.0 officially supplies12 bytes with a six-zero tail. Accepted order is internal event0003, echoed-serial ACK, serial-zero userInfo request, NV-state classification, then one current-EUS follow-up: raw00/FF requests a phone backup or any other value reports a121-byte nested record containing the116-byte identity/calibration body. The event publisher result is ignored","Firmware-confirmed11 exact SHA-pinned ranges including full handler22a7633d, payload1f018194, cancellation75633aa4, event publisherdda68ce9, NV classifieradd7cc3f, request166e7c2d and report7716a9fd; registration05000000DD460800 at9A4EC; complete branch/call/literal checks. Five isolated production-Thumb groups pin header-only cancellation, six-byte lost-NV, official12-byte valid-NV, malformed declared0 and ignored event failure with clock, event, transport and NV effects intercepted. First-party AOT syncTime and RingNvRecoverDiskCache corroborate the official phone role","Swift adds a bounded pure Codable handler plan preserving exact headers, sessions, effect order, ignored result and unsafe-declaration evidence while requiring six actual backing bytes. The live authenticated encoder emits the official12-byte zero-tailed payload; R1-193/R1-194 implement version-gated, consent-gated exact userInfo and NV phone responders and protected persistence plans. Static parser, production emulator, Python compile and Swift parse pass without BLE, clock, health database, storage or recovery writes","Passively capture startup ACK/userInfo/NV order and sessions on an owned ring in valid and naturally lost-NV states, then validate the R1-193/R1-194 responders with explicit profile/health/identity consent, exact ring binding, CRC and firmware provenance, protected-at-rest storage and manual review before any restore. Never send malformed declarations or blindly replay a backup","Critical"
R1-193,Storage,"Exact first-party NV phone mediation and protected local recovery-backup admission","Android2.2.0 AOT uploads ring-local NV reports through authenticated multipart POST /v2/g/upload_nv fields sn/nv and downloads missing state through authenticated GET /v2/g/get_nv with URL-encoded sn to ring_nv_<sn>.bin. It parses downloads with a minimum-five-byte command/UInt16LE-length/UInt16LE-CRC envelope,bounds body to availability,reserializes it and sends the NV subcommand with status method and3000ms timeout. Diagnostic RingNvRecoverDiskCache stores ring_nv_recover_records JSON with12 fields including raw bytesBase64 and HTTP result; it is corroborating history rather than proof of authoritative backup semantics","Static AOT auditor pins8 controller-flow,8 envelope,16 API,4 cache and12 JSON-field markers plus SHA256 of all5 inputs without network or restore construction. SDK strict classifier requires system/0/serial0 plus exact status0 empty request or status2 decoded report. Admission requires exact2.2.6.0009 firmware,ring binding,firmwareFullModelMODBUS checksum scheme,121-byte envelope,command2,length116,nonzero valid CRC,no tail,verified record and firmware report gate","Parser revision5 retains wireStatusRaw across transport/bridge with legacy optional decoding. App adds separate default-off consent,bounded deferred queue until snapshot binding,domain-separated SHA256 binding/identifier metadata,exact envelope+provenance archive,FileProtection.complete,repeat deduplication,64-record bound,refresh/delete UI and revocation purge of memory/archive/potentially containing captures. Empty requests remain visible. No cloud call,export,automatic profile reply,restore encoder or sender exists. Static audit/Python compile,Swift parse,dual-arch SDK build and standalone protocol-test typecheck pass","Passively capture report/request status bytes and compare first-party upload/download results on an owned ring with redacted identifiers. Establish cloud auth/encryption/retention/ring-match/retry/conflict policy and physical restore behavior only with an owned sacrificial ring plus recoverable storage and explicit identity consent. Add a reviewed manual restore only after exact-ring matching,rollback and interruption safety are proven","Critical"
R1-194,Profile,"Exact first-party userInfo phone mediation and safe request exposure","Android2.2.0 dispatches the exact type2/serial0 empty userInfo notification to updateRing1UserInfo only while R1 is connected and cached GlobalService profile exists. It maps cached gender enum to wire0/1/2,derives age from birthday with missing0,uses metric height/weight directly or libc-rounds inches*2.54 and pounds*0.453592,and zero-falls back missing dimensions. Typed setUserInfo zero-initializes12 bytes,writes gender/age at0/1,UInt16LE cm/kg at2/4,explicit zero UInt16 values at6/8/10,and uses normal sendCmd without a callsite timeout. The AOT literal24 is a tagged Smi representing12 elements. GET /v2/g/health/get_info can populate cached health upstream but the incoming handler performs no proven immediate fetch","Static AOT auditor pins13 flow,6 sender,8 wire,4 unit and3 API markers plus SHA256 of all5 inputs without profile/network/BLE access. Pure typed planner reproduces metric/imperial/missing/range and the firmware low-byte validation defect. Version-locked admission distinguishes a success ACK from persistence and always blocks live send because2.2.6.0009 rejects nonzero public gender after ACK and its private12-byte event has2 uninitialized stack bytes","App strictly recognizes,counts,timestamps and displays repeated serial-zero profile requests plus the exact withholding reason and a notice-only dismiss action. It stores no demographic profile,makes no network call and exposes no generic or specialized sender. SDK tests cover exact payloads,rounding,zero fallbacks,overflow-safe serialization bounds,low-byte firmware validation,repeated requests,firmware rejection and blocker combinations; static audit/Python compile and Swift parse pass","Passively capture request status and first-party response on an owned sacrificial ring for all gender/profile boundaries while independently reading the persisted health record after reboot; establish whether a corrected signed revision initializes the private tail and reports validation failure honestly. Add an explicit device-only protected profile consent/storage design and specialized sender only for a physically verified safe revision","High"
R1-195,Security,"Exact algorithm-key request status and first-party cloud provisioning mediation","Production system0B handler83E50 emits exactly25 bytes: status at0 plus24 identifier bytes. Status1 means phone provisioning requested but clears one-shot latch20006DA5 before responding; status0 means no request. Android2.2.0 queries it during startup,only for status1 calls authenticated GET /v2/g/health/get_pkey with uuid=identifier,and only for a nonnull nonempty returned string calls setAlgoKey. Its serializer prefixes Dart string length then encoded bytes,does not enforce the firmware-required64 bytes,awaits but does not branch on the result,and performs no post-write status/readback before continuing health fetch","Combined auditor SHA-pins5 firmware ranges including handler ee55c78f,response helper6b7e3410,latch getter/clear and identifier getter; registration0B000000513E0800 at9A514; complete branch sets;12 home,9 proto,7 model and4 API AOT markers plus source hashes. It performs no network,key,BLE,firmware execution or mutation. Swift corrects the prior identifier offset from2 to1 and preserves all raw bytes with legacy Codable fallback","The nominal status descriptor is reclassified state-changing and removed from the routine snapshot/public read facade because status1 consumes the latch. Passively obtained responses remain decoded; UI distinguishes no request/request/unknown and redacts identifier value. Metadata-only replay reproduces status/cloud/nonempty/length decisions without accepting key bytes. Admission always blocks live send for latch consumption,ACK-before-persistence,prior-state erasure and missing durable verification; vendor cloud,key retention and provisioning sender remain absent. Tests pass standalone typecheck; static audit,Python compile,Swift parse and dual-architecture SDK build pass","Passively capture a status1 lifecycle on an owned sacrificial ring with redacted identifier and controlled network failure; establish vendor license/account and exact-ring scope,response encoding,rotation/revocation,retry after consumed latch,flash failure visibility,readback and rollback. Never use a real credential fixture or enable provisioning until durable verification and recovery are proven","Critical"
R1-196,Power,"Exact system-settings REG1 DC/DC policy and canonical surface-coverage gate","Production system0F read returns exactly12 bytes with only byte5 carrying persisted dev_info byte24 bit1. Set ACKs success before checking payload,type or effect; accepts only switch type0; compares raw requested byte before normalizing every nonzero value to1; changed values persist the flag and immediately call S140 sd_power_dcdc_mode_set through SVC3F. BLE initialization always enables REG1. The formerly unlabeled flag reader is glasses_status_cmd: stored0 enables wear-driven policy where glasses worn disables immediately and removal enables after30720ms; stored1 suppresses those automatic actions after the public set requests enable. The same handler acquires touch source0 while worn,defers release614400ms after removal,and maps LCD transitions to immediate-fast/delayed10240ms-slow BLE connection policy","Static auditor SHA-pins17 complete firmware ranges,registration0F00000025450800,4 full branch sets,33 instruction spans,6 policy strings,8 protocol,13 model and7 controller AOT markers. Pure models cover header-only,truncated,unsupported-type,unchanged,noncanonical true,first/unchanged wear,worn/removed,override,delayed enable,touch lease and LCD connection-policy decisions without BLE,flash,timers,touch or regulator access. The closure verifier composes35 protocol registrations,38 internal-event slots,37 factory commands,6 buses,3 ADC inputs,12 GPIO devices,7 partitions,44 SDK descriptors,7 public methods and6 explicit negative surfaces; every surface must map","SDK provides an explicit-authorization,exact-application specialized setter only: it requires the exact12-byte/type0 read shape,sends a canonical12-byte payload and treats the early ACK as evidence only until an exact readback matches. Generic state-changing access remains absent. Settings presents force-enabled versus glasses-wear automatic policy,warns that selecting automatic immediately requests disable,and never labels readback as a regulator measurement. The188 mapped canonical surfaces are ledger-linked; static analyzer,Python compile,Swift parse,dual-architecture SDK build and focused typecheck pass","On an owned ring,capture read/set/read and boot timing; measure REG1,current,battery,radio,sensors,touch lease and connection intervals across both policies,both wear/LCD states and the10240ms/30720ms/614400ms timers. Induce safe commit/SVC failure to verify readback limitations and reboot retention; repeat on another signed revision. Never infer CPU frequency or physical regulator state from the official label or persisted bit","High"
R1-197,Audit,"Residual semantic and verification-boundary integrity gate","A renewed residual sweep reconciles every generic,unknown,unregistered,capture-gated and hardware-gated marker against later capability rows,the production registration/event/factory/bus/ADC/GPIO/partition inventories,SDK descriptors and the clean whole-workspace build. Eighteen superseded static next actions and five families of obsolete build-blocker language were documentation defects: their implementation or workspace repair was already closed by later rows and verified builds. The remaining generic fields are either lossless reserved data with no production reader/writer,stock-unreachable initialized state,cross-version descriptors,or physical/electrical/clinical/security facts that this image cannot prove","Machine-audited static and documentation closure for the pinned image; all surviving gaps have an evidence boundary and an external or physical next action","The fail-closed verifier requires this row,rejects stale build-blocker phrases,rejects18 superseded static next-gate families spanning sleep inference,locomotion,dormant dynamics,sleep workspace drift and phone responders,and pins18 public unresolved declarations plus15 public forward-compatible unknown declarations to capability dispositions alongside the unchanged188 canonical firmware/product surfaces. The inventory now covers117 evidence generators across88 topics. No live BLE,sensor,identity,health,flash,cloud,regulator or factory action is added","Repeat the residual-marker and complete surface audit for every new signed firmware or first-party controller revision. Close only with authenticated owned-hardware captures where the remaining gate is physical; preserve raw/reserved values and withhold destructive,private-event,provisioning,OTA and factory senders until authorization,rollback and durable verification exist","High"
R1-198,Sport,"First-party Android2.2.0 hidden sport client contract","SHA-pinned libapp.so and seven SHA-pinned Blutter outputs prove the hidden debug route,start/stop command wrappers,3000ms timeout,live sample subscription,12-byte little-endian parser and debug labels bpm,Steps and kcal. The app encodes module03/control0700/0701/sample0800. This corrects the earlier inference that the public command enum lacked a named sport family","Implemented as reproducible cross-version evidence with an exact-firmware incompatibility boundary","R1FirstPartySportAOTEvidence exposes controller version,binary digest,function addresses,wire coordinates,payload length and official units. The sport decoder uses named offsets and preserves trailing-byte-compatible minimum-length behavior. The offline analyzer fails closed on binary,derived-file or marker drift; tests prove exact2.2.6.0009 remains notRegistered and no live lifecycle sender exists","Run the analyzer for each first-party app revision and correlate its client contract with the signed ring firmware shipped alongside it. A hidden client page alone never authorizes transmission; require a non-null registered sport dispatcher and owned-hardware lifecycle verification","High"
R1-199,Protocol,"First-party disposition of six non-sport unregistered descriptors","SHA-pinned Android2.2.0 libapp and six Blutter files distinguish enum presence,receive-only decoding and actual senders for touchStatus,ring-to-glasses heartbeat/handshake and temperature daily/point/measure. The three system objects and health-measure object occur only in the enum mapper. Normal health sync makes exactly five generic daily calls for HR,HRV,SpO2,sleep including skin temperature and activity; no standalone temperature request call is present. The hidden health-point page subscribes to notifications and decodes temperature without sending a point or measurement request","Static client-use closure implemented with exact-firmware incompatibility boundaries","A fail-closed analyzer verifies source hashes,required call-site markers,unique enum-object reference paths and absence of a standalone temperature history call. R1FirstPartyUnregisteredAOTEvidence exposes pinned function addresses,requested families and catalog-versus-sender distinctions. Tests prove all six descriptors remain notRegistered on2.2.6.0009; passive temperature decoding remains available but no live sender is exposed","Repeat against every new controller-app AOT and its paired signed ring firmware. Enable a descriptor only after both a real first-party sender or authenticated notification and a non-null ring handler are proven on the same revision; require owned-hardware lifecycle validation for any state-changing or biometric operation","High"
R1-200,Platform,"Exact S140 resource, memory, LFCLK and GATT-cache configuration","The complete aligned sd_ble_cfg_set audit proves connection tag1,count3,event length6/7.5ms,three peripheral and zero central roles,ATT MTU247,a four-entry per-link notification queue,two vendor UUID bases,a2048-byte attribute table and Service Changed. No L2CAP connection configuration or channel-setup call exists,leaving application CoC count zero. Linked application RAM begins at200064A8. LFCLK bytes00100201 select internal RC,4-second checks,8-second forced calibration and500ppm; the sole option-set enables extended drift-triggered calibration. Raw adv_set_count is zero; S1407.2 release-note issue DRGN-14113 says that field is nonfunctional,so the one-set default and concrete advertiser remain authoritative. Peer Manager persists/restores bonded CCCD system attributes and can indicate Service Changed from first user handle through 0xFFFF only when a persisted pending flag requires it; no post-startup local-database-change declaration is recovered","Firmware-confirmed exact S1407.2 static resource plan,vendor erratum interpretation and conditional cache path; negotiated runtime use and retained pending-state behavior remain capture-gated","Reproducible Ghidra audits print every aligned BLE enable/config/option/L2CAP,Service Changed and system-attribute SVC;distinguish non-code coincidences;decompile bootstrap,cache and pending/confirmation paths;and emit clock/RAM constants without hardware access. Documentation keeps ignored raw advertising-set zero distinct from the concrete advertiser and characteristic inclusion distinct from actual indication","On an owned ring,capture simultaneous link admission,per-link notification backpressure,bonded CCCD persistence,Service Changed pending/confirmation/cache behavior,negotiated MTU/event scheduling and RC-clock behavior. Repeat the audit for each signed firmware; do not infer runtime throughput,radio timing or routine 2A05 delivery solely from reserved capacities","High"
R1-201,Security,"Complete S140 BLE API surface, address-privacy boundary and queued-write behavior","All84 named S1407.2 common/GAP/GATTC/GATTS/application-L2CAP APIs are classified:40 APIs occur at76 proven instruction sites and44 are absent;33 aligned data coincidences plus undefined BE/BF pairs are excluded. No addr_set,privacy,whitelist,device-identities,scan,connect,RSSI,QoS/event-trigger,GATTC discovery/write/indication-confirm or L2CAP call exists. Advertising also disables whitelist mode. The only peer-attribute route reads bonded-central GAP2AA6 then persists PM central-address-resolution metadata; it does not enable R1 address rotation. The new-bond callback's whitelist log only loads the bond record and can print its LTK. BAE8 outputs share one notification HVX; DFU alone indicates and authorizes writes only after its CCCD is enabled. Queued Writes has MAX_ATTR0,returns null user memory,rejects Prepare/Execute Now with ATT0180 and permits Execute Cancel","Firmware-confirmed complete application SoftDevice-call surface and correction of the former log-derived whitelist claim; physical air address,bond persistence and pre-security connection/write behavior remain capture-gated","R1SoftDeviceCallCensus maps every aligned BLE SVC against the exact official header,separates discovered and context-recovered Thumb calls from literal/string/table data,and emits per-API counts. R1GattCacheRoute reproduces CAR/cache event handling and the application new-bond callback. Documentation treats name,manufacturer address and optional serial as stable identity-bearing advertisement data and keeps ATT fragmentation distinct from unsupported reliable writes","On an owned ring,capture raw advertising address over time,unbonded/new-bond/reconnect/repair behavior,CAR2AA6 reads,connection admission and canonical open-characteristic access. Confirm Prepare/Execute rejection and DFU CCCD error only with recoverable benign requests; redact address,serial and all key material. Repeat the complete census on every signed revision","High"
R1-202,Protocol,"Exact BAE8 runtime event, queue and notification-backpressure plane","Raw service observer52B20 consumes connect10,disconnect11,write50 and HVN-complete57; connect restores both CCCDs, writes map to custom events2/3/6...9, completion count at+6 replenishes per-role credits and disconnect resets them. Dispatcher3E274 routes ordinary channel1 to20 records and EUS plus explicit channel1/eAT to50 records; 90%-full is warning-only, enqueue waits100, EUS credit wait200 and one resource retry after1000, channel1 wait100 with no resource retry. Worker44F50 frees each record and ignores final status. HVX526CC enforces mapped link, per-lane CCCD and244-byte maximum","Firmware-confirmed exact raw/custom event ABI, two output-queue capacities, four-credit lifecycle, lane routing and asymmetric retry/drop policy; timing-unit interpretation and physical saturation remain capture-gated","R1BleTxFlow creates missed dense Thumb entries and decompiles fragment producer, three dispatcher modes, queue constructors/workers, service callback, CCCD restore/write translation, credit helpers and sole BAE8 HVX path. Bluetooth dossier separates warnings from actual drops and queue admission from delivery; no live sender, radio access or firmware mutation is added","On an owned test ring, saturate each lane separately and together while capturing raw HVN completion counts, queue diagnostics, notification loss/order/latency, CCCD disable/enable and disconnect/reconnect. Confirm the raw100/200/1000 scheduler units and mode2-to-EUS interference without sending destructive BC/eAT commands; repeat on every signed revision","High"
