entry,end,size,name,namespace,calling_convention,parameters,return_type,thunk,no_return,external
0x00027208,0x0002720b,4,"thunk_FUN_00075f64","Global","unknown",0,"undefined",true,false,false
0x00027218,0x00027233,28,"FUN_00027218","Global","unknown",0,"undefined",false,false,false
0x00027238,0x0002725b,36,"FUN_00027238","Global","unknown",0,"undefined",false,false,false
0x0002725c,0x000272b3,88,"FUN_0002725c","Global","unknown",0,"undefined",false,false,false
0x000272b8,0x000272ef,56,"FUN_000272b8","Global","unknown",0,"undefined",false,false,false
0x000272f0,0x00027301,18,"FUN_000272f0","Global","unknown",0,"undefined",false,false,false
0x00027302,0x0002733b,58,"FUN_00027302","Global","unknown",0,"undefined",false,false,false
0x0002733c,0x0002734d,18,"FUN_0002733c","Global","unknown",0,"undefined",false,false,false
0x0002734e,0x0002737f,50,"FUN_0002734e","Global","unknown",0,"undefined",false,false,false
0x00027380,0x00027397,24,"FUN_00027380","Global","unknown",0,"undefined",false,false,false
0x00027398,0x000273b1,26,"FUN_00027398","Global","unknown",0,"undefined",false,false,false
0x000273b2,0x000273cb,26,"FUN_000273b2","Global","unknown",0,"undefined",false,false,false
0x000273cc,0x000273e5,26,"FUN_000273cc","Global","unknown",0,"undefined",false,false,false
0x000273e6,0x000273ff,26,"FUN_000273e6","Global","unknown",0,"undefined",false,false,false
0x00027400,0x00027419,26,"FUN_00027400","Global","unknown",0,"undefined",false,false,false
0x0002741a,0x00027443,42,"FUN_0002741a","Global","unknown",0,"undefined",false,false,false
0x00027444,0x00027461,30,"FUN_00027444","Global","unknown",0,"undefined",false,false,false
0x0002746a,0x0002746f,6,"FUN_0002746a","Global","unknown",0,"undefined",false,false,false
0x00027470,0x00027473,4,"FUN_00027470","Global","unknown",0,"undefined",false,false,false
0x00027484,0x00027487,4,"FUN_00027484","Global","unknown",0,"undefined",false,false,false
0x00027488,0x0002748f,8,"reset_handler","Global","unknown",0,"undefined",false,false,false
0x0002749c,0x0002749d,2,"FUN_0002749c","Global","unknown",0,"undefined",false,false,false
0x000274a2,0x000274a3,2,"FUN_000274a2","Global","unknown",0,"undefined",false,false,false
0x000274ac,0x000274b7,12,"FUN_000274ac","Global","unknown",0,"undefined",false,false,false
0x000274b8,0x000274c3,12,"FUN_000274b8","Global","unknown",0,"undefined",false,false,false
0x000274c4,0x000274cf,12,"FUN_000274c4","Global","unknown",0,"undefined",false,false,false
0x000274d0,0x000274db,12,"FUN_000274d0","Global","unknown",0,"undefined",false,false,false
0x000274dc,0x000274e7,12,"FUN_000274dc","Global","unknown",0,"undefined",false,false,false
0x000274e8,0x00027549,98,"FUN_000274e8","Global","unknown",0,"undefined",false,false,false
0x0002754a,0x000275ab,98,"FUN_0002754a","Global","unknown",0,"undefined",false,false,false
0x000275ac,0x000275c9,30,"FUN_000275ac","Global","unknown",0,"undefined",false,false,false
0x000275ca,0x000275e9,32,"FUN_000275ca","Global","unknown",0,"undefined",false,false,false
0x000275ec,0x000275ef,4,"FUN_000275ec","Global","unknown",0,"undefined",false,false,false
0x000275f4,0x00027605,18,"FUN_000275f4","Global","unknown",0,"undefined",false,false,false
0x00027606,0x000276a1,156,"FUN_00027606","Global","unknown",0,"undefined",false,false,false
0x000276a4,0x000276b7,20,"FUN_000276a4","Global","unknown",0,"undefined",false,false,false
0x000276b8,0x000276bd,6,"FUN_000276b8","Global","unknown",0,"undefined",false,false,false
0x000276c8,0x00027751,138,"FUN_000276c8","Global","unknown",0,"undefined",false,false,false
0x0002775c,0x0002779b,64,"FUN_0002775c","Global","unknown",0,"undefined",false,false,false
0x0002779c,0x000277a9,14,"FUN_0002779c","Global","unknown",0,"undefined",false,false,false
0x000277aa,0x000277ad,4,"FUN_000277aa","Global","unknown",0,"undefined",false,false,false
0x000277ae,0x000277bf,18,"FUN_000277ae","Global","unknown",0,"undefined",false,false,false
0x000277c0,0x000277d7,24,"FUN_000277c0","Global","unknown",0,"undefined",false,false,false
0x000277d8,0x000277ef,24,"FUN_000277d8","Global","unknown",0,"undefined",false,false,false
0x000277f0,0x000277fd,14,"FUN_000277f0","Global","unknown",0,"undefined",false,false,false
0x000277fe,0x00027819,28,"FUN_000277fe","Global","unknown",0,"undefined",false,false,false
0x0002781a,0x00027833,26,"FUN_0002781a","Global","unknown",0,"undefined",false,false,false
0x00027834,0x00027851,30,"FUN_00027834","Global","unknown",0,"undefined",false,false,false
0x00027854,0x00027891,62,"FUN_00027854","Global","unknown",0,"undefined",false,false,false
0x00027898,0x000278c7,48,"FUN_00027898","Global","unknown",0,"undefined",false,false,false
0x000278d0,0x00027a1b,332,"FUN_000278d0","Global","unknown",0,"undefined",false,false,false
0x00027a1c,0x00027afb,224,"FUN_00027a1c","Global","unknown",0,"undefined",false,false,false
0x00027afc,0x00027c3d,322,"FUN_00027afc","Global","unknown",0,"undefined",false,false,false
0x00027c3e,0x00027c43,6,"FUN_00027c3e","Global","unknown",0,"undefined",false,false,false
0x00027c44,0x00027c49,6,"FUN_00027c44","Global","unknown",0,"undefined",false,false,false
0x00027c4a,0x00027d2d,228,"FUN_00027c4a","Global","unknown",0,"undefined",false,false,false
0x00027d2e,0x00027e0b,222,"FUN_00027d2e","Global","unknown",0,"undefined",false,false,false
0x00027e0c,0x000280e5,136,"FUN_00027e0c","Global","unknown",0,"undefined",false,false,false
0x00027e38,0x00027e59,34,"FUN_00027e38","Global","unknown",0,"undefined",false,false,false
0x00027e5a,0x00027e73,26,"FUN_00027e5a","Global","unknown",0,"undefined",false,false,false
0x00027e74,0x00027eb1,62,"FUN_00027e74","Global","unknown",0,"undefined",false,false,false
0x00027eb2,0x00027ee3,50,"FUN_00027eb2","Global","unknown",0,"undefined",false,false,false
0x00027ee4,0x00027f09,38,"FUN_00027ee4","Global","unknown",0,"undefined",false,false,false
0x00027f0c,0x00027f3b,48,"FUN_00027f0c","Global","unknown",0,"undefined",false,false,false
0x00027f3c,0x00027f6b,48,"FUN_00027f3c","Global","unknown",0,"undefined",false,false,false
0x00027f6c,0x00027fa3,56,"FUN_00027f6c","Global","unknown",0,"undefined",false,false,false
0x00027fa4,0x00027fcf,44,"FUN_00027fa4","Global","unknown",0,"undefined",false,false,false
0x00027fd0,0x00027ff3,36,"FUN_00027fd0","Global","unknown",0,"undefined",false,false,false
0x00027ff4,0x0002800f,28,"FUN_00027ff4","Global","unknown",0,"undefined",false,false,false
0x0002801c,0x0002802f,20,"FUN_0002801c","Global","unknown",0,"undefined",false,false,false
0x00028078,0x00028089,18,"FUN_00028078","Global","unknown",0,"undefined",false,false,false
0x000280e6,0x00028121,60,"FUN_000280e6","Global","unknown",0,"undefined",false,false,false
0x00028122,0x0002813f,30,"FUN_00028122","Global","unknown",0,"undefined",false,false,false
0x00028140,0x000281db,156,"FUN_00028140","Global","unknown",0,"undefined",false,false,false
0x000281dc,0x00028209,46,"FUN_000281dc","Global","unknown",0,"undefined",false,false,false
0x0002820a,0x000282ab,162,"FUN_0002820a","Global","unknown",0,"undefined",false,false,false
0x000282ac,0x0002832f,132,"FUN_000282ac","Global","unknown",0,"undefined",false,false,false
0x00028334,0x00028363,48,"FUN_00028334","Global","unknown",0,"undefined",false,false,false
0x00028364,0x00028399,54,"FUN_00028364","Global","unknown",0,"undefined",false,false,false
0x0002839a,0x0002839d,4,"FUN_0002839a","Global","unknown",0,"undefined",false,false,false
0x000283a0,0x000286ed,846,"FUN_000283a0","Global","unknown",0,"undefined",false,false,false
0x000286f4,0x00028749,86,"FUN_000286f4","Global","unknown",0,"undefined",false,false,false
0x0002874c,0x00028ac7,892,"FUN_0002874c","Global","unknown",0,"undefined",false,false,false
0x00028ad4,0x00028b11,62,"FUN_00028ad4","Global","unknown",0,"undefined",false,false,false
0x00028b18,0x00028b89,114,"FUN_00028b18","Global","unknown",0,"undefined",false,false,false
0x00028b8a,0x00028bad,36,"FUN_00028b8a","Global","unknown",0,"undefined",false,false,false
0x00028c6c,0x00028ced,130,"FUN_00028c6c","Global","unknown",0,"undefined",false,false,false
0x00028cf4,0x00028dbb,200,"FUN_00028cf4","Global","unknown",0,"undefined",false,false,false
0x00028dda,0x00036391,164,"FUN_00028dda","Global","unknown",0,"undefined",false,false,false
0x00028de0,0x00028de5,6,"FUN_00028de0","Global","unknown",0,"undefined",false,false,false
0x00028de6,0x0004fe5b,106,"FUN_00028de6","Global","unknown",0,"undefined",false,false,false
0x00028dec,0x00028e13,40,"FUN_00028dec","Global","unknown",0,"undefined",false,false,false
0x00028e14,0x00028e55,66,"FUN_00028e14","Global","unknown",0,"undefined",false,false,false
0x00028e5c,0x00028e6f,20,"FUN_00028e5c","Global","unknown",0,"undefined",false,false,false
0x00028e70,0x00028ea5,54,"FUN_00028e70","Global","unknown",0,"undefined",false,false,false
0x00028eac,0x00028ebf,20,"FUN_00028eac","Global","unknown",0,"undefined",false,false,false
0x00028ec0,0x0002d45f,10,"FUN_00028ec0","Global","unknown",0,"undefined",false,false,false
0x0002907c,0x0002908d,18,"FUN_0002907c","Global","unknown",0,"undefined",false,false,false
0x00029090,0x000290b7,40,"FUN_00029090","Global","unknown",0,"undefined",false,false,false
0x000290bc,0x000290db,32,"FUN_000290bc","Global","unknown",0,"undefined",false,false,false
0x000290dc,0x000290fd,34,"FUN_000290dc","Global","unknown",0,"undefined",false,false,false
0x000290fe,0x0002911f,34,"FUN_000290fe","Global","unknown",0,"undefined",false,false,false
0x00029120,0x00029141,34,"FUN_00029120","Global","unknown",0,"undefined",false,false,false
0x00029144,0x0002934b,520,"FUN_00029144","Global","unknown",0,"undefined",false,false,false
0x00029382,0x00068341,238,"FUN_00029382","Global","unknown",0,"undefined",false,false,false
0x0002938a,0x0006754b,204,"FUN_0002938a","Global","unknown",0,"undefined",false,false,false
0x00029394,0x000293f3,96,"FUN_00029394","Global","unknown",0,"undefined",false,false,false
0x000293fc,0x000294b5,186,"FUN_000293fc","Global","unknown",0,"undefined",false,false,false
0x000294bc,0x000294f1,54,"FUN_000294bc","Global","unknown",0,"undefined",false,false,false
0x000294f8,0x0002950b,20,"FUN_000294f8","Global","unknown",0,"undefined",false,false,false
0x0002950c,0x00029519,14,"FUN_0002950c","Global","unknown",0,"undefined",false,false,false
0x0002951a,0x000295dd,196,"FUN_0002951a","Global","unknown",0,"undefined",false,false,false
0x000295de,0x0002960b,46,"FUN_000295de","Global","unknown",0,"undefined",false,false,false
0x0002960c,0x00029639,46,"FUN_0002960c","Global","unknown",0,"undefined",false,false,false
0x0002963a,0x00029655,28,"FUN_0002963a","Global","unknown",0,"undefined",false,false,false
0x00029656,0x0002966b,22,"FUN_00029656","Global","unknown",0,"undefined",false,false,false
0x0002966c,0x000299df,884,"FUN_0002966c","Global","unknown",0,"undefined",false,false,false
0x000299ec,0x00029a9b,176,"FUN_000299ec","Global","unknown",0,"undefined",false,false,false
0x00029aa0,0x00029ad7,56,"FUN_00029aa0","Global","unknown",0,"undefined",false,false,false
0x00029ad8,0x00098ffb,340,"FUN_00029ad8","Global","unknown",0,"undefined",false,false,false
0x00029bbc,0x00029c73,184,"FUN_00029bbc","Global","unknown",0,"undefined",false,false,false
0x00029c74,0x00029c91,30,"FUN_00029c74","Global","unknown",0,"undefined",false,false,false
0x00029c98,0x00029cbf,40,"FUN_00029c98","Global","unknown",0,"undefined",false,false,false
0x00029cc0,0x0002a309,58,"FUN_00029cc0","Global","unknown",0,"undefined",false,false,false
0x00029cdc,0x00029d09,46,"FUN_00029cdc","Global","unknown",0,"undefined",false,false,false
0x00029d0a,0x00029d33,42,"FUN_00029d0a","Global","unknown",0,"undefined",false,false,false
0x00029d34,0x00029d49,22,"FUN_00029d34","Global","unknown",0,"undefined",false,false,false
0x00029d58,0x00029d5b,4,"thunk_FUN_0002b91c","Global","unknown",0,"undefined",true,false,false
0x00029d5c,0x00029e87,300,"FUN_00029d5c","Global","unknown",0,"undefined",false,false,false
0x00029e8c,0x00029f49,190,"FUN_00029e8c","Global","unknown",0,"undefined",false,false,false
0x00029f88,0x00029f9b,20,"FUN_00029f88","Global","unknown",0,"undefined",false,false,false
0x00029f9c,0x00029ffb,96,"FUN_00029f9c","Global","unknown",0,"undefined",false,false,false
0x0002a090,0x0002a0d9,70,"FUN_0002a090","Global","unknown",0,"undefined",false,false,false
0x0002a0f4,0x0002a161,110,"FUN_0002a0f4","Global","unknown",0,"undefined",false,false,false
0x0002a168,0x0002a197,48,"FUN_0002a168","Global","unknown",0,"undefined",false,false,false
0x0002a198,0x0002a1cb,52,"FUN_0002a198","Global","unknown",0,"undefined",false,false,false
0x0002a1cc,0x0002a1f5,42,"FUN_0002a1cc","Global","unknown",0,"undefined",false,false,false
0x0002a1f8,0x0002a1ff,8,"FUN_0002a1f8","Global","unknown",0,"undefined",false,false,false
0x0002a204,0x0002a20d,10,"FUN_0002a204","Global","unknown",0,"undefined",false,false,false
0x0002a214,0x0002a265,82,"FUN_0002a214","Global","unknown",0,"undefined",false,false,false
0x0002a266,0x0002a2a9,68,"FUN_0002a266","Global","unknown",0,"undefined",false,false,false
0x0002a2ac,0x0002a2e1,52,"FUN_0002a2ac","Global","unknown",0,"undefined",false,false,false
0x0002a31c,0x0002a321,6,"FUN_0002a31c","Global","unknown",0,"undefined",false,false,false
0x0002a328,0x0002a373,76,"FUN_0002a328","Global","unknown",0,"undefined",false,false,false
0x0002a380,0x0002a425,166,"FUN_0002a380","Global","unknown",0,"undefined",false,false,false
0x0002a474,0x0002a483,16,"FUN_0002a474","Global","unknown",0,"undefined",false,false,false
0x0002a488,0x0002a4ad,38,"FUN_0002a488","Global","unknown",0,"undefined",false,false,false
0x0002a4b4,0x0002a4ff,76,"FUN_0002a4b4","Global","unknown",0,"undefined",false,false,false
0x0002a508,0x0002a53b,52,"FUN_0002a508","Global","unknown",0,"undefined",false,false,false
0x0002a540,0x0002a545,6,"FUN_0002a540","Global","unknown",0,"undefined",false,false,false
0x0002a54c,0x0002a54f,4,"FUN_0002a54c","Global","unknown",0,"undefined",false,false,false
0x0002a550,0x0002a555,6,"FUN_0002a550","Global","unknown",0,"undefined",false,false,false
0x0002a55c,0x0002a55f,4,"FUN_0002a55c","Global","unknown",0,"undefined",false,false,false
0x0002a598,0x0002a59b,4,"FUN_0002a598","Global","unknown",0,"undefined",false,false,false
0x0002a5c4,0x0002a5c9,6,"FUN_0002a5c4","Global","unknown",0,"undefined",false,false,false
0x0002a5d0,0x0002a5eb,28,"FUN_0002a5d0","Global","unknown",0,"undefined",false,false,false
0x0002a5ec,0x0002a601,22,"FUN_0002a5ec","Global","unknown",0,"undefined",false,false,false
0x0002a604,0x0002a609,6,"FUN_0002a604","Global","unknown",0,"undefined",false,false,false
0x0002a610,0x0002a613,4,"FUN_0002a610","Global","unknown",0,"undefined",false,false,false
0x0002a614,0x0002a617,4,"FUN_0002a614","Global","unknown",0,"undefined",false,false,false
0x0002a630,0x0002a653,36,"FUN_0002a630","Global","unknown",0,"undefined",false,false,false
0x0002a658,0x0002a659,2,"FUN_0002a658","Global","unknown",0,"undefined",false,false,false
0x0002a65a,0x0002a65b,2,"FUN_0002a65a","Global","unknown",0,"undefined",false,false,false
0x0002a65c,0x0002a681,38,"FUN_0002a65c","Global","unknown",0,"undefined",false,false,false
0x0002a754,0x0002a7eb,152,"FUN_0002a754","Global","unknown",0,"undefined",false,false,false
0x0002a7f4,0x0002a803,16,"FUN_0002a7f4","Global","unknown",0,"undefined",false,false,false
0x0002a810,0x0002a813,4,"thunk_FUN_0002b6e0","Global","unknown",0,"undefined",true,false,false
0x0002a814,0x0002a845,50,"FUN_0002a814","Global","unknown",0,"undefined",false,false,false
0x0002a84c,0x0002bd79,320,"FUN_0002a84c","Global","unknown",0,"undefined",false,false,false
0x0002a86c,0x0002a8a9,62,"FUN_0002a86c","Global","unknown",0,"undefined",false,false,false
0x0002a8dc,0x0002a963,136,"FUN_0002a8dc","Global","unknown",0,"undefined",false,false,false
0x0002a968,0x0002a99d,54,"FUN_0002a968","Global","unknown",0,"undefined",false,false,false
0x0002a99e,0x0002a9d1,52,"FUN_0002a99e","Global","unknown",0,"undefined",false,false,false
0x0002a9d2,0x0002a9d3,2,"FUN_0002a9d2","Global","unknown",0,"undefined",false,false,false
0x0002a9d4,0x0002a9e7,20,"FUN_0002a9d4","Global","unknown",0,"undefined",false,false,false
0x0002a9ec,0x0002aa0b,32,"FUN_0002a9ec","Global","unknown",0,"undefined",false,false,false
0x0002aa10,0x0002aa69,90,"FUN_0002aa10","Global","unknown",0,"undefined",false,false,false
0x0002aa74,0x0002aa91,30,"FUN_0002aa74","Global","unknown",0,"undefined",false,false,false
0x0002aa98,0x0002aac9,50,"FUN_0002aa98","Global","unknown",0,"undefined",false,false,false
0x0002aad0,0x0002aad5,6,"FUN_0002aad0","Global","unknown",0,"undefined",false,false,false
0x0002aadc,0x0002aaf3,24,"FUN_0002aadc","Global","unknown",0,"undefined",false,false,false
0x0002aaf8,0x0002ab2d,54,"FUN_0002aaf8","Global","unknown",0,"undefined",false,false,false
0x0002aba4,0x0002abd9,54,"FUN_0002aba4","Global","unknown",0,"undefined",false,false,false
0x0002abdc,0x0002abe7,12,"FUN_0002abdc","Global","unknown",0,"undefined",false,false,false
0x0002abec,0x0002abf7,12,"FUN_0002abec","Global","unknown",0,"undefined",false,false,false
0x0002abfc,0x0002ac09,14,"FUN_0002abfc","Global","unknown",0,"undefined",false,false,false
0x0002ac10,0x0002ac15,6,"FUN_0002ac10","Global","unknown",0,"undefined",false,false,false
0x0002ac1c,0x0002ac2b,16,"FUN_0002ac1c","Global","unknown",0,"undefined",false,false,false
0x0002ac30,0x0002ac39,10,"FUN_0002ac30","Global","unknown",0,"undefined",false,false,false
0x0002ac40,0x0002ac49,10,"FUN_0002ac40","Global","unknown",0,"undefined",false,false,false
0x0002ac4c,0x0002ac85,58,"FUN_0002ac4c","Global","unknown",0,"undefined",false,false,false
0x0002ac8c,0x0002acc5,58,"FUN_0002ac8c","Global","unknown",0,"undefined",false,false,false
0x0002accc,0x0002acef,36,"FUN_0002accc","Global","unknown",0,"undefined",false,false,false
0x0002acf4,0x0002ad0f,28,"FUN_0002acf4","Global","unknown",0,"undefined",false,false,false
0x0002ad14,0x0002ad15,2,"FUN_0002ad14","Global","unknown",0,"undefined",false,false,false
0x0002ad18,0x0002ad71,90,"FUN_0002ad18","Global","unknown",0,"undefined",false,false,false
0x0002ad7c,0x0002adab,48,"FUN_0002ad7c","Global","unknown",0,"undefined",false,false,false
0x0002adb0,0x0002adcd,30,"FUN_0002adb0","Global","unknown",0,"undefined",false,false,false
0x0002add0,0x0002adf9,40,"FUN_0002add0","Global","unknown",0,"undefined",false,false,false
0x0002adfa,0x0002adfb,2,"FUN_0002adfa","Global","unknown",0,"undefined",false,false,false
0x0002adfc,0x0002adfd,2,"FUN_0002adfc","Global","unknown",0,"undefined",false,false,false
0x0002ae00,0x0002ae03,4,"FUN_0002ae00","Global","unknown",0,"undefined",false,false,false
0x0002ae04,0x0002ae05,2,"FUN_0002ae04","Global","unknown",0,"undefined",false,false,false
0x0002ae06,0x0002ae07,2,"FUN_0002ae06","Global","unknown",0,"undefined",false,false,false
0x0002ae08,0x0002ae21,26,"FUN_0002ae08","Global","unknown",0,"undefined",false,false,false
0x0002ae28,0x0002ae57,48,"FUN_0002ae28","Global","unknown",0,"undefined",false,false,false
0x0002aedc,0x0002b141,178,"FUN_0002aedc","Global","unknown",0,"undefined",false,false,false
0x0002af32,0x0002af81,80,"FUN_0002af32","Global","unknown",0,"undefined",false,false,false
0x0002af84,0x0002afef,108,"FUN_0002af84","Global","unknown",0,"undefined",false,false,false
0x0002b010,0x0002b05b,76,"FUN_0002b010","Global","unknown",0,"undefined",false,false,false
0x0002b0b8,0x0002b0d7,32,"FUN_0002b0b8","Global","unknown",0,"undefined",false,false,false
0x0002b0dc,0x0002b123,72,"FUN_0002b0dc","Global","unknown",0,"undefined",false,false,false
0x0002b148,0x0002b17b,52,"FUN_0002b148","Global","unknown",0,"undefined",false,false,false
0x0002b180,0x0002b1f9,122,"FUN_0002b180","Global","unknown",0,"undefined",false,false,false
0x0002b218,0x0002b3d7,448,"FUN_0002b218","Global","unknown",0,"undefined",false,false,false
0x0002b4c4,0x0002b4d1,14,"FUN_0002b4c4","Global","unknown",0,"undefined",false,false,false
0x0002b4d8,0x0002b4db,4,"FUN_0002b4d8","Global","unknown",0,"undefined",false,false,false
0x0002b4f8,0x0002b521,42,"FUN_0002b4f8","Global","unknown",0,"undefined",false,false,false
0x0002b524,0x0002b69d,378,"FUN_0002b524","Global","unknown",0,"undefined",false,false,false
0x0002b6a4,0x0002b6dd,58,"FUN_0002b6a4","Global","unknown",0,"undefined",false,false,false
0x0002b6e0,0x0002b8e1,514,"FUN_0002b6e0","Global","unknown",0,"undefined",false,false,false
0x0002b8ec,0x0002b915,42,"FUN_0002b8ec","Global","unknown",0,"undefined",false,false,false
0x0002b91c,0x0002b993,120,"FUN_0002b91c","Global","unknown",0,"undefined",false,false,false
0x0002b998,0x0002bc31,666,"FUN_0002b998","Global","unknown",0,"undefined",false,false,false
0x0002bd84,0x0002be1b,152,"FUN_0002bd84","Global","unknown",0,"undefined",false,false,false
0x0002be24,0x0002bfa9,388,"FUN_0002be24","Global","unknown",0,"undefined",false,false,false
0x0002bfaa,0x0002c145,412,"FUN_0002bfaa","Global","unknown",0,"undefined",false,false,false
0x0002c148,0x0002c177,48,"FUN_0002c148","Global","unknown",0,"undefined",false,false,false
0x0002c178,0x0002c241,202,"FUN_0002c178","Global","unknown",0,"undefined",false,false,false
0x0002c248,0x0002c27b,52,"FUN_0002c248","Global","unknown",0,"undefined",false,false,false
0x0002c27c,0x0002c29d,34,"FUN_0002c27c","Global","unknown",0,"undefined",false,false,false
0x0002c2a4,0x0002c2eb,72,"FUN_0002c2a4","Global","unknown",0,"undefined",false,false,false
0x0002c2ec,0x0002c3c9,222,"FUN_0002c2ec","Global","unknown",0,"undefined",false,false,false
0x0002c43c,0x0002c4bf,132,"FUN_0002c43c","Global","unknown",0,"undefined",false,false,false
0x0002c4c0,0x0002c4dd,30,"FUN_0002c4c0","Global","unknown",0,"undefined",false,false,false
0x0002c4e4,0x0002c4fb,24,"FUN_0002c4e4","Global","unknown",0,"undefined",false,false,false
0x0002c4fc,0x0002c63b,320,"FUN_0002c4fc","Global","unknown",0,"undefined",false,false,false
0x0002c640,0x0002c691,82,"FUN_0002c640","Global","unknown",0,"undefined",false,false,false
0x0002c694,0x0002c91d,650,"FUN_0002c694","Global","unknown",0,"undefined",false,false,false
0x0002c930,0x0002c941,18,"FUN_0002c930","Global","unknown",0,"undefined",false,false,false
0x0002c944,0x0002ca9b,342,"FUN_0002c944","Global","unknown",0,"undefined",false,false,false
0x0002caa4,0x0002cac5,34,"FUN_0002caa4","Global","unknown",0,"undefined",false,false,false
0x0002cac6,0x0002cad7,18,"FUN_0002cac6","Global","unknown",0,"undefined",false,false,false
0x0002cad8,0x0002cc4f,376,"FUN_0002cad8","Global","unknown",0,"undefined",false,false,false
0x0002cc5c,0x0002cc89,46,"FUN_0002cc5c","Global","unknown",0,"undefined",false,false,false
0x0002cc94,0x0002ccb9,38,"FUN_0002cc94","Global","unknown",0,"undefined",false,false,false
0x0002ccc0,0x0002cccf,16,"FUN_0002ccc0","Global","unknown",0,"undefined",false,false,false
0x0002ccd0,0x0002ccef,32,"FUN_0002ccd0","Global","unknown",0,"undefined",false,false,false
0x0002ccf4,0x0002ccf9,6,"FUN_0002ccf4","Global","unknown",0,"undefined",false,false,false
0x0002cd00,0x0002cd83,132,"FUN_0002cd00","Global","unknown",0,"undefined",false,false,false
0x0002cdd4,0x0002cfa1,462,"FUN_0002cdd4","Global","unknown",0,"undefined",false,false,false
0x0002cfe8,0x0002d161,378,"FUN_0002cfe8","Global","unknown",0,"undefined",false,false,false
0x0002d16c,0x0002d181,22,"FUN_0002d16c","Global","unknown",0,"undefined",false,false,false
0x0002d184,0x0002d31d,410,"FUN_0002d184","Global","unknown",0,"undefined",false,false,false
0x0002d324,0x0002d339,22,"FUN_0002d324","Global","unknown",0,"undefined",false,false,false
0x0002d33c,0x0002d341,6,"FUN_0002d33c","Global","unknown",0,"undefined",false,false,false
0x0002d348,0x0002d34d,6,"FUN_0002d348","Global","unknown",0,"undefined",false,false,false
0x0002d354,0x0002d39d,74,"FUN_0002d354","Global","unknown",0,"undefined",false,false,false
0x0002d3a8,0x0002d3ad,6,"FUN_0002d3a8","Global","unknown",0,"undefined",false,false,false
0x0002d3b4,0x0002d44f,156,"FUN_0002d3b4","Global","unknown",0,"undefined",false,false,false
0x0002d458,0x0002d45b,4,"FUN_0002d458","Global","unknown",0,"undefined",false,false,false
0x0002d460,0x0003752f,294,"FUN_0002d460","Global","unknown",0,"undefined",false,false,false
0x0002d54c,0x0002d5bf,116,"FUN_0002d54c","Global","unknown",0,"undefined",false,false,false
0x0002d5c0,0x0002d657,152,"FUN_0002d5c0","Global","unknown",0,"undefined",false,false,false
0x0002d658,0x0002d667,16,"FUN_0002d658","Global","unknown",0,"undefined",false,false,false
0x0002d66c,0x0002d66d,2,"FUN_0002d66c","Global","unknown",0,"undefined",false,false,false
0x0002d670,0x0002d75d,238,"FUN_0002d670","Global","unknown",0,"undefined",false,false,false
0x0002d824,0x0002d871,78,"FUN_0002d824","Global","unknown",0,"undefined",false,false,false
0x0002d87c,0x0002da5b,480,"FUN_0002d87c","Global","unknown",0,"undefined",false,false,false
0x0002db8c,0x0002df49,958,"FUN_0002db8c","Global","unknown",0,"undefined",false,false,false
0x0002e0d0,0x0002e295,454,"FUN_0002e0d0","Global","unknown",0,"undefined",false,false,false
0x0002e340,0x0002e357,24,"FUN_0002e340","Global","unknown",0,"undefined",false,false,false
0x0002e358,0x0002e36b,144,"FUN_0002e358","Global","unknown",0,"undefined",false,false,false
0x0002e36c,0x0002e50d,418,"FUN_0002e36c","Global","unknown",0,"undefined",false,false,false
0x0002e61c,0x0002e667,76,"FUN_0002e61c","Global","unknown",0,"undefined",false,false,false
0x0002e6a8,0x0002e6b9,42,"FUN_0002e6a8","Global","unknown",0,"undefined",false,false,false
0x0002e6bc,0x0002e6f7,60,"FUN_0002e6bc","Global","unknown",0,"undefined",false,false,false
0x0002e734,0x0002e745,18,"FUN_0002e734","Global","unknown",0,"undefined",false,false,false
0x0002e746,0x0002e775,48,"FUN_0002e746","Global","unknown",0,"undefined",false,false,false
0x0002e778,0x0002e79f,40,"FUN_0002e778","Global","unknown",0,"undefined",false,false,false
0x0002e7a4,0x0002e7bf,28,"FUN_0002e7a4","Global","unknown",0,"undefined",false,false,false
0x0002e7c4,0x0002e871,174,"FUN_0002e7c4","Global","unknown",0,"undefined",false,false,false
0x0002e8c4,0x0002e8c7,4,"FUN_0002e8c4","Global","unknown",0,"undefined",false,false,false
0x0002e8c8,0x0002e8cb,4,"FUN_0002e8c8","Global","unknown",0,"undefined",false,false,false
0x0002e8cc,0x0002e8e7,28,"FUN_0002e8cc","Global","unknown",0,"undefined",false,false,false
0x0002e8e8,0x0002e945,94,"FUN_0002e8e8","Global","unknown",0,"undefined",false,false,false
0x0002e950,0x0002e951,2,"FUN_0002e950","Global","unknown",0,"undefined",false,false,false
0x0002e952,0x000926a9,76,"FUN_0002e952","Global","unknown",0,"undefined",false,false,false
0x0002e964,0x0002ead9,374,"FUN_0002e964","Global","unknown",0,"undefined",false,false,false
0x0002eb0c,0x0002eb2f,36,"FUN_0002eb0c","Global","unknown",0,"undefined",false,false,false
0x0002eb34,0x0002eb49,22,"FUN_0002eb34","Global","unknown",0,"undefined",false,false,false
0x0002eb4e,0x0002eb7f,50,"FUN_0002eb4e","Global","unknown",0,"undefined",false,false,false
0x0002eb80,0x0002eb81,2,"FUN_0002eb80","Global","unknown",0,"undefined",false,false,false
0x0002eb84,0x0002ef25,444,"FUN_0002eb84","Global","unknown",0,"undefined",false,false,false
0x0002ed98,0x0002eda9,100,"FUN_0002ed98","Global","unknown",0,"undefined",false,false,false
0x0002edaa,0x0002edb7,14,"FUN_0002edaa","Global","unknown",0,"undefined",false,false,false
0x0002ede0,0x0002ede5,6,"FUN_0002ede0","Global","unknown",0,"undefined",false,false,false
0x0002edec,0x0002edf5,10,"FUN_0002edec","Global","unknown",0,"undefined",false,false,false
0x0002edfc,0x0002ee27,44,"FUN_0002edfc","Global","unknown",0,"undefined",false,false,false
0x0002ee28,0x0002ee31,10,"FUN_0002ee28","Global","unknown",0,"undefined",false,false,false
0x0002ee38,0x0002ee3d,6,"FUN_0002ee38","Global","unknown",0,"undefined",false,false,false
0x0002ee44,0x0002ee4b,8,"FUN_0002ee44","Global","unknown",0,"undefined",false,false,false
0x0002ee50,0x0002ee73,36,"FUN_0002ee50","Global","unknown",0,"undefined",false,false,false
0x0002ef6c,0x0002f03d,210,"FUN_0002ef6c","Global","unknown",0,"undefined",false,false,false
0x0002f0f8,0x0002f101,10,"FUN_0002f0f8","Global","unknown",0,"undefined",false,false,false
0x0002f108,0x0002f1fd,246,"FUN_0002f108","Global","unknown",0,"undefined",false,false,false
0x0002f224,0x0002f25b,56,"FUN_0002f224","Global","unknown",0,"undefined",false,false,false
0x0002f260,0x0002f2a9,74,"FUN_0002f260","Global","unknown",0,"undefined",false,false,false
0x0002f2f8,0x0002f471,378,"FUN_0002f2f8","Global","unknown",0,"undefined",false,false,false
0x0002f488,0x0002f5d7,336,"FUN_0002f488","Global","unknown",0,"undefined",false,false,false
0x0002f614,0x0002f621,14,"FUN_0002f614","Global","unknown",0,"undefined",false,false,false
0x0002f624,0x0002f657,52,"FUN_0002f624","Global","unknown",0,"undefined",false,false,false
0x0002f65c,0x0002f65f,4,"thunk_FUN_00036bfa","Global","unknown",0,"undefined",true,false,false
0x0002f660,0x0002f7c1,354,"FUN_0002f660","Global","unknown",0,"undefined",false,false,false
0x0002f7dc,0x0002f865,138,"FUN_0002f7dc","Global","unknown",0,"undefined",false,false,false
0x0002f866,0x0002f87f,26,"FUN_0002f866","Global","unknown",0,"undefined",false,false,false
0x0002f880,0x0002fdc7,1274,"FUN_0002f880","Global","unknown",0,"undefined",false,false,false
0x0002fdc8,0x0002fde1,26,"FUN_0002fdc8","Global","unknown",0,"undefined",false,false,false
0x0002fde2,0x0002fdf5,20,"FUN_0002fde2","Global","unknown",0,"undefined",false,false,false
0x0002fdf8,0x0002fe47,80,"FUN_0002fdf8","Global","unknown",0,"undefined",false,false,false
0x0002fe9c,0x0002feab,16,"FUN_0002fe9c","Global","unknown",0,"undefined",false,false,false
0x0002feac,0x000933d7,52,"FUN_0002feac","Global","unknown",0,"undefined",false,false,false
0x0002febc,0x0002fee1,38,"FUN_0002febc","Global","unknown",0,"undefined",false,false,false
0x0002fee2,0x0002ff0d,114,"FUN_0002fee2","Global","unknown",0,"undefined",false,false,false
0x0002ff10,0x00030061,338,"FUN_0002ff10","Global","unknown",0,"undefined",false,false,false
0x00030090,0x0003010f,128,"FUN_00030090","Global","unknown",0,"undefined",false,false,false
0x00030114,0x00030173,96,"FUN_00030114","Global","unknown",0,"undefined",false,false,false
0x00030178,0x00030365,494,"FUN_00030178","Global","unknown",0,"undefined",false,false,false
0x00030368,0x00030485,286,"FUN_00030368","Global","unknown",0,"undefined",false,false,false
0x000304a0,0x000304d5,54,"FUN_000304a0","Global","unknown",0,"undefined",false,false,false
0x000304d8,0x00030523,76,"FUN_000304d8","Global","unknown",0,"undefined",false,false,false
0x000305d8,0x00030609,50,"FUN_000305d8","Global","unknown",0,"undefined",false,false,false
0x0003060c,0x000307eb,480,"FUN_0003060c","Global","unknown",0,"undefined",false,false,false
0x00030800,0x0003096b,364,"FUN_00030800","Global","unknown",0,"undefined",false,false,false
0x00030970,0x000309db,108,"FUN_00030970","Global","unknown",0,"undefined",false,false,false
0x000309dc,0x00030abb,224,"FUN_000309dc","Global","unknown",0,"undefined",false,false,false
0x00030ac8,0x00030b61,154,"FUN_00030ac8","Global","unknown",0,"undefined",false,false,false
0x00030b6c,0x00030c97,300,"FUN_00030b6c","Global","unknown",0,"undefined",false,false,false
0x00030ca8,0x00030caf,8,"FUN_00030ca8","Global","unknown",0,"undefined",false,false,false
0x00030cb8,0x00030cbf,8,"FUN_00030cb8","Global","unknown",0,"undefined",false,false,false
0x00030cc8,0x00030ccf,8,"FUN_00030cc8","Global","unknown",0,"undefined",false,false,false
0x00030cd8,0x00030e0f,312,"FUN_00030cd8","Global","unknown",0,"undefined",false,false,false
0x00030e1c,0x00030e63,72,"FUN_00030e1c","Global","unknown",0,"undefined",false,false,false
0x00030e6c,0x0003101d,434,"FUN_00030e6c","Global","unknown",0,"undefined",false,false,false
0x0003113c,0x00031623,1240,"FUN_0003113c","Global","unknown",0,"undefined",false,false,false
0x00031624,0x000316e3,192,"FUN_00031624","Global","unknown",0,"undefined",false,false,false
0x000316e8,0x00031747,96,"FUN_000316e8","Global","unknown",0,"undefined",false,false,false
0x00031750,0x000729e5,162,"FUN_00031750","Global","unknown",0,"undefined",false,false,false
0x00031774,0x000317c5,82,"FUN_00031774","Global","unknown",0,"undefined",false,false,false
0x000317cc,0x0003190b,318,"FUN_000317cc","Global","unknown",0,"undefined",false,false,false
0x00031914,0x00031943,48,"FUN_00031914","Global","unknown",0,"undefined",false,false,false
0x00031948,0x0003194b,4,"thunk_FUN_00036d68","Global","unknown",0,"undefined",true,false,false
0x0003194c,0x00031963,24,"FUN_0003194c","Global","unknown",0,"undefined",false,false,false
0x00031964,0x000319db,120,"FUN_00031964","Global","unknown",0,"undefined",false,false,false
0x000319e0,0x00031a13,52,"FUN_000319e0","Global","unknown",0,"undefined",false,false,false
0x00031a18,0x00031a6d,86,"FUN_00031a18","Global","unknown",0,"undefined",false,false,false
0x00031a74,0x00031a7b,8,"FUN_00031a74","Global","unknown",0,"undefined",false,false,false
0x00031a84,0x00093b2f,410,"FUN_00031a84","Global","unknown",0,"undefined",false,false,false
0x00031a94,0x00031adf,76,"FUN_00031a94","Global","unknown",0,"undefined",false,false,false
0x00031b32,0x00031b45,20,"FUN_00031b32","Global","unknown",0,"undefined",false,false,false
0x00031b46,0x00031b61,28,"FUN_00031b46","Global","unknown",0,"undefined",false,false,false
0x00031b62,0x00031b95,52,"FUN_00031b62","Global","unknown",0,"undefined",false,false,false
0x00031b96,0x00031bb3,30,"FUN_00031b96","Global","unknown",0,"undefined",false,false,false
0x00031bf4,0x00031c09,22,"FUN_00031bf4","Global","unknown",0,"undefined",false,false,false
0x00031c0a,0x00031c25,28,"FUN_00031c0a","Global","unknown",0,"undefined",false,false,false
0x00031c26,0x00031c4f,42,"FUN_00031c26","Global","unknown",0,"undefined",false,false,false
0x00031ca4,0x00031cb5,18,"FUN_00031ca4","Global","unknown",0,"undefined",false,false,false
0x00031cb6,0x00031cd1,28,"FUN_00031cb6","Global","unknown",0,"undefined",false,false,false
0x00031cd2,0x00031cd7,26,"FUN_00031cd2","Global","unknown",0,"undefined",false,false,false
0x00031d36,0x00031d51,28,"FUN_00031d36","Global","unknown",0,"undefined",false,false,false
0x00031d78,0x00031d85,14,"FUN_00031d78","Global","unknown",0,"undefined",false,false,false
0x00031d88,0x00031dbd,54,"FUN_00031d88","Global","unknown",0,"undefined",false,false,false
0x00031dc8,0x00031dd9,18,"FUN_00031dc8","Global","unknown",0,"undefined",false,false,false
0x00031dda,0x00031e0d,52,"FUN_00031dda","Global","unknown",0,"undefined",false,false,false
0x00031e0e,0x00031e21,20,"FUN_00031e0e","Global","unknown",0,"undefined",false,false,false
0x00031e22,0x00031e51,48,"FUN_00031e22","Global","unknown",0,"undefined",false,false,false
0x00031e64,0x00031e97,52,"FUN_00031e64","Global","unknown",0,"undefined",false,false,false
0x00031e98,0x00031f09,114,"FUN_00031e98","Global","unknown",0,"undefined",false,false,false
0x00031f2c,0x00031f39,14,"FUN_00031f2c","Global","unknown",0,"undefined",false,false,false
0x00031f3a,0x00031fab,114,"FUN_00031f3a","Global","unknown",0,"undefined",false,false,false
0x00031fc0,0x00031fc7,8,"FUN_00031fc0","Global","unknown",0,"undefined",false,false,false
0x00031fcc,0x00031fcf,4,"FUN_00031fcc","Global","unknown",0,"undefined",false,false,false
0x00031fd0,0x00032165,406,"FUN_00031fd0","Global","unknown",0,"undefined",false,false,false
0x00032198,0x0003233f,424,"FUN_00032198","Global","unknown",0,"undefined",false,false,false
0x00032408,0x00032519,272,"FUN_00032408","Global","unknown",0,"undefined",false,false,false
0x00032598,0x000326b1,280,"FUN_00032598","Global","unknown",0,"undefined",false,false,false
0x00032730,0x0003273f,16,"FUN_00032730","Global","unknown",0,"undefined",false,false,false
0x00032744,0x0009293d,86,"FUN_00032744","Global","unknown",0,"undefined",false,false,false
0x00032788,0x000327df,88,"FUN_00032788","Global","unknown",0,"undefined",false,false,false
0x000327e4,0x00032805,34,"FUN_000327e4","Global","unknown",0,"undefined",false,false,false
0x00032808,0x0003332f,2814,"FUN_00032808","Global","unknown",0,"undefined",false,false,false
0x00033330,0x0003334b,28,"FUN_00033330","Global","unknown",0,"undefined",false,false,false
0x00033350,0x00033363,20,"FUN_00033350","Global","unknown",0,"undefined",false,false,false
0x00033364,0x00033575,530,"FUN_00033364","Global","unknown",0,"undefined",false,false,false
0x000335b4,0x000337bd,522,"FUN_000335b4","Global","unknown",0,"undefined",false,false,false
0x00033800,0x00033825,38,"FUN_00033800","Global","unknown",0,"undefined",false,false,false
0x00033828,0x00033831,10,"FUN_00033828","Global","unknown",0,"undefined",false,false,false
0x0003383c,0x00072a31,78,"FUN_0003383c","Global","unknown",0,"undefined",false,false,false
0x00033850,0x00033981,306,"FUN_00033850","Global","unknown",0,"undefined",false,false,false
0x00033af8,0x00033c4d,342,"FUN_00033af8","Global","unknown",0,"undefined",false,false,false
0x00033dbc,0x00033f1d,354,"FUN_00033dbc","Global","unknown",0,"undefined",false,false,false
0x00034064,0x0003406f,12,"FUN_00034064","Global","unknown",0,"undefined",false,false,false
0x00034070,0x0003e48b,548,"FUN_00034070","Global","unknown",0,"undefined",false,false,false
0x000340a0,0x0003418b,236,"FUN_000340a0","Global","unknown",0,"undefined",false,false,false
0x00034194,0x00034409,630,"FUN_00034194","Global","unknown",0,"undefined",false,false,false
0x00034410,0x00034415,6,"FUN_00034410","Global","unknown",0,"undefined",false,false,false
0x0003441c,0x0003448f,116,"FUN_0003441c","Global","unknown",0,"undefined",false,false,false
0x00034490,0x000344f9,106,"FUN_00034490","Global","unknown",0,"undefined",false,false,false
0x00034500,0x0003497b,1102,"FUN_00034500","Global","unknown",0,"undefined",false,false,false
0x0003497c,0x00034a2f,180,"FUN_0003497c","Global","unknown",0,"undefined",false,false,false
0x00034a3c,0x00034a57,28,"FUN_00034a3c","Global","unknown",0,"undefined",false,false,false
0x00034a58,0x00034a65,14,"FUN_00034a58","Global","unknown",0,"undefined",false,false,false
0x00034a66,0x00034a7b,22,"FUN_00034a66","Global","unknown",0,"undefined",false,false,false
0x00034a7c,0x00034a95,26,"FUN_00034a7c","Global","unknown",0,"undefined",false,false,false
0x00034aa0,0x00034b01,98,"FUN_00034aa0","Global","unknown",0,"undefined",false,false,false
0x00034b08,0x00034b53,76,"FUN_00034b08","Global","unknown",0,"undefined",false,false,false
0x00034b54,0x00034caf,348,"FUN_00034b54","Global","unknown",0,"undefined",false,false,false
0x00034cbc,0x00035079,956,"FUN_00034cbc","Global","unknown",0,"undefined",false,false,false
0x00035084,0x000350d7,84,"FUN_00035084","Global","unknown",0,"undefined",false,false,false
0x0003510c,0x000351eb,224,"FUN_0003510c","Global","unknown",0,"undefined",false,false,false
0x00035272,0x00035299,26,"FUN_00035272","Global","unknown",0,"undefined",false,false,false
0x0003529a,0x00035309,96,"FUN_0003529a","Global","unknown",0,"undefined",false,false,false
0x0003530c,0x00035391,134,"FUN_0003530c","Global","unknown",0,"undefined",false,false,false
0x0003540c,0x00035411,6,"FUN_0003540c","Global","unknown",0,"undefined",false,false,false
0x00035412,0x00035419,8,"FUN_00035412","Global","unknown",0,"undefined",false,false,false
0x0003541c,0x00035437,28,"FUN_0003541c","Global","unknown",0,"undefined",false,false,false
0x00035508,0x00035589,130,"FUN_00035508","Global","unknown",0,"undefined",false,false,false
0x000355a8,0x000355bb,20,"FUN_000355a8","Global","unknown",0,"undefined",false,false,false
0x000355bc,0x00035625,106,"FUN_000355bc","Global","unknown",0,"undefined",false,false,false
0x00035684,0x00035697,20,"FUN_00035684","Global","unknown",0,"undefined",false,false,false
0x00035698,0x0003570b,116,"FUN_00035698","Global","unknown",0,"undefined",false,false,false
0x00035760,0x00050831,78,"FUN_00035760","Global","unknown",0,"undefined",false,false,false
0x00035766,0x00035771,12,"FUN_00035766","Global","unknown",0,"undefined",false,false,false
0x00035772,0x000357a1,48,"FUN_00035772","Global","unknown",0,"undefined",false,false,false
0x000357a2,0x000357cd,44,"FUN_000357a2","Global","unknown",0,"undefined",false,false,false
0x000357ce,0x00035811,68,"FUN_000357ce","Global","unknown",0,"undefined",false,false,false
0x00035812,0x0003584f,62,"FUN_00035812","Global","unknown",0,"undefined",false,false,false
0x00035850,0x00035d11,1162,"FUN_00035850","Global","unknown",0,"undefined",false,false,false
0x00035d12,0x00035d6d,92,"FUN_00035d12","Global","unknown",0,"undefined",false,false,false
0x00035d6e,0x00035e31,196,"FUN_00035d6e","Global","unknown",0,"undefined",false,false,false
0x00035e34,0x00035f25,242,"FUN_00035e34","Global","unknown",0,"undefined",false,false,false
0x00035f44,0x00035f6f,44,"FUN_00035f44","Global","unknown",0,"undefined",false,false,false
0x00035f70,0x0003602f,192,"FUN_00035f70","Global","unknown",0,"undefined",false,false,false
0x00036034,0x000361bf,394,"FUN_00036034","Global","unknown",0,"undefined",false,false,false
0x000361d8,0x0003622f,88,"FUN_000361d8","Global","unknown",0,"undefined",false,false,false
0x00036230,0x0003623b,12,"FUN_00036230","Global","unknown",0,"undefined",false,false,false
0x0003623c,0x00036281,70,"FUN_0003623c","Global","unknown",0,"undefined",false,false,false
0x00036282,0x000362b5,52,"FUN_00036282","Global","unknown",0,"undefined",false,false,false
0x000362b6,0x000362f3,62,"FUN_000362b6","Global","unknown",0,"undefined",false,false,false
0x00036394,0x00036401,110,"FUN_00036394","Global","unknown",0,"undefined",false,false,false
0x00036408,0x00036573,364,"FUN_00036408","Global","unknown",0,"undefined",false,false,false
0x00036590,0x000366fb,364,"FUN_00036590","Global","unknown",0,"undefined",false,false,false
0x00036718,0x00036731,26,"FUN_00036718","Global","unknown",0,"undefined",false,false,false
0x00036734,0x000367bf,140,"FUN_00036734","Global","unknown",0,"undefined",false,false,false
0x000367c4,0x000368a9,230,"FUN_000367c4","Global","unknown",0,"undefined",false,false,false
0x000368d0,0x0003696f,160,"FUN_000368d0","Global","unknown",0,"undefined",false,false,false
0x00036974,0x00036b3f,460,"FUN_00036974","Global","unknown",0,"undefined",false,false,false
0x00036b58,0x00036bcb,116,"FUN_00036b58","Global","unknown",0,"undefined",false,false,false
0x00036bd4,0x00036bf9,38,"FUN_00036bd4","Global","unknown",0,"undefined",false,false,false
0x00036bfa,0x00036c25,44,"FUN_00036bfa","Global","unknown",0,"undefined",false,false,false
0x00036c26,0x0009910f,262,"FUN_00036c26","Global","unknown",0,"undefined",false,false,false
0x00036c32,0x00036c5f,46,"FUN_00036c32","Global","unknown",0,"undefined",false,false,false
0x00036c60,0x00036c79,26,"FUN_00036c60","Global","unknown",0,"undefined",false,false,false
0x00036c7c,0x00036d5f,228,"FUN_00036c7c","Global","unknown",0,"undefined",false,false,false
0x00036d68,0x00036db7,80,"FUN_00036d68","Global","unknown",0,"undefined",false,false,false
0x00036dd4,0x00036eab,216,"FUN_00036dd4","Global","unknown",0,"undefined",false,false,false
0x00036eb4,0x00036efb,72,"FUN_00036eb4","Global","unknown",0,"undefined",false,false,false
0x00036efc,0x00036f71,118,"FUN_00036efc","Global","unknown",0,"undefined",false,false,false
0x00036f72,0x00036f87,22,"FUN_00036f72","Global","unknown",0,"undefined",false,false,false
0x00036f88,0x0003726f,744,"FUN_00036f88","Global","unknown",0,"undefined",false,false,false
0x0003727c,0x0005a65b,100,"FUN_0003727c","Global","unknown",0,"undefined",false,false,false
0x000372b0,0x00037385,214,"FUN_000372b0","Global","unknown",0,"undefined",false,false,false
0x0003738c,0x000373a1,22,"FUN_0003738c","Global","unknown",0,"undefined",false,false,false
0x000373a4,0x0003747b,216,"FUN_000373a4","Global","unknown",0,"undefined",false,false,false
0x00037530,0x00037549,26,"FUN_00037530","Global","unknown",0,"undefined",false,false,false
0x0003754a,0x0003754b,2,"thunk_FUN_00037574","Global","unknown",0,"undefined",true,false,false
0x00037574,0x0003757b,48,"FUN_00037574","Global","unknown",0,"undefined",false,false,false
0x0003757c,0x00037587,12,"FUN_0003757c","Global","unknown",0,"undefined",false,false,false
0x00037588,0x000376fb,372,"FUN_00037588","Global","unknown",0,"undefined",false,false,false
0x00037710,0x0003771f,16,"FUN_00037710","Global","unknown",0,"undefined",false,false,false
0x00037720,0x00037737,24,"FUN_00037720","Global","unknown",0,"undefined",false,false,false
0x0003773c,0x000377d1,150,"FUN_0003773c","Global","unknown",0,"undefined",false,false,false
0x000377d8,0x00037889,178,"FUN_000377d8","Global","unknown",0,"undefined",false,false,false
0x00037890,0x00037a83,500,"FUN_00037890","Global","unknown",0,"undefined",false,false,false
0x00037a84,0x00037b5f,220,"FUN_00037a84","Global","unknown",0,"undefined",false,false,false
0x00037b68,0x00037b7f,24,"FUN_00037b68","Global","unknown",0,"undefined",false,false,false
0x00037b80,0x00037da9,554,"FUN_00037b80","Global","unknown",0,"undefined",false,false,false
0x00037db4,0x00037deb,56,"FUN_00037db4","Global","unknown",0,"undefined",false,false,false
0x00037dec,0x00037e89,158,"FUN_00037dec","Global","unknown",0,"undefined",false,false,false
0x00037e8a,0x00037eb5,44,"FUN_00037e8a","Global","unknown",0,"undefined",false,false,false
0x00037eb6,0x00037f0f,90,"FUN_00037eb6","Global","unknown",0,"undefined",false,false,false
0x00037f10,0x00037f51,66,"FUN_00037f10","Global","unknown",0,"undefined",false,false,false
0x00037f54,0x00038021,206,"FUN_00037f54","Global","unknown",0,"undefined",false,false,false
0x00038030,0x0003804b,28,"FUN_00038030","Global","unknown",0,"undefined",false,false,false
0x00038060,0x00038075,22,"FUN_00038060","Global","unknown",0,"undefined",false,false,false
0x00038080,0x000380af,48,"FUN_00038080","Global","unknown",0,"undefined",false,false,false
0x000380b4,0x000380d5,34,"FUN_000380b4","Global","unknown",0,"undefined",false,false,false
0x000380dc,0x00038109,46,"FUN_000380dc","Global","unknown",0,"undefined",false,false,false
0x00038110,0x0003813f,48,"FUN_00038110","Global","unknown",0,"undefined",false,false,false
0x00038140,0x00038165,38,"FUN_00038140","Global","unknown",0,"undefined",false,false,false
0x00038166,0x0003817f,26,"FUN_00038166","Global","unknown",0,"undefined",false,false,false
0x00038180,0x00038199,26,"FUN_00038180","Global","unknown",0,"undefined",false,false,false
0x000381c8,0x000381e1,26,"FUN_000381c8","Global","unknown",0,"undefined",false,false,false
0x000381f0,0x0003845d,622,"FUN_000381f0","Global","unknown",0,"undefined",false,false,false
0x000384c8,0x00038719,594,"FUN_000384c8","Global","unknown",0,"undefined",false,false,false
0x00038774,0x0003889b,296,"FUN_00038774","Global","unknown",0,"undefined",false,false,false
0x000388d8,0x000389d3,252,"FUN_000388d8","Global","unknown",0,"undefined",false,false,false
0x000389f0,0x00038a51,98,"FUN_000389f0","Global","unknown",0,"undefined",false,false,false
0x00038a5c,0x00038b73,280,"FUN_00038a5c","Global","unknown",0,"undefined",false,false,false
0x00038bb0,0x00038e79,714,"FUN_00038bb0","Global","unknown",0,"undefined",false,false,false
0x00038f08,0x000390b1,426,"FUN_00038f08","Global","unknown",0,"undefined",false,false,false
0x000390f0,0x00039103,20,"FUN_000390f0","Global","unknown",0,"undefined",false,false,false
0x00039108,0x00039203,252,"FUN_00039108","Global","unknown",0,"undefined",false,false,false
0x00039220,0x00039281,98,"FUN_00039220","Global","unknown",0,"undefined",false,false,false
0x00039290,0x000392d7,72,"FUN_00039290","Global","unknown",0,"undefined",false,false,false
0x000392d8,0x0003931f,72,"FUN_000392d8","Global","unknown",0,"undefined",false,false,false
0x00039320,0x00039687,872,"FUN_00039320","Global","unknown",0,"undefined",false,false,false
0x000396e4,0x0003982f,332,"FUN_000396e4","Global","unknown",0,"undefined",false,false,false
0x00039864,0x000399a3,320,"FUN_00039864","Global","unknown",0,"undefined",false,false,false
0x000399d0,0x0003b577,2900,"FUN_000399d0","Global","unknown",0,"undefined",false,false,false
0x0003a620,0x0003ac65,1524,"FUN_0003a620","Global","unknown",0,"undefined",false,false,false
0x0003ac88,0x0003ad49,192,"FUN_0003ac88","Global","unknown",0,"undefined",false,false,false
0x0003ad68,0x0003ae01,154,"FUN_0003ad68","Global","unknown",0,"undefined",false,false,false
0x0003ae04,0x0003af5b,344,"FUN_0003ae04","Global","unknown",0,"undefined",false,false,false
0x0003af94,0x0003b00d,122,"FUN_0003af94","Global","unknown",0,"undefined",false,false,false
0x0003b00e,0x0003b047,58,"FUN_0003b00e","Global","unknown",0,"undefined",false,false,false
0x0003b048,0x0003badd,332,"FUN_0003b048","Global","unknown",0,"undefined",false,false,false
0x0003b1c8,0x0003b54b,326,"FUN_0003b1c8","Global","unknown",0,"undefined",false,false,false
0x0003b328,0x0003bacd,214,"FUN_0003b328","Global","unknown",0,"undefined",false,false,false
0x0003b40c,0x0003b503,248,"FUN_0003b40c","Global","unknown",0,"undefined",false,false,false
0x0003b508,0x0003b523,28,"FUN_0003b508","Global","unknown",0,"undefined",false,false,false
0x0003b580,0x0003b597,24,"FUN_0003b580","Global","unknown",0,"undefined",false,false,false
0x0003b5a0,0x0003b5b7,24,"FUN_0003b5a0","Global","unknown",0,"undefined",false,false,false
0x0003b5c0,0x0003bab3,1092,"FUN_0003b5c0","Global","unknown",0,"undefined",false,false,false
0x0003bab4,0x0003bac1,14,"FUN_0003bab4","Global","unknown",0,"undefined",false,false,false
0x0003bae4,0x0003baed,10,"FUN_0003bae4","Global","unknown",0,"undefined",false,false,false
0x0003baf4,0x0003bafd,10,"FUN_0003baf4","Global","unknown",0,"undefined",false,false,false
0x0003bb04,0x0003bc3f,316,"FUN_0003bb04","Global","unknown",0,"undefined",false,false,false
0x0003bc78,0x0003bc97,32,"FUN_0003bc78","Global","unknown",0,"undefined",false,false,false
0x0003bc9c,0x0003bca1,6,"FUN_0003bc9c","Global","unknown",0,"undefined",false,false,false
0x0003bca8,0x0003bcf3,76,"FUN_0003bca8","Global","unknown",0,"undefined",false,false,false
0x0003bcf8,0x0003bd4b,84,"FUN_0003bcf8","Global","unknown",0,"undefined",false,false,false
0x0003bdac,0x0003bdd5,42,"FUN_0003bdac","Global","unknown",0,"undefined",false,false,false
0x0003bdd8,0x0003be65,142,"FUN_0003bdd8","Global","unknown",0,"undefined",false,false,false
0x0003bed0,0x0003bedd,14,"FUN_0003bed0","Global","unknown",0,"undefined",false,false,false
0x0003bee4,0x0003bfd5,242,"FUN_0003bee4","Global","unknown",0,"undefined",false,false,false
0x0003c304,0x0003c4a1,414,"FUN_0003c304","Global","unknown",0,"undefined",false,false,false
0x0003c578,0x0003c795,542,"FUN_0003c578","Global","unknown",0,"undefined",false,false,false
0x0003c958,0x0003cb03,428,"FUN_0003c958","Global","unknown",0,"undefined",false,false,false
0x0003cb80,0x0003cccd,334,"FUN_0003cb80","Global","unknown",0,"undefined",false,false,false
0x0003cd24,0x0003cd79,86,"FUN_0003cd24","Global","unknown",0,"undefined",false,false,false
0x0003cd80,0x0003ce11,146,"FUN_0003cd80","Global","unknown",0,"undefined",false,false,false
0x0003ce44,0x0003cea1,94,"FUN_0003ce44","Global","unknown",0,"undefined",false,false,false
0x0003ceec,0x0003d069,378,"FUN_0003ceec","Global","unknown",0,"undefined",false,false,false
0x0003d06c,0x0003d0b3,72,"FUN_0003d06c","Global","unknown",0,"undefined",false,false,false
0x0003d0c0,0x0003d0e9,42,"FUN_0003d0c0","Global","unknown",0,"undefined",false,false,false
0x0003d268,0x0003d38d,294,"FUN_0003d268","Global","unknown",0,"undefined",false,false,false
0x0003d45c,0x0003d63b,480,"FUN_0003d45c","Global","unknown",0,"undefined",false,false,false
0x0003d724,0x0003d759,54,"FUN_0003d724","Global","unknown",0,"undefined",false,false,false
0x0003d764,0x0003d7a3,64,"FUN_0003d764","Global","unknown",0,"undefined",false,false,false
0x0003d7ac,0x0003d7c1,22,"FUN_0003d7ac","Global","unknown",0,"undefined",false,false,false
0x0003d7cc,0x0003d7f3,40,"FUN_0003d7cc","Global","unknown",0,"undefined",false,false,false
0x0003d7fc,0x0003d813,24,"FUN_0003d7fc","Global","unknown",0,"undefined",false,false,false
0x0003d834,0x0003d885,82,"FUN_0003d834","Global","unknown",0,"undefined",false,false,false
0x0003d88c,0x0003d93b,176,"FUN_0003d88c","Global","unknown",0,"undefined",false,false,false
0x0003d9b8,0x0003dac3,268,"FUN_0003d9b8","Global","unknown",0,"undefined",false,false,false
0x0003db70,0x0003dc7f,272,"FUN_0003db70","Global","unknown",0,"undefined",false,false,false
0x0003dd0c,0x0003dd9b,144,"FUN_0003dd0c","Global","unknown",0,"undefined",false,false,false
0x0003dda0,0x0003ddef,80,"FUN_0003dda0","Global","unknown",0,"undefined",false,false,false
0x0003ddf4,0x0003de1b,40,"FUN_0003ddf4","Global","unknown",0,"undefined",false,false,false
0x0003de20,0x0003df09,234,"FUN_0003de20","Global","unknown",0,"undefined",false,false,false
0x0003df18,0x0003df7f,104,"FUN_0003df18","Global","unknown",0,"undefined",false,false,false
0x0003dff8,0x0003e00d,22,"FUN_0003dff8","Global","unknown",0,"undefined",false,false,false
0x0003e6b0,0x0003e6c5,68,"FUN_0003e6b0","Global","unknown",0,"undefined",false,false,false
0x0003e6c8,0x0003e79f,216,"FUN_0003e6c8","Global","unknown",0,"undefined",false,false,false
0x0003e7a8,0x0003e87f,216,"FUN_0003e7a8","Global","unknown",0,"undefined",false,false,false
0x0003e884,0x0003e8ad,42,"FUN_0003e884","Global","unknown",0,"undefined",false,false,false
0x0003e8ae,0x0003e8b3,6,"FUN_0003e8ae","Global","unknown",0,"undefined",false,false,false
0x0003e8b4,0x0003e8db,40,"FUN_0003e8b4","Global","unknown",0,"undefined",false,false,false
0x0003e8dc,0x0003e8fb,32,"FUN_0003e8dc","Global","unknown",0,"undefined",false,false,false
0x0003e8fc,0x0003e91d,34,"FUN_0003e8fc","Global","unknown",0,"undefined",false,false,false
0x0003e924,0x0003e937,20,"FUN_0003e924","Global","unknown",0,"undefined",false,false,false
0x0003e938,0x0003ebe9,690,"FUN_0003e938","Global","unknown",0,"undefined",false,false,false
0x0003ec78,0x0003ed01,138,"FUN_0003ec78","Global","unknown",0,"undefined",false,false,false
0x0003ed0c,0x0003ed33,40,"FUN_0003ed0c","Global","unknown",0,"undefined",false,false,false
0x0003ed34,0x0003edc1,142,"FUN_0003ed34","Global","unknown",0,"undefined",false,false,false
0x0003ee34,0x0003ef3b,264,"FUN_0003ee34","Global","unknown",0,"undefined",false,false,false
0x0003efd8,0x0003f00d,54,"FUN_0003efd8","Global","unknown",0,"undefined",false,false,false
0x0003f014,0x0003f021,14,"FUN_0003f014","Global","unknown",0,"undefined",false,false,false
0x0003f022,0x0003f03d,28,"FUN_0003f022","Global","unknown",0,"undefined",false,false,false
0x0003f03e,0x0003f059,28,"FUN_0003f03e","Global","unknown",0,"undefined",false,false,false
0x0003f05a,0x0003f075,28,"FUN_0003f05a","Global","unknown",0,"undefined",false,false,false
0x0003f076,0x0003f093,30,"FUN_0003f076","Global","unknown",0,"undefined",false,false,false
0x0003f094,0x0003f1cd,314,"FUN_0003f094","Global","unknown",0,"undefined",false,false,false
0x0003f2ec,0x0003f333,72,"FUN_0003f2ec","Global","unknown",0,"undefined",false,false,false
0x0003f384,0x0003f3ad,42,"FUN_0003f384","Global","unknown",0,"undefined",false,false,false
0x0003f3b0,0x0003f411,98,"FUN_0003f3b0","Global","unknown",0,"undefined",false,false,false
0x0003f530,0x0003f69d,366,"FUN_0003f530","Global","unknown",0,"undefined",false,false,false
0x0003f740,0x0003f7e7,168,"FUN_0003f740","Global","unknown",0,"undefined",false,false,false
0x0003f7f8,0x0003f89b,164,"FUN_0003f7f8","Global","unknown",0,"undefined",false,false,false
0x0003f89c,0x0003f9d7,316,"FUN_0003f89c","Global","unknown",0,"undefined",false,false,false
0x0003f9dc,0x0003fa2f,84,"FUN_0003f9dc","Global","unknown",0,"undefined",false,false,false
0x0003fa84,0x0003faa3,32,"FUN_0003fa84","Global","unknown",0,"undefined",false,false,false
0x0003faa4,0x0003fb31,142,"FUN_0003faa4","Global","unknown",0,"undefined",false,false,false
0x0003fb90,0x0003fb9d,14,"FUN_0003fb90","Global","unknown",0,"undefined",false,false,false
0x0003fba4,0x0003fc5d,186,"FUN_0003fba4","Global","unknown",0,"undefined",false,false,false
0x0003fef4,0x0004005f,364,"FUN_0003fef4","Global","unknown",0,"undefined",false,false,false
0x0004011c,0x0004033d,546,"FUN_0004011c","Global","unknown",0,"undefined",false,false,false
0x00040508,0x00040691,394,"FUN_00040508","Global","unknown",0,"undefined",false,false,false
0x00040700,0x00040831,306,"FUN_00040700","Global","unknown",0,"undefined",false,false,false
0x000408b8,0x0004090b,84,"FUN_000408b8","Global","unknown",0,"undefined",false,false,false
0x00040964,0x00040983,32,"FUN_00040964","Global","unknown",0,"undefined",false,false,false
0x00040984,0x00040a17,148,"FUN_00040984","Global","unknown",0,"undefined",false,false,false
0x00040a74,0x00040a81,14,"FUN_00040a74","Global","unknown",0,"undefined",false,false,false
0x00040a88,0x00040b45,190,"FUN_00040a88","Global","unknown",0,"undefined",false,false,false
0x00040de0,0x00040f5b,380,"FUN_00040de0","Global","unknown",0,"undefined",false,false,false
0x0004101c,0x00041263,584,"FUN_0004101c","Global","unknown",0,"undefined",false,false,false
0x00041438,0x000415c9,402,"FUN_00041438","Global","unknown",0,"undefined",false,false,false
0x00041638,0x00041767,304,"FUN_00041638","Global","unknown",0,"undefined",false,false,false
0x00041800,0x00041815,22,"FUN_00041800","Global","unknown",0,"undefined",false,false,false
0x00041816,0x000419c7,434,"FUN_00041816","Global","unknown",0,"undefined",false,false,false
0x000419c8,0x00041a3f,120,"FUN_000419c8","Global","unknown",0,"undefined",false,false,false
0x00041a40,0x00041bb3,372,"FUN_00041a40","Global","unknown",0,"undefined",false,false,false
0x00041c5c,0x00041d01,166,"FUN_00041c5c","Global","unknown",0,"undefined",false,false,false
0x00041d08,0x00041d2b,36,"FUN_00041d08","Global","unknown",0,"undefined",false,false,false
0x00041d30,0x00041e7b,332,"FUN_00041d30","Global","unknown",0,"undefined",false,false,false
0x00041e80,0x00041f41,194,"FUN_00041e80","Global","unknown",0,"undefined",false,false,false
0x00041f4c,0x0004201d,210,"FUN_00041f4c","Global","unknown",0,"undefined",false,false,false
0x00042024,0x00042107,228,"FUN_00042024","Global","unknown",0,"undefined",false,false,false
0x000425b0,0x0004270f,352,"FUN_000425b0","Global","unknown",0,"undefined",false,false,false
0x00042bd0,0x00042d0b,316,"FUN_00042bd0","Global","unknown",0,"undefined",false,false,false
0x00042d1c,0x00042d21,6,"FUN_00042d1c","Global","unknown",0,"undefined",false,false,false
0x00042ec4,0x00042ed3,16,"FUN_00042ec4","Global","unknown",0,"undefined",false,false,false
0x0004304c,0x0004307d,50,"FUN_0004304c","Global","unknown",0,"undefined",false,false,false
0x00043080,0x00043727,1656,"FUN_00043080","Global","unknown",0,"undefined",false,false,false
0x00043734,0x00043757,36,"FUN_00043734","Global","unknown",0,"undefined",false,false,false
0x00043758,0x00043785,46,"FUN_00043758","Global","unknown",0,"undefined",false,false,false
0x00043860,0x0004387b,28,"FUN_00043860","Global","unknown",0,"undefined",false,false,false
0x0004387c,0x00043b29,686,"FUN_0004387c","Global","unknown",0,"undefined",false,false,false
0x00043b30,0x00043b6d,62,"FUN_00043b30","Global","unknown",0,"undefined",false,false,false
0x00043b74,0x00043b87,20,"FUN_00043b74","Global","unknown",0,"undefined",false,false,false
0x00043b8c,0x00043baf,36,"FUN_00043b8c","Global","unknown",0,"undefined",false,false,false
0x00043bd4,0x00043c27,84,"FUN_00043bd4","Global","unknown",0,"undefined",false,false,false
0x00043c80,0x00043c9f,32,"FUN_00043c80","Global","unknown",0,"undefined",false,false,false
0x00043ca0,0x00043d2d,142,"FUN_00043ca0","Global","unknown",0,"undefined",false,false,false
0x00043d90,0x00043d9d,14,"FUN_00043d90","Global","unknown",0,"undefined",false,false,false
0x00043da4,0x00043e5d,186,"FUN_00043da4","Global","unknown",0,"undefined",false,false,false
0x000440c4,0x0004422f,364,"FUN_000440c4","Global","unknown",0,"undefined",false,false,false
0x000442f4,0x00044515,546,"FUN_000442f4","Global","unknown",0,"undefined",false,false,false
0x000446b4,0x0004483d,394,"FUN_000446b4","Global","unknown",0,"undefined",false,false,false
0x000448b0,0x000449e1,306,"FUN_000448b0","Global","unknown",0,"undefined",false,false,false
0x00044a6c,0x00044a75,10,"FUN_00044a6c","Global","unknown",0,"undefined",false,false,false
0x00044a78,0x00044bd3,348,"FUN_00044a78","Global","unknown",0,"undefined",false,false,false
0x00044bec,0x00044c33,72,"FUN_00044bec","Global","unknown",0,"undefined",false,false,false
0x00044c90,0x00044c95,84,"FUN_00044c90","Global","unknown",0,"undefined",false,false,false
0x00044c9c,0x00044cdb,64,"FUN_00044c9c","Global","unknown",0,"undefined",false,false,false
0x00044ce8,0x00044dcd,230,"FUN_00044ce8","Global","unknown",0,"undefined",false,false,false
0x00044ec0,0x00044ed3,20,"FUN_00044ec0","Global","unknown",0,"undefined",false,false,false
0x00044ed8,0x00044eeb,20,"FUN_00044ed8","Global","unknown",0,"undefined",false,false,false
0x00044ef0,0x00044f13,36,"FUN_00044ef0","Global","unknown",0,"undefined",false,false,false
0x00044f20,0x00044f43,36,"FUN_00044f20","Global","unknown",0,"undefined",false,false,false
0x00044f50,0x00044fe9,154,"FUN_00044f50","Global","unknown",0,"undefined",false,false,false
0x0004503c,0x0004504f,20,"FUN_0004503c","Global","unknown",0,"undefined",false,false,false
0x00045054,0x00045077,36,"FUN_00045054","Global","unknown",0,"undefined",false,false,false
0x00045084,0x00045097,20,"FUN_00045084","Global","unknown",0,"undefined",false,false,false
0x0004509c,0x000450bf,36,"FUN_0004509c","Global","unknown",0,"undefined",false,false,false
0x000450cc,0x0004517d,178,"FUN_000450cc","Global","unknown",0,"undefined",false,false,false
0x00045184,0x00045b15,1736,"FUN_00045184","Global","unknown",0,"undefined",false,false,false
0x00045c20,0x00045c39,26,"FUN_00045c20","Global","unknown",0,"undefined",false,false,false
0x00045c84,0x00045cc3,64,"FUN_00045c84","Global","unknown",0,"undefined",false,false,false
0x00045d00,0x00045d3f,64,"FUN_00045d00","Global","unknown",0,"undefined",false,false,false
0x00045e4c,0x00045e5f,20,"FUN_00045e4c","Global","unknown",0,"undefined",false,false,false
0x00045ec8,0x00045f37,106,"FUN_00045ec8","Global","unknown",0,"undefined",false,false,false
0x00046650,0x0004fb3d,578,"FUN_00046650","Global","unknown",0,"undefined",false,false,false
0x0004690c,0x0004691f,20,"FUN_0004690c","Global","unknown",0,"undefined",false,false,false
0x00046924,0x00046947,36,"FUN_00046924","Global","unknown",0,"undefined",false,false,false
0x00046a2c,0x00046a3f,20,"FUN_00046a2c","Global","unknown",0,"undefined",false,false,false
0x00046a44,0x00046a67,36,"FUN_00046a44","Global","unknown",0,"undefined",false,false,false
0x00046f54,0x00046f5b,8,"FUN_00046f54","Global","unknown",0,"undefined",false,false,false
0x00046f60,0x00046f67,8,"FUN_00046f60","Global","unknown",0,"undefined",false,false,false
0x00046f6c,0x00046f83,24,"FUN_00046f6c","Global","unknown",0,"undefined",false,false,false
0x00046f90,0x00046f97,8,"FUN_00046f90","Global","unknown",0,"undefined",false,false,false
0x00046f9c,0x00046fb3,24,"FUN_00046f9c","Global","unknown",0,"undefined",false,false,false
0x00046fb8,0x00046fcf,24,"FUN_00046fb8","Global","unknown",0,"undefined",false,false,false
0x00046fd4,0x0004723b,616,"FUN_00046fd4","Global","unknown",0,"undefined",false,false,false
0x00047240,0x00047f09,3240,"FUN_00047240","Global","unknown",0,"undefined",false,false,false
0x00047fa8,0x00048017,112,"FUN_00047fa8","Global","unknown",0,"undefined",false,false,false
0x00048018,0x0004819f,392,"FUN_00048018","Global","unknown",0,"undefined",false,false,false
0x000481a4,0x00048233,144,"FUN_000481a4","Global","unknown",0,"undefined",false,false,false
0x00048234,0x0004824f,28,"FUN_00048234","Global","unknown",0,"undefined",false,false,false
0x00048258,0x00048265,14,"FUN_00048258","Global","unknown",0,"undefined",false,false,false
0x0004826c,0x00048287,28,"FUN_0004826c","Global","unknown",0,"undefined",false,false,false
0x00048288,0x000482a5,30,"FUN_00048288","Global","unknown",0,"undefined",false,false,false
0x000482a8,0x00048323,124,"FUN_000482a8","Global","unknown",0,"undefined",false,false,false
0x0004832c,0x00048349,30,"FUN_0004832c","Global","unknown",0,"undefined",false,false,false
0x0004834a,0x000484a7,350,"FUN_0004834a","Global","unknown",0,"undefined",false,false,false
0x000484a8,0x000484c9,34,"FUN_000484a8","Global","unknown",0,"undefined",false,false,false
0x000484ca,0x000484e7,30,"FUN_000484ca","Global","unknown",0,"undefined",false,false,false
0x000484e8,0x000484fb,20,"FUN_000484e8","Global","unknown",0,"undefined",false,false,false
0x000484fc,0x00048579,126,"FUN_000484fc","Global","unknown",0,"undefined",false,false,false
0x0004857c,0x0004892b,944,"FUN_0004857c","Global","unknown",0,"undefined",false,false,false
0x00048948,0x0004895f,24,"FUN_00048948","Global","unknown",0,"undefined",false,false,false
0x00048960,0x0004898b,44,"FUN_00048960","Global","unknown",0,"undefined",false,false,false
0x0004898c,0x000489b1,38,"FUN_0004898c","Global","unknown",0,"undefined",false,false,false
0x000489b2,0x000489bd,12,"FUN_000489b2","Global","unknown",0,"undefined",false,false,false
0x000489be,0x000489d5,24,"FUN_000489be","Global","unknown",0,"undefined",false,false,false
0x000489d6,0x000489e5,16,"FUN_000489d6","Global","unknown",0,"undefined",false,false,false
0x000489e6,0x00048a25,64,"FUN_000489e6","Global","unknown",0,"undefined",false,false,false
0x00048a28,0x00048abb,148,"FUN_00048a28","Global","unknown",0,"undefined",false,false,false
0x00048ac8,0x00048b01,58,"FUN_00048ac8","Global","unknown",0,"undefined",false,false,false
0x00048b02,0x00048ba3,162,"FUN_00048b02","Global","unknown",0,"undefined",false,false,false
0x00048ba4,0x00048bc9,38,"FUN_00048ba4","Global","unknown",0,"undefined",false,false,false
0x00048bd0,0x00048c43,116,"FUN_00048bd0","Global","unknown",0,"undefined",false,false,false
0x00048c68,0x00048cb9,82,"FUN_00048c68","Global","unknown",0,"undefined",false,false,false
0x00048cd0,0x00048d21,82,"FUN_00048cd0","Global","unknown",0,"undefined",false,false,false
0x00048d22,0x00048d45,36,"FUN_00048d22","Global","unknown",0,"undefined",false,false,false
0x00048d48,0x00048d95,78,"FUN_00048d48","Global","unknown",0,"undefined",false,false,false
0x00048d9c,0x00048dfb,96,"FUN_00048d9c","Global","unknown",0,"undefined",false,false,false
0x00048e68,0x00048fe3,380,"FUN_00048e68","Global","unknown",0,"undefined",false,false,false
0x000493c8,0x000493e3,28,"FUN_000493c8","Global","unknown",0,"undefined",false,false,false
0x000493f8,0x0004940d,22,"FUN_000493f8","Global","unknown",0,"undefined",false,false,false
0x00049410,0x00049609,506,"FUN_00049410","Global","unknown",0,"undefined",false,false,false
0x000497a4,0x000497bf,28,"FUN_000497a4","Global","unknown",0,"undefined",false,false,false
0x00049838,0x0004991d,230,"FUN_00049838","Global","unknown",0,"undefined",false,false,false
0x000499c4,0x000499d9,22,"FUN_000499c4","Global","unknown",0,"undefined",false,false,false
0x000499e0,0x000499ef,16,"FUN_000499e0","Global","unknown",0,"undefined",false,false,false
0x000499f0,0x00049a77,136,"FUN_000499f0","Global","unknown",0,"undefined",false,false,false
0x00049c64,0x00049cc3,96,"FUN_00049c64","Global","unknown",0,"undefined",false,false,false
0x00049d10,0x00049d23,20,"FUN_00049d10","Global","unknown",0,"undefined",false,false,false
0x00049e00,0x00049e1d,30,"FUN_00049e00","Global","unknown",0,"undefined",false,false,false
0x00049e2c,0x00049e51,38,"FUN_00049e2c","Global","unknown",0,"undefined",false,false,false
0x00049e58,0x00049e59,2,"FUN_00049e58","Global","unknown",0,"undefined",false,false,false
0x00049e5c,0x00049ead,82,"FUN_00049e5c","Global","unknown",0,"undefined",false,false,false
0x00049ef4,0x00049f07,20,"FUN_00049ef4","Global","unknown",0,"undefined",false,false,false
0x00049f0c,0x0004a089,382,"FUN_00049f0c","Global","unknown",0,"undefined",false,false,false
0x0004a21c,0x0004a5b3,72,"FUN_0004a21c","Global","unknown",0,"undefined",false,false,false
0x0004a24c,0x0004a39b,336,"FUN_0004a24c","Global","unknown",0,"undefined",false,false,false
0x0004a3e8,0x0004a43f,88,"FUN_0004a3e8","Global","unknown",0,"undefined",false,false,false
0x0004a4b4,0x0004a521,110,"FUN_0004a4b4","Global","unknown",0,"undefined",false,false,false
0x0004a704,0x0004a789,134,"FUN_0004a704","Global","unknown",0,"undefined",false,false,false
0x0004a7f4,0x0004a869,118,"FUN_0004a7f4","Global","unknown",0,"undefined",false,false,false
0x0004a8bc,0x0004a8c1,6,"FUN_0004a8bc","Global","unknown",0,"undefined",false,false,false
0x0004a8c8,0x0004a945,126,"FUN_0004a8c8","Global","unknown",0,"undefined",false,false,false
0x0004a998,0x0004a9fb,100,"FUN_0004a998","Global","unknown",0,"undefined",false,false,false
0x0004aa98,0x0004aabf,40,"FUN_0004aa98","Global","unknown",0,"undefined",false,false,false
0x0004aac0,0x0004aacf,16,"FUN_0004aac0","Global","unknown",0,"undefined",false,false,false
0x0004aad0,0x0004aaeb,28,"FUN_0004aad0","Global","unknown",0,"undefined",false,false,false
0x0004b234,0x0004b28f,92,"FUN_0004b234","Global","unknown",0,"undefined",false,false,false
0x0004b2e4,0x0004b2f7,20,"FUN_0004b2e4","Global","unknown",0,"undefined",false,false,false
0x0004b33c,0x0004b33d,2,"FUN_0004b33c","Global","unknown",0,"undefined",false,false,false
0x0004b348,0x0004b3ef,168,"FUN_0004b348","Global","unknown",0,"undefined",false,false,false
0x0004b48c,0x0004b4a1,22,"FUN_0004b48c","Global","unknown",0,"undefined",false,false,false
0x0004b4b0,0x0004b549,154,"FUN_0004b4b0","Global","unknown",0,"undefined",false,false,false
0x0004b560,0x0004b593,52,"FUN_0004b560","Global","unknown",0,"undefined",false,false,false
0x0004b598,0x0004b5af,24,"FUN_0004b598","Global","unknown",0,"undefined",false,false,false
0x0004b5b0,0x0004b68b,220,"FUN_0004b5b0","Global","unknown",0,"undefined",false,false,false
0x0004b698,0x0004b6b3,28,"FUN_0004b698","Global","unknown",0,"undefined",false,false,false
0x0004b718,0x0004b817,256,"FUN_0004b718","Global","unknown",0,"undefined",false,false,false
0x0004bab4,0x0004bac9,22,"FUN_0004bab4","Global","unknown",0,"undefined",false,false,false
0x0004bad0,0x0004bb7f,176,"FUN_0004bad0","Global","unknown",0,"undefined",false,false,false
0x0004bd54,0x0004bd5d,10,"FUN_0004bd54","Global","unknown",0,"undefined",false,false,false
0x0004bd98,0x0004c097,768,"FUN_0004bd98","Global","unknown",0,"undefined",false,false,false
0x0004c37c,0x0004c3a9,46,"FUN_0004c37c","Global","unknown",0,"undefined",false,false,false
0x0004c3b8,0x000815df,30,"FUN_0004c3b8","Global","unknown",0,"undefined",false,false,false
0x0004c5b8,0x0004c5bf,8,"FUN_0004c5b8","Global","unknown",0,"undefined",false,false,false
0x0004c5c4,0x0008a5bf,158,"FUN_0004c5c4","Global","unknown",0,"undefined",false,false,false
0x0004c634,0x0004c645,18,"FUN_0004c634","Global","unknown",0,"undefined",false,false,false
0x0004c64c,0x0004c66b,32,"FUN_0004c64c","Global","unknown",0,"undefined",false,false,false
0x0004c678,0x0004c6bb,68,"FUN_0004c678","Global","unknown",0,"undefined",false,false,false
0x0004c6c0,0x0004c6c5,6,"FUN_0004c6c0","Global","unknown",0,"undefined",false,false,false
0x0004c6d0,0x0004c6d7,8,"FUN_0004c6d0","Global","unknown",0,"undefined",false,false,false
0x0004c6dc,0x0004c813,312,"FUN_0004c6dc","Global","unknown",0,"undefined",false,false,false
0x0004c81c,0x0004c89f,132,"FUN_0004c81c","Global","unknown",0,"undefined",false,false,false
0x0004c8f8,0x0005e1db,62,"FUN_0004c8f8","Global","unknown",0,"undefined",false,false,false
0x0004c92c,0x0004c941,22,"FUN_0004c92c","Global","unknown",0,"undefined",false,false,false
0x0004c948,0x0004c9ad,102,"FUN_0004c948","Global","unknown",0,"undefined",false,false,false
0x0004ca08,0x0004ca79,114,"FUN_0004ca08","Global","unknown",0,"undefined",false,false,false
0x0004cae4,0x0004cb03,32,"FUN_0004cae4","Global","unknown",0,"undefined",false,false,false
0x0004cb08,0x0004cb21,26,"FUN_0004cb08","Global","unknown",0,"undefined",false,false,false
0x0004cb28,0x0004cb2d,6,"FUN_0004cb28","Global","unknown",0,"undefined",false,false,false
0x0004cb34,0x0004cb39,6,"FUN_0004cb34","Global","unknown",0,"undefined",false,false,false
0x0004cb40,0x0004cb53,20,"FUN_0004cb40","Global","unknown",0,"undefined",false,false,false
0x0004cb58,0x0004cb97,64,"FUN_0004cb58","Global","unknown",0,"undefined",false,false,false
0x0004cb9c,0x0004cb9f,4,"FUN_0004cb9c","Global","unknown",0,"undefined",false,false,false
0x0004cba4,0x0004cba9,6,"FUN_0004cba4","Global","unknown",0,"undefined",false,false,false
0x0004cbb0,0x0004cbc3,20,"FUN_0004cbb0","Global","unknown",0,"undefined",false,false,false
0x0004cc60,0x0004ccbb,92,"FUN_0004cc60","Global","unknown",0,"undefined",false,false,false
0x0004cccc,0x0004ce9b,464,"FUN_0004cccc","Global","unknown",0,"undefined",false,false,false
0x0004d024,0x0004d175,338,"FUN_0004d024","Global","unknown",0,"undefined",false,false,false
0x0004d2f4,0x0004d3d3,224,"FUN_0004d2f4","Global","unknown",0,"undefined",false,false,false
0x0004d4ac,0x0004d577,204,"FUN_0004d4ac","Global","unknown",0,"undefined",false,false,false
0x0004d584,0x0004d589,6,"FUN_0004d584","Global","unknown",0,"undefined",false,false,false
0x0004d590,0x0004d5eb,92,"FUN_0004d590","Global","unknown",0,"undefined",false,false,false
0x0004d654,0x0004d801,430,"FUN_0004d654","Global","unknown",0,"undefined",false,false,false
0x0004d9b0,0x0004da0f,96,"FUN_0004d9b0","Global","unknown",0,"undefined",false,false,false
0x0004da28,0x0004dbd5,430,"FUN_0004da28","Global","unknown",0,"undefined",false,false,false
0x0004dd78,0x0004ddd9,98,"FUN_0004dd78","Global","unknown",0,"undefined",false,false,false
0x0004de44,0x0004de9d,90,"FUN_0004de44","Global","unknown",0,"undefined",false,false,false
0x0004df18,0x0004dfb9,162,"FUN_0004df18","Global","unknown",0,"undefined",false,false,false
0x0004e070,0x0004e0e5,118,"FUN_0004e070","Global","unknown",0,"undefined",false,false,false
0x0004e150,0x0004e1d5,134,"FUN_0004e150","Global","unknown",0,"undefined",false,false,false
0x0004e1e0,0x0004e1e1,2,"FUN_0004e1e0","Global","unknown",0,"undefined",false,false,false
0x0004e1e4,0x0005cb61,40,"FUN_0004e1e4","Global","unknown",0,"undefined",false,false,false
0x0004e1f8,0x0004e217,32,"FUN_0004e1f8","Global","unknown",0,"undefined",false,false,false
0x0004e21c,0x0004e255,58,"FUN_0004e21c","Global","unknown",0,"undefined",false,false,false
0x0004e258,0x0004e427,464,"FUN_0004e258","Global","unknown",0,"undefined",false,false,false
0x0004e48c,0x0004e4a9,30,"FUN_0004e48c","Global","unknown",0,"undefined",false,false,false
0x0004e4b4,0x0004e51b,104,"FUN_0004e4b4","Global","unknown",0,"undefined",false,false,false
0x0004e5bc,0x0004e601,70,"FUN_0004e5bc","Global","unknown",0,"undefined",false,false,false
0x0004e650,0x0004e65d,14,"FUN_0004e650","Global","unknown",0,"undefined",false,false,false
0x0004e65e,0x0004e66b,14,"FUN_0004e65e","Global","unknown",0,"undefined",false,false,false
0x0004e66c,0x0004e6e3,120,"FUN_0004e66c","Global","unknown",0,"undefined",false,false,false
0x0004e740,0x0004e8ab,364,"FUN_0004e740","Global","unknown",0,"undefined",false,false,false
0x0004e9bc,0x0004e9cf,20,"FUN_0004e9bc","Global","unknown",0,"undefined",false,false,false
0x0004e9d0,0x0004e9d5,6,"FUN_0004e9d0","Global","unknown",0,"undefined",false,false,false
0x0004e9e8,0x0004e9eb,4,"thunk_FUN_0003510c","Global","unknown",0,"undefined",true,false,false
0x0004e9ec,0x0004ea05,26,"FUN_0004e9ec","Global","unknown",0,"undefined",false,false,false
0x0004eb60,0x0004eb7b,28,"FUN_0004eb60","Global","unknown",0,"undefined",false,false,false
0x0004eb80,0x0004ebd5,86,"FUN_0004eb80","Global","unknown",0,"undefined",false,false,false
0x0004ebdc,0x0004ebe9,14,"FUN_0004ebdc","Global","unknown",0,"undefined",false,false,false
0x0004ebec,0x0004ec2b,64,"FUN_0004ebec","Global","unknown",0,"undefined",false,false,false
0x0004ec34,0x0004ec61,46,"FUN_0004ec34","Global","unknown",0,"undefined",false,false,false
0x0004ec6c,0x0004ec9b,48,"FUN_0004ec6c","Global","unknown",0,"undefined",false,false,false
0x0004ec9c,0x0004ecdd,66,"FUN_0004ec9c","Global","unknown",0,"undefined",false,false,false
0x0004ece0,0x0004ed0f,48,"FUN_0004ece0","Global","unknown",0,"undefined",false,false,false
0x0004ed14,0x0004ed29,22,"FUN_0004ed14","Global","unknown",0,"undefined",false,false,false
0x0004ef24,0x0004ef87,100,"FUN_0004ef24","Global","unknown",0,"undefined",false,false,false
0x0004ef8c,0x0004efed,98,"FUN_0004ef8c","Global","unknown",0,"undefined",false,false,false
0x0004f10c,0x0004f159,78,"FUN_0004f10c","Global","unknown",0,"undefined",false,false,false
0x0004f160,0x0004f1a7,72,"FUN_0004f160","Global","unknown",0,"undefined",false,false,false
0x0004f260,0x0004f2b3,82,"FUN_0004f260","Global","unknown",0,"undefined",false,false,false
0x0004f328,0x0004f33d,22,"FUN_0004f328","Global","unknown",0,"undefined",false,false,false
0x0004f3a0,0x0004f433,148,"FUN_0004f3a0","Global","unknown",0,"undefined",false,false,false
0x0004f6f8,0x0004f775,126,"FUN_0004f6f8","Global","unknown",0,"undefined",false,false,false
0x0004f8bc,0x0004f8d1,22,"FUN_0004f8bc","Global","unknown",0,"undefined",false,false,false
0x0004fb44,0x0004fb69,38,"FUN_0004fb44","Global","unknown",0,"undefined",false,false,false
0x0004fb6c,0x0004fd29,446,"FUN_0004fb6c","Global","unknown",0,"undefined",false,false,false
0x0004fdb8,0x0004fdf7,64,"FUN_0004fdb8","Global","unknown",0,"undefined",false,false,false
0x0004fe5c,0x0004fe69,14,"FUN_0004fe5c","Global","unknown",0,"undefined",false,false,false
0x0004fe70,0x0004ff31,194,"FUN_0004fe70","Global","unknown",0,"undefined",false,false,false
0x0004ff3c,0x00050003,190,"FUN_0004ff3c","Global","unknown",0,"undefined",false,false,false
0x00050004,0x000500b9,180,"FUN_00050004","Global","unknown",0,"undefined",false,false,false
0x000500c8,0x000500cf,8,"FUN_000500c8","Global","unknown",0,"undefined",false,false,false
0x000500d4,0x000500eb,24,"FUN_000500d4","Global","unknown",0,"undefined",false,false,false
0x000500fc,0x00050107,12,"FUN_000500fc","Global","unknown",0,"undefined",false,false,false
0x0005010c,0x00050123,24,"FUN_0005010c","Global","unknown",0,"undefined",false,false,false
0x00050128,0x0005013f,24,"FUN_00050128","Global","unknown",0,"undefined",false,false,false
0x00050150,0x00050163,20,"FUN_00050150","Global","unknown",0,"undefined",false,false,false
0x00050170,0x00050177,8,"FUN_00050170","Global","unknown",0,"undefined",false,false,false
0x0005017c,0x00050183,8,"FUN_0005017c","Global","unknown",0,"undefined",false,false,false
0x00050188,0x000501c3,60,"FUN_00050188","Global","unknown",0,"undefined",false,false,false
0x000501c8,0x00050203,60,"FUN_000501c8","Global","unknown",0,"undefined",false,false,false
0x00050208,0x00050251,74,"FUN_00050208","Global","unknown",0,"undefined",false,false,false
0x0005025c,0x0005026b,16,"FUN_0005025c","Global","unknown",0,"undefined",false,false,false
0x00050270,0x0005028d,30,"FUN_00050270","Global","unknown",0,"undefined",false,false,false
0x00050294,0x000502a5,18,"FUN_00050294","Global","unknown",0,"undefined",false,false,false
0x000502c4,0x000502e3,32,"FUN_000502c4","Global","unknown",0,"undefined",false,false,false
0x0005036c,0x00050371,52,"FUN_0005036c","Global","unknown",0,"undefined",false,false,false
0x00050372,0x00050377,52,"FUN_00050372","Global","unknown",0,"undefined",false,false,false
0x00050378,0x0005037d,6,"FUN_00050378","Global","unknown",0,"undefined",false,false,false
0x0005037e,0x00050383,6,"FUN_0005037e","Global","unknown",0,"undefined",false,false,false
0x00050384,0x000503b1,46,"FUN_00050384","Global","unknown",0,"undefined",false,false,false
0x000503b4,0x00050409,86,"FUN_000503b4","Global","unknown",0,"undefined",false,false,false
0x00050464,0x000504a5,66,"FUN_00050464","Global","unknown",0,"undefined",false,false,false
0x000504c0,0x000504d3,20,"FUN_000504c0","Global","unknown",0,"undefined",false,false,false
0x000504d8,0x0005050b,52,"FUN_000504d8","Global","unknown",0,"undefined",false,false,false
0x00050578,0x000505bd,70,"FUN_00050578","Global","unknown",0,"undefined",false,false,false
0x00050608,0x0005060f,8,"FUN_00050608","Global","unknown",0,"undefined",false,false,false
0x00050618,0x0005061b,4,"thunk_FUN_00035272","Global","unknown",0,"undefined",true,false,false
0x0005061c,0x0005068f,116,"FUN_0005061c","Global","unknown",0,"undefined",false,false,false
0x00050690,0x0005069d,14,"FUN_00050690","Global","unknown",0,"undefined",false,false,false
0x0005069e,0x000506a1,4,"thunk_FUN_00091270","Global","unknown",0,"undefined",true,false,false
0x000506a4,0x00050703,96,"FUN_000506a4","Global","unknown",0,"undefined",false,false,false
0x00050708,0x00050747,64,"FUN_00050708","Global","unknown",0,"undefined",false,false,false
0x00050750,0x00050753,4,"thunk_FUN_00035508","Global","unknown",0,"undefined",true,false,false
0x00050754,0x00050757,4,"thunk_FUN_00080e74","Global","unknown",0,"undefined",true,false,false
0x00050758,0x00050773,48,"FUN_00050758","Global","unknown",0,"undefined",false,false,false
0x00050778,0x00050797,32,"FUN_00050778","Global","unknown",0,"undefined",false,false,false
0x0005079c,0x0005079f,4,"thunk_FUN_000355bc","Global","unknown",0,"undefined",true,false,false
0x000507a0,0x000507a7,8,"FUN_000507a0","Global","unknown",0,"undefined",false,false,false
0x000507ac,0x000507c5,26,"FUN_000507ac","Global","unknown",0,"undefined",false,false,false
0x0005083c,0x00050843,8,"FUN_0005083c","Global","unknown",0,"undefined",false,false,false
0x00050848,0x0005084b,4,"thunk_FUN_00035684","Global","unknown",0,"undefined",true,false,false
0x0005084c,0x00050869,30,"FUN_0005084c","Global","unknown",0,"undefined",false,false,false
0x00050870,0x00050891,34,"FUN_00050870","Global","unknown",0,"undefined",false,false,false
0x00050892,0x000508b5,36,"FUN_00050892","Global","unknown",0,"undefined",false,false,false
0x000508b6,0x000508d9,36,"FUN_000508b6","Global","unknown",0,"undefined",false,false,false
0x000508da,0x00050903,42,"FUN_000508da","Global","unknown",0,"undefined",false,false,false
0x00050904,0x00050941,62,"FUN_00050904","Global","unknown",0,"undefined",false,false,false
0x00050944,0x00050973,48,"FUN_00050944","Global","unknown",0,"undefined",false,false,false
0x00050998,0x0005099d,6,"FUN_00050998","Global","unknown",0,"undefined",false,false,false
0x000509a4,0x000509ab,8,"FUN_000509a4","Global","unknown",0,"undefined",false,false,false
0x000509b0,0x000509b7,8,"FUN_000509b0","Global","unknown",0,"undefined",false,false,false
0x000509bc,0x000509db,32,"FUN_000509bc","Global","unknown",0,"undefined",false,false,false
0x000509e0,0x00050a6b,140,"FUN_000509e0","Global","unknown",0,"undefined",false,false,false
0x00050ab0,0x00050ab7,8,"FUN_00050ab0","Global","unknown",0,"undefined",false,false,false
0x00050abc,0x00050ad9,30,"FUN_00050abc","Global","unknown",0,"undefined",false,false,false
0x00050ae0,0x00050aeb,12,"FUN_00050ae0","Global","unknown",0,"undefined",false,false,false
0x00050af0,0x00050afb,12,"FUN_00050af0","Global","unknown",0,"undefined",false,false,false
0x00050be0,0x00050c83,154,"FUN_00050be0","Global","unknown",0,"undefined",false,false,false
0x00050c90,0x00050cf7,104,"FUN_00050c90","Global","unknown",0,"undefined",false,false,false
0x00050d00,0x00050d29,42,"FUN_00050d00","Global","unknown",0,"undefined",false,false,false
0x00050d2a,0x00050d3b,18,"FUN_00050d2a","Global","unknown",0,"undefined",false,false,false
0x00050d3c,0x00050d49,14,"FUN_00050d3c","Global","unknown",0,"undefined",false,false,false
0x00050daa,0x00050db5,12,"FUN_00050daa","Global","unknown",0,"undefined",false,false,false
0x00050db6,0x00050dbf,10,"FUN_00050db6","Global","unknown",0,"undefined",false,false,false
0x00050dc0,0x00050dd3,20,"FUN_00050dc0","Global","unknown",0,"undefined",false,false,false
0x00050de0,0x00050deb,12,"FUN_00050de0","Global","unknown",0,"undefined",false,false,false
0x00050df0,0x00050e17,40,"FUN_00050df0","Global","unknown",0,"undefined",false,false,false
0x00050e1c,0x00050e4b,48,"FUN_00050e1c","Global","unknown",0,"undefined",false,false,false
0x00050e4c,0x00050ec7,124,"FUN_00050e4c","Global","unknown",0,"undefined",false,false,false
0x00050ecc,0x00050ef9,46,"FUN_00050ecc","Global","unknown",0,"undefined",false,false,false
0x00050efc,0x00050f03,8,"FUN_00050efc","Global","unknown",0,"undefined",false,false,false
0x00050f08,0x00050f1b,20,"FUN_00050f08","Global","unknown",0,"undefined",false,false,false
0x00050f28,0x00050f2f,8,"FUN_00050f28","Global","unknown",0,"undefined",false,false,false
0x00050f34,0x00050f57,36,"FUN_00050f34","Global","unknown",0,"undefined",false,false,false
0x00050f5c,0x00050f81,38,"FUN_00050f5c","Global","unknown",0,"undefined",false,false,false
0x00050f88,0x0006f6b1,124,"FUN_00050f88","Global","unknown",0,"undefined",false,false,false
0x00050f9c,0x00051025,138,"FUN_00050f9c","Global","unknown",0,"undefined",false,false,false
0x000510d8,0x00051105,46,"FUN_000510d8","Global","unknown",0,"undefined",false,false,false
0x00051108,0x0005124f,328,"FUN_00051108","Global","unknown",0,"undefined",false,false,false
0x00051260,0x0005128b,44,"FUN_00051260","Global","unknown",0,"undefined",false,false,false
0x0005128c,0x00051309,124,"FUN_0005128c","Global","unknown",0,"undefined",false,false,false
0x00051310,0x0005133b,44,"FUN_00051310","Global","unknown",0,"undefined",false,false,false
0x00051368,0x000513c5,94,"FUN_00051368","Global","unknown",0,"undefined",false,false,false
0x00051440,0x00051447,8,"FUN_00051440","Global","unknown",0,"undefined",false,false,false
0x0005144c,0x0005148d,66,"FUN_0005144c","Global","unknown",0,"undefined",false,false,false
0x000514bc,0x000514db,32,"FUN_000514bc","Global","unknown",0,"undefined",false,false,false
0x000514e0,0x00051527,72,"FUN_000514e0","Global","unknown",0,"undefined",false,false,false
0x00051528,0x000516a9,386,"FUN_00051528","Global","unknown",0,"undefined",false,false,false
0x000516aa,0x000516c9,32,"FUN_000516aa","Global","unknown",0,"undefined",false,false,false
0x000516ca,0x0005170f,70,"FUN_000516ca","Global","unknown",0,"undefined",false,false,false
0x00051710,0x00051715,6,"FUN_00051710","Global","unknown",0,"undefined",false,false,false
0x00051716,0x000517fd,232,"FUN_00051716","Global","unknown",0,"undefined",false,false,false
0x000517fe,0x00051805,8,"FUN_000517fe","Global","unknown",0,"undefined",false,false,false
0x00051806,0x0005186f,106,"FUN_00051806","Global","unknown",0,"undefined",false,false,false
0x00051870,0x00051a9f,554,"FUN_00051870","Global","unknown",0,"undefined",false,false,false
0x00051aa0,0x00051c79,472,"FUN_00051aa0","Global","unknown",0,"undefined",false,false,false
0x00051e04,0x00051e15,18,"FUN_00051e04","Global","unknown",0,"undefined",false,false,false
0x00051e18,0x00051e31,26,"FUN_00051e18","Global","unknown",0,"undefined",false,false,false
0x00051e38,0x00051e45,14,"FUN_00051e38","Global","unknown",0,"undefined",false,false,false
0x00051e4c,0x00051e71,38,"FUN_00051e4c","Global","unknown",0,"undefined",false,false,false
0x00051e78,0x00051e7b,4,"thunk_FUN_00051440","Global","unknown",0,"undefined",true,false,false
0x00051e7c,0x00051e95,26,"FUN_00051e7c","Global","unknown",0,"undefined",false,false,false
0x00051e9c,0x00051eb5,26,"FUN_00051e9c","Global","unknown",0,"undefined",false,false,false
0x00051ebc,0x00051ed5,26,"FUN_00051ebc","Global","unknown",0,"undefined",false,false,false
0x00051edc,0x00051efb,32,"FUN_00051edc","Global","unknown",0,"undefined",false,false,false
0x00051f00,0x00051f1f,32,"FUN_00051f00","Global","unknown",0,"undefined",false,false,false
0x00051f24,0x00051f35,18,"FUN_00051f24","Global","unknown",0,"undefined",false,false,false
0x00051f3c,0x00051f67,44,"FUN_00051f3c","Global","unknown",0,"undefined",false,false,false
0x00051f6c,0x00051f9d,50,"FUN_00051f6c","Global","unknown",0,"undefined",false,false,false
0x00051fa4,0x00051fb3,16,"FUN_00051fa4","Global","unknown",0,"undefined",false,false,false
0x00051fb8,0x00052017,96,"FUN_00051fb8","Global","unknown",0,"undefined",false,false,false
0x00052018,0x000787ed,162,"FUN_00052018","Global","unknown",0,"undefined",false,false,false
0x0005203c,0x00052049,14,"FUN_0005203c","Global","unknown",0,"undefined",false,false,false
0x0005207c,0x0005208f,60,"FUN_0005207c","Global","unknown",0,"undefined",false,false,false
0x00052094,0x000520e3,80,"FUN_00052094","Global","unknown",0,"undefined",false,false,false
0x000520e4,0x00052145,98,"FUN_000520e4","Global","unknown",0,"undefined",false,false,false
0x000521d8,0x0005226d,150,"FUN_000521d8","Global","unknown",0,"undefined",false,false,false
0x00052278,0x000522cf,88,"FUN_00052278","Global","unknown",0,"undefined",false,false,false
0x000522d8,0x00052325,78,"FUN_000522d8","Global","unknown",0,"undefined",false,false,false
0x000526cc,0x000528b5,490,"FUN_000526cc","Global","unknown",0,"undefined",false,false,false
0x000529bc,0x00052b19,350,"FUN_000529bc","Global","unknown",0,"undefined",false,false,false
0x0005380c,0x0005391d,272,"FUN_0005380c","Global","unknown",0,"undefined",false,false,false
0x00053924,0x000539a3,128,"FUN_00053924","Global","unknown",0,"undefined",false,false,false
0x000539a8,0x000539af,8,"FUN_000539a8","Global","unknown",0,"undefined",false,false,false
0x000539b0,0x000539b7,8,"FUN_000539b0","Global","unknown",0,"undefined",false,false,false
0x000539b8,0x00053a59,162,"FUN_000539b8","Global","unknown",0,"undefined",false,false,false
0x00053aa4,0x00053aaf,12,"FUN_00053aa4","Global","unknown",0,"undefined",false,false,false
0x00053ab4,0x00053acf,28,"FUN_00053ab4","Global","unknown",0,"undefined",false,false,false
0x00053ad0,0x00053aeb,28,"FUN_00053ad0","Global","unknown",0,"undefined",false,false,false
0x00053aec,0x00053b1b,48,"FUN_00053aec","Global","unknown",0,"undefined",false,false,false
0x00053b2c,0x00053bcb,160,"FUN_00053b2c","Global","unknown",0,"undefined",false,false,false
0x00053c6c,0x00053ec7,604,"FUN_00053c6c","Global","unknown",0,"undefined",false,false,false
0x000541a8,0x000542a7,256,"FUN_000541a8","Global","unknown",0,"undefined",false,false,false
0x000543c4,0x00054403,64,"FUN_000543c4","Global","unknown",0,"undefined",false,false,false
0x00054408,0x0005443f,56,"FUN_00054408","Global","unknown",0,"undefined",false,false,false
0x00054440,0x0005447d,62,"FUN_00054440","Global","unknown",0,"undefined",false,false,false
0x0005447e,0x000544c7,74,"FUN_0005447e","Global","unknown",0,"undefined",false,false,false
0x000544c8,0x00054533,108,"FUN_000544c8","Global","unknown",0,"undefined",false,false,false
0x00054534,0x000545c9,150,"FUN_00054534","Global","unknown",0,"undefined",false,false,false
0x000545ca,0x0005463f,118,"FUN_000545ca","Global","unknown",0,"undefined",false,false,false
0x00054640,0x0005468d,78,"FUN_00054640","Global","unknown",0,"undefined",false,false,false
0x0005468e,0x000546cd,64,"FUN_0005468e","Global","unknown",0,"undefined",false,false,false
0x000546d0,0x00054759,138,"FUN_000546d0","Global","unknown",0,"undefined",false,false,false
0x0005475a,0x000547f1,152,"FUN_0005475a","Global","unknown",0,"undefined",false,false,false
0x0005493c,0x00054969,46,"FUN_0005493c","Global","unknown",0,"undefined",false,false,false
0x00054afc,0x00054b3b,64,"FUN_00054afc","Global","unknown",0,"undefined",false,false,false
0x00054b40,0x00054b8b,76,"FUN_00054b40","Global","unknown",0,"undefined",false,false,false
0x00054c58,0x00054cb5,94,"FUN_00054c58","Global","unknown",0,"undefined",false,false,false
0x00054ff8,0x00055057,96,"FUN_00054ff8","Global","unknown",0,"undefined",false,false,false
0x0005505c,0x000550b9,94,"FUN_0005505c","Global","unknown",0,"undefined",false,false,false
0x000550c0,0x00055119,90,"FUN_000550c0","Global","unknown",0,"undefined",false,false,false
0x00055120,0x00055179,90,"FUN_00055120","Global","unknown",0,"undefined",false,false,false
0x00055180,0x000551ab,44,"FUN_00055180","Global","unknown",0,"undefined",false,false,false
0x000551b4,0x000551df,44,"FUN_000551b4","Global","unknown",0,"undefined",false,false,false
0x000551e8,0x00055205,30,"FUN_000551e8","Global","unknown",0,"undefined",false,false,false
0x0005520c,0x00055229,30,"FUN_0005520c","Global","unknown",0,"undefined",false,false,false
0x00055230,0x0005524d,30,"FUN_00055230","Global","unknown",0,"undefined",false,false,false
0x00055254,0x00055271,30,"FUN_00055254","Global","unknown",0,"undefined",false,false,false
0x00055278,0x000552db,100,"FUN_00055278","Global","unknown",0,"undefined",false,false,false
0x000562e0,0x00056315,54,"FUN_000562e0","Global","unknown",0,"undefined",false,false,false
0x000563f8,0x0005643f,72,"FUN_000563f8","Global","unknown",0,"undefined",false,false,false
0x00056444,0x00056497,84,"FUN_00056444","Global","unknown",0,"undefined",false,false,false
0x0005649c,0x00056501,102,"FUN_0005649c","Global","unknown",0,"undefined",false,false,false
0x000566ac,0x0005673b,144,"FUN_000566ac","Global","unknown",0,"undefined",false,false,false
0x00056744,0x00056771,46,"FUN_00056744","Global","unknown",0,"undefined",false,false,false
0x00056774,0x00056785,18,"FUN_00056774","Global","unknown",0,"undefined",false,false,false
0x0005678c,0x000567ab,32,"FUN_0005678c","Global","unknown",0,"undefined",false,false,false
0x000567c4,0x00056821,94,"FUN_000567c4","Global","unknown",0,"undefined",false,false,false
0x00056828,0x0005683b,20,"FUN_00056828","Global","unknown",0,"undefined",false,false,false
0x0005683c,0x0005685f,36,"FUN_0005683c","Global","unknown",0,"undefined",false,false,false
0x00056860,0x00056873,20,"FUN_00056860","Global","unknown",0,"undefined",false,false,false
0x00056874,0x000568ab,56,"FUN_00056874","Global","unknown",0,"undefined",false,false,false
0x000568ac,0x000568dd,50,"FUN_000568ac","Global","unknown",0,"undefined",false,false,false
0x000568f0,0x0005691f,48,"FUN_000568f0","Global","unknown",0,"undefined",false,false,false
0x00056920,0x00056975,86,"FUN_00056920","Global","unknown",0,"undefined",false,false,false
0x00056980,0x000569b7,56,"FUN_00056980","Global","unknown",0,"undefined",false,false,false
0x000569bc,0x00056a0b,80,"FUN_000569bc","Global","unknown",0,"undefined",false,false,false
0x00056a0c,0x00056b91,390,"FUN_00056a0c","Global","unknown",0,"undefined",false,false,false
0x00056ba8,0x00056c29,130,"FUN_00056ba8","Global","unknown",0,"undefined",false,false,false
0x00056c2a,0x00056c53,42,"FUN_00056c2a","Global","unknown",0,"undefined",false,false,false
0x00056c54,0x00056ccd,122,"FUN_00056c54","Global","unknown",0,"undefined",false,false,false
0x00056cf4,0x00056d6f,124,"FUN_00056cf4","Global","unknown",0,"undefined",false,false,false
0x00056d78,0x00056db9,66,"FUN_00056d78","Global","unknown",0,"undefined",false,false,false
0x00056dc0,0x00056f69,426,"FUN_00056dc0","Global","unknown",0,"undefined",false,false,false
0x00056f94,0x000575b3,1544,"FUN_00056f94","Global","unknown",0,"undefined",false,false,false
0x000575d8,0x000577ef,530,"FUN_000575d8","Global","unknown",0,"undefined",false,false,false
0x000578c8,0x000578c9,2,"FUN_000578c8","Global","unknown",0,"undefined",false,false,false
0x000578cc,0x000578ef,36,"FUN_000578cc","Global","unknown",0,"undefined",false,false,false
0x00057934,0x00057949,22,"FUN_00057934","Global","unknown",0,"undefined",false,false,false
0x00057950,0x00057991,64,"FUN_00057950","Global","unknown",0,"undefined",false,false,false
0x00057998,0x000579a1,10,"FUN_00057998","Global","unknown",0,"undefined",false,false,false
0x000579a8,0x00057b37,400,"FUN_000579a8","Global","unknown",0,"undefined",false,false,false
0x00057b38,0x00057bdf,168,"FUN_00057b38","Global","unknown",0,"undefined",false,false,false
0x00057c20,0x00057c43,36,"FUN_00057c20","Global","unknown",0,"undefined",false,false,false
0x00057c44,0x00057c83,64,"FUN_00057c44","Global","unknown",0,"undefined",false,false,false
0x00057c84,0x00057cdb,88,"FUN_00057c84","Global","unknown",0,"undefined",false,false,false
0x00057d0c,0x00057da7,156,"FUN_00057d0c","Global","unknown",0,"undefined",false,false,false
0x00057e1c,0x00057e7d,98,"FUN_00057e1c","Global","unknown",0,"undefined",false,false,false
0x00057eb4,0x00057f3f,140,"FUN_00057eb4","Global","unknown",0,"undefined",false,false,false
0x00057f8c,0x0005804d,194,"FUN_00057f8c","Global","unknown",0,"undefined",false,false,false
0x00058060,0x000581e5,390,"FUN_00058060","Global","unknown",0,"undefined",false,false,false
0x00058218,0x00058255,62,"FUN_00058218","Global","unknown",0,"undefined",false,false,false
0x00058256,0x000582c3,110,"FUN_00058256","Global","unknown",0,"undefined",false,false,false
0x000582c4,0x000583c7,260,"FUN_000582c4","Global","unknown",0,"undefined",false,false,false
0x000583c8,0x0005845d,150,"FUN_000583c8","Global","unknown",0,"undefined",false,false,false
0x00058464,0x0005847f,28,"FUN_00058464","Global","unknown",0,"undefined",false,false,false
0x00058480,0x000584a7,40,"FUN_00058480","Global","unknown",0,"undefined",false,false,false
0x000584f0,0x000585b3,196,"FUN_000584f0","Global","unknown",0,"undefined",false,false,false
0x000585bc,0x00058761,422,"FUN_000585bc","Global","unknown",0,"undefined",false,false,false
0x0005882c,0x0005886d,66,"FUN_0005882c","Global","unknown",0,"undefined",false,false,false
0x000588a4,0x000588f7,84,"FUN_000588a4","Global","unknown",0,"undefined",false,false,false
0x00058914,0x00058935,34,"FUN_00058914","Global","unknown",0,"undefined",false,false,false
0x0005893c,0x0005895b,32,"FUN_0005893c","Global","unknown",0,"undefined",false,false,false
0x00058960,0x0005897b,28,"FUN_00058960","Global","unknown",0,"undefined",false,false,false
0x00058980,0x000589a9,42,"FUN_00058980","Global","unknown",0,"undefined",false,false,false
0x000589b0,0x000589e3,52,"FUN_000589b0","Global","unknown",0,"undefined",false,false,false
0x000589e8,0x00058a1d,54,"FUN_000589e8","Global","unknown",0,"undefined",false,false,false
0x00058a24,0x00058a39,22,"FUN_00058a24","Global","unknown",0,"undefined",false,false,false
0x00058a9a,0x0007ef05,74,"FUN_00058a9a","Global","unknown",0,"undefined",false,false,false
0x00058ab8,0x00058aed,54,"FUN_00058ab8","Global","unknown",0,"undefined",false,false,false
0x00058aee,0x00058b6d,128,"FUN_00058aee","Global","unknown",0,"undefined",false,false,false
0x00058b70,0x00058c37,200,"FUN_00058b70","Global","unknown",0,"undefined",false,false,false
0x00058c40,0x00058c79,58,"FUN_00058c40","Global","unknown",0,"undefined",false,false,false
0x00058c7a,0x00058ce7,110,"FUN_00058c7a","Global","unknown",0,"undefined",false,false,false
0x00058ce8,0x00058d25,62,"FUN_00058ce8","Global","unknown",0,"undefined",false,false,false
0x00058d26,0x00058d49,36,"FUN_00058d26","Global","unknown",0,"undefined",false,false,false
0x0005908c,0x00059099,14,"FUN_0005908c","Global","unknown",0,"undefined",false,false,false
0x000590a0,0x000590a5,6,"FUN_000590a0","Global","unknown",0,"undefined",false,false,false
0x000590ac,0x000591ad,258,"FUN_000590ac","Global","unknown",0,"undefined",false,false,false
0x00059670,0x000598cb,604,"FUN_00059670","Global","unknown",0,"undefined",false,false,false
0x00059aac,0x00059b99,238,"FUN_00059aac","Global","unknown",0,"undefined",false,false,false
0x00059ba0,0x00059bdd,62,"FUN_00059ba0","Global","unknown",0,"undefined",false,false,false
0x00059bde,0x00059c65,136,"FUN_00059bde","Global","unknown",0,"undefined",false,false,false
0x00059cb0,0x00059d5f,176,"FUN_00059cb0","Global","unknown",0,"undefined",false,false,false
0x00059d70,0x00059d99,42,"FUN_00059d70","Global","unknown",0,"undefined",false,false,false
0x00059d9c,0x00059e5b,192,"FUN_00059d9c","Global","unknown",0,"undefined",false,false,false
0x00059e60,0x00059ecf,112,"FUN_00059e60","Global","unknown",0,"undefined",false,false,false
0x00059ee4,0x0005a14f,620,"FUN_00059ee4","Global","unknown",0,"undefined",false,false,false
0x0005a28c,0x0005a2b3,40,"FUN_0005a28c","Global","unknown",0,"undefined",false,false,false
0x0005a2b8,0x0005a31f,104,"FUN_0005a2b8","Global","unknown",0,"undefined",false,false,false
0x0005a324,0x0005a3cd,350,"FUN_0005a324","Global","unknown",0,"undefined",false,false,false
0x0005a3d4,0x0005a40d,58,"FUN_0005a3d4","Global","unknown",0,"undefined",false,false,false
0x0005a40e,0x0005a441,52,"FUN_0005a40e","Global","unknown",0,"undefined",false,false,false
0x0005a442,0x0005a445,4,"FUN_0005a442","Global","unknown",0,"undefined",false,false,false
0x0005a448,0x0005a59b,340,"FUN_0005a448","Global","unknown",0,"undefined",false,false,false
0x0005a5ec,0x0005a621,54,"FUN_0005a5ec","Global","unknown",0,"undefined",false,false,false
0x0005a65c,0x0005a75d,258,"FUN_0005a65c","Global","unknown",0,"undefined",false,false,false
0x0005a7bc,0x0005a89f,228,"FUN_0005a7bc","Global","unknown",0,"undefined",false,false,false
0x0005a8ac,0x0005a983,216,"FUN_0005a8ac","Global","unknown",0,"undefined",false,false,false
0x0005a990,0x0005a9af,32,"FUN_0005a990","Global","unknown",0,"undefined",false,false,false
0x0005a9f0,0x0005a9f3,4,"FUN_0005a9f0","Global","unknown",0,"undefined",false,false,false
0x0005a9f8,0x0005aa0d,22,"FUN_0005a9f8","Global","unknown",0,"undefined",false,false,false
0x0005aa14,0x0005ab09,246,"FUN_0005aa14","Global","unknown",0,"undefined",false,false,false
0x0005ab6c,0x0005ab9b,48,"FUN_0005ab6c","Global","unknown",0,"undefined",false,false,false
0x0005aba0,0x0005ac37,152,"FUN_0005aba0","Global","unknown",0,"undefined",false,false,false
0x0005ac74,0x0005aca5,50,"FUN_0005ac74","Global","unknown",0,"undefined",false,false,false
0x0005aca6,0x0005acc3,30,"FUN_0005aca6","Global","unknown",0,"undefined",false,false,false
0x0005acc4,0x0005acdb,24,"FUN_0005acc4","Global","unknown",0,"undefined",false,false,false
0x0005ace0,0x0005ace3,4,"FUN_0005ace0","Global","unknown",0,"undefined",false,false,false
0x0005ace8,0x0005ad03,28,"FUN_0005ace8","Global","unknown",0,"undefined",false,false,false
0x0005ad08,0x0005ad5b,84,"FUN_0005ad08","Global","unknown",0,"undefined",false,false,false
0x0005ad90,0x0005ae6b,220,"FUN_0005ad90","Global","unknown",0,"undefined",false,false,false
0x0005af18,0x0005af1b,4,"FUN_0005af18","Global","unknown",0,"undefined",false,false,false
0x0005af20,0x0005af3f,32,"FUN_0005af20","Global","unknown",0,"undefined",false,false,false
0x0005af44,0x0005af59,22,"FUN_0005af44","Global","unknown",0,"undefined",false,false,false
0x0005af60,0x0005b041,226,"FUN_0005af60","Global","unknown",0,"undefined",false,false,false
0x0005b0f8,0x0005b189,146,"FUN_0005b0f8","Global","unknown",0,"undefined",false,false,false
0x0005b23c,0x0005b28b,80,"FUN_0005b23c","Global","unknown",0,"undefined",false,false,false
0x0005b2f8,0x0005b327,48,"FUN_0005b2f8","Global","unknown",0,"undefined",false,false,false
0x0005b32c,0x0005b397,106,"FUN_0005b32c","Global","unknown",0,"undefined",false,false,false
0x0005b39c,0x0005b577,476,"FUN_0005b39c","Global","unknown",0,"undefined",false,false,false
0x0005b6f4,0x0005b7d7,228,"FUN_0005b6f4","Global","unknown",0,"undefined",false,false,false
0x0005b890,0x0005b9ab,284,"FUN_0005b890","Global","unknown",0,"undefined",false,false,false
0x0005baec,0x0005baef,4,"FUN_0005baec","Global","unknown",0,"undefined",false,false,false
0x0005baf4,0x0005bb0f,28,"FUN_0005baf4","Global","unknown",0,"undefined",false,false,false
0x0005bb14,0x0005bb27,20,"FUN_0005bb14","Global","unknown",0,"undefined",false,false,false
0x0005bccc,0x0005bccf,4,"FUN_0005bccc","Global","unknown",0,"undefined",false,false,false
0x0005bcd4,0x0005bce7,20,"FUN_0005bcd4","Global","unknown",0,"undefined",false,false,false
0x0005be5c,0x0005be5f,4,"FUN_0005be5c","Global","unknown",0,"undefined",false,false,false
0x0005be64,0x0005be77,20,"FUN_0005be64","Global","unknown",0,"undefined",false,false,false
0x0005c034,0x0005c05d,42,"FUN_0005c034","Global","unknown",0,"undefined",false,false,false
0x0005c064,0x0005c0f9,150,"FUN_0005c064","Global","unknown",0,"undefined",false,false,false
0x0005c0fa,0x0005c10d,20,"FUN_0005c0fa","Global","unknown",0,"undefined",false,false,false
0x0005c110,0x0005c195,134,"FUN_0005c110","Global","unknown",0,"undefined",false,false,false
0x0005c19c,0x0005c3f5,602,"FUN_0005c19c","Global","unknown",0,"undefined",false,false,false
0x0005c4c8,0x0005c511,158,"FUN_0005c4c8","Global","unknown",0,"undefined",false,false,false
0x0005c568,0x0005c58b,36,"FUN_0005c568","Global","unknown",0,"undefined",false,false,false
0x0005c58c,0x0005c5df,84,"FUN_0005c58c","Global","unknown",0,"undefined",false,false,false
0x0005c5f0,0x0005cb1d,1326,"FUN_0005c5f0","Global","unknown",0,"undefined",false,false,false
0x0005cb6c,0x0005cba5,58,"FUN_0005cb6c","Global","unknown",0,"undefined",false,false,false
0x0005cbc0,0x0005cbe3,36,"FUN_0005cbc0","Global","unknown",0,"undefined",false,false,false
0x0005cbe4,0x0005cc61,118,"FUN_0005cbe4","Global","unknown",0,"undefined",false,false,false
0x0005cc68,0x0005cc8b,36,"FUN_0005cc68","Global","unknown",0,"undefined",false,false,false
0x0005cc8c,0x0005ccc5,58,"FUN_0005cc8c","Global","unknown",0,"undefined",false,false,false
0x0005cccc,0x0005ccf5,42,"FUN_0005cccc","Global","unknown",0,"undefined",false,false,false
0x0005ccfc,0x0005cd0b,16,"FUN_0005ccfc","Global","unknown",0,"undefined",false,false,false
0x0005cd14,0x0005cd6f,92,"FUN_0005cd14","Global","unknown",0,"undefined",false,false,false
0x0005cd90,0x0005cdf5,102,"FUN_0005cd90","Global","unknown",0,"undefined",false,false,false
0x0005cdf8,0x0005ce8d,150,"FUN_0005cdf8","Global","unknown",0,"undefined",false,false,false
0x0005cea8,0x0005cecf,40,"FUN_0005cea8","Global","unknown",0,"undefined",false,false,false
0x0005ced4,0x0005cf71,158,"FUN_0005ced4","Global","unknown",0,"undefined",false,false,false
0x0005cf78,0x0005cfa3,44,"FUN_0005cf78","Global","unknown",0,"undefined",false,false,false
0x0005cfac,0x0005d013,104,"FUN_0005cfac","Global","unknown",0,"undefined",false,false,false
0x0005d01c,0x0005d1ab,400,"FUN_0005d01c","Global","unknown",0,"undefined",false,false,false
0x0005d1d8,0x0005d1e9,18,"FUN_0005d1d8","Global","unknown",0,"undefined",false,false,false
0x0005d1ea,0x0005d1f3,52,"FUN_0005d1ea","Global","unknown",0,"undefined",false,false,false
0x0005d1f4,0x0005d21d,42,"FUN_0005d1f4","Global","unknown",0,"undefined",false,false,false
0x0005d21e,0x0005d241,68,"FUN_0005d21e","Global","unknown",0,"undefined",false,false,false
0x0005d244,0x0005d2db,152,"FUN_0005d244","Global","unknown",0,"undefined",false,false,false
0x0005d2ec,0x0005d30d,34,"FUN_0005d2ec","Global","unknown",0,"undefined",false,false,false
0x0005d314,0x0005d31d,70,"FUN_0005d314","Global","unknown",0,"undefined",false,false,false
0x0005d31e,0x0005d35f,66,"FUN_0005d31e","Global","unknown",0,"undefined",false,false,false
0x0005d360,0x0005d36f,16,"FUN_0005d360","Global","unknown",0,"undefined",false,false,false
0x0005d370,0x0005d3f1,130,"FUN_0005d370","Global","unknown",0,"undefined",false,false,false
0x0005d3f8,0x0005d4d3,220,"FUN_0005d3f8","Global","unknown",0,"undefined",false,false,false
0x0005d560,0x0005d5cb,108,"FUN_0005d560","Global","unknown",0,"undefined",false,false,false
0x0005d5d0,0x0005d5df,16,"FUN_0005d5d0","Global","unknown",0,"undefined",false,false,false
0x0005d5e0,0x0005d781,418,"FUN_0005d5e0","Global","unknown",0,"undefined",false,false,false
0x0005d87c,0x0005d89f,36,"FUN_0005d87c","Global","unknown",0,"undefined",false,false,false
0x0005d8a4,0x0005d8c5,34,"FUN_0005d8a4","Global","unknown",0,"undefined",false,false,false
0x0005d8cc,0x0005d8e5,26,"FUN_0005d8cc","Global","unknown",0,"undefined",false,false,false
0x0005d8e6,0x0005d8ed,8,"FUN_0005d8e6","Global","unknown",0,"undefined",false,false,false
0x0005d8ee,0x0005d8f5,8,"FUN_0005d8ee","Global","unknown",0,"undefined",false,false,false
0x0005d8f6,0x0005d8fd,8,"FUN_0005d8f6","Global","unknown",0,"undefined",false,false,false
0x0005d8fe,0x0005d90d,16,"FUN_0005d8fe","Global","unknown",0,"undefined",false,false,false
0x0005d90e,0x0005d949,60,"FUN_0005d90e","Global","unknown",0,"undefined",false,false,false
0x0005d94a,0x0005d985,60,"FUN_0005d94a","Global","unknown",0,"undefined",false,false,false
0x0005d986,0x0005d997,18,"FUN_0005d986","Global","unknown",0,"undefined",false,false,false
0x0005d998,0x0005d9ff,104,"FUN_0005d998","Global","unknown",0,"undefined",false,false,false
0x0005da00,0x0005da2b,44,"FUN_0005da00","Global","unknown",0,"undefined",false,false,false
0x0005da30,0x0005da45,22,"FUN_0005da30","Global","unknown",0,"undefined",false,false,false
0x0005db14,0x0005dbb1,158,"FUN_0005db14","Global","unknown",0,"undefined",false,false,false
0x0005dbbc,0x0005dbe9,46,"FUN_0005dbbc","Global","unknown",0,"undefined",false,false,false
0x0005dbea,0x0005dc05,28,"FUN_0005dbea","Global","unknown",0,"undefined",false,false,false
0x0005dcb0,0x0005dccb,28,"FUN_0005dcb0","Global","unknown",0,"undefined",false,false,false
0x0005dcd4,0x0005dce1,14,"FUN_0005dcd4","Global","unknown",0,"undefined",false,false,false
0x0005dce8,0x0005de97,432,"FUN_0005dce8","Global","unknown",0,"undefined",false,false,false
0x0005e0ec,0x0005e113,40,"FUN_0005e0ec","Global","unknown",0,"undefined",false,false,false
0x0005e118,0x0005e1c1,170,"FUN_0005e118","Global","unknown",0,"undefined",false,false,false
0x0005e1fc,0x0005e221,38,"FUN_0005e1fc","Global","unknown",0,"undefined",false,false,false
0x0005e228,0x0005e313,236,"FUN_0005e228","Global","unknown",0,"undefined",false,false,false
0x0005e404,0x0005e475,114,"FUN_0005e404","Global","unknown",0,"undefined",false,false,false
0x0005e4d8,0x0005e549,114,"FUN_0005e4d8","Global","unknown",0,"undefined",false,false,false
0x0005e5b0,0x0005e623,108,"FUN_0005e5b0","Global","unknown",0,"undefined",false,false,false
0x0005e624,0x0005e63d,26,"FUN_0005e624","Global","unknown",0,"undefined",false,false,false
0x0005e644,0x0005e697,84,"FUN_0005e644","Global","unknown",0,"undefined",false,false,false
0x0005e698,0x0005e957,702,"FUN_0005e698","Global","unknown",0,"undefined",false,false,false
0x0005eb94,0x0005ec6f,220,"FUN_0005eb94","Global","unknown",0,"undefined",false,false,false
0x0005ec88,0x0005ec9f,24,"FUN_0005ec88","Global","unknown",0,"undefined",false,false,false
0x0005eca4,0x0005ecbb,24,"FUN_0005eca4","Global","unknown",0,"undefined",false,false,false
0x0005ecc0,0x0005ece3,34,"FUN_0005ecc0","Global","unknown",0,"undefined",false,false,false
0x0005ecec,0x0005ed03,24,"FUN_0005ecec","Global","unknown",0,"undefined",false,false,false
0x0005ed08,0x0005ed0d,6,"thunk_FUN_00080e68","Global","unknown",0,"undefined",true,false,false
0x0005ed14,0x0005ef19,518,"FUN_0005ed14","Global","unknown",0,"undefined",false,false,false
0x0005ef1c,0x0005f229,780,"FUN_0005ef1c","Global","unknown",0,"undefined",false,false,false
0x0005f264,0x0005f3c3,352,"FUN_0005f264","Global","unknown",0,"undefined",false,false,false
0x0005f3d8,0x0005f4b5,222,"FUN_0005f3d8","Global","unknown",0,"undefined",false,false,false
0x0005f4b6,0x0005f569,180,"FUN_0005f4b6","Global","unknown",0,"undefined",false,false,false
0x0005f56c,0x0005fe1f,2102,"FUN_0005f56c","Global","unknown",0,"undefined",false,false,false
0x0005feb8,0x0005ff8f,216,"FUN_0005feb8","Global","unknown",0,"undefined",false,false,false
0x0005ff94,0x000605d9,1606,"FUN_0005ff94","Global","unknown",0,"undefined",false,false,false
0x000605dc,0x0006065f,132,"FUN_000605dc","Global","unknown",0,"undefined",false,false,false
0x00060680,0x0006095d,734,"FUN_00060680","Global","unknown",0,"undefined",false,false,false
0x00060990,0x000609f9,106,"FUN_00060990","Global","unknown",0,"undefined",false,false,false
0x00060a14,0x00060adb,200,"FUN_00060a14","Global","unknown",0,"undefined",false,false,false
0x00060af4,0x00060b7f,140,"FUN_00060af4","Global","unknown",0,"undefined",false,false,false
0x00060b80,0x00060dc1,578,"FUN_00060b80","Global","unknown",0,"undefined",false,false,false
0x00060dc4,0x000610bd,762,"FUN_00060dc4","Global","unknown",0,"undefined",false,false,false
0x000610c8,0x0006116f,168,"FUN_000610c8","Global","unknown",0,"undefined",false,false,false
0x00061198,0x0006125d,198,"FUN_00061198","Global","unknown",0,"undefined",false,false,false
0x00061274,0x00061383,272,"FUN_00061274","Global","unknown",0,"undefined",false,false,false
0x0006138c,0x000616e5,834,"FUN_0006138c","Global","unknown",0,"undefined",false,false,false
0x00061720,0x0006173f,32,"FUN_00061720","Global","unknown",0,"undefined",false,false,false
0x00061740,0x000617ef,176,"FUN_00061740","Global","unknown",0,"undefined",false,false,false
0x000617f8,0x00061c43,1100,"FUN_000617f8","Global","unknown",0,"undefined",false,false,false
0x00061c48,0x00061d85,318,"FUN_00061c48","Global","unknown",0,"undefined",false,false,false
0x00061da4,0x00061ef1,334,"FUN_00061da4","Global","unknown",0,"undefined",false,false,false
0x00061ef2,0x00061f01,16,"FUN_00061ef2","Global","unknown",0,"undefined",false,false,false
0x00061f04,0x00061f8d,138,"FUN_00061f04","Global","unknown",0,"undefined",false,false,false
0x00061f94,0x00061fb1,30,"FUN_00061f94","Global","unknown",0,"undefined",false,false,false
0x00061fb4,0x00061fcf,28,"FUN_00061fb4","Global","unknown",0,"undefined",false,false,false
0x00061fd4,0x00061fe9,22,"FUN_00061fd4","Global","unknown",0,"undefined",false,false,false
0x00061fea,0x00061fff,22,"FUN_00061fea","Global","unknown",0,"undefined",false,false,false
0x00062000,0x0006202f,48,"FUN_00062000","Global","unknown",0,"undefined",false,false,false
0x00062034,0x00062081,78,"FUN_00062034","Global","unknown",0,"undefined",false,false,false
0x0006208c,0x000620ed,98,"FUN_0006208c","Global","unknown",0,"undefined",false,false,false
0x000620f4,0x0006210b,24,"FUN_000620f4","Global","unknown",0,"undefined",false,false,false
0x0006210c,0x000622b7,416,"FUN_0006210c","Global","unknown",0,"undefined",false,false,false
0x00062388,0x00062411,132,"FUN_00062388","Global","unknown",0,"undefined",false,false,false
0x00062412,0x0006244d,60,"FUN_00062412","Global","unknown",0,"undefined",false,false,false
0x0006244e,0x0006249b,78,"FUN_0006244e","Global","unknown",0,"undefined",false,false,false
0x0006249c,0x000624c7,44,"FUN_0006249c","Global","unknown",0,"undefined",false,false,false
0x000624c8,0x000624f3,44,"FUN_000624c8","Global","unknown",0,"undefined",false,false,false
0x000624f4,0x00062545,82,"FUN_000624f4","Global","unknown",0,"undefined",false,false,false
0x00062546,0x00062583,62,"FUN_00062546","Global","unknown",0,"undefined",false,false,false
0x00062584,0x000625a7,36,"FUN_00062584","Global","unknown",0,"undefined",false,false,false
0x00062834,0x0006283f,12,"FUN_00062834","Global","unknown",0,"undefined",false,false,false
0x00062840,0x000628ad,104,"FUN_00062840","Global","unknown",0,"undefined",false,false,false
0x000628ae,0x000628cb,30,"FUN_000628ae","Global","unknown",0,"undefined",false,false,false
0x000628cc,0x000628f5,42,"FUN_000628cc","Global","unknown",0,"undefined",false,false,false
0x000628f6,0x000629d1,214,"FUN_000628f6","Global","unknown",0,"undefined",false,false,false
0x000629d4,0x00062a41,110,"FUN_000629d4","Global","unknown",0,"undefined",false,false,false
0x00062a5c,0x00062b4b,234,"FUN_00062a5c","Global","unknown",0,"undefined",false,false,false
0x00062b4c,0x00062bab,96,"FUN_00062b4c","Global","unknown",0,"undefined",false,false,false
0x00062bec,0x00062c2d,66,"FUN_00062bec","Global","unknown",0,"undefined",false,false,false
0x00062c30,0x00062c43,20,"FUN_00062c30","Global","unknown",0,"undefined",false,false,false
0x00062c48,0x00062c5d,22,"FUN_00062c48","Global","unknown",0,"undefined",false,false,false
0x00062c5e,0x00062c73,22,"FUN_00062c5e","Global","unknown",0,"undefined",false,false,false
0x00062c74,0x00062c8f,28,"FUN_00062c74","Global","unknown",0,"undefined",false,false,false
0x00062c90,0x00062cb7,40,"FUN_00062c90","Global","unknown",0,"undefined",false,false,false
0x00062cd0,0x00062ce5,22,"FUN_00062cd0","Global","unknown",0,"undefined",false,false,false
0x00062ce6,0x00062cfb,22,"FUN_00062ce6","Global","unknown",0,"undefined",false,false,false
0x00062cfc,0x00062d11,22,"FUN_00062cfc","Global","unknown",0,"undefined",false,false,false
0x00062d12,0x00062d27,22,"FUN_00062d12","Global","unknown",0,"undefined",false,false,false
0x00062d28,0x00062d3d,22,"FUN_00062d28","Global","unknown",0,"undefined",false,false,false
0x00062d3e,0x00062d53,22,"FUN_00062d3e","Global","unknown",0,"undefined",false,false,false
0x00062d54,0x00062d69,22,"FUN_00062d54","Global","unknown",0,"undefined",false,false,false
0x00062df4,0x00062e2d,58,"FUN_00062df4","Global","unknown",0,"undefined",false,false,false
0x00062e68,0x00062ec1,90,"FUN_00062e68","Global","unknown",0,"undefined",false,false,false
0x00062f40,0x00062f7d,62,"FUN_00062f40","Global","unknown",0,"undefined",false,false,false
0x00062ff4,0x00063089,150,"FUN_00062ff4","Global","unknown",0,"undefined",false,false,false
0x00063150,0x0006318d,62,"FUN_00063150","Global","unknown",0,"undefined",false,false,false
0x000631c0,0x000631dd,30,"FUN_000631c0","Global","unknown",0,"undefined",false,false,false
0x000631e8,0x00063293,172,"FUN_000631e8","Global","unknown",0,"undefined",false,false,false
0x00063358,0x00063403,172,"FUN_00063358","Global","unknown",0,"undefined",false,false,false
0x000634cc,0x00063663,408,"FUN_000634cc","Global","unknown",0,"undefined",false,false,false
0x0006366c,0x00063671,6,"FUN_0006366c","Global","unknown",0,"undefined",false,false,false
0x00063672,0x00063693,34,"FUN_00063672","Global","unknown",0,"undefined",false,false,false
0x00063694,0x00063791,242,"FUN_00063694","Global","unknown",0,"undefined",false,false,false
0x00063814,0x0006397b,360,"FUN_00063814","Global","unknown",0,"undefined",false,false,false
0x00063a28,0x00063a71,74,"FUN_00063a28","Global","unknown",0,"undefined",false,false,false
0x00063ab8,0x00063ad7,32,"FUN_00063ab8","Global","unknown",0,"undefined",false,false,false
0x00063ad8,0x00063c5f,392,"FUN_00063ad8","Global","unknown",0,"undefined",false,false,false
0x00063cb4,0x00063cf7,68,"FUN_00063cb4","Global","unknown",0,"undefined",false,false,false
0x00063d40,0x00063d4f,16,"FUN_00063d40","Global","unknown",0,"undefined",false,false,false
0x00063d50,0x00063e29,212,"FUN_00063d50","Global","unknown",0,"undefined",false,false,false
0x00063e30,0x00063e73,68,"FUN_00063e30","Global","unknown",0,"undefined",false,false,false
0x00063e78,0x00063eaf,56,"FUN_00063e78","Global","unknown",0,"undefined",false,false,false
0x00063eb8,0x00063f8f,204,"FUN_00063eb8","Global","unknown",0,"undefined",false,false,false
0x00063fa4,0x00063fe5,66,"FUN_00063fa4","Global","unknown",0,"undefined",false,false,false
0x00063fec,0x00063ff9,14,"FUN_00063fec","Global","unknown",0,"undefined",false,false,false
0x00063ffa,0x00064009,16,"FUN_00063ffa","Global","unknown",0,"undefined",false,false,false
0x0006400a,0x00064019,16,"FUN_0006400a","Global","unknown",0,"undefined",false,false,false
0x0006401a,0x0006402b,18,"FUN_0006401a","Global","unknown",0,"undefined",false,false,false
0x0006402c,0x00064071,70,"FUN_0006402c","Global","unknown",0,"undefined",false,false,false
0x00064078,0x00064087,16,"FUN_00064078","Global","unknown",0,"undefined",false,false,false
0x00064088,0x00097449,242,"FUN_00064088","Global","unknown",0,"undefined",false,false,false
0x00064090,0x000640b5,38,"FUN_00064090","Global","unknown",0,"undefined",false,false,false
0x000640c0,0x00064157,152,"FUN_000640c0","Global","unknown",0,"undefined",false,false,false
0x00064160,0x00064173,20,"FUN_00064160","Global","unknown",0,"undefined",false,false,false
0x00064174,0x000641bf,76,"FUN_00064174","Global","unknown",0,"undefined",false,false,false
0x000641c4,0x000641ef,44,"FUN_000641c4","Global","unknown",0,"undefined",false,false,false
0x000641f0,0x00064273,132,"FUN_000641f0","Global","unknown",0,"undefined",false,false,false
0x00064274,0x0006437b,264,"FUN_00064274","Global","unknown",0,"undefined",false,false,false
0x00064380,0x0006473d,958,"FUN_00064380","Global","unknown",0,"undefined",false,false,false
0x0006476c,0x0006476f,4,"FUN_0006476c","Global","unknown",0,"undefined",false,false,false
0x00064770,0x00064773,4,"FUN_00064770","Global","unknown",0,"undefined",false,false,false
0x00064774,0x000647c1,78,"FUN_00064774","Global","unknown",0,"undefined",false,false,false
0x000647c4,0x000649b5,498,"FUN_000647c4","Global","unknown",0,"undefined",false,false,false
0x000649bc,0x00064a1d,98,"FUN_000649bc","Global","unknown",0,"undefined",false,false,false
0x00064a28,0x00064a97,112,"FUN_00064a28","Global","unknown",0,"undefined",false,false,false
0x00064a98,0x00064b05,110,"FUN_00064a98","Global","unknown",0,"undefined",false,false,false
0x00064b06,0x00064b21,28,"FUN_00064b06","Global","unknown",0,"undefined",false,false,false
0x00064b24,0x00064bef,204,"FUN_00064b24","Global","unknown",0,"undefined",false,false,false
0x00064cc8,0x00064eeb,548,"FUN_00064cc8","Global","unknown",0,"undefined",false,false,false
0x00064eec,0x00064efd,18,"FUN_00064eec","Global","unknown",0,"undefined",false,false,false
0x00064efe,0x00064f0f,18,"FUN_00064efe","Global","unknown",0,"undefined",false,false,false
0x00064f10,0x00064f19,10,"FUN_00064f10","Global","unknown",0,"undefined",false,false,false
0x00064f1a,0x00064f41,40,"FUN_00064f1a","Global","unknown",0,"undefined",false,false,false
0x00064f44,0x00064f6d,42,"FUN_00064f44","Global","unknown",0,"undefined",false,false,false
0x00064f74,0x00064fad,58,"FUN_00064f74","Global","unknown",0,"undefined",false,false,false
0x00065028,0x0006504b,36,"FUN_00065028","Global","unknown",0,"undefined",false,false,false
0x00065050,0x0006506f,32,"FUN_00065050","Global","unknown",0,"undefined",false,false,false
0x00065070,0x0006508b,28,"FUN_00065070","Global","unknown",0,"undefined",false,false,false
0x00065094,0x000650c3,48,"FUN_00065094","Global","unknown",0,"undefined",false,false,false
0x000650c4,0x000650d3,16,"FUN_000650c4","Global","unknown",0,"undefined",false,false,false
0x000650d4,0x00065141,110,"FUN_000650d4","Global","unknown",0,"undefined",false,false,false
0x000651a4,0x000651c9,38,"FUN_000651a4","Global","unknown",0,"undefined",false,false,false
0x000651ca,0x00065303,314,"FUN_000651ca","Global","unknown",0,"undefined",false,false,false
0x00065304,0x00065375,114,"FUN_00065304","Global","unknown",0,"undefined",false,false,false
0x00065376,0x000653e5,112,"FUN_00065376","Global","unknown",0,"undefined",false,false,false
0x000653e6,0x00065535,336,"FUN_000653e6","Global","unknown",0,"undefined",false,false,false
0x00065538,0x000655a3,108,"FUN_00065538","Global","unknown",0,"undefined",false,false,false
0x000655a8,0x00065625,126,"FUN_000655a8","Global","unknown",0,"undefined",false,false,false
0x0006562c,0x00065679,78,"FUN_0006562c","Global","unknown",0,"undefined",false,false,false
0x00065680,0x000656a9,42,"FUN_00065680","Global","unknown",0,"undefined",false,false,false
0x000656aa,0x00065709,96,"FUN_000656aa","Global","unknown",0,"undefined",false,false,false
0x0006570a,0x00065719,16,"FUN_0006570a","Global","unknown",0,"undefined",false,false,false
0x000659e8,0x00065a77,144,"FUN_000659e8","Global","unknown",0,"undefined",false,false,false
0x00065b4c,0x00065c7f,308,"FUN_00065b4c","Global","unknown",0,"undefined",false,false,false
0x00065d64,0x00065e47,228,"FUN_00065d64","Global","unknown",0,"undefined",false,false,false
0x00065f84,0x000660fb,376,"FUN_00065f84","Global","unknown",0,"undefined",false,false,false
0x0006623e,0x0006625b,30,"FUN_0006623e","Global","unknown",0,"undefined",false,false,false
0x00066276,0x00066289,20,"FUN_00066276","Global","unknown",0,"undefined",false,false,false
0x0006628a,0x0006629d,20,"FUN_0006628a","Global","unknown",0,"undefined",false,false,false
0x0006629e,0x000662b1,20,"FUN_0006629e","Global","unknown",0,"undefined",false,false,false
0x000662b2,0x000662c5,20,"FUN_000662b2","Global","unknown",0,"undefined",false,false,false
0x000662c6,0x000662d9,20,"FUN_000662c6","Global","unknown",0,"undefined",false,false,false
0x000662da,0x000662e9,16,"FUN_000662da","Global","unknown",0,"undefined",false,false,false
0x000662ea,0x00066303,26,"FUN_000662ea","Global","unknown",0,"undefined",false,false,false
0x00066304,0x0006631d,26,"FUN_00066304","Global","unknown",0,"undefined",false,false,false
0x0006631e,0x00066339,28,"FUN_0006631e","Global","unknown",0,"undefined",false,false,false
0x0006633a,0x0006635b,34,"FUN_0006633a","Global","unknown",0,"undefined",false,false,false
0x0006635c,0x0006638d,50,"FUN_0006635c","Global","unknown",0,"undefined",false,false,false
0x00066394,0x000663af,28,"FUN_00066394","Global","unknown",0,"undefined",false,false,false
0x000663b4,0x0006642b,120,"FUN_000663b4","Global","unknown",0,"undefined",false,false,false
0x00066430,0x00066451,34,"FUN_00066430","Global","unknown",0,"undefined",false,false,false
0x00066458,0x00092959,52,"FUN_00066458","Global","unknown",0,"undefined",false,false,false
0x00066470,0x00092983,68,"FUN_00066470","Global","unknown",0,"undefined",false,false,false
0x00066490,0x00066493,4,"FUN_00066490","Global","unknown",0,"undefined",false,false,false
0x00066494,0x000664ef,92,"FUN_00066494","Global","unknown",0,"undefined",false,false,false
0x000664f4,0x00066529,54,"FUN_000664f4","Global","unknown",0,"undefined",false,false,false
0x0006652a,0x0006655f,54,"FUN_0006652a","Global","unknown",0,"undefined",false,false,false
0x00066560,0x0006659f,64,"FUN_00066560","Global","unknown",0,"undefined",false,false,false
0x000665a0,0x00066607,104,"FUN_000665a0","Global","unknown",0,"undefined",false,false,false
0x00066608,0x000666a1,154,"FUN_00066608","Global","unknown",0,"undefined",false,false,false
0x000666a4,0x00066711,110,"FUN_000666a4","Global","unknown",0,"undefined",false,false,false
0x0006671c,0x000928c9,266,"FUN_0006671c","Global","unknown",0,"undefined",false,false,false
0x000667c0,0x000667c5,6,"FUN_000667c0","Global","unknown",0,"undefined",false,false,false
0x000667c6,0x0009285d,52,"FUN_000667c6","Global","unknown",0,"undefined",false,false,false
0x000667e4,0x00066813,48,"FUN_000667e4","Global","unknown",0,"undefined",false,false,false
0x00066840,0x0006686d,46,"FUN_00066840","Global","unknown",0,"undefined",false,false,false
0x00066890,0x0006689d,14,"FUN_00066890","Global","unknown",0,"undefined",false,false,false
0x000668a4,0x000668d5,50,"FUN_000668a4","Global","unknown",0,"undefined",false,false,false
0x000668dc,0x000668ff,36,"FUN_000668dc","Global","unknown",0,"undefined",false,false,false
0x00066900,0x00066ab1,434,"FUN_00066900","Global","unknown",0,"undefined",false,false,false
0x00066ab2,0x00066b2d,124,"FUN_00066ab2","Global","unknown",0,"undefined",false,false,false
0x00066b30,0x00066c0d,222,"FUN_00066b30","Global","unknown",0,"undefined",false,false,false
0x00066c18,0x00066c47,48,"FUN_00066c18","Global","unknown",0,"undefined",false,false,false
0x00066c4c,0x00066cf3,168,"FUN_00066c4c","Global","unknown",0,"undefined",false,false,false
0x00066d24,0x00066e81,306,"FUN_00066d24","Global","unknown",0,"undefined",false,false,false
0x00066e88,0x00066eef,96,"FUN_00066e88","Global","unknown",0,"undefined",false,false,false
0x00066ef8,0x00066f1f,40,"FUN_00066ef8","Global","unknown",0,"undefined",false,false,false
0x00066f28,0x00067155,558,"FUN_00066f28","Global","unknown",0,"undefined",false,false,false
0x000672e0,0x00067315,54,"FUN_000672e0","Global","unknown",0,"undefined",false,false,false
0x0006731c,0x000673c1,166,"FUN_0006731c","Global","unknown",0,"undefined",false,false,false
0x00067460,0x0006746b,12,"FUN_00067460","Global","unknown",0,"undefined",false,false,false
0x00067470,0x00067481,18,"FUN_00067470","Global","unknown",0,"undefined",false,false,false
0x00067558,0x000675d9,130,"FUN_00067558","Global","unknown",0,"undefined",false,false,false
0x000675dc,0x000676d5,250,"FUN_000675dc","Global","unknown",0,"undefined",false,false,false
0x000676e0,0x00067723,68,"FUN_000676e0","Global","unknown",0,"undefined",false,false,false
0x0006773c,0x0006774d,18,"FUN_0006773c","Global","unknown",0,"undefined",false,false,false
0x00067750,0x00067787,56,"FUN_00067750","Global","unknown",0,"undefined",false,false,false
0x0006778c,0x000679cf,580,"FUN_0006778c","Global","unknown",0,"undefined",false,false,false
0x00067a40,0x00067b23,228,"FUN_00067a40","Global","unknown",0,"undefined",false,false,false
0x00067b24,0x00067bb7,148,"FUN_00067b24","Global","unknown",0,"undefined",false,false,false
0x00067bbc,0x00067c29,110,"FUN_00067bbc","Global","unknown",0,"undefined",false,false,false
0x00067c30,0x00067d41,274,"FUN_00067c30","Global","unknown",0,"undefined",false,false,false
0x00067d48,0x00067e0d,198,"FUN_00067d48","Global","unknown",0,"undefined",false,false,false
0x00067e4c,0x00068079,558,"FUN_00067e4c","Global","unknown",0,"undefined",false,false,false
0x0006808c,0x0006818b,256,"FUN_0006808c","Global","unknown",0,"undefined",false,false,false
0x0006818c,0x00068233,168,"FUN_0006818c","Global","unknown",0,"undefined",false,false,false
0x00068238,0x00068255,30,"FUN_00068238","Global","unknown",0,"undefined",false,false,false
0x00068354,0x00068419,198,"FUN_00068354","Global","unknown",0,"undefined",false,false,false
0x0006841a,0x0006841f,6,"FUN_0006841a","Global","unknown",0,"undefined",false,false,false
0x00068420,0x000684af,144,"FUN_00068420","Global","unknown",0,"undefined",false,false,false
0x000684b4,0x000684f7,68,"FUN_000684b4","Global","unknown",0,"undefined",false,false,false
0x000684fc,0x0006856f,116,"FUN_000684fc","Global","unknown",0,"undefined",false,false,false
0x00068570,0x00068595,38,"FUN_00068570","Global","unknown",0,"undefined",false,false,false
0x0006859c,0x00068719,382,"FUN_0006859c","Global","unknown",0,"undefined",false,false,false
0x00068720,0x00068725,6,"FUN_00068720","Global","unknown",0,"undefined",false,false,false
0x00068728,0x000687fd,214,"FUN_00068728","Global","unknown",0,"undefined",false,false,false
0x00068840,0x00068d11,1190,"FUN_00068840","Global","unknown",0,"undefined",false,false,false
0x00068d18,0x00068dc7,176,"FUN_00068d18","Global","unknown",0,"undefined",false,false,false
0x00068de0,0x00068e51,114,"FUN_00068de0","Global","unknown",0,"undefined",false,false,false
0x00068e5c,0x00068f59,254,"FUN_00068e5c","Global","unknown",0,"undefined",false,false,false
0x00068f8c,0x00068fbb,48,"FUN_00068f8c","Global","unknown",0,"undefined",false,false,false
0x00068fbc,0x00068fd3,24,"FUN_00068fbc","Global","unknown",0,"undefined",false,false,false
0x00068fd4,0x00069119,326,"FUN_00068fd4","Global","unknown",0,"undefined",false,false,false
0x00069128,0x000692d5,430,"FUN_00069128","Global","unknown",0,"undefined",false,false,false
0x000692e4,0x000694e9,518,"FUN_000692e4","Global","unknown",0,"undefined",false,false,false
0x00069500,0x0006951d,30,"FUN_00069500","Global","unknown",0,"undefined",false,false,false
0x0006951e,0x00069545,40,"FUN_0006951e","Global","unknown",0,"undefined",false,false,false
0x00069546,0x000695a7,98,"FUN_00069546","Global","unknown",0,"undefined",false,false,false
0x000695a8,0x00069633,140,"FUN_000695a8","Global","unknown",0,"undefined",false,false,false
0x00069644,0x0006982b,488,"FUN_00069644","Global","unknown",0,"undefined",false,false,false
0x00069834,0x00069d19,1196,"FUN_00069834","Global","unknown",0,"undefined",false,false,false
0x00069d20,0x00069d65,70,"FUN_00069d20","Global","unknown",0,"undefined",false,false,false
0x00069d80,0x00069dbf,64,"FUN_00069d80","Global","unknown",0,"undefined",false,false,false
0x00069dc8,0x00069e7b,180,"FUN_00069dc8","Global","unknown",0,"undefined",false,false,false
0x00069e94,0x00069f27,148,"FUN_00069e94","Global","unknown",0,"undefined",false,false,false
0x00069f3c,0x00069f7b,64,"FUN_00069f3c","Global","unknown",0,"undefined",false,false,false
0x00069f80,0x00069fa3,36,"FUN_00069f80","Global","unknown",0,"undefined",false,false,false
0x00069fa8,0x0006a013,108,"FUN_00069fa8","Global","unknown",0,"undefined",false,false,false
0x0006a018,0x0006a01b,4,"FUN_0006a018","Global","unknown",0,"undefined",false,false,false
0x0006a020,0x0006a027,8,"FUN_0006a020","Global","unknown",0,"undefined",false,false,false
0x0006a03c,0x0006a091,86,"FUN_0006a03c","Global","unknown",0,"undefined",false,false,false
0x0006a098,0x00096183,36,"FUN_0006a098","Global","unknown",0,"undefined",false,false,false
0x0006a0b0,0x0006a0f7,72,"FUN_0006a0b0","Global","unknown",0,"undefined",false,false,false
0x0006a130,0x0006a133,4,"FUN_0006a130","Global","unknown",0,"undefined",false,false,false
0x0006a138,0x0006a13b,4,"FUN_0006a138","Global","unknown",0,"undefined",false,false,false
0x0006a140,0x0006a145,6,"FUN_0006a140","Global","unknown",0,"undefined",false,false,false
0x0006a148,0x0006a14b,4,"FUN_0006a148","Global","unknown",0,"undefined",false,false,false
0x0006a150,0x0006a153,4,"FUN_0006a150","Global","unknown",0,"undefined",false,false,false
0x0006a194,0x0006a1b1,30,"FUN_0006a194","Global","unknown",0,"undefined",false,false,false
0x0006a1b2,0x0006a1cb,26,"FUN_0006a1b2","Global","unknown",0,"undefined",false,false,false
0x0006a1cc,0x0006a229,94,"FUN_0006a1cc","Global","unknown",0,"undefined",false,false,false
0x0006a234,0x0006a243,16,"FUN_0006a234","Global","unknown",0,"undefined",false,false,false
0x0006a244,0x0006a295,82,"FUN_0006a244","Global","unknown",0,"undefined",false,false,false
0x0006a2a0,0x0006a2ab,12,"FUN_0006a2a0","Global","unknown",0,"undefined",false,false,false
0x0006a2b0,0x0006a2bb,12,"FUN_0006a2b0","Global","unknown",0,"undefined",false,false,false
0x0006a2c0,0x0006a2cb,12,"FUN_0006a2c0","Global","unknown",0,"undefined",false,false,false
0x0006a2d0,0x0006a2db,12,"FUN_0006a2d0","Global","unknown",0,"undefined",false,false,false
0x0006a2e0,0x0006a2eb,12,"FUN_0006a2e0","Global","unknown",0,"undefined",false,false,false
0x0006a2f0,0x0006a2fb,12,"FUN_0006a2f0","Global","unknown",0,"undefined",false,false,false
0x0006a300,0x0006a30b,12,"FUN_0006a300","Global","unknown",0,"undefined",false,false,false
0x0006a310,0x0006a31b,12,"FUN_0006a310","Global","unknown",0,"undefined",false,false,false
0x0006a4d8,0x0006a4fd,376,"FUN_0006a4d8","Global","unknown",0,"undefined",false,false,false
0x0006a500,0x0006a51f,110,"FUN_0006a500","Global","unknown",0,"undefined",false,false,false
0x0006a714,0x0006a86f,348,"FUN_0006a714","Global","unknown",0,"undefined",false,false,false
0x0006aac0,0x0006aad9,26,"FUN_0006aac0","Global","unknown",0,"undefined",false,false,false
0x0006aae8,0x0006ab09,34,"FUN_0006aae8","Global","unknown",0,"undefined",false,false,false
0x0006ab10,0x0006ab31,34,"FUN_0006ab10","Global","unknown",0,"undefined",false,false,false
0x0006ab38,0x0006ab59,34,"FUN_0006ab38","Global","unknown",0,"undefined",false,false,false
0x0006ab60,0x0006ab81,34,"FUN_0006ab60","Global","unknown",0,"undefined",false,false,false
0x0006ab88,0x0006abc1,58,"FUN_0006ab88","Global","unknown",0,"undefined",false,false,false
0x0006abe4,0x0006abf1,14,"FUN_0006abe4","Global","unknown",0,"undefined",false,false,false
0x0006abf8,0x0006aca1,170,"FUN_0006abf8","Global","unknown",0,"undefined",false,false,false
0x0006acd8,0x0006acfd,38,"FUN_0006acd8","Global","unknown",0,"undefined",false,false,false
0x0006ad04,0x0006ad21,30,"FUN_0006ad04","Global","unknown",0,"undefined",false,false,false
0x0006ad28,0x0006ad5f,56,"FUN_0006ad28","Global","unknown",0,"undefined",false,false,false
0x0006ad80,0x0006ae99,282,"FUN_0006ad80","Global","unknown",0,"undefined",false,false,false
0x0006afb0,0x0006b063,180,"FUN_0006afb0","Global","unknown",0,"undefined",false,false,false
0x0006b27c,0x0006b3f1,374,"FUN_0006b27c","Global","unknown",0,"undefined",false,false,false
0x0006b50c,0x0006b649,318,"FUN_0006b50c","Global","unknown",0,"undefined",false,false,false
0x0006ba68,0x0006baf9,146,"FUN_0006ba68","Global","unknown",0,"undefined",false,false,false
0x0006bbb0,0x0006bee7,824,"FUN_0006bbb0","Global","unknown",0,"undefined",false,false,false
0x0006c1c0,0x0006c231,114,"FUN_0006c1c0","Global","unknown",0,"undefined",false,false,false
0x0006c294,0x0006c455,456,"FUN_0006c294","Global","unknown",0,"undefined",false,false,false
0x0006c640,0x0006c66b,44,"FUN_0006c640","Global","unknown",0,"undefined",false,false,false
0x0006c66c,0x0006c6a5,196,"FUN_0006c66c","Global","unknown",0,"undefined",false,false,false
0x0006c6a8,0x0006cc01,1370,"FUN_0006c6a8","Global","unknown",0,"undefined",false,false,false
0x0006cc2c,0x0006cc2f,4,"FUN_0006cc2c","Global","unknown",0,"undefined",false,false,false
0x0006cc34,0x0006cc51,30,"FUN_0006cc34","Global","unknown",0,"undefined",false,false,false
0x0006cc60,0x0006ccb7,88,"FUN_0006cc60","Global","unknown",0,"undefined",false,false,false
0x0006ccc0,0x0006d097,984,"FUN_0006ccc0","Global","unknown",0,"undefined",false,false,false
0x0006d204,0x0006d399,406,"FUN_0006d204","Global","unknown",0,"undefined",false,false,false
0x0006d3c0,0x0006d41f,96,"FUN_0006d3c0","Global","unknown",0,"undefined",false,false,false
0x0006d424,0x0006d4d7,180,"FUN_0006d424","Global","unknown",0,"undefined",false,false,false
0x0006d51c,0x0006da91,1382,"FUN_0006d51c","Global","unknown",0,"undefined",false,false,false
0x0006da9c,0x0006da9f,4,"FUN_0006da9c","Global","unknown",0,"undefined",false,false,false
0x0006daa4,0x0006dac1,30,"FUN_0006daa4","Global","unknown",0,"undefined",false,false,false
0x0006dad0,0x0006db4d,126,"FUN_0006dad0","Global","unknown",0,"undefined",false,false,false
0x0006db58,0x0006db5b,4,"thunk_FUN_0006dad0","Global","unknown",0,"undefined",true,false,false
0x0006db5c,0x0006def9,926,"FUN_0006db5c","Global","unknown",0,"undefined",false,false,false
0x0006df14,0x0006df5f,76,"FUN_0006df14","Global","unknown",0,"undefined",false,false,false
0x0006df60,0x0006df99,58,"FUN_0006df60","Global","unknown",0,"undefined",false,false,false
0x0006dfc8,0x0006dfcb,4,"thunk_FUN_0002d460","Global","unknown",0,"undefined",true,false,false
0x0006dfcc,0x0006dfd5,40,"FUN_0006dfcc","Global","unknown",0,"undefined",false,false,false
0x0006dfd6,0x0006e003,124,"FUN_0006dfd6","Global","unknown",0,"undefined",false,false,false
0x0006e004,0x0006e007,4,"thunk_FUN_0002d54c","Global","unknown",0,"undefined",true,false,false
0x0006e008,0x0006e531,1294,"FUN_0006e008","Global","unknown",0,"undefined",false,false,false
0x0006e540,0x0006e543,4,"FUN_0006e540","Global","unknown",0,"undefined",false,false,false
0x0006e548,0x0006e565,30,"FUN_0006e548","Global","unknown",0,"undefined",false,false,false
0x0006e574,0x0006e645,210,"FUN_0006e574","Global","unknown",0,"undefined",false,false,false
0x0006e664,0x00073ff9,712,"FUN_0006e664","Global","unknown",0,"undefined",false,false,false
0x0006e788,0x0006e805,126,"FUN_0006e788","Global","unknown",0,"undefined",false,false,false
0x0006e838,0x0006eae1,682,"FUN_0006e838","Global","unknown",0,"undefined",false,false,false
0x0006eaf8,0x0006eafb,4,"FUN_0006eaf8","Global","unknown",0,"undefined",false,false,false
0x0006eb00,0x0006eb1d,30,"FUN_0006eb00","Global","unknown",0,"undefined",false,false,false
0x0006eb30,0x0006eb8d,94,"FUN_0006eb30","Global","unknown",0,"undefined",false,false,false
0x0006eb94,0x0006ec13,128,"FUN_0006eb94","Global","unknown",0,"undefined",false,false,false
0x0006ec28,0x0006ec8b,100,"FUN_0006ec28","Global","unknown",0,"undefined",false,false,false
0x0006ec90,0x0006ed45,182,"FUN_0006ec90","Global","unknown",0,"undefined",false,false,false
0x0006edcc,0x0006ede1,22,"FUN_0006edcc","Global","unknown",0,"undefined",false,false,false
0x0006ede8,0x0006edf7,16,"FUN_0006ede8","Global","unknown",0,"undefined",false,false,false
0x0006edfc,0x0006eea3,168,"FUN_0006edfc","Global","unknown",0,"undefined",false,false,false
0x0006eeb4,0x0006f057,416,"FUN_0006eeb4","Global","unknown",0,"undefined",false,false,false
0x0006f0f8,0x0006f115,30,"FUN_0006f0f8","Global","unknown",0,"undefined",false,false,false
0x0006f118,0x0006f193,124,"FUN_0006f118","Global","unknown",0,"undefined",false,false,false
0x0006f1dc,0x0006f227,76,"FUN_0006f1dc","Global","unknown",0,"undefined",false,false,false
0x0006f228,0x0006f2f3,204,"FUN_0006f228","Global","unknown",0,"undefined",false,false,false
0x0006f304,0x0006f379,118,"FUN_0006f304","Global","unknown",0,"undefined",false,false,false
0x0006f3b4,0x0006f3ff,76,"FUN_0006f3b4","Global","unknown",0,"undefined",false,false,false
0x0006f53c,0x0006f59b,96,"FUN_0006f53c","Global","unknown",0,"undefined",false,false,false
0x0006f640,0x0006f643,4,"thunk_FUN_00050f34","Global","unknown",0,"undefined",true,false,false
0x0006f644,0x0006f647,4,"thunk_FUN_00050f5c","Global","unknown",0,"undefined",true,false,false
0x0006f804,0x0006f80b,8,"FUN_0006f804","Global","unknown",0,"undefined",false,false,false
0x0006f80c,0x0006f811,62,"FUN_0006f80c","Global","unknown",0,"undefined",false,false,false
0x0006f812,0x0006f817,6,"FUN_0006f812","Global","unknown",0,"undefined",false,false,false
0x0006f818,0x0006f81d,98,"FUN_0006f818","Global","unknown",0,"undefined",false,false,false
0x0006f81e,0x0006f825,8,"FUN_0006f81e","Global","unknown",0,"undefined",false,false,false
0x0006f826,0x0006f82b,6,"FUN_0006f826","Global","unknown",0,"undefined",false,false,false
0x0006f82c,0x0006f831,6,"FUN_0006f82c","Global","unknown",0,"undefined",false,false,false
0x0006f832,0x0006f837,6,"FUN_0006f832","Global","unknown",0,"undefined",false,false,false
0x0006f838,0x0006f8f5,190,"FUN_0006f838","Global","unknown",0,"undefined",false,false,false
0x0006f8f6,0x0006f8f9,4,"thunk_FUN_000509b0","Global","unknown",0,"undefined",true,false,false
0x0006f8fa,0x0006f90d,20,"FUN_0006f8fa","Global","unknown",0,"undefined",false,false,false
0x0006f90e,0x0006f91f,18,"FUN_0006f90e","Global","unknown",0,"undefined",false,false,false
0x0006f920,0x0006f95f,64,"FUN_0006f920","Global","unknown",0,"undefined",false,false,false
0x0006f964,0x0006f99f,60,"FUN_0006f964","Global","unknown",0,"undefined",false,false,false
0x0006f9d4,0x0006f9df,12,"FUN_0006f9d4","Global","unknown",0,"undefined",false,false,false
0x0006f9e4,0x0006fb0f,300,"FUN_0006f9e4","Global","unknown",0,"undefined",false,false,false
0x0006fc78,0x0006fcdf,104,"FUN_0006fc78","Global","unknown",0,"undefined",false,false,false
0x0006fce8,0x0006fd5f,120,"FUN_0006fce8","Global","unknown",0,"undefined",false,false,false
0x0006fde0,0x0006fe15,54,"FUN_0006fde0","Global","unknown",0,"undefined",false,false,false
0x0006fe20,0x0006fe55,54,"FUN_0006fe20","Global","unknown",0,"undefined",false,false,false
0x0006fe60,0x0006fe8b,44,"FUN_0006fe60","Global","unknown",0,"undefined",false,false,false
0x0006fe8c,0x0006fe9d,18,"FUN_0006fe8c","Global","unknown",0,"undefined",false,false,false
0x0006fea0,0x0006ffcd,302,"FUN_0006fea0","Global","unknown",0,"undefined",false,false,false
0x00070028,0x0007002b,4,"FUN_00070028","Global","unknown",0,"undefined",false,false,false
0x00070030,0x0007023d,526,"FUN_00070030","Global","unknown",0,"undefined",false,false,false
0x00070498,0x0007061d,390,"FUN_00070498","Global","unknown",0,"undefined",false,false,false
0x0007062c,0x00070645,26,"FUN_0007062c","Global","unknown",0,"undefined",false,false,false
0x00070648,0x0007069f,88,"FUN_00070648","Global","unknown",0,"undefined",false,false,false
0x000706a4,0x000706bd,26,"FUN_000706a4","Global","unknown",0,"undefined",false,false,false
0x000706be,0x000706d7,26,"FUN_000706be","Global","unknown",0,"undefined",false,false,false
0x000706d8,0x00070735,94,"FUN_000706d8","Global","unknown",0,"undefined",false,false,false
0x0007073c,0x00070757,28,"FUN_0007073c","Global","unknown",0,"undefined",false,false,false
0x00070758,0x00070777,32,"FUN_00070758","Global","unknown",0,"undefined",false,false,false
0x00070778,0x000707c5,78,"FUN_00070778","Global","unknown",0,"undefined",false,false,false
0x00070820,0x00070883,100,"FUN_00070820","Global","unknown",0,"undefined",false,false,false
0x0007088c,0x000708ef,100,"FUN_0007088c","Global","unknown",0,"undefined",false,false,false
0x000708f8,0x00070ae9,498,"FUN_000708f8","Global","unknown",0,"undefined",false,false,false
0x00070af8,0x00070b59,98,"FUN_00070af8","Global","unknown",0,"undefined",false,false,false
0x00070b60,0x00070c11,178,"FUN_00070b60","Global","unknown",0,"undefined",false,false,false
0x00070c1c,0x00070c61,70,"FUN_00070c1c","Global","unknown",0,"undefined",false,false,false
0x00070c64,0x00070c95,50,"FUN_00070c64","Global","unknown",0,"undefined",false,false,false
0x00070c9c,0x00070d6d,210,"FUN_00070c9c","Global","unknown",0,"undefined",false,false,false
0x00070d78,0x00070db1,58,"FUN_00070d78","Global","unknown",0,"undefined",false,false,false
0x00070db8,0x00070def,56,"FUN_00070db8","Global","unknown",0,"undefined",false,false,false
0x00070df0,0x00070e61,114,"FUN_00070df0","Global","unknown",0,"undefined",false,false,false
0x00070e62,0x00070e79,24,"FUN_00070e62","Global","unknown",0,"undefined",false,false,false
0x00070e7a,0x00070ea3,42,"FUN_00070e7a","Global","unknown",0,"undefined",false,false,false
0x00070ea4,0x00070eb3,16,"FUN_00070ea4","Global","unknown",0,"undefined",false,false,false
0x00070eb8,0x00070edf,40,"FUN_00070eb8","Global","unknown",0,"undefined",false,false,false
0x00070ee4,0x00070f03,32,"FUN_00070ee4","Global","unknown",0,"undefined",false,false,false
0x00070f08,0x00070f43,60,"FUN_00070f08","Global","unknown",0,"undefined",false,false,false
0x00070f44,0x00070fd9,150,"FUN_00070f44","Global","unknown",0,"undefined",false,false,false
0x00070fda,0x00071053,122,"FUN_00070fda","Global","unknown",0,"undefined",false,false,false
0x00071054,0x00071085,50,"FUN_00071054","Global","unknown",0,"undefined",false,false,false
0x000710a0,0x000710c9,42,"FUN_000710a0","Global","unknown",0,"undefined",false,false,false
0x000710d4,0x000710fb,40,"FUN_000710d4","Global","unknown",0,"undefined",false,false,false
0x00071100,0x0007114f,80,"FUN_00071100","Global","unknown",0,"undefined",false,false,false
0x00071154,0x0007116b,24,"FUN_00071154","Global","unknown",0,"undefined",false,false,false
0x0007116c,0x00071181,22,"FUN_0007116c","Global","unknown",0,"undefined",false,false,false
0x00071188,0x000711a9,34,"FUN_00071188","Global","unknown",0,"undefined",false,false,false
0x000711aa,0x000711b3,10,"FUN_000711aa","Global","unknown",0,"undefined",false,false,false
0x000711b4,0x00071589,982,"FUN_000711b4","Global","unknown",0,"undefined",false,false,false
0x00071594,0x000715b7,36,"FUN_00071594","Global","unknown",0,"undefined",false,false,false
0x000715b8,0x000715d3,28,"FUN_000715b8","Global","unknown",0,"undefined",false,false,false
0x000715d4,0x000715f5,34,"FUN_000715d4","Global","unknown",0,"undefined",false,false,false
0x000715f8,0x00071613,28,"FUN_000715f8","Global","unknown",0,"undefined",false,false,false
0x00071618,0x000716fd,230,"FUN_00071618","Global","unknown",0,"undefined",false,false,false
0x00071704,0x00071709,6,"FUN_00071704","Global","unknown",0,"undefined",false,false,false
0x0007170a,0x00071711,8,"FUN_0007170a","Global","unknown",0,"undefined",false,false,false
0x00071714,0x000717a1,142,"FUN_00071714","Global","unknown",0,"undefined",false,false,false
0x000717ac,0x00071a05,602,"FUN_000717ac","Global","unknown",0,"undefined",false,false,false
0x00071a10,0x00071a1f,16,"FUN_00071a10","Global","unknown",0,"undefined",false,false,false
0x00071a20,0x00071a31,18,"FUN_00071a20","Global","unknown",0,"undefined",false,false,false
0x00071a32,0x00071b23,242,"FUN_00071a32","Global","unknown",0,"undefined",false,false,false
0x00071b24,0x00071b29,6,"FUN_00071b24","Global","unknown",0,"undefined",false,false,false
0x00071b2a,0x00071b41,24,"FUN_00071b2a","Global","unknown",0,"undefined",false,false,false
0x00071b42,0x00071b71,48,"FUN_00071b42","Global","unknown",0,"undefined",false,false,false
0x00071b74,0x00071c2d,186,"FUN_00071b74","Global","unknown",0,"undefined",false,false,false
0x00071c38,0x00071c95,94,"FUN_00071c38","Global","unknown",0,"undefined",false,false,false
0x00071ca0,0x00071ccd,46,"FUN_00071ca0","Global","unknown",0,"undefined",false,false,false
0x00071cd8,0x00071d3d,102,"FUN_00071cd8","Global","unknown",0,"undefined",false,false,false
0x00071d3e,0x00071d61,36,"FUN_00071d3e","Global","unknown",0,"undefined",false,false,false
0x00071d62,0x000907f5,78,"FUN_00071d62","Global","unknown",0,"undefined",false,false,false
0x00071d96,0x00071d9d,8,"FUN_00071d96","Global","unknown",0,"undefined",false,false,false
0x00071d9e,0x00071db5,24,"FUN_00071d9e","Global","unknown",0,"undefined",false,false,false
0x00071db6,0x00071dd5,32,"FUN_00071db6","Global","unknown",0,"undefined",false,false,false
0x00071dd8,0x00071e2b,84,"FUN_00071dd8","Global","unknown",0,"undefined",false,false,false
0x00071e34,0x00071fe7,436,"FUN_00071e34","Global","unknown",0,"undefined",false,false,false
0x00072024,0x000720c1,158,"FUN_00072024","Global","unknown",0,"undefined",false,false,false
0x000720c8,0x000720cd,6,"FUN_000720c8","Global","unknown",0,"undefined",false,false,false
0x000720ce,0x000720ed,32,"FUN_000720ce","Global","unknown",0,"undefined",false,false,false
0x000720f0,0x000721a5,182,"FUN_000720f0","Global","unknown",0,"undefined",false,false,false
0x000721b4,0x000722e3,304,"FUN_000721b4","Global","unknown",0,"undefined",false,false,false
0x000722ec,0x0007230d,34,"FUN_000722ec","Global","unknown",0,"undefined",false,false,false
0x00072310,0x000723b5,164,"FUN_00072310","Global","unknown",0,"undefined",false,false,false
0x000723b6,0x000723e9,52,"FUN_000723b6","Global","unknown",0,"undefined",false,false,false
0x000723ec,0x00072405,26,"FUN_000723ec","Global","unknown",0,"undefined",false,false,false
0x00072410,0x0007241f,16,"FUN_00072410","Global","unknown",0,"undefined",false,false,false
0x00072420,0x0007244d,46,"FUN_00072420","Global","unknown",0,"undefined",false,false,false
0x0007244e,0x0007254f,258,"FUN_0007244e","Global","unknown",0,"undefined",false,false,false
0x00072572,0x0007260b,154,"FUN_00072572","Global","unknown",0,"undefined",false,false,false
0x0007260c,0x0007264f,68,"FUN_0007260c","Global","unknown",0,"undefined",false,false,false
0x00072650,0x00072669,26,"FUN_00072650","Global","unknown",0,"undefined",false,false,false
0x0007266a,0x000726c3,90,"FUN_0007266a","Global","unknown",0,"undefined",false,false,false
0x000726c4,0x000726f9,54,"FUN_000726c4","Global","unknown",0,"undefined",false,false,false
0x000726fa,0x0007271b,34,"FUN_000726fa","Global","unknown",0,"undefined",false,false,false
0x0007271c,0x0007272d,18,"FUN_0007271c","Global","unknown",0,"undefined",false,false,false
0x0007272e,0x000727fb,206,"FUN_0007272e","Global","unknown",0,"undefined",false,false,false
0x000727fc,0x0007282d,50,"FUN_000727fc","Global","unknown",0,"undefined",false,false,false
0x00072830,0x00072841,18,"FUN_00072830","Global","unknown",0,"undefined",false,false,false
0x00072848,0x0007287b,52,"FUN_00072848","Global","unknown",0,"undefined",false,false,false
0x0007287c,0x00072883,8,"FUN_0007287c","Global","unknown",0,"undefined",false,false,false
0x00072888,0x00072893,12,"FUN_00072888","Global","unknown",0,"undefined",false,false,false
0x00072898,0x000728ad,22,"FUN_00072898","Global","unknown",0,"undefined",false,false,false
0x000728b4,0x000728cd,26,"FUN_000728b4","Global","unknown",0,"undefined",false,false,false
0x000728d4,0x0007293b,104,"FUN_000728d4","Global","unknown",0,"undefined",false,false,false
0x00072a32,0x00072acd,156,"FUN_00072a32","Global","unknown",0,"undefined",false,false,false
0x00072ace,0x00072ad1,4,"FUN_00072ace","Global","unknown",0,"undefined",false,false,false
0x00072ad4,0x00072ae9,22,"FUN_00072ad4","Global","unknown",0,"undefined",false,false,false
0x00072af0,0x00072b2d,62,"FUN_00072af0","Global","unknown",0,"undefined",false,false,false
0x00072b34,0x00072b6d,58,"FUN_00072b34","Global","unknown",0,"undefined",false,false,false
0x00072b80,0x00072b8d,14,"FUN_00072b80","Global","unknown",0,"undefined",false,false,false
0x00072b9c,0x00072ba9,14,"FUN_00072b9c","Global","unknown",0,"undefined",false,false,false
0x00072baa,0x00072bbd,20,"FUN_00072baa","Global","unknown",0,"undefined",false,false,false
0x00072bbe,0x00072bc9,12,"FUN_00072bbe","Global","unknown",0,"undefined",false,false,false
0x00072bca,0x00072bdf,22,"FUN_00072bca","Global","unknown",0,"undefined",false,false,false
0x00072be0,0x00072c47,104,"FUN_00072be0","Global","unknown",0,"undefined",false,false,false
0x00072c48,0x00072dbb,372,"FUN_00072c48","Global","unknown",0,"undefined",false,false,false
0x00072dcc,0x00072fb5,490,"FUN_00072dcc","Global","unknown",0,"undefined",false,false,false
0x00072fb8,0x00073095,222,"FUN_00072fb8","Global","unknown",0,"undefined",false,false,false
0x0007309c,0x0007311d,130,"FUN_0007309c","Global","unknown",0,"undefined",false,false,false
0x0007311e,0x00073153,54,"FUN_0007311e","Global","unknown",0,"undefined",false,false,false
0x00073154,0x00073169,22,"FUN_00073154","Global","unknown",0,"undefined",false,false,false
0x0007316c,0x00073191,38,"FUN_0007316c","Global","unknown",0,"undefined",false,false,false
0x000734e8,0x00073577,144,"FUN_000734e8","Global","unknown",0,"undefined",false,false,false
0x000735e0,0x000735ff,32,"FUN_000735e0","Global","unknown",0,"undefined",false,false,false
0x00073604,0x0007362d,42,"FUN_00073604","Global","unknown",0,"undefined",false,false,false
0x00073634,0x0007367f,76,"FUN_00073634","Global","unknown",0,"undefined",false,false,false
0x00073688,0x00073693,12,"FUN_00073688","Global","unknown",0,"undefined",false,false,false
0x00073694,0x000736b3,32,"FUN_00073694","Global","unknown",0,"undefined",false,false,false
0x000736b8,0x00073705,78,"FUN_000736b8","Global","unknown",0,"undefined",false,false,false
0x00073710,0x0007374b,60,"FUN_00073710","Global","unknown",0,"undefined",false,false,false
0x00073750,0x00073773,36,"FUN_00073750","Global","unknown",0,"undefined",false,false,false
0x00073778,0x00073793,28,"FUN_00073778","Global","unknown",0,"undefined",false,false,false
0x00073798,0x000737c3,44,"FUN_00073798","Global","unknown",0,"undefined",false,false,false
0x000737c8,0x000737fb,52,"FUN_000737c8","Global","unknown",0,"undefined",false,false,false
0x00073800,0x0007382f,48,"FUN_00073800","Global","unknown",0,"undefined",false,false,false
0x00073834,0x00073863,48,"FUN_00073834","Global","unknown",0,"undefined",false,false,false
0x00073868,0x000738a3,60,"FUN_00073868","Global","unknown",0,"undefined",false,false,false
0x000738a8,0x000738eb,68,"FUN_000738a8","Global","unknown",0,"undefined",false,false,false
0x000738f4,0x00073905,18,"FUN_000738f4","Global","unknown",0,"undefined",false,false,false
0x0007390c,0x0007391d,18,"FUN_0007390c","Global","unknown",0,"undefined",false,false,false
0x00073930,0x00073963,52,"FUN_00073930","Global","unknown",0,"undefined",false,false,false
0x00073968,0x000739a3,60,"FUN_00073968","Global","unknown",0,"undefined",false,false,false
0x000739a8,0x00073e07,1120,"FUN_000739a8","Global","unknown",0,"undefined",false,false,false
0x0007400c,0x0007405b,80,"FUN_0007400c","Global","unknown",0,"undefined",false,false,false
0x0007405c,0x0007412b,208,"FUN_0007405c","Global","unknown",0,"undefined",false,false,false
0x0007412c,0x00074189,94,"FUN_0007412c","Global","unknown",0,"undefined",false,false,false
0x00074190,0x000742dd,334,"FUN_00074190","Global","unknown",0,"undefined",false,false,false
0x000742e4,0x0007487d,1426,"FUN_000742e4","Global","unknown",0,"undefined",false,false,false
0x00074880,0x000748cb,76,"FUN_00074880","Global","unknown",0,"undefined",false,false,false
0x000748d4,0x00074911,96,"FUN_000748d4","Global","unknown",0,"undefined",false,false,false
0x00074914,0x00074a17,260,"FUN_00074914","Global","unknown",0,"undefined",false,false,false
0x00074a20,0x00074a97,120,"FUN_00074a20","Global","unknown",0,"undefined",false,false,false
0x00074a9c,0x00074a9f,4,"FUN_00074a9c","Global","unknown",0,"undefined",false,false,false
0x00074aa4,0x00074aa7,4,"FUN_00074aa4","Global","unknown",0,"undefined",false,false,false
0x00074aac,0x00074b3d,146,"FUN_00074aac","Global","unknown",0,"undefined",false,false,false
0x00074b44,0x00074bd3,144,"FUN_00074b44","Global","unknown",0,"undefined",false,false,false
0x00074bd8,0x00074bdb,4,"FUN_00074bd8","Global","unknown",0,"undefined",false,false,false
0x00074be0,0x00074c41,98,"FUN_00074be0","Global","unknown",0,"undefined",false,false,false
0x00074c48,0x00074c65,30,"FUN_00074c48","Global","unknown",0,"undefined",false,false,false
0x00074c6c,0x00074c89,30,"FUN_00074c6c","Global","unknown",0,"undefined",false,false,false
0x00074c90,0x00074c93,4,"FUN_00074c90","Global","unknown",0,"undefined",false,false,false
0x00074c98,0x00074cad,22,"FUN_00074c98","Global","unknown",0,"undefined",false,false,false
0x00074cb4,0x00074cd5,34,"FUN_00074cb4","Global","unknown",0,"undefined",false,false,false
0x00074cdc,0x00074cdf,4,"FUN_00074cdc","Global","unknown",0,"undefined",false,false,false
0x00074ce4,0x00074d01,30,"FUN_00074ce4","Global","unknown",0,"undefined",false,false,false
0x00074d60,0x00074f1b,444,"FUN_00074d60","Global","unknown",0,"undefined",false,false,false
0x00074f20,0x00074f37,24,"FUN_00074f20","Global","unknown",0,"undefined",false,false,false
0x00074f38,0x00075023,236,"FUN_00074f38","Global","unknown",0,"undefined",false,false,false
0x00075038,0x0007e38f,202,"FUN_00075038","Global","unknown",0,"undefined",false,false,false
0x00075074,0x00075099,38,"FUN_00075074","Global","unknown",0,"undefined",false,false,false
0x000750a0,0x000750b7,24,"FUN_000750a0","Global","unknown",0,"undefined",false,false,false
0x000750b8,0x000750e5,46,"FUN_000750b8","Global","unknown",0,"undefined",false,false,false
0x000750e8,0x0007511b,52,"FUN_000750e8","Global","unknown",0,"undefined",false,false,false
0x00075120,0x0007517b,92,"FUN_00075120","Global","unknown",0,"undefined",false,false,false
0x0007517c,0x00075189,14,"FUN_0007517c","Global","unknown",0,"undefined",false,false,false
0x0007518a,0x000751b5,44,"FUN_0007518a","Global","unknown",0,"undefined",false,false,false
0x000751b8,0x00075241,138,"FUN_000751b8","Global","unknown",0,"undefined",false,false,false
0x000753ac,0x000753c5,26,"FUN_000753ac","Global","unknown",0,"undefined",false,false,false
0x000753c6,0x000753f3,46,"FUN_000753c6","Global","unknown",0,"undefined",false,false,false
0x000753f4,0x00075421,46,"FUN_000753f4","Global","unknown",0,"undefined",false,false,false
0x00075422,0x0007544f,46,"FUN_00075422","Global","unknown",0,"undefined",false,false,false
0x00075450,0x000754ab,92,"FUN_00075450","Global","unknown",0,"undefined",false,false,false
0x000754ac,0x000754d9,46,"FUN_000754ac","Global","unknown",0,"undefined",false,false,false
0x000754dc,0x00075503,40,"FUN_000754dc","Global","unknown",0,"undefined",false,false,false
0x00075510,0x0007564d,318,"FUN_00075510","Global","unknown",0,"undefined",false,false,false
0x000756cc,0x000756d9,14,"FUN_000756cc","Global","unknown",0,"undefined",false,false,false
0x000756da,0x00075759,128,"FUN_000756da","Global","unknown",0,"undefined",false,false,false
0x0007575a,0x000757c3,106,"FUN_0007575a","Global","unknown",0,"undefined",false,false,false
0x000757c4,0x000757d1,14,"FUN_000757c4","Global","unknown",0,"undefined",false,false,false
0x000757d2,0x000757eb,26,"FUN_000757d2","Global","unknown",0,"undefined",false,false,false
0x000757ec,0x00075819,46,"FUN_000757ec","Global","unknown",0,"undefined",false,false,false
0x0007581a,0x00075847,46,"FUN_0007581a","Global","unknown",0,"undefined",false,false,false
0x00075848,0x00075875,46,"FUN_00075848","Global","unknown",0,"undefined",false,false,false
0x00075876,0x000758a3,46,"FUN_00075876","Global","unknown",0,"undefined",false,false,false
0x000758a4,0x000758d1,46,"FUN_000758a4","Global","unknown",0,"undefined",false,false,false
0x000758d2,0x000758ff,46,"FUN_000758d2","Global","unknown",0,"undefined",false,false,false
0x00075900,0x0007592d,46,"FUN_00075900","Global","unknown",0,"undefined",false,false,false
0x0007592e,0x0007595b,46,"FUN_0007592e","Global","unknown",0,"undefined",false,false,false
0x0007595c,0x00075989,46,"FUN_0007595c","Global","unknown",0,"undefined",false,false,false
0x0007598a,0x000759b7,46,"FUN_0007598a","Global","unknown",0,"undefined",false,false,false
0x000759b8,0x000759e5,46,"FUN_000759b8","Global","unknown",0,"undefined",false,false,false
0x000759e6,0x000759f3,14,"FUN_000759e6","Global","unknown",0,"undefined",false,false,false
0x000759f4,0x00075a07,20,"FUN_000759f4","Global","unknown",0,"undefined",false,false,false
0x00075a08,0x00075af1,234,"FUN_00075a08","Global","unknown",0,"undefined",false,false,false
0x00075b10,0x00075b19,10,"FUN_00075b10","Global","unknown",0,"undefined",false,false,false
0x00075b20,0x00075c07,232,"FUN_00075b20","Global","unknown",0,"undefined",false,false,false
0x00075ce4,0x00075d79,150,"FUN_00075ce4","Global","unknown",0,"undefined",false,false,false
0x00075d88,0x00075e0b,132,"FUN_00075d88","Global","unknown",0,"undefined",false,false,false
0x00075e1c,0x00075f59,318,"FUN_00075e1c","Global","unknown",0,"undefined",false,false,false
0x00075f64,0x00075ff5,146,"FUN_00075f64","Global","unknown",0,"undefined",false,false,false
0x00076088,0x000760eb,100,"FUN_00076088","Global","unknown",0,"undefined",false,false,false
0x000760ec,0x00076119,46,"FUN_000760ec","Global","unknown",0,"undefined",false,false,false
0x00076120,0x00076173,84,"FUN_00076120","Global","unknown",0,"undefined",false,false,false
0x00076178,0x000761f5,126,"FUN_00076178","Global","unknown",0,"undefined",false,false,false
0x000761f8,0x000763a1,426,"FUN_000761f8","Global","unknown",0,"undefined",false,false,false
0x000763d8,0x000764d1,250,"FUN_000763d8","Global","unknown",0,"undefined",false,false,false
0x000764dc,0x000764fb,32,"FUN_000764dc","Global","unknown",0,"undefined",false,false,false
0x00076500,0x00076501,2,"FUN_00076500","Global","unknown",0,"undefined",false,false,false
0x00076502,0x0007656f,110,"FUN_00076502","Global","unknown",0,"undefined",false,false,false
0x00076570,0x000765db,108,"FUN_00076570","Global","unknown",0,"undefined",false,false,false
0x000765dc,0x000765e3,8,"thunk_FUN_0007803e","Global","unknown",0,"undefined",true,false,false
0x000765e4,0x000766a3,192,"FUN_000765e4","Global","unknown",0,"undefined",false,false,false
0x000766ac,0x00076889,478,"FUN_000766ac","Global","unknown",0,"undefined",false,false,false
0x000768b8,0x00076a43,396,"FUN_000768b8","Global","unknown",0,"undefined",false,false,false
0x00076a44,0x00076a65,34,"FUN_00076a44","Global","unknown",0,"undefined",false,false,false
0x00076a68,0x00076b63,252,"FUN_00076a68","Global","unknown",0,"undefined",false,false,false
0x00076b78,0x00076bdb,100,"FUN_00076b78","Global","unknown",0,"undefined",false,false,false
0x00076bdc,0x000770ad,1234,"FUN_00076bdc","Global","unknown",0,"undefined",false,false,false
0x000770bc,0x00077161,166,"FUN_000770bc","Global","unknown",0,"undefined",false,false,false
0x00077162,0x00077199,56,"FUN_00077162","Global","unknown",0,"undefined",false,false,false
0x0007719c,0x000771a9,14,"FUN_0007719c","Global","unknown",0,"undefined",false,false,false
0x000771b0,0x000771e1,50,"FUN_000771b0","Global","unknown",0,"undefined",false,false,false
0x000771e2,0x00077211,48,"FUN_000771e2","Global","unknown",0,"undefined",false,false,false
0x00077214,0x0007721b,8,"FUN_00077214","Global","unknown",0,"undefined",false,false,false
0x00077220,0x00077239,26,"FUN_00077220","Global","unknown",0,"undefined",false,false,false
0x00077240,0x00077249,10,"FUN_00077240","Global","unknown",0,"undefined",false,false,false
0x000772a8,0x00077335,142,"FUN_000772a8","Global","unknown",0,"undefined",false,false,false
0x00077430,0x00077601,466,"FUN_00077430","Global","unknown",0,"undefined",false,false,false
0x00077764,0x000779b1,590,"FUN_00077764","Global","unknown",0,"undefined",false,false,false
0x00077be0,0x00077c4b,108,"FUN_00077be0","Global","unknown",0,"undefined",false,false,false
0x00077c50,0x00077ca9,90,"FUN_00077c50","Global","unknown",0,"undefined",false,false,false
0x00077ce4,0x00077ce9,34,"FUN_00077ce4","Global","unknown",0,"undefined",false,false,false
0x00077cf0,0x00077cf5,44,"FUN_00077cf0","Global","unknown",0,"undefined",false,false,false
0x00077cfc,0x00077d01,88,"FUN_00077cfc","Global","unknown",0,"undefined",false,false,false
0x00077d08,0x00077d0d,34,"FUN_00077d08","Global","unknown",0,"undefined",false,false,false
0x00077d14,0x00077d19,24,"FUN_00077d14","Global","unknown",0,"undefined",false,false,false
0x00077d20,0x00077d25,40,"FUN_00077d20","Global","unknown",0,"undefined",false,false,false
0x00077d2c,0x00077e25,250,"FUN_00077d2c","Global","unknown",0,"undefined",false,false,false
0x00077e30,0x00077e3b,12,"FUN_00077e30","Global","unknown",0,"undefined",false,false,false
0x00077e3c,0x00077e45,10,"FUN_00077e3c","Global","unknown",0,"undefined",false,false,false
0x00077e48,0x00077e8d,70,"FUN_00077e48","Global","unknown",0,"undefined",false,false,false
0x00077e98,0x00077ee7,80,"FUN_00077e98","Global","unknown",0,"undefined",false,false,false
0x00077f30,0x00077f3f,16,"FUN_00077f30","Global","unknown",0,"undefined",false,false,false
0x00077f40,0x00077f65,38,"FUN_00077f40","Global","unknown",0,"undefined",false,false,false
0x00077f66,0x00077f7b,22,"FUN_00077f66","Global","unknown",0,"undefined",false,false,false
0x00077f7c,0x00077f91,22,"FUN_00077f7c","Global","unknown",0,"undefined",false,false,false
0x00077f92,0x00077fa7,22,"FUN_00077f92","Global","unknown",0,"undefined",false,false,false
0x00077fa8,0x00077fbd,22,"FUN_00077fa8","Global","unknown",0,"undefined",false,false,false
0x00077fbe,0x00077fd3,22,"FUN_00077fbe","Global","unknown",0,"undefined",false,false,false
0x00077fd4,0x00077ff3,32,"FUN_00077fd4","Global","unknown",0,"undefined",false,false,false
0x00077ff4,0x0007803d,74,"FUN_00077ff4","Global","unknown",0,"undefined",false,false,false
0x0007803e,0x00078053,22,"FUN_0007803e","Global","unknown",0,"undefined",false,false,false
0x00078054,0x00078067,20,"FUN_00078054","Global","unknown",0,"undefined",false,false,false
0x00078068,0x000780a5,16,"FUN_00078068","Global","unknown",0,"undefined",false,false,false
0x0007806e,0x000780c5,18,"FUN_0007806e","Global","unknown",0,"undefined",false,false,false
0x00078074,0x00078079,6,"FUN_00078074","Global","unknown",0,"undefined",false,false,false
0x0007807a,0x00078085,12,"FUN_0007807a","Global","unknown",0,"undefined",false,false,false
0x00078086,0x00078091,12,"FUN_00078086","Global","unknown",0,"undefined",false,false,false
0x00078092,0x0007809b,10,"FUN_00078092","Global","unknown",0,"undefined",false,false,false
0x000780a6,0x000780af,10,"FUN_000780a6","Global","unknown",0,"undefined",false,false,false
0x000780b0,0x000780b9,10,"FUN_000780b0","Global","unknown",0,"undefined",false,false,false
0x000780c6,0x000780d1,12,"FUN_000780c6","Global","unknown",0,"undefined",false,false,false
0x000780d2,0x00078115,68,"FUN_000780d2","Global","unknown",0,"undefined",false,false,false
0x00078116,0x00078145,48,"FUN_00078116","Global","unknown",0,"undefined",false,false,false
0x00078146,0x00078175,48,"FUN_00078146","Global","unknown",0,"undefined",false,false,false
0x00078176,0x00078185,16,"FUN_00078176","Global","unknown",0,"undefined",false,false,false
0x00078186,0x000781b1,44,"FUN_00078186","Global","unknown",0,"undefined",false,false,false
0x000781b4,0x00078327,372,"FUN_000781b4","Global","unknown",0,"undefined",false,false,false
0x000783b6,0x000783d9,36,"FUN_000783b6","Global","unknown",0,"undefined",false,false,false
0x000783da,0x0007848f,182,"FUN_000783da","Global","unknown",0,"undefined",false,false,false
0x00078490,0x0007849d,14,"FUN_00078490","Global","unknown",0,"undefined",false,false,false
0x0007849e,0x000784ad,16,"FUN_0007849e","Global","unknown",0,"undefined",false,false,false
0x000784b0,0x000784cb,28,"FUN_000784b0","Global","unknown",0,"undefined",false,false,false
0x000784d0,0x000784eb,28,"FUN_000784d0","Global","unknown",0,"undefined",false,false,false
0x000784f0,0x0007850b,28,"FUN_000784f0","Global","unknown",0,"undefined",false,false,false
0x00078510,0x0007852b,28,"FUN_00078510","Global","unknown",0,"undefined",false,false,false
0x00078530,0x0007854b,28,"FUN_00078530","Global","unknown",0,"undefined",false,false,false
0x00078550,0x0007856b,28,"FUN_00078550","Global","unknown",0,"undefined",false,false,false
0x00078570,0x0007858b,28,"FUN_00078570","Global","unknown",0,"undefined",false,false,false
0x00078590,0x00078659,202,"FUN_00078590","Global","unknown",0,"undefined",false,false,false
0x000788c8,0x00078929,98,"FUN_000788c8","Global","unknown",0,"undefined",false,false,false
0x00078990,0x000789dd,78,"FUN_00078990","Global","unknown",0,"undefined",false,false,false
0x000789e4,0x0007b365,274,"FUN_000789e4","Global","unknown",0,"undefined",false,false,false
0x00078a24,0x00078a31,14,"FUN_00078a24","Global","unknown",0,"undefined",false,false,false
0x00078a32,0x00078a3f,14,"FUN_00078a32","Global","unknown",0,"undefined",false,false,false
0x00078a40,0x00078a59,26,"FUN_00078a40","Global","unknown",0,"undefined",false,false,false
0x00078a5a,0x00078a71,24,"FUN_00078a5a","Global","unknown",0,"undefined",false,false,false
0x00078a72,0x00078c4b,474,"FUN_00078a72","Global","unknown",0,"undefined",false,false,false
0x00078c4c,0x00078c77,44,"FUN_00078c4c","Global","unknown",0,"undefined",false,false,false
0x00078c78,0x00078c7f,8,"FUN_00078c78","Global","unknown",0,"undefined",false,false,false
0x00078dac,0x00078de9,62,"FUN_00078dac","Global","unknown",0,"undefined",false,false,false
0x00078dea,0x00078e1b,50,"FUN_00078dea","Global","unknown",0,"undefined",false,false,false
0x00078e1c,0x00078e4b,48,"FUN_00078e1c","Global","unknown",0,"undefined",false,false,false
0x00078e82,0x00078eb3,50,"FUN_00078e82","Global","unknown",0,"undefined",false,false,false
0x00078eb4,0x00078ee5,50,"FUN_00078eb4","Global","unknown",0,"undefined",false,false,false
0x00078ee6,0x00078f17,50,"FUN_00078ee6","Global","unknown",0,"undefined",false,false,false
0x00078f18,0x00078f49,50,"FUN_00078f18","Global","unknown",0,"undefined",false,false,false
0x00078f4a,0x00078f7b,50,"FUN_00078f4a","Global","unknown",0,"undefined",false,false,false
0x00078f7c,0x00078fad,50,"FUN_00078f7c","Global","unknown",0,"undefined",false,false,false
0x00078fb0,0x00078fdf,48,"FUN_00078fb0","Global","unknown",0,"undefined",false,false,false
0x0007903e,0x0007904f,18,"FUN_0007903e","Global","unknown",0,"undefined",false,false,false
0x00079050,0x00079061,18,"FUN_00079050","Global","unknown",0,"undefined",false,false,false
0x00079062,0x00079073,18,"FUN_00079062","Global","unknown",0,"undefined",false,false,false
0x00079074,0x00079085,18,"FUN_00079074","Global","unknown",0,"undefined",false,false,false
0x00079086,0x00079097,18,"FUN_00079086","Global","unknown",0,"undefined",false,false,false
0x00079098,0x000790a9,18,"FUN_00079098","Global","unknown",0,"undefined",false,false,false
0x000790aa,0x000790bb,18,"FUN_000790aa","Global","unknown",0,"undefined",false,false,false
0x000790bc,0x000790cf,20,"FUN_000790bc","Global","unknown",0,"undefined",false,false,false
0x000790d0,0x000790e3,20,"FUN_000790d0","Global","unknown",0,"undefined",false,false,false
0x000790e4,0x000790f7,20,"FUN_000790e4","Global","unknown",0,"undefined",false,false,false
0x000790f8,0x0007910b,20,"FUN_000790f8","Global","unknown",0,"undefined",false,false,false
0x0007910c,0x0007911f,20,"FUN_0007910c","Global","unknown",0,"undefined",false,false,false
0x00079120,0x0007914f,48,"FUN_00079120","Global","unknown",0,"undefined",false,false,false
0x00079150,0x00079179,40,"FUN_00079150","Global","unknown",0,"undefined",false,false,false
0x0007920c,0x0007921f,20,"FUN_0007920c","Global","unknown",0,"undefined",false,false,false
0x00079220,0x00079233,20,"FUN_00079220","Global","unknown",0,"undefined",false,false,false
0x00079234,0x00079249,22,"FUN_00079234","Global","unknown",0,"undefined",false,false,false
0x00079250,0x00079265,22,"FUN_00079250","Global","unknown",0,"undefined",false,false,false
0x00079288,0x0007929d,22,"FUN_00079288","Global","unknown",0,"undefined",false,false,false
0x000792a4,0x000792b9,22,"FUN_000792a4","Global","unknown",0,"undefined",false,false,false
0x000792c0,0x000792d5,22,"FUN_000792c0","Global","unknown",0,"undefined",false,false,false
0x000792dc,0x000792f1,22,"FUN_000792dc","Global","unknown",0,"undefined",false,false,false
0x000792f8,0x0007930d,22,"FUN_000792f8","Global","unknown",0,"undefined",false,false,false
0x00079314,0x00079329,22,"FUN_00079314","Global","unknown",0,"undefined",false,false,false
0x00079330,0x00079345,22,"FUN_00079330","Global","unknown",0,"undefined",false,false,false
0x0007934c,0x00079361,22,"FUN_0007934c","Global","unknown",0,"undefined",false,false,false
0x00079368,0x0007937d,22,"FUN_00079368","Global","unknown",0,"undefined",false,false,false
0x000793b0,0x000793c5,22,"FUN_000793b0","Global","unknown",0,"undefined",false,false,false
0x000793c6,0x000793db,22,"FUN_000793c6","Global","unknown",0,"undefined",false,false,false
0x000793dc,0x000793f1,22,"FUN_000793dc","Global","unknown",0,"undefined",false,false,false
0x000793f2,0x00079407,22,"FUN_000793f2","Global","unknown",0,"undefined",false,false,false
0x00079408,0x0007941d,22,"FUN_00079408","Global","unknown",0,"undefined",false,false,false
0x0007941e,0x00079433,22,"FUN_0007941e","Global","unknown",0,"undefined",false,false,false
0x00079434,0x00079447,20,"FUN_00079434","Global","unknown",0,"undefined",false,false,false
0x00079448,0x0007945b,20,"FUN_00079448","Global","unknown",0,"undefined",false,false,false
0x0007945c,0x0007946f,20,"FUN_0007945c","Global","unknown",0,"undefined",false,false,false
0x00079470,0x00079483,20,"FUN_00079470","Global","unknown",0,"undefined",false,false,false
0x00079484,0x00079497,20,"FUN_00079484","Global","unknown",0,"undefined",false,false,false
0x00079498,0x000794ab,20,"FUN_00079498","Global","unknown",0,"undefined",false,false,false
0x000794ac,0x000794bf,20,"FUN_000794ac","Global","unknown",0,"undefined",false,false,false
0x000794c0,0x000794d3,20,"FUN_000794c0","Global","unknown",0,"undefined",false,false,false
0x000794d4,0x000794e7,20,"FUN_000794d4","Global","unknown",0,"undefined",false,false,false
0x000794e8,0x000794fb,20,"FUN_000794e8","Global","unknown",0,"undefined",false,false,false
0x000794fc,0x0007950b,16,"FUN_000794fc","Global","unknown",0,"undefined",false,false,false
0x00079510,0x0007951b,12,"FUN_00079510","Global","unknown",0,"undefined",false,false,false
0x00079520,0x0007956d,78,"FUN_00079520","Global","unknown",0,"undefined",false,false,false
0x00079576,0x00079579,4,"thunk_FUN_00036d68","Global","unknown",0,"undefined",true,false,false
0x00079598,0x00079659,194,"FUN_00079598","Global","unknown",0,"undefined",false,false,false
0x0007965c,0x00079685,42,"FUN_0007965c","Global","unknown",0,"undefined",false,false,false
0x0007968c,0x000796a3,24,"FUN_0007968c","Global","unknown",0,"undefined",false,false,false
0x000796a8,0x000798d3,556,"FUN_000796a8","Global","unknown",0,"undefined",false,false,false
0x00079918,0x000799b7,160,"FUN_00079918","Global","unknown",0,"undefined",false,false,false
0x000799c0,0x000799c7,8,"FUN_000799c0","Global","unknown",0,"undefined",false,false,false
0x000799c8,0x000799d5,14,"FUN_000799c8","Global","unknown",0,"undefined",false,false,false
0x000799d6,0x000799e5,16,"FUN_000799d6","Global","unknown",0,"undefined",false,false,false
0x000799e6,0x000799f7,18,"FUN_000799e6","Global","unknown",0,"undefined",false,false,false
0x000799f8,0x00079a0b,20,"FUN_000799f8","Global","unknown",0,"undefined",false,false,false
0x00079a0c,0x00079a27,28,"FUN_00079a0c","Global","unknown",0,"undefined",false,false,false
0x00079a28,0x00079a43,28,"FUN_00079a28","Global","unknown",0,"undefined",false,false,false
0x00079a44,0x00079ad9,150,"FUN_00079a44","Global","unknown",0,"undefined",false,false,false
0x00079af4,0x00079b0f,28,"FUN_00079af4","Global","unknown",0,"undefined",false,false,false
0x00079b1c,0x00079b41,38,"FUN_00079b1c","Global","unknown",0,"undefined",false,false,false
0x00079b48,0x00079bfd,174,"FUN_00079b48","Global","unknown",0,"undefined",false,false,false
0x00079bfe,0x00079c5d,96,"FUN_00079bfe","Global","unknown",0,"undefined",false,false,false
0x00079c5e,0x00079c8f,50,"FUN_00079c5e","Global","unknown",0,"undefined",false,false,false
0x00079c90,0x00079c97,8,"FUN_00079c90","Global","unknown",0,"undefined",false,false,false
0x00079c98,0x00079c9b,4,"thunk_FUN_00078146","Global","unknown",0,"undefined",true,false,false
0x00079c9c,0x00079cb9,30,"FUN_00079c9c","Global","unknown",0,"undefined",false,false,false
0x00079cba,0x00079cc9,16,"FUN_00079cba","Global","unknown",0,"undefined",false,false,false
0x00079cca,0x00079cd9,16,"FUN_00079cca","Global","unknown",0,"undefined",false,false,false
0x00079cdc,0x00079ce7,12,"FUN_00079cdc","Global","unknown",0,"undefined",false,false,false
0x00079cec,0x00079cf7,12,"FUN_00079cec","Global","unknown",0,"undefined",false,false,false
0x00079cfc,0x00079d0d,18,"FUN_00079cfc","Global","unknown",0,"undefined",false,false,false
0x00079d14,0x00079d1f,12,"FUN_00079d14","Global","unknown",0,"undefined",false,false,false
0x00079d24,0x00079d33,16,"FUN_00079d24","Global","unknown",0,"undefined",false,false,false
0x00079d38,0x00079d41,10,"FUN_00079d38","Global","unknown",0,"undefined",false,false,false
0x00079d42,0x00079d4d,12,"FUN_00079d42","Global","unknown",0,"undefined",false,false,false
0x00079d50,0x00079da7,88,"FUN_00079d50","Global","unknown",0,"undefined",false,false,false
0x00079dcc,0x00079de7,28,"FUN_00079dcc","Global","unknown",0,"undefined",false,false,false
0x00079de8,0x00079df3,12,"FUN_00079de8","Global","unknown",0,"undefined",false,false,false
0x00079df4,0x00079dff,12,"FUN_00079df4","Global","unknown",0,"undefined",false,false,false
0x00079e00,0x00079e09,10,"FUN_00079e00","Global","unknown",0,"undefined",false,false,false
0x00079e24,0x00079e2f,12,"FUN_00079e24","Global","unknown",0,"undefined",false,false,false
0x00079e34,0x00079e43,16,"FUN_00079e34","Global","unknown",0,"undefined",false,false,false
0x00079e58,0x00079e67,16,"FUN_00079e58","Global","unknown",0,"undefined",false,false,false
0x00079e6c,0x0007a0b3,584,"FUN_00079e6c","Global","unknown",0,"undefined",false,false,false
0x0007a0ec,0x0007a209,286,"FUN_0007a0ec","Global","unknown",0,"undefined",false,false,false
0x0007a440,0x0007a4a5,102,"FUN_0007a440","Global","unknown",0,"undefined",false,false,false
0x0007a4b4,0x0007a4d3,32,"FUN_0007a4b4","Global","unknown",0,"undefined",false,false,false
0x0007a4d8,0x0007a4dd,6,"FUN_0007a4d8","Global","unknown",0,"undefined",false,false,false
0x0007a53c,0x0007a569,46,"FUN_0007a53c","Global","unknown",0,"undefined",false,false,false
0x0007a56a,0x0007a589,32,"FUN_0007a56a","Global","unknown",0,"undefined",false,false,false
0x0007a58a,0x0007a593,10,"FUN_0007a58a","Global","unknown",0,"undefined",false,false,false
0x0007a594,0x0007a5c7,52,"FUN_0007a594","Global","unknown",0,"undefined",false,false,false
0x0007a5cc,0x0007a5d9,14,"FUN_0007a5cc","Global","unknown",0,"undefined",false,false,false
0x0007a5e0,0x0007a603,36,"FUN_0007a5e0","Global","unknown",0,"undefined",false,true,false
0x0007a60c,0x0007a617,12,"FUN_0007a60c","Global","unknown",0,"undefined",false,false,false
0x0007a618,0x0007a621,10,"FUN_0007a618","Global","unknown",0,"undefined",false,false,false
0x0007a622,0x0007a62d,12,"FUN_0007a622","Global","unknown",0,"undefined",false,false,false
0x0007a630,0x0007a63b,12,"FUN_0007a630","Global","unknown",0,"undefined",false,false,false
0x0007a640,0x0007a661,34,"FUN_0007a640","Global","unknown",0,"undefined",false,false,false
0x0007a66c,0x0007a687,28,"FUN_0007a66c","Global","unknown",0,"undefined",false,false,false
0x0007a68c,0x0007a6a5,26,"FUN_0007a68c","Global","unknown",0,"undefined",false,false,false
0x0007a71c,0x0007a727,12,"FUN_0007a71c","Global","unknown",0,"undefined",false,false,false
0x0007a72c,0x0007a737,12,"FUN_0007a72c","Global","unknown",0,"undefined",false,false,false
0x0007a73c,0x0007a77d,66,"FUN_0007a73c","Global","unknown",0,"undefined",false,false,false
0x0007a784,0x0007a813,144,"FUN_0007a784","Global","unknown",0,"undefined",false,false,false
0x0007a81c,0x0007a8df,196,"FUN_0007a81c","Global","unknown",0,"undefined",false,false,false
0x0007a8ec,0x0007a943,88,"FUN_0007a8ec","Global","unknown",0,"undefined",false,false,false
0x0007ac04,0x0007ac13,16,"FUN_0007ac04","Global","unknown",0,"undefined",false,false,false
0x0007ac14,0x0007ac1f,12,"FUN_0007ac14","Global","unknown",0,"undefined",false,false,false
0x0007ac24,0x0007acab,136,"FUN_0007ac24","Global","unknown",0,"undefined",false,false,false
0x0007acb8,0x0007accb,20,"FUN_0007acb8","Global","unknown",0,"undefined",false,false,false
0x0007acd4,0x0007ad0d,58,"FUN_0007acd4","Global","unknown",0,"undefined",false,false,false
0x0007ad0e,0x0007ad1f,18,"FUN_0007ad0e","Global","unknown",0,"undefined",false,false,false
0x0007ad20,0x0007ad57,56,"FUN_0007ad20","Global","unknown",0,"undefined",false,false,false
0x0007ae4c,0x0007ae8f,68,"FUN_0007ae4c","Global","unknown",0,"undefined",false,false,false
0x0007b1c4,0x0007b1cb,8,"FUN_0007b1c4","Global","unknown",0,"undefined",false,false,false
0x0007b1cc,0x0007b20b,64,"FUN_0007b1cc","Global","unknown",0,"undefined",false,false,false
0x0007b22c,0x0007b25f,52,"FUN_0007b22c","Global","unknown",0,"undefined",false,false,false
0x0007b268,0x0007b287,32,"FUN_0007b268","Global","unknown",0,"undefined",false,false,false
0x0007b370,0x0007b39b,44,"FUN_0007b370","Global","unknown",0,"undefined",false,false,false
0x0007b3a0,0x0007b3d5,54,"FUN_0007b3a0","Global","unknown",0,"undefined",false,false,false
0x0007b3d8,0x0007b443,108,"FUN_0007b3d8","Global","unknown",0,"undefined",false,false,false
0x0007b448,0x00093dc5,690,"FUN_0007b448","Global","unknown",0,"undefined",false,false,false
0x0007b61c,0x0007b633,24,"FUN_0007b61c","Global","unknown",0,"undefined",false,false,false
0x0007b634,0x0007b80d,474,"FUN_0007b634","Global","unknown",0,"undefined",false,false,false
0x0007b9c8,0x0007b9e7,32,"FUN_0007b9c8","Global","unknown",0,"undefined",false,false,false
0x0007b9ec,0x0007ba03,24,"FUN_0007b9ec","Global","unknown",0,"undefined",false,false,false
0x0007ba08,0x0007ba1d,22,"FUN_0007ba08","Global","unknown",0,"undefined",false,false,false
0x0007ba24,0x0007ba3b,24,"FUN_0007ba24","Global","unknown",0,"undefined",false,false,false
0x0007ba40,0x0007ba71,50,"FUN_0007ba40","Global","unknown",0,"undefined",false,false,false
0x0007ba78,0x0007babd,70,"FUN_0007ba78","Global","unknown",0,"undefined",false,false,false
0x0007bac4,0x0007bad7,20,"FUN_0007bac4","Global","unknown",0,"undefined",false,false,false
0x0007badc,0x0007bafd,34,"FUN_0007badc","Global","unknown",0,"undefined",false,false,false
0x0007bb04,0x0007bb19,22,"FUN_0007bb04","Global","unknown",0,"undefined",false,false,false
0x0007bb44,0x0007bb57,20,"FUN_0007bb44","Global","unknown",0,"undefined",false,false,false
0x0007bb5c,0x0007bb75,26,"FUN_0007bb5c","Global","unknown",0,"undefined",false,false,false
0x0007bb7c,0x0007bb8f,20,"FUN_0007bb7c","Global","unknown",0,"undefined",false,false,false
0x0007bb94,0x0007bbb7,36,"FUN_0007bb94","Global","unknown",0,"undefined",false,false,false
0x0007bbbc,0x0007bbbd,2,"FUN_0007bbbc","Global","unknown",0,"undefined",false,false,false
0x0007bbc0,0x0007bbe3,36,"FUN_0007bbc0","Global","unknown",0,"undefined",false,false,false
0x0007bd68,0x0007c13f,984,"FUN_0007bd68","Global","unknown",0,"undefined",false,false,false
0x0007c52c,0x0007c719,494,"FUN_0007c52c","Global","unknown",0,"undefined",false,false,false
0x0007c8b0,0x0007c8dd,46,"FUN_0007c8b0","Global","unknown",0,"undefined",false,false,false
0x0007c8e4,0x0007c90b,40,"FUN_0007c8e4","Global","unknown",0,"undefined",false,false,false
0x0007c910,0x0007c935,38,"FUN_0007c910","Global","unknown",0,"undefined",false,false,false
0x0007c93c,0x0007c963,40,"FUN_0007c93c","Global","unknown",0,"undefined",false,false,false
0x0007c968,0x0007c9a1,58,"FUN_0007c968","Global","unknown",0,"undefined",false,false,false
0x0007c9a8,0x0007c9e3,60,"FUN_0007c9a8","Global","unknown",0,"undefined",false,false,false
0x0007c9e8,0x0007ca0b,36,"FUN_0007c9e8","Global","unknown",0,"undefined",false,false,false
0x0007ca10,0x0007ca3f,48,"FUN_0007ca10","Global","unknown",0,"undefined",false,false,false
0x0007ca44,0x0007ca69,38,"FUN_0007ca44","Global","unknown",0,"undefined",false,false,false
0x0007ca7c,0x0007ca89,14,"FUN_0007ca7c","Global","unknown",0,"undefined",false,false,false
0x0007ca94,0x0007cb97,260,"FUN_0007ca94","Global","unknown",0,"undefined",false,false,false
0x0007cba0,0x0007cbc5,38,"FUN_0007cba0","Global","unknown",0,"undefined",false,false,false
0x0007cdc8,0x0007ce2b,100,"FUN_0007cdc8","Global","unknown",0,"undefined",false,false,false
0x0007ce34,0x0007ced5,162,"FUN_0007ce34","Global","unknown",0,"undefined",false,false,false
0x0007cf4c,0x0007d04d,258,"FUN_0007cf4c","Global","unknown",0,"undefined",false,false,false
0x0007d0a8,0x0007d0d1,42,"FUN_0007d0a8","Global","unknown",0,"undefined",false,false,false
0x0007d0d8,0x0007d153,122,"FUN_0007d0d8","Global","unknown",0,"undefined",false,false,false
0x0007d154,0x0007d171,30,"FUN_0007d154","Global","unknown",0,"undefined",false,false,false
0x0007d172,0x0007d19d,44,"FUN_0007d172","Global","unknown",0,"undefined",false,false,false
0x0007d1a0,0x0007d1f9,90,"FUN_0007d1a0","Global","unknown",0,"undefined",false,false,false
0x0007d200,0x0007d26b,108,"FUN_0007d200","Global","unknown",0,"undefined",false,false,false
0x0007d26c,0x0007d287,28,"FUN_0007d26c","Global","unknown",0,"undefined",false,false,false
0x0007d28c,0x000987db,36,"FUN_0007d28c","Global","unknown",0,"undefined",false,false,false
0x0007d2a4,0x0007d2a9,6,"FUN_0007d2a4","Global","unknown",0,"undefined",false,false,false
0x0007d310,0x0007d381,114,"FUN_0007d310","Global","unknown",0,"undefined",false,false,false
0x0007d388,0x0007d38f,8,"FUN_0007d388","Global","unknown",0,"undefined",false,false,false
0x0007d390,0x0007d3b3,36,"FUN_0007d390","Global","unknown",0,"undefined",false,false,false
0x0007d3b4,0x0007d409,86,"FUN_0007d3b4","Global","unknown",0,"undefined",false,false,false
0x0007d40c,0x0007d481,118,"FUN_0007d40c","Global","unknown",0,"undefined",false,false,false
0x0007d488,0x0007d4d5,78,"FUN_0007d488","Global","unknown",0,"undefined",false,false,false
0x0007d4d6,0x0007d535,96,"FUN_0007d4d6","Global","unknown",0,"undefined",false,false,false
0x0007d536,0x0007d57b,70,"FUN_0007d536","Global","unknown",0,"undefined",false,false,false
0x0007d57c,0x0007d5e3,104,"FUN_0007d57c","Global","unknown",0,"undefined",false,false,false
0x0007d5e8,0x00095669,90,"FUN_0007d5e8","Global","unknown",0,"undefined",false,false,false
0x0007d60c,0x0007d695,138,"FUN_0007d60c","Global","unknown",0,"undefined",false,false,false
0x0007d698,0x0007d6ef,88,"FUN_0007d698","Global","unknown",0,"undefined",false,false,false
0x0007d6f4,0x0007d779,134,"FUN_0007d6f4","Global","unknown",0,"undefined",false,false,false
0x0007d780,0x0007d813,148,"FUN_0007d780","Global","unknown",0,"undefined",false,false,false
0x0007d814,0x0007d817,4,"thunk_FUN_0009879c","Global","unknown",0,"undefined",true,false,false
0x0007d818,0x0007d8a5,142,"FUN_0007d818","Global","unknown",0,"undefined",false,false,false
0x0007d8a6,0x0007d8d5,48,"FUN_0007d8a6","Global","unknown",0,"undefined",false,false,false
0x0007d8d6,0x0007d909,52,"FUN_0007d8d6","Global","unknown",0,"undefined",false,false,false
0x0007d90c,0x0007d9a9,158,"FUN_0007d90c","Global","unknown",0,"undefined",false,false,false
0x0007d9b0,0x0007d9e9,58,"FUN_0007d9b0","Global","unknown",0,"undefined",false,false,false
0x0007d9ea,0x0007da2d,68,"FUN_0007d9ea","Global","unknown",0,"undefined",false,false,false
0x0007da30,0x0007dca7,632,"FUN_0007da30","Global","unknown",0,"undefined",false,false,false
0x0007dcd8,0x0007dd13,60,"FUN_0007dcd8","Global","unknown",0,"undefined",false,false,false
0x0007dd18,0x0007dd51,58,"FUN_0007dd18","Global","unknown",0,"undefined",false,false,false
0x0007dd58,0x0007e0c1,874,"FUN_0007dd58","Global","unknown",0,"undefined",false,false,false
0x0007e0d4,0x0007e0ed,26,"FUN_0007e0d4","Global","unknown",0,"undefined",false,false,false
0x0007e0f8,0x0007e113,28,"FUN_0007e0f8","Global","unknown",0,"undefined",false,false,false
0x0007e114,0x0007e17b,104,"FUN_0007e114","Global","unknown",0,"undefined",false,false,false
0x0007e180,0x0007e193,20,"FUN_0007e180","Global","unknown",0,"undefined",false,false,false
0x0007e19c,0x0007e1b1,22,"FUN_0007e19c","Global","unknown",0,"undefined",false,false,false
0x0007e1c0,0x0007e2dd,286,"FUN_0007e1c0","Global","unknown",0,"undefined",false,false,false
0x0007e2f0,0x0007e2f7,8,"FUN_0007e2f0","Global","unknown",0,"undefined",false,false,false
0x0007e3a4,0x0007e3d1,46,"FUN_0007e3a4","Global","unknown",0,"undefined",false,false,false
0x0007e3d8,0x0007e3f7,32,"FUN_0007e3d8","Global","unknown",0,"undefined",false,false,false
0x0007e3f8,0x0007e40f,24,"FUN_0007e3f8","Global","unknown",0,"undefined",false,false,false
0x0007e414,0x0007e49f,140,"FUN_0007e414","Global","unknown",0,"undefined",false,false,false
0x0007e574,0x0007e579,6,"FUN_0007e574","Global","unknown",0,"undefined",false,false,false
0x0007e57c,0x0007e65d,226,"FUN_0007e57c","Global","unknown",0,"undefined",false,false,false
0x0007e678,0x0007e767,240,"FUN_0007e678","Global","unknown",0,"undefined",false,false,false
0x0007e77c,0x0007e78f,20,"FUN_0007e77c","Global","unknown",0,"undefined",false,false,false
0x0007e790,0x0007e7c5,54,"FUN_0007e790","Global","unknown",0,"undefined",false,false,false
0x0007e7c8,0x0007e7d3,12,"FUN_0007e7c8","Global","unknown",0,"undefined",false,false,false
0x0007e7d8,0x0007e8af,216,"FUN_0007e7d8","Global","unknown",0,"undefined",false,false,false
0x0007e90c,0x0007e90f,4,"thunk_FUN_0007ecc0","Global","unknown",0,"undefined",true,false,false
0x0007e910,0x0007e913,4,"thunk_FUN_0007eccc","Global","unknown",0,"undefined",true,false,false
0x0007e914,0x0007e967,84,"FUN_0007e914","Global","unknown",0,"undefined",false,false,false
0x0007e96c,0x0007e975,10,"FUN_0007e96c","Global","unknown",0,"undefined",false,false,false
0x0007e97c,0x0007e9ed,114,"FUN_0007e97c","Global","unknown",0,"undefined",false,false,false
0x0007e9f0,0x0007eac3,212,"FUN_0007e9f0","Global","unknown",0,"undefined",false,false,false
0x0007ead4,0x0007eadb,8,"FUN_0007ead4","Global","unknown",0,"undefined",false,false,false
0x0007eadc,0x0007eaf1,22,"FUN_0007eadc","Global","unknown",0,"undefined",false,false,false
0x0007eaf2,0x0007eaf5,4,"thunk_FUN_0007ed08","Global","unknown",0,"undefined",true,false,false
0x0007eaf6,0x0007eb2f,58,"FUN_0007eaf6","Global","unknown",0,"undefined",false,false,false
0x0007eb30,0x0007ebeb,188,"FUN_0007eb30","Global","unknown",0,"undefined",false,false,false
0x0007ec04,0x0007ec33,48,"FUN_0007ec04","Global","unknown",0,"undefined",false,false,false
0x0007ec34,0x0007ec57,36,"FUN_0007ec34","Global","unknown",0,"undefined",false,false,false
0x0007ec58,0x0007ec71,26,"FUN_0007ec58","Global","unknown",0,"undefined",false,false,false
0x0007ec74,0x0007ec79,6,"FUN_0007ec74","Global","unknown",0,"undefined",false,false,false
0x0007ec80,0x0007ec9f,32,"FUN_0007ec80","Global","unknown",0,"undefined",false,false,false
0x0007eca4,0x0007ecbb,24,"FUN_0007eca4","Global","unknown",0,"undefined",false,false,false
0x0007ecc0,0x0007ecc5,6,"FUN_0007ecc0","Global","unknown",0,"undefined",false,false,false
0x0007eccc,0x0007ecf5,42,"FUN_0007eccc","Global","unknown",0,"undefined",false,false,false
0x0007ecfc,0x0007ed03,8,"FUN_0007ecfc","Global","unknown",0,"undefined",false,false,false
0x0007ed08,0x0007ed17,16,"FUN_0007ed08","Global","unknown",0,"undefined",false,false,false
0x0007ed1c,0x0007ed2b,16,"FUN_0007ed1c","Global","unknown",0,"undefined",false,false,false
0x0007ed30,0x0007eded,190,"FUN_0007ed30","Global","unknown",0,"undefined",false,false,false
0x0007edfc,0x0007ee2b,48,"FUN_0007edfc","Global","unknown",0,"undefined",false,false,false
0x0007ee30,0x0007ee75,70,"FUN_0007ee30","Global","unknown",0,"undefined",false,false,false
0x0007ee7c,0x0007eed9,94,"FUN_0007ee7c","Global","unknown",0,"undefined",false,false,false
0x0007ef06,0x0007ef4b,70,"FUN_0007ef06","Global","unknown",0,"undefined",false,false,false
0x0007ef4c,0x0007efa9,94,"FUN_0007ef4c","Global","unknown",0,"undefined",false,false,false
0x0007efaa,0x0007efd5,44,"FUN_0007efaa","Global","unknown",0,"undefined",false,false,false
0x0007efd6,0x0007efe9,20,"FUN_0007efd6","Global","unknown",0,"undefined",false,false,false
0x0007efea,0x0007effd,20,"FUN_0007efea","Global","unknown",0,"undefined",false,false,false
0x0007effe,0x0007f015,24,"FUN_0007effe","Global","unknown",0,"undefined",false,false,false
0x0007f030,0x0007f0c1,146,"FUN_0007f030","Global","unknown",0,"undefined",false,false,false
0x0007f0c8,0x0007f0dd,22,"FUN_0007f0c8","Global","unknown",0,"undefined",false,false,false
0x0007f0e0,0x0007f0ef,16,"FUN_0007f0e0","Global","unknown",0,"undefined",false,false,false
0x0007f0f4,0x0007f109,22,"FUN_0007f0f4","Global","unknown",0,"undefined",false,false,false
0x0007f110,0x0007f125,22,"FUN_0007f110","Global","unknown",0,"undefined",false,false,false
0x0007f12c,0x0007f13f,20,"FUN_0007f12c","Global","unknown",0,"undefined",false,false,false
0x0007f144,0x0007f157,20,"FUN_0007f144","Global","unknown",0,"undefined",false,false,false
0x0007f15c,0x0007f177,28,"FUN_0007f15c","Global","unknown",0,"undefined",false,false,false
0x0007f194,0x0007f1f7,100,"FUN_0007f194","Global","unknown",0,"undefined",false,false,false
0x0007f1f8,0x0007f21b,36,"FUN_0007f1f8","Global","unknown",0,"undefined",false,false,false
0x0007f21c,0x0007f243,40,"FUN_0007f21c","Global","unknown",0,"undefined",false,false,false
0x0007f244,0x0007f275,50,"FUN_0007f244","Global","unknown",0,"undefined",false,false,false
0x0007f276,0x00090631,24,"FUN_0007f276","Global","unknown",0,"undefined",false,false,false
0x0007f280,0x0007f28d,14,"FUN_0007f280","Global","unknown",0,"undefined",false,false,false
0x0007f294,0x0007f2ab,24,"FUN_0007f294","Global","unknown",0,"undefined",false,false,false
0x0007f2b0,0x0007fa0d,1052,"FUN_0007f2b0","Global","unknown",0,"undefined",false,false,false
0x0007fa5c,0x0007fddf,572,"FUN_0007fa5c","Global","unknown",0,"undefined",false,false,false
0x0007fde4,0x0007fe49,494,"FUN_0007fde4","Global","unknown",0,"undefined",false,false,false
0x0007fe74,0x0008023b,946,"FUN_0007fe74","Global","unknown",0,"undefined",false,false,false
0x0008056c,0x0008056f,4,"thunk_FUN_0005ecc0","Global","unknown",0,"undefined",true,false,false
0x00080570,0x00080743,468,"FUN_00080570","Global","unknown",0,"undefined",false,false,false
0x00080980,0x00080a93,276,"FUN_00080980","Global","unknown",0,"undefined",false,false,false
0x00080a98,0x00080aa9,18,"FUN_00080a98","Global","unknown",0,"undefined",false,false,false
0x00080aac,0x00080acd,34,"FUN_00080aac","Global","unknown",0,"undefined",false,false,false
0x00080ad4,0x00080ae1,14,"FUN_00080ad4","Global","unknown",0,"undefined",false,false,false
0x00080ae8,0x00080be3,252,"FUN_00080ae8","Global","unknown",0,"undefined",false,false,false
0x00080c38,0x00080d47,272,"FUN_00080c38","Global","unknown",0,"undefined",false,false,false
0x00080d5c,0x00080e0d,176,"FUN_00080d5c","Global","unknown",0,"undefined",false,false,false
0x00080e28,0x00080e49,34,"FUN_00080e28","Global","unknown",0,"undefined",false,false,false
0x00080e54,0x00080e61,14,"FUN_00080e54","Global","unknown",0,"undefined",false,false,false
0x00080e68,0x00080e71,10,"FUN_00080e68","Global","unknown",0,"undefined",false,false,false
0x00080e74,0x00080e9f,44,"FUN_00080e74","Global","unknown",0,"undefined",false,false,false
0x00080ea8,0x00080f71,202,"FUN_00080ea8","Global","unknown",0,"undefined",false,false,false
0x00080f78,0x00080f83,12,"FUN_00080f78","Global","unknown",0,"undefined",false,false,false
0x00080f88,0x00080feb,100,"FUN_00080f88","Global","unknown",0,"undefined",false,false,false
0x00080ff4,0x0008103d,74,"FUN_00080ff4","Global","unknown",0,"undefined",false,false,false
0x00081040,0x000813cb,908,"FUN_00081040","Global","unknown",0,"undefined",false,false,false
0x000813e0,0x0008140f,48,"FUN_000813e0","Global","unknown",0,"undefined",false,false,false
0x0008141c,0x0008155d,322,"FUN_0008141c","Global","unknown",0,"undefined",false,false,false
0x0008156c,0x000815b3,72,"FUN_0008156c","Global","unknown",0,"undefined",false,false,false
0x000815e4,0x0008164f,108,"FUN_000815e4","Global","unknown",0,"undefined",false,false,false
0x00081744,0x00081853,262,"FUN_00081744","Global","unknown",0,"undefined",false,false,false
0x0008185c,0x000818c9,110,"FUN_0008185c","Global","unknown",0,"undefined",false,false,false
0x00081918,0x00081979,98,"FUN_00081918","Global","unknown",0,"undefined",false,false,false
0x0008198c,0x0008203d,754,"FUN_0008198c","Global","unknown",0,"undefined",false,false,false
0x0008216c,0x000822cb,352,"FUN_0008216c","Global","unknown",0,"undefined",false,false,false
0x000823d8,0x00082441,106,"FUN_000823d8","Global","unknown",0,"undefined",false,false,false
0x0008245c,0x0008247d,34,"FUN_0008245c","Global","unknown",0,"undefined",false,false,false
0x0008247e,0x0008249f,34,"FUN_0008247e","Global","unknown",0,"undefined",false,false,false
0x000824a0,0x00082537,152,"FUN_000824a0","Global","unknown",0,"undefined",false,false,false
0x000825c0,0x00082665,166,"FUN_000825c0","Global","unknown",0,"undefined",false,false,false
0x000826b4,0x00082735,130,"FUN_000826b4","Global","unknown",0,"undefined",false,false,false
0x000827f8,0x00082805,14,"FUN_000827f8","Global","unknown",0,"undefined",false,false,false
0x0008280c,0x00082843,56,"FUN_0008280c","Global","unknown",0,"undefined",false,false,false
0x00082844,0x0008287b,56,"FUN_00082844","Global","unknown",0,"undefined",false,false,false
0x0008287c,0x000828b3,56,"FUN_0008287c","Global","unknown",0,"undefined",false,false,false
0x000828b4,0x00082a1f,364,"FUN_000828b4","Global","unknown",0,"undefined",false,false,false
0x00082b54,0x00082b95,66,"FUN_00082b54","Global","unknown",0,"undefined",false,false,false
0x00082b96,0x00082bd3,62,"FUN_00082b96","Global","unknown",0,"undefined",false,false,false
0x00082bd4,0x00082be5,18,"FUN_00082bd4","Global","unknown",0,"undefined",false,false,false
0x00082ee8,0x00082ef3,12,"FUN_00082ee8","Global","unknown",0,"undefined",false,false,false
0x00082ef4,0x00082f45,82,"FUN_00082ef4","Global","unknown",0,"undefined",false,false,false
0x00082f48,0x00082f73,44,"FUN_00082f48","Global","unknown",0,"undefined",false,false,false
0x00082f78,0x00082f93,28,"FUN_00082f78","Global","unknown",0,"undefined",false,false,false
0x00082f9c,0x00083023,136,"FUN_00082f9c","Global","unknown",0,"undefined",false,false,false
0x00083028,0x000830a3,124,"FUN_00083028","Global","unknown",0,"undefined",false,false,false
0x000830a8,0x000830fb,84,"FUN_000830a8","Global","unknown",0,"undefined",false,false,false
0x00083298,0x000832d1,58,"FUN_00083298","Global","unknown",0,"undefined",false,false,false
0x000832d4,0x0008334f,124,"FUN_000832d4","Global","unknown",0,"undefined",false,false,false
0x00083448,0x00083457,16,"FUN_00083448","Global","unknown",0,"undefined",false,false,false
0x0008345c,0x000834c7,108,"FUN_0008345c","Global","unknown",0,"undefined",false,false,false
0x00083510,0x0008359d,142,"FUN_00083510","Global","unknown",0,"undefined",false,false,false
0x0008359e,0x0008362b,142,"FUN_0008359e","Global","unknown",0,"undefined",false,false,false
0x0008362c,0x000836b9,142,"FUN_0008362c","Global","unknown",0,"undefined",false,false,false
0x000836ba,0x00083703,74,"FUN_000836ba","Global","unknown",0,"undefined",false,false,false
0x00083704,0x00083791,142,"FUN_00083704","Global","unknown",0,"undefined",false,false,false
0x00083792,0x0008381f,142,"FUN_00083792","Global","unknown",0,"undefined",false,false,false
0x00083820,0x00083871,82,"FUN_00083820","Global","unknown",0,"undefined",false,false,false
0x00083872,0x00083895,36,"FUN_00083872","Global","unknown",0,"undefined",false,false,false
0x00083896,0x000838b9,36,"FUN_00083896","Global","unknown",0,"undefined",false,false,false
0x000838ba,0x000838dd,36,"FUN_000838ba","Global","unknown",0,"undefined",false,false,false
0x00083930,0x00083971,66,"FUN_00083930","Global","unknown",0,"undefined",false,false,false
0x00083972,0x000839b3,66,"FUN_00083972","Global","unknown",0,"undefined",false,false,false
0x000839da,0x000839fd,36,"FUN_000839da","Global","unknown",0,"undefined",false,false,false
0x00083a00,0x00083ab3,180,"FUN_00083a00","Global","unknown",0,"undefined",false,false,false
0x00083b20,0x00083bc5,166,"FUN_00083b20","Global","unknown",0,"undefined",false,false,false
0x00083c20,0x00083c61,66,"FUN_00083c20","Global","unknown",0,"undefined",false,false,false
0x00083c62,0x00083c85,36,"FUN_00083c62","Global","unknown",0,"undefined",false,false,false
0x00083c86,0x00083ca5,32,"FUN_00083c86","Global","unknown",0,"undefined",false,false,false
0x00083cf4,0x00083cff,12,"FUN_00083cf4","Global","unknown",0,"undefined",false,false,false
0x00083de4,0x00083e25,66,"FUN_00083de4","Global","unknown",0,"undefined",false,false,false
0x00083f24,0x0008404f,300,"FUN_00083f24","Global","unknown",0,"undefined",false,false,false
0x00084130,0x0008414b,28,"FUN_00084130","Global","unknown",0,"undefined",false,false,false
0x000842cc,0x000842e9,30,"FUN_000842cc","Global","unknown",0,"undefined",false,false,false
0x000842ec,0x0008436b,128,"FUN_000842ec","Global","unknown",0,"undefined",false,false,false
0x00084524,0x00084627,260,"FUN_00084524","Global","unknown",0,"undefined",false,false,false
0x00084a10,0x00084ad9,202,"FUN_00084a10","Global","unknown",0,"undefined",false,false,false
0x00084c0c,0x00084c5d,82,"FUN_00084c0c","Global","unknown",0,"undefined",false,false,false
0x00084c5e,0x00084c81,36,"FUN_00084c5e","Global","unknown",0,"undefined",false,false,false
0x00084c82,0x00084c97,22,"FUN_00084c82","Global","unknown",0,"undefined",false,false,false
0x00084c98,0x00084cbb,36,"FUN_00084c98","Global","unknown",0,"undefined",false,false,false
0x00084cd8,0x00084ce5,14,"FUN_00084cd8","Global","unknown",0,"undefined",false,false,false
0x00084cf0,0x00084d5d,110,"FUN_00084cf0","Global","unknown",0,"undefined",false,false,false
0x00084d68,0x00084e47,224,"FUN_00084d68","Global","unknown",0,"undefined",false,false,false
0x00084e58,0x00084e95,62,"FUN_00084e58","Global","unknown",0,"undefined",false,false,false
0x00084ea4,0x00084ec9,38,"FUN_00084ea4","Global","unknown",0,"undefined",false,false,false
0x00084eca,0x00084f35,108,"FUN_00084eca","Global","unknown",0,"undefined",false,false,false
0x00084f36,0x00084f67,50,"FUN_00084f36","Global","unknown",0,"undefined",false,false,false
0x00084f68,0x00084f8f,40,"FUN_00084f68","Global","unknown",0,"undefined",false,false,false
0x00084f98,0x00084fdb,68,"FUN_00084f98","Global","unknown",0,"undefined",false,false,false
0x0008507c,0x00085091,22,"FUN_0008507c","Global","unknown",0,"undefined",false,false,false
0x00085094,0x000850b5,34,"FUN_00085094","Global","unknown",0,"undefined",false,false,false
0x000850b6,0x00085159,164,"FUN_000850b6","Global","unknown",0,"undefined",false,false,false
0x0008515a,0x000851a1,72,"FUN_0008515a","Global","unknown",0,"undefined",false,false,false
0x000851a4,0x000851e9,70,"FUN_000851a4","Global","unknown",0,"undefined",false,false,false
0x000851f4,0x00085227,52,"FUN_000851f4","Global","unknown",0,"undefined",false,false,false
0x0008522c,0x00085247,28,"FUN_0008522c","Global","unknown",0,"undefined",false,false,false
0x00085248,0x0008529f,88,"FUN_00085248","Global","unknown",0,"undefined",false,false,false
0x000852a0,0x000852d9,58,"FUN_000852a0","Global","unknown",0,"undefined",false,false,false
0x000852e0,0x000853cd,228,"FUN_000852e0","Global","unknown",0,"undefined",false,false,false
0x000853d4,0x00085437,100,"FUN_000853d4","Global","unknown",0,"undefined",false,false,false
0x00085440,0x00085467,40,"FUN_00085440","Global","unknown",0,"undefined",false,false,false
0x00085468,0x0008547f,24,"FUN_00085468","Global","unknown",0,"undefined",false,false,false
0x00085484,0x000854c5,66,"FUN_00085484","Global","unknown",0,"undefined",false,false,false
0x000854cc,0x000854df,20,"FUN_000854cc","Global","unknown",0,"undefined",false,false,false
0x000854e0,0x000854f7,24,"FUN_000854e0","Global","unknown",0,"undefined",false,false,false
0x000854fc,0x0008550f,20,"FUN_000854fc","Global","unknown",0,"undefined",false,false,false
0x00085534,0x0008559d,106,"FUN_00085534","Global","unknown",0,"undefined",false,false,false
0x000855a0,0x0008567b,220,"FUN_000855a0","Global","unknown",0,"undefined",false,false,false
0x00085684,0x00085695,18,"FUN_00085684","Global","unknown",0,"undefined",false,false,false
0x0008569c,0x000856bd,34,"FUN_0008569c","Global","unknown",0,"undefined",false,false,false
0x000856c0,0x000856e3,36,"FUN_000856c0","Global","unknown",0,"undefined",false,false,false
0x000856ec,0x00085b99,1154,"FUN_000856ec","Global","unknown",0,"undefined",false,false,false
0x00085ca4,0x00085cb9,22,"FUN_00085ca4","Global","unknown",0,"undefined",false,false,false
0x00085cba,0x00085ccb,18,"FUN_00085cba","Global","unknown",0,"undefined",false,false,false
0x00085ccc,0x00085cdd,18,"FUN_00085ccc","Global","unknown",0,"undefined",false,false,false
0x00085ce0,0x00085d01,34,"FUN_00085ce0","Global","unknown",0,"undefined",false,false,false
0x00085d08,0x00085d19,18,"FUN_00085d08","Global","unknown",0,"undefined",false,false,false
0x00085d1a,0x00085d2b,18,"FUN_00085d1a","Global","unknown",0,"undefined",false,false,false
0x00085d2c,0x00085d45,26,"FUN_00085d2c","Global","unknown",0,"undefined",false,false,false
0x00085d46,0x00085d57,18,"FUN_00085d46","Global","unknown",0,"undefined",false,false,false
0x00085d58,0x00085da1,74,"FUN_00085d58","Global","unknown",0,"undefined",false,false,false
0x00085da8,0x00085dc1,26,"FUN_00085da8","Global","unknown",0,"undefined",false,false,false
0x00086bac,0x00086d35,394,"FUN_00086bac","Global","unknown",0,"undefined",false,false,false
0x00086d40,0x00086e2d,238,"FUN_00086d40","Global","unknown",0,"undefined",false,false,false
0x00086e34,0x00086e45,18,"FUN_00086e34","Global","unknown",0,"undefined",false,false,false
0x00086e48,0x00086e63,28,"FUN_00086e48","Global","unknown",0,"undefined",false,false,false
0x00086e68,0x00086ed5,110,"FUN_00086e68","Global","unknown",0,"undefined",false,false,false
0x00086ee4,0x00086fa5,194,"FUN_00086ee4","Global","unknown",0,"undefined",false,false,false
0x00086fa8,0x00086fef,72,"FUN_00086fa8","Global","unknown",0,"undefined",false,false,false
0x00086ff4,0x000870b1,190,"FUN_00086ff4","Global","unknown",0,"undefined",false,false,false
0x0008714c,0x00087183,56,"FUN_0008714c","Global","unknown",0,"undefined",false,false,false
0x00087188,0x000871bf,56,"FUN_00087188","Global","unknown",0,"undefined",false,false,false
0x000871c4,0x0008724d,138,"FUN_000871c4","Global","unknown",0,"undefined",false,false,false
0x00087250,0x000872df,144,"FUN_00087250","Global","unknown",0,"undefined",false,false,false
0x000872e4,0x000873f1,268,"FUN_000872e4","Global","unknown",0,"undefined",false,false,false
0x000873f4,0x00087421,46,"FUN_000873f4","Global","unknown",0,"undefined",false,false,false
0x0008743c,0x00087453,24,"FUN_0008743c","Global","unknown",0,"undefined",false,false,false
0x00087458,0x00087461,10,"FUN_00087458","Global","unknown",0,"undefined",false,false,false
0x00087468,0x00087471,10,"FUN_00087468","Global","unknown",0,"undefined",false,false,false
0x00087520,0x000875b3,404,"FUN_00087520","Global","unknown",0,"undefined",false,false,false
0x000875c0,0x000875d7,170,"FUN_000875c0","Global","unknown",0,"undefined",false,false,false
0x000875dc,0x000875f9,30,"FUN_000875dc","Global","unknown",0,"undefined",false,false,false
0x00087600,0x00087611,18,"FUN_00087600","Global","unknown",0,"undefined",false,false,false
0x00087618,0x000876c7,176,"FUN_00087618","Global","unknown",0,"undefined",false,false,false
0x000876c8,0x00087a6b,932,"FUN_000876c8","Global","unknown",0,"undefined",false,false,false
0x00087a78,0x00087a91,26,"FUN_00087a78","Global","unknown",0,"undefined",false,false,false
0x00087a94,0x00087aa7,20,"FUN_00087a94","Global","unknown",0,"undefined",false,false,false
0x00087aac,0x00087ac7,28,"FUN_00087aac","Global","unknown",0,"undefined",false,false,false
0x00087ac8,0x00087af3,44,"FUN_00087ac8","Global","unknown",0,"undefined",false,false,false
0x00087af8,0x00087b15,30,"FUN_00087af8","Global","unknown",0,"undefined",false,false,false
0x00087b20,0x00087b2d,14,"FUN_00087b20","Global","unknown",0,"undefined",false,false,false
0x00087b30,0x00087b9d,110,"FUN_00087b30","Global","unknown",0,"undefined",false,false,false
0x00087ba4,0x00087bbb,24,"FUN_00087ba4","Global","unknown",0,"undefined",false,false,false
0x00087bbc,0x00087c21,102,"FUN_00087bbc","Global","unknown",0,"undefined",false,false,false
0x00087c24,0x00087d8b,360,"FUN_00087c24","Global","unknown",0,"undefined",false,false,false
0x00087e14,0x00087e57,68,"FUN_00087e14","Global","unknown",0,"undefined",false,false,false
0x00087e58,0x00087ecf,120,"FUN_00087e58","Global","unknown",0,"undefined",false,false,false
0x00087ed0,0x00087f17,72,"FUN_00087ed0","Global","unknown",0,"undefined",false,false,false
0x00087f20,0x00087fa5,134,"FUN_00087f20","Global","unknown",0,"undefined",false,false,false
0x00087fb0,0x00088047,152,"FUN_00087fb0","Global","unknown",0,"undefined",false,false,false
0x00088050,0x000880a7,88,"FUN_00088050","Global","unknown",0,"undefined",false,false,false
0x000880ac,0x000880d9,46,"FUN_000880ac","Global","unknown",0,"undefined",false,false,false
0x000880e8,0x0008816b,132,"FUN_000880e8","Global","unknown",0,"undefined",false,false,false
0x00088170,0x000881db,108,"FUN_00088170","Global","unknown",0,"undefined",false,false,false
0x000881e4,0x000881f3,16,"FUN_000881e4","Global","unknown",0,"undefined",false,false,false
0x000881f4,0x00088263,112,"FUN_000881f4","Global","unknown",0,"undefined",false,false,false
0x00088264,0x000882ab,72,"FUN_00088264","Global","unknown",0,"undefined",false,false,false
0x000882ec,0x000883ab,192,"FUN_000882ec","Global","unknown",0,"undefined",false,false,false
0x000883b0,0x000883cf,32,"FUN_000883b0","Global","unknown",0,"undefined",false,false,false
0x000883d4,0x000883ed,26,"FUN_000883d4","Global","unknown",0,"undefined",false,false,false
0x000883fc,0x0008841d,34,"FUN_000883fc","Global","unknown",0,"undefined",false,false,false
0x00088450,0x0008889d,1090,"FUN_00088450","Global","unknown",0,"undefined",false,false,false
0x000888a0,0x00088a93,500,"FUN_000888a0","Global","unknown",0,"undefined",false,false,false
0x00088aac,0x00088bc3,280,"FUN_00088aac","Global","unknown",0,"undefined",false,false,false
0x00088bd0,0x00088d7b,426,"FUN_00088bd0","Global","unknown",0,"undefined",false,false,false
0x00088db4,0x00088e5b,168,"FUN_00088db4","Global","unknown",0,"undefined",false,false,false
0x00088e80,0x00089085,518,"FUN_00088e80","Global","unknown",0,"undefined",false,false,false
0x000890cc,0x0008ab4b,354,"FUN_000890cc","Global","unknown",0,"undefined",false,false,false
0x00089148,0x00089173,42,"FUN_00089148","Global","unknown",0,"undefined",false,false,false
0x00089178,0x0008919d,36,"FUN_00089178","Global","unknown",0,"undefined",false,false,false
0x000891a4,0x000891b7,20,"FUN_000891a4","Global","unknown",0,"undefined",false,false,false
0x000891b8,0x000892db,292,"FUN_000891b8","Global","unknown",0,"undefined",false,false,false
0x000892f4,0x0008942d,314,"FUN_000892f4","Global","unknown",0,"undefined",false,false,false
0x000894c0,0x00089535,118,"FUN_000894c0","Global","unknown",0,"undefined",false,false,false
0x00089538,0x0008958d,86,"FUN_00089538","Global","unknown",0,"undefined",false,false,false
0x00089598,0x000895ed,86,"FUN_00089598","Global","unknown",0,"undefined",false,false,false
0x000895f4,0x00089659,102,"FUN_000895f4","Global","unknown",0,"undefined",false,false,false
0x0008965a,0x0008967b,34,"FUN_0008965a","Global","unknown",0,"undefined",false,false,false
0x0008967c,0x0008969d,34,"FUN_0008967c","Global","unknown",0,"undefined",false,false,false
0x000896a0,0x000896c1,34,"FUN_000896a0","Global","unknown",0,"undefined",false,false,false
0x000896c8,0x000896e9,34,"FUN_000896c8","Global","unknown",0,"undefined",false,false,false
0x000896f0,0x000897b7,200,"FUN_000896f0","Global","unknown",0,"undefined",false,false,false
0x000897e8,0x0008984b,100,"FUN_000897e8","Global","unknown",0,"undefined",false,false,false
0x00089890,0x00089a5f,464,"FUN_00089890","Global","unknown",0,"undefined",false,false,false
0x00089b08,0x0008a1a9,562,"FUN_00089b08","Global","unknown",0,"undefined",false,false,false
0x00089d54,0x00089d83,48,"FUN_00089d54","Global","unknown",0,"undefined",false,false,false
0x00089d88,0x00089d93,12,"FUN_00089d88","Global","unknown",0,"undefined",false,false,false
0x00089d9c,0x00089df7,92,"FUN_00089d9c","Global","unknown",0,"undefined",false,false,false
0x00089e50,0x00089e87,56,"FUN_00089e50","Global","unknown",0,"undefined",false,false,false
0x00089e8c,0x00089ec3,56,"FUN_00089e8c","Global","unknown",0,"undefined",false,false,false
0x00089ec8,0x00089ed1,10,"FUN_00089ec8","Global","unknown",0,"undefined",false,false,false
0x00089ed8,0x00089ee5,14,"FUN_00089ed8","Global","unknown",0,"undefined",false,false,false
0x00089eec,0x00089fbd,210,"FUN_00089eec","Global","unknown",0,"undefined",false,false,false
0x0008a03c,0x0008a04d,18,"FUN_0008a03c","Global","unknown",0,"undefined",false,false,false
0x0008a1ac,0x0008a1b7,12,"FUN_0008a1ac","Global","unknown",0,"undefined",false,false,false
0x0008a1c4,0x0008a1cf,12,"FUN_0008a1c4","Global","unknown",0,"undefined",false,false,false
0x0008a1d0,0x0008a1db,12,"FUN_0008a1d0","Global","unknown",0,"undefined",false,false,false
0x0008a1e0,0x0008a30f,422,"FUN_0008a1e0","Global","unknown",0,"undefined",false,false,false
0x0008a310,0x0008a363,84,"FUN_0008a310","Global","unknown",0,"undefined",false,false,false
0x0008a368,0x0008a3bb,84,"FUN_0008a368","Global","unknown",0,"undefined",false,false,false
0x0008a3c0,0x0008a3eb,44,"FUN_0008a3c0","Global","unknown",0,"undefined",false,false,false
0x0008a3f0,0x0008a3fd,14,"FUN_0008a3f0","Global","unknown",0,"undefined",false,false,false
0x0008a404,0x0008a457,84,"FUN_0008a404","Global","unknown",0,"undefined",false,false,false
0x0008a45c,0x0008a539,222,"FUN_0008a45c","Global","unknown",0,"undefined",false,false,false
0x0008a540,0x0008a551,18,"FUN_0008a540","Global","unknown",0,"undefined",false,false,false
0x0008a55c,0x0008a57b,32,"FUN_0008a55c","Global","unknown",0,"undefined",false,false,false
0x0008a584,0x0008a59d,26,"FUN_0008a584","Global","unknown",0,"undefined",false,false,false
0x0008a5c0,0x0008a5cf,16,"FUN_0008a5c0","Global","unknown",0,"undefined",false,false,false
0x0008a5d0,0x0008a5e3,20,"FUN_0008a5d0","Global","unknown",0,"undefined",false,false,false
0x0008a5e4,0x0008a5fb,24,"FUN_0008a5e4","Global","unknown",0,"undefined",false,false,false
0x0008a5fc,0x0008a641,70,"FUN_0008a5fc","Global","unknown",0,"undefined",false,false,false
0x0008a64c,0x0008a717,204,"FUN_0008a64c","Global","unknown",0,"undefined",false,false,false
0x0008a7f0,0x0008a7f3,4,"thunk_FUN_0005a9f8","Global","unknown",0,"undefined",true,false,false
0x0008a7f4,0x0008a809,22,"FUN_0008a7f4","Global","unknown",0,"undefined",false,false,false
0x0008a80a,0x0008a83d,52,"FUN_0008a80a","Global","unknown",0,"undefined",false,false,false
0x0008a83e,0x0008a865,40,"FUN_0008a83e","Global","unknown",0,"undefined",false,false,false
0x0008a928,0x0008a933,12,"FUN_0008a928","Global","unknown",0,"undefined",false,false,false
0x0008aba0,0x0008ac27,134,"FUN_0008aba0","Global","unknown",0,"undefined",false,false,false
0x0008ac28,0x0008acf1,202,"FUN_0008ac28","Global","unknown",0,"undefined",false,false,false
0x0008acfc,0x0008ad01,6,"FUN_0008acfc","Global","unknown",0,"undefined",false,false,false
0x0008ad08,0x0008ad3b,52,"FUN_0008ad08","Global","unknown",0,"undefined",false,false,false
0x0008ad40,0x0008ad5b,28,"FUN_0008ad40","Global","unknown",0,"undefined",false,false,false
0x0008ad64,0x0008ad8f,44,"FUN_0008ad64","Global","unknown",0,"undefined",false,false,false
0x0008ad98,0x0008ad9d,6,"FUN_0008ad98","Global","unknown",0,"undefined",false,false,false
0x0008ada4,0x0008adad,10,"FUN_0008ada4","Global","unknown",0,"undefined",false,false,false
0x0008adb4,0x0008adbb,8,"FUN_0008adb4","Global","unknown",0,"undefined",false,false,false
0x0008ae58,0x0008aea3,76,"FUN_0008ae58","Global","unknown",0,"undefined",false,false,false
0x0008aea4,0x0008aeab,8,"FUN_0008aea4","Global","unknown",0,"undefined",false,false,false
0x0008aeb0,0x0008af37,136,"FUN_0008aeb0","Global","unknown",0,"undefined",false,false,false
0x0008af40,0x0008af89,74,"FUN_0008af40","Global","unknown",0,"undefined",false,false,false
0x0008af8c,0x0008b01d,146,"FUN_0008af8c","Global","unknown",0,"undefined",false,false,false
0x0008b028,0x0008b0f1,202,"FUN_0008b028","Global","unknown",0,"undefined",false,false,false
0x0008b138,0x0008b17f,72,"FUN_0008b138","Global","unknown",0,"undefined",false,false,false
0x0008b184,0x0008b2cb,328,"FUN_0008b184","Global","unknown",0,"undefined",false,false,false
0x0008b378,0x0008e625,1344,"FUN_0008b378","Global","unknown",0,"undefined",false,false,false
0x0008b818,0x0008b82d,22,"FUN_0008b818","Global","unknown",0,"undefined",false,false,false
0x0008b834,0x0008b879,70,"FUN_0008b834","Global","unknown",0,"undefined",false,false,false
0x0008b8e8,0x0008ba7f,400,"FUN_0008b8e8","Global","unknown",0,"undefined",false,false,false
0x0008baec,0x0008be3b,848,"FUN_0008baec","Global","unknown",0,"undefined",false,false,false
0x0008c150,0x0008c499,842,"FUN_0008c150","Global","unknown",0,"undefined",false,false,false
0x0008c750,0x0008ca9b,844,"FUN_0008c750","Global","unknown",0,"undefined",false,false,false
0x0008cd60,0x0008d0ab,844,"FUN_0008cd60","Global","unknown",0,"undefined",false,false,false
0x0008d534,0x0008d537,4,"thunk_FUN_0005ad08","Global","unknown",0,"undefined",true,false,false
0x0008d538,0x0008d5e9,178,"FUN_0008d538","Global","unknown",0,"undefined",false,false,false
0x0008d6ac,0x0008d6d5,42,"FUN_0008d6ac","Global","unknown",0,"undefined",false,false,false
0x0008d6d8,0x0008d78f,184,"FUN_0008d6d8","Global","unknown",0,"undefined",false,false,false
0x0008d858,0x0008d883,44,"FUN_0008d858","Global","unknown",0,"undefined",false,false,false
0x0008d884,0x0008d887,4,"thunk_FUN_0005af44","Global","unknown",0,"undefined",true,false,false
0x0008d888,0x0008d8ed,102,"FUN_0008d888","Global","unknown",0,"undefined",false,false,false
0x0008d8fc,0x0008d9c5,202,"FUN_0008d8fc","Global","unknown",0,"undefined",false,false,false
0x0008da24,0x0008dbfb,472,"FUN_0008da24","Global","unknown",0,"undefined",false,false,false
0x0008dc94,0x0008dd17,132,"FUN_0008dc94","Global","unknown",0,"undefined",false,false,false
0x0008dd8c,0x0008dd8f,4,"thunk_FUN_0005b0f8","Global","unknown",0,"undefined",true,false,false
0x0008dd90,0x0008df41,434,"FUN_0008dd90","Global","unknown",0,"undefined",false,false,false
0x0008e154,0x0008e199,70,"FUN_0008e154","Global","unknown",0,"undefined",false,false,false
0x0008e27c,0x0008e32d,178,"FUN_0008e27c","Global","unknown",0,"undefined",false,false,false
0x0008e524,0x0008e54d,42,"FUN_0008e524","Global","unknown",0,"undefined",false,false,false
0x0008e54e,0x0008e551,4,"thunk_FUN_0005bb14","Global","unknown",0,"undefined",true,false,false
0x0008e558,0x0008e55b,4,"thunk_FUN_0005bcd4","Global","unknown",0,"undefined",true,false,false
0x0008e69c,0x0008e69f,4,"thunk_FUN_0005be64","Global","unknown",0,"undefined",true,false,false
0x0008e6a0,0x0008e703,100,"FUN_0008e6a0","Global","unknown",0,"undefined",false,false,false
0x0008e758,0x0008e79d,70,"FUN_0008e758","Global","unknown",0,"undefined",false,false,false
0x0008e7ac,0x0008e7af,4,"thunk_FUN_00051368","Global","unknown",0,"undefined",true,false,false
0x0008e7b0,0x0008e7c5,22,"FUN_0008e7b0","Global","unknown",0,"undefined",false,false,false
0x0008e7d0,0x0008e82d,94,"FUN_0008e7d0","Global","unknown",0,"undefined",false,false,false
0x0008e880,0x0008e8ff,128,"FUN_0008e880","Global","unknown",0,"undefined",false,false,false
0x0008e9d0,0x0008ea01,50,"FUN_0008e9d0","Global","unknown",0,"undefined",false,false,false
0x0008ea0c,0x0008ec1f,528,"FUN_0008ea0c","Global","unknown",0,"undefined",false,false,false
0x0008ec7c,0x0008ecd1,86,"FUN_0008ec7c","Global","unknown",0,"undefined",false,false,false
0x0008ecd8,0x0008ed0f,56,"FUN_0008ecd8","Global","unknown",0,"undefined",false,false,false
0x0008ed10,0x0008ed25,22,"FUN_0008ed10","Global","unknown",0,"undefined",false,false,false
0x0008ed2c,0x0008ed5b,48,"FUN_0008ed2c","Global","unknown",0,"undefined",false,false,false
0x0008ed5c,0x0008edbf,100,"FUN_0008ed5c","Global","unknown",0,"undefined",false,false,false
0x0008edd8,0x0008ee09,50,"FUN_0008edd8","Global","unknown",0,"undefined",false,false,false
0x0008ee0a,0x0008ee39,42,"FUN_0008ee0a","Global","unknown",0,"undefined",false,false,false
0x0008ee3a,0x0008eeb9,128,"FUN_0008ee3a","Global","unknown",0,"undefined",false,false,false
0x0008eeba,0x0008ef27,110,"FUN_0008eeba","Global","unknown",0,"undefined",false,false,false
0x0008ef28,0x0008f007,218,"FUN_0008ef28","Global","unknown",0,"undefined",false,false,false
0x0008f0f0,0x0008f22f,320,"FUN_0008f0f0","Global","unknown",0,"undefined",false,false,false
0x0008f234,0x0008f327,244,"FUN_0008f234","Global","unknown",0,"undefined",false,false,false
0x0008f3c8,0x0008f495,206,"FUN_0008f3c8","Global","unknown",0,"undefined",false,false,false
0x0008f4b4,0x0008f4e5,50,"FUN_0008f4b4","Global","unknown",0,"undefined",false,false,false
0x0008f4e8,0x0008f66d,390,"FUN_0008f4e8","Global","unknown",0,"undefined",false,false,false
0x0008f674,0x0008f687,20,"FUN_0008f674","Global","unknown",0,"undefined",false,false,false
0x0008f688,0x0008f6e7,96,"FUN_0008f688","Global","unknown",0,"undefined",false,false,false
0x0008f728,0x0008f77f,88,"FUN_0008f728","Global","unknown",0,"undefined",false,false,false
0x0008f780,0x0008f85b,220,"FUN_0008f780","Global","unknown",0,"undefined",false,false,false
0x0008fa3c,0x0008fc03,456,"FUN_0008fa3c","Global","unknown",0,"undefined",false,false,false
0x0008fc6c,0x0008fd61,246,"FUN_0008fc6c","Global","unknown",0,"undefined",false,false,false
0x0008fe14,0x0008fe21,14,"FUN_0008fe14","Global","unknown",0,"undefined",false,false,false
0x0008fe28,0x0008fe8b,100,"FUN_0008fe28","Global","unknown",0,"undefined",false,false,false
0x0008fe98,0x00090041,366,"FUN_0008fe98","Global","unknown",0,"undefined",false,false,false
0x000901e4,0x000902a3,192,"FUN_000901e4","Global","unknown",0,"undefined",false,false,false
0x00090308,0x00090327,32,"FUN_00090308","Global","unknown",0,"undefined",false,false,false
0x00090338,0x000903d9,162,"FUN_00090338","Global","unknown",0,"undefined",false,false,false
0x000903dc,0x00090447,108,"FUN_000903dc","Global","unknown",0,"undefined",false,false,false
0x0009045c,0x00090465,10,"FUN_0009045c","Global","unknown",0,"undefined",false,false,false
0x00090468,0x0009049f,56,"FUN_00090468","Global","unknown",0,"undefined",false,false,false
0x000904ac,0x000904cf,36,"FUN_000904ac","Global","unknown",0,"undefined",false,false,false
0x000904d4,0x00090501,46,"FUN_000904d4","Global","unknown",0,"undefined",false,false,false
0x00090534,0x0009061d,234,"FUN_00090534","Global","unknown",0,"undefined",false,false,false
0x00090638,0x000906b3,124,"FUN_00090638","Global","unknown",0,"undefined",false,false,false
0x000906c8,0x000906ef,40,"FUN_000906c8","Global","unknown",0,"undefined",false,false,false
0x000906f0,0x00090791,162,"FUN_000906f0","Global","unknown",0,"undefined",false,false,false
0x00090814,0x0009084f,60,"FUN_00090814","Global","unknown",0,"undefined",false,false,false
0x00090854,0x000908a3,80,"FUN_00090854","Global","unknown",0,"undefined",false,false,false
0x000908ac,0x000908d9,46,"FUN_000908ac","Global","unknown",0,"undefined",false,false,false
0x000908e0,0x00090a3f,352,"FUN_000908e0","Global","unknown",0,"undefined",false,false,false
0x00090a50,0x00090ac5,118,"FUN_00090a50","Global","unknown",0,"undefined",false,false,false
0x00090acc,0x00090c19,334,"FUN_00090acc","Global","unknown",0,"undefined",false,false,false
0x00090c54,0x00090da1,334,"FUN_00090c54","Global","unknown",0,"undefined",false,false,false
0x00090dd4,0x00090ded,26,"FUN_00090dd4","Global","unknown",0,"undefined",false,false,false
0x00090df0,0x00090e47,88,"FUN_00090df0","Global","unknown",0,"undefined",false,false,false
0x00090e4c,0x00090e65,26,"FUN_00090e4c","Global","unknown",0,"undefined",false,false,false
0x00090e68,0x00090e85,30,"FUN_00090e68","Global","unknown",0,"undefined",false,false,false
0x00090e8c,0x00090ef9,110,"FUN_00090e8c","Global","unknown",0,"undefined",false,false,false
0x00090efc,0x00090f3d,66,"FUN_00090efc","Global","unknown",0,"undefined",false,false,false
0x00090f44,0x00090fa5,98,"FUN_00090f44","Global","unknown",0,"undefined",false,false,false
0x00090fac,0x00090fd1,38,"FUN_00090fac","Global","unknown",0,"undefined",false,false,false
0x00090fec,0x00091077,138,"FUN_00090fec","Global","unknown",0,"undefined",false,false,false
0x00091080,0x00091081,2,"FUN_00091080","Global","unknown",0,"undefined",false,false,false
0x00091084,0x00091109,134,"FUN_00091084","Global","unknown",0,"undefined",false,false,false
0x00091124,0x0009113d,26,"FUN_00091124","Global","unknown",0,"undefined",false,false,false
0x0009113e,0x00091157,26,"FUN_0009113e","Global","unknown",0,"undefined",false,false,false
0x00091158,0x00091171,26,"FUN_00091158","Global","unknown",0,"undefined",false,false,false
0x00091184,0x00091239,182,"FUN_00091184","Global","unknown",0,"undefined",false,false,false
0x00091244,0x00091255,18,"FUN_00091244","Global","unknown",0,"undefined",false,false,false
0x00091256,0x00091263,14,"FUN_00091256","Global","unknown",0,"undefined",false,false,false
0x00091264,0x0009126b,8,"FUN_00091264","Global","unknown",0,"undefined",false,false,false
0x00091270,0x0009128b,28,"FUN_00091270","Global","unknown",0,"undefined",false,false,false
0x00091290,0x000912a3,20,"FUN_00091290","Global","unknown",0,"undefined",false,false,false
0x000913c8,0x000913d7,16,"FUN_000913c8","Global","unknown",0,"undefined",false,false,false
0x000913dc,0x000913f7,28,"FUN_000913dc","Global","unknown",0,"undefined",false,false,false
0x000913fc,0x00091439,62,"FUN_000913fc","Global","unknown",0,"undefined",false,false,false
0x0009143c,0x0009144f,20,"FUN_0009143c","Global","unknown",0,"undefined",false,false,false
0x00091460,0x0009148f,48,"FUN_00091460","Global","unknown",0,"undefined",false,false,false
0x000914ec,0x000914f1,6,"FUN_000914ec","Global","unknown",0,"undefined",false,false,false
0x000915a8,0x00091633,140,"FUN_000915a8","Global","unknown",0,"undefined",false,false,false
0x00091638,0x000916c1,138,"FUN_00091638","Global","unknown",0,"undefined",false,false,false
0x000916c8,0x00091779,178,"FUN_000916c8","Global","unknown",0,"undefined",false,false,false
0x00091780,0x000917f5,118,"FUN_00091780","Global","unknown",0,"undefined",false,false,false
0x00091864,0x00091869,6,"FUN_00091864","Global","unknown",0,"undefined",false,false,false
0x00091870,0x0009188f,32,"FUN_00091870","Global","unknown",0,"undefined",false,false,false
0x00091890,0x000918dd,78,"FUN_00091890","Global","unknown",0,"undefined",false,false,false
0x000918de,0x000918f7,26,"FUN_000918de","Global","unknown",0,"undefined",false,false,false
0x00091954,0x0009196d,26,"FUN_00091954","Global","unknown",0,"undefined",false,false,false
0x0009196e,0x000919b9,76,"FUN_0009196e","Global","unknown",0,"undefined",false,false,false
0x000919ba,0x00091a0d,84,"FUN_000919ba","Global","unknown",0,"undefined",false,false,false
0x00091a0e,0x00091a55,72,"FUN_00091a0e","Global","unknown",0,"undefined",false,false,false
0x00091a56,0x00091a5d,8,"FUN_00091a56","Global","unknown",0,"undefined",false,false,false
0x00091a60,0x00091b03,164,"FUN_00091a60","Global","unknown",0,"undefined",false,false,false
0x00091b08,0x00091c41,314,"FUN_00091b08","Global","unknown",0,"undefined",false,false,false
0x00091c48,0x0009371b,46,"FUN_00091c48","Global","unknown",0,"undefined",false,false,false
0x00091c56,0x00091c7f,42,"FUN_00091c56","Global","unknown",0,"undefined",false,false,false
0x00091c80,0x00091ccb,76,"FUN_00091c80","Global","unknown",0,"undefined",false,false,false
0x00091ccc,0x00091d2d,98,"FUN_00091ccc","Global","unknown",0,"undefined",false,false,false
0x00091d30,0x00091d95,102,"FUN_00091d30","Global","unknown",0,"undefined",false,false,false
0x00091d9c,0x00091dbd,34,"FUN_00091d9c","Global","unknown",0,"undefined",false,false,false
0x00091dbe,0x00091e01,68,"FUN_00091dbe","Global","unknown",0,"undefined",false,false,false
0x00091e02,0x00091e6b,106,"FUN_00091e02","Global","unknown",0,"undefined",false,false,false
0x00091e6c,0x00091eb9,78,"FUN_00091e6c","Global","unknown",0,"undefined",false,false,false
0x00091eba,0x00091edb,34,"FUN_00091eba","Global","unknown",0,"undefined",false,false,false
0x00091edc,0x00091f4d,114,"FUN_00091edc","Global","unknown",0,"undefined",false,false,false
0x00092390,0x0009239f,16,"FUN_00092390","Global","unknown",0,"undefined",false,false,false
0x000923a4,0x000923af,12,"FUN_000923a4","Global","unknown",0,"undefined",false,false,false
0x000923b4,0x0009240f,92,"FUN_000923b4","Global","unknown",0,"undefined",false,false,false
0x00092440,0x0009248f,80,"FUN_00092440","Global","unknown",0,"undefined",false,false,false
0x000924c0,0x000924f1,50,"FUN_000924c0","Global","unknown",0,"undefined",false,false,false
0x000928ca,0x000928cb,2,"thunk_FUN_000928da","Global","unknown",0,"undefined",true,false,false
0x000928da,0x000928df,20,"FUN_000928da","Global","unknown",0,"undefined",false,false,false
0x000928e0,0x000928f9,26,"FUN_000928e0","Global","unknown",0,"undefined",false,false,false
0x00092900,0x0009291d,30,"FUN_00092900","Global","unknown",0,"undefined",false,false,false
0x00092988,0x000929b5,46,"FUN_00092988","Global","unknown",0,"undefined",false,false,false
0x000929b6,0x000929d5,32,"FUN_000929b6","Global","unknown",0,"undefined",false,false,false
0x000929d6,0x00092a03,46,"FUN_000929d6","Global","unknown",0,"undefined",false,false,false
0x00092a04,0x00092b53,336,"FUN_00092a04","Global","unknown",0,"undefined",false,false,false
0x00092b58,0x00092b59,2,"thunk_FUN_00092b60","Global","unknown",0,"undefined",true,false,false
0x00092b60,0x00092b65,12,"FUN_00092b60","Global","unknown",0,"undefined",false,false,false
0x00092b68,0x00092b93,44,"FUN_00092b68","Global","unknown",0,"undefined",false,false,false
0x00092b98,0x00092c57,192,"FUN_00092b98","Global","unknown",0,"undefined",false,false,false
0x00092c70,0x00092cb1,66,"FUN_00092c70","Global","unknown",0,"undefined",false,false,false
0x00092cbc,0x0009337f,1422,"FUN_00092cbc","Global","unknown",0,"undefined",false,false,false
0x00093388,0x0009338b,4,"thunk_FUN_00067460","Global","unknown",0,"undefined",true,false,false
0x0009338c,0x000933af,36,"FUN_0009338c","Global","unknown",0,"undefined",false,false,false
0x000933dc,0x000933f7,28,"FUN_000933dc","Global","unknown",0,"undefined",false,false,false
0x00093404,0x0009340f,12,"FUN_00093404","Global","unknown",0,"undefined",false,false,false
0x00093414,0x0009341d,10,"FUN_00093414","Global","unknown",0,"undefined",false,false,false
0x00093424,0x000934d7,180,"FUN_00093424","Global","unknown",0,"undefined",false,false,false
0x000934e4,0x00093501,30,"FUN_000934e4","Global","unknown",0,"undefined",false,false,false
0x00093504,0x0009350d,10,"FUN_00093504","Global","unknown",0,"undefined",false,false,false
0x00093514,0x000935a9,150,"FUN_00093514","Global","unknown",0,"undefined",false,false,false
0x00093628,0x000936f7,208,"FUN_00093628","Global","unknown",0,"undefined",false,false,false
0x0009371c,0x00093743,40,"FUN_0009371c","Global","unknown",0,"undefined",false,false,false
0x00093744,0x00093801,190,"FUN_00093744","Global","unknown",0,"undefined",false,false,false
0x00093828,0x00093879,82,"FUN_00093828","Global","unknown",0,"undefined",false,false,false
0x000938bc,0x0009395f,164,"FUN_000938bc","Global","unknown",0,"undefined",false,false,false
0x00093960,0x0009399b,60,"FUN_00093960","Global","unknown",0,"undefined",false,false,false
0x00093dcc,0x00093e09,62,"FUN_00093dcc","Global","unknown",0,"undefined",false,false,false
0x00093e14,0x00093e39,38,"FUN_00093e14","Global","unknown",0,"undefined",false,false,false
0x00093e3a,0x00093e5d,36,"FUN_00093e3a","Global","unknown",0,"undefined",false,false,false
0x00093e5e,0x00093ea1,68,"FUN_00093e5e","Global","unknown",0,"undefined",false,false,false
0x00093ea2,0x00093eab,10,"FUN_00093ea2","Global","unknown",0,"undefined",false,false,false
0x00093eac,0x00093eb7,12,"FUN_00093eac","Global","unknown",0,"undefined",false,false,false
0x00093eb8,0x00093ec3,12,"FUN_00093eb8","Global","unknown",0,"undefined",false,false,false
0x00093ec4,0x00093ed9,22,"FUN_00093ec4","Global","unknown",0,"undefined",false,false,false
0x00093ef8,0x00093fa7,174,"FUN_00093ef8","Global","unknown",0,"undefined",false,false,false
0x00093fac,0x00094059,174,"FUN_00093fac","Global","unknown",0,"undefined",false,false,false
0x00094070,0x00094139,202,"FUN_00094070","Global","unknown",0,"undefined",false,false,false
0x0009413c,0x00094249,270,"FUN_0009413c","Global","unknown",0,"undefined",false,false,false
0x00094250,0x0009426f,32,"FUN_00094250","Global","unknown",0,"undefined",false,false,false
0x00094270,0x000942fd,142,"FUN_00094270","Global","unknown",0,"undefined",false,false,false
0x00094300,0x00094379,122,"FUN_00094300","Global","unknown",0,"undefined",false,false,false
0x00094384,0x000944e1,350,"FUN_00094384","Global","unknown",0,"undefined",false,false,false
0x00094590,0x00094693,260,"FUN_00094590","Global","unknown",0,"undefined",false,false,false
0x00094698,0x000947dd,326,"FUN_00094698","Global","unknown",0,"undefined",false,false,false
0x000947de,0x000948d5,248,"FUN_000947de","Global","unknown",0,"undefined",false,false,false
0x000948d8,0x00094933,92,"FUN_000948d8","Global","unknown",0,"undefined",false,false,false
0x00094938,0x000949a5,110,"FUN_00094938","Global","unknown",0,"undefined",false,false,false
0x000949a8,0x00094a43,156,"FUN_000949a8","Global","unknown",0,"undefined",false,false,false
0x00094a4c,0x00094a5d,18,"FUN_00094a4c","Global","unknown",0,"undefined",false,false,false
0x00094a60,0x00094aab,76,"FUN_00094a60","Global","unknown",0,"undefined",false,false,false
0x00094ab0,0x00094ad1,34,"FUN_00094ab0","Global","unknown",0,"undefined",false,false,false
0x00094ae0,0x00094c71,400,"FUN_00094ae0","Global","unknown",0,"undefined",false,false,false
0x00094c74,0x00094d55,226,"FUN_00094c74","Global","unknown",0,"undefined",false,false,false
0x00094dd8,0x00094def,24,"FUN_00094dd8","Global","unknown",0,"undefined",false,false,false
0x00094e30,0x00094e37,8,"FUN_00094e30","Global","unknown",0,"undefined",false,false,false
0x00095114,0x00095137,36,"FUN_00095114","Global","unknown",0,"undefined",false,false,false
0x00095168,0x0009525f,248,"FUN_00095168","Global","unknown",0,"undefined",false,false,false
0x00095540,0x0009556f,48,"FUN_00095540","Global","unknown",0,"undefined",false,false,false
0x00095570,0x0009560d,158,"FUN_00095570","Global","unknown",0,"undefined",false,false,false
0x0009560e,0x00095633,38,"FUN_0009560e","Global","unknown",0,"undefined",false,false,false
0x0009566c,0x00095671,6,"FUN_0009566c","Global","unknown",0,"undefined",false,false,false
0x00095678,0x00095725,174,"FUN_00095678","Global","unknown",0,"undefined",false,false,false
0x00095738,0x0009574b,20,"FUN_00095738","Global","unknown",0,"undefined",false,false,false
0x00095750,0x00095815,198,"FUN_00095750","Global","unknown",0,"undefined",false,false,false
0x00095828,0x00095ac9,674,"FUN_00095828","Global","unknown",0,"undefined",false,false,false
0x00095b04,0x00095b19,22,"FUN_00095b04","Global","unknown",0,"undefined",false,false,false
0x00095bb8,0x00095bc9,18,"FUN_00095bb8","Global","unknown",0,"undefined",false,false,false
0x00095bd0,0x00095be1,18,"FUN_00095bd0","Global","unknown",0,"undefined",false,false,false
0x00095be8,0x00095beb,4,"thunk_FUN_000500fc","Global","unknown",0,"undefined",true,false,false
0x00095bec,0x00095bf9,14,"FUN_00095bec","Global","unknown",0,"undefined",false,false,false
0x00095bfc,0x00095c43,72,"FUN_00095bfc","Global","unknown",0,"undefined",false,false,false
0x00095c90,0x00095ca5,22,"FUN_00095c90","Global","unknown",0,"undefined",false,false,false
0x00095ca6,0x00095cab,6,"FUN_00095ca6","Global","unknown",0,"undefined",false,false,false
0x00095cac,0x00095cdb,48,"FUN_00095cac","Global","unknown",0,"undefined",false,false,false
0x00095cdc,0x00095cf3,24,"FUN_00095cdc","Global","unknown",0,"undefined",false,false,false
0x00095cf4,0x00095d1b,40,"FUN_00095cf4","Global","unknown",0,"undefined",false,false,false
0x00095d24,0x00095d43,32,"FUN_00095d24","Global","unknown",0,"undefined",false,false,false
0x00095d48,0x00095d9f,88,"FUN_00095d48","Global","unknown",0,"undefined",false,false,false
0x00095da4,0x00095dd9,54,"FUN_00095da4","Global","unknown",0,"undefined",false,false,false
0x00095de4,0x00095f01,286,"FUN_00095de4","Global","unknown",0,"undefined",false,false,false
0x00095f18,0x00095f65,78,"FUN_00095f18","Global","unknown",0,"undefined",false,false,false
0x00095f70,0x00095f8d,30,"FUN_00095f70","Global","unknown",0,"undefined",false,false,false
0x00095f8e,0x00095fd1,68,"FUN_00095f8e","Global","unknown",0,"undefined",false,false,false
0x00095fd4,0x00096015,66,"FUN_00095fd4","Global","unknown",0,"undefined",false,false,false
0x00096020,0x000960a7,136,"FUN_00096020","Global","unknown",0,"undefined",false,false,false
0x000960b4,0x0009612d,122,"FUN_000960b4","Global","unknown",0,"undefined",false,false,false
0x00096138,0x0009613b,4,"FUN_00096138","Global","unknown",0,"undefined",false,false,false
0x0009613c,0x00096159,30,"FUN_0009613c","Global","unknown",0,"undefined",false,false,false
0x00096160,0x0009616b,12,"FUN_00096160","Global","unknown",0,"undefined",false,false,false
0x00096170,0x00096177,8,"FUN_00096170","Global","unknown",0,"undefined",false,false,false
0x00096188,0x000961b1,42,"FUN_00096188","Global","unknown",0,"undefined",false,false,false
0x000961b8,0x00096201,74,"FUN_000961b8","Global","unknown",0,"undefined",false,false,false
0x00096208,0x00096265,94,"FUN_00096208","Global","unknown",0,"undefined",false,false,false
0x0009626c,0x0009630b,160,"FUN_0009626c","Global","unknown",0,"undefined",false,false,false
0x00096314,0x000963d9,198,"FUN_00096314","Global","unknown",0,"undefined",false,false,false
0x000963e8,0x000964a5,190,"FUN_000963e8","Global","unknown",0,"undefined",false,false,false
0x000964b0,0x000964b7,8,"FUN_000964b0","Global","unknown",0,"undefined",false,false,false
0x000964bc,0x000964c3,8,"FUN_000964bc","Global","unknown",0,"undefined",false,false,false
0x000964c8,0x0009652b,100,"FUN_000964c8","Global","unknown",0,"undefined",false,false,false
0x0009653c,0x00096595,90,"FUN_0009653c","Global","unknown",0,"undefined",false,false,false
0x0009659c,0x000965a5,10,"FUN_0009659c","Global","unknown",0,"undefined",false,false,false
0x000965ac,0x0009662b,128,"FUN_000965ac","Global","unknown",0,"undefined",false,false,false
0x00096634,0x0009678d,344,"FUN_00096634","Global","unknown",0,"undefined",false,false,false
0x000967a0,0x000967c3,36,"FUN_000967a0","Global","unknown",0,"undefined",false,false,false
0x000967c8,0x00096813,76,"FUN_000967c8","Global","unknown",0,"undefined",false,false,false
0x00096820,0x0009688d,110,"FUN_00096820","Global","unknown",0,"undefined",false,false,false
0x000968a8,0x000968c1,26,"FUN_000968a8","Global","unknown",0,"undefined",false,false,false
0x000968c4,0x000969e5,290,"FUN_000968c4","Global","unknown",0,"undefined",false,false,false
0x000969ec,0x000969fb,16,"FUN_000969ec","Global","unknown",0,"undefined",false,false,false
0x00096a20,0x00096a3f,32,"FUN_00096a20","Global","unknown",0,"undefined",false,false,false
0x00096a40,0x00096a47,8,"FUN_00096a40","Global","unknown",0,"undefined",false,false,false
0x00096a48,0x00096a4d,6,"FUN_00096a48","Global","unknown",0,"undefined",false,false,false
0x00096a54,0x00096a59,6,"FUN_00096a54","Global","unknown",0,"undefined",false,false,false
0x00096ad0,0x00096c61,402,"FUN_00096ad0","Global","unknown",0,"undefined",false,false,false
0x00096cc8,0x00096db3,374,"FUN_00096cc8","Global","unknown",0,"undefined",false,false,false
0x00096e0c,0x00096e6d,98,"FUN_00096e0c","Global","unknown",0,"undefined",false,false,false
0x00096e74,0x00096f8d,282,"FUN_00096e74","Global","unknown",0,"undefined",false,false,false
0x00096fb0,0x00096fd5,38,"FUN_00096fb0","Global","unknown",0,"undefined",false,false,false
0x00096fe0,0x00097029,74,"FUN_00096fe0","Global","unknown",0,"undefined",false,false,false
0x00097030,0x00097157,296,"FUN_00097030","Global","unknown",0,"undefined",false,false,false
0x00097214,0x000972a3,144,"FUN_00097214","Global","unknown",0,"undefined",false,false,false
0x000972b4,0x000972e7,52,"FUN_000972b4","Global","unknown",0,"undefined",false,false,false
0x000972e8,0x00097311,42,"FUN_000972e8","Global","unknown",0,"undefined",false,false,false
0x00097318,0x00097333,28,"FUN_00097318","Global","unknown",0,"undefined",false,false,false
0x00097334,0x00097359,38,"FUN_00097334","Global","unknown",0,"undefined",false,false,false
0x00097454,0x0009753f,228,"FUN_00097454","Global","unknown",0,"undefined",false,false,false
0x0009754c,0x00097569,30,"FUN_0009754c","Global","unknown",0,"undefined",false,false,false
0x0009756a,0x000975c3,90,"FUN_0009756a","Global","unknown",0,"undefined",false,false,false
0x000975c4,0x000975d7,20,"FUN_000975c4","Global","unknown",0,"undefined",false,false,false
0x000975dc,0x00097635,90,"FUN_000975dc","Global","unknown",0,"undefined",false,false,false
0x0009763c,0x000976b7,124,"FUN_0009763c","Global","unknown",0,"undefined",false,false,false
0x000976b8,0x0009772f,120,"FUN_000976b8","Global","unknown",0,"undefined",false,false,false
0x00097730,0x00097741,18,"FUN_00097730","Global","unknown",0,"undefined",false,false,false
0x00097748,0x00097755,14,"FUN_00097748","Global","unknown",0,"undefined",false,false,false
0x0009775c,0x00097795,58,"FUN_0009775c","Global","unknown",0,"undefined",false,false,false
0x0009779c,0x000977b7,28,"FUN_0009779c","Global","unknown",0,"undefined",false,false,false
0x000977b8,0x000977dd,38,"FUN_000977b8","Global","unknown",0,"undefined",false,false,false
0x000977de,0x000977f1,20,"FUN_000977de","Global","unknown",0,"undefined",false,false,false
0x000977f4,0x0009787b,134,"FUN_000977f4","Global","unknown",0,"undefined",false,false,false
0x0009787c,0x00098db9,46,"FUN_0009787c","Global","unknown",0,"undefined",false,false,false
0x0009788c,0x0009797f,244,"FUN_0009788c","Global","unknown",0,"undefined",false,false,false
0x00097984,0x000979d9,86,"FUN_00097984","Global","unknown",0,"undefined",false,false,false
0x000979dc,0x00097a79,158,"FUN_000979dc","Global","unknown",0,"undefined",false,false,false
0x00097a88,0x00097aaf,40,"FUN_00097a88","Global","unknown",0,"undefined",false,false,false
0x00097ab0,0x00097add,46,"FUN_00097ab0","Global","unknown",0,"undefined",false,false,false
0x00097ade,0x00097af3,22,"FUN_00097ade","Global","unknown",0,"undefined",false,false,false
0x00097af4,0x00097b0d,26,"FUN_00097af4","Global","unknown",0,"undefined",false,false,false
0x00097b0e,0x00097b61,84,"FUN_00097b0e","Global","unknown",0,"undefined",false,false,false
0x00097b62,0x00097ba3,66,"FUN_00097b62","Global","unknown",0,"undefined",false,false,false
0x00097ba4,0x00097c4b,168,"FUN_00097ba4","Global","unknown",0,"undefined",false,false,false
0x00097c50,0x00097d9d,334,"FUN_00097c50","Global","unknown",0,"undefined",false,false,false
0x00097da4,0x00097e6b,200,"FUN_00097da4","Global","unknown",0,"undefined",false,false,false
0x00097e6c,0x00097f13,168,"FUN_00097e6c","Global","unknown",0,"undefined",false,false,false
0x00097f14,0x00097f4f,60,"FUN_00097f14","Global","unknown",0,"undefined",false,false,false
0x00097f50,0x00098077,296,"FUN_00097f50","Global","unknown",0,"undefined",false,false,false
0x0009807c,0x0009811f,164,"FUN_0009807c","Global","unknown",0,"undefined",false,false,false
0x00098120,0x0009827f,352,"FUN_00098120","Global","unknown",0,"undefined",false,false,false
0x00098284,0x000982c1,62,"FUN_00098284","Global","unknown",0,"undefined",false,false,false
0x000982c2,0x0009833f,246,"FUN_000982c2","Global","unknown",0,"undefined",false,false,false
0x00098340,0x000983b1,114,"FUN_00098340","Global","unknown",0,"undefined",false,false,false
0x000983b8,0x00098417,96,"FUN_000983b8","Global","unknown",0,"undefined",false,false,false
0x00098418,0x00098481,106,"FUN_00098418","Global","unknown",0,"undefined",false,false,false
0x00098484,0x0009859f,278,"FUN_00098484","Global","unknown",0,"undefined",false,false,false
0x000985ac,0x000986f1,320,"FUN_000985ac","Global","unknown",0,"undefined",false,false,false
0x00098700,0x00098793,148,"FUN_00098700","Global","unknown",0,"undefined",false,false,false
0x0009879c,0x000987a1,6,"FUN_0009879c","Global","unknown",0,"undefined",false,false,false
0x000987a8,0x000987bd,22,"FUN_000987a8","Global","unknown",0,"undefined",false,false,false
0x000987c4,0x000987c9,6,"FUN_000987c4","Global","unknown",0,"undefined",false,false,false
0x000987e0,0x00098905,294,"FUN_000987e0","Global","unknown",0,"undefined",false,false,false
0x00098910,0x000989a3,148,"FUN_00098910","Global","unknown",0,"undefined",false,false,false
0x000989ac,0x00098a41,150,"FUN_000989ac","Global","unknown",0,"undefined",false,false,false
0x00098a4c,0x00098b17,204,"FUN_00098a4c","Global","unknown",0,"undefined",false,false,false
0x00098b24,0x00098c37,276,"FUN_00098b24","Global","unknown",0,"undefined",false,false,false
0x00098c48,0x00098c7b,52,"FUN_00098c48","Global","unknown",0,"undefined",false,false,false
0x00098c7c,0x00098ca7,44,"FUN_00098c7c","Global","unknown",0,"undefined",false,false,false
0x00098ca8,0x00098cf1,74,"FUN_00098ca8","Global","unknown",0,"undefined",false,false,false
0x00098d04,0x00098d63,96,"FUN_00098d04","Global","unknown",0,"undefined",false,false,false
0x00098d68,0x00098d95,46,"FUN_00098d68","Global","unknown",0,"undefined",false,false,false
0x00098dc0,0x00098e21,98,"FUN_00098dc0","Global","unknown",0,"undefined",false,false,false
0x00098e22,0x00098e37,22,"FUN_00098e22","Global","unknown",0,"undefined",false,false,false
0x00098e38,0x00098e4b,20,"FUN_00098e38","Global","unknown",0,"undefined",false,false,false
0x00098e4c,0x00098ec9,126,"FUN_00098e4c","Global","unknown",0,"undefined",false,false,false
0x00098eca,0x00098ed9,16,"FUN_00098eca","Global","unknown",0,"undefined",false,false,false
0x00098edc,0x00098f7f,164,"FUN_00098edc","Global","unknown",0,"undefined",false,false,false
0x00098ffc,0x0009900f,20,"FUN_00098ffc","Global","unknown",0,"undefined",false,false,false
0x00099010,0x00099013,4,"thunk_FUN_00043b30","Global","unknown",0,"undefined",true,false,false
0x00099340,0x00099345,6,"FUN_00099340","Global","unknown",0,"undefined",false,false,false
0x00099cb0,0x00099cb5,6,"FUN_00099cb0","Global","unknown",0,"undefined",false,false,false
0x00099cc0,0x00099cc5,6,"FUN_00099cc0","Global","unknown",0,"undefined",false,false,false
0x00099cd0,0x00099cd5,6,"FUN_00099cd0","Global","unknown",0,"undefined",false,false,false
0x00099ce0,0x00099ce5,6,"FUN_00099ce0","Global","unknown",0,"undefined",false,false,false
0x00099cf0,0x00099cf5,6,"FUN_00099cf0","Global","unknown",0,"undefined",false,false,false
0x00099d00,0x00099d05,6,"FUN_00099d00","Global","unknown",0,"undefined",false,false,false
0x00099d10,0x00099d15,6,"FUN_00099d10","Global","unknown",0,"undefined",false,false,false
0x0009a5f0,0x0009a5f5,6,"FUN_0009a5f0","Global","unknown",0,"undefined",false,false,false
0x0009a610,0x0009a615,6,"FUN_0009a610","Global","unknown",0,"undefined",false,false,false
0x0009a670,0x0009a675,6,"FUN_0009a670","Global","unknown",0,"undefined",false,false,false
0x0009a6a0,0x0009a6a5,6,"FUN_0009a6a0","Global","unknown",0,"undefined",false,false,false
0x0009a710,0x0009a715,6,"FUN_0009a710","Global","unknown",0,"undefined",false,false,false
0x0009bb10,0x0009bb15,6,"FUN_0009bb10","Global","unknown",0,"undefined",false,false,false
0x0009c9e0,0x0009c9e5,6,"FUN_0009c9e0","Global","unknown",0,"undefined",false,false,false
